Frame,Timestamp,Translation_X,Translation_Y,Translation_Z,Rotation_X,Rotation_Y,Rotation_Z,Pose_Confidence,Tracking_State,Spatial_Memory,Odometry,Tracking_Fusion
0,1761213115363,0.0,0.0,0.0,0.0,0.0,0.0,,,cuVSLAM,,
1,1761213115430,-2.2851545363664627,0.006528574431285961,4.039628431200981,-0.0014459172103319312,0.003652147909587806,0.006008034992883746,,,cuVSLAM,,
2,1761213115447,-2.79312115162611,0.07676037057535723,5.080891773104668,-0.0018736015821790928,0.004746804937013312,0.004365068064802199,,,cuVSLAM,,
3,1761213115463,-3.3750757575035095,0.030818675440968946,6.458543706685305,-0.002440846273551134,0.006188377283321851,0.00280808057847607,,,cuVSLAM,,
4,1761213115480,-3.87525069527328,0.3351754567120224,7.639549672603607,-0.0034932327303634028,0.00757004168369016,0.0011664396264383637,,,cuVSLAM,,
5,1761213115497,-4.355879500508308,0.5572461523115635,8.693373762071133,-0.005009128668189401,0.008881543323731148,-0.0008624353508080303,,,cuVSLAM,,
6,1761213115513,-4.8654587008059025,0.9919190779328346,9.782626293599606,-0.006950873012338435,0.010174689844097815,-0.00394464158077347,,,cuVSLAM,,
7,1761213115530,-5.387582816183567,1.188080059364438,10.862179100513458,-0.009004091489966818,0.011240349677834183,-0.007752940296935441,,,cuVSLAM,,
8,1761213115547,-5.842598620802164,1.6207315493375063,12.027931399643421,-0.011154433148906661,0.012203948449190411,-0.011755365183982042,,,cuVSLAM,,
9,1761213115563,-6.393962074071169,1.9068606197834015,13.081640005111694,-0.013459779016370996,0.013031346851898298,-0.014695384748031847,,,cuVSLAM,,
10,1761213115580,-6.845396943390369,2.193095628172159,14.111105352640152,-0.0160321618837249,0.013896316336480936,-0.017332982883685892,,,cuVSLAM,,
11,1761213115597,-7.238509599119425,2.5766585022211075,15.18925093114376,-0.018864992219634582,0.01487242255239007,-0.021277392458004397,,,cuVSLAM,,
12,1761213115613,-7.65240378677845,2.7361013926565647,16.335375607013702,-0.021807728828042237,0.01591097593130368,-0.02622157158336758,,,cuVSLAM,,
13,1761213115630,-8.072242140769958,2.870408585295081,17.55962148308754,-0.024600758197015495,0.016861169923184316,-0.030485366916663544,,,cuVSLAM,,
14,1761213115647,-8.526475168764591,2.880841726437211,18.988044932484627,-0.02712288472635906,0.01769804337279392,-0.0336920529840111,,,cuVSLAM,,
15,1761213115663,-8.924863301217556,2.762029180303216,20.36764845252037,-0.029438921132328887,0.018265863423052767,-0.03672602744406786,,,cuVSLAM,,
16,1761213115680,-9.376459755003452,2.5187963619828224,21.821748465299606,-0.0316099057567891,0.01873013409155844,-0.039775166440468496,,,cuVSLAM,,
17,1761213115697,-9.832313284277916,2.2732301149517298,23.487718775868416,-0.03375932016952112,0.019208898419839894,-0.04368857013525968,,,cuVSLAM,,
18,1761213115713,-10.389314033091068,1.6390358796343207,25.166742503643036,-0.03570167917782661,0.019454170913481887,-0.048124207431198086,,,cuVSLAM,,
19,1761213115730,-10.900698602199554,1.0186476865783334,27.028916403651237,-0.037384827888214345,0.019613551485896177,-0.0516066242729202,,,cuVSLAM,,
20,1761213115747,-11.600482277572155,0.33563270699232817,28.777645900845528,-0.03882772483498783,0.019572671247522676,-0.052698493881956736,,,cuVSLAM,,
21,1761213115763,-12.323509901762009,-0.4422377678565681,30.940279364585876,-0.040141728890827906,0.01972671360505889,-0.052054722752106104,,,cuVSLAM,,
22,1761213115780,-13.034439645707607,-1.1517980601638556,33.02660584449768,-0.04145265733049692,0.019784918840278852,-0.05019712636900599,,,cuVSLAM,,
23,1761213115797,-13.72961513698101,-1.8382873386144638,35.14775633811951,-0.04284094289080757,0.019762308851382727,-0.04876715697774047,,,cuVSLAM,,
24,1761213115813,-14.662694185972214,-2.694122027605772,37.33542561531067,-0.04422244005228719,0.019434713710247846,-0.049249225407200566,,,cuVSLAM,,
25,1761213115830,-15.647154301404953,-3.8254077080637217,39.666324853897095,-0.045450749532299786,0.018869930753558795,-0.05092265276055816,,,cuVSLAM,,
26,1761213115847,-16.7238786816597,-4.775998182594776,41.95404052734375,-0.046600244895618384,0.01810989832615315,-0.05313745507891018,,,cuVSLAM,,
27,1761213115863,-17.88630522787571,-5.7648709043860435,44.45530101656914,-0.047817709238343845,0.01746079941351237,-0.054887816149742384,,,cuVSLAM,,
28,1761213115880,-19.17605847120285,-6.846139207482338,46.9164177775383,-0.04906112729705166,0.016770498707292473,-0.055346520025480996,,,cuVSLAM,,
29,1761213115897,-20.521143451333046,-7.859543897211552,49.33717101812363,-0.05031569014590073,0.01603193729270846,-0.05455935262577011,,,cuVSLAM,,
30,1761213115914,-21.89958654344082,-8.959848433732986,52.04087495803833,-0.05138229279706459,0.015373336713412204,-0.053437907427697905,,,cuVSLAM,,
31,1761213115930,-23.48901331424713,-10.154375806450844,54.68778684735298,-0.05232976970092497,0.014601246740790429,-0.053148542648424134,,,cuVSLAM,,
32,1761213115947,-25.02567134797573,-11.406744830310345,57.3563352227211,-0.053158142410752396,0.013791377079994073,-0.05437720240014908,,,cuVSLAM,,
33,1761213115963,-26.6766007989645,-12.888353317975998,59.88892540335655,-0.053948301432348675,0.012766785155226357,-0.05664868941980484,,,cuVSLAM,,
34,1761213115980,-28.389113023877144,-14.179006218910217,62.32874095439911,-0.0547760019159501,0.01152907427243187,-0.06009997922755523,,,cuVSLAM,,
35,1761213115997,-30.24299256503582,-15.790317207574844,65.2334988117218,-0.05550448133968056,0.01039233063711771,-0.06405228751574445,,,cuVSLAM,,
36,1761213116013,-32.11415186524391,-17.238931730389595,67.53095984458923,-0.05599748185195465,0.008644844689795383,-0.06711734383005792,,,cuVSLAM,,
37,1761213116030,-34.04804691672325,-18.42235028743744,70.10573893785477,-0.05630806717712104,0.007103018737036024,-0.06727185392899569,,,cuVSLAM,,
38,1761213116047,-36.0628142952919,-20.339353010058403,72.62171059846878,-0.0562399026092393,0.0054737096801955485,-0.0662845386925442,,,cuVSLAM,,
39,1761213116063,-38.13614323735237,-22.518262267112732,75.34104585647583,-0.056000257918481816,0.003943920430552053,-0.06639297020506575,,,cuVSLAM,,
40,1761213116080,-40.078628808259964,-24.460267275571823,77.74057984352112,-0.05578950165217512,0.002141020032155065,-0.06930581995141359,,,cuVSLAM,,
41,1761213116097,-42.10372269153595,-26.853369548916817,80.25137335062027,-0.05532808192064029,0.0004089751620832364,-0.07426947696723156,,,cuVSLAM,,
42,1761213116113,-44.218484312295914,-29.477225616574287,82.73666352033615,-0.054633059519647545,-0.0012985496602183032,-0.07780272686477602,,,cuVSLAM,,
43,1761213116130,-46.20750620961189,-31.749464571475983,85.00073105096817,-0.05373940754574247,-0.002983756045405697,-0.07885870496066845,,,cuVSLAM,,
44,1761213116147,-48.22271317243576,-34.48290377855301,87.5311940908432,-0.05251057759635444,-0.004402329581190954,-0.0782333576398496,,,cuVSLAM,,
45,1761213116163,-50.32627284526825,-37.357013672590256,89.76816385984421,-0.051102979650406666,-0.0060855703025110034,-0.07755570227613322,,,cuVSLAM,,
46,1761213116180,-52.26469412446022,-40.31359404325485,92.08668023347855,-0.04956820621937845,-0.007714924357353409,-0.07893871100543483,,,cuVSLAM,,
47,1761213116197,-54.23470959067345,-43.535053730010986,94.26750987768173,-0.047904003364974225,-0.00944502802667996,-0.08196679973674582,,,cuVSLAM,,
48,1761213116213,-56.170497089624405,-46.822648495435715,96.5748280286789,-0.046116504389742526,-0.01104807973998668,-0.08551587326493855,,,cuVSLAM,,
49,1761213116230,-58.059003204107285,-50.31727999448776,98.57279062271118,-0.044160863878386816,-0.012755924795265078,-0.08789203374602844,,,cuVSLAM,,
50,1761213116247,-59.95314195752144,-53.75666171312332,100.63601285219193,-0.04205927502982657,-0.014267835324879264,-0.08799605318865378,,,cuVSLAM,,
51,1761213116263,-61.819203197956085,-57.683225721120834,102.91902720928192,-0.03981240706327441,-0.015419989546300888,-0.08732199514579748,,,cuVSLAM,,
52,1761213116280,-63.669607043266296,-61.387114226818085,104.6479269862175,-0.037480605959877906,-0.01678303123178818,-0.08832617786252882,,,cuVSLAM,,
53,1761213116297,-65.49757719039917,-65.5302107334137,106.39236122369766,-0.03500754520000819,-0.01798049427173056,-0.0909655935788851,,,cuVSLAM,,
54,1761213116313,-67.25507229566574,-70.00093162059784,108.27045142650604,-0.03239800426734326,-0.018946941174123735,-0.09505046619044034,,,cuVSLAM,,
55,1761213116330,-69.13357973098755,-74.36452805995941,109.82973873615265,-0.029739727087616078,-0.02006497070187923,-0.09949759049416401,,,cuVSLAM,,
56,1761213116347,-70.96157222986221,-78.8739025592804,111.05316132307053,-0.026975108387110123,-0.02135860053521308,-0.10290559615523674,,,cuVSLAM,,
57,1761213116363,-72.88552820682526,-83.4735780954361,112.17281967401505,-0.02406160949533045,-0.022585628733047446,-0.10586752466185063,,,cuVSLAM,,
58,1761213116380,-74.8545229434967,-87.9494696855545,113.02904784679413,-0.02095184663399852,-0.023891030929267674,-0.1089032331008593,,,cuVSLAM,,
59,1761213116397,-76.89902186393738,-93.05974841117859,114.16813731193542,-0.017555686542893512,-0.024866553787429645,-0.11124804328723929,,,cuVSLAM,,
60,1761213116413,-78.82356643676758,-97.91789948940277,114.57165330648422,-0.014046788062963039,-0.026241045532797554,-0.11376509729074409,,,cuVSLAM,,
61,1761213116430,-80.91205358505249,-103.0028909444809,115.2402013540268,-0.010461585751636398,-0.027422123609040647,-0.11666289209464897,,,cuVSLAM,,
62,1761213116447,-83.06266367435455,-108.15738886594772,115.34911394119263,-0.006902387653641255,-0.028949498391517316,-0.12047276812282234,,,cuVSLAM,,
63,1761213116463,-85.13695746660233,-113.13652992248535,115.07302522659302,-0.003316937394343836,-0.03067771868195591,-0.12501766918607038,,,cuVSLAM,,
64,1761213116480,-87.26681023836136,-118.2568296790123,114.68350887298584,0.0004663976841426725,-0.032323942517341706,-0.12877761780276412,,,cuVSLAM,,
65,1761213116497,-89.37560766935349,-123.61721694469452,114.39199000597,0.004473730015542255,-0.033795845873505335,-0.1313691279535818,,,cuVSLAM,,
66,1761213116513,-91.48913621902466,-128.95509600639343,113.66421729326248,0.008631760082574767,-0.035415615935073155,-0.133369453936425,,,cuVSLAM,,
67,1761213116530,-93.55736523866653,-134.07891988754272,113.03286999464035,0.012833055764903232,-0.036840847963562455,-0.1352649316833078,,,cuVSLAM,,
68,1761213116547,-95.5902561545372,-139.48144018650055,111.99839413166046,0.017217975207106176,-0.038430042963434656,-0.1371032713475283,,,cuVSLAM,,
69,1761213116563,-97.47012704610825,-144.71347630023956,110.53651571273804,0.02166957733061753,-0.040172995872589205,-0.13986853420526357,,,cuVSLAM,,
70,1761213116580,-99.23553466796875,-150.4470407962799,108.99175703525543,0.026114599232967484,-0.04177773731604082,-0.14369615352880877,,,cuVSLAM,,
71,1761213116597,-100.88321566581726,-155.76212108135223,107.2089895606041,0.03063425451568425,-0.04328684502732582,-0.14852762810708844,,,cuVSLAM,,
72,1761213116630,-103.83504629135132,-165.95681011676788,102.70415246486664,0.03954143171201514,-0.04611661429243144,-0.15505488954843333,,,cuVSLAM,,
73,1761213116647,-105.08684813976288,-170.92259228229523,100.21775960922241,0.043714287904983384,-0.04722888645712043,-0.15718434281921054,,,cuVSLAM,,
74,1761213116664,-106.03481531143188,-175.50362646579742,97.46140241622925,0.04765482288420349,-0.04829406739545855,-0.1598643275200964,,,cuVSLAM,,
75,1761213116680,-106.87512159347534,-180.02532422542572,94.52591091394424,0.051420840551385356,-0.04919995605024121,-0.16295269608674462,,,cuVSLAM,,
76,1761213116697,-107.4640154838562,-184.75255370140076,91.96366369724274,0.05506859048260739,-0.04946786852338286,-0.16669259428608849,,,cuVSLAM,,
77,1761213116713,-107.73532092571259,-189.19624388217926,88.7792631983757,0.058483165840512046,-0.049727687260565416,-0.17133194322782155,,,cuVSLAM,,
78,1761213116730,-107.91260749101639,-193.56702268123627,85.54422855377197,0.06175721733055067,-0.0495507904089496,-0.17554198098372645,,,cuVSLAM,,
79,1761213116747,-107.84226655960083,-197.46050238609314,82.6876163482666,0.06484823389997613,-0.04862425244626241,-0.17895711673410616,,,cuVSLAM,,
80,1761213116763,-107.52234607934952,-201.25027000904083,79.29930090904236,0.06775042688920171,-0.047676344525508445,-0.18118860970140163,,,cuVSLAM,,
81,1761213116780,-106.92854225635529,-204.9286961555481,76.132170855999,0.07041319822027019,-0.04618283236065934,-0.18303837621632613,,,cuVSLAM,,
82,1761213116797,-106.16233944892883,-208.35594832897186,73.1387734413147,0.07299086209989962,-0.04421949470485943,-0.18546821160037016,,,cuVSLAM,,
83,1761213116813,-105.20846396684647,-211.7757648229599,70.0911208987236,0.07551831217507424,-0.041998580140926015,-0.18807760349880573,,,cuVSLAM,,
84,1761213116830,-104.0256917476654,-214.58448469638824,66.47700071334839,0.07792527120890508,-0.03999917806156609,-0.18966433794409515,,,cuVSLAM,,
85,1761213116847,-102.59652882814407,-217.54315495491028,63.34008276462555,0.08014313941382058,-0.03745982193322985,-0.18969787670677382,,,cuVSLAM,,
86,1761213116864,-101.06994211673737,-220.25364637374878,60.49153953790665,0.08220615880187626,-0.03442654192103407,-0.19008902938397637,,,cuVSLAM,,
87,1761213116880,-99.35008734464645,-222.82972931861877,56.880295276641846,0.08425077039630707,-0.03167800723445679,-0.19210321017662976,,,cuVSLAM,,
88,1761213116897,-97.45632857084274,-225.46206414699554,54.078806191682816,0.08632016889742995,-0.028014658875351144,-0.1956310847804415,,,cuVSLAM,,
89,1761213116913,-95.35979479551315,-228.11581194400787,51.467686891555786,0.08846855922065372,-0.024065738190320693,-0.19915092353879763,,,cuVSLAM,,
90,1761213116930,-93.01787614822388,-230.19535839557648,48.37323725223541,0.0907247078162598,-0.020458782358356284,-0.20118563502135256,,,cuVSLAM,,
91,1761213116947,-90.59463441371918,-232.19439387321472,45.615531504154205,0.09320873021330779,-0.016676973214131325,-0.19975054204998086,,,cuVSLAM,,
92,1761213116963,-87.82824873924255,-234.10171270370483,42.85021126270294,0.09578294623026722,-0.012978842171364297,-0.19496407501259524,,,cuVSLAM,,
93,1761213116980,-84.87874269485474,-235.99053919315338,40.352221578359604,0.09839200681855731,-0.009181260630722684,-0.18916139638353757,,,cuVSLAM,,
94,1761213116997,-81.77988231182098,-237.54701018333435,37.89296746253967,0.10095680416157964,-0.005362125176945907,-0.18505765447644343,,,cuVSLAM,,
95,1761213117014,-78.44410836696625,-239.04520273208618,35.496339201927185,0.10353317582707991,-0.0012484355151921227,-0.18419353247001216,,,cuVSLAM,,
96,1761213117030,-74.87168163061142,-240.67041277885437,33.780183643102646,0.10594656992747958,0.0035668316307086146,-0.18387312973828876,,,cuVSLAM,,
97,1761213117047,-71.0555762052536,-242.03936755657196,31.592585146427155,0.10845191191269571,0.008080669794918368,-0.18173133180433404,,,cuVSLAM,,
98,1761213117063,-67.05273687839508,-242.99630522727966,29.948698356747627,0.11097064586729741,0.012947196773783374,-0.1770612100566646,,,cuVSLAM,,
99,1761213117080,-62.79250979423523,-243.93869936466217,28.35480496287346,0.11341802116634872,0.017925867951856207,-0.17039269432963716,,,cuVSLAM,,
100,1761213117097,-58.33921954035759,-244.50892210006714,26.598500087857246,0.11599634776898106,0.022890801731056478,-0.16369595772711729,,,cuVSLAM,,
101,1761213117113,-53.77776175737381,-245.00806629657745,25.148600339889526,0.11846551624791361,0.028291068112435303,-0.15845759195331943,,,cuVSLAM,,
102,1761213117130,-49.06419292092323,-245.30136585235596,23.186687380075455,0.12076327565732767,0.03351490634224872,-0.1560576723123186,,,cuVSLAM,,
103,1761213117147,-44.317781925201416,-245.6379234790802,21.783579140901566,0.12299513985978336,0.03935212079094626,-0.1548155565807331,,,cuVSLAM,,
104,1761213117163,-39.38059136271477,-245.86938321590424,20.144931972026825,0.12507591187842723,0.04495283536112786,-0.15174590726220924,,,cuVSLAM,,
105,1761213117180,-34.362293779850006,-245.4872578382492,18.58544535934925,0.12729044053052022,0.0504281771524757,-0.14633698219124672,,,cuVSLAM,,
106,1761213117197,-29.305972158908844,-244.92697417736053,17.36951246857643,0.12932144000564125,0.05594869541450065,-0.13861972373647619,,,cuVSLAM,,
107,1761213117213,-24.19968694448471,-244.25731599330902,16.09422266483307,0.13132951328630063,0.06128124524485084,-0.13100499938654614,,,cuVSLAM,,
108,1761213117230,-19.252657890319824,-243.18647384643555,14.644554816186428,0.1330652062166039,0.06644474287623456,-0.12572362456960204,,,cuVSLAM,,
109,1761213117247,-14.330822974443436,-242.13704466819763,13.08382023125887,0.1345755949644143,0.07149116166985386,-0.12221557777042676,,,cuVSLAM,,
110,1761213117263,-9.358331561088562,-240.81923067569733,11.410596780478954,0.1358741405395429,0.07634119431884238,-0.1185491734987611,,,cuVSLAM,,
111,1761213117280,-4.455089569091797,-239.3968403339386,9.915610775351524,0.13706321128762683,0.08103685416803648,-0.1129132829271661,,,cuVSLAM,,
112,1761213117297,0.39247795939445496,-237.6655638217926,8.466474711894989,0.1382550439721142,0.08537505808033086,-0.10497454460316959,,,cuVSLAM,,
113,1761213117313,5.16722584143281,-235.66782474517822,7.2030420415103436,0.13940337524454438,0.08957683049534565,-0.09603262867589231,,,cuVSLAM,,
114,1761213117330,9.859917685389519,-233.81701111793518,5.815795622766018,0.1404674191426221,0.09360504859009752,-0.08803137488948258,,,cuVSLAM,,
115,1761213117347,14.438366517424583,-231.64071142673492,4.6715568751096725,0.14099144868349642,0.0978057100666646,-0.0822718452200308,,,cuVSLAM,,
116,1761213117363,18.90072040259838,-229.40820455551147,3.5549418535083532,0.14120182789470637,0.10200999390081511,-0.0779273008025257,,,cuVSLAM,,
117,1761213117380,23.31898920238018,-226.832315325737,2.138638636097312,0.1410084831043569,0.10589466235204224,-0.07428761686006899,,,cuVSLAM,,
118,1761213117397,27.613775804638863,-223.900705575943,0.9243470849469304,0.14088721996384557,0.10965727694744469,-0.06901743564637788,,,cuVSLAM,,
119,1761213117413,31.89091384410858,-221.30019962787628,-0.5065096775069833,0.14065536524447214,0.11307793829011151,-0.0626391003290947,,,cuVSLAM,,
120,1761213117430,36.07046976685524,-218.35482120513916,-1.8586822552606463,0.1403224946082124,0.11645437330351842,-0.05747374715920978,,,cuVSLAM,,
121,1761213117447,40.01537710428238,-215.37184715270996,-2.9557656962424517,0.13976963466256692,0.11993200452023337,-0.053535678276364955,,,cuVSLAM,,
122,1761213117463,43.78147795796394,-212.37128973007202,-3.9914026856422424,0.1388101604970251,0.12327753873440746,-0.050365996604103305,,,cuVSLAM,,
123,1761213117480,47.52142354846001,-209.11796391010284,-5.272205453366041,0.1374676053607259,0.12624114238237444,-0.04819516612477456,,,cuVSLAM,,
124,1761213117497,50.96909776329994,-205.77006042003632,-6.344588007777929,0.13580921778755042,0.12918775053078518,-0.047270124575236765,,,cuVSLAM,,
125,1761213117513,54.20629680156708,-202.41956412792206,-7.013763301074505,0.1339674748078923,0.13209369383469308,-0.0463432854455079,,,cuVSLAM,,
126,1761213117530,57.248227298259735,-198.86340200901031,-8.102013729512691,0.13212481052513944,0.13428140901055768,-0.044888230181784776,,,cuVSLAM,,
127,1761213117547,60.0755549967289,-194.98194754123688,-8.835864253342152,0.13011591978256792,0.13630290865672431,-0.0429407476844711,,,cuVSLAM,,
128,1761213117563,62.73205578327179,-191.13463163375854,-9.770036675035954,0.12801056993886134,0.1377763685642866,-0.039983423314058866,,,cuVSLAM,,
129,1761213117580,65.01837819814682,-187.25675344467163,-10.223804973065853,0.1256131216827653,0.13925771393607245,-0.03706022391154174,,,cuVSLAM,,
130,1761213117597,67.1379491686821,-183.2667738199234,-10.636958293616772,0.12290832673530988,0.1405539766606838,-0.0354603597857692,,,cuVSLAM,,
131,1761213117613,69.14108246564865,-179.07418310642242,-10.900300927460194,0.12000030614417011,0.14168877616459663,-0.03507855769478841,,,cuVSLAM,,
132,1761213117630,70.88382542133331,-174.83611404895782,-10.856859385967255,0.11714199696051898,0.1428178478213889,-0.03401495238594386,,,cuVSLAM,,
133,1761213117647,72.49637693166733,-170.51567137241364,-10.665347799658775,0.11436217179666838,0.14384816205146086,-0.03205585066538858,,,cuVSLAM,,
134,1761213117663,74.05658811330795,-166.13279283046722,-10.372464545071125,0.11154771525120835,0.14471438831426334,-0.02974784673877778,,,cuVSLAM,,
135,1761213117680,75.42061805725098,-161.58607602119446,-9.745567105710506,0.10860036753627401,0.14565868197007045,-0.02794778302483995,,,cuVSLAM,,
136,1761213117697,76.66066288948059,-157.1117341518402,-9.287321008741856,0.10553199931636754,0.14632224224906865,-0.025968760149254224,,,cuVSLAM,,
137,1761213117713,77.87950336933136,-152.4168699979782,-8.184407837688923,0.10240816860995682,0.14733397535929138,-0.02357838334150397,,,cuVSLAM,,
138,1761213117730,78.92587780952454,-147.84593880176544,-7.153282407671213,0.09896264460332682,0.1482143610402154,-0.02128840781502521,,,cuVSLAM,,
139,1761213117747,79.91299778223038,-143.0429369211197,-6.1935302801430225,0.09518115540787406,0.1489017674128028,-0.020148004549885183,,,cuVSLAM,,
140,1761213117763,80.69166541099548,-137.93723285198212,-4.4958991929888725,0.09105502488212655,0.14994877723224193,-0.019796591915364124,,,cuVSLAM,,
141,1761213117780,81.42915368080139,-132.8839212656021,-3.143361071124673,0.08664936476607446,0.15057562127334484,-0.019074895581991626,,,cuVSLAM,,
142,1761213117813,82.6042965054512,-122.37624824047089,-0.14590774662792683,0.07705025740149675,0.15147738726164595,-0.019431797072049783,,,cuVSLAM,,
143,1761213117830,82.94317126274109,-117.00385808944702,1.8902712035924196,0.07182258320962452,0.1520479931422232,-0.02003265270365574,,,cuVSLAM,,
144,1761213117847,83.18433165550232,-111.4891767501831,3.4669016022235155,0.0661107728482745,0.15203265280518705,-0.020153483480434223,,,cuVSLAM,,
145,1761213117863,83.13694596290588,-105.63741624355316,5.603436380624771,0.05989594587837102,0.15222428309710698,-0.020787820527964893,,,cuVSLAM,,
146,1761213117880,82.92104303836823,-99.7534841299057,7.6989177614450455,0.053260347650791254,0.15213183855567988,-0.022186018628110447,,,cuVSLAM,,
147,1761213117897,82.65901356935501,-93.79734098911285,9.680954739451408,0.0460700857833861,0.15166310877014302,-0.024124488035271882,,,cuVSLAM,,
148,1761213117913,82.12495595216751,-87.41049468517303,11.41318678855896,0.038363772162240975,0.15079322201349613,-0.02689974838211147,,,cuVSLAM,,
149,1761213117930,81.46404474973679,-80.98877966403961,13.370558619499207,0.030229322907412166,0.1498686613150939,-0.02974975954121312,,,cuVSLAM,,
150,1761213117947,80.76484501361847,-74.41267371177673,15.614920295774937,0.021584810981166637,0.14892781129696916,-0.0329229547172896,,,cuVSLAM,,
151,1761213117963,79.80968058109283,-67.48324632644653,17.391173169016838,0.012585697647626773,0.14737707583505055,-0.03569545852755667,,,cuVSLAM,,
152,1761213117980,78.65212112665176,-60.38706749677658,19.59676295518875,0.0035507943208517687,0.1460024939904002,-0.03716382199045969,,,cuVSLAM,,
153,1761213117997,77.59006321430206,-53.43079939484596,21.380595862865448,-0.005683841443399234,0.14424565232143707,-0.03871610045039105,,,cuVSLAM,,
154,1761213118013,76.43286138772964,-46.42944410443306,23.318788036704063,-0.015045223319647607,0.14252898503682682,-0.04175346423600882,,,cuVSLAM,,
155,1761213118030,75.16822963953018,-39.385836571455,25.42865090072155,-0.024682727086607972,0.14088167586645334,-0.04569608296130494,,,cuVSLAM,,
156,1761213118047,73.90184700489044,-32.30871260166168,27.640070766210556,-0.03444462511155133,0.13918341548936622,-0.049610448229188836,,,cuVSLAM,,
157,1761213118063,72.654128074646,-25.15479549765587,30.062738806009293,-0.04437332721532805,0.1375876685518416,-0.05255053364748918,,,cuVSLAM,,
158,1761213118080,71.50239497423172,-16.6977159678936,30.97003698348999,-0.0550602232903179,0.13512381482423036,-0.0547714651729587,,,cuVSLAM,,
159,1761213118097,70.24195790290833,-9.38347727060318,33.31579267978668,-0.06487641023207805,0.13360747185239896,-0.055291696529090446,,,cuVSLAM,,
160,1761213118113,69.07778978347778,-1.8767276778817177,35.620078444480896,-0.07469463538699045,0.1321534244419801,-0.05693054518293459,,,cuVSLAM,,
161,1761213118130,67.89764761924744,5.449056625366211,37.9607193171978,-0.0844438667589208,0.13077752813385896,-0.05931685199133466,,,cuVSLAM,,
162,1761213118147,66.7402595281601,12.705255299806595,40.36678746342659,-0.09405828465427168,0.12955828542228107,-0.06171621064412223,,,cuVSLAM,,
163,1761213118163,65.62471389770508,20.063769072294235,42.822033166885376,-0.10350370664864161,0.1284228622099872,-0.06463469624429728,,,cuVSLAM,,
164,1761213118180,64.5381286740303,27.400054037570953,45.36116123199463,-0.11278443262351333,0.12738111770413285,-0.06719598293890851,,,cuVSLAM,,
165,1761213118197,63.42457979917526,34.74896773695946,47.965921461582184,-0.1216283284640075,0.1264730755898236,-0.06805761088734755,,,cuVSLAM,,
166,1761213118213,62.35770508646965,41.88595339655876,50.65459385514259,-0.13013136221936752,0.1256922112339385,-0.0679697160378887,,,cuVSLAM,,
167,1761213118230,61.3391175866127,49.17897656559944,53.3529669046402,-0.1384000829232527,0.12490679411437068,-0.06787908989262822,,,cuVSLAM,,
168,1761213118247,60.33207103610039,56.306760758161545,56.15429952740669,-0.14646910830885415,0.12410854347272043,-0.0684311196537764,,,cuVSLAM,,
169,1761213118263,59.374064207077026,63.20729851722717,59.07499045133591,-0.15425561440966534,0.12320459433289158,-0.06982498419047083,,,cuVSLAM,,
170,1761213118280,58.29329043626785,70.06309926509857,62.121979892253876,-0.16150721083707434,0.12225142507006574,-0.07049212725823042,,,cuVSLAM,,
171,1761213118297,57.273752987384796,76.97738707065582,65.17785787582397,-0.16820299277722012,0.12122348019469803,-0.07007931991993337,,,cuVSLAM,,
172,1761213118313,56.107889860868454,83.44165980815887,68.15478205680847,-0.17422517426384923,0.11992501777634931,-0.06815625440217368,,,cuVSLAM,,
173,1761213118330,54.94951829314232,90.24563431739807,71.09569013118744,-0.17975981005548702,0.11852049311997775,-0.0656638796532925,,,cuVSLAM,,
174,1761213118347,53.72565984725952,96.68146073818207,73.93881678581238,-0.18480613755330944,0.11689377622389165,-0.06269200298884484,,,cuVSLAM,,
175,1761213118363,52.479006350040436,103.29845547676086,76.85811072587967,-0.18941382320660868,0.11525588460192203,-0.06008521287773667,,,cuVSLAM,,
176,1761213118380,50.962481647729874,109.33029651641846,79.71282303333282,-0.19343986318611808,0.11333671882244035,-0.05713654531331365,,,cuVSLAM,,
177,1761213118397,49.50936511158943,115.52546918392181,82.79149234294891,-0.19700115915644098,0.11153369126046651,-0.05413348515317361,,,cuVSLAM,,
178,1761213118413,48.02277311682701,121.83395028114319,85.53533256053925,-0.20031421264927748,0.10930030969795564,-0.05110227074699757,,,cuVSLAM,,
179,1761213118430,46.34927213191986,127.91284918785095,88.34002912044525,-0.20332829194091506,0.10695368264576774,-0.04753721960890059,,,cuVSLAM,,
180,1761213118447,44.566843658685684,134.0690702199936,90.98702669143677,-0.20627776923172492,0.10439492190170616,-0.0438710638190688,,,cuVSLAM,,
181,1761213118463,42.68569499254227,140.1439756155014,93.3627262711525,-0.20917954768157748,0.10151765471702602,-0.03979939820876836,,,cuVSLAM,,
182,1761213118480,40.659211575984955,146.3593691587448,95.96364200115204,-0.21207522852083063,0.09872741997378702,-0.035954565752093215,,,cuVSLAM,,
183,1761213118497,38.61492872238159,152.5711566209793,98.2552319765091,-0.21505101848122252,0.09565777381618493,-0.032207613623240545,,,cuVSLAM,,
184,1761213118513,36.38901188969612,158.64703059196472,100.28901696205139,-0.21836199267149112,0.09244566413772558,-0.028341792642044988,,,cuVSLAM,,
185,1761213118530,34.13385897874832,164.91243243217468,102.25760191679001,-0.2219690670854241,0.08919108976303272,-0.024951066503361454,,,cuVSLAM,,
186,1761213118547,31.815219670534134,171.13861441612244,104.086734354496,-0.225874395466788,0.08589020286377624,-0.021661453758685875,,,cuVSLAM,,
187,1761213118563,29.39087152481079,177.33082175254822,105.34486919641495,-0.22989369331957377,0.08231822671151239,-0.018286834052644124,,,cuVSLAM,,
188,1761213118580,27.16715633869171,183.79448354244232,107.41891711950302,-0.23390417303131364,0.07962174779651839,-0.014011262524192755,,,cuVSLAM,,
189,1761213118597,24.919260293245316,190.17507135868073,109.2858538031578,-0.23811478952588322,0.07704943890194502,-0.009156030948638852,,,cuVSLAM,,
190,1761213118613,22.73881435394287,196.5659111738205,110.57616025209427,-0.24257120016696884,0.07422796870402966,-0.005264950003565029,,,cuVSLAM,,
191,1761213118630,20.489804446697235,202.6105374097824,111.32995784282684,-0.24719522525272503,0.07108754404656491,-0.0025769562607216383,,,cuVSLAM,,
192,1761213118647,18.418394029140472,208.67113769054413,112.44022846221924,-0.2518803638715038,0.06855531185423715,5.420177699976505e-05,,,cuVSLAM,,
193,1761213118663,16.379669308662415,214.62854743003845,113.54634910821915,-0.2564964849442569,0.0663547977886155,0.003410953146948113,,,cuVSLAM,,
194,1761213118680,14.425128698348999,220.4817831516266,114.87917602062225,-0.26093514880463353,0.06461159826167102,0.0070402157319698,,,cuVSLAM,,
195,1761213118697,12.578923255205154,226.4619916677475,116.08070880174637,-0.26518730934066204,0.06317918516501982,0.011928860064404233,,,cuVSLAM,,
196,1761213118713,11.0182985663414,232.44260251522064,117.24130064249039,-0.2690423621606492,0.062031828353525074,0.017598464789936655,,,cuVSLAM,,
197,1761213118730,9.15965810418129,237.61917650699615,118.10453981161118,-0.2727885565468042,0.06039905178890091,0.02130241981910487,,,cuVSLAM,,
198,1761213118747,7.62399286031723,242.8758591413498,119.19626593589783,-0.2766006812034331,0.05867018102284866,0.0213692552496103,,,cuVSLAM,,
199,1761213118763,6.056331098079681,248.13570082187653,119.97497826814651,-0.2802136673309379,0.05670868499790046,0.021240371037375944,,,cuVSLAM,,
200,1761213118780,4.495576024055481,253.1411647796631,121.29104137420654,-0.2833591282670204,0.05531685226346753,0.022463363735201608,,,cuVSLAM,,
201,1761213118797,3.0814409255981445,258.40866565704346,122.19014018774033,-0.2861940065419054,0.054031378310749396,0.025249676761757815,,,cuVSLAM,,
202,1761213118830,0.539340078830719,268.67660880088806,123.65953624248505,-0.2914969104768401,0.05197666308082812,0.03249768811291161,,,cuVSLAM,,
203,1761213118847,-0.6834492087364197,273.7431228160858,124.63037669658661,-0.29429751013686906,0.05099737159451579,0.034189756972063924,,,cuVSLAM,,
204,1761213118863,-1.908615231513977,278.71447801589966,125.29665231704712,-0.29718154488720255,0.049597164526849494,0.03467309961289093,,,cuVSLAM,,
205,1761213118880,-3.0844584107398987,283.85046124458313,126.08402967453003,-0.3002646683800824,0.04812522910576116,0.034280352268580706,,,cuVSLAM,,
206,1761213118897,-4.197739064693451,288.9770269393921,126.31423771381378,-0.3036029396230377,0.046507737676371126,0.03515153764768627,,,cuVSLAM,,
207,1761213118913,-5.451597273349762,294.4478392601013,126.7642080783844,-0.3070437344053459,0.04553689339451048,0.03888635206682928,,,cuVSLAM,,
208,1761213118930,-6.578408181667328,299.71712827682495,126.72597169876099,-0.3107882046051865,0.04448089092009741,0.04297287414481773,,,cuVSLAM,,
209,1761213118947,-7.631868124008179,304.8505485057831,127.0197331905365,-0.3147678067623394,0.04346634908254576,0.04494336883736075,,,cuVSLAM,,
210,1761213118963,-8.508063852787018,310.2186918258667,126.98885798454285,-0.3189353925572812,0.04209608651786006,0.04482634414906385,,,cuVSLAM,,
211,1761213118980,-9.453438222408295,315.44938683509827,126.93503499031067,-0.3233441182757188,0.04065123013577783,0.043503195011266274,,,cuVSLAM,,
212,1761213118997,-10.272040963172913,320.6373453140259,126.58053636550903,-0.3277687607771523,0.03921746779425376,0.04276451469004744,,,cuVSLAM,,
213,1761213119013,-11.111140251159668,325.8626163005829,125.9501725435257,-0.33227983958573626,0.03806724064949677,0.04424678176023363,,,cuVSLAM,,
214,1761213119030,-11.82255893945694,331.10156655311584,125.96210837364197,-0.3368194317420512,0.03772501000029177,0.04660406646053455,,,cuVSLAM,,
215,1761213119047,-12.312956154346466,336.622953414917,125.41118264198303,-0.3415280302136585,0.03710760066796622,0.04793653216208805,,,cuVSLAM,,
216,1761213119063,-12.809641659259796,342.1865403652191,124.66807663440704,-0.3464201415715465,0.036394065777713994,0.048216471642249376,,,cuVSLAM,,
217,1761213119080,-13.047687709331512,347.63869643211365,123.93850088119507,-0.35169025010091826,0.03586573021017525,0.047437187765512305,,,cuVSLAM,,
218,1761213119097,-13.116590678691864,352.9638946056366,123.04987013339996,-0.3571290382377189,0.03532726065073859,0.04600958968075689,,,cuVSLAM,,
219,1761213119113,-13.035091571509838,357.7258288860321,121.19966000318527,-0.3628859941035308,0.034377601858286144,0.045561980942326774,,,cuVSLAM,,
220,1761213119130,-12.930244207382202,363.28500509262085,120.29610574245453,-0.3686670132221078,0.03484586532058757,0.04523320609244822,,,cuVSLAM,,
221,1761213119147,-12.72307988256216,368.4580624103546,119.12862956523895,-0.37457512927103204,0.03531069735776171,0.04429647752106201,,,cuVSLAM,,
222,1761213119163,-12.271462008357048,373.5750913619995,117.71733313798904,-0.38057825480051466,0.035655273788851895,0.04201208002451922,,,cuVSLAM,,
223,1761213119180,-11.799649335443974,378.45146656036377,116.37014895677567,-0.3867043043854301,0.03602069029667138,0.03849258411627827,,,cuVSLAM,,
224,1761213119197,-11.176218278706074,383.50552320480347,115.14219641685486,-0.39290304670681786,0.03651754381272724,0.034181364154167095,,,cuVSLAM,,
225,1761213119213,-10.45711524784565,388.6469900608063,113.27451467514038,-0.39909636963967754,0.037078831713668395,0.03142337901585889,,,cuVSLAM,,
226,1761213119230,-9.796762838959694,393.7219977378845,111.89520359039307,-0.4052658092237685,0.03850013457679192,0.03055213708811373,,,cuVSLAM,,
227,1761213119247,-9.03022475540638,398.5425531864166,110.05844175815582,-0.4113736740214135,0.039595265733846044,0.029193261104467343,,,cuVSLAM,,
228,1761213119263,-8.13903845846653,403.31876277923584,108.54613780975342,-0.4173992062911483,0.040856384057685595,0.02686722544786836,,,cuVSLAM,,
229,1761213119280,-7.248221896588802,407.9524874687195,106.91110789775848,-0.42330709469196615,0.04207499071045727,0.024292216356583355,,,cuVSLAM,,
230,1761213119297,-6.287291646003723,412.62781620025635,104.86337542533875,-0.42925440077397287,0.04312896146318399,0.02182558158307864,,,cuVSLAM,,
231,1761213119313,-5.372866522520781,417.12480783462524,103.16554456949234,-0.4350609314148074,0.044603283487457415,0.020171677956229785,,,cuVSLAM,,
232,1761213119330,-4.426472820341587,421.7998683452606,101.3910248875618,-0.4408112295106884,0.04647906444387384,0.019944796839163274,,,cuVSLAM,,
233,1761213119347,-3.363332711160183,426.5557825565338,99.46511685848236,-0.44657542905418623,0.048160070920550704,0.018920308294286012,,,cuVSLAM,,
234,1761213119363,-2.453787252306938,430.72962760925293,97.4874198436737,-0.4520881584955109,0.049360081533788736,0.01705447118861286,,,cuVSLAM,,
235,1761213119380,-1.590530388057232,434.8434805870056,95.19748389720917,-0.4575825986098534,0.050229331606613234,0.014451848211240202,,,cuVSLAM,,
236,1761213119397,-0.5848091095685959,438.98725509643555,93.01885962486267,-0.462958451566679,0.05104136789107857,0.011073088572807211,,,cuVSLAM,,
237,1761213119413,0.23661833256483078,442.9154396057129,90.90004116296768,-0.46828647712115734,0.05188014957549865,0.007715606877580618,,,cuVSLAM,,
238,1761213119430,1.0739834979176521,446.8699097633362,88.67543935775757,-0.47356179080318533,0.05309469048158921,0.005869736266257512,,,cuVSLAM,,
239,1761213119447,1.962956041097641,450.80238580703735,86.80535852909088,-0.4785822396732347,0.0549608927461565,0.005512374950490838,,,cuVSLAM,,
240,1761213119463,2.800428308546543,454.4903039932251,84.57350730895996,-0.48354066860145056,0.05642767685140007,0.004653355630966034,,,cuVSLAM,,
241,1761213119480,3.582351841032505,458.01618695259094,82.09048956632614,-0.48838838157037806,0.05754606616425922,0.0032808433628242336,,,cuVSLAM,,
242,1761213119497,4.354543052613735,461.4153206348419,80.06671816110611,-0.49305219179457654,0.05868123709117752,0.001051118670319848,,,cuVSLAM,,
243,1761213119514,4.951813258230686,464.2472267150879,77.47180759906769,-0.4976857412257714,0.05887014190446187,-0.0024173320243421506,,,cuVSLAM,,
244,1761213119530,5.763248540461063,467.38970279693604,75.45492053031921,-0.5022031418284708,0.05951780316442538,-0.005980944901089786,,,cuVSLAM,,
245,1761213119563,7.082619704306126,473.27399253845215,71.25282287597656,-0.5105030877563547,0.06136445785319101,-0.008912875556737782,,,cuVSLAM,,
246,1761213119580,7.68860150128603,475.7462739944458,69.13527101278305,-0.5143147274700578,0.06209330191915518,-0.010279775359099472,,,cuVSLAM,,
247,1761213119597,8.333356119692326,478.10155153274536,67.3297569155693,-0.517873947652917,0.06275562130505793,-0.012428935651301851,,,cuVSLAM,,
248,1761213119613,8.918345905840397,480.1783561706543,65.59190154075623,-0.5211480558067659,0.06317998356849255,-0.015028644157667843,,,cuVSLAM,,
249,1761213119630,9.610668756067753,482.18685388565063,63.720934092998505,-0.524124016121107,0.06343779170775243,-0.01770593159586975,,,cuVSLAM,,
250,1761213119647,10.20496804267168,483.99168252944946,62.193289399147034,-0.526727839227087,0.06403433361305666,-0.01940332647046425,,,cuVSLAM,,
251,1761213119663,10.827026329934597,485.5528771877289,60.91173738241196,-0.528935680670955,0.0653762314630704,-0.018819028810417332,,,cuVSLAM,,
252,1761213119680,11.534071527421474,487.10018396377563,59.44706127047539,-0.5308038436478176,0.06668676829924008,-0.01818305029960001,,,cuVSLAM,,
253,1761213119697,12.127098627388477,488.2904589176178,57.768315076828,-0.5324602953777472,0.06744747789481334,-0.018655649597572613,,,cuVSLAM,,
254,1761213119713,12.687171809375286,489.3311858177185,56.91956728696823,-0.5339250186099052,0.06846186623012719,-0.01982051957308954,,,cuVSLAM,,
255,1761213119730,13.257616199553013,490.2569651603699,55.640809237957,-0.5354428023604498,0.06874109828439069,-0.021950263907415727,,,cuVSLAM,,
256,1761213119747,13.634086586534977,491.1099076271057,54.78348582983017,-0.5367295995568023,0.06923128675072186,-0.022787510503686822,,,cuVSLAM,,
257,1761213119763,13.960433192551136,491.9750690460205,54.179638624191284,-0.5376772894270492,0.07023769614412077,-0.021393308437472117,,,cuVSLAM,,
258,1761213119780,14.186960645020008,492.6167130470276,53.226642310619354,-0.5385839498851861,0.07052735764897711,-0.02076131734994333,,,cuVSLAM,,
259,1761213119797,14.254660345613956,492.84160137176514,52.69875377416611,-0.5393113652864425,0.07044008672652201,-0.021224292073247695,,,cuVSLAM,,
260,1761213119813,14.330773614346981,493.05376410484314,52.29763686656952,-0.5400096629688406,0.07035750213854836,-0.02193485663027913,,,cuVSLAM,,
261,1761213119830,14.313089661300182,492.87986755371094,52.30320990085602,-0.5402676670908836,0.07027455411063571,-0.022343314209550727,,,cuVSLAM,,
262,1761213119847,14.215369708836079,492.59310960769653,52.820414304733276,-0.5400873916177567,0.0703822717893154,-0.022368573626890733,,,cuVSLAM,,
263,1761213119863,13.898377306759357,491.9832944869995,53.52436751127243,-0.5393863378162962,0.07073715996233673,-0.020440421664094068,,,cuVSLAM,,
264,1761213119880,13.55737540870905,491.2692904472351,54.07940596342087,-0.5382833613243488,0.0708828078396794,-0.018199571231971926,,,cuVSLAM,,
265,1761213119897,13.301772065460682,490.1745617389679,55.07611483335495,-0.536701879908552,0.07102500024272916,-0.016143621194315245,,,cuVSLAM,,
266,1761213119913,12.785148806869984,488.6569082736969,56.17670714855194,-0.5345106041563864,0.07115969152602279,-0.013273213584161255,,,cuVSLAM,,
267,1761213119930,12.31651846319437,486.8813455104828,57.22297728061676,-0.531903302472635,0.0708796548883448,-0.011258915686203758,,,cuVSLAM,,
268,1761213119947,11.746899224817753,484.6053719520569,58.85066092014313,-0.5287000504509743,0.07068296329587494,-0.009232229818142753,,,cuVSLAM,,
269,1761213119963,11.401948519051075,482.25119709968567,60.53614988923073,-0.5249467952119988,0.07049594384397115,-0.007382213932580922,,,cuVSLAM,,
270,1761213119980,10.848498903214931,479.39711809158325,62.2091218829155,-0.5206203847820037,0.06997378247052773,-0.006021256936514217,,,cuVSLAM,,
271,1761213119997,10.427149944007397,475.9474992752075,64.30710852146149,-0.5154772711642923,0.0697385921767105,-0.004307034408895405,,,cuVSLAM,,
272,1761213120013,10.04034373909235,472.2573757171631,66.7029321193695,-0.5096475180713611,0.07015406544729749,-0.0012407204471262562,,,cuVSLAM,,
273,1761213120030,9.689168073236942,468.3397710323334,69.0365731716156,-0.5032379280136317,0.07060628342460477,0.0024053857412861274,,,cuVSLAM,,
274,1761213120047,9.468569420278072,464.1793966293335,71.44922763109207,-0.4964305268077985,0.07087130012705499,0.0054838176880163915,,,cuVSLAM,,
275,1761213120063,9.225311689078808,459.5182240009308,74.11324977874756,-0.4892884212580734,0.07098533771415957,0.00806024298715604,,,cuVSLAM,,
276,1761213120080,8.98249726742506,454.57619428634644,76.53199136257172,-0.4820218336960105,0.0705917864392573,0.009755862792743493,,,cuVSLAM,,
277,1761213120097,8.618027903139591,449.21553134918213,79.19931411743164,-0.47458292660604756,0.06993186611159838,0.01046991104914106,,,cuVSLAM,,
278,1761213120113,8.468189276754856,443.9597427845001,81.9578468799591,-0.4671583378104644,0.06923713203551421,0.01107421197263169,,,cuVSLAM,,
279,1761213120130,8.080870844423771,438.36116790771484,84.60685610771179,-0.4597151647742157,0.06822241884249054,0.012268914616180075,,,cuVSLAM,,
280,1761213120147,7.66302365809679,432.6183497905731,87.14479953050613,-0.4522833661217392,0.06692740939287013,0.013434216559473173,,,cuVSLAM,,
281,1761213120163,7.2276415303349495,426.88998579978943,89.90567922592163,-0.4448720423586512,0.065730703452893,0.014498123655700423,,,cuVSLAM,,
282,1761213120180,6.770790554583073,420.68547010421753,92.59190410375595,-0.4374309164229996,0.0642646180797101,0.015159237061706214,,,cuVSLAM,,
283,1761213120197,6.304510869085789,414.3983721733093,95.30255943536758,-0.4299850698935042,0.06262202922490029,0.015145630329063043,,,cuVSLAM,,
284,1761213120213,5.726759321987629,407.9839587211609,98.45992922782898,-0.4224703616867519,0.06124118635627326,0.015201874759523686,,,cuVSLAM,,
285,1761213120230,5.132059566676617,401.54528617858887,101.14981234073639,-0.4149899625236655,0.05944021063009026,0.014688958016726738,,,cuVSLAM,,
286,1761213120247,4.223824478685856,394.5613503456116,103.88325154781342,-0.40751180928529973,0.0574838350111598,0.013782422733056805,,,cuVSLAM,,
287,1761213120263,3.4395838156342506,387.76445388793945,106.81597888469696,-0.40007773049096124,0.05577644053305892,0.012724855389712107,,,cuVSLAM,,
288,1761213120280,2.5059496983885765,380.6317448616028,109.6549704670906,-0.3927085277290121,0.05403213152268015,0.011952890430153445,,,cuVSLAM,,
289,1761213120297,1.5488611534237862,373.6950159072876,112.35186457633972,-0.3855278289658862,0.05217675187836744,0.010578950367485546,,,cuVSLAM,,
290,1761213120313,0.47448091208934784,366.39922857284546,115.18847197294235,-0.37835629629767425,0.05036275397122525,0.009498722312283193,,,cuVSLAM,,
291,1761213120347,-1.67063158005476,351.3767421245575,120.95899879932404,-0.3632730979579808,0.04723325184069458,0.008123441819399476,,,cuVSLAM,,
292,1761213120363,-2.886636182665825,343.3254063129425,123.8086149096489,-0.35524441505604254,0.045953826455484535,0.008185393273978974,,,cuVSLAM,,
293,1761213120380,-4.044738598167896,335.2453410625458,126.56168639659882,-0.3471158146119835,0.04471397685446067,0.007775367721222355,,,cuVSLAM,,
294,1761213120397,-5.111170932650566,327.18098163604736,128.72909009456635,-0.33902330792944685,0.04287856254760021,0.005555190776720976,,,cuVSLAM,,
295,1761213120413,-6.259283982217312,318.6287581920624,131.2631219625473,-0.33088577362332194,0.0410679450381016,0.002433215138090818,,,cuVSLAM,,
296,1761213120430,-7.418755907565355,310.1550042629242,133.93178582191467,-0.32250317830980224,0.039420289062953924,-0.00040872985826101503,,,cuVSLAM,,
297,1761213120447,-8.765524253249168,301.5003502368927,136.52721047401428,-0.31384294006339325,0.03781422262751646,-0.001981708470734657,,,cuVSLAM,,
298,1761213120463,-10.173391550779343,292.6628589630127,139.00497555732727,-0.30507751472339606,0.036179246486323,-0.002501516389476032,,,cuVSLAM,,
299,1761213120480,-11.6309504956007,283.62560272216797,141.3584202528,-0.29616655022659844,0.03435713605325813,-0.003232521256052932,,,cuVSLAM,,
300,1761213120497,-12.820059433579445,274.78110790252686,143.91303062438965,-0.2872261534170101,0.03268246957367794,-0.005346634552869591,,,cuVSLAM,,
301,1761213120513,-14.18684609234333,265.5947208404541,146.23945951461792,-0.27804485146820057,0.03086058007786473,-0.00789286451682836,,,cuVSLAM,,
302,1761213120530,-15.541989356279373,256.1267912387848,148.25543761253357,-0.2688038184520723,0.028974713688734593,-0.01047490616014285,,,cuVSLAM,,
303,1761213120547,-16.96421392261982,246.5578019618988,150.26330947875977,-0.2594952659954473,0.0271927685717285,-0.0124892297278163,,,cuVSLAM,,
304,1761213120563,-18.390154466032982,236.9711995124817,152.2272527217865,-0.24999047053907603,0.025572811775611572,-0.013218919516264215,,,cuVSLAM,,
305,1761213120580,-19.630033522844315,227.558434009552,154.03226017951965,-0.24026891766160366,0.024043654604547868,-0.013862746967013685,,,cuVSLAM,,
306,1761213120597,-20.994938910007477,217.95451641082764,155.98683059215546,-0.23039438185140382,0.022799595881665434,-0.014530279432904518,,,cuVSLAM,,
307,1761213120613,-22.192295640707016,208.37782323360443,157.8022986650467,-0.22061314803534257,0.021693461166917373,-0.01540187089791993,,,cuVSLAM,,
308,1761213120630,-23.31453189253807,199.01607930660248,159.18871760368347,-0.2110854691440099,0.020422733204568968,-0.017424219219932254,,,cuVSLAM,,
309,1761213120647,-24.543993175029755,189.31785225868225,160.42163968086243,-0.20183316315270958,0.019083164275828752,-0.02025561818016789,,,cuVSLAM,,
310,1761213120663,-25.636985898017883,180.14927208423615,161.51249408721924,-0.19276901494151938,0.017719748681595007,-0.023659299096118303,,,cuVSLAM,,
311,1761213120680,-26.715081185102463,170.8289235830307,162.85791993141174,-0.18369265578116947,0.016701299732056134,-0.026028382352169914,,,cuVSLAM,,
312,1761213120697,-27.919568121433258,161.8993878364563,163.59615325927734,-0.17449640443465222,0.015418607701901054,-0.027709921887429483,,,cuVSLAM,,
313,1761213120713,-29.07456085085869,152.8538465499878,164.7937148809433,-0.16534970168470894,0.014528209734081327,-0.029271766476899663,,,cuVSLAM,,
314,1761213120730,-30.10300174355507,144.15742456912994,166.095033288002,-0.15627698644825166,0.01387524969044985,-0.03080208981089127,,,cuVSLAM,,
315,1761213120747,-31.328879296779633,135.5077028274536,166.8930947780609,-0.14731202427973336,0.012865054074102987,-0.03190980995226206,,,cuVSLAM,,
316,1761213120763,-32.49563276767731,126.786008477211,167.8289771080017,-0.13856006388098288,0.011966977010501648,-0.033008061530234147,,,cuVSLAM,,
317,1761213120780,-33.59368443489075,118.57807636260986,168.32293570041656,-0.13028611707438922,0.010749109671394889,-0.034998755476743276,,,cuVSLAM,,
318,1761213120797,-34.87623110413551,110.26507616043091,168.9477115869522,-0.12229689400393277,0.009524428607628097,-0.036944758865944324,,,cuVSLAM,,
319,1761213120813,-35.93625873327255,102.77256369590759,169.063538312912,-0.11471105293506967,0.008087034714016885,-0.03798871239771602,,,cuVSLAM,,
320,1761213120830,-37.24114969372749,95.2233076095581,169.5300191640854,-0.10732097208036723,0.006886736983660751,-0.038122580946774155,,,cuVSLAM,,
321,1761213120847,-38.669947534799576,87.31922507286072,169.9271947145462,-0.10004893069095236,0.00562104316030345,-0.038135875639189507,,,cuVSLAM,,
322,1761213120863,-40.02793878316879,79.91060614585876,170.13636231422424,-0.09312178248073745,0.004211574844759754,-0.03893196241311698,,,cuVSLAM,,
323,1761213120880,-41.40319675207138,72.72237539291382,170.39503157138824,-0.0864739008808003,0.002813070996104317,-0.0408892557319614,,,cuVSLAM,,
324,1761213120897,-42.80851036310196,65.70246815681458,170.34851014614105,-0.08022673103117543,0.001268632365572236,-0.042250986176816524,,,cuVSLAM,,
325,1761213120913,-44.13521662354469,58.67388844490051,170.64428329467773,-0.07408452352728752,0.00010022196824853501,-0.043027872677151364,,,cuVSLAM,,
326,1761213120930,-45.47285661101341,51.66789889335632,170.75158655643463,-0.06806877140574151,-0.00113554218140749,-0.04431918139064088,,,cuVSLAM,,
327,1761213120947,-46.99699953198433,44.28556561470032,170.56480050086975,-0.061902969411463005,-0.0025897806494056225,-0.04499340309054605,,,cuVSLAM,,
328,1761213120963,-48.38123545050621,37.1437668800354,170.78085243701935,-0.05569490817044125,-0.0038425820270626887,-0.04570546287700351,,,cuVSLAM,,
329,1761213120980,-49.71539229154587,30.129045248031616,170.56289315223694,-0.04949754218719018,-0.005411310907320545,-0.047547296645457704,,,cuVSLAM,,
330,1761213120997,-51.20354890823364,22.768765687942505,170.59877514839172,-0.043208842557709064,-0.006830782586182223,-0.04963266482107346,,,cuVSLAM,,
331,1761213121013,-52.75224521756172,16.001606360077858,168.82231831550598,-0.03681762992085441,-0.009411112498471675,-0.05120073726427354,,,cuVSLAM,,
332,1761213121030,-54.28602546453476,8.691780269145966,168.1310087442398,-0.030324028968232823,-0.011236264522274672,-0.05315701207291761,,,cuVSLAM,,
333,1761213121063,-57.34427645802498,-6.003711372613907,167.1610027551651,-0.01707102410758211,-0.014748550555909906,-0.05626049648247914,,,cuVSLAM,,
334,1761213121080,-59.07245725393295,-13.801082968711853,166.71350598335266,-0.010248932996564963,-0.01651122821369226,-0.05676161558255082,,,cuVSLAM,,
335,1761213121097,-60.7164092361927,-21.50668017566204,165.86346924304962,-0.003319742702354173,-0.018575785594518758,-0.05780133490033235,,,cuVSLAM,,
336,1761213121113,-62.25903332233429,-29.14631925523281,165.11590778827667,0.0038638334405791367,-0.020473355329887262,-0.058339839682289195,,,cuVSLAM,,
337,1761213121130,-63.88707458972931,-37.130482494831085,164.18160498142242,0.011237981443967666,-0.02233937799395761,-0.05886702034915725,,,cuVSLAM,,
338,1761213121147,-65.40395319461823,-45.24056613445282,163.08525204658508,0.018779712140995476,-0.024142945804991652,-0.0601151390925496,,,cuVSLAM,,
339,1761213121164,-66.75169616937637,-52.919238805770874,162.01519966125488,0.02642183005815834,-0.025756535411350763,-0.06310058801621855,,,cuVSLAM,,
340,1761213121180,-68.25460493564606,-60.95246970653534,160.94668209552765,0.034239022965203765,-0.027254738790367748,-0.066917793944625,,,cuVSLAM,,
341,1761213121197,-69.50802356004715,-68.70760023593903,159.9261611700058,0.04224921257265387,-0.02870452865222668,-0.06992573020652752,,,cuVSLAM,,
342,1761213121213,-70.86562365293503,-76.69747620820999,158.79832208156586,0.050458832410993984,-0.030268675194334082,-0.07018953541522856,,,cuVSLAM,,
343,1761213121230,-72.16237485408783,-84.5346748828888,157.06388652324677,0.058625879536976615,-0.03226973528053276,-0.07015680604057846,,,cuVSLAM,,
344,1761213121247,-73.44912737607956,-92.16191619634628,155.68386018276215,0.06662383443193023,-0.03384238634792786,-0.0713751556510083,,,cuVSLAM,,
345,1761213121263,-74.58249479532242,-100.1293733716011,154.46241199970245,0.07456409374043572,-0.03512192426953144,-0.07324627148785769,,,cuVSLAM,,
346,1761213121280,-75.72213560342789,-107.99442231655121,152.70355343818665,0.08242944237742507,-0.0366274450441797,-0.07619117040109812,,,cuVSLAM,,
347,1761213121297,-76.86635851860046,-115.4930368065834,150.9200930595398,0.09037601483286736,-0.03808278020173828,-0.07865022878877145,,,cuVSLAM,,
348,1761213121313,-77.92218029499054,-122.78798967599869,149.07217025756836,0.09823960564465944,-0.03952743554002072,-0.07929787950375256,,,cuVSLAM,,
349,1761213121330,-78.97496223449707,-130.0419270992279,147.4667340517044,0.10607084842035476,-0.040770441178837234,-0.07981780922003547,,,cuVSLAM,,
350,1761213121347,-79.9858421087265,-137.0161771774292,145.2973037958145,0.11377720433577129,-0.042430647876430715,-0.0809752960950505,,,cuVSLAM,,
351,1761213121363,-81.00764453411102,-144.52196657657623,143.6716616153717,0.12127693060714731,-0.04370768228977606,-0.0816456248119764,,,cuVSLAM,,
352,1761213121380,-82.03788846731186,-151.33413672447205,141.66522026062012,0.1286141461451291,-0.04538172166040441,-0.08267586428245956,,,cuVSLAM,,
353,1761213121397,-83.06174725294113,-158.1914871931076,139.6271288394928,0.13564853677833402,-0.047121893437345096,-0.08396106326454778,,,cuVSLAM,,
354,1761213121413,-84.17776226997375,-164.991095662117,137.63824105262756,0.14237916209580267,-0.048920027966399486,-0.08488547948898614,,,cuVSLAM,,
355,1761213121430,-85.27198433876038,-171.50820791721344,135.4064643383026,0.14880867470922973,-0.05099533763286747,-0.0857089294666858,,,cuVSLAM,,
356,1761213121447,-86.46905422210693,-178.08309197425842,133.42753052711487,0.15504407583160043,-0.05289407697152593,-0.0873850336362303,,,cuVSLAM,,
357,1761213121463,-87.50636875629425,-184.28248167037964,131.17378950119019,0.16106119235047464,-0.05504912943309103,-0.08924818503317897,,,cuVSLAM,,
358,1761213121480,-88.64222466945648,-190.22201001644135,129.0646344423294,0.16704027466688673,-0.05711536121816279,-0.09037233173327774,,,cuVSLAM,,
359,1761213121497,-89.65171873569489,-196.23781740665436,126.73436105251312,0.1729536870190205,-0.059193922468260794,-0.09137979824648479,,,cuVSLAM,,
360,1761213121513,-90.67456424236298,-202.33701169490814,124.51974302530289,0.17875490315729187,-0.06101289480901697,-0.0926837280680406,,,cuVSLAM,,
361,1761213121530,-91.60535037517548,-208.1729620695114,122.60366231203079,0.18444049734507317,-0.06252145279156959,-0.09446631775480577,,,cuVSLAM,,
362,1761213121547,-92.44398772716522,-213.63429725170135,120.7982674241066,0.1899486838196604,-0.06387847574269748,-0.09644905097967545,,,cuVSLAM,,
363,1761213121563,-93.3082103729248,-219.3739116191864,118.43656748533249,0.19554929013034314,-0.06550657152379208,-0.09822031871934662,,,cuVSLAM,,
364,1761213121580,-94.06875818967819,-224.7607856988907,116.00348353385925,0.20116751362091523,-0.0670623056809772,-0.09991148707571548,,,cuVSLAM,,
365,1761213121597,-94.71975266933441,-230.1214635372162,113.96747082471848,0.20705981964108236,-0.06826709332069293,-0.10060046785566286,,,cuVSLAM,,
366,1761213121613,-95.39605677127838,-235.04486680030823,111.0454723238945,0.2131057497354649,-0.07024118271832391,-0.09932935378230329,,,cuVSLAM,,
367,1761213121630,-95.80934047698975,-240.50596356391907,108.90421271324158,0.21934268654647618,-0.07159390175956483,-0.0966840814424031,,,cuVSLAM,,
368,1761213121647,-96.1269736289978,-246.02201581001282,106.02301359176636,0.2257265299763946,-0.07347640678454881,-0.09348148924375116,,,cuVSLAM,,
369,1761213121663,-96.36323153972626,-251.7380714416504,103.4088134765625,0.23210295048315796,-0.07482692969181282,-0.09194627086853759,,,cuVSLAM,,
370,1761213121680,-96.52648866176605,-257.39848613739014,100.356325507164,0.23835302123502358,-0.07596818704010859,-0.09256047728055228,,,cuVSLAM,,
371,1761213121697,-96.56351804733276,-262.78093457221985,97.1962958574295,0.2443874173657682,-0.07682260582199561,-0.09447997633710482,,,cuVSLAM,,
372,1761213121713,-96.479631960392,-268.36541295051575,94.16180849075317,0.25015634994113745,-0.07726706545348584,-0.09676720710194628,,,cuVSLAM,,
373,1761213121730,-96.43975645303726,-273.918479681015,91.16244316101074,0.2556782113781937,-0.07750517922778931,-0.09833678630494644,,,cuVSLAM,,
374,1761213121747,-96.24361991882324,-279.0515422821045,87.9572331905365,0.2609270162367672,-0.07771207071006431,-0.09979889720246313,,,cuVSLAM,,
375,1761213121763,-95.99407762289047,-284.4577431678772,84.53001081943512,0.26609666253768344,-0.07770897076191163,-0.10212440244942031,,,cuVSLAM,,
376,1761213121780,-95.70874273777008,-289.9296283721924,81.67789876461029,0.2712510066150777,-0.07711909487862494,-0.10478180552552496,,,cuVSLAM,,
377,1761213121797,-95.35254538059235,-295.0916588306427,78.24103534221649,0.2764064289715443,-0.07681991514928911,-0.1075889672299193,,,cuVSLAM,,
378,1761213121830,-94.46357190608978,-305.30425906181335,71.44588977098465,0.28682032551986697,-0.07567539715938307,-0.11300149372425453,,,cuVSLAM,,
379,1761213121847,-93.88788044452667,-310.327023267746,67.93751567602158,0.29204065222949394,-0.07480465005084541,-0.11562411724237615,,,cuVSLAM,,
380,1761213121863,-93.20014715194702,-315.5665397644043,64.77804481983185,0.29743650044454584,-0.07342364702733008,-0.11706341251288994,,,cuVSLAM,,
381,1761213121880,-92.2837108373642,-320.17043232917786,61.50789558887482,0.30276997838336067,-0.07197338743070894,-0.11820698886695415,,,cuVSLAM,,
382,1761213121897,-91.47293865680695,-325.0390887260437,57.88840353488922,0.30816461129540207,-0.07051691123175846,-0.11946382066130348,,,cuVSLAM,,
383,1761213121913,-90.50503373146057,-329.63478565216064,54.13127690553665,0.31351152556829115,-0.06903973848342744,-0.1210933215072391,,,cuVSLAM,,
384,1761213121930,-89.5390659570694,-334.2041075229645,50.42489618062973,0.3187791612778034,-0.06744390489156822,-0.12246858396938559,,,cuVSLAM,,
385,1761213121947,-88.57746422290802,-338.71614933013916,46.843066811561584,0.32382201212923206,-0.0657681170091447,-0.12329135455615313,,,cuVSLAM,,
386,1761213121963,-87.4277651309967,-343.2944118976593,43.62866282463074,0.32877764121020886,-0.063776247005554,-0.12392711835294612,,,cuVSLAM,,
387,1761213121980,-86.52494847774506,-347.3179042339325,40.02748429775238,0.3336507685973196,-0.06223430043856845,-0.12429417209620477,,,cuVSLAM,,
388,1761213121997,-85.40301769971848,-351.2723743915558,36.520227789878845,0.33841124896675734,-0.06070441062474544,-0.12430697281059276,,,cuVSLAM,,
389,1761213122013,-84.48858559131622,-355.1855683326721,33.32032263278961,0.3431106728542131,-0.05908816616155755,-0.1240202089095858,,,cuVSLAM,,
390,1761213122030,-83.41995626688004,-358.90668630599976,29.948115348815918,0.34757478162174793,-0.0577258633581973,-0.12345602679336659,,,cuVSLAM,,
391,1761213122047,-82.44884014129639,-362.50630021095276,26.981115341186523,0.3519734473231686,-0.05628483668000264,-0.12257217372588433,,,cuVSLAM,,
392,1761213122063,-81.22497797012329,-365.8185303211212,24.1154283285141,0.35624129353115075,-0.055080450471532254,-0.12082225945560902,,,cuVSLAM,,
393,1761213122080,-80.39192855358124,-368.5809075832367,21.37090265750885,0.3604129400701913,-0.05419178580443165,-0.11870680104830883,,,cuVSLAM,,
394,1761213122097,-79.59619909524918,-371.84596061706543,18.356889486312866,0.3645307806758167,-0.05351250696061185,-0.11685397748526564,,,cuVSLAM,,
395,1761213122113,-78.79288494586945,-375.0562071800232,16.055479645729065,0.36845639665503205,-0.05247224069106396,-0.11506634411342657,,,cuVSLAM,,
396,1761213122130,-77.91838049888611,-378.17254662513733,13.831719756126404,0.3722104006711355,-0.05165900632654519,-0.11334176639350814,,,cuVSLAM,,
397,1761213122147,-77.19038426876068,-381.0441493988037,11.743977665901184,0.3758782824323733,-0.05106833250640509,-0.1117853492428052,,,cuVSLAM,,
398,1761213122163,-76.4874517917633,-383.888840675354,10.222911834716797,0.3794242742789503,-0.05036616735197145,-0.10982159659291225,,,cuVSLAM,,
399,1761213122180,-76.0078877210617,-385.9391510486603,8.437827229499817,0.3828819187647072,-0.050175469955490326,-0.1082854787565091,,,cuVSLAM,,
400,1761213122197,-75.381800532341,-387.7011239528656,7.823511958122253,0.3860113536770473,-0.049541792370970256,-0.10606946631234662,,,cuVSLAM,,
401,1761213122213,-74.68598335981369,-389.8211121559143,7.624074816703796,0.38893473166146647,-0.0489831821485817,-0.10283089644896146,,,cuVSLAM,,
402,1761213122230,-74.2177665233612,-391.2115693092346,6.432816386222839,0.3913823266125446,-0.04956415691078736,-0.09949301652019871,,,cuVSLAM,,
403,1761213122247,-73.83183389902115,-392.41811633110046,6.331980228424072,0.3933333128840688,-0.04959201664772393,-0.09591413949622943,,,cuVSLAM,,
404,1761213122263,-73.29624891281128,-393.16055178642273,5.670785903930664,0.39513055259884733,-0.04998538628163515,-0.09309929770028373,,,cuVSLAM,,
405,1761213122280,-72.68287986516953,-393.9517140388489,5.964905023574829,0.39643636387061,-0.049526046916630664,-0.09101831411843572,,,cuVSLAM,,
406,1761213122297,-72.22801446914673,-394.4909870624542,6.4520686864852905,0.3975023822390518,-0.0489936083566082,-0.08920885884584662,,,cuVSLAM,,
407,1761213122313,-71.85446470975876,-394.2447006702423,7.3225051164627075,0.39809104750771784,-0.048343977297028495,-0.08778027482797089,,,cuVSLAM,,
408,1761213122330,-71.37589156627655,-393.4403955936432,8.23850929737091,0.39793144997065755,-0.04783651284549636,-0.08643772290139506,,,cuVSLAM,,
409,1761213122347,-70.80812007188797,-392.5412595272064,10.14198362827301,0.3970267397667304,-0.046733430356403344,-0.08486327920945595,,,cuVSLAM,,
410,1761213122363,-70.2066421508789,-390.3103768825531,10.766960680484772,0.3953449368576412,-0.04700085229650371,-0.08306837780788882,,,cuVSLAM,,
411,1761213122380,-69.58796828985214,-388.22638988494873,12.7038499340415,0.3929811081888329,-0.04644523519876792,-0.08084656686470955,,,cuVSLAM,,
412,1761213122397,-68.96674633026123,-385.8646750450134,15.592500567436218,0.3897550653082189,-0.04556800449183834,-0.07810232186590395,,,cuVSLAM,,
413,1761213122413,-68.46308708190918,-382.69510865211487,18.39248463511467,0.38565120775508765,-0.04509477243636991,-0.07557174362137191,,,cuVSLAM,,
414,1761213122430,-67.88965314626694,-379.1036307811737,21.516872569918633,0.3807076062827881,-0.044656777364172465,-0.07325692942344543,,,cuVSLAM,,
415,1761213122447,-67.46400147676468,-375.0898540019989,24.662407115101814,0.3750753623516719,-0.04433866390741596,-0.07131784904272873,,,cuVSLAM,,
416,1761213122463,-66.99260324239731,-370.3686594963074,28.21800671517849,0.3689963066889398,-0.043660850108773484,-0.07080029996904591,,,cuVSLAM,,
417,1761213122480,-66.56455993652344,-365.1801645755768,31.52705356478691,0.362438830044308,-0.0432778592014386,-0.07032406977312466,,,cuVSLAM,,
418,1761213122497,-66.18604809045792,-360.0378632545471,35.13834625482559,0.35556899376498924,-0.04281484827817622,-0.0693360327110431,,,cuVSLAM,,
419,1761213122513,-65.79740345478058,-354.4814884662628,38.87539729475975,0.34832163932194976,-0.042270889512152576,-0.06922056490525409,,,cuVSLAM,,
420,1761213122530,-65.37169218063354,-348.6812710762024,42.44177043437958,0.3410797408516654,-0.04179628464810647,-0.0699975666842417,,,cuVSLAM,,
421,1761213122547,-65.08785486221313,-342.64153242111206,46.47969454526901,0.33374521690238784,-0.04106624519234281,-0.07053161937186424,,,cuVSLAM,,
422,1761213122563,-64.80703502893448,-336.3487422466278,50.60374364256859,0.32628172870192507,-0.04045546279055354,-0.07041036407365182,,,cuVSLAM,,
423,1761213122580,-64.55808877944946,-329.89171147346497,54.422177374362946,0.3186134728146859,-0.040099390808919895,-0.07017608088396848,,,cuVSLAM,,
424,1761213122597,-64.31315839290619,-323.0091333389282,58.66548418998718,0.310859577403843,-0.03971603199160785,-0.06919088032064002,,,cuVSLAM,,
425,1761213122613,-64.10340964794159,-316.1461651325226,62.690094113349915,0.30319518980842003,-0.03960824323700948,-0.06789207508700218,,,cuVSLAM,,
426,1761213122630,-64.0525296330452,-309.20684337615967,66.16571545600891,0.29557840349548337,-0.039846766815481674,-0.06748498547922147,,,cuVSLAM,,
427,1761213122647,-63.93393874168396,-301.9934296607971,70.2124834060669,0.2881045910511701,-0.039828639458964595,-0.0666825508325052,,,cuVSLAM,,
428,1761213122663,-64.0057623386383,-294.7483956813812,74.16858524084091,0.2807358278784935,-0.04001836747175526,-0.06461707818900665,,,cuVSLAM,,
429,1761213122680,-63.90438228845596,-287.455677986145,77.97885686159134,0.2732371507512139,-0.04029569371430285,-0.06226205969843113,,,cuVSLAM,,
430,1761213122697,-63.98020684719086,-280.10332584381104,81.64767175912857,0.2657516358360565,-0.04070776627134055,-0.05925306709595882,,,cuVSLAM,,
431,1761213122713,-63.965342938899994,-272.6925015449524,85.29576659202576,0.2583706250784022,-0.04119223762434234,-0.055617350692198426,,,cuVSLAM,,
432,1761213122730,-63.95576149225235,-265.42946696281433,88.96929770708084,0.2510893804677485,-0.04162455092037215,-0.05141039444721164,,,cuVSLAM,,
433,1761213122747,-64.06839936971664,-258.07785987854004,92.47373789548874,0.24395867745484195,-0.042091381748629114,-0.0480568291190132,,,cuVSLAM,,
434,1761213122763,-64.07815217971802,-250.8108913898468,96.07138484716415,0.23688870269483256,-0.04246263174740669,-0.04454103042322416,,,cuVSLAM,,
435,1761213122780,-64.15463984012604,-243.22567880153656,99.48530048131943,0.22971821541940396,-0.04297896051507006,-0.0406907150935615,,,cuVSLAM,,
436,1761213122813,-64.29142504930496,-228.56305539608002,106.46862536668777,0.21585316302921326,-0.04334001759789078,-0.03418460095718545,,,cuVSLAM,,
437,1761213122830,-64.24500048160553,-221.35157883167267,109.92613434791565,0.20920195817047887,-0.043313773672077796,-0.030315886838908748,,,cuVSLAM,,
438,1761213122847,-64.304418861866,-214.1665369272232,113.11643570661545,0.20263707315339924,-0.043375440101512,-0.026831813558993958,,,cuVSLAM,,
439,1761213122863,-64.2700269818306,-207.07231760025024,116.67775362730026,0.1959892648703575,-0.04300798490051169,-0.023515199805756663,,,cuVSLAM,,
440,1761213122880,-64.15271759033203,-199.62990283966064,119.71624195575714,0.18914751360300394,-0.04280766075827542,-0.020761304847741493,,,cuVSLAM,,
441,1761213122897,-64.02288377285004,-192.25293397903442,122.89857119321823,0.18215284820991873,-0.04225084190751865,-0.017815733848399334,,,cuVSLAM,,
442,1761213122913,-63.7829527258873,-184.8018765449524,125.49552321434021,0.17518298669892607,-0.04198407572708142,-0.014643163558318455,,,cuVSLAM,,
443,1761213122930,-63.662365078926086,-176.90244317054749,128.17569077014923,0.16823107672953844,-0.04157349195249317,-0.010886579834105731,,,cuVSLAM,,
444,1761213122947,-63.22038918733597,-169.01405155658722,130.7515799999237,0.16120785785651376,-0.040931623596641986,-0.007713939088390645,,,cuVSLAM,,
445,1761213122963,-62.61163949966431,-161.88430786132812,134.46733355522156,0.15423791441949786,-0.039232212583604806,-0.005333166718057621,,,cuVSLAM,,
446,1761213122980,-62.180470675230026,-154.36585247516632,136.94354891777039,0.14692220064241637,-0.03821179571059634,-0.002651884013034572,,,cuVSLAM,,
447,1761213122997,-61.69642508029938,-146.49271965026855,139.5064890384674,0.13960488973421054,-0.03704880075377351,-0.000361700391919166,,,cuVSLAM,,
448,1761213123013,-61.321355402469635,-139.0511989593506,141.8960988521576,0.13250358705125623,-0.03589518494721049,0.0024008143539392193,,,cuVSLAM,,
449,1761213123030,-60.67441403865814,-130.76531887054443,143.71904730796814,0.12540946224408775,-0.03514787045617377,0.004835531810915071,,,cuVSLAM,,
450,1761213123047,-60.21306663751602,-123.44634532928467,145.7836925983429,0.11842890941925188,-0.034250457260360904,0.007968216350153635,,,cuVSLAM,,
451,1761213123063,-59.678759425878525,-115.86952209472656,148.0381190776825,0.11134101209738174,-0.03316429150317574,0.011442992491804747,,,cuVSLAM,,
452,1761213123080,-59.168312698602676,-108.61259698867798,149.81868863105774,0.10419151261572208,-0.03230098999801628,0.014325870488813605,,,cuVSLAM,,
453,1761213123097,-58.668915182352066,-100.78689455986023,151.87424421310425,0.09690405354826255,-0.031210991913200526,0.017286679022141316,,,cuVSLAM,,
454,1761213123113,-58.10670927166939,-91.43021702766418,153.89159321784973,0.08952605101537688,-0.030154700155375663,0.020392343026514926,,,cuVSLAM,,
455,1761213123130,-57.51736834645271,-83.12910795211792,156.42541646957397,0.082421471605068,-0.028813611905654173,0.02440021152466985,,,cuVSLAM,,
456,1761213123147,-56.983575224876404,-75.00159740447998,157.2502851486206,0.07499627399974071,-0.028613279524286172,0.02789699084848261,,,cuVSLAM,,
457,1761213123163,-56.76586925983429,-67.13438034057617,159.24200415611267,0.06766547109192485,-0.02763152448854368,0.031076790910999044,,,cuVSLAM,,
458,1761213123180,-56.57745897769928,-59.28954482078552,161.0170304775238,0.06016930569495748,-0.026717850825768927,0.03461565173549646,,,cuVSLAM,,
459,1761213123197,-56.33245408535004,-51.013678312301636,162.48446702957153,0.05265330555420257,-0.026032531860269437,0.03763307861472541,,,cuVSLAM,,
460,1761213123214,-56.07251822948456,-42.413920164108276,163.5943055152893,0.04520705281009858,-0.025681704921762066,0.04071143098643237,,,cuVSLAM,,
461,1761213123230,-56.025438010692596,-34.32551026344299,165.24073481559753,0.03799345113433053,-0.024981413625699677,0.04464728879389237,,,cuVSLAM,,
462,1761213123247,-55.850304663181305,-27.135908603668213,167.0578122138977,0.031014930357055843,-0.02415211889228211,0.048523427205964795,,,cuVSLAM,,
463,1761213123263,-56.04928359389305,-19.21635866165161,168.2487428188324,0.02386732132474334,-0.023882180724294218,0.05180233268390662,,,cuVSLAM,,
464,1761213123280,-56.191541254520416,-10.873138904571533,169.22041773796082,0.016658529563843925,-0.023757451605877673,0.055441020547159985,,,cuVSLAM,,
465,1761213123297,-56.5275177359581,-3.2835006713867188,170.08572816848755,0.009488304286741633,-0.023653494304024657,0.06044598348058955,,,cuVSLAM,,
466,1761213123313,-56.77077919244766,4.87905740737915,170.87361216545105,0.0022399113974728036,-0.023479028246601006,0.06598011013724325,,,cuVSLAM,,
467,1761213123330,-57.0170022547245,12.9832923412323,171.81947827339172,-0.004924169355866511,-0.02306365822130725,0.07104709873950427,,,cuVSLAM,,
468,1761213123347,-57.48451128602028,18.354160711169243,169.64232921600342,-0.012373379586919572,-0.024754732632568142,0.07648394839156382,,,cuVSLAM,,
469,1761213123363,-57.84089118242264,25.128129869699478,170.4806387424469,-0.019416480886076237,-0.02410817680732368,0.07912847328291304,,,cuVSLAM,,
470,1761213123380,-58.08557569980621,33.783406019210815,170.40063440799713,-0.0267944688696859,-0.024010572627093905,0.07982594998266475,,,cuVSLAM,,
471,1761213123397,-58.389123529195786,42.09372401237488,170.95136642456055,-0.03408389048133006,-0.02326536738426752,0.08231952083934764,,,cuVSLAM,,
472,1761213123413,-58.86617302894592,49.847908318042755,171.3569611310959,-0.041267728192062446,-0.022430920691759188,0.08619187446779442,,,cuVSLAM,,
473,1761213123430,-59.19515714049339,57.77081102132797,171.56477272510529,-0.048391310630513135,-0.02145395708303031,0.09124370447898458,,,cuVSLAM,,
474,1761213123447,-59.579070657491684,66.00786745548248,171.0302084684372,-0.05574225304097071,-0.020730558626274938,0.09693052538883305,,,cuVSLAM,,
475,1761213123463,-59.889793395996094,73.99357110261917,171.1713671684265,-0.06324850630381122,-0.019535319800505362,0.10126245108474431,,,cuVSLAM,,
476,1761213123480,-60.26490777730942,82.00625330209732,171.0115224123001,-0.07119753413484303,-0.01862505267276602,0.10369824697962561,,,cuVSLAM,,
477,1761213123497,-60.584813356399536,90.29071778059006,170.1272875070572,-0.07952576448727755,-0.018233155910185945,0.10555248640226134,,,cuVSLAM,,
478,1761213123513,-60.921695083379745,98.40962290763855,169.50905323028564,-0.08791512648463767,-0.017623764825375275,0.10764115069449218,,,cuVSLAM,,
479,1761213123530,-61.235666275024414,106.437087059021,169.0208613872528,-0.09635900651649489,-0.016634030878941747,0.11114411796286736,,,cuVSLAM,,
480,1761213123547,-61.26915663480759,114.70797657966614,168.36531460285187,-0.10475781612415941,-0.015518801855409804,0.1146068306061351,,,cuVSLAM,,
481,1761213123563,-61.45977973937988,122.54466861486435,167.53128170967102,-0.11308681727735362,-0.014385009300404423,0.11738710656852018,,,cuVSLAM,,
482,1761213123580,-61.573777347803116,130.36370277404785,166.9965386390686,-0.12137913774052221,-0.012823754208978718,0.12001756584345959,,,cuVSLAM,,
483,1761213123597,-61.53184920549393,138.08494806289673,166.4039045572281,-0.12953183546639094,-0.011198642718267553,0.12224684475796323,,,cuVSLAM,,
484,1761213123613,-61.4895299077034,145.57355642318726,165.75822234153748,-0.13751119715719323,-0.009566511860442774,0.12417617980848035,,,cuVSLAM,,
485,1761213123630,-61.31546571850777,152.94134616851807,165.0039702653885,-0.14528940611776436,-0.007939104658991397,0.1261789235394508,,,cuVSLAM,,
486,1761213123647,-61.137087643146515,160.39858758449554,164.4766330718994,-0.15276980839514864,-0.005965736643433506,0.129097862840902,,,cuVSLAM,,
487,1761213123663,-60.85815653204918,167.7110493183136,163.58870267868042,-0.15994890408345422,-0.003909877210596634,0.13369686759781224,,,cuVSLAM,,
488,1761213123680,-60.543954372406006,174.76746439933777,162.68016397953033,-0.16684802560357753,-0.0016099717026443912,0.13846206354590185,,,cuVSLAM,,
489,1761213123696,-60.23541837930679,181.3054233789444,161.3616794347763,-0.1734906876691983,0.00034004637965716903,0.14195150804781562,,,cuVSLAM,,
490,1761213123713,-59.82714518904686,187.70499527454376,160.17188131809235,-0.17988246324773863,0.002333257076092681,0.14421233651975815,,,cuVSLAM,,
491,1761213123730,-59.40956249833107,193.99477541446686,158.85484218597412,-0.1860210434298072,0.004292108535497745,0.1469924136817735,,,cuVSLAM,,
492,1761213123747,-59.050384908914566,200.24970173835754,157.46651589870453,-0.19188364323712134,0.006449991731831713,0.1509506392802882,,,cuVSLAM,,
493,1761213123763,-58.65882709622383,206.05739951133728,156.21264278888702,-0.19734240801752614,0.00872284159256224,0.15484605562109036,,,cuVSLAM,,
494,1761213123780,-58.21815878152847,211.65913343429565,154.72041070461273,-0.20247304593625162,0.010791885092041398,0.15795937821060346,,,cuVSLAM,,
495,1761213123797,-57.76044353842735,216.83812141418457,153.73457968235016,-0.20719160121969912,0.013262842198784501,0.1617248294812961,,,cuVSLAM,,
496,1761213123813,-57.45318904519081,221.6043621301651,151.97837352752686,-0.21165079084305202,0.015057623664006849,0.16481578036170785,,,cuVSLAM,,
497,1761213123830,-56.80325627326965,226.57933831214905,150.81730484962463,-0.21577453196351806,0.017161311912085912,0.16627614339368577,,,cuVSLAM,,
498,1761213123846,-56.26572668552399,231.0103476047516,149.05059337615967,-0.21962705119767195,0.018789487529973566,0.16852954337010864,,,cuVSLAM,,
499,1761213123863,-55.89327961206436,235.13992130756378,147.638738155365,-0.22307456565767841,0.020704917823413885,0.17152450890405388,,,cuVSLAM,,
500,1761213123880,-55.29097467660904,239.4997924566269,145.68017423152924,-0.2263206010501209,0.022250053995440455,0.1742852058758301,,,cuVSLAM,,
501,1761213123896,-55.03031611442566,243.0160790681839,143.81466805934906,-0.22930152291560255,0.023855197339504093,0.17828754423058013,,,cuVSLAM,,
502,1761213123913,-54.38961833715439,247.3028004169464,141.89067482948303,-0.2322129826281561,0.025557481630147854,0.1814323679163852,,,cuVSLAM,,
503,1761213123930,-53.9187490940094,250.73561072349548,139.8668885231018,-0.23499622788357594,0.027078230419755933,0.18477750467497467,,,cuVSLAM,,
504,1761213123946,-53.52345108985901,253.61180305480957,138.63375782966614,-0.237712825117631,0.0289818960220508,0.18710326568887706,,,cuVSLAM,,
505,1761213123963,-52.880365401506424,257.0403516292572,136.63636147975922,-0.2406483739268617,0.030454910175649396,0.18797018888261854,,,cuVSLAM,,
506,1761213123980,-52.39744484424591,260.4762613773346,134.65145230293274,-0.24341575776597132,0.03216201845418004,0.189439837295938,,,cuVSLAM,,
507,1761213123997,-51.62562429904938,263.87518644332886,132.35442340373993,-0.2461397728273348,0.03381061825342909,0.1911543364545572,,,cuVSLAM,,
508,1761213124013,-50.99865421652794,267.059862613678,130.52299618721008,-0.24876052855289557,0.03585118294754191,0.1931364945162841,,,cuVSLAM,,
509,1761213124030,-50.41200667619705,270.13781666755676,128.3848136663437,-0.25154892907107285,0.037672451360377,0.1947638491549682,,,cuVSLAM,,
510,1761213124046,-49.57466199994087,273.29012751579285,126.54222548007965,-0.2545265645235927,0.03959599694912116,0.19539539561307087,,,cuVSLAM,,
511,1761213124064,-48.72092977166176,276.90085768699646,123.9410862326622,-0.2577479551412041,0.041223171465320965,0.19606422071209773,,,cuVSLAM,,
512,1761213124080,-47.94270545244217,279.97756004333496,122.06438183784485,-0.2609633146465571,0.043496510399512064,0.19705948176421567,,,cuVSLAM,,
513,1761213124097,-47.24916070699692,282.8860282897949,119.29824203252792,-0.2641097060222719,0.045223958740698206,0.19808784697765622,,,cuVSLAM,,
514,1761213124113,-46.32732272148132,285.67859530448914,116.95614457130432,-0.2673236203596956,0.04756853732370385,0.19957871111676942,,,cuVSLAM,,
515,1761213124130,-45.36602646112442,288.970023393631,114.6005466580391,-0.2708718695977539,0.05019145383305473,0.2003818122434266,,,cuVSLAM,,
516,1761213124146,-44.38193887472153,292.0055091381073,111.7199957370758,-0.27492633208524064,0.052541411569114994,0.19990951028917325,,,cuVSLAM,,
517,1761213124163,-43.34770515561104,295.52116990089417,109.12029445171356,-0.2792206967604064,0.05532890223223842,0.19890183440633336,,,cuVSLAM,,
518,1761213124180,-42.2472283244133,298.5222041606903,106.10537230968475,-0.2836867830886962,0.05796769504530376,0.19826896519552828,,,cuVSLAM,,
519,1761213124196,-41.0822331905365,301.83684825897217,103.31595689058304,-0.2881427294164903,0.06093518499668899,0.19777684392466724,,,cuVSLAM,,
520,1761213124213,-39.88298028707504,305.0110340118408,100.57216882705688,-0.2925984223633014,0.06416003337060282,0.19812417185779882,,,cuVSLAM,,
521,1761213124230,-38.536734879016876,308.1909418106079,97.90422767400742,-0.29713626202050997,0.06761066699418823,0.1988056485739026,,,cuVSLAM,,
522,1761213124246,-37.13313862681389,311.36977672576904,94.02944892644882,-0.3021341933043706,0.07011197545466874,0.1982790321651728,,,cuVSLAM,,
523,1761213124263,-35.823702812194824,314.6182894706726,90.84223210811615,-0.30698824098739586,0.07291765971123886,0.19690106684336708,,,cuVSLAM,,
524,1761213124280,-34.44266691803932,317.44384765625,87.77071535587311,-0.3116949486666834,0.07547410867604942,0.19529148059776663,,,cuVSLAM,,
525,1761213124296,-33.1500768661499,320.0978934764862,84.93270725011826,-0.3162153312006757,0.07809389438864343,0.1946407022274426,,,cuVSLAM,,
526,1761213124313,-31.831219792366028,322.56922125816345,81.9694772362709,-0.32057669861119137,0.08059017364594813,0.19474229797071327,,,cuVSLAM,,
527,1761213124330,-30.42393922805786,324.9851167201996,79.24998551607132,-0.32488281114579937,0.08304188755699154,0.194049465973084,,,cuVSLAM,,
528,1761213124346,-28.910204768180847,327.1903097629547,76.21226459741592,-0.3292149235094975,0.08498069693378411,0.19237959705179947,,,cuVSLAM,,
529,1761213124363,-27.455152943730354,329.0361166000366,73.82340729236603,-0.333411140948133,0.08701731958572541,0.19005727843168838,,,cuVSLAM,,
530,1761213124380,-26.140162721276283,330.8227062225342,71.57076895236969,-0.33735186783549354,0.088969690057454,0.18789422256920904,,,cuVSLAM,,
531,1761213124396,-24.764975532889366,332.42273330688477,69.3131536245346,-0.3409556047455779,0.0907250794899112,0.18607897982550406,,,cuVSLAM,,
532,1761213124413,-23.487433791160583,333.7692618370056,67.21586734056473,-0.3442764907877123,0.09227690236148706,0.18417064319873744,,,cuVSLAM,,
533,1761213124447,-21.01551555097103,335.63023805618286,63.8166069984436,-0.3502017539831728,0.09482011455133191,0.1804594802644913,,,cuVSLAM,,
534,1761213124463,-19.91261914372444,336.20187640190125,62.48097866773605,-0.35257461812045565,0.09569782220990006,0.17893066010986036,,,cuVSLAM,,
535,1761213124480,-18.747640773653984,336.4527225494385,61.37114018201828,-0.3544681729334643,0.09632130386517353,0.1772132250064386,,,cuVSLAM,,
536,1761213124496,-17.59665459394455,336.3859951496124,60.6493316590786,-0.35571802270661057,0.09703090026275413,0.1757643563246416,,,cuVSLAM,,
537,1761213124513,-16.44992083311081,336.00541949272156,60.13123318552971,-0.3562829237446855,0.09781732572446501,0.17455319191290242,,,cuVSLAM,,
538,1761213124530,-15.278790146112442,335.3063762187958,59.86681208014488,-0.35621717857845353,0.09865166137771812,0.17341869217616884,,,cuVSLAM,,
539,1761213124546,-14.032766222953796,334.1875970363617,60.081060975790024,-0.355368808597242,0.09966516849676962,0.17240247129434472,,,cuVSLAM,,
540,1761213124563,-12.73154653608799,332.7940106391907,60.56039035320282,-0.3540330810769331,0.10066946940794269,0.17099472851948108,,,cuVSLAM,,
541,1761213124580,-11.38424500823021,331.0442864894867,61.560019850730896,-0.35200120737488594,0.10193392138849645,0.16961511066444127,,,cuVSLAM,,
542,1761213124596,-10.007981210947037,328.9370536804199,62.91523575782776,-0.349294236529253,0.10315393299742011,0.16750584862779877,,,cuVSLAM,,
543,1761213124613,-8.640920743346214,326.40984654426575,64.56932425498962,-0.34594829768872243,0.10425087071619492,0.16510635707411295,,,cuVSLAM,,
544,1761213124630,-7.422532886266708,323.6581087112427,66.2815198302269,-0.34193672233583533,0.10515452990548824,0.16318643109999012,,,cuVSLAM,,
545,1761213124646,-6.276018917560577,320.60274481773376,68.48853081464767,-0.3373050431011227,0.10611585760452227,0.16163651352789016,,,cuVSLAM,,
546,1761213124663,-5.228150635957718,317.28804111480713,70.66038995981216,-0.33227563325734977,0.10669416583351937,0.16016021016768286,,,cuVSLAM,,
547,1761213124680,-4.4536590576171875,313.7494623661041,73.04481416940689,-0.32703159317774094,0.10706529601307821,0.1589543358655608,,,cuVSLAM,,
548,1761213124696,-3.737606108188629,310.029536485672,75.81809163093567,-0.32145749756369424,0.1074774931938098,0.1581418620885109,,,cuVSLAM,,
549,1761213124713,-3.2679252326488495,306.1865568161011,78.10355722904205,-0.3157927177317554,0.1070052642777366,0.15671041588710466,,,cuVSLAM,,
550,1761213124730,-3.026425838470459,302.1085262298584,80.6988775730133,-0.3099956834125127,0.10627698551092496,0.15480164760434,,,cuVSLAM,,
551,1761213124746,-3.0835382640361786,298.0227768421173,83.22277665138245,-0.3042364053750843,0.10510246712036532,0.1523940886879937,,,cuVSLAM,,
552,1761213124763,-3.2829418778419495,293.8491106033325,85.71173995733261,-0.29861190772144974,0.10375659469433351,0.15043871659463726,,,cuVSLAM,,
553,1761213124780,-3.7872418761253357,289.62811827659607,88.21332454681396,-0.29315141594821786,0.10229446237612262,0.1492369820540551,,,cuVSLAM,,
554,1761213124796,-4.3723247945308685,285.50755977630615,90.80217033624649,-0.287968744446859,0.1006380866925436,0.1474418262905323,,,cuVSLAM,,
555,1761213124813,-5.152322351932526,281.241238117218,93.34973990917206,-0.28284583642847566,0.09890985266406623,0.14674270500414083,,,cuVSLAM,,
556,1761213124830,-6.021998822689056,277.01011300086975,96.19378298521042,-0.2778102903357617,0.09736350519556562,0.14645954171220596,,,cuVSLAM,,
557,1761213124846,-6.992008537054062,272.8228271007538,98.88626635074615,-0.27308620515269605,0.09543346218337488,0.1449830607791796,,,cuVSLAM,,
558,1761213124863,-8.05790163576603,268.58702301979065,101.58071666955948,-0.26873320141628526,0.0933478220889973,0.14297267908317682,,,cuVSLAM,,
559,1761213124880,-9.200245141983032,264.4983232021332,104.32682931423187,-0.2647603230493829,0.09130455991973582,0.14144353625069933,,,cuVSLAM,,
560,1761213124896,-10.36122813820839,260.47325134277344,107.22218453884125,-0.26108377606494276,0.0893480404336119,0.13970386917731076,,,cuVSLAM,,
561,1761213124913,-11.460140347480774,256.4231753349304,110.14501750469208,-0.25755729945748157,0.08753001487456125,0.1377547177618515,,,cuVSLAM,,
562,1761213124930,-12.587569653987885,252.5518834590912,113.03836107254028,-0.2540260353428914,0.0857883701758486,0.13531592050349142,,,cuVSLAM,,
563,1761213124946,-13.759052380919456,248.54367971420288,115.79498648643494,-0.25041673346580834,0.08400129718736808,0.13254983903746895,,,cuVSLAM,,
564,1761213124963,-14.84200544655323,244.58354711532593,118.61918866634369,-0.24690667599954216,0.08245566976387846,0.1299082887979511,,,cuVSLAM,,
565,1761213124980,-15.995785593986511,240.64895510673523,120.99897861480713,-0.24343164093375286,0.0807802550320156,0.12783209062261164,,,cuVSLAM,,
566,1761213124997,-17.036957666277885,236.66273057460785,123.59849363565445,-0.23983084841662503,0.07952454351839473,0.12611881244447234,,,cuVSLAM,,
567,1761213125013,-18.023189157247543,232.64318704605103,125.7847547531128,-0.23609697018790993,0.07814362897735964,0.12414402393016119,,,cuVSLAM,,
568,1761213125030,-19.009342417120934,228.46129536628723,128.34858894348145,-0.23209175341354715,0.0771521401924876,0.12233965063001684,,,cuVSLAM,,
569,1761213125046,-19.790085032582283,224.3470549583435,130.42879104614258,-0.2279909201674636,0.07603965533313599,0.1200945628295807,,,cuVSLAM,,
570,1761213125063,-20.46888694167137,220.16990184783936,132.43591785430908,-0.22388987458355675,0.07531337279379552,0.11817826925968722,,,cuVSLAM,,
571,1761213125080,-20.842546597123146,215.94247221946716,134.73130762577057,-0.21958452951272786,0.07554951022354743,0.11706062129601075,,,cuVSLAM,,
572,1761213125096,-20.93278616666794,211.73469722270966,137.13382184505463,-0.21518253091627057,0.07644050235449848,0.11532335526656234,,,cuVSLAM,,
573,1761213125113,-20.874861627817154,207.5333446264267,139.0967071056366,-0.21067022061997176,0.07743761468145986,0.11268059847510851,,,cuVSLAM,,
574,1761213125130,-20.51316574215889,203.14666628837585,141.02017879486084,-0.20600234101996207,0.07873076647791273,0.11027693803868062,,,cuVSLAM,,
575,1761213125146,-20.105767995119095,198.99165630340576,142.90064573287964,-0.20134257566952493,0.08025038013027988,0.1082171251242205,,,cuVSLAM,,
576,1761213125163,-19.45728249847889,194.58231329917908,144.96919512748718,-0.1966384107880164,0.08214373982457754,0.10685521377278019,,,cuVSLAM,,
577,1761213125180,-18.5506884008646,190.41284918785095,147.05821871757507,-0.1920893684500493,0.08444143344436562,0.1059360977595315,,,cuVSLAM,,
578,1761213125196,-17.565129324793816,186.0743910074234,148.68013560771942,-0.18746708028750347,0.08658561793954098,0.10498346782496872,,,cuVSLAM,,
579,1761213125213,-16.200773417949677,181.86624348163605,150.47438442707062,-0.18270604100132748,0.08911354193459332,0.1043457150069528,,,cuVSLAM,,
580,1761213125230,-14.695033431053162,177.69183218479156,152.6305377483368,-0.1779146258693176,0.09210802504492543,0.10409459561591514,,,cuVSLAM,,
581,1761213125246,-13.036303222179413,173.64022135734558,154.14267778396606,-0.17317266100531326,0.09473957130986402,0.10398720602434476,,,cuVSLAM,,
582,1761213125263,-11.394143104553223,169.56432163715363,155.95223009586334,-0.1685761694582801,0.09749199597366445,0.10411477528861145,,,cuVSLAM,,
583,1761213125280,-9.66494157910347,165.69705307483673,157.54614770412445,-0.16412388460266147,0.1000067873942818,0.10482130474016274,,,cuVSLAM,,
584,1761213125296,-7.935566827654839,161.86906397342682,158.9352786540985,-0.15978503263083052,0.10222830922969064,0.10565176759529207,,,cuVSLAM,,
585,1761213125313,-6.1187744140625,158.08945894241333,160.4224443435669,-0.15553817620809662,0.10438293114113195,0.10643450593964754,,,cuVSLAM,,
586,1761213125330,-4.184771329164505,154.53974902629852,161.87477111816406,-0.15134255365437094,0.10649639846309669,0.1072640079405181,,,cuVSLAM,,
587,1761213125346,-2.248000353574753,150.93673765659332,163.2557511329651,-0.1471743967013332,0.10855998555173518,0.1083760754629323,,,cuVSLAM,,
588,1761213125363,-0.4057362675666809,147.25403487682343,164.34073448181152,-0.1430760045871268,0.1104851341862596,0.10990243112478425,,,cuVSLAM,,
589,1761213125380,1.690354198217392,143.62405240535736,165.41683673858643,-0.13886244033804673,0.1126491696443114,0.11189562294976547,,,cuVSLAM,,
590,1761213125396,3.85313481092453,139.82054591178894,166.6458547115326,-0.13432738639540506,0.11515375189327462,0.11452852239680576,,,cuVSLAM,,
591,1761213125413,6.0696080327034,135.92006266117096,167.82593727111816,-0.1297190802733992,0.11769545505228854,0.11635253384122538,,,cuVSLAM,,
592,1761213125447,10.57945191860199,128.0439794063568,169.31447386741638,-0.12011916708453942,0.12259600468212095,0.11954041249159451,,,cuVSLAM,,
593,1761213125463,12.916848063468933,124.08152222633362,169.5280224084854,-0.11508079264030004,0.12500757721663844,0.12168390902083014,,,cuVSLAM,,
594,1761213125480,15.403557568788528,119.9580430984497,170.33851146697998,-0.10988270147805217,0.12795349866761796,0.12331291242260979,,,cuVSLAM,,
595,1761213125496,18.000278621912003,115.77068269252777,171.08333110809326,-0.10473393434793771,0.13100455066710964,0.12429766433515968,,,cuVSLAM,,
596,1761213125513,20.520392805337906,111.61130666732788,171.33288085460663,-0.0995837291923956,0.13387424066709772,0.12560848542727257,,,cuVSLAM,,
597,1761213125530,23.20568636059761,107.68148303031921,171.46259546279907,-0.09444987617004025,0.13698965625514103,0.12753962498282137,,,cuVSLAM,,
598,1761213125546,25.698509067296982,103.44463586807251,171.4850217103958,-0.0893546728845084,0.14014095402112006,0.12983000438829911,,,cuVSLAM,,
599,1761213125563,28.33983674645424,99.29218888282776,171.3641881942749,-0.08444929491126019,0.1432295304514145,0.1311487232579625,,,cuVSLAM,,
600,1761213125580,30.915576964616776,94.94389593601227,171.16647958755493,-0.07985943531406765,0.14628325096455416,0.13181662017589088,,,cuVSLAM,,
601,1761213125596,33.58526900410652,90.84081649780273,170.76440155506134,-0.07572596937510827,0.14943772070930222,0.13198695253174378,,,cuVSLAM,,
602,1761213125613,36.23532131314278,87.02640235424042,169.67907547950745,-0.07187494255524948,0.15240032614946977,0.13242296949241908,,,cuVSLAM,,
603,1761213125630,39.00323435664177,83.22907984256744,168.9789593219757,-0.06807263749986285,0.15594998008599423,0.1333200583432461,,,cuVSLAM,,
604,1761213125646,41.763875633478165,79.56252992153168,168.10894012451172,-0.06441637862099722,0.15965317858498174,0.13401602617891664,,,cuVSLAM,,
605,1761213125663,44.593486934900284,75.65897703170776,167.03422367572784,-0.06095954386326345,0.16339350785108023,0.1340346051916402,,,cuVSLAM,,
606,1761213125680,47.6628877222538,71.95496559143066,166.05734825134277,-0.05768892432018713,0.16746738346770845,0.1334301524210104,,,cuVSLAM,,
607,1761213125696,50.68046227097511,68.11170279979706,165.36355018615723,-0.0545788670213418,0.1718051722823005,0.13244435046662353,,,cuVSLAM,,
608,1761213125713,53.83526161313057,64.32373821735382,163.73774409294128,-0.05173668879483865,0.17570740817652805,0.13118394024192961,,,cuVSLAM,,
609,1761213125730,56.93456903100014,60.628801584243774,161.6571843624115,-0.0488739506623563,0.17956880319761045,0.1306219930562122,,,cuVSLAM,,
610,1761213125746,60.278382152318954,57.10741877555847,160.047709941864,-0.04603675970899563,0.18422269400385646,0.12973245960470445,,,cuVSLAM,,
611,1761213125763,63.63217532634735,53.81375551223755,158.0130159854889,-0.043254040199202,0.18881415480503802,0.12855730461748832,,,cuVSLAM,,
612,1761213125780,67.06413626670837,50.30485987663269,156.05801343917847,-0.04039350146329017,0.1936642458589271,0.12813572431291181,,,cuVSLAM,,
613,1761213125796,70.53758203983307,46.82642221450806,153.7734419107437,-0.03749141209781215,0.19836032966053274,0.12760980617251239,,,cuVSLAM,,
614,1761213125813,74.07256960868835,43.36267709732056,151.35562419891357,-0.03459714508027913,0.20302227069115794,0.12698132140028978,,,cuVSLAM,,
615,1761213125830,77.72228121757507,39.86084461212158,149.1418331861496,-0.03166774138246673,0.20787930360446616,0.12611797635069374,,,cuVSLAM,,
616,1761213125846,81.29136264324188,36.536335945129395,146.46238088607788,-0.028543196016179356,0.2124649085485842,0.12544241793033933,,,cuVSLAM,,
617,1761213125863,84.8684310913086,32.8102707862854,143.63816380500793,-0.02517280265652331,0.21710446472371828,0.12571560616090444,,,cuVSLAM,,
618,1761213125880,88.56178820133209,28.968006372451782,141.15160703659058,-0.021564992451105505,0.2221241858398405,0.12536966713269707,,,cuVSLAM,,
619,1761213125896,92.40590035915375,25.453031063079834,138.15151154994965,-0.01790384983736386,0.22698718207873309,0.12453109310463964,,,cuVSLAM,,
620,1761213125913,96.30443155765533,21.908223628997803,135.11596620082855,-0.01395302949286759,0.23196668447492227,0.12422766838374794,,,cuVSLAM,,
621,1761213125930,100.19320249557495,18.266141414642334,131.79627060890198,-0.009979780235728514,0.23684387485099698,0.12407141566000492,,,cuVSLAM,,
622,1761213125946,104.13864254951477,14.634758234024048,128.44127416610718,-0.005894663596858383,0.24182704844116187,0.12435597909684057,,,cuVSLAM,,
623,1761213125963,108.13845694065094,11.14124059677124,125.04541873931885,-0.0018800691422370679,0.24692633723112092,0.12399587248041075,,,cuVSLAM,,
624,1761213125980,112.22290992736816,7.520049810409546,121.91116064786911,0.002154801054551757,0.25230204295381436,0.12315750449344141,,,cuVSLAM,,
625,1761213125997,116.32664501667023,4.131883382797241,118.30583214759827,0.006261494341379647,0.25741358253855784,0.12273589366469337,,,cuVSLAM,,
626,1761213126013,120.22431194782257,0.6338059902191162,114.30995166301727,0.010304609728446247,0.2622035088407642,0.12296645806995941,,,cuVSLAM,,
627,1761213126030,124.10996854305267,-2.86710262298584,110.33514887094498,0.014534966428377783,0.2670249796063004,0.12338597682079662,,,cuVSLAM,,
628,1761213126046,127.9623806476593,-6.290614604949951,105.94897717237473,0.019054112402092423,0.27131565659774637,0.12409022862339181,,,cuVSLAM,,
629,1761213126063,131.68944418430328,-9.71415638923645,101.6881912946701,0.023641547907209612,0.2755888882850248,0.12445738444432565,,,cuVSLAM,,
630,1761213126080,135.35325229167938,-13.189435005187988,97.26576507091522,0.028322152349036987,0.2797433609772751,0.12466062926517209,,,cuVSLAM,,
631,1761213126097,139.0966773033142,-15.432057902216911,92.15596318244934,0.0325934681028449,0.28356926265835547,0.1250007710368686,,,cuVSLAM,,
632,1761213126113,142.5667554140091,-18.561558797955513,87.59663999080658,0.037402698234961944,0.2876978116387446,0.12656797974598427,,,cuVSLAM,,
633,1761213126130,146.01613581180573,-21.73929288983345,82.80789852142334,0.04200161793947662,0.2917966314782654,0.127878165963844,,,cuVSLAM,,
634,1761213126146,149.42756295204163,-24.83455464243889,78.09671014547348,0.046355686342408046,0.2960067043779224,0.1279498789163718,,,cuVSLAM,,
635,1761213126163,152.74085104465485,-27.980515733361244,73.52588325738907,0.05032730794877863,0.3003140044355437,0.1269996766044089,,,cuVSLAM,,
636,1761213126180,156.04546666145325,-31.033694744110107,68.87772679328918,0.05413801468875457,0.3045804436646595,0.1258319320493516,,,cuVSLAM,,
637,1761213126196,159.21014547348022,-34.05344486236572,64.28414583206177,0.057793595658170584,0.30873973819467654,0.12487192082038846,,,cuVSLAM,,
638,1761213126213,162.37351298332214,-36.94051504135132,60.127247124910355,0.061323062950462824,0.3129912031168472,0.12433516267931237,,,cuVSLAM,,
639,1761213126230,165.30044376850128,-39.57870230078697,55.78354746103287,0.06474476068205566,0.3168155292534619,0.12442894719062862,,,cuVSLAM,,
640,1761213126246,168.09332370758057,-42.20208525657654,51.67898163199425,0.06784342058875023,0.32064278883917235,0.12407017929310706,,,cuVSLAM,,
641,1761213126263,170.66353559494019,-44.554099440574646,47.46730625629425,0.07062298768723238,0.3241026469232399,0.1228590705128085,,,cuVSLAM,,
642,1761213126280,173.19217324256897,-46.92722111940384,43.66994649171829,0.07321845958162489,0.3274965224753832,0.1219369215300611,,,cuVSLAM,,
643,1761213126296,175.42767524719238,-49.17113482952118,39.84633833169937,0.07559816650596721,0.3304445507252636,0.12098985953088966,,,cuVSLAM,,
644,1761213126313,177.56955325603485,-51.286324858665466,36.17936000227928,0.07775213392657619,0.33329450742161654,0.11985328835259414,,,cuVSLAM,,
645,1761213126330,179.5414537191391,-53.193867206573486,32.54368528723717,0.07975264953102834,0.3360088192745271,0.11835738412385649,,,cuVSLAM,,
646,1761213126346,181.4088672399521,-55.163949728012085,29.224298894405365,0.08167054128817762,0.33888361416168133,0.11677165591461605,,,cuVSLAM,,
647,1761213126363,183.0301582813263,-57.03158676624298,25.566980242729187,0.08351195936240571,0.34129870112600913,0.11544927602710801,,,cuVSLAM,,
648,1761213126380,184.55156683921814,-58.61759930849075,22.305451333522797,0.08541044566806658,0.3438040217606265,0.11422232193529558,,,cuVSLAM,,
649,1761213126397,185.87960302829742,-60.453563928604126,18.879622220993042,0.08733027069235869,0.3460184660994218,0.11371885125715595,,,cuVSLAM,,
650,1761213126413,187.1568262577057,-61.95514649152756,15.520170331001282,0.08918749127860312,0.3481305753991343,0.11306653851812554,,,cuVSLAM,,
651,1761213126430,188.26192617416382,-63.513629138469696,12.286648154258728,0.09061982163215244,0.35009273709028976,0.11164967622009991,,,cuVSLAM,,
652,1761213126446,189.14154171943665,-65.0019720196724,9.131059050559998,0.0917777975840735,0.3517728152110796,0.1098623174270243,,,cuVSLAM,,
653,1761213126463,189.9048388004303,-66.26535952091217,6.048567593097687,0.09269020725905283,0.3531467698407554,0.10806461724655612,,,cuVSLAM,,
654,1761213126480,190.50998985767365,-67.48136878013611,3.0608996748924255,0.09350510181193487,0.35429587986512007,0.10634284350166867,,,cuVSLAM,,
655,1761213126496,191.03457033634186,-68.5942992568016,0.021032989025115967,0.09410658587105034,0.3552319312222465,0.10453232945557614,,,cuVSLAM,,
656,1761213126513,191.4527863264084,-69.87086683511734,-2.9430165886878967,0.09468292147686844,0.35630345041644895,0.10262644067932279,,,cuVSLAM,,
657,1761213126530,191.81464612483978,-71.30710035562515,-6.015785038471222,0.09534692621663471,0.3573868966069277,0.10062799823571007,,,cuVSLAM,,
658,1761213126546,192.17060506343842,-72.51881808042526,-8.95027071237564,0.09605054296991136,0.35862954974307243,0.09781154488374443,,,cuVSLAM,,
659,1761213126563,192.51686334609985,-73.99887591600418,-11.78298145532608,0.09705014359550335,0.3598728169686795,0.09493105621195184,,,cuVSLAM,,
660,1761213126580,192.78296828269958,-75.47098398208618,-14.656610786914825,0.0985510644402803,0.36092577110171314,0.0928039766409137,,,cuVSLAM,,
661,1761213126596,193.07419657707214,-76.92784070968628,-17.295323312282562,0.10021956754350611,0.3621451225625562,0.09113569198017878,,,cuVSLAM,,
662,1761213126613,193.26119124889374,-78.44759523868561,-19.93488520383835,0.10217949828029065,0.3634876418563629,0.08994697532840153,,,cuVSLAM,,
663,1761213126630,193.43528151512146,-80.01289516687393,-22.64448255300522,0.10432131090409856,0.3649110501569681,0.08922572525769598,,,cuVSLAM,,
664,1761213126646,193.40552389621735,-81.51411265134811,-25.55794268846512,0.10653424669742624,0.3661387819506881,0.08849475803618706,,,cuVSLAM,,
665,1761213126663,193.29378008842468,-83.1221342086792,-28.251275420188904,0.1089408579069129,0.3674886349813967,0.0880482885470845,,,cuVSLAM,,
666,1761213126680,192.98718869686127,-84.6262201666832,-31.024456024169922,0.11125928606055291,0.3685127994910399,0.08738671413189672,,,cuVSLAM,,
667,1761213126696,192.49200820922852,-86.0944539308548,-33.65066647529602,0.11324789268389329,0.36935763097771435,0.08621860526822704,,,cuVSLAM,,
668,1761213126730,190.8017098903656,-88.9434814453125,-38.47216069698334,0.1159358663158351,0.37051536506012056,0.0815943333585113,,,cuVSLAM,,
669,1761213126746,189.50532376766205,-90.04563093185425,-40.78003764152527,0.11690946822354767,0.3706421510418049,0.07884617286345563,,,cuVSLAM,,
670,1761213126763,188.02934885025024,-90.88660776615143,-43.0448055267334,0.11772136352776004,0.37035334509750817,0.07689008641429365,,,cuVSLAM,,
671,1761213126780,186.2092912197113,-91.53586626052856,-44.95158791542053,0.1181035990940681,0.3698649107066729,0.07556749399530595,,,cuVSLAM,,
672,1761213126796,183.99879336357117,-91.91616624593735,-46.80733382701874,0.11765239627760221,0.36887082513675634,0.0729458252736094,,,cuVSLAM,,
673,1761213126813,181.39922618865967,-92.15586632490158,-48.54479432106018,0.11655975548546225,0.36744204771355576,0.06976531945452957,,,cuVSLAM,,
674,1761213126830,178.51880192756653,-92.16071665287018,-50.12618005275726,0.11517279767987793,0.3655256105660602,0.06645617993030856,,,cuVSLAM,,
675,1761213126846,175.2685010433197,-92.01059490442276,-51.6255646944046,0.11337682282761127,0.3630257817253316,0.062407202282860355,,,cuVSLAM,,
676,1761213126863,171.73302173614502,-91.76556020975113,-52.97435820102692,0.11128189627812174,0.36019808341915255,0.05810467682114978,,,cuVSLAM,,
677,1761213126880,167.95162856578827,-91.40453487634659,-54.07194793224335,0.10911877084850782,0.3570460332593422,0.054691316296368864,,,cuVSLAM,,
678,1761213126896,163.91441226005554,-90.85596352815628,-55.125877261161804,0.1067453273185563,0.3535581544872843,0.051061007670421,,,cuVSLAM,,
679,1761213126913,159.64865684509277,-90.36841243505478,-55.589526891708374,0.10434234222512485,0.3502464214555678,0.046958840920319,,,cuVSLAM,,
680,1761213126930,155.1271677017212,-89.84912931919098,-56.099340319633484,0.10207846219679856,0.3463247622180567,0.04314361497425312,,,cuVSLAM,,
681,1761213126946,150.39516985416412,-89.02993053197861,-56.482404470443726,0.09987646446596178,0.3419290000176129,0.03927426451124734,,,cuVSLAM,,
682,1761213126963,145.4998105764389,-88.34365755319595,-56.56455457210541,0.09756744635540048,0.3374320966836394,0.035364461917959264,,,cuVSLAM,,
683,1761213126980,140.3919756412506,-87.66922354698181,-56.72946572303772,0.09519238396762748,0.3326785060883156,0.03103626579178056,,,cuVSLAM,,
684,1761213126996,135.2083832025528,-86.8692621588707,-56.621745228767395,0.09284496358557645,0.32799362909226754,0.026460420450865788,,,cuVSLAM,,
685,1761213127013,129.87500429153442,-86.22165769338608,-56.375548243522644,0.09070775145422115,0.32324716530011705,0.021688403163371745,,,cuVSLAM,,
686,1761213127030,124.35094267129898,-85.64247190952301,-56.00599944591522,0.08865152215119591,0.3182619402349322,0.016252335783775745,,,cuVSLAM,,
687,1761213127046,118.65463107824326,-84.87900346517563,-55.55693805217743,0.0867994082567768,0.3128908862554174,0.011299259906576549,,,cuVSLAM,,
688,1761213127063,112.79070377349854,-84.12954956293106,-55.100053548812866,0.08499137517196008,0.30719290498727186,0.006731029844629073,,,cuVSLAM,,
689,1761213127080,106.86852037906647,-83.36830139160156,-54.4876754283905,0.08300961168224401,0.30160183928996587,0.0018488304445420975,,,cuVSLAM,,
690,1761213127096,100.92927515506744,-82.75987207889557,-53.7758469581604,0.08089552092052966,0.2961035959814594,-0.0042927289027672715,,,cuVSLAM,,
691,1761213127113,94.91166472434998,-82.22991973161697,-52.98970639705658,0.07887509883107625,0.290673106419087,-0.011745069992115265,,,cuVSLAM,,
692,1761213127130,88.93061429262161,-81.66035264730453,-51.99152231216431,0.07708180289292973,0.2854148274491388,-0.01907622226439646,,,cuVSLAM,,
693,1761213127146,82.92679488658905,-80.86565136909485,-51.184043288230896,0.07551851605495062,0.2801011458341307,-0.025431249471416804,,,cuVSLAM,,
694,1761213127163,76.94356143474579,-80.19702136516571,-50.313591957092285,0.07390099081172624,0.2751716286227409,-0.03226765294043739,,,cuVSLAM,,
695,1761213127180,71.070596575737,-79.53968644142151,-49.316808581352234,0.07236276153487509,0.2707141532167052,-0.03871973035073399,,,cuVSLAM,,
696,1761213127196,65.33034145832062,-78.92394065856934,-47.97643423080444,0.07107387075565244,0.26672367028368643,-0.04460120225457424,,,cuVSLAM,,
697,1761213127213,59.550583362579346,-78.20477336645126,-47.00066149234772,0.06988913677410051,0.26240824787273553,-0.05088590044139895,,,cuVSLAM,,
698,1761213127230,53.90086770057678,-77.57582515478134,-45.74859142303467,0.0686565236913912,0.25835533372826736,-0.057395119027066246,,,cuVSLAM,,
699,1761213127246,48.27442765235901,-76.84192806482315,-44.5406436920166,0.06736547588410133,0.2543312012454603,-0.06346115776361046,,,cuVSLAM,,
700,1761213127263,42.73474961519241,-76.08416676521301,-43.498024344444275,0.0659421949919022,0.2501996650834223,-0.06947470172928576,,,cuVSLAM,,
701,1761213127280,37.313856184482574,-75.2323642373085,-42.12459921836853,0.06441023869225188,0.2464875257634917,-0.07460045460217855,,,cuVSLAM,,
702,1761213127296,31.8935364484787,-74.33812320232391,-41.08881950378418,0.06323912938948914,0.2424881073740365,-0.07808841391646877,,,cuVSLAM,,
703,1761213127313,26.827804744243622,-73.55444878339767,-39.76547718048096,0.061991937950016625,0.23899247315715924,-0.0819215741632359,,,cuVSLAM,,
704,1761213127330,21.73919975757599,-72.66414165496826,-38.34567964076996,0.060742535435310566,0.23588949996814912,-0.08683315331925252,,,cuVSLAM,,
705,1761213127346,16.89837872982025,-71.8735083937645,-37.15524077415466,0.05945500616743174,0.2330391879297158,-0.09233153539389903,,,cuVSLAM,,
706,1761213127363,12.266218662261963,-71.2333545088768,-35.906121134757996,0.05816304778743607,0.23064513828586747,-0.09851263128527822,,,cuVSLAM,,
707,1761213127380,7.725656032562256,-70.5946758389473,-34.5141738653183,0.05684252455916752,0.2286234993783847,-0.10562569017402777,,,cuVSLAM,,
708,1761213127396,3.2764971256256104,-69.95072215795517,-33.55921804904938,0.05538508164278304,0.22643474438326064,-0.11380819470895862,,,cuVSLAM,,
709,1761213127413,-1.2522786855697632,-69.32190805673599,-33.065542578697205,0.05399372985615957,0.22403139987185977,-0.12118032161477552,,,cuVSLAM,,
710,1761213127430,-5.486860871315002,-68.68533790111542,-32.38006681203842,0.053406277120724044,0.2219562827941898,-0.12355611040687786,,,cuVSLAM,,
711,1761213127446,-9.556055068969727,-67.63870269060135,-31.790129840373993,0.053081746120956716,0.2200393509103041,-0.1243030659238453,,,cuVSLAM,,
712,1761213127463,-13.585314154624939,-66.84120744466782,-31.185545027256012,0.05268352863267261,0.2184935348955997,-0.12540925709610243,,,cuVSLAM,,
713,1761213127480,-17.439305782318115,-66.26401096582413,-30.937761068344116,0.05240978399980768,0.21702472269464426,-0.12689849978530257,,,cuVSLAM,,
714,1761213127496,-21.24495804309845,-65.69402664899826,-30.894726514816284,0.05234930461130019,0.21571516935931337,-0.12853359284716037,,,cuVSLAM,,
715,1761213127513,-24.851202964782715,-65.05903601646423,-30.79138696193695,0.05240166175908957,0.21462169470662365,-0.13028021961540007,,,cuVSLAM,,
716,1761213127530,-28.383120894432068,-64.61242586374283,-30.46993911266327,0.05252584211417094,0.21375072836469278,-0.13142078505044674,,,cuVSLAM,,
717,1761213127546,-32.00344741344452,-64.34334814548492,-30.322745442390442,0.05244652254280216,0.21267402142345707,-0.13365207108159238,,,cuVSLAM,,
718,1761213127563,-35.49891710281372,-64.18655067682266,-29.99885380268097,0.05248054557790448,0.21176540268608257,-0.1365066841354893,,,cuVSLAM,,
719,1761213127580,-38.7352854013443,-63.73249739408493,-29.48739379644394,0.052488750135976654,0.21104392601819855,-0.1385295159228601,,,cuVSLAM,,
720,1761213127596,-41.71647131443024,-63.080593943595886,-28.983794152736664,0.05278080836748231,0.2103643204001737,-0.13916341652790137,,,cuVSLAM,,
721,1761213127613,-45.00916600227356,-63.01525980234146,-28.66704761981964,0.05326329785009659,0.20969143945718643,-0.13833614820762835,,,cuVSLAM,,
722,1761213127630,-48.15426468849182,-62.83961236476898,-28.262019157409668,0.05373142170266858,0.20921566296572003,-0.13753823843203528,,,cuVSLAM,,
723,1761213127646,-51.08614265918732,-62.48703598976135,-27.944833040237427,0.05398101748101638,0.20882187858238055,-0.1380639542176768,,,cuVSLAM,,
724,1761213127663,-54.19640243053436,-62.6303032040596,-27.73141860961914,0.054175356500787454,0.20859293695691913,-0.14049491940000292,,,cuVSLAM,,
725,1761213127680,-57.06748366355896,-62.9156157374382,-26.880651712417603,0.05422145317574828,0.2090669866418029,-0.14364063620432718,,,cuVSLAM,,
726,1761213127696,-59.66253578662872,-63.02285194396973,-26.01846307516098,0.05465118657642447,0.20976942446226657,-0.14484444428534066,,,cuVSLAM,,
727,1761213127713,-62.3968243598938,-62.78252601623535,-25.9593203663826,0.055481900444798296,0.20998155797394202,-0.14232184752598162,,,cuVSLAM,,
728,1761213127730,-64.67106938362122,-62.5947043299675,-24.904601275920868,0.056473562426020335,0.21120975867014552,-0.1376350919715987,,,cuVSLAM,,
729,1761213127746,-66.7121559381485,-62.68869340419769,-24.12998676300049,0.057300577109772,0.21264424271202423,-0.13447604881574812,,,cuVSLAM,,
730,1761213127763,-68.35891306400299,-62.743306159973145,-22.71176129579544,0.05773397760217488,0.21500911427587954,-0.13404394530152622,,,cuVSLAM,,
731,1761213127780,-69.67620551586151,-62.7901628613472,-21.204762160778046,0.05852626888998868,0.21766375067219704,-0.13219421175115612,,,cuVSLAM,,
732,1761213127796,-70.8451122045517,-62.58676201105118,-19.690141081809998,0.05984747586115197,0.22042328380736068,-0.12667927936689388,,,cuVSLAM,,
733,1761213127813,-71.78047299385071,-62.25860118865967,-17.78329908847809,0.06156393772355692,0.22329426937101227,-0.11925315897317709,,,cuVSLAM,,
734,1761213127830,-72.59674370288849,-62.42276728153229,-15.735350549221039,0.0631043664277761,0.2259520511864047,-0.11409463752168414,,,cuVSLAM,,
735,1761213127846,-73.21907579898834,-62.563829123973846,-13.337574899196625,0.06388723368594353,0.2284629338599848,-0.1147893455939231,,,cuVSLAM,,
736,1761213127863,-73.89137148857117,-62.982529401779175,-10.781608521938324,0.06401560094571512,0.23057881184109685,-0.11905814808535825,,,cuVSLAM,,
737,1761213127880,-74.29774105548859,-63.01014870405197,-8.014440536499023,0.06438146149567624,0.23210065666284585,-0.11898495679339671,,,cuVSLAM,,
738,1761213127896,-74.74872469902039,-62.94707953929901,-4.670858383178711,0.06546353688937656,0.2330728283484675,-0.11216756244075932,,,cuVSLAM,,
739,1761213127913,-74.96248185634613,-62.79691308736801,-1.0303109884262085,0.0665393166283319,0.23362801155804583,-0.10453904663644445,,,cuVSLAM,,
740,1761213127946,-75.55520534515381,-62.57452815771103,5.809515714645386,0.06671485613130755,0.23333060256052676,-0.10465558082374335,,,cuVSLAM,,
741,1761213127963,-75.9093314409256,-62.3343363404274,8.732677437365055,0.06561251970362449,0.23236390877524005,-0.10848314305161255,,,cuVSLAM,,
742,1761213127980,-75.9909600019455,-61.71134114265442,12.572155334055424,0.065103090309897,0.23172383976814023,-0.10831887141748217,,,cuVSLAM,,
743,1761213127996,-76.04502886533737,-61.13084778189659,16.568642109632492,0.06487503958098406,0.2307255273386375,-0.10445757886079735,,,cuVSLAM,,
744,1761213128013,-76.0747566819191,-60.88031455874443,20.634502172470093,0.06468212498753044,0.22947154205777714,-0.10132021047301204,,,cuVSLAM,,
745,1761213128030,-76.024629175663,-60.702040791511536,24.965543299913406,0.06382039867797877,0.22840869395628768,-0.10336488608892923,,,cuVSLAM,,
746,1761213128046,-75.80417394638062,-60.34684553742409,29.057718813419342,0.06233566555559209,0.22742902743938373,-0.11122166922789202,,,cuVSLAM,,
747,1761213128063,-75.4355639219284,-59.856634587049484,33.439215272665024,0.06108844736401566,0.22679153602765217,-0.11565149237960831,,,cuVSLAM,,
748,1761213128080,-74.98988509178162,-59.14520099759102,37.641577422618866,0.061038037376895324,0.22599277782340865,-0.11018430746530015,,,cuVSLAM,,
749,1761213128096,-74.24429059028625,-57.99022689461708,41.913118213415146,0.06138207010349713,0.22518401934520765,-0.10070331994257245,,,cuVSLAM,,
750,1761213128113,-73.43848049640656,-57.128746062517166,46.39510065317154,0.0614395846080959,0.22440148701360893,-0.09394316186130015,,,cuVSLAM,,
751,1761213128130,-72.56381958723068,-56.444402784109116,50.9050153195858,0.06055654389828087,0.2237384895613224,-0.09546547968298545,,,cuVSLAM,,
752,1761213128146,-71.44555449485779,-56.04882538318634,55.2983283996582,0.05879723506601702,0.2231248943859967,-0.10328384336575606,,,cuVSLAM,,
753,1761213128163,-70.06599009037018,-55.38628622889519,59.92201715707779,0.056942160197633325,0.22278858149036485,-0.10968089818148927,,,cuVSLAM,,
754,1761213128180,-68.59757751226425,-54.343756288290024,64.31320309638977,0.055977757298939175,0.22222530409796423,-0.10685225976108413,,,cuVSLAM,,
755,1761213128196,-66.76503270864487,-53.13748121261597,68.87506693601608,0.05555679142985257,0.2218478964919493,-0.09803867880391247,,,cuVSLAM,,
756,1761213128213,-64.64289873838425,-51.96751654148102,73.10473918914795,0.05476017715447484,0.2213760713111421,-0.0914422065086507,,,cuVSLAM,,
757,1761213128230,-62.39122897386551,-51.289912313222885,77.33482122421265,0.0528750921886743,0.2211457352374272,-0.09602331051160953,,,cuVSLAM,,
758,1761213128246,-59.86885726451874,-50.70419982075691,81.30325376987457,0.05007054196729336,0.22081237728703768,-0.11005584293768308,,,cuVSLAM,,
759,1761213128263,-56.955017149448395,-50.31388998031616,85.92579513788223,0.04725538158196129,0.22098260842249084,-0.12386780037907333,,,cuVSLAM,,
760,1761213128280,-53.75956743955612,-49.32558536529541,90.17153829336166,0.04478911366111591,0.22090591060337483,-0.13133886823505597,,,cuVSLAM,,
761,1761213128296,-50.26064068078995,-48.10561239719391,94.39072012901306,0.04285025971671341,0.2211277815335787,-0.1309860817454499,,,cuVSLAM,,
762,1761213128313,-46.449221670627594,-46.687740832567215,98.71652722358704,0.040595457137173795,0.2218466358234394,-0.12967979225527415,,,cuVSLAM,,
763,1761213128330,-42.431097477674484,-45.187585055828094,102.609284222126,0.037176028020612345,0.2227722736351743,-0.1345777567386703,,,cuVSLAM,,
764,1761213128347,-38.288794457912445,-43.56032982468605,106.3011884689331,0.03309620451347375,0.22368320564727298,-0.14223354482431821,,,cuVSLAM,,
765,1761213128363,-34.04020890593529,-41.64305329322815,110.23224890232086,0.029260057465956977,0.22487236671923305,-0.14577243635343767,,,cuVSLAM,,
766,1761213128380,-29.735922813415527,-39.52356055378914,113.84963244199753,0.026106666776156317,0.22592260832916938,-0.14174445038748337,,,cuVSLAM,,
767,1761213128396,-25.206994265317917,-36.668241024017334,117.09527671337128,0.02347643004314697,0.22676634455154676,-0.13293787142161512,,,cuVSLAM,,
768,1761213128413,-20.826593041419983,-34.18509662151337,120.609812438488,0.020586949734792408,0.22796201226226964,-0.12646182295331249,,,cuVSLAM,,
769,1761213128430,-16.481958329677582,-31.679533421993256,123.43386560678482,0.016713762616978857,0.22889922039577723,-0.12758603913074046,,,cuVSLAM,,
770,1761213128446,-12.253813445568085,-29.277410358190536,125.78834593296051,0.012336541021161086,0.2297914581499621,-0.13282037384944537,,,cuVSLAM,,
771,1761213128463,-8.03886353969574,-26.70295163989067,128.13922762870789,0.008442230999856536,0.2309046341000613,-0.13540204389425514,,,cuVSLAM,,
772,1761213128480,-3.9412975311279297,-23.821063339710236,130.32574951648712,0.00523224190976088,0.23203690757479178,-0.13265848662437604,,,cuVSLAM,,
773,1761213128496,0.2507641911506653,-20.73611319065094,132.1609914302826,0.0028648166667310866,0.23277027205739062,-0.12513258520500703,,,cuVSLAM,,
774,1761213128513,4.234746098518372,-17.803873866796494,133.87741148471832,0.0007941035440705631,0.2332328440794814,-0.1169444357050024,,,cuVSLAM,,
775,1761213128530,8.067436516284943,-15.141062438488007,135.52938401699066,-0.001734145419022443,0.23349180905991218,-0.11490815572437298,,,cuVSLAM,,
776,1761213128546,11.826030910015106,-12.57970929145813,136.7897242307663,-0.004861737029843648,0.23331424062128983,-0.11850698559874871,,,cuVSLAM,,
777,1761213128563,15.465907752513885,-9.955994784832,137.83645629882812,-0.007661298556825566,0.23302931308414476,-0.12218213593454977,,,cuVSLAM,,
778,1761213128580,18.938377499580383,-7.5814612209796906,138.78494501113892,-0.009437374808678855,0.2326939562415531,-0.12144861593494635,,,cuVSLAM,,
779,1761213128596,22.410616278648376,-4.781737923622131,139.44785296916962,-0.009939262844680484,0.23224299272086765,-0.11536672575191238,,,cuVSLAM,,
780,1761213128613,25.86345374584198,-2.183344215154648,139.93407785892487,-0.009670458787259186,0.23172229132236014,-0.10552455887117407,,,cuVSLAM,,
781,1761213128630,29.15877103805542,0.21314620971679688,140.1917189359665,-0.009327220687137198,0.23089072188901782,-0.09743257295982839,,,cuVSLAM,,
782,1761213128646,32.34964609146118,2.4805590510368347,140.34020900726318,-0.009548009615434698,0.22982194810988377,-0.09502387036630676,,,cuVSLAM,,
783,1761213128663,35.447582602500916,4.669182002544403,139.9957537651062,-0.009914655194393768,0.22839666397646163,-0.0951814546365594,,,cuVSLAM,,
784,1761213128680,38.52885216474533,6.632767617702484,139.3723040819168,-0.009846686766362413,0.22703358544073565,-0.09497311207866212,,,cuVSLAM,,
785,1761213128696,41.706547141075134,8.689187467098236,138.6527419090271,-0.009405213797480088,0.22604998784389382,-0.09378536745832021,,,cuVSLAM,,
786,1761213128713,44.90029811859131,10.7111856341362,138.01126182079315,-0.008454466826212845,0.22549588834669376,-0.09111948053933193,,,cuVSLAM,,
787,1761213128730,48.12406003475189,12.647874653339386,137.03587651252747,-0.007188831509077357,0.22494094778549595,-0.08757371036735631,,,cuVSLAM,,
788,1761213128746,51.48981511592865,14.479011297225952,135.99355518817902,-0.005723215971533963,0.2247981358464463,-0.08345014972887436,,,cuVSLAM,,
789,1761213128780,58.55803191661835,18.27365905046463,132.85815715789795,-0.002877560695700947,0.22632137997367116,-0.07382968477791828,,,cuVSLAM,,
790,1761213128796,62.20178306102753,20.14467865228653,131.04812800884247,-0.0015700954080674712,0.22803655627277714,-0.06882025361037146,,,cuVSLAM,,
791,1761213128813,65.91720879077911,21.990381181240082,128.76492738723755,-0.0001401041536254377,0.22986885683505753,-0.06350663836088895,,,cuVSLAM,,
792,1761213128830,69.77249681949615,23.691505193710327,126.51695311069489,0.0013111860850314027,0.23213849929409733,-0.05841784729913136,,,cuVSLAM,,
793,1761213128846,73.60246777534485,25.433287024497986,123.71455132961273,0.0026637163320079624,0.2345193561914839,-0.054399549489326626,,,cuVSLAM,,
794,1761213128863,77.45769619941711,27.090921998023987,120.83740532398224,0.003832545972056428,0.23751133981578007,-0.0505353211502425,,,cuVSLAM,,
795,1761213128880,81.32736384868622,28.54255586862564,117.81889945268631,0.004622369546283527,0.24101127260998262,-0.04772841591782692,,,cuVSLAM,,
796,1761213128896,85.27122437953949,30.21358698606491,114.70354348421097,0.005269711746462484,0.24499914171619008,-0.04508603870986713,,,cuVSLAM,,
797,1761213128913,89.20252323150635,32.05125778913498,111.27310246229172,0.005765250668418481,0.24916310705552058,-0.04233872085531261,,,cuVSLAM,,
798,1761213128930,93.16618740558624,33.60014408826828,107.89766907691956,0.005946027852964186,0.2536679645639958,-0.04068189981171681,,,cuVSLAM,,
799,1761213128946,97.02673554420471,35.44416278600693,104.2134165763855,0.0059560682901116345,0.2580955515462575,-0.03850635646062638,,,cuVSLAM,,
800,1761213128963,100.90412199497223,38.00126910209656,100.46737641096115,0.006053141436382715,0.2626453160741291,-0.03480868372663558,,,cuVSLAM,,
801,1761213128980,104.82285916805267,39.9274080991745,96.72872722148895,0.005910121102851851,0.2674631903939521,-0.03129358227804021,,,cuVSLAM,,
802,1761213128996,108.70762169361115,41.865065693855286,92.79685467481613,0.005666324169448242,0.27242565856477396,-0.028511889617367794,,,cuVSLAM,,
803,1761213129013,112.53547668457031,43.669603765010834,88.92275393009186,0.005020882842986741,0.2777371449000634,-0.02705487770108121,,,cuVSLAM,,
804,1761213129030,116.29891395568848,45.58213800191879,84.97469127178192,0.003960159342657839,0.28315737326006346,-0.027187185322461692,,,cuVSLAM,,
805,1761213129046,120.10729312896729,47.634057700634,81.27015084028244,0.002786041950492492,0.2887415522332456,-0.026760541279806826,,,cuVSLAM,,
806,1761213129063,123.82486462593079,50.351738929748535,77.4451345205307,0.0019796129846815225,0.2941406413442004,-0.02427295987572824,,,cuVSLAM,,
807,1761213129080,127.39843130111694,53.00464481115341,73.56144487857819,0.0014690481187709804,0.29927655007538323,-0.019675573778840924,,,cuVSLAM,,
808,1761213129096,130.7925283908844,55.15780299901962,69.57624852657318,0.0008063305246657895,0.30425027937506927,-0.015939241700680364,,,cuVSLAM,,
809,1761213129113,134.12447273731232,57.538144290447235,65.52892923355103,-0.0005439872737087339,0.30899765693963943,-0.01578981101456632,,,cuVSLAM,,
810,1761213129130,137.20618188381195,59.81750041246414,61.38032674789429,-0.0021657306624923186,0.31330216979257913,-0.016932727128877327,,,cuVSLAM,,
811,1761213129146,140.17416536808014,62.00295686721802,57.40244314074516,-0.003587195655545028,0.3172829553924142,-0.01707238610493012,,,cuVSLAM,,
812,1761213129163,142.95054972171783,64.37475234270096,53.32192778587341,-0.004664551094334131,0.3206012079037333,-0.015781500672793738,,,cuVSLAM,,
813,1761213129180,145.6446647644043,66.83254987001419,49.329712986946106,-0.005336039350366754,0.3236818459274802,-0.012550055306778916,,,cuVSLAM,,
814,1761213129196,148.22131395339966,69.23023611307144,45.35938426852226,-0.005683048843477885,0.3266446620534121,-0.008510908183724773,,,cuVSLAM,,
815,1761213129213,150.6623476743698,71.56994193792343,41.40457883477211,-0.00602503252170152,0.3295770310336849,-0.00529574287493038,,,cuVSLAM,,
816,1761213129230,152.9904454946518,73.77289980649948,37.16806694865227,-0.006105022675207612,0.33235645819114207,-0.0015946154541432755,,,cuVSLAM,,
817,1761213129246,155.18559515476227,75.86253434419632,33.047568053007126,-0.005909766545789802,0.33525660963581266,0.0016760836052498865,,,cuVSLAM,,
818,1761213129263,157.2774052619934,77.65937596559525,29.010318219661713,-0.005656199578801297,0.33811191002171254,0.003602319473065059,,,cuVSLAM,,
819,1761213129280,159.20914709568024,79.62018996477127,24.74747970700264,-0.005206149149764669,0.3406231827352137,0.005164494608497969,,,cuVSLAM,,
820,1761213129296,160.97350418567657,81.38275891542435,20.528824999928474,-0.004391267769057337,0.3429923437105336,0.007817557769384509,,,cuVSLAM,,
821,1761213129313,162.5402867794037,83.26119929552078,16.042552888393402,-0.0035619535016213674,0.34518930575629686,0.00998941999869174,,,cuVSLAM,,
822,1761213129330,163.92874717712402,84.68639105558395,11.830434203147888,-0.002708441481264816,0.3476102872232992,0.011309633367930403,,,cuVSLAM,,
823,1761213129346,165.14956951141357,86.262546479702,7.59795680642128,-0.001709656031690949,0.35000817102299764,0.012925612115388679,,,cuVSLAM,,
824,1761213129363,165.9102588891983,87.72432059049606,1.3879617908969522,-0.00032193291159730316,0.3509129755982753,0.016290427882383572,,,cuVSLAM,,
825,1761213129380,166.68857634067535,89.37116712331772,-3.084885887801647,0.0011989810357496658,0.35290779550542145,0.019944527176067973,,,cuVSLAM,,
826,1761213129396,167.3937439918518,90.7745286822319,-7.432699669152498,0.0024969923447112526,0.35477688789003176,0.02239740593999814,,,cuVSLAM,,
827,1761213129413,167.78422892093658,92.20736473798752,-12.033488601446152,0.003643225944600026,0.35612646821754446,0.023899321245730857,,,cuVSLAM,,
828,1761213129430,168.00767183303833,93.6654657125473,-16.526129096746445,0.004837236849224053,0.357498241427439,0.02565402492705874,,,cuVSLAM,,
829,1761213129446,168.07495057582855,95.1063260436058,-20.81236243247986,0.006216849754832532,0.35900717599601467,0.028504720155151802,,,cuVSLAM,,
830,1761213129463,167.96547174453735,96.51945531368256,-25.145873427391052,0.007446652911711519,0.3603836919862625,0.03134396037691249,,,cuVSLAM,,
831,1761213129496,166.98653995990753,99.3276759982109,-33.71313959360123,0.00949217261881964,0.3627508076769403,0.03642386961991887,,,cuVSLAM,,
832,1761213129513,166.1369800567627,100.73918104171753,-37.879057228565216,0.010383450934382707,0.36376981706720835,0.038614268517780194,,,cuVSLAM,,
833,1761213129530,164.9942398071289,102.01757401227951,-42.05414280295372,0.011268996862168491,0.3643880304197499,0.039701255255765414,,,cuVSLAM,,
834,1761213129546,163.62601518630981,103.23050618171692,-45.881159603595734,0.012446920239218824,0.36482250805675825,0.04105499904696915,,,cuVSLAM,,
835,1761213129563,161.99025511741638,104.48027402162552,-49.609627574682236,0.013888714471531597,0.3649872511170768,0.04429459544867034,,,cuVSLAM,,
836,1761213129580,160.08047759532928,105.8862954378128,-53.37574705481529,0.015265472026321903,0.364942718932772,0.048434524234952335,,,cuVSLAM,,
837,1761213129596,158.03921222686768,107.41691291332245,-57.10293352603912,0.016041302553533542,0.3650278106770946,0.05104754551574508,,,cuVSLAM,,
838,1761213129613,155.8072865009308,108.8709831237793,-60.696590691804886,0.01651260955362975,0.36532774185824846,0.05295881763540246,,,cuVSLAM,,
839,1761213129630,153.3486247062683,110.34570634365082,-64.18866664171219,0.01693597319547246,0.36529637940333337,0.05441656265846752,,,cuVSLAM,,
840,1761213129646,150.77944099903107,111.87942326068878,-67.3798993229866,0.01702323252256414,0.36501904076844577,0.05393721076324394,,,cuVSLAM,,
841,1761213129663,148.05074036121368,113.4483590722084,-70.45859843492508,0.016516863764852247,0.364526707443302,0.051559906050104146,,,cuVSLAM,,
842,1761213129680,145.27764916419983,115.26110023260117,-73.40887188911438,0.016092010157155077,0.36415710922683486,0.050971889035969935,,,cuVSLAM,,
843,1761213129696,142.42814481258392,117.27367341518402,-76.1837288737297,0.015686118510342045,0.36420291986760395,0.05158986550151455,,,cuVSLAM,,
844,1761213129713,139.4384354352951,119.17335540056229,-78.9407342672348,0.015012865921807384,0.36438845227173516,0.050917693840606376,,,cuVSLAM,,
845,1761213129730,136.43284142017365,121.24177813529968,-81.87323063611984,0.01439054712112984,0.364394454094515,0.049974296005888014,,,cuVSLAM,,
846,1761213129746,133.3291530609131,123.2261061668396,-84.6969485282898,0.013849316550668766,0.3644192918759407,0.04931353020277987,,,cuVSLAM,,
847,1761213129763,130.14626502990723,125.19022822380066,-87.41270750761032,0.01298703915393435,0.3644423996640585,0.04740348606416762,,,cuVSLAM,,
848,1761213129780,126.89551711082458,127.34483182430267,-90.20309895277023,0.01170417007161266,0.3643769351859218,0.044656029604219126,,,cuVSLAM,,
849,1761213129796,123.5053539276123,129.32008504867554,-92.73099154233932,0.01045700706264247,0.3643012749724585,0.04290468625607567,,,cuVSLAM,,
850,1761213129813,120.0161874294281,131.27169013023376,-95.14002501964569,0.009576801448740239,0.3638093532732317,0.04212973421616032,,,cuVSLAM,,
851,1761213129830,116.34236574172974,133.3029866218567,-97.5981280207634,0.009217122892864438,0.36252819291879124,0.04201950437298953,,,cuVSLAM,,
852,1761213129846,112.488754093647,135.24851202964783,-99.9574139714241,0.009235390590143172,0.36063342502037377,0.04239868415822132,,,cuVSLAM,,
853,1761213129863,108.63061249256134,137.2009813785553,-102.25873440504074,0.009108556185039588,0.358537414563716,0.04262505393672786,,,cuVSLAM,,
854,1761213129880,104.71540689468384,139.2209529876709,-104.22241687774658,0.008969386162817145,0.35675562971240504,0.043878975929972135,,,cuVSLAM,,
855,1761213129896,100.71571171283722,141.10808074474335,-106.19749128818512,0.008747913217653813,0.35506268909856614,0.045451582027172054,,,cuVSLAM,,
856,1761213129913,96.70061618089676,142.93377101421356,-107.90569335222244,0.008771662470336415,0.353317245654286,0.046325570899308374,,,cuVSLAM,,
857,1761213129930,92.67427772283554,144.71885561943054,-109.45887863636017,0.00929664932562817,0.35118959945591777,0.047408759962984784,,,cuVSLAM,,
858,1761213129946,88.50625157356262,146.53870463371277,-110.56086421012878,0.010153577933330797,0.34892502704411116,0.04900427791580985,,,cuVSLAM,,
859,1761213129963,84.33105051517487,148.3319252729416,-111.66951060295105,0.010697432335784884,0.346440729437859,0.050409267500922374,,,cuVSLAM,,
860,1761213129980,80.16473799943924,150.171160697937,-112.60231584310532,0.010508938318048638,0.3441028012668075,0.050369862914555565,,,cuVSLAM,,
861,1761213129996,75.88235288858414,151.91388130187988,-113.27235400676727,0.01003004173856883,0.34185023871205855,0.04987531293696316,,,cuVSLAM,,
862,1761213130013,71.56849652528763,153.80188822746277,-114.05997723340988,0.0096657521261833,0.3393034438006854,0.04931532783278383,,,cuVSLAM,,
863,1761213130030,67.22424924373627,155.4901748895645,-114.43104594945908,0.00980912755238543,0.3368132553681958,0.04894753028089485,,,cuVSLAM,,
864,1761213130046,62.893375754356384,157.23079442977905,-114.52116072177887,0.010249278160847967,0.3343516944078212,0.04961711828535511,,,cuVSLAM,,
865,1761213130063,58.45211446285248,158.98075699806213,-114.7032231092453,0.010556869362429633,0.3318428995298756,0.05063679481151969,,,cuVSLAM,,
866,1761213130080,54.14126813411713,160.72013974189758,-114.62283879518509,0.01065342686395088,0.32962301976445174,0.05142394004097288,,,cuVSLAM,,
867,1761213130096,49.71854388713837,162.3179316520691,-114.4116148352623,0.010753981876624203,0.3276158245390663,0.05172058900999403,,,cuVSLAM,,
868,1761213130113,45.52078992128372,163.91247510910034,-114.00170624256134,0.01075497585607306,0.3257065247004953,0.049969466009680955,,,cuVSLAM,,
869,1761213130130,41.356950998306274,165.49727320671082,-113.46843093633652,0.011031441909657071,0.32366299220363437,0.047638429663009026,,,cuVSLAM,,
870,1761213130146,37.380412220954895,167.05216467380524,-112.90638148784637,0.011703195435028672,0.3214385153639421,0.04791930631218319,,,cuVSLAM,,
871,1761213130180,29.42827343940735,170.16258835792542,-110.84965616464615,0.012373855192484014,0.3174403119426469,0.0543845122464069,,,cuVSLAM,,
872,1761213130196,25.688573718070984,171.83440923690796,-109.83218997716904,0.011966257983307253,0.3152896107105109,0.05675170856989984,,,cuVSLAM,,
873,1761213130213,22.182762622833252,173.49332571029663,-108.55972021818161,0.011505404486334312,0.31324075987026473,0.05833485147645291,,,cuVSLAM,,
874,1761213130230,18.718183040618896,174.95857179164886,-107.03360289335251,0.011062629929711718,0.31151444118548943,0.05907854085265325,,,cuVSLAM,,
875,1761213130246,15.47059416770935,176.049143075943,-105.46290874481201,0.011001928308912595,0.3100296050884786,0.06046310694758698,,,cuVSLAM,,
876,1761213130263,12.482032179832458,177.18243598937988,-103.67357730865479,0.011376384360187565,0.309019984931079,0.0631315007167226,,,cuVSLAM,,
877,1761213130280,9.581178426742554,178.26484143733978,-101.6908586025238,0.012158206193561477,0.30831718814454967,0.06630708178969412,,,cuVSLAM,,
878,1761213130296,6.727203726768494,179.09280955791473,-99.54249858856201,0.013099470206157066,0.3078087435055082,0.06903566778509733,,,cuVSLAM,,
879,1761213130313,4.033878445625305,179.88234758377075,-97.22933173179626,0.014124447578459778,0.3073189481107038,0.07150193168567505,,,cuVSLAM,,
880,1761213130330,1.4590173959732056,180.56344985961914,-94.88579630851746,0.015345333536439422,0.3067243718521705,0.07505795844653959,,,cuVSLAM,,
881,1761213130346,-0.9730011224746704,181.20485544204712,-92.62389689683914,0.01667642142850917,0.30603073477968934,0.07875639875267051,,,cuVSLAM,,
882,1761213130363,-3.2071322202682495,181.67683482170105,-89.94709700345993,0.01803843164601695,0.30577860290933595,0.079738809867612,,,cuVSLAM,,
883,1761213130380,-5.358323454856873,181.7164421081543,-87.23044395446777,0.019065383047879927,0.3057020528796811,0.0755918952499983,,,cuVSLAM,,
884,1761213130396,-7.1722716093063354,181.48252367973328,-84.54318344593048,0.020012778957242034,0.3059279742899355,0.06855256375383163,,,cuVSLAM,,
885,1761213130413,-8.914768695831299,181.55884742736816,-81.75221085548401,0.02145277126995443,0.306661106567824,0.06321885195109128,,,cuVSLAM,,
886,1761213130430,-10.374128818511963,181.72313272953033,-78.77935469150543,0.023678434264102564,0.30788006744380453,0.06227549754295835,,,cuVSLAM,,
887,1761213130446,-11.726349592208862,182.13620781898499,-75.6220743060112,0.026602764517655232,0.3092853347084543,0.0660956414286399,,,cuVSLAM,,
888,1761213130463,-12.958437204360962,182.76438117027283,-72.57115095853806,0.029966154018759954,0.3104423590073831,0.07345905006821678,,,cuVSLAM,,
889,1761213130480,-14.320552349090576,183.26601386070251,-69.29969787597656,0.03300907326031749,0.3111931478691083,0.079956438271869,,,cuVSLAM,,
890,1761213130496,-15.536010265350342,183.50571393966675,-65.9416913986206,0.03495112537823102,0.3112364489206588,0.08111241940421847,,,cuVSLAM,,
891,1761213130513,-16.88525080680847,183.52285027503967,-62.1652752161026,0.03560812966045709,0.3106150384990239,0.07783433672575499,,,cuVSLAM,,
892,1761213130530,-18.104925751686096,184.0256154537201,-58.62688645720482,0.03601058247617947,0.30886974606492534,0.07576738384331837,,,cuVSLAM,,
893,1761213130546,-19.65068280696869,184.74069237709045,-54.82032522559166,0.03713178858930538,0.3062463651028053,0.08109347181887798,,,cuVSLAM,,
894,1761213130563,-21.148711442947388,185.96403300762177,-50.75809732079506,0.03855772327989428,0.30288331356943254,0.090712014119519,,,cuVSLAM,,
895,1761213130580,-22.966086864471436,186.87359988689423,-46.467237174510956,0.03911589794223182,0.29898894063984216,0.09721967608535215,,,cuVSLAM,,
896,1761213130596,-24.843931198120117,187.77278065681458,-42.04019904136658,0.03864894150202488,0.2947378602284287,0.09910898200961014,,,cuVSLAM,,
897,1761213130613,-26.776358485221863,189.0893578529358,-37.771835923194885,0.03764121800118644,0.29020165059766884,0.10035912315725586,,,cuVSLAM,,
898,1761213130630,-28.664186596870422,190.46327471733093,-33.48056972026825,0.03654340080708875,0.28569591893315943,0.10321134646507162,,,cuVSLAM,,
899,1761213130646,-30.411675572395325,192.050963640213,-28.8495235145092,0.0358094998367598,0.2814844236642659,0.10869152811462171,,,cuVSLAM,,
900,1761213130663,-32.12839365005493,193.76926124095917,-24.148784577846527,0.03491840662935069,0.2775651819628376,0.11435754428138428,,,cuVSLAM,,
901,1761213130680,-33.73873233795166,195.13970613479614,-19.38726380467415,0.033599112890970353,0.2740548135400845,0.11789978606779512,,,cuVSLAM,,
902,1761213130696,-35.1652055978775,197.07798957824707,-14.640781097114086,0.03194933883030287,0.2707404774599651,0.12094240340999844,,,cuVSLAM,,
903,1761213130713,-36.520957946777344,198.92987608909607,-9.554470889270306,0.029895837977701206,0.2678114306746894,0.12382797279520112,,,cuVSLAM,,
904,1761213130730,-37.776291370391846,200.91527700424194,-4.3862503953278065,0.02742121885857557,0.2650392289949884,0.12710803907588492,,,cuVSLAM,,
905,1761213130746,-38.99061679840088,202.99901068210602,0.7675607921555638,0.02513098183076666,0.2621169023046061,0.13298179399534527,,,cuVSLAM,,
906,1761213130763,-39.86285626888275,205.25327324867249,6.026855669915676,0.022414994704262014,0.25921349130219573,0.13767876611377206,,,cuVSLAM,,
907,1761213130780,-40.77921807765961,207.15120434761047,11.547351256012917,0.019299930738215648,0.25636239481096246,0.13902504355904738,,,cuVSLAM,,
908,1761213130796,-41.38101637363434,209.77097749710083,17.040478065609932,0.01572668458900831,0.2534591187183123,0.13920583914288792,,,cuVSLAM,,
909,1761213130813,-42.10945963859558,212.06872165203094,22.304518148303032,0.011794218284865668,0.25038566817669383,0.14001319690914937,,,cuVSLAM,,
910,1761213130830,-42.636483907699585,214.59946036338806,28.087997809052467,0.0076794328515037745,0.24785983028587286,0.14135560342346246,,,cuVSLAM,,
911,1761213130846,-42.85365343093872,217.8260087966919,33.85811671614647,0.0034508221752114158,0.24537084052855165,0.14311657156549168,,,cuVSLAM,,
912,1761213130880,-44.23200711607933,221.7159867286682,44.81134936213493,-0.00431350523115935,0.2387654480044369,0.14241614415556028,,,cuVSLAM,,
913,1761213130896,-44.62727904319763,224.50637817382812,50.67078769207001,-0.007604804584720798,0.23545119206456028,0.14163164306184375,,,cuVSLAM,,
914,1761213130913,-45.04609853029251,226.92139446735382,56.52696639299393,-0.010783759614168461,0.23214078216994188,0.14199222024733527,,,cuVSLAM,,
915,1761213130930,-45.3653521835804,229.47059571743011,62.4007023870945,-0.01374410567934477,0.2291151338977596,0.14372585412320532,,,cuVSLAM,,
916,1761213130946,-45.59487849473953,231.91098868846893,68.00767779350281,-0.016794512609229074,0.22613888772641857,0.14459228036733895,,,cuVSLAM,,
917,1761213130963,-45.87053880095482,234.28001999855042,73.75876605510712,-0.019510660732580117,0.22325329996904134,0.1443397406698751,,,cuVSLAM,,
918,1761213130980,-46.12734541296959,236.61623895168304,79.51189577579498,-0.02174920302311128,0.22033969738938133,0.14524656824743126,,,cuVSLAM,,
919,1761213130996,-46.272289007902145,238.97497355937958,85.377037525177,-0.02354123334005603,0.21747690851211224,0.1480238792291997,,,cuVSLAM,,
920,1761213131013,-46.3944748044014,241.19319021701813,91.05443954467773,-0.02517791465144565,0.21473234405825375,0.15216438187382714,,,cuVSLAM,,
921,1761213131030,-46.25232517719269,243.32410097122192,96.39091044664383,-0.026905301071781625,0.2121139438099405,0.15508042482483417,,,cuVSLAM,,
922,1761213131046,-45.805856585502625,245.19485235214233,101.9471138715744,-0.029139630580587474,0.21002028230000702,0.15144957384552749,,,cuVSLAM,,
923,1761213131063,-45.0238473713398,246.99823558330536,107.38027095794678,-0.031427781088780304,0.20836952719906343,0.14534159512270584,,,cuVSLAM,,
924,1761213131080,-44.16869580745697,248.96544218063354,112.42265999317169,-0.03318793964206304,0.20705723970316345,0.14362121569479916,,,cuVSLAM,,
925,1761213131096,-43.05441305041313,251.20505690574646,117.40636825561523,-0.03445604576405732,0.20626696872666445,0.14599421065761786,,,cuVSLAM,,
926,1761213131113,-41.59281775355339,253.28418612480164,122.37238883972168,-0.035491471506882685,0.20603085760340983,0.1506145293439287,,,cuVSLAM,,
927,1761213131130,-39.827607572078705,255.455881357193,127.19184160232544,-0.03676933473204966,0.20619202494413028,0.1536974617834979,,,cuVSLAM,,
928,1761213131146,-37.69516572356224,257.47111439704895,131.60917162895203,-0.03856766618074268,0.20668395584979182,0.1518900618774601,,,cuVSLAM,,
929,1761213131163,-35.27677059173584,259.44894552230835,135.47582924365997,-0.04061125076513909,0.20759719827069162,0.1480873914604692,,,cuVSLAM,,
930,1761213131180,-32.638195902109146,261.34347915649414,139.1732096672058,-0.04240503206317129,0.20915135733452184,0.14569868768611988,,,cuVSLAM,,
931,1761213131197,-29.65608425438404,263.50587606430054,142.6762193441391,-0.04390179677328332,0.21122641536974893,0.14471827327011863,,,cuVSLAM,,
932,1761213131213,-26.49489976465702,265.5986547470093,145.77071368694305,-0.045038163882403115,0.21365790704513488,0.14611759872592361,,,cuVSLAM,,
933,1761213131230,-23.038063198328018,267.80515909194946,148.79712462425232,-0.045971087522087284,0.21658256408251994,0.14888840684603005,,,cuVSLAM,,
934,1761213131246,-19.291719421744347,269.79175209999084,151.46325528621674,-0.04690731733572321,0.2195646327801241,0.15079467100960342,,,cuVSLAM,,
935,1761213131263,-15.451954677700996,271.7232406139374,153.70523929595947,-0.04781508670747471,0.22245124013927445,0.15163334094211162,,,cuVSLAM,,
936,1761213131280,-11.47615909576416,273.33980798721313,155.8234691619873,-0.048456049964596556,0.22511935479433404,0.1516153088643692,,,cuVSLAM,,
937,1761213131296,-7.176671177148819,274.9139666557312,157.64497220516205,-0.04941644134101722,0.2277217389132112,0.1492409309444773,,,cuVSLAM,,
938,1761213131313,-2.872936427593231,276.4286994934082,159.27965939044952,-0.049967814336177724,0.23048848692033427,0.14777979310567904,,,cuVSLAM,,
939,1761213131330,1.7131082713603973,277.76050567626953,160.03501415252686,-0.0502237569136809,0.23310876544716372,0.14817959129067454,,,cuVSLAM,,
940,1761213131346,6.370373070240021,279.1390120983124,160.7055515050888,-0.04982862986177158,0.23607183407670296,0.15185080354566136,,,cuVSLAM,,
941,1761213131363,11.152990162372589,280.53921461105347,161.10029816627502,-0.04882397119764574,0.23902711513319913,0.1593893819255611,,,cuVSLAM,,
942,1761213131380,16.023755073547363,281.7320227622986,161.17733716964722,-0.047216204876030184,0.24187341928359965,0.1690297049272666,,,cuVSLAM,,
943,1761213131396,21.2513767182827,282.9197645187378,161.32669150829315,-0.04541639118050794,0.24502014962987306,0.17778209859569133,,,cuVSLAM,,
944,1761213131413,26.628222316503525,283.9585244655609,160.9235405921936,-0.04408176062425147,0.2481819479587485,0.18259264910044165,,,cuVSLAM,,
945,1761213131430,32.15009346604347,284.9089503288269,160.35299003124237,-0.04334354921154755,0.25178899158778806,0.18405800602714323,,,cuVSLAM,,
946,1761213131446,37.782978266477585,285.5662405490875,159.20671820640564,-0.042858783285117386,0.2556090638854881,0.1845219424147799,,,cuVSLAM,,
947,1761213131463,43.53001341223717,286.2522006034851,157.13083744049072,-0.04257559666962572,0.2596040598511204,0.18364262429055606,,,cuVSLAM,,
948,1761213131480,49.50052872300148,286.70915961265564,155.29286861419678,-0.042151067765866204,0.26440637489888347,0.18118218008012413,,,cuVSLAM,,
949,1761213131496,55.61862513422966,286.6448760032654,152.78232097625732,-0.04156855421673335,0.2692323796838157,0.17709028622185108,,,cuVSLAM,,
950,1761213131513,61.834003776311874,286.44677996635437,150.0053107738495,-0.04079517278328558,0.2743141267776127,0.171664090722854,,,cuVSLAM,,
951,1761213131530,68.15940141677856,286.4702343940735,146.95529639720917,-0.039359534899265844,0.2797891980067548,0.16866259419366417,,,cuVSLAM,,
952,1761213131546,74.58460330963135,286.31624579429626,143.88641715049744,-0.0369322224771811,0.2858557173819501,0.1701173716390823,,,cuVSLAM,,
953,1761213131563,81.13172650337219,286.23437881469727,139.9555802345276,-0.03419391857458194,0.2919940754891453,0.17291523588096566,,,cuVSLAM,,
954,1761213131596,94.72484886646271,285.13023257255554,131.976917386055,-0.028713211183556672,0.30638078723818896,0.174252650395071,,,cuVSLAM,,
955,1761213131613,101.4799028635025,284.29925441741943,127.13757157325745,-0.02639709735270385,0.3134115598826166,0.17171883664423152,,,cuVSLAM,,
956,1761213131630,108.383908867836,283.94195437431335,122.4759966135025,-0.02368485402272108,0.3208600731153414,0.17064323240563853,,,cuVSLAM,,
957,1761213131646,115.34687876701355,283.3542227745056,117.88229644298553,-0.02054810146917305,0.32860678480113836,0.171726380729331,,,cuVSLAM,,
958,1761213131663,122.2575306892395,282.6339900493622,112.62749135494232,-0.01765281935335916,0.33589215914221715,0.17190187748630903,,,cuVSLAM,,
959,1761213131680,129.02763485908508,281.5814018249512,107.41697251796722,-0.015027692689222714,0.3430414140191887,0.1705003267307863,,,cuVSLAM,,
960,1761213131696,135.63697040081024,280.65261244773865,101.89209878444672,-0.012825381784815511,0.3498244583197167,0.1676895845876986,,,cuVSLAM,,
961,1761213131713,142.2090232372284,279.773473739624,96.88910841941833,-0.010448632220513445,0.3568718801794807,0.16535372117856426,,,cuVSLAM,,
962,1761213131730,148.60299229621887,279.1759967803955,91.48959070444107,-0.00779730641802916,0.3635377633788153,0.16534106692321116,,,cuVSLAM,,
963,1761213131746,154.62949872016907,278.55536341667175,85.93036234378815,-0.0052537146741914575,0.37007362464487326,0.16550884696062354,,,cuVSLAM,,
964,1761213131763,160.4575514793396,277.79364585876465,80.10711520910263,-0.0033478890158489026,0.37619868483592583,0.16330732319584243,,,cuVSLAM,,
965,1761213131780,165.99658131599426,277.4890959262848,74.07765835523605,-0.0014505531819709214,0.3818324523799959,0.16254028558921768,,,cuVSLAM,,
966,1761213131796,171.214759349823,277.1296501159668,68.2341605424881,0.0006411959829184205,0.3871832322448845,0.16383050461365714,,,cuVSLAM,,
967,1761213131813,176.01220309734344,276.8002152442932,62.38124519586563,0.0021182995968626796,0.39208402353651184,0.16401838916307626,,,cuVSLAM,,
968,1761213131830,180.45568466186523,276.46690607070923,56.59932270646095,0.002884466017364787,0.3966978992061417,0.16300052159777054,,,cuVSLAM,,
969,1761213131846,184.50181186199188,276.30746364593506,50.77577382326126,0.002814861181134218,0.40105446531469247,0.16012437846374156,,,cuVSLAM,,
970,1761213131863,188.2212907075882,276.2317359447479,44.89006847143173,0.002125053620487986,0.40502389716807563,0.15652482656808608,,,cuVSLAM,,
971,1761213131880,191.64767861366272,276.5260636806488,39.02871161699295,0.0014692217097226805,0.40849434480649954,0.15392998282191775,,,cuVSLAM,,
972,1761213131896,194.9089765548706,276.8545150756836,33.28010439872742,0.001151404960696086,0.4116839778407244,0.15308904096381826,,,cuVSLAM,,
973,1761213131913,197.89189100265503,276.9273817539215,27.418609708547592,0.001066541479985701,0.41454770707637656,0.1529209899134004,,,cuVSLAM,,
974,1761213131930,200.80187916755676,277.01535820961,21.477319300174713,0.0008965110024882409,0.4175459100758353,0.15229012695570546,,,cuVSLAM,,
975,1761213131946,203.59918475151062,276.9235074520111,15.64260944724083,0.00029029715211108904,0.4208168163779395,0.14925546653916666,,,cuVSLAM,,
976,1761213131963,206.29045367240906,276.8048942089081,9.790435433387756,-0.00013155392849109536,0.42417186714892224,0.1467153607616722,,,cuVSLAM,,
977,1761213131980,208.74807238578796,276.81994438171387,4.0013715624809265,-0.00014148742593339387,0.4274063449902313,0.145634662927016,,,cuVSLAM,,
978,1761213131996,211.12489700317383,276.7188549041748,-1.6948357224464417,-1.3621206645747318e-05,0.4306118952127578,0.14440202906148628,,,cuVSLAM,,
979,1761213132013,213.36764097213745,276.57997608184814,-7.321089506149292,0.0002683599825938632,0.433883459172907,0.14341195279902552,,,cuVSLAM,,
980,1761213132030,215.42462706565857,276.31640434265137,-12.924440205097198,0.000576559625283845,0.4371803869665275,0.14206017404168814,,,cuVSLAM,,
981,1761213132046,217.2699272632599,275.6933867931366,-18.576569855213165,0.0007449626047307546,0.4405052673224478,0.13986756959392718,,,cuVSLAM,,
982,1761213132063,219.05577182769775,275.3046751022339,-24.092279374599457,0.0011740428018372404,0.4437036058168786,0.1372851459358438,,,cuVSLAM,,
983,1761213132080,220.7135260105133,275.07972717285156,-29.58502620458603,0.002320367923458397,0.44666954040807993,0.13633560885899004,,,cuVSLAM,,
984,1761213132096,222.15279936790466,274.5783030986786,-35.108521580696106,0.004080489710158313,0.44920485474864996,0.13669313579878578,,,cuVSLAM,,
985,1761213132113,223.409503698349,274.111807346344,-40.43952375650406,0.005888436189957787,0.451864963396577,0.13778233945031568,,,cuVSLAM,,
986,1761213132130,224.5207577943802,273.47832918167114,-45.839741826057434,0.00744370067837088,0.4545170593350624,0.13823019909033785,,,cuVSLAM,,
987,1761213132146,225.50690174102783,272.8854715824127,-51.21362954378128,0.008565197797358098,0.4570232195396462,0.13629520359554276,,,cuVSLAM,,
988,1761213132163,226.26690566539764,272.1255421638489,-56.42590671777725,0.01035403386140839,0.45928633300934824,0.13482464662301472,,,cuVSLAM,,
989,1761213132196,227.2554337978363,270.5480456352234,-66.52482599020004,0.015270603934790189,0.4630771049022859,0.13478453828441272,,,cuVSLAM,,
990,1761213132213,227.45902836322784,269.53402161598206,-71.39966636896133,0.01713358365239465,0.46475991814448514,0.1335727170642449,,,cuVSLAM,,
991,1761213132230,227.36649215221405,268.6823010444641,-76.14358514547348,0.01891408692452967,0.46611765647058734,0.13223682539857445,,,cuVSLAM,,
992,1761213132246,227.1087020635605,267.9155766963959,-80.88836818933487,0.021163409434370187,0.4671255678407488,0.1319998816192331,,,cuVSLAM,,
993,1761213132263,226.69045627117157,267.1325206756592,-85.63794940710068,0.02390989288122455,0.46779562461102886,0.13240826833884534,,,cuVSLAM,,
994,1761213132280,226.0962426662445,266.4047181606293,-90.04505723714828,0.026960102399892712,0.4684488013715609,0.13290509010495127,,,cuVSLAM,,
995,1761213132296,225.23654997348785,265.7923400402069,-94.10465508699417,0.029980018707328086,0.46900045272813734,0.13347244682956033,,,cuVSLAM,,
996,1761213132313,224.0438014268875,264.860600233078,-98.31378608942032,0.03240910917335268,0.46919518837693547,0.13474385530314156,,,cuVSLAM,,
997,1761213132330,222.61783480644226,264.1383409500122,-102.08842158317566,0.034444653172596804,0.4692909442780777,0.13533126948958965,,,cuVSLAM,,
998,1761213132346,221.10310196876526,263.6067867279053,-105.81370443105698,0.03625110987273601,0.46897114969030085,0.13464194759874892,,,cuVSLAM,,
999,1761213132363,219.3586677312851,262.97587156295776,-109.19433832168579,0.03818305713898405,0.46855237618253737,0.13379227289028442,,,cuVSLAM,,
1000,1761213132380,217.27973222732544,262.3963952064514,-112.5657707452774,0.04031969364740203,0.4678333395095343,0.1337221573294174,,,cuVSLAM,,
1001,1761213132396,214.92113173007965,261.89273595809937,-115.82237482070923,0.04233897085608613,0.4669501998727114,0.13414532751048047,,,cuVSLAM,,
1002,1761213132413,212.2713327407837,261.36767864227295,-119.09781396389008,0.04380991284937888,0.4658640834068475,0.1344949901016374,,,cuVSLAM,,
1003,1761213132430,209.33279395103455,260.85689663887024,-122.2168356180191,0.04478478591643396,0.4646408808634232,0.13368694981668452,,,cuVSLAM,,
1004,1761213132446,206.29845559597015,260.3350579738617,-125.24397671222687,0.04540651191295558,0.4633215655786275,0.13165297033344925,,,cuVSLAM,,
1005,1761213132463,203.00999283790588,259.76449251174927,-128.1844675540924,0.04641656249305158,0.46187739666217387,0.129712089864932,,,cuVSLAM,,
1006,1761213132480,199.61968064308167,259.2124342918396,-131.0504823923111,0.047915780532885616,0.46023911631012604,0.12919972289684464,,,cuVSLAM,,
1007,1761213132496,195.96263766288757,258.7328255176544,-133.81361961364746,0.049657124739849214,0.4585920890204065,0.13010349220831519,,,cuVSLAM,,
1008,1761213132513,192.03417003154755,258.4458291530609,-136.58878207206726,0.05102118247487629,0.45689565770833784,0.1309620065940603,,,cuVSLAM,,
1009,1761213132530,187.88409233093262,257.92989134788513,-139.26799595355988,0.051729205238499464,0.4552397940707497,0.13024516763842997,,,cuVSLAM,,
1010,1761213132546,183.60596895217896,257.47811794281006,-141.92262291908264,0.05216932113896704,0.4533676175613199,0.1277891617490328,,,cuVSLAM,,
1011,1761213132563,179.1914999485016,257.1069300174713,-144.43689584732056,0.053031449785777736,0.4514144957689849,0.12605814708539625,,,cuVSLAM,,
1012,1761213132580,174.68835413455963,256.9151222705841,-146.79710566997528,0.05393317419818802,0.4493433366706923,0.12474394553657124,,,cuVSLAM,,
1013,1761213132596,169.9541211128235,256.74161314964294,-149.06981587409973,0.05440762863907496,0.4470842918422508,0.12370552206958345,,,cuVSLAM,,
1014,1761213132613,164.99565541744232,256.868451833725,-151.16654336452484,0.054416791493053465,0.44468826950131796,0.12347345057854311,,,cuVSLAM,,
1015,1761213132630,159.9128246307373,257.06833600997925,-153.03702652454376,0.054088992202223886,0.44235927490774685,0.12382166954197053,,,cuVSLAM,,
1016,1761213132646,154.7233760356903,257.3537826538086,-154.8328399658203,0.05384757363025764,0.44017691169624845,0.12383081541204959,,,cuVSLAM,,
1017,1761213132663,149.38822388648987,257.31509923934937,-156.65572881698608,0.05353023989279956,0.43785487628467007,0.12236784320722575,,,cuVSLAM,,
1018,1761213132680,144.14438605308533,257.69445300102234,-157.849058508873,0.0539012294023787,0.4357615036732012,0.1228514462403705,,,cuVSLAM,,
1019,1761213132696,138.74320685863495,258.26892256736755,-158.8948667049408,0.05429536953822853,0.43319519966726416,0.12465065153666774,,,cuVSLAM,,
1020,1761213132713,133.06832313537598,258.86744260787964,-159.82095897197723,0.054027555000141454,0.4303624148119995,0.12608794122218378,,,cuVSLAM,,
1021,1761213132730,127.35196948051453,259.57536697387695,-160.71641445159912,0.053603085263036476,0.4275938379720031,0.12825687053889634,,,cuVSLAM,,
1022,1761213132746,121.65198475122452,260.30808687210083,-161.34226322174072,0.05323504223026812,0.4254638103240985,0.1306528043027455,,,cuVSLAM,,
1023,1761213132763,115.9089058637619,260.88419556617737,-162.07128763198853,0.052530278439679744,0.4233962131821537,0.13094938901186207,,,cuVSLAM,,
1024,1761213132780,110.1846918463707,261.599600315094,-162.25332021713257,0.05175549298411827,0.42148755448658204,0.13014820538969019,,,cuVSLAM,,
1025,1761213132796,104.15922105312347,262.1602416038513,-162.5724732875824,0.05128443357033083,0.41886772542089623,0.13172645854391715,,,cuVSLAM,,
1026,1761213132830,92.28943288326263,264.0847861766815,-162.20316290855408,0.05095818712559219,0.4137961444550777,0.14056091103164095,,,cuVSLAM,,
1027,1761213132846,86.53706312179565,264.81860876083374,-162.02427446842194,0.04942198672981392,0.41152355513523575,0.13966993058044605,,,cuVSLAM,,
1028,1761213132863,80.93424141407013,265.6416893005371,-161.5408957004547,0.047666553097216874,0.4093710140861308,0.13727239249054535,,,cuVSLAM,,
1029,1761213132880,75.26032626628876,266.4351165294647,-161.10047698020935,0.04638201365879409,0.40694430493654116,0.13788692442384592,,,cuVSLAM,,
1030,1761213132896,69.68113780021667,267.4054801464081,-160.43910384178162,0.04507418314265425,0.40458563227562244,0.13979137572262665,,,cuVSLAM,,
1031,1761213132913,64.30292129516602,268.4023082256317,-159.57975387573242,0.043620905532460265,0.40234475548586274,0.14155451951508471,,,cuVSLAM,,
1032,1761213132930,59.02387201786041,269.2290246486664,-158.62663090229034,0.041334906680697225,0.40031695881352525,0.1408391278529592,,,cuVSLAM,,
1033,1761213132946,53.920939564704895,270.1836824417114,-157.53084421157837,0.038710016269739765,0.3983954909083548,0.13881840139240628,,,cuVSLAM,,
1034,1761213132963,48.75923693180084,271.2329924106598,-156.44323825836182,0.036272956823255646,0.3962652559927173,0.1372174570410328,,,cuVSLAM,,
1035,1761213132980,43.51086914539337,272.1486985683441,-155.33000230789185,0.033870712003961155,0.393780394966165,0.1360837923247015,,,cuVSLAM,,
1036,1761213132996,38.42674195766449,273.22766184806824,-154.07879650592804,0.03163059833618863,0.3913414303585327,0.13626321947245407,,,cuVSLAM,,
1037,1761213133013,33.440276980400085,274.28892254829407,-152.85055339336395,0.02993003612765883,0.38905267162167345,0.13936774749100386,,,cuVSLAM,,
1038,1761213133030,28.51445972919464,275.35364031791687,-151.66185796260834,0.028814858219565184,0.38693454834744245,0.14448451058340053,,,cuVSLAM,,
1039,1761213133046,23.676156997680664,276.1613130569458,-150.34474432468414,0.027441468723237654,0.3850235097688267,0.1468492270435728,,,cuVSLAM,,
1040,1761213133063,18.775388598442078,276.49858593940735,-149.4414210319519,0.025609517055785812,0.3826036761942954,0.14633719611196558,,,cuVSLAM,,
1041,1761213133080,13.938933610916138,277.01374888420105,-148.3260691165924,0.024032685033103972,0.380238665030164,0.14666914681394033,,,cuVSLAM,,
1042,1761213133096,9.26925241947174,277.7162492275238,-146.82984352111816,0.0230549937567078,0.37817106531794104,0.1491763100353771,,,cuVSLAM,,
1043,1761213133113,4.782155156135559,278.37997674942017,-145.17080783843994,0.022763490767264045,0.37622240155596537,0.1547448871415559,,,cuVSLAM,,
1044,1761213133130,0.0886768102645874,278.6739766597748,-143.751859664917,0.02294434060236353,0.37391056921033267,0.16184776953305488,,,cuVSLAM,,
1045,1761213133146,-4.206910729408264,278.840571641922,-141.88435673713684,0.023235748811617513,0.37173274507954646,0.1674700573969625,,,cuVSLAM,,
1046,1761213133163,-8.440986275672913,278.8257598876953,-140.0981843471527,0.023369458883780544,0.36921127255734887,0.1708196669252498,,,cuVSLAM,,
1047,1761213133180,-12.571856379508972,278.6514163017273,-138.24772834777832,0.023476174451627967,0.36652552411890954,0.1733482843201344,,,cuVSLAM,,
1048,1761213133196,-16.519859433174133,278.3498764038086,-136.13949716091156,0.023859681224097224,0.36396564630167866,0.17695548242401019,,,cuVSLAM,,
1049,1761213133213,-20.29651403427124,278.1829237937927,-133.7602734565735,0.024725568616096177,0.36160557059965265,0.18261131627994245,,,cuVSLAM,,
1050,1761213133230,-23.9621102809906,277.91160345077515,-131.47760927677155,0.02601850000773663,0.3592229142761354,0.19044282455613348,,,cuVSLAM,,
1051,1761213133246,-27.53223478794098,277.460515499115,-128.6969780921936,0.027809696537580034,0.35723788711592436,0.19998002764702316,,,cuVSLAM,,
1052,1761213133263,-30.871227383613586,276.70443058013916,-125.54587423801422,0.02948804951533321,0.35549911371630893,0.2076875391759466,,,cuVSLAM,,
1053,1761213133280,-34.30001437664032,275.8524417877197,-122.78926372528076,0.03026871938825476,0.35326103733739583,0.21130508875106704,,,cuVSLAM,,
1054,1761213133296,-37.32873499393463,274.80560541152954,-119.62756514549255,0.030719789478859408,0.351029066808081,0.21228917044244947,,,cuVSLAM,,
1055,1761213133313,-40.41449725627899,273.58460426330566,-116.62327498197556,0.03098541883943938,0.34817809993728244,0.21284353406854245,,,cuVSLAM,,
1056,1761213133330,-43.38450729846954,272.46350049972534,-113.15988749265671,0.03190466720548844,0.34514062673507906,0.21513211809896518,,,cuVSLAM,,
1057,1761213133346,-46.37695848941803,271.37646079063416,-109.62224751710892,0.032979726916751405,0.3417618076223404,0.21837515108378286,,,cuVSLAM,,
1058,1761213133363,-49.41190779209137,269.7441279888153,-106.16482049226761,0.033810468691096364,0.33804261176786177,0.22078640757572135,,,cuVSLAM,,
1059,1761213133380,-52.520379424095154,267.78644323349,-102.55913436412811,0.03431621272827248,0.3340309180621628,0.22080774738762407,,,cuVSLAM,,
1060,1761213133396,-55.31816557049751,266.17321372032166,-98.19048643112183,0.034479224431624995,0.33029606612331397,0.2190623977283338,,,cuVSLAM,,
1061,1761213133413,-58.3559088408947,264.3844485282898,-94.46585923433304,0.034864222358474306,0.3254225638797179,0.21772728931781743,,,cuVSLAM,,
1062,1761213133430,-61.41547113656998,262.6199424266815,-90.45524150133133,0.035560264983340896,0.3201413967962374,0.21804116728966663,,,cuVSLAM,,
1063,1761213133446,-64.58592414855957,260.880708694458,-86.56768500804901,0.03613808670828967,0.31448801103450646,0.2177111845089606,,,cuVSLAM,,
1064,1761213133463,-67.64815747737885,258.9305639266968,-82.51256495714188,0.03635609986599061,0.3089663867501579,0.21520067974312956,,,cuVSLAM,,
1065,1761213133480,-70.69884240627289,256.89318776130676,-78.49348336458206,0.036286735297777796,0.30349530827057875,0.21216214539739314,,,cuVSLAM,,
1066,1761213133496,-73.80029559135437,255.02648949623108,-74.77245479822159,0.036221216110877016,0.2979173615763344,0.21040229199033955,,,cuVSLAM,,
1067,1761213133513,-76.83993130922318,253.29795479774475,-70.7327127456665,0.03622127721783705,0.2927686210961495,0.21037929670804284,,,cuVSLAM,,
1068,1761213133530,-79.91526275873184,251.570463180542,-66.89023226499557,0.03634771664305641,0.2874172529332256,0.2117646008742274,,,cuVSLAM,,
1069,1761213133546,-82.93215930461884,249.69685077667236,-62.97031044960022,0.03650027109003747,0.2822181864899061,0.21176231528823258,,,cuVSLAM,,
1070,1761213133580,-88.6622816324234,245.61887979507446,-55.27438595890999,0.03623622404621071,0.27230044092644223,0.20507460359424282,,,cuVSLAM,,
1071,1761213133596,-91.5103405714035,243.5724437236786,-51.71788111329079,0.03602008209257437,0.2673163108118809,0.20326970750221315,,,cuVSLAM,,
1072,1761213133613,-94.15923058986664,241.92573130130768,-47.79001325368881,0.035840598264428966,0.26268046810860385,0.20328514382200474,,,cuVSLAM,,
1073,1761213133630,-96.78147733211517,240.1466965675354,-43.99403557181358,0.03552405503223963,0.2579261876592972,0.20345007920163272,,,cuVSLAM,,
1074,1761213133646,-99.34017062187195,238.11937868595123,-40.17965495586395,0.03490692610410792,0.2531698782604631,0.20141143104978648,,,cuVSLAM,,
1075,1761213133663,-101.88652575016022,236.38126254081726,-36.52016818523407,0.0339128445140793,0.24831444924328475,0.19766988626816928,,,cuVSLAM,,
1076,1761213133680,-104.24907505512238,234.66607928276062,-32.66134113073349,0.032654618801651235,0.24381495581741813,0.1938879123961895,,,cuVSLAM,,
1077,1761213133696,-106.66826367378235,233.2623302936554,-28.84620428085327,0.031110107028667382,0.23948301121048712,0.19151820447422518,,,cuVSLAM,,
1078,1761213133713,-108.79749059677124,231.91621899604797,-24.993032217025757,0.02951231721226768,0.23539812427298729,0.1913727299534808,,,cuVSLAM,,
1079,1761213133729,-110.7243075966835,230.69819808006287,-20.952805876731873,0.02786218896004056,0.23157293218820063,0.19125249037461442,,,cuVSLAM,,
1080,1761213133746,-112.47288435697556,229.23319041728973,-17.023593187332153,0.025948323203226716,0.2277252851451102,0.18868796146518368,,,cuVSLAM,,
1081,1761213133763,-114.10979926586151,227.82853245735168,-13.04066926240921,0.0240380695424883,0.22389435192980434,0.18494321940296782,,,cuVSLAM,,
1082,1761213133779,-115.55136740207672,226.52538120746613,-8.87962430715561,0.022115821700611032,0.2201925564198582,0.18185364725619593,,,cuVSLAM,,
1083,1761213133796,-116.99915677309036,225.37164390087128,-4.875518381595612,0.019987333449854587,0.21648999100474242,0.18055232751636324,,,cuVSLAM,,
1084,1761213133813,-118.33815276622772,224.21860694885254,-0.7564499974250793,0.017675926776607846,0.21290019394909598,0.1787135704662048,,,cuVSLAM,,
1085,1761213133829,-119.39874291419983,222.81087934970856,3.2135769724845886,0.015133059095130182,0.20926705067437235,0.17423926928729805,,,cuVSLAM,,
1086,1761213133846,-120.33170461654663,221.3631421327591,7.108137011528015,0.012531500066582766,0.2055379152053533,0.1694184340982888,,,cuVSLAM,,
1087,1761213133863,-121.21380865573883,220.23719549179077,10.930046439170837,0.010259110219238667,0.20184665740614358,0.1667937484362729,,,cuVSLAM,,
1088,1761213133879,-121.91221117973328,219.11992132663727,15.069566667079926,0.008485787271805014,0.19863333429668006,0.16702467666699963,,,cuVSLAM,,
1089,1761213133896,-122.28013575077057,217.6104485988617,19.072718918323517,0.00697026359262829,0.19571986135620117,0.16754431807842052,,,cuVSLAM,,
1090,1761213133913,-122.55361676216125,215.82366526126862,22.512249648571014,0.0055691638063330795,0.1929023766201838,0.16548609263136754,,,cuVSLAM,,
1091,1761213133930,-122.6571649312973,213.9408141374588,26.29389613866806,0.004341301862299986,0.19061098945667745,0.16115615075806305,,,cuVSLAM,,
1092,1761213133946,-122.69319593906403,212.27794885635376,29.81385588645935,0.0034925878004824448,0.18814525262636964,0.15799229703798617,,,cuVSLAM,,
1093,1761213133963,-122.65133857727051,210.37288010120392,33.713266253471375,0.003293624188104479,0.18564273324311745,0.1591941714479096,,,cuVSLAM,,
1094,1761213133979,-122.54780530929565,208.73931050300598,37.45722770690918,0.0035688151306022165,0.18258413184366976,0.16425406413840238,,,cuVSLAM,,
1095,1761213133996,-122.47180938720703,206.7750245332718,41.25513136386871,0.0038465871812909777,0.1791498647582314,0.16626782298386106,,,cuVSLAM,,
1096,1761213134014,-122.21373617649078,204.13823425769806,44.68877613544464,0.0036345353141720898,0.17552685092328002,0.16027154671465563,,,cuVSLAM,,
1097,1761213134030,-122.00039625167847,201.57387852668762,48.08904230594635,0.003510716715392298,0.1721619748047718,0.15215098028940718,,,cuVSLAM,,
1098,1761213134046,-121.85625731945038,199.01829957962036,51.253288984298706,0.004231528957617256,0.16891057522687375,0.14963626812802205,,,cuVSLAM,,
1099,1761213134063,-121.7518150806427,196.64064049720764,54.357245564460754,0.005534906280190911,0.16585159221617554,0.153103837868506,,,cuVSLAM,,
1100,1761213134080,-121.47797644138336,194.42418217658997,58.060675859451294,0.007222255251968507,0.16308040290689998,0.1571405544012362,,,cuVSLAM,,
1101,1761213134096,-121.20997905731201,191.48993492126465,61.64996325969696,0.008812350526248269,0.15998959147675154,0.15754858589667453,,,cuVSLAM,,
1102,1761213134113,-121.15772068500519,188.62216174602509,64.37617540359497,0.010236445448027992,0.15608014896624114,0.15406142671511522,,,cuVSLAM,,
1103,1761213134130,-120.95393240451813,185.53337454795837,67.65139102935791,0.012085289442913628,0.15263448528692966,0.14978192869286736,,,cuVSLAM,,
1104,1761213134146,-120.8714246749878,182.84595012664795,70.0027197599411,0.013800681798034063,0.14878123272332883,0.14699194971186558,,,cuVSLAM,,
1105,1761213134163,-120.67846953868866,180.1142394542694,72.75369763374329,0.01580484291852346,0.1453370236595158,0.1465368761189037,,,cuVSLAM,,
1106,1761213134196,-120.54623663425446,173.87065291404724,78.11684906482697,0.019983368844239423,0.13825214874172723,0.14708652227849509,,,cuVSLAM,,
1107,1761213134213,-120.41431665420532,170.62276601791382,80.76424896717072,0.021839493337627722,0.13460594270585627,0.14422724355110314,,,cuVSLAM,,
1108,1761213134230,-120.43173611164093,166.93773865699768,82.97935128211975,0.02349770186517685,0.1306152779925822,0.13988105440330853,,,cuVSLAM,,
1109,1761213134246,-120.5022931098938,163.80971670150757,85.18610894680023,0.024971740312039106,0.12659339423942226,0.1359936287437077,,,cuVSLAM,,
1110,1761213134263,-120.67297101020813,160.84711253643036,86.79093420505524,0.02619237296788721,0.12230782365309462,0.13402779447464797,,,cuVSLAM,,
1111,1761213134279,-120.94330787658691,157.64127671718597,88.50830793380737,0.02738632178309506,0.11819998063950006,0.13278965553839062,,,cuVSLAM,,
1112,1761213134297,-121.21205031871796,154.17420864105225,90.01271426677704,0.028442976793190276,0.11422651721526951,0.1301711421680556,,,cuVSLAM,,
1113,1761213134313,-121.51515483856201,150.72911977767944,91.22540056705475,0.029242315002146187,0.11038026534248711,0.1263117666117846,,,cuVSLAM,,
1114,1761213134330,-122.18299508094788,147.7431058883667,90.92389047145844,0.029837651169813885,0.10558184074705981,0.1234499005078278,,,cuVSLAM,,
1115,1761213134346,-122.8499561548233,144.22661066055298,92.06405282020569,0.030739637751360183,0.10181473337418183,0.12317331057440761,,,cuVSLAM,,
1116,1761213134363,-123.32804501056671,141.06020331382751,93.77960860729218,0.031457056305658454,0.0984769465475391,0.12261400177918858,,,cuVSLAM,,
1117,1761213134380,-123.96763265132904,137.62852549552917,94.82325613498688,0.03187151178680203,0.09459655736377579,0.11903405492942182,,,cuVSLAM,,
1118,1761213134396,-124.76415932178497,133.9004784822464,95.78387439250946,0.03233485293319173,0.09059026816216896,0.11286738011875051,,,cuVSLAM,,
1119,1761213134413,-125.58123469352722,130.51193952560425,96.6210812330246,0.032904440501264724,0.08640079271874707,0.10885904593743316,,,cuVSLAM,,
1120,1761213134431,-126.52970850467682,127.25812196731567,97.68298268318176,0.03351269092841629,0.08218527526207463,0.10931983317346362,,,cuVSLAM,,
1121,1761213134446,-127.40050256252289,123.93057346343994,99.05384480953217,0.034085244703701306,0.07826614600849953,0.11124304751877899,,,cuVSLAM,,
1122,1761213134463,-128.4434050321579,120.04676461219788,100.13866424560547,0.03476219667668816,0.07432091890119957,0.1114630772429474,,,cuVSLAM,,
1123,1761213134480,-129.3511986732483,116.88823997974396,101.00927948951721,0.03482652382309232,0.07056944138426029,0.10842482852378178,,,cuVSLAM,,
1124,1761213134496,-130.09777665138245,112.92882263660431,102.31336951255798,0.03490857771147207,0.06734969417989978,0.10433755156787769,,,cuVSLAM,,
1125,1761213134513,-130.8300346136093,110.3060394525528,103.35254669189453,0.0344082403729083,0.06404057552637939,0.10014497749689208,,,cuVSLAM,,
1126,1761213134530,-131.53433799743652,107.9867035150528,104.10159826278687,0.03376862978359583,0.060747172741995495,0.09733278307447502,,,cuVSLAM,,
1127,1761213134547,-132.2258710861206,105.53090274333954,104.67077791690826,0.03297388353814108,0.05767347889759496,0.09597628934186951,,,cuVSLAM,,
1128,1761213134563,-132.77190923690796,102.67360508441925,105.56317865848541,0.03230411105443188,0.055220020053032184,0.09379174929495919,,,cuVSLAM,,
1129,1761213134579,-133.208766579628,100.01209378242493,106.27102851867676,0.031553565317999924,0.052898879949783595,0.08954889165335413,,,cuVSLAM,,
1130,1761213134596,-133.67073237895966,97.57715463638306,107.108935713768,0.03093370509554435,0.050727921583755255,0.08528303636675463,,,cuVSLAM,,
1131,1761213134613,-133.89156758785248,95.26270627975464,108.64706337451935,0.03033321314104337,0.049211880731190025,0.08244409547410406,,,cuVSLAM,,
1132,1761213134630,-134.15053486824036,92.58066117763519,109.20317471027374,0.029893923437503557,0.047143412670738516,0.08141289850733534,,,cuVSLAM,,
1133,1761213134646,-134.2659592628479,90.29531478881836,110.12941598892212,0.029565333050585837,0.04532365607770975,0.08020787619961953,,,cuVSLAM,,
1134,1761213134663,-134.2996060848236,88.60654383897781,111.22623831033707,0.02878409999869338,0.043646415691695806,0.07636287377686216,,,cuVSLAM,,
1135,1761213134679,-134.5537304878235,85.77735722064972,112.23778873682022,0.02856025154877489,0.04167344873388796,0.07215558528199574,,,cuVSLAM,,
1136,1761213134696,-134.81152057647705,83.2316130399704,112.72421479225159,0.028402807545924596,0.039187665061409686,0.06916445933390639,,,cuVSLAM,,
1137,1761213134713,-135.02252101898193,80.65520226955414,113.62189054489136,0.02837505800823304,0.037116410066801435,0.0690562678354959,,,cuVSLAM,,
1138,1761213134729,-135.27123630046844,78.48361134529114,114.27933722734451,0.028285028993434762,0.03500733562666747,0.07117751968275528,,,cuVSLAM,,
1139,1761213134746,-135.71880757808685,75.99319517612457,115.21986126899719,0.02819198318867654,0.03314209862770699,0.07309032112170927,,,cuVSLAM,,
1140,1761213134763,-136.1318826675415,73.60242307186127,115.84242433309555,0.02798772829667144,0.03101904387372401,0.07115228110996265,,,cuVSLAM,,
1141,1761213134779,-136.54832541942596,71.06214016675949,116.66161566972733,0.02779572925959095,0.02884839026447468,0.06828666923634079,,,cuVSLAM,,
1142,1761213134796,-137.0498090982437,68.462073802948,117.56209284067154,0.027653503834179458,0.026512860736923573,0.06783338172449875,,,cuVSLAM,,
1143,1761213134813,-137.66781985759735,66.24777615070343,118.18645149469376,0.02740242994677458,0.023980467446565297,0.06893530527999779,,,cuVSLAM,,
1144,1761213134830,-138.30049335956573,63.83112818002701,118.5540109872818,0.02710508536597622,0.021411452643473224,0.0695165514797915,,,cuVSLAM,,
1145,1761213134863,-139.75396752357483,58.67370963096619,119.72574889659882,0.02612691562446928,0.01664618483275533,0.06872634627450228,,,cuVSLAM,,
1146,1761213134879,-140.38078486919403,56.443121284246445,120.26640772819519,0.0254388231944487,0.01416236299553632,0.07023097470851801,,,cuVSLAM,,
1147,1761213134896,-141.03806018829346,53.97438257932663,120.93272805213928,0.02475862505369774,0.01191273740993784,0.0722598338034008,,,cuVSLAM,,
1148,1761213134913,-141.83521270751953,51.131848245859146,121.49509787559509,0.024294333634993132,0.009818546095871203,0.07310877822698422,,,cuVSLAM,,
1149,1761213134929,-142.53583550453186,48.41504991054535,122.1068799495697,0.02394813127861682,0.008155952751115041,0.0726118087685674,,,cuVSLAM,,
1150,1761213134946,-143.09169352054596,45.959170907735825,122.49115854501724,0.02370932695672532,0.006668611867545543,0.07280778118647585,,,cuVSLAM,,
1151,1761213134963,-143.8232958316803,43.24203357100487,122.89666384458542,0.023554665708881515,0.005365422019170097,0.07550572280603837,,,cuVSLAM,,
1152,1761213134979,-144.4520205259323,40.592532604932785,123.5373467206955,0.023376111796326367,0.004261750716701587,0.07795571633254264,,,cuVSLAM,,
1153,1761213134996,-145.00389993190765,37.88033872842789,124.05682355165482,0.023127408904829574,0.0030533472556438144,0.07798769858506005,,,cuVSLAM,,
1154,1761213135013,-145.5555260181427,35.24443134665489,124.22709912061691,0.022884816647872026,0.001643781217215459,0.07642597989134371,,,cuVSLAM,,
1155,1761213135029,-146.21581137180328,32.50861167907715,124.62829798460007,0.022812278759655934,0.0004043862681679666,0.07560604521077596,,,cuVSLAM,,
1156,1761213135046,-146.76927030086517,29.686305671930313,124.57029521465302,0.022933819242871443,-0.0010480102825309282,0.07637055820175465,,,cuVSLAM,,
1157,1761213135063,-147.33681082725525,27.013268321752548,124.68378245830536,0.02314578280620611,-0.0022452987709251134,0.07777807306275822,,,cuVSLAM,,
1158,1761213135079,-147.75124192237854,24.2585688829422,125.05868077278137,0.023504027068629904,-0.0031241462887474604,0.07867812038847181,,,cuVSLAM,,
1159,1761213135096,-148.15765619277954,21.309152245521545,125.2288669347763,0.023751766642693944,-0.003942243785964198,0.07975774065494962,,,cuVSLAM,,
1160,1761213135113,-148.54896068572998,18.343649804592133,125.36042928695679,0.02400053938446639,-0.004662181114633442,0.07967749070755487,,,cuVSLAM,,
1161,1761213135129,-148.67348968982697,15.518292784690857,125.44424831867218,0.02418128185106149,-0.005123726868399496,0.0781075442643486,,,cuVSLAM,,
1162,1761213135146,-148.66404235363007,12.784421443939209,125.47288835048676,0.024528572541672317,-0.0053695299818481345,0.07705953957054669,,,cuVSLAM,,
1163,1761213135163,-148.65218102931976,9.869329631328583,125.4710704088211,0.0250016671457635,-0.005383836681516615,0.07714976644057113,,,cuVSLAM,,
1164,1761213135179,-148.5675424337387,7.05990195274353,125.27060508728027,0.02544013362823481,-0.00523957379209599,0.07758277440100367,,,cuVSLAM,,
1165,1761213135196,-148.432195186615,4.115007817745209,125.1814067363739,0.025889060022136673,-0.004852083169893485,0.07845295411939021,,,cuVSLAM,,
1166,1761213135213,-148.13978970050812,1.107439398765564,125.3114640712738,0.026368163040148624,-0.004220773634053981,0.07864650191240526,,,cuVSLAM,,
1167,1761213135229,-147.82105386257172,-1.6540512442588806,125.23236870765686,0.0269135846951618,-0.0036527656584405288,0.07753649708581868,,,cuVSLAM,,
1168,1761213135246,-147.31161296367645,-4.263468086719513,125.10555982589722,0.027376639345027886,-0.003054051343951262,0.07672939558822711,,,cuVSLAM,,
1169,1761213135263,-146.7587947845459,-6.918035447597504,124.97876584529877,0.02768321192208976,-0.002334780000483987,0.07698465810118715,,,cuVSLAM,,
1170,1761213135279,-146.2322622537613,-9.66690480709076,125.2511590719223,0.02789304491067525,-0.0012205669532665106,0.0780763414128745,,,cuVSLAM,,
1171,1761213135296,-145.59680223464966,-12.354306876659393,125.05482137203217,0.027855102810349603,-0.00035055738004695033,0.0790920175236293,,,cuVSLAM,,
1172,1761213135313,-144.93142068386078,-14.818184077739716,124.78341907262802,0.027624671990395415,0.0004174504406362221,0.0794178370355426,,,cuVSLAM,,
1173,1761213135329,-144.3331092596054,-17.607688903808594,124.89064782857895,0.027486274938799623,0.0012316620726878578,0.08004265069047199,,,cuVSLAM,,
1174,1761213135346,-143.75123381614685,-20.07589489221573,124.74097311496735,0.027281190719413487,0.0017407552378411637,0.08131699588928587,,,cuVSLAM,,
1175,1761213135363,-143.09391379356384,-22.74802327156067,124.59868937730789,0.02695854096231777,0.002206065558341763,0.08235944017528504,,,cuVSLAM,,
1176,1761213135379,-142.42632687091827,-25.37054568529129,124.5885044336319,0.026531215110614,0.002664807967386939,0.08244131728671922,,,cuVSLAM,,
1177,1761213135396,-141.82457327842712,-27.869582176208496,124.170683324337,0.025973206075861368,0.0027795644100157596,0.08329210917328697,,,cuVSLAM,,
1178,1761213135413,-141.16887748241425,-30.03745526075363,123.87007474899292,0.02537977784820376,0.002861314411188007,0.08511469160602975,,,cuVSLAM,,
1179,1761213135430,-140.4414176940918,-32.716087996959686,123.81802499294281,0.024833797318725627,0.003131165835642933,0.08746364927993641,,,cuVSLAM,,
1180,1761213135446,-139.72295820713043,-35.238735377788544,123.49921464920044,0.024261790896304376,0.003283841253707483,0.08993278957111828,,,cuVSLAM,,
1181,1761213135479,-138.21907341480255,-40.24239629507065,122.89872765541077,0.022868719976870438,0.00384771656407561,0.09555857210760535,,,cuVSLAM,,
1182,1761213135496,-137.4320089817047,-42.679376900196075,122.58747220039368,0.022139796343002595,0.004170104269409533,0.09776286958701136,,,cuVSLAM,,
1183,1761213135513,-136.5727186203003,-45.0933501124382,121.8692734837532,0.021265894238675045,0.004379134607613734,0.09999491008320316,,,cuVSLAM,,
1184,1761213135529,-135.68361103534698,-47.25208133459091,121.33172154426575,0.020397762017128764,0.004895087440570933,0.10175030190412651,,,cuVSLAM,,
1185,1761213135546,-134.61516797542572,-49.46782439947128,120.54247409105301,0.019425902634294317,0.00555991466927703,0.10281187331153945,,,cuVSLAM,,
1186,1761213135563,-133.61378014087677,-52.01312154531479,120.09334564208984,0.018495370033725454,0.0066492434138195645,0.1038891655657771,,,cuVSLAM,,
1187,1761213135579,-132.54335522651672,-54.24242466688156,119.0819963812828,0.017436178049150448,0.00748196938346133,0.10479302565000188,,,cuVSLAM,,
1188,1761213135596,-131.41997158527374,-56.660763919353485,118.45628917217255,0.0163583688701788,0.008629273086952228,0.1058763122981652,,,cuVSLAM,,
1189,1761213135613,-130.22615015506744,-58.927200734615326,117.54493415355682,0.015241515061508766,0.009665611016657596,0.10635670424863723,,,cuVSLAM,,
1190,1761213135629,-128.9999485015869,-61.7501363158226,116.37631803750992,0.014187800327963329,0.010795486658378838,0.10534756850054187,,,cuVSLAM,,
1191,1761213135646,-127.8809905052185,-64.42531198263168,114.96541649103165,0.013242054444539002,0.012089430947233781,0.10263959589230187,,,cuVSLAM,,
1192,1761213135663,-126.5488862991333,-66.83848053216934,113.75771462917328,0.01232540485465937,0.01382848003720325,0.09990303266632224,,,cuVSLAM,,
1193,1761213135679,-125.27556717395782,-68.95654648542404,111.80083453655243,0.01140605290545087,0.015183041449182689,0.0972664799564715,,,cuVSLAM,,
1194,1761213135696,-124.05330687761307,-71.29616290330887,110.22374033927917,0.01062139061915768,0.01682805047425704,0.09514565311425627,,,cuVSLAM,,
1195,1761213135713,-122.71557748317719,-73.77078384160995,108.55673253536224,0.00976244017976212,0.018473998310867136,0.09345194899739823,,,cuVSLAM,,
1196,1761213135729,-121.54070287942886,-75.91599971055984,106.37206584215164,0.008841329297884988,0.019657107757464338,0.09207008849743664,,,cuVSLAM,,
1197,1761213135746,-120.3530803322792,-78.14749330282211,104.26424443721771,0.007906926967302191,0.020762702342911915,0.0916087851689763,,,cuVSLAM,,
1198,1761213135763,-119.25268173217773,-80.20585030317307,101.8877923488617,0.006778149308618761,0.02141172651253085,0.09168051974831629,,,cuVSLAM,,
1199,1761213135779,-118.26587468385696,-82.66843110322952,99.90987181663513,0.005728285983133011,0.022004413473180804,0.09098516254555346,,,cuVSLAM,,
1200,1761213135796,-117.32545495033264,-85.19994467496872,97.51924872398376,0.004614854740736556,0.022038178290136694,0.08911895611275514,,,cuVSLAM,,
1201,1761213135813,-116.36801809072495,-87.70901709794998,95.40639817714691,0.003591738868201414,0.022100368017533057,0.08785139550680346,,,cuVSLAM,,
1202,1761213135830,-115.45799672603607,-90.0988057255745,92.80751645565033,0.002678549722502663,0.021837146485049804,0.08756262983251677,,,cuVSLAM,,
1203,1761213135846,-114.48483914136887,-92.38968044519424,90.54125845432281,0.0019583595776996154,0.02180980136709714,0.08749373042970104,,,cuVSLAM,,
1204,1761213135863,-113.67812007665634,-94.72807496786118,87.84022182226181,0.0013002376281413468,0.021429632073852827,0.08769699154373836,,,cuVSLAM,,
1205,1761213135879,-112.83262073993683,-97.3951444029808,85.74391901493073,0.0009486336901286511,0.021391015802084547,0.08882879217276025,,,cuVSLAM,,
1206,1761213135896,-112.0496541261673,-99.97234493494034,83.11732113361359,0.0005888717462211166,0.020962692233720083,0.08991259855010898,,,cuVSLAM,,
1207,1761213135913,-111.18363589048386,-102.82320529222488,80.59655129909515,0.0004226661300641425,0.020532005505081673,0.09011101734521425,,,cuVSLAM,,
1208,1761213135929,-110.44677346944809,-105.41687160730362,78.2843753695488,0.00036620438225526294,0.02023187814747826,0.08931740737824359,,,cuVSLAM,,
1209,1761213135946,-109.72307622432709,-108.26415568590164,75.55051147937775,0.0005946832815838166,0.019799685987051792,0.08871995475296833,,,cuVSLAM,,
1210,1761213135963,-108.88826847076416,-111.09594255685806,73.10856878757477,0.001178578199968992,0.019567129154634433,0.08868407139759285,,,cuVSLAM,,
1211,1761213135979,-108.11685025691986,-113.96970599889755,70.4641193151474,0.0020034821498991274,0.01917094621716612,0.08989204485954688,,,cuVSLAM,,
1212,1761213135996,-107.43208229541779,-116.83601886034012,68.05422902107239,0.00309860582961493,0.018829137451174774,0.09143422353417167,,,cuVSLAM,,
1213,1761213136013,-106.66532814502716,-119.62642520666122,65.47872722148895,0.004191499791469681,0.018306036699188465,0.09207707770686129,,,cuVSLAM,,
1214,1761213136029,-105.90410232543945,-122.43098765611649,62.798529863357544,0.005442893233368338,0.017648360763411676,0.09195245441636293,,,cuVSLAM,,
1215,1761213136046,-105.10198026895523,-125.77491998672485,60.5592206120491,0.0068489365956939914,0.017281222926272436,0.09228405346082434,,,cuVSLAM,,
1216,1761213136063,-104.27652299404144,-128.55520844459534,57.892367243766785,0.008300709197517542,0.01676924046468568,0.09257712287884255,,,cuVSLAM,,
1217,1761213136096,-102.7005985379219,-134.40480828285217,52.856456488370895,0.011763186113507813,0.016319012688202652,0.09403982271055167,,,cuVSLAM,,
1218,1761213136113,-101.78898274898529,-137.29289174079895,50.3198616206646,0.013658141378767755,0.016314865393467545,0.09411185104463907,,,cuVSLAM,,
1219,1761213136129,-100.83123296499252,-140.04433155059814,47.75678366422653,0.01560658123986037,0.0165530284739114,0.09407054137752104,,,cuVSLAM,,
1220,1761213136146,-99.82342272996902,-142.96898245811462,45.1376810669899,0.017690537497577628,0.016915912851953017,0.09448315902876563,,,cuVSLAM,,
1221,1761213136163,-98.74475747346878,-146.07974886894226,42.35921800136566,0.01986282956762847,0.01732486955522715,0.09472209083759266,,,cuVSLAM,,
1222,1761213136179,-97.58173674345016,-148.9243507385254,39.65648263692856,0.022266981474810026,0.017942250056591457,0.09434012858405627,,,cuVSLAM,,
1223,1761213136196,-96.3144525885582,-151.63350105285645,36.91656142473221,0.024769876885164115,0.018743291415793926,0.09418147608867596,,,cuVSLAM,,
1224,1761213136213,-95.07187455892563,-154.40183877944946,34.0912789106369,0.027220113336169093,0.019704768472676604,0.09399223892543876,,,cuVSLAM,,
1225,1761213136229,-93.72827410697937,-157.37619996070862,31.363748013973236,0.029639426503634266,0.021006109375492934,0.092831915012668,,,cuVSLAM,,
1226,1761213136246,-92.20492094755173,-160.24059057235718,28.378300368785858,0.03204655448667038,0.022293786179405434,0.0918956333811723,,,cuVSLAM,,
1227,1761213136263,-90.77881276607513,-162.78770565986633,25.154143571853638,0.03467340704817407,0.02345505204708021,0.09158815119687798,,,cuVSLAM,,
1228,1761213136279,-89.2675518989563,-165.59678316116333,22.350110113620758,0.03735550035841141,0.02498092311439949,0.09218958914373739,,,cuVSLAM,,
1229,1761213136298,-87.6939445734024,-168.51180791854858,19.479401409626007,0.03996804428178255,0.026471436004837867,0.09275658432334488,,,cuVSLAM,,
1230,1761213136313,-86.13275736570358,-171.00262641906738,16.224399209022522,0.04245177502414003,0.02775399774145544,0.09256179602316554,,,cuVSLAM,,
1231,1761213136329,-84.49043333530426,-173.53197932243347,12.959681451320648,0.0449448863638493,0.029155288226205243,0.09263230210702443,,,cuVSLAM,,
1232,1761213136346,-82.7174037694931,-175.93374848365784,9.84598696231842,0.047463578268206685,0.030780111821007063,0.09346061377539801,,,cuVSLAM,,
1233,1761213136363,-80.99671453237534,-178.38513851165771,6.415106356143951,0.049968147873222096,0.03216727579643246,0.0939952291024403,,,cuVSLAM,,
1234,1761213136379,-79.3272852897644,-180.91696500778198,3.1763091683387756,0.05247194443131389,0.033648029043974875,0.09488119517973617,,,cuVSLAM,,
1235,1761213136396,-77.60784775018692,-183.22941660881042,-0.1712515950202942,0.05483279774979217,0.03495414419232121,0.09668666781712427,,,cuVSLAM,,
1236,1761213136413,-75.99234580993652,-185.30917167663574,-3.672271966934204,0.056864205696515215,0.03613099805586675,0.09848198619776719,,,cuVSLAM,,
1237,1761213136430,-74.37894493341446,-187.1531903743744,-7.470943033695221,0.05870011746170787,0.037170379726492134,0.09899127893724141,,,cuVSLAM,,
1238,1761213136446,-72.73175567388535,-189.12100791931152,-11.157460510730743,0.0604096516713444,0.038445221334452766,0.09915771831886881,,,cuVSLAM,,
1239,1761213136463,-71.0887461900711,-191.31457805633545,-14.589272439479828,0.06210505710343047,0.039950318537355894,0.09949780589723198,,,cuVSLAM,,
1240,1761213136479,-69.3337619304657,-192.8550899028778,-18.62623542547226,0.06368141704531104,0.041068662664714824,0.09911466488752295,,,cuVSLAM,,
1241,1761213136496,-67.74430721998215,-194.78091597557068,-22.146977484226227,0.06529722516340788,0.04255794442171566,0.09925330411473138,,,cuVSLAM,,
1242,1761213136513,-66.0514384508133,-196.52020931243896,-25.882191956043243,0.06675605484601396,0.044054828212272815,0.1000490475529493,,,cuVSLAM,,
1243,1761213136529,-64.31376934051514,-198.0433166027069,-29.674582183361053,0.06803172778581269,0.045706748724243726,0.10055519349771984,,,cuVSLAM,,
1244,1761213136546,-62.57960945367813,-200.01822710037231,-33.20208936929703,0.06921487575464746,0.047807470423923214,0.09971642867871056,,,cuVSLAM,,
1245,1761213136563,-60.703665018081665,-201.29933953285217,-37.136875092983246,0.07019068187310679,0.04968703579534582,0.09745993628725286,,,cuVSLAM,,
1246,1761213136579,-58.8570311665535,-202.6795744895935,-41.057489812374115,0.07103556023291857,0.05142264747239178,0.09530575728090052,,,cuVSLAM,,
1247,1761213136596,-57.09396302700043,-204.0499448776245,-44.96779292821884,0.07176296967782143,0.05320796672438413,0.0943948694710678,,,cuVSLAM,,
1248,1761213136613,-55.34929782152176,-205.15990257263184,-48.68755489587784,0.07250753427623846,0.05517735424547824,0.0949988272771363,,,cuVSLAM,,
1249,1761213136629,-53.41897904872894,-206.50959014892578,-52.83915251493454,0.07329392584738262,0.05704532681264455,0.0958767982199972,,,cuVSLAM,,
1250,1761213136646,-51.60506069660187,-207.65310525894165,-56.61686509847641,0.07413829578073639,0.05940795917066069,0.09624955914391621,,,cuVSLAM,,
1251,1761213136663,-49.69441145658493,-208.60648155212402,-60.4596808552742,0.07491845154321307,0.061836249544903556,0.09483885438211509,,,cuVSLAM,,
1252,1761213136679,-47.833941876888275,-209.4787359237671,-64.48947638273239,0.07574416741915882,0.06425225025463752,0.09154472048384252,,,cuVSLAM,,
1253,1761213136696,-45.95472663640976,-210.79504489898682,-68.51568073034286,0.07662332189965532,0.0667827866075777,0.08749963811527045,,,cuVSLAM,,
1254,1761213136713,-43.907590210437775,-211.9954526424408,-72.49552756547928,0.0777317136121158,0.06955664064160988,0.08380143928742545,,,cuVSLAM,,
1255,1761213136729,-41.88261181116104,-212.97433972358704,-76.35845988988876,0.07923288452910307,0.07266148314016899,0.08156474890013259,,,cuVSLAM,,
1256,1761213136746,-39.877213537693024,-214.2452597618103,-80.44815808534622,0.08103540080646024,0.07592357808691243,0.07942058577831168,,,cuVSLAM,,
1257,1761213136763,-37.77889162302017,-215.62349796295166,-84.47279781103134,0.08283394480261347,0.07937370573578877,0.07425298808838501,,,cuVSLAM,,
1258,1761213136779,-33.97420421242714,-210.57383716106415,-92.17812120914459,0.08318573871486645,0.08059343078804727,0.06374311355781288,,,cuVSLAM,,
1259,1761213136796,-31.96759521961212,-212.14628219604492,-96.19934111833572,0.08518628575182456,0.08384072179615742,0.06017482547045576,,,cuVSLAM,,
1260,1761213136829,-28.25259417295456,-215.40173888206482,-104.03571277856827,0.08948295778876408,0.0902344863158004,0.052445804782463475,,,cuVSLAM,,
1261,1761213136846,-26.579149067401886,-216.90794825553894,-107.81154781579971,0.09145180979001817,0.0936859288868212,0.044426134371440454,,,cuVSLAM,,
1262,1761213136863,-24.87049251794815,-218.69045495986938,-111.92071437835693,0.09305263881035303,0.0971413520504821,0.030983113429813476,,,cuVSLAM,,
1263,1761213136879,-23.288162425160408,-220.8428978919983,-115.61502516269684,0.09461475297161111,0.1007594231364433,0.018308873387448948,,,cuVSLAM,,
1264,1761213136896,-21.760540083050728,-222.82110154628754,-119.11506950855255,0.09671896928661694,0.10419203321921504,0.013232526352100163,,,cuVSLAM,,
1265,1761213136913,-20.403606817126274,-224.3569940328598,-122.90343642234802,0.09910289248590376,0.10740146327969435,0.00792405976772126,,,cuVSLAM,,
1266,1761213136929,-19.054584205150604,-226.34603083133698,-126.59955024719238,0.10133318239845752,0.11068558510990736,-0.0009383596046318077,,,cuVSLAM,,
1267,1761213136946,-17.76347868144512,-228.52174937725067,-130.34220039844513,0.10330984364821949,0.11403061063915403,-0.012801355303810005,,,cuVSLAM,,
1268,1761213136963,-16.599204391241074,-230.77096045017242,-133.6865872144699,0.10471449202249883,0.11791420117233405,-0.029213936773590868,,,cuVSLAM,,
1269,1761213136979,-15.41067287325859,-232.8883558511734,-136.67501509189606,0.10604124474046275,0.1217645148877112,-0.04399460107768189,,,cuVSLAM,,
1270,1761213136996,-14.408024027943611,-234.91010069847107,-139.57615196704865,0.1076131171333993,0.12530919903610752,-0.052843408572500854,,,cuVSLAM,,
1271,1761213137013,-13.313494622707367,-237.02360689640045,-142.767995595932,0.10913729134047115,0.12856219104898506,-0.061982812556472144,,,cuVSLAM,,
1272,1761213137029,-12.425292283296585,-239.30054903030396,-145.56090533733368,0.1105346378476719,0.13209166212117357,-0.07289513871476949,,,cuVSLAM,,
1273,1761213137046,-11.581920087337494,-241.5820211172104,-148.21361005306244,0.11185763649846994,0.13564103918599058,-0.0851289308247607,,,cuVSLAM,,
1274,1761213137063,-10.854413732886314,-243.83355677127838,-150.86056292057037,0.11325714144199564,0.13908541985457157,-0.09843556026056272,,,cuVSLAM,,
1275,1761213137079,-10.12406125664711,-246.56957387924194,-153.36841344833374,0.11496558003607761,0.14241634505533685,-0.10944556727290362,,,cuVSLAM,,
1276,1761213137096,-9.439844638109207,-249.26847219467163,-155.81098198890686,0.11713763645631954,0.14538276148484613,-0.11881829984445312,,,cuVSLAM,,
1277,1761213137113,-8.88349860906601,-252.16960906982422,-157.93895721435547,0.1196693277381474,0.1482486934711045,-0.12669635981028057,,,cuVSLAM,,
1278,1761213137129,-8.544685319066048,-255.11330366134644,-160.11366248130798,0.12255471465909902,0.15081576630898433,-0.13338350463580717,,,cuVSLAM,,
1279,1761213137146,-8.321395143866539,-258.1968903541565,-162.02694177627563,0.12553159059234298,0.15344180531356194,-0.14069573449491027,,,cuVSLAM,,
1280,1761213137163,-8.152991533279419,-261.4794373512268,-164.30073976516724,0.12858570240079406,0.1556279557543422,-0.14953978958250322,,,cuVSLAM,,
1281,1761213137179,-8.085299283266068,-264.74201679229736,-166.07844829559326,0.1318457070023348,0.15798165297366754,-0.1571656452787258,,,cuVSLAM,,
1282,1761213137196,-8.04194062948227,-267.91512966156006,-168.0905818939209,0.13546246729302064,0.15991972248936,-0.1621772032429301,,,cuVSLAM,,
1283,1761213137213,-8.13925452530384,-271.28341794013977,-170.070081949234,0.13929815638578716,0.16182806476459996,-0.16678819630837252,,,cuVSLAM,,
1284,1761213137230,-8.190726861357689,-274.49387311935425,-172.0847487449646,0.14332686408207512,0.16363941176204477,-0.17097051534192226,,,cuVSLAM,,
1285,1761213137246,-8.398594334721565,-277.898907661438,-174.10138249397278,0.1474287228189915,0.16526624973293136,-0.17509613799179288,,,cuVSLAM,,
1286,1761213137263,-8.741945028305054,-280.63446283340454,-176.4025092124939,0.15142542183108892,0.16628518154850613,-0.18087279401443196,,,cuVSLAM,,
1287,1761213137279,-9.258462116122246,-283.7519347667694,-178.19061875343323,0.15525910296519463,0.1672857111263978,-0.18554139431397185,,,cuVSLAM,,
1288,1761213137296,-9.682295843958855,-286.6123616695404,-179.88049983978271,0.15921095900707194,0.167964985248539,-0.18688559871916907,,,cuVSLAM,,
1289,1761213137313,-10.12207567691803,-289.2533540725708,-181.20619654655457,0.16318190820563577,0.16900707894583333,-0.18702796724031762,,,cuVSLAM,,
1290,1761213137329,-10.552708059549332,-292.0549809932709,-182.31406807899475,0.16706617038691984,0.17019232617592334,-0.1865389666826769,,,cuVSLAM,,
1291,1761213137346,-10.993553325533867,-294.5500612258911,-183.20785462856293,0.1704804080129255,0.17136740913638687,-0.18817555744966846,,,cuVSLAM,,
1292,1761213137363,-11.430755257606506,-297.04365134239197,-183.5605800151825,0.1733138722190026,0.1726376031150063,-0.19189403874155866,,,cuVSLAM,,
1293,1761213137380,-11.891867965459824,-299.19254779815674,-183.3033561706543,0.1758119108865293,0.1737396344877523,-0.1945552362642708,,,cuVSLAM,,
1294,1761213137396,-12.387216091156006,-300.7825016975403,-182.78560042381287,0.1779870275784234,0.1744643789440125,-0.1959814566107304,,,cuVSLAM,,
1295,1761213137413,-12.921474874019623,-302.4885356426239,-181.96062743663788,0.18002562812423414,0.1751413822756808,-0.1958734646755885,,,cuVSLAM,,
1296,1761213137429,-13.355452567338943,-303.6484718322754,-180.88072538375854,0.18201516240798007,0.17583460595507508,-0.19484537911505928,,,cuVSLAM,,
1297,1761213137446,-13.868249952793121,-304.8611879348755,-179.48958277702332,0.18357749814464008,0.17659099292570993,-0.19403454795516112,,,cuVSLAM,,
1298,1761213137463,-14.356795698404312,-305.85622787475586,-177.423357963562,0.18481767517521586,0.1775247386622139,-0.19389175766925998,,,cuVSLAM,,
1299,1761213137479,-14.922210946679115,-306.6588044166565,-174.98251795768738,0.1854710192228491,0.17831016321895915,-0.19353839522147243,,,cuVSLAM,,
1300,1761213137496,-15.474442392587662,-306.83284997940063,-172.26067185401917,0.18592647433634815,0.17881596203760414,-0.19260051155562433,,,cuVSLAM,,
1301,1761213137513,-16.056329011917114,-307.38094449043274,-169.15418207645416,0.18641544115527314,0.17951114449956912,-0.19106397900753028,,,cuVSLAM,,
1302,1761213137530,-16.646750271320343,-307.5985312461853,-165.9778356552124,0.18688927772468383,0.1804051866313957,-0.19152110819825388,,,cuVSLAM,,
1303,1761213137546,-17.127126455307007,-307.8072667121887,-162.3564213514328,0.18734266647926656,0.18171602697836417,-0.19258534850838482,,,cuVSLAM,,
1304,1761213137563,-17.712511122226715,-308.00819396972656,-158.22038054466248,0.18773219953600098,0.18329700838874016,-0.19297735008788458,,,cuVSLAM,,
1305,1761213137579,-18.232213333249092,-307.97079205513,-154.15093302726746,0.1881339928857227,0.18452250087206168,-0.19275760674975123,,,cuVSLAM,,
1306,1761213137596,-18.750561401247978,-307.81230330467224,-149.95595812797546,0.18855897860416979,0.18555721471324005,-0.19181192228934754,,,cuVSLAM,,
1307,1761213137613,-19.2169938236475,-307.72435665130615,-145.30505239963531,0.1894286535470397,0.18695893276335862,-0.18921779967508362,,,cuVSLAM,,
1308,1761213137629,-19.5634625852108,-307.6300024986267,-140.46424627304077,0.19054797285805114,0.18889925758382767,-0.18765501816267074,,,cuVSLAM,,
1309,1761213137646,-19.913066178560257,-307.7628016471863,-135.86834073066711,0.19136184164155376,0.1912231513760277,-0.19041183191388852,,,cuVSLAM,,
1310,1761213137663,-20.239299163222313,-308.0824315547943,-130.77615201473236,0.1918494782732279,0.1939618007677666,-0.19473943626905005,,,cuVSLAM,,
1311,1761213137679,-20.52745223045349,-308.15941095352173,-125.18540024757385,0.19239982778066558,0.19668969726768532,-0.1970571076438813,,,cuVSLAM,,
1312,1761213137696,-20.677367225289345,-308.0792427062988,-119.94665861129761,0.1930631233104877,0.1988924789864946,-0.19749333790974,,,cuVSLAM,,
1313,1761213137713,-20.751209929585457,-308.0361485481262,-114.41686004400253,0.19416664844617934,0.20110713928477952,-0.1945841505378342,,,cuVSLAM,,
1314,1761213137729,-20.76193317770958,-307.58243799209595,-108.89095067977905,0.19541075976118602,0.20342646955275268,-0.1906764359663414,,,cuVSLAM,,
1315,1761213137746,-20.81098034977913,-307.2252869606018,-103.6006435751915,0.19607591774130717,0.2063549676198751,-0.19098870861211206,,,cuVSLAM,,
1316,1761213137763,-20.809505134820938,-306.75265192985535,-97.88136184215546,0.19649949049165838,0.20995748801442207,-0.19300576329574803,,,cuVSLAM,,
1317,1761213137779,-20.785413682460785,-306.1811923980713,-92.73020178079605,0.1970403577988069,0.2128613458751668,-0.19197270515856701,,,cuVSLAM,,
1318,1761213137796,-20.853962749242783,-305.1260709762573,-87.44246512651443,0.19790007115633423,0.21537910330174254,-0.1875931343755789,,,cuVSLAM,,
1319,1761213137813,-20.87509259581566,-304.2092025279999,-82.04064518213272,0.19879866755902234,0.21789106137066452,-0.18289533854749118,,,cuVSLAM,,
1320,1761213137829,-20.985327661037445,-302.9727339744568,-76.82371139526367,0.1993908241640259,0.22023456121162646,-0.17988670039738228,,,cuVSLAM,,
1321,1761213137846,-21.197699010372162,-301.7023801803589,-71.39094173908234,0.19975863892870416,0.2228273293580684,-0.17793658684024144,,,cuVSLAM,,
1322,1761213137863,-21.559176966547966,-300.6463050842285,-66.05267524719238,0.20013026780419194,0.22513354039300035,-0.17557233651075535,,,cuVSLAM,,
1323,1761213137879,-21.921847015619278,-299.31265115737915,-60.81502139568329,0.2007750849457357,0.22705348974452005,-0.17209273443241466,,,cuVSLAM,,
1324,1761213137896,-22.3600585013628,-297.80644178390503,-55.503517389297485,0.2015423164889012,0.22877668026973197,-0.16816720991990536,,,cuVSLAM,,
1325,1761213137913,-22.851843386888504,-296.59849405288696,-50.19216239452362,0.202333112616377,0.23030950864826089,-0.16403876084700436,,,cuVSLAM,,
1326,1761213137929,-23.34207482635975,-295.16807198524475,-44.7845384478569,0.20291942311464656,0.2319731119167518,-0.1612413575101837,,,cuVSLAM,,
1327,1761213137946,-24.0163691341877,-293.92513632774353,-39.25921767950058,0.20320534931477832,0.2338019428468167,-0.16014973567228968,,,cuVSLAM,,
1328,1761213137963,-24.760335683822632,-292.7045524120331,-34.06907618045807,0.2034079246128513,0.23520066609587623,-0.1601293392398981,,,cuVSLAM,,
1329,1761213137979,-25.61008930206299,-291.4254665374756,-28.88842672109604,0.20364400449886985,0.23622658952139014,-0.15930452803157322,,,cuVSLAM,,
1330,1761213137996,-26.552680879831314,-290.2264595031738,-23.63121509552002,0.20412370924026738,0.23676310999893038,-0.15601552272209965,,,cuVSLAM,,
1331,1761213138013,-27.579452842473984,-288.96084427833557,-18.427640199661255,0.2046540815384387,0.23693109663570538,-0.1520273250393477,,,cuVSLAM,,
1332,1761213138029,-28.49525213241577,-288.0396842956543,-12.909650802612305,0.20483212900574213,0.23765907395756108,-0.1510344557882532,,,cuVSLAM,,
1333,1761213138063,-30.64827434718609,-286.15617752075195,-2.522572875022888,0.20497505129789634,0.23884542987028046,-0.15125684863553823,,,cuVSLAM,,
1334,1761213138079,-31.783513724803925,-284.9385738372803,2.360515296459198,0.205063723725171,0.23928395549676124,-0.15095527833218148,,,cuVSLAM,,
1335,1761213138096,-32.902609556913376,-283.84876251220703,7.411688566207886,0.20492362685900892,0.24007279773745105,-0.15088464543596383,,,cuVSLAM,,
1336,1761213138113,-34.00103747844696,-282.9914391040802,12.566134333610535,0.20472014586046344,0.24107401488828603,-0.15046644601189652,,,cuVSLAM,,
1337,1761213138129,-35.118065774440765,-281.9395065307617,17.51720905303955,0.2045905626615076,0.24203167959637298,-0.1495112160506458,,,cuVSLAM,,
1338,1761213138146,-36.23495623469353,-281.0576260089874,22.571533918380737,0.20449924737847963,0.24305873830132516,-0.1482972894030676,,,cuVSLAM,,
1339,1761213138163,-37.33507916331291,-280.07709980010986,27.268677949905396,0.2043203911528417,0.24410831106733627,-0.14776969871132808,,,cuVSLAM,,
1340,1761213138179,-38.44396397471428,-279.02019023895264,31.696505844593048,0.20388468554108327,0.24540134231634445,-0.1489293459404487,,,cuVSLAM,,
1341,1761213138196,-39.324309676885605,-278.1323790550232,36.4677757024765,0.202965415218909,0.2477317032233903,-0.15352448354178044,,,cuVSLAM,,
1342,1761213138213,-40.123727172613144,-277.548223733902,40.95132648944855,0.20173407279503566,0.2505419717934665,-0.16014215157016867,,,cuVSLAM,,
1343,1761213138229,-40.79027473926544,-276.8501043319702,45.534342527389526,0.20078315634961713,0.2537192091998812,-0.16575522962414482,,,cuVSLAM,,
1344,1761213138246,-41.25463590025902,-276.3495445251465,50.15912652015686,0.20031434570104284,0.25677196812202496,-0.16825858190948695,,,cuVSLAM,,
1345,1761213138263,-41.77238047122955,-275.77587962150574,54.451510310173035,0.2000334966746613,0.2594863363983256,-0.16967764954674364,,,cuVSLAM,,
1346,1761213138279,-42.14463382959366,-275.4492461681366,58.88158082962036,0.19972457243124053,0.2623801932366741,-0.17107418625287688,,,cuVSLAM,,
1347,1761213138296,-42.24133491516113,-274.6712863445282,63.05491924285889,0.19901272600354242,0.2653398431609281,-0.17502960856241073,,,cuVSLAM,,
1348,1761213138313,-42.24994778633118,-274.5446264743805,67.04537570476532,0.19799156829650771,0.2686331851358948,-0.18027938867164314,,,cuVSLAM,,
1349,1761213138329,-41.93529859185219,-274.55711364746094,71.42740488052368,0.1971789795906592,0.2724910052083634,-0.1843406977837529,,,cuVSLAM,,
1350,1761213138346,-41.440173983573914,-274.19307827949524,75.16831159591675,0.1967994338716959,0.2759789589048397,-0.18595374959876643,,,cuVSLAM,,
1351,1761213138363,-40.61860963702202,-273.81885051727295,79.12936806678772,0.19679705623346905,0.27994065843460536,-0.18507654010872382,,,cuVSLAM,,
1352,1761213138379,-39.66676443815231,-273.60475063323975,82.76836574077606,0.19692728673046236,0.2839767262269085,-0.18410698603146294,,,cuVSLAM,,
1353,1761213138396,-38.568612188100815,-273.4021246433258,86.35066449642181,0.19660443030891522,0.28852458873200115,-0.18595925701578586,,,cuVSLAM,,
1354,1761213138413,-37.2314378619194,-273.54809641838074,90.20300209522247,0.19605041409535243,0.29366109749532104,-0.18871611147100134,,,cuVSLAM,,
1355,1761213138429,-35.57906672358513,-273.3772397041321,94.00865435600281,0.1956740578160968,0.29886269541647703,-0.19019316060953612,,,cuVSLAM,,
1356,1761213138446,-33.85177254676819,-273.0420231819153,97.12173789739609,0.19550355540096417,0.3034620737619869,-0.19019289437316214,,,cuVSLAM,,
1357,1761213138463,-32.00843930244446,-272.9697823524475,100.37828236818314,0.1956113011081027,0.3082835583765999,-0.18834797607339385,,,cuVSLAM,,
1358,1761213138479,-30.210193246603012,-272.9474902153015,103.88555377721786,0.19573391578580712,0.3132182372135238,-0.18665076401204928,,,cuVSLAM,,
1359,1761213138496,-28.428371995687485,-272.89220690727234,107.17891156673431,0.19584316825699363,0.31787269462019546,-0.1861039837784101,,,cuVSLAM,,
1360,1761213138513,-26.62844769656658,-272.88705110549927,110.25162786245346,0.19594649935754704,0.32210318463856824,-0.18584283024581022,,,cuVSLAM,,
1361,1761213138529,-24.825340136885643,-272.8041708469391,113.33960294723511,0.1960658004044784,0.3263589819403232,-0.18534770608674014,,,cuVSLAM,,
1362,1761213138546,-22.902805358171463,-272.9141414165497,116.36391282081604,0.1962162703075742,0.33074620194232607,-0.18454479177274868,,,cuVSLAM,,
1363,1761213138563,-20.898014307022095,-272.9145586490631,119.38680708408356,0.1961766047277923,0.33536506248478226,-0.1844311637365486,,,cuVSLAM,,
1364,1761213138579,-18.7890212982893,-272.8038728237152,122.21868336200714,0.19605951539553115,0.3400348656008431,-0.18511045490194766,,,cuVSLAM,,
1365,1761213138596,-16.664333641529083,-272.752046585083,125.02507865428925,0.19632290265675703,0.344463793758471,-0.18423819838512553,,,cuVSLAM,,
1366,1761213138613,-14.649804681539536,-272.59761095046997,127.74179875850677,0.19710399638335835,0.348505182327561,-0.18152253291330198,,,cuVSLAM,,
1367,1761213138629,-12.651022523641586,-272.31916785240173,130.13093173503876,0.19824039230069365,0.35225323715311824,-0.17754262951682723,,,cuVSLAM,,
1368,1761213138646,-10.554585605859756,-272.0355689525604,132.31250643730164,0.19932596278030051,0.3561748614877994,-0.17349391587443927,,,cuVSLAM,,
1369,1761213138663,-8.528992533683777,-271.8612551689148,134.4992220401764,0.19981183318157614,0.36065618659688375,-0.1725914617156032,,,cuVSLAM,,
1370,1761213138679,-6.603062152862549,-271.8322277069092,136.89979910850525,0.2002524840822263,0.36537709856534134,-0.17259922093681712,,,cuVSLAM,,
1371,1761213138696,-4.731159657239914,-271.58695459365845,139.0797644853592,0.20118174288162538,0.36951246475779925,-0.17066712174583054,,,cuVSLAM,,
1372,1761213138713,-3.0097700655460358,-271.25078439712524,140.8521980047226,0.20253006404402493,0.37273970833797027,-0.16686820731600216,,,cuVSLAM,,
1373,1761213138729,-1.4347508549690247,-270.89399099349976,142.7651047706604,0.20383465038490803,0.37572802118344956,-0.162876686834141,,,cuVSLAM,,
1374,1761213138746,0.10138750076293945,-270.87491750717163,144.44907009601593,0.20481133356223968,0.37854580520345915,-0.1601913918932731,,,cuVSLAM,,
1375,1761213138763,1.5141330659389496,-270.8582878112793,146.20548486709595,0.2050896690777944,0.3817412217245655,-0.160981708738438,,,cuVSLAM,,
1376,1761213138779,2.894774079322815,-271.06866240501404,147.70720899105072,0.20531698088177028,0.38499888742665417,-0.16324303298465634,,,cuVSLAM,,
1377,1761213138796,4.249077290296555,-271.2838053703308,149.20136332511902,0.2062233844053588,0.3883206613502343,-0.16395765431863427,,,cuVSLAM,,
1378,1761213138813,5.621917545795441,-271.65019512176514,150.35609900951385,0.20789654521383077,0.3916269222534936,-0.16245218803366349,,,cuVSLAM,,
1379,1761213138829,7.069755345582962,-271.89338207244873,151.75406634807587,0.20975970219814796,0.3952850318544694,-0.15980444994694384,,,cuVSLAM,,
1380,1761213138846,8.446596562862396,-272.18812704086304,152.6876986026764,0.21121951850923257,0.3988288618797289,-0.1575011407000548,,,cuVSLAM,,
1381,1761213138863,9.899001568555832,-272.4117636680603,153.53238582611084,0.21218614615716336,0.4024289345835541,-0.15673246383933337,,,cuVSLAM,,
1382,1761213138879,11.196531355381012,-272.8244662284851,154.24971282482147,0.21292058704865705,0.4059133700799322,-0.15713976016206346,,,cuVSLAM,,
1383,1761213138896,12.44424656033516,-273.2750177383423,154.66132760047913,0.21351799602579782,0.40914418700999744,-0.15834473043572342,,,cuVSLAM,,
1384,1761213138913,13.632077723741531,-273.5242545604706,155.04983067512512,0.21444511869092217,0.41219572817846634,-0.15872356921869366,,,cuVSLAM,,
1385,1761213138929,14.696381986141205,-273.71376752853394,155.42301535606384,0.2157742928019974,0.4150879370290297,-0.1571073902659793,,,cuVSLAM,,
1386,1761213138946,15.536542981863022,-273.6779451370239,155.37482500076294,0.21709323466496475,0.41754273467251823,-0.15527639742773244,,,cuVSLAM,,
1387,1761213138963,16.24497026205063,-273.6411988735199,155.26121854782104,0.21819529376335575,0.41981366920911123,-0.1536952168071268,,,cuVSLAM,,
1388,1761213138979,16.792140901088715,-273.4583616256714,154.95066344738007,0.2188671218473655,0.4218427091517484,-0.15308407293950899,,,cuVSLAM,,
1389,1761213138996,16.980376094579697,-273.038387298584,154.45548295974731,0.21870832466150678,0.42357248413746196,-0.1549290613865362,,,cuVSLAM,,
1390,1761213139013,16.752824187278748,-272.08948135375977,153.60288321971893,0.21788210229320917,0.42442651938105236,-0.15840413355172092,,,cuVSLAM,,
1391,1761213139029,16.22222736477852,-270.8570659160614,153.04572880268097,0.21664600912723242,0.42414925020266325,-0.16120991224714978,,,cuVSLAM,,
1392,1761213139046,15.231028199195862,-269.0642476081848,152.6675820350647,0.2154522822075021,0.42209728968377663,-0.16070886845151297,,,cuVSLAM,,
1393,1761213139063,13.972308486700058,-266.845166683197,152.30977535247803,0.2141884140741913,0.4181511190127997,-0.1570053329988795,,,cuVSLAM,,
1394,1761213139079,12.246984988451004,-264.4115686416626,151.43448114395142,0.21195945532286753,0.412653421839447,-0.15437059199301809,,,cuVSLAM,,
1395,1761213139096,10.381504893302917,-261.564165353775,151.2477844953537,0.20864674831744293,0.40704952164696817,-0.15396199333215893,,,cuVSLAM,,
1396,1761213139113,8.49086046218872,-258.57818126678467,150.9443074464798,0.20485165949423817,0.4009309590469636,-0.15360612392160952,,,cuVSLAM,,
1397,1761213139129,6.407901644706726,-255.1095485687256,150.65620839595795,0.20092740367915024,0.3946820587488252,-0.15244575647974143,,,cuVSLAM,,
1398,1761213139146,4.395484924316406,-251.22997164726257,150.26235580444336,0.19698868980739942,0.38843212684824197,-0.14986527487678616,,,cuVSLAM,,
1399,1761213139163,2.3786760866642,-247.04501032829285,150.04494786262512,0.19293802002472787,0.382291238105387,-0.1456227611886591,,,cuVSLAM,,
1400,1761213139179,0.41798874735832214,-242.45363473892212,149.68687295913696,0.18861480092741464,0.3760829820885535,-0.1404371958113566,,,cuVSLAM,,
1401,1761213139196,-1.433875411748886,-237.35958337783813,149.240180850029,0.18336150492757883,0.36997410969519473,-0.13670307784895325,,,cuVSLAM,,
1402,1761213139213,-3.227315843105316,-232.0510894060135,148.73087406158447,0.17720890196148376,0.36399024240007033,-0.13528312059646327,,,cuVSLAM,,
1403,1761213139229,-4.782060161232948,-226.46531462669373,148.21910858154297,0.17056959500759666,0.3580763219012481,-0.1339855466577871,,,cuVSLAM,,
1404,1761213139246,-6.278391927480698,-220.24089097976685,147.50009775161743,0.16379988375432464,0.3520523952374133,-0.13091048256843793,,,cuVSLAM,,
1405,1761213139263,-7.396426051855087,-213.6717140674591,146.8837559223175,0.1569087981127451,0.34642564458033503,-0.12661417116073878,,,cuVSLAM,,
1406,1761213139279,-8.370902389287949,-207.0784568786621,146.3438868522644,0.14994568287333393,0.34125621402302186,-0.1216475908037645,,,cuVSLAM,,
1407,1761213139313,-9.76993702352047,-193.50342452526093,145.05042135715485,0.13591805120050177,0.33214151280234033,-0.11252426157431429,,,cuVSLAM,,
1408,1761213139329,-10.317618027329445,-186.7382526397705,144.33571696281433,0.12883797394578475,0.32807998137669403,-0.10942755152096155,,,cuVSLAM,,
1409,1761213139346,-10.706346482038498,-179.8471063375473,143.76740157604218,0.1219054849613388,0.32418103644510593,-0.1073642205262622,,,cuVSLAM,,
1410,1761213139363,-11.01529411971569,-173.03474247455597,143.19288730621338,0.11547125332217265,0.3205280992629871,-0.10469442591588443,,,cuVSLAM,,
1411,1761213139379,-11.065768077969551,-166.0272628068924,143.2260274887085,0.10928001129778797,0.31764520997306633,-0.1011975967825977,,,cuVSLAM,,
1412,1761213139398,-11.152420192956924,-158.98454189300537,142.83530414104462,0.1033504090837029,0.31473789072663116,-0.09748025774390529,,,cuVSLAM,,
1413,1761213139413,-11.110613122582436,-152.17097103595734,142.1636939048767,0.09753305663159526,0.311867084666507,-0.09437846963776764,,,cuVSLAM,,
1414,1761213139429,-11.147726327180862,-145.49365639686584,141.41178131103516,0.09213531087462432,0.3090058413391863,-0.09113427622297107,,,cuVSLAM,,
1415,1761213139446,-11.106491088867188,-138.6820673942566,141.163170337677,0.08697022615964448,0.30651301175873885,-0.08707925896228885,,,cuVSLAM,,
1416,1761213139463,-11.07035018503666,-131.74787163734436,140.87489247322083,0.08177094295738069,0.30398548966644645,-0.08268116856969464,,,cuVSLAM,,
1417,1761213139479,-11.06501929461956,-124.73933398723602,140.6739056110382,0.07642641228047063,0.3015744228668917,-0.07856849225944684,,,cuVSLAM,,
1418,1761213139496,-10.986097157001495,-117.56649613380432,140.54344594478607,0.07081339350792537,0.29927045701326177,-0.07471371882052118,,,cuVSLAM,,
1419,1761213139513,-11.077839881181717,-110.34376919269562,140.6216025352478,0.06496036135962001,0.2970770630712984,-0.07016660036580173,,,cuVSLAM,,
1420,1761213139529,-11.221613734960556,-102.92641818523407,140.07283747196198,0.059062954162156914,0.2943978343361611,-0.06476349879147626,,,cuVSLAM,,
1421,1761213139546,-11.28276064991951,-95.3160971403122,140.08641242980957,0.052782311823363855,0.29218247078728277,-0.05980950640330895,,,cuVSLAM,,
1422,1761213139563,-11.517524719238281,-87.50864863395691,139.9267613887787,0.0460821423022837,0.28984312561385633,-0.05520375542072415,,,cuVSLAM,,
1423,1761213139579,-11.774208396673203,-79.64260876178741,140.09422063827515,0.03902020579524555,0.28783380446472734,-0.051050135082410374,,,cuVSLAM,,
1424,1761213139596,-12.128334492444992,-71.67458534240723,139.94920253753662,0.031549664349432606,0.2855428846789751,-0.04776813444313803,,,cuVSLAM,,
1425,1761213139613,-12.727858498692513,-63.71767818927765,139.63395357131958,0.023977452491349412,0.2830349543456127,-0.044415362971789496,,,cuVSLAM,,
1426,1761213139629,-13.378925621509552,-55.48092722892761,139.41285014152527,0.016365619911496723,0.2805508993773682,-0.04061225589451404,,,cuVSLAM,,
1427,1761213139646,-14.086773619055748,-47.43754863739014,139.4873559474945,0.008676492023393684,0.278098315131264,-0.036510925838980884,,,cuVSLAM,,
1428,1761213139663,-15.050329267978668,-39.35153782367706,139.27166163921356,0.0010207709117263746,0.27524950773712886,-0.03199787277792045,,,cuVSLAM,,
1429,1761213139679,-16.257397830486298,-31.289413571357727,139.12776112556458,-0.0067823660633710035,0.2723497240316319,-0.027340302502935857,,,cuVSLAM,,
1430,1761213139696,-17.540164291858673,-22.930532693862915,137.36644387245178,-0.015063449306872015,0.268136062935411,-0.023764036461064328,,,cuVSLAM,,
1431,1761213139713,-18.843889236450195,-14.897823333740234,136.8817389011383,-0.023711171276848263,0.26492383143823867,-0.021244632886137135,,,cuVSLAM,,
1432,1761213139729,-20.275890827178955,-6.749331951141357,136.65562868118286,-0.03232850841461434,0.26185391894066345,-0.0193995323488262,,,cuVSLAM,,
1433,1761213139746,-21.86857908964157,1.5942752361297607,136.26819849014282,-0.04106724003736729,0.2585789358896891,-0.017238968041787105,,,cuVSLAM,,
1434,1761213139763,-23.482035845518112,9.752094745635986,136.20853424072266,-0.04979385322522452,0.2553778120481765,-0.014300075970405125,,,cuVSLAM,,
1435,1761213139779,-24.657435715198517,19.811933860182762,136.34583353996277,-0.058493326380422685,0.2522214935319771,-0.011659586710883426,,,cuVSLAM,,
1436,1761213139796,-26.41482464969158,28.431007638573647,136.02091372013092,-0.06767463735261181,0.24872748513219983,-0.008218361885525195,,,cuVSLAM,,
1437,1761213139813,-28.117630630731583,36.61303222179413,136.06417179107666,-0.07704202269000543,0.2455087630834826,-0.006119421184993263,,,cuVSLAM,,
1438,1761213139829,-29.95038591325283,44.72024738788605,135.61150431632996,-0.08643347860099172,0.2419906190600263,-0.004899691871406326,,,cuVSLAM,,
1439,1761213139846,-31.77262842655182,52.79950797557831,135.21338999271393,-0.0955542383863971,0.23865759694564193,-0.0033553580862926325,,,cuVSLAM,,
1440,1761213139863,-33.651500940322876,60.68922579288483,134.725883603096,-0.10432809505899017,0.23535514150388784,-0.0008474321955156429,,,cuVSLAM,,
1441,1761213139879,-35.3873036801815,68.78995150327682,133.982315659523,-0.11280001713399926,0.2319915857684515,0.0025508890229174025,,,cuVSLAM,,
1442,1761213139896,-37.21357509493828,76.59807801246643,133.70545208454132,-0.12094417921653144,0.2288672178032266,0.005691640174427786,,,cuVSLAM,,
1443,1761213139913,-39.02056813240051,83.9175432920456,133.58506560325623,-0.12902448284570053,0.22568285312022002,0.007547752448174815,,,cuVSLAM,,
1444,1761213139929,-40.806613862514496,91.38749539852142,132.91533291339874,-0.1370622900687479,0.2219692741873993,0.007783925822513674,,,cuVSLAM,,
1445,1761213139963,-44.393930584192276,105.94072192907333,132.24729895591736,-0.151423438468596,0.21516677864265604,0.012856913555274243,,,cuVSLAM,,
1446,1761213139979,-46.25403881072998,113.31232637166977,131.5252035856247,-0.15819439072924552,0.21178593256233336,0.017216963026204228,,,cuVSLAM,,
1447,1761213139996,-47.91001230478287,120.54121494293213,130.93893229961395,-0.16491935936325167,0.2085278042997233,0.020790216233408577,,,cuVSLAM,,
1448,1761213140013,-49.67152327299118,127.48301029205322,130.38566708564758,-0.17164733558222944,0.20532071838424334,0.023987665164043038,,,cuVSLAM,,
1449,1761213140029,-51.39091610908508,134.29702818393707,129.94691729545593,-0.17820531616750923,0.2021115356780874,0.026299004051675918,,,cuVSLAM,,
1450,1761213140046,-53.06871607899666,140.99441468715668,129.29441034793854,-0.1845054590700094,0.198736454143143,0.028314689019179724,,,cuVSLAM,,
1451,1761213140063,-54.71367761492729,147.55070209503174,128.7316530942917,-0.1904546392175753,0.1954330202467597,0.031079145093825887,,,cuVSLAM,,
1452,1761213140079,-56.16281181573868,154.32503819465637,127.95311212539673,-0.19607045438929233,0.19205105071169987,0.03393810332076064,,,cuVSLAM,,
1453,1761213140096,-57.76354670524597,160.64488887786865,127.35146284103394,-0.20146499150064565,0.1889316072350877,0.03764321573220838,,,cuVSLAM,,
1454,1761213140113,-59.306856244802475,166.88121855258942,126.72899663448334,-0.20658837875201416,0.1859758726178149,0.041471587045966776,,,cuVSLAM,,
1455,1761213140129,-60.694124549627304,173.0964630842209,125.78068673610687,-0.2115850507948617,0.18301851327499863,0.044696478152576165,,,cuVSLAM,,
1456,1761213140146,-61.91762536764145,179.27314341068268,124.93091821670532,-0.21627078838139596,0.1804902941876798,0.047856373313834286,,,cuVSLAM,,
1457,1761213140163,-63.32685053348541,184.99861657619476,123.68439882993698,-0.22062179622057299,0.17806480358514634,0.05231262895585471,,,cuVSLAM,,
1458,1761213140179,-64.51831012964249,190.9349411725998,122.4948987364769,-0.22493145963162114,0.17605833546715002,0.05705834930179322,,,cuVSLAM,,
1459,1761213140196,-65.56220352649689,196.7773735523224,121.38666212558746,-0.22942625231064193,0.1743693286990585,0.06171156711570702,,,cuVSLAM,,
1460,1761213140213,-66.25106185674667,202.98057794570923,120.05740404129028,-0.23425686662523265,0.17276391403248262,0.06534178540700535,,,cuVSLAM,,
1461,1761213140229,-66.79186224937439,209.10634100437164,118.09992790222168,-0.23927449516583724,0.1708014414611237,0.06752934044377837,,,cuVSLAM,,
1462,1761213140246,-67.30694323778152,214.8805856704712,116.55959486961365,-0.24436831052341174,0.16937491737781854,0.06952912533520789,,,cuVSLAM,,
1463,1761213140263,-67.6940307021141,220.8036333322525,115.24656414985657,-0.24923291909249595,0.1687372752194701,0.07284453625148771,,,cuVSLAM,,
1464,1761213140279,-67.945696413517,226.65274143218994,113.59751224517822,-0.25405237725254753,0.16843258510990317,0.07671167941010468,,,cuVSLAM,,
1465,1761213140296,-68.12124699354172,231.8294793367386,112.05635219812393,-0.25890695623921073,0.16815332204731087,0.07933713427108383,,,cuVSLAM,,
1466,1761213140313,-68.39172542095184,237.22659051418304,110.05090177059174,-0.2640732025978998,0.1674318547148284,0.08010209379423659,,,cuVSLAM,,
1467,1761213140329,-68.48365068435669,242.6932156085968,108.4846556186676,-0.2691722106892851,0.1671477837267955,0.08130182704977083,,,cuVSLAM,,
1468,1761213140346,-68.54169070720673,248.12082946300507,106.76932334899902,-0.2740575504964514,0.16708627128302933,0.08428925933484291,,,cuVSLAM,,
1469,1761213140363,-68.62923502922058,253.46988439559937,104.99068349599838,-0.27885606591698814,0.16716915275575023,0.08778722008054732,,,cuVSLAM,,
1470,1761213140379,-68.66227090358734,258.8885724544525,103.20791602134705,-0.28377234288393366,0.16726036485016257,0.09065888262327207,,,cuVSLAM,,
1471,1761213140396,-68.68009269237518,264.32132720947266,101.23629122972488,-0.28882989676005255,0.16711016996266748,0.09261521177075654,,,cuVSLAM,,
1472,1761213140413,-68.89183819293976,269.3927586078644,99.17565435171127,-0.2940280085495792,0.16672206271148954,0.09435333790519142,,,cuVSLAM,,
1473,1761213140430,-69.05576586723328,274.57180619239807,97.03780710697174,-0.29931309689522934,0.1662183967322547,0.0960308730213371,,,cuVSLAM,,
1474,1761213140446,-69.38187032938004,279.5848548412323,94.80917453765869,-0.30453299278160967,0.1656317127348972,0.09846418571566413,,,cuVSLAM,,
1475,1761213140463,-69.62841749191284,284.56950187683105,92.66617894172668,-0.30972473719007904,0.16509103377694895,0.10096443666061669,,,cuVSLAM,,
1476,1761213140480,-70.10962814092636,289.21782970428467,90.24037420749664,-0.31483629313762895,0.16415057855136325,0.10314586267873238,,,cuVSLAM,,
1477,1761213140496,-70.58961689472198,293.7944829463959,87.90819346904755,-0.3197733744405211,0.16323276517787474,0.10517411380789848,,,cuVSLAM,,
1478,1761213140513,-71.11142575740814,298.36344718933105,85.38490533828735,-0.32435443193487307,0.16214363126187634,0.10723641509180035,,,cuVSLAM,,
1479,1761213140529,-71.58683985471725,302.7525544166565,83.09778571128845,-0.32853359834286894,0.16109949287953418,0.10918830221654754,,,cuVSLAM,,
1480,1761213140546,-72.26376235485077,306.758314371109,80.99396526813507,-0.33215921640706625,0.1601104160825913,0.1119350049781848,,,cuVSLAM,,
1481,1761213140579,-73.45801591873169,314.95997309684753,75.91484487056732,-0.338272229820355,0.15801599953958392,0.11977257324390332,,,cuVSLAM,,
1482,1761213140596,-74.26786422729492,318.46266984939575,73.42495769262314,-0.3410125134627277,0.15693332289333026,0.12340899358589363,,,cuVSLAM,,
1483,1761213140613,-75.02974569797516,321.90778851509094,70.92098891735077,-0.3438378474619648,0.15570991521984878,0.12622564109619341,,,cuVSLAM,,
1484,1761213140629,-75.80052316188812,325.2529501914978,68.40338557958603,-0.3465013628072919,0.1543623269642743,0.1286584029397709,,,cuVSLAM,,
1485,1761213140646,-76.56460255384445,328.51821184158325,65.8842921257019,-0.3488943395929479,0.15300102397116838,0.13135877437124752,,,cuVSLAM,,
1486,1761213140663,-77.33678817749023,331.5640985965729,63.31796944141388,-0.35107717996164517,0.15165630845281153,0.13477453305937087,,,cuVSLAM,,
1487,1761213140679,-78.22063565254211,334.2686593532562,60.91015040874481,-0.3531578968131374,0.1504861359609289,0.1387408650017583,,,cuVSLAM,,
1488,1761213140696,-78.94545793533325,336.9792699813843,58.90075862407684,-0.3551754728633741,0.14951630116477607,0.141981908913496,,,cuVSLAM,,
1489,1761213140713,-79.7143429517746,339.5148515701294,56.319400668144226,-0.3572317926133627,0.1479415357707037,0.14430792636820963,,,cuVSLAM,,
1490,1761213140729,-80.61748743057251,341.6706919670105,54.479360580444336,-0.3589584330047154,0.14658032849473376,0.146476818543199,,,cuVSLAM,,
1491,1761213140746,-81.44356310367584,343.84942054748535,52.44843661785126,-0.3603702139152999,0.14519002253543895,0.14919078351560972,,,cuVSLAM,,
1492,1761213140763,-82.44846761226654,345.57273983955383,50.72923004627228,-0.3614026370981668,0.1436955511730427,0.15228468414592955,,,cuVSLAM,,
1493,1761213140779,-83.43932032585144,347.24125266075134,49.05428737401962,-0.3622305854557539,0.14196051323665257,0.15488273430042748,,,cuVSLAM,,
1494,1761213140796,-84.80951189994812,348.28975796699524,47.58525639772415,-0.3628213991539763,0.13998109379670348,0.1574474634339822,,,cuVSLAM,,
1495,1761213140813,-86.07342094182968,349.1411507129669,46.50997370481491,-0.363075998173585,0.1379291424355467,0.15953165600318628,,,cuVSLAM,,
1496,1761213140829,-87.53806352615356,349.47168827056885,46.04978859424591,-0.36279660398276387,0.13589675469305898,0.16166130637641674,,,cuVSLAM,,
1497,1761213140846,-89.09815549850464,349.5081067085266,45.525483787059784,-0.36206354868491514,0.13352669305172535,0.16401489171387715,,,cuVSLAM,,
1498,1761213140863,-90.65274894237518,349.0760028362274,45.32763361930847,-0.3607781659747986,0.13092147409878577,0.16588535307481583,,,cuVSLAM,,
1499,1761213140879,-92.52431243658066,347.81527519226074,45.94592750072479,-0.35893495089836963,0.1282439911852392,0.16730095872469394,,,cuVSLAM,,
1500,1761213140896,-94.67517584562302,345.87037563323975,46.89711332321167,-0.35642357476403885,0.12519849038035086,0.16817142977850802,,,cuVSLAM,,
1501,1761213140913,-96.9264954328537,343.5570001602173,47.30314016342163,-0.3532677605241704,0.1214140971274353,0.16880120761252768,,,cuVSLAM,,
1502,1761213140929,-99.07231479883194,340.8353924751282,48.375487327575684,-0.34921181351473335,0.11779485321125036,0.16973745084284206,,,cuVSLAM,,
1503,1761213140946,-101.29866003990173,337.62192726135254,49.79579150676727,-0.34447479690806926,0.11433354166243134,0.17075717973181698,,,cuVSLAM,,
1504,1761213140963,-103.67359966039658,333.822637796402,51.33102834224701,-0.3390478184768903,0.11079187299477422,0.1719453809542684,,,cuVSLAM,,
1505,1761213140979,-106.38418793678284,329.229474067688,52.60489135980606,-0.33305561323149285,0.10683232544227637,0.17269622612184227,,,cuVSLAM,,
1506,1761213140996,-108.97654294967651,324.1924047470093,54.106615483760834,-0.3261630435480062,0.10289982983265904,0.17304672566503154,,,cuVSLAM,,
1507,1761213141013,-111.61217093467712,318.80486011505127,56.61512911319733,-0.31836582825585125,0.09954423076051881,0.17387364818244738,,,cuVSLAM,,
1508,1761213141029,-114.40768837928772,312.6017153263092,59.34150516986847,-0.30993036294101844,0.09616294095612048,0.17537421563093694,,,cuVSLAM,,
1509,1761213141046,-117.35033243894577,306.08344078063965,61.78651750087738,-0.30111318590753694,0.09236699618329416,0.17689211581066078,,,cuVSLAM,,
1510,1761213141063,-120.26484310626984,299.43084716796875,64.30213898420334,-0.29187891513086917,0.08818655664215662,0.1773276822313507,,,cuVSLAM,,
1511,1761213141079,-123.2989951968193,292.1016812324524,67.17236340045929,-0.28225041428085823,0.08381113316803546,0.17705171060504257,,,cuVSLAM,,
1512,1761213141096,-126.36971473693848,284.2119634151459,69.65649127960205,-0.27233154715526003,0.07914460559631108,0.177521845458937,,,cuVSLAM,,
1513,1761213141113,-129.4185221195221,276.40658617019653,72.58453220129013,-0.26197387761265073,0.07482813884500449,0.1785963703897716,,,cuVSLAM,,
1514,1761213141129,-132.2864592075348,268.36368441581726,75.79132169485092,-0.25144579730933586,0.07086443616921276,0.18029010620256855,,,cuVSLAM,,
1515,1761213141146,-135.23338735103607,259.92095470428467,78.50952446460724,-0.2408023899959383,0.06655979959049692,0.1820324371412928,,,cuVSLAM,,
1516,1761213141179,-140.62923192977905,242.61370301246643,84.49114859104156,-0.21887023062260574,0.058335875605228724,0.18286812099528837,,,cuVSLAM,,
1517,1761213141196,-143.2614028453827,233.5340827703476,87.1933251619339,-0.2075599784780038,0.0544502672385136,0.18411830015384953,,,cuVSLAM,,
1518,1761213141213,-145.64120769500732,224.5771735906601,90.07765352725983,-0.19603369376963922,0.05096304916345628,0.18520482832683935,,,cuVSLAM,,
1519,1761213141229,-147.97493815422058,215.3327912092209,93.14288198947906,-0.18444961931964254,0.04780646814632545,0.18619319037334056,,,cuVSLAM,,
1520,1761213141246,-150.15023946762085,206.15620911121368,95.73119878768921,-0.17289029165579084,0.04461933763099422,0.18732499187620108,,,cuVSLAM,,
1521,1761213141263,-151.84006094932556,197.3528265953064,99.29519146680832,-0.16100445851578044,0.04222376094195275,0.18801188437824395,,,cuVSLAM,,
1522,1761213141279,-153.91066670417786,187.91523575782776,102.27525234222412,-0.1493067533289336,0.03939793200553925,0.18910008479357213,,,cuVSLAM,,
1523,1761213141296,-155.83623945713043,178.25911939144135,104.66023534536362,-0.13743569564810895,0.03625671693895186,0.19016839609430866,,,cuVSLAM,,
1524,1761213141313,-157.5412005186081,168.66205632686615,107.46124386787415,-0.12554144490663335,0.03374382036082207,0.19122648678447862,,,cuVSLAM,,
1525,1761213141329,-159.14717316627502,159.05536711215973,109.79429632425308,-0.11385994947598979,0.031435760471824156,0.19268222906949015,,,cuVSLAM,,
1526,1761213141346,-160.65098345279694,149.3709832429886,111.89647018909454,-0.10233752242850186,0.02929400840919455,0.19347101474929104,,,cuVSLAM,,
1527,1761213141363,-162.08434104919434,139.4852101802826,113.49374055862427,-0.09075870047619237,0.026862273130140862,0.1934214110092149,,,cuVSLAM,,
1528,1761213141379,-163.57475519180298,129.74515557289124,115.18144607543945,-0.07911899252271111,0.024517563628924575,0.1935417265527787,,,cuVSLAM,,
1529,1761213141396,-165.05758464336395,119.80713903903961,116.87575280666351,-0.06748267421649795,0.022284978518669687,0.1941443709353893,,,cuVSLAM,,
1530,1761213141413,-166.35558009147644,110.00125855207443,118.6363697052002,-0.05585867055859519,0.020217211241694826,0.19446059886822106,,,cuVSLAM,,
1531,1761213141429,-167.6560938358307,100.22064298391342,120.08509039878845,-0.04437205503413538,0.018039309926809938,0.19477799178045926,,,cuVSLAM,,
1532,1761213141446,-169.02458667755127,90.3712511062622,121.01726233959198,-0.032921278693571296,0.015580738396512542,0.19556011430735648,,,cuVSLAM,,
1533,1761213141463,-170.34928500652313,80.80679923295975,121.94817513227463,-0.021520652361635688,0.013137993112489607,0.19625659014662222,,,cuVSLAM,,
1534,1761213141479,-171.73877358436584,71.0998922586441,122.41466343402863,-0.010270605262539818,0.010302823348741955,0.19649957052228006,,,cuVSLAM,,
1535,1761213141496,-173.13152551651,61.05166673660278,123.03957343101501,0.0007747793238851179,0.00764778231484592,0.1962327465421189,,,cuVSLAM,,
1536,1761213141513,-174.53014850616455,51.32688581943512,122.96158075332642,0.011520313639382895,0.004671924982577978,0.19606657425048246,,,cuVSLAM,,
1537,1761213141529,-175.9052276611328,42.09059476852417,122.90594726800919,0.02194811945973623,0.0019301548548250303,0.19728073893899606,,,cuVSLAM,,
1538,1761213141546,-177.2221177816391,32.691121101379395,122.56336957216263,0.03212864274530209,-0.0008262318507135795,0.1988968713100765,,,cuVSLAM,,
1539,1761213141563,-178.4341037273407,23.326262831687927,121.87869846820831,0.04206124703312573,-0.0036407415410920903,0.2003652349293588,,,cuVSLAM,,
1540,1761213141579,-179.55531179904938,13.795390725135803,120.86941301822662,0.051914289628254166,-0.006460141312319783,0.20175454317197802,,,cuVSLAM,,
1541,1761213141596,-180.6504726409912,4.492819309234619,119.35076117515564,0.06170829286272013,-0.009267152653252462,0.202493749124915,,,cuVSLAM,,
1542,1761213141613,-181.59125745296478,-4.677042365074158,118.3067113161087,0.07161468129240797,-0.011423838834384104,0.20310305934005274,,,cuVSLAM,,
1543,1761213141629,-182.47394263744354,-13.945937156677246,116.98393523693085,0.08163495003463384,-0.013572805032896129,0.2046505076685647,,,cuVSLAM,,
1544,1761213141646,-183.24381113052368,-22.983074188232422,115.18366634845734,0.09160432227346418,-0.01593828603197631,0.2066676907258819,,,cuVSLAM,,
1545,1761213141663,-183.92720818519592,-32.212674617767334,113.63939940929413,0.1017035047796457,-0.018111667845133246,0.20902395863804504,,,cuVSLAM,,
1546,1761213141679,-184.75033342838287,-41.35015606880188,111.58325523138046,0.1120285528798837,-0.020537786706928053,0.21079294475317598,,,cuVSLAM,,
1547,1761213141696,-185.24810671806335,-50.6778210401535,109.69686508178711,0.12245309351907725,-0.022633231295133508,0.2116761998869384,,,cuVSLAM,,
1548,1761213141713,-185.85583567619324,-59.960752725601196,107.26042836904526,0.1330787321589947,-0.024909989416224746,0.21293130737977786,,,cuVSLAM,,
1549,1761213141729,-186.42596900463104,-68.82885098457336,104.48607057332993,0.14377328532799044,-0.027308294679159423,0.21576012208964798,,,cuVSLAM,,
1550,1761213141746,-186.97300553321838,-77.6451826095581,101.96840763092041,0.15459258963919575,-0.029472027287119257,0.21949311266017557,,,cuVSLAM,,
1551,1761213141763,-187.42969632148743,-86.48401498794556,98.93499314785004,0.1656139036243445,-0.03193952685873242,0.2229427142598693,,,cuVSLAM,,
1552,1761213141779,-187.69308924674988,-95.32752633094788,96.25810384750366,0.1765649681279858,-0.034017303894072023,0.22538355580286065,,,cuVSLAM,,
1553,1761213141796,-188.1827861070633,-104.13247346878052,93.20300817489624,0.1876237177815988,-0.036288829962451405,0.226904082257036,,,cuVSLAM,,
1554,1761213141813,-188.59897553920746,-112.98337578773499,89.38680589199066,0.19870229331155603,-0.038985093320462606,0.22842861757639174,,,cuVSLAM,,
1555,1761213141829,-188.99862468242645,-121.58665060997009,85.3947252035141,0.20965512238884926,-0.041656857269738265,0.23050326046080358,,,cuVSLAM,,
1556,1761213141863,-189.47188556194305,-138.16380500793457,77.17256247997284,0.23107938236488498,-0.04664034136313775,0.2351748559982034,,,cuVSLAM,,
1557,1761213141879,-189.34214115142822,-146.44211530685425,73.7684816122055,0.2417443539256326,-0.04806738286548605,0.23548087318850525,,,cuVSLAM,,
1558,1761213141896,-189.37614560127258,-154.18019890785217,69.4492906332016,0.2521663465032604,-0.04988793370833713,0.2355608842944766,,,cuVSLAM,,
1559,1761213141913,-189.3281638622284,-161.73303127288818,64.76464122533798,0.26231554993618855,-0.051767016653571016,0.23680536642685857,,,cuVSLAM,,
1560,1761213141929,-188.96102905273438,-168.96912455558777,59.86858159303665,0.27206138868931734,-0.05350763772449522,0.23845457331494288,,,cuVSLAM,,
1561,1761213141946,-188.66631388664246,-175.46844482421875,55.70904165506363,0.28093865257737544,-0.05450451501482724,0.23990796865316794,,,cuVSLAM,,
1562,1761213141963,-188.29429149627686,-181.2078356742859,51.62495747208595,0.28881142052803005,-0.0553397604557337,0.24038124308516873,,,cuVSLAM,,
1563,1761213141979,-187.8756582736969,-186.81707978248596,47.434739768505096,0.2957880157868026,-0.05593648334292958,0.23897335334953337,,,cuVSLAM,,
1564,1761213141996,-187.32452392578125,-191.78807735443115,43.359674513339996,0.3019483836320457,-0.05650008270989238,0.2374140530342739,,,cuVSLAM,,
1565,1761213142013,-186.54713034629822,-196.49428129196167,40.11315852403641,0.3073535730197978,-0.056533149283928136,0.23707921059421821,,,cuVSLAM,,
1566,1761213142029,-185.76976656913757,-200.5636692047119,36.57447546720505,0.31197385847186426,-0.05664487618433574,0.23654596152966292,,,cuVSLAM,,
1567,1761213142046,-184.96277928352356,-203.89020442962646,33.58077257871628,0.3156935124190728,-0.0561964460671784,0.23481713476032257,,,cuVSLAM,,
1568,1761213142063,-183.88059735298157,-206.93308115005493,30.593492090702057,0.31867107564650576,-0.05552540585777604,0.23267903419529318,,,cuVSLAM,,
1569,1761213142079,-182.71076679229736,-209.6533477306366,28.53056788444519,0.3210411303121349,-0.05413360193723396,0.2302465945180331,,,cuVSLAM,,
1570,1761213142096,-181.3610941171646,-211.91516518592834,26.853717863559723,0.322891367038679,-0.052535377396831576,0.22786405841513135,,,cuVSLAM,,
1571,1761213142113,-180.06929755210876,-213.55187892913818,25.019608438014984,0.3241863245474043,-0.05102070715597072,0.22567914739399664,,,cuVSLAM,,
1572,1761213142129,-178.55575680732727,-214.6226465702057,23.999467492103577,0.32471767797535267,-0.04877895464086903,0.22370545113365867,,,cuVSLAM,,
1573,1761213142146,-176.95140838623047,-214.91897106170654,23.084037005901337,0.32452994027937765,-0.04638940995243158,0.2220103499949344,,,cuVSLAM,,
1574,1761213142163,-175.2639263868332,-214.67730402946472,22.512607276439667,0.3235594420520554,-0.04371937922072541,0.22017734578100015,,,cuVSLAM,,
1575,1761213142179,-173.60985279083252,-213.95590901374817,22.378914058208466,0.3216834997967622,-0.04097612554565593,0.2186276138174316,,,cuVSLAM,,
1576,1761213142196,-171.96473479270935,-212.32986450195312,22.41118997335434,0.31873541477868933,-0.03841670760011144,0.21753258497248437,,,cuVSLAM,,
1577,1761213142213,-170.3847050666809,-209.666907787323,22.026412189006805,0.3147427874994957,-0.036360821690023214,0.21659275888866608,,,cuVSLAM,,
1578,1761213142229,-168.9276397228241,-206.37908577919006,22.32161909341812,0.30964881413409984,-0.03382169266131696,0.21478623633395635,,,cuVSLAM,,
1579,1761213142246,-167.37517714500427,-202.6231288909912,23.118190467357635,0.3036692869903398,-0.03101857145899171,0.21293161965701185,,,cuVSLAM,,
1580,1761213142263,-165.92228412628174,-197.99718260765076,23.768462240695953,0.29679406035300043,-0.028488557505146603,0.21120863266644158,,,cuVSLAM,,
1581,1761213142279,-164.51554000377655,-192.98198819160461,24.346597492694855,0.2892002719149033,-0.026153571603032662,0.20920111619506232,,,cuVSLAM,,
1582,1761213142296,-163.28373551368713,-187.23642826080322,25.516480207443237,0.2809139756237438,-0.023659242129024125,0.2072109221465972,,,cuVSLAM,,
1583,1761213142313,-161.9044542312622,-181.20276927947998,26.265859603881836,0.2721310997864381,-0.02162070127474778,0.2065794204963534,,,cuVSLAM,,
1584,1761213142329,-160.88628768920898,-174.6935248374939,27.40553766489029,0.26300465962973496,-0.01942179983713058,0.2063930341657239,,,cuVSLAM,,
1585,1761213142346,-160.07208824157715,-167.66929626464844,28.203219175338745,0.253611875636663,-0.017454343531262434,0.20554818675200354,,,cuVSLAM,,
1586,1761213142363,-159.20332074165344,-160.73381900787354,29.462605714797974,0.24399033386086166,-0.01520773377883712,0.2045996587990083,,,cuVSLAM,,
1587,1761213142379,-158.6517095565796,-153.29724550247192,30.149422585964203,0.23409874632067548,-0.013493418397348385,0.20306351546813994,,,cuVSLAM,,
1588,1761213142396,-158.16116333007812,-145.60392498970032,30.7018980383873,0.22386631494271575,-0.012017142722249827,0.2013258837438356,,,cuVSLAM,,
1589,1761213142413,-157.84095227718353,-137.99181580543518,31.465299427509308,0.21341755610119284,-0.010454934937368869,0.1993559212073426,,,cuVSLAM,,
1590,1761213142429,-157.79532492160797,-130.14817237854004,32.630838453769684,0.20291673323442336,-0.008662072880938922,0.1969194995555748,,,cuVSLAM,,
1591,1761213142446,-157.65252709388733,-121.76036834716797,32.789312303066254,0.192161714591363,-0.007633780443123521,0.19438095833248156,,,cuVSLAM,,
1592,1761213142463,-157.7121615409851,-113.92790079116821,33.36922079324722,0.18159300060843425,-0.00629231421143852,0.1925813406133746,,,cuVSLAM,,
1593,1761213142479,-157.86895155906677,-105.84735870361328,33.562593162059784,0.17107969105579138,-0.005225075771016049,0.1904142513636076,,,cuVSLAM,,
1594,1761213142496,-158.09258818626404,-97.86370396614075,33.89640897512436,0.1607159503369516,-0.004145360656978577,0.18768276344820028,,,cuVSLAM,,
1595,1761213142513,-158.5976630449295,-90.00340104103088,34.11372750997543,0.15059598310677128,-0.003318640436105722,0.18489185344448403,,,cuVSLAM,,
1596,1761213142529,-159.04681384563446,-82.05878734588623,33.93366187810898,0.14075514983764295,-0.0029497625432836974,0.18282885988118228,,,cuVSLAM,,
1597,1761213142546,-159.7553938627243,-74.62611794471741,34.17258709669113,0.13131424450013668,-0.0023076238894167967,0.18114347581540893,,,cuVSLAM,,
1598,1761213142563,-160.44801473617554,-67.13306903839111,35.01685708761215,0.12213070081442973,-0.0013707776484039316,0.1797236265316014,,,cuVSLAM,,
1599,1761213142579,-161.28012537956238,-59.814780950546265,34.807272255420685,0.11321724596680996,-0.0013465047065540088,0.17858401719415223,,,cuVSLAM,,
1600,1761213142596,-162.27056086063385,-52.53139138221741,34.90003198385239,0.10453892470319534,-0.0012751571357209922,0.17667244394957446,,,cuVSLAM,,
1601,1761213142613,-163.2375568151474,-45.31356692314148,34.721024334430695,0.09600663075654538,-0.001447633533269508,0.174143668850964,,,cuVSLAM,,
1602,1761213142629,-164.10094499588013,-38.404569029808044,34.095846116542816,0.08755955883083534,-0.0018715291956756374,0.17123897721490988,,,cuVSLAM,,
1603,1761213142646,-165.00921547412872,-31.45095705986023,33.025145530700684,0.07934464183738861,-0.0024105193039025952,0.16756428006080767,,,cuVSLAM,,
1604,1761213142679,-166.34976863861084,-18.009334802627563,32.57814794778824,0.06415238427226595,-0.001626433101750911,0.16266290056668806,,,cuVSLAM,,
1605,1761213142696,-166.91549122333527,-11.591792106628418,32.000042498111725,0.05691560537798519,-0.001048123552955911,0.15986683883332864,,,cuVSLAM,,
1606,1761213142713,-167.27480292320251,-5.2925944328308105,30.963368713855743,0.049581204993626796,-0.0006319536527947378,0.15620691014193028,,,cuVSLAM,,
1607,1761213142729,-167.56120324134827,0.9807050228118896,30.397310853004456,0.04231651509768998,0.0003540115812326705,0.15236958473201737,,,cuVSLAM,,
1608,1761213142746,-167.6887422800064,7.249593734741211,29.424093663692474,0.03512383757065657,0.0011857007026381567,0.14805766732336317,,,cuVSLAM,,
1609,1761213142763,-167.66765713691711,13.160571455955505,28.399579226970673,0.02817055427494999,0.0020445183469844164,0.14375802972926396,,,cuVSLAM,,
1610,1761213142779,-167.57939755916595,19.20105516910553,27.22017467021942,0.021284703457680985,0.002846886329689036,0.13933872688240942,,,cuVSLAM,,
1611,1761213142796,-167.36750304698944,24.87790584564209,26.614896953105927,0.014585646333945684,0.003927061182888749,0.13433043697879354,,,cuVSLAM,,
1612,1761213142813,-167.14829206466675,30.432894825935364,25.078527629375458,0.007662016341955676,0.0040632086095528566,0.12720753567373105,,,cuVSLAM,,
1613,1761213142829,-167.08840429782867,35.96816956996918,24.112693965435028,0.0007350966103790464,0.00413794327642902,0.12079734234290308,,,cuVSLAM,,
1614,1761213142846,-166.64785146713257,42.71501302719116,21.429993212223053,-0.005947880382606558,0.0027530609957331503,0.11753668848252195,,,cuVSLAM,,
1615,1761213142863,-166.47839546203613,48.24462532997131,20.52680402994156,-0.012264798583746857,0.00244896464341763,0.11692931252379696,,,cuVSLAM,,
1616,1761213142879,-166.3329005241394,53.68146300315857,18.750011920928955,-0.018202095872349718,0.0013945645218959057,0.115986326095241,,,cuVSLAM,,
1617,1761213142896,-166.47328436374664,58.39627981185913,16.68095588684082,-0.02386060878822835,-0.00023834951264150052,0.11335492270975449,,,cuVSLAM,,
1618,1761213142913,-166.50213301181793,62.91075050830841,14.804475009441376,-0.029456249849370657,-0.0022190295223604678,0.10762518891947528,,,cuVSLAM,,
1619,1761213142929,-166.5932536125183,67.44590401649475,13.291873037815094,-0.03466668946057876,-0.00432262597981885,0.10385907855226788,,,cuVSLAM,,
1620,1761213142946,-166.8635755777359,71.75557315349579,10.875888168811798,-0.039280677838519684,-0.0071732049424509696,0.10476539141982039,,,cuVSLAM,,
1621,1761213142963,-167.06664860248566,75.69300383329391,8.548170328140259,-0.043396043830052515,-0.010108562807109759,0.1066338116381921,,,cuVSLAM,,
1622,1761213142979,-167.0326292514801,80.84798604249954,9.62835829705,-0.046834073829651914,-0.01086589477666718,0.10610204278375457,,,cuVSLAM,,
1623,1761213142996,-167.50243306159973,84.0042307972908,7.631074637174606,-0.0499916488909298,-0.014124255435686099,0.1041970886119448,,,cuVSLAM,,
1624,1761213143012,-167.94943809509277,86.97326481342316,5.064245779067278,-0.05274645865557384,-0.018189683882921547,0.10068987946405027,,,cuVSLAM,,
1625,1761213143029,-168.6667501926422,89.67985212802887,2.606562804430723,-0.05502593481211485,-0.022244995657531245,0.10132401875806148,,,cuVSLAM,,
1626,1761213143046,-169.45812106132507,92.22506731748581,0.14532450586557388,-0.056791648840445776,-0.025998141472503705,0.10554129315007044,,,cuVSLAM,,
1627,1761213143062,-170.24590075016022,94.26512569189072,-2.624928019940853,-0.05810918655494114,-0.02978861285835635,0.1082455599035728,,,cuVSLAM,,
1628,1761213143079,-170.99235951900482,96.36439383029938,-5.528217181563377,-0.0590728636814476,-0.03355388074827181,0.1090555488387947,,,cuVSLAM,,
1629,1761213143096,-171.97543382644653,97.79426455497742,-8.04044958204031,-0.059388201221394196,-0.03726983235855899,0.10856844434050351,,,cuVSLAM,,
1630,1761213143112,-173.05317521095276,99.06413406133652,-11.246752925217152,-0.0594984796465133,-0.04162197060399363,0.10717902773706998,,,cuVSLAM,,
1631,1761213143129,-174.22305047512054,100.05493462085724,-14.33499064296484,-0.059358739526864004,-0.04602269044321786,0.10840383188272992,,,cuVSLAM,,
1632,1761213143146,-175.51261186599731,101.22902691364288,-17.39819347858429,-0.05922672535653724,-0.05015467107916928,0.11216542175229306,,,cuVSLAM,,
1633,1761213143162,-176.80281400680542,102.01286524534225,-20.964164286851883,-0.058960139243921336,-0.054504050300257546,0.11461370659729926,,,cuVSLAM,,
1634,1761213143179,-178.22016775608063,102.83327847719193,-24.42227676510811,-0.058677690412170413,-0.05866852503995128,0.11577657817709075,,,cuVSLAM,,
1635,1761213143196,-179.72058057785034,103.41069102287292,-27.81853824853897,-0.05834211671755439,-0.06271634096946764,0.11687963747312247,,,cuVSLAM,,
1636,1761213143212,-181.37085437774658,104.05812412500381,-31.3408300280571,-0.05825270996694218,-0.06692518507289602,0.11792118247028224,,,cuVSLAM,,
1637,1761213143229,-183.15336108207703,104.68465089797974,-34.63669866323471,-0.05855309919823619,-0.0709359104738678,0.12090555934342588,,,cuVSLAM,,
1638,1761213143246,-185.1513236761093,105.6206151843071,-37.97480836510658,-0.059234069201522264,-0.07489656028326094,0.12317323059080171,,,cuVSLAM,,
1639,1761213143262,-187.3161792755127,106.4465194940567,-41.48789867758751,-0.06023390025920896,-0.07908632673157377,0.12459163366164543,,,cuVSLAM,,
1640,1761213143279,-189.61477279663086,107.52896964550018,-45.41406035423279,-0.06145179563741568,-0.0838201529964487,0.12506511140626242,,,cuVSLAM,,
1641,1761213143296,-192.11407005786896,108.41754078865051,-49.34266209602356,-0.06280643639762189,-0.08884556417526503,0.12411118737706782,,,cuVSLAM,,
1642,1761213143312,-194.73013281822205,109.40246284008026,-52.87503823637962,-0.0641779344234102,-0.09393106780048766,0.12319052899117179,,,cuVSLAM,,
1643,1761213143329,-197.529137134552,110.354945063591,-56.700173765420914,-0.06576360372360207,-0.09907182350192752,0.12536173832794958,,,cuVSLAM,,
1644,1761213143346,-200.61063766479492,111.14920675754547,-60.41489169001579,-0.06717019252700876,-0.10409168793061954,0.12780902542656727,,,cuVSLAM,,
1645,1761213143362,-203.70514690876007,111.91021651029587,-64.03754651546478,-0.06831417707497134,-0.10907126108126342,0.13002416673790432,,,cuVSLAM,,
1646,1761213143379,-206.9186568260193,112.6304343342781,-68.18566471338272,-0.06935450576102314,-0.11462178323768082,0.1308444441392165,,,cuVSLAM,,
1647,1761213143396,-210.4642540216446,113.05633187294006,-72.11114466190338,-0.07006541096959706,-0.12076882851703558,0.1294060821677844,,,cuVSLAM,,
1648,1761213143412,-213.9761596918106,113.99786919355392,-75.99017769098282,-0.07085189012966449,-0.12726103339694614,0.12987178194979945,,,cuVSLAM,,
1649,1761213143429,-217.95912086963654,114.46782946586609,-79.73627746105194,-0.0714393985304726,-0.13391329844109653,0.13201879181147538,,,cuVSLAM,,
1650,1761213143446,-222.33594954013824,114.07299339771271,-82.53875374794006,-0.07149463338678029,-0.14025455965531883,0.13462971990471861,,,cuVSLAM,,
1651,1761213143463,-226.56941413879395,114.14255946874619,-86.13289147615433,-0.07149625170396792,-0.14708194767715416,0.1369972238472697,,,cuVSLAM,,
1652,1761213143479,-230.92912137508392,114.13761228322983,-89.66127783060074,-0.07119077249025654,-0.15399252298693905,0.13890372869413853,,,cuVSLAM,,
1653,1761213143512,-240.4368668794632,113.65494877099991,-96.28740698099136,-0.07051077434535163,-0.16810396731129312,0.14279953241718638,,,cuVSLAM,,
1654,1761213143529,-245.0355887413025,113.33301663398743,-99.67990219593048,-0.07021521292042175,-0.17521564120206745,0.14303142478573103,,,cuVSLAM,,
1655,1761213143546,-249.81842935085297,112.85801231861115,-102.81314700841904,-0.06955396591935187,-0.18217767684473654,0.1420862499276658,,,cuVSLAM,,
1656,1761213143562,-254.54899668693542,111.89918965101242,-105.88705539703369,-0.0684300481745629,-0.1889997438138951,0.1418805318254808,,,cuVSLAM,,
1657,1761213143579,-259.1167688369751,111.20285093784332,-108.72313380241394,-0.067075171913642,-0.19553469117348043,0.1413062308629008,,,cuVSLAM,,
1658,1761213143596,-263.8826370239258,110.00213027000427,-111.50658875703812,-0.06537871431216226,-0.20203601861258308,0.14067366771599002,,,cuVSLAM,,
1659,1761213143612,-268.31182837486267,109.03752595186234,-114.43610489368439,-0.06343349088766766,-0.20853476139198573,0.14020840127062426,,,cuVSLAM,,
1660,1761213143629,-272.68433570861816,107.85296559333801,-117.04547703266144,-0.061297952917342705,-0.21460494515400963,0.14007293780683483,,,cuVSLAM,,
1661,1761213143646,-276.77416801452637,106.93290829658508,-119.78109180927277,-0.0590896022054891,-0.22048666890340404,0.1398281934466112,,,cuVSLAM,,
1662,1761213143662,-280.8041572570801,105.71080446243286,-122.25942313671112,-0.056840659264108445,-0.22587124578986903,0.13941347880010727,,,cuVSLAM,,
1663,1761213143679,-284.7014367580414,104.23848778009415,-124.5386004447937,-0.054492827259376334,-0.23085483485519123,0.1382939851030697,,,cuVSLAM,,
1664,1761213143696,-288.36944699287415,103.1140387058258,-126.82071328163147,-0.05233297891951835,-0.23549313943710878,0.13605070388926066,,,cuVSLAM,,
1665,1761213143712,-291.85718297958374,101.68539732694626,-128.51262092590332,-0.05029269020437842,-0.2393457748668468,0.13488970142966208,,,cuVSLAM,,
1666,1761213143729,-294.9526309967041,100.40344297885895,-130.57458400726318,-0.048577426673277815,-0.24297948557280008,0.13403769112981787,,,cuVSLAM,,
1667,1761213143746,-297.82330989837646,99.28694367408752,-132.42074847221375,-0.046867200289303836,-0.2462465006537064,0.13272237478943652,,,cuVSLAM,,
1668,1761213143762,-300.3203868865967,98.14298152923584,-134.04341042041779,-0.04539892662664515,-0.24907310099013974,0.13156302214518223,,,cuVSLAM,,
1669,1761213143779,-302.5665581226349,96.74962610006332,-135.570228099823,-0.04411683148132957,-0.25175776132372796,0.12904499978431344,,,cuVSLAM,,
1670,1761213143796,-304.4230043888092,95.69284319877625,-136.81533932685852,-0.043033284419376594,-0.25416392693960027,0.12542753665433376,,,cuVSLAM,,
1671,1761213143812,-305.95874786376953,95.02682089805603,-137.52034306526184,-0.04232369362809867,-0.25597974102810567,0.12282165249965962,,,cuVSLAM,,
1672,1761213143829,-307.4243664741516,93.93689036369324,-137.5255286693573,-0.04178653572830051,-0.2571747360495225,0.12209145871792414,,,cuVSLAM,,
1673,1761213143846,-308.49727988243103,92.95032918453217,-137.33014464378357,-0.04133980225294939,-0.2581053255542551,0.1220509674245029,,,cuVSLAM,,
1674,1761213143862,-309.15623903274536,92.23702549934387,-137.52050697803497,-0.04108812956819721,-0.25905206174586,0.12122178096016437,,,cuVSLAM,,
1675,1761213143879,-309.4557523727417,91.52747690677643,-137.14542984962463,-0.04083362798319304,-0.2594669401479849,0.11949028935870454,,,cuVSLAM,,
1676,1761213143896,-309.52340364456177,90.6456932425499,-135.8414739370346,-0.04044923951209274,-0.2591903133050485,0.11695989528989671,,,cuVSLAM,,
1677,1761213143912,-309.19864773750305,90.06839990615845,-134.43522155284882,-0.04022747177088121,-0.25867899971657354,0.11452997605439873,,,cuVSLAM,,
1678,1761213143929,-308.7458610534668,89.28798139095306,-132.84306228160858,-0.040218606650476246,-0.25782467135921994,0.11435068421226147,,,cuVSLAM,,
1679,1761213143946,-308.0155849456787,88.18790316581726,-130.636066198349,-0.0401763322149021,-0.2563630021650948,0.11605629773692921,,,cuVSLAM,,
1680,1761213143962,-306.9789409637451,87.37203478813171,-128.58933210372925,-0.04018703383582495,-0.2547156978177003,0.1168997595088587,,,cuVSLAM,,
1681,1761213143979,-305.5785894393921,86.00769937038422,-126.45737826824188,-0.0399016744172787,-0.25274579088925025,0.11618323125290242,,,cuVSLAM,,
1682,1761213143996,-303.9171099662781,85.36204695701599,-123.8008588552475,-0.03956608588822325,-0.25008554274230027,0.11549050671111316,,,cuVSLAM,,
1683,1761213144012,-302.44845151901245,83.43637734651566,-120.36733329296112,-0.038706207309477686,-0.24678073788007057,0.1167778762651848,,,cuVSLAM,,
1684,1761213144029,-300.64886808395386,81.80678635835648,-117.32712388038635,-0.03754330796102503,-0.24344571552290636,0.11775601929766598,,,cuVSLAM,,
1685,1761213144046,-298.4895408153534,80.06307482719421,-114.40737545490265,-0.036064055285686084,-0.2401473341229798,0.11773693765088165,,,cuVSLAM,,
1686,1761213144062,-296.5407967567444,77.7106061577797,-110.59880256652832,-0.03417339141508122,-0.23625919044007346,0.11796024635337578,,,cuVSLAM,,
1687,1761213144079,-294.35551166534424,75.39968192577362,-107.27566480636597,-0.032297866804135225,-0.23257642949659138,0.11707655886445532,,,cuVSLAM,,
1688,1761213144096,-292.1331822872162,72.94285297393799,-103.6960631608963,-0.03044041151690561,-0.22855778524779896,0.11733228605898977,,,cuVSLAM,,
1689,1761213144112,-289.79477286338806,69.99241560697556,-99.4851365685463,-0.02820022634248699,-0.2239350524966081,0.1182884305905098,,,cuVSLAM,,
1690,1761213144129,-287.2315049171448,67.30226427316666,-95.91535478830338,-0.025774033836763504,-0.21958925292955783,0.11808823753267345,,,cuVSLAM,,
1691,1761213144146,-285.01635789871216,63.78576159477234,-91.06913208961487,-0.023057647485269693,-0.2143851749252457,0.11915037117703926,,,cuVSLAM,,
1692,1761213144162,-282.6295495033264,60.20566076040268,-86.58729493618011,-0.020006726480633362,-0.20938241279133757,0.1198159397514995,,,cuVSLAM,,
1693,1761213144179,-280.01081943511963,56.77123740315437,-82.02730864286423,-0.0167856257941466,-0.20415796105708547,0.11955376801932943,,,cuVSLAM,,
1694,1761213144196,-277.32542157173157,53.151920437812805,-77.61917263269424,-0.013182936129705159,-0.19873997430515816,0.12014761728793391,,,cuVSLAM,,
1695,1761213144212,-274.6473252773285,49.26446080207825,-73.28024506568909,-0.009120811734591443,-0.1930508966630776,0.12175113856770933,,,cuVSLAM,,
1696,1761213144229,-271.97492122650146,45.65054550766945,-68.66399198770523,-0.0049165707467406635,-0.1870346560735261,0.12258350032355883,,,cuVSLAM,,
1697,1761213144246,-269.3706154823303,41.486650705337524,-64.42148238420486,-0.00044669894174604224,-0.1813155725872293,0.12313249677690902,,,cuVSLAM,,
1698,1761213144263,-266.7078375816345,37.230923771858215,-59.57866087555885,0.004019711051835999,-0.1749743121041173,0.12339764201910718,,,cuVSLAM,,
1699,1761213144279,-263.96670937538147,33.05201977491379,-55.21761253476143,0.008637728257309405,-0.16865638610912986,0.12206483714599069,,,cuVSLAM,,
1700,1761213144296,-261.2684369087219,28.87328341603279,-51.306404173374176,0.01348505453180143,-0.16237484110156392,0.11904312264483871,,,cuVSLAM,,
1701,1761213144312,-258.4168314933777,25.052092969417572,-47.297414392232895,0.018200585763639518,-0.1558900018275755,0.11564916379896359,,,cuVSLAM,,
1702,1761213144329,-255.86554408073425,20.84556594491005,-43.46147179603577,0.023087464378156418,-0.14957760450018204,0.11263458706442449,,,cuVSLAM,,
1703,1761213144346,-253.34802269935608,16.65540784597397,-39.616234600543976,0.02801870234113265,-0.1432941531342752,0.10896494227085615,,,cuVSLAM,,
1704,1761213144379,-248.619943857193,8.03057849407196,-32.32141211628914,0.03732776170649145,-0.1316088730121967,0.10162831968757273,,,cuVSLAM,,
1705,1761213144396,-246.37749791145325,4.312098026275635,-29.542110860347748,0.04156246838145035,-0.12647220780372537,0.09775605274735512,,,cuVSLAM,,
1706,1761213144413,-244.2326843738556,0.5202963948249817,-26.91556140780449,0.04552793333665644,-0.12144469276753361,0.09538771197038867,,,cuVSLAM,,
1707,1761213144429,-242.16362833976746,-3.0006319284439087,-24.366989731788635,0.04944453184103844,-0.11649393186738345,0.09314886826845807,,,cuVSLAM,,
1708,1761213144446,-240.14219641685486,-6.607048213481903,-22.018365561962128,0.05326821632854775,-0.11169909860366567,0.09074848721367795,,,cuVSLAM,,
1709,1761213144462,-238.3279800415039,-10.321609675884247,-19.593261182308197,0.05711410269985185,-0.10685342701158439,0.08733572169461061,,,cuVSLAM,,
1710,1761213144479,-236.51164770126343,-13.791978359222412,-16.976766288280487,0.06080743489833117,-0.10175598389579693,0.08263234340812195,,,cuVSLAM,,
1711,1761213144496,-234.77618396282196,-17.25883036851883,-14.786205254495144,0.0644144594922921,-0.09687295025487806,0.07705881006908855,,,cuVSLAM,,
1712,1761213144512,-232.2821468114853,-17.03714020550251,-16.162319108843803,0.06728465906019537,-0.09435855773356053,0.06916074985928684,,,cuVSLAM,,
1713,1761213144529,-230.79989850521088,-20.27299627661705,-14.619804918766022,0.07061335818047702,-0.08993874210569673,0.0648012699717655,,,cuVSLAM,,
1714,1761213144546,-229.4567972421646,-23.040566593408585,-13.68381641805172,0.07390219400814589,-0.0860757584959502,0.060521628083731245,,,cuVSLAM,,
1715,1761213144562,-228.1629592180252,-26.37261711061001,-12.312437407672405,0.07738420778532357,-0.08183134571396027,0.05642684688734533,,,cuVSLAM,,
1716,1761213144579,-226.83334350585938,-29.469970613718033,-11.152926832437515,0.08083596020531185,-0.0775792824945353,0.0527659884424833,,,cuVSLAM,,
1717,1761213144596,-225.60638189315796,-32.34207630157471,-10.533268563449383,0.08428273428116614,-0.07364536415147144,0.04941883695334031,,,cuVSLAM,,
1718,1761213144612,-224.46729242801666,-35.2364182472229,-10.097619146108627,0.08773541756451678,-0.06988488672353203,0.045878966745937916,,,cuVSLAM,,
1719,1761213144629,-223.4020084142685,-38.328174501657486,-9.423136711120605,0.09127311588086749,-0.06609095680164437,0.04279470362694581,,,cuVSLAM,,
1720,1761213144646,-222.42362797260284,-41.371382772922516,-9.207991883158684,0.09487238193667609,-0.06277240577775721,0.040320561881884646,,,cuVSLAM,,
1721,1761213144663,-221.60159051418304,-44.3817563354969,-9.41469520330429,0.09851670915593314,-0.05994533999032338,0.03754326171924369,,,cuVSLAM,,
1722,1761213144679,-220.90665996074677,-47.64563590288162,-9.950801730155945,0.10226718976070803,-0.0576472059876072,0.033911059646275755,,,cuVSLAM,,
1723,1761213144696,-220.44381499290466,-51.07729136943817,-10.695798322558403,0.10599610179820947,-0.05561254531916081,0.028588637294774944,,,cuVSLAM,,
1724,1761213144712,-219.95407342910767,-54.342664778232574,-11.730928905308247,0.10982239212302503,-0.05393962985537929,0.022847813735413863,,,cuVSLAM,,
1725,1761213144729,-219.85788643360138,-57.830534875392914,-12.617320753633976,0.11378280810801741,-0.05237623385919355,0.017622632109596328,,,cuVSLAM,,
1726,1761213144746,-219.90925073623657,-61.20084226131439,-14.170234091579914,0.11787027971098213,-0.051459544407868964,0.011763814545105337,,,cuVSLAM,,
1727,1761213144763,-220.1705276966095,-65.12370705604553,-15.634844079613686,0.12202674621530786,-0.05086251683543219,0.006224327175046479,,,cuVSLAM,,
1728,1761213144779,-220.73806822299957,-68.73884052038193,-17.400668933987617,0.12632125619635462,-0.05098184241095124,0.0012377411629264639,,,cuVSLAM,,
1729,1761213144796,-221.601665019989,-72.50301539897919,-19.352059811353683,0.13082223255535796,-0.051599067407958506,-0.003612099621674172,,,cuVSLAM,,
1730,1761213144812,-222.8943556547165,-77.48968154191971,-21.182693541049957,0.13585425929398764,-0.05199577289401655,-0.012423986110156163,,,cuVSLAM,,
1731,1761213144829,-223.81213307380676,-81.44380897283554,-22.094884887337685,0.14075512907366944,-0.05162072812184308,-0.024056241970509692,,,cuVSLAM,,
1732,1761213144846,-225.18986463546753,-85.59805154800415,-23.790597915649414,0.1457871105163417,-0.05156656882497281,-0.0382240776267427,,,cuVSLAM,,
1733,1761213144862,-226.6255021095276,-89.63129669427872,-26.16136148571968,0.15063502756895253,-0.05181800074220923,-0.051635286864705435,,,cuVSLAM,,
1734,1761213144879,-228.2363474369049,-93.71862560510635,-28.427794575691223,0.15533461074369498,-0.05192061698587222,-0.06270480448050349,,,cuVSLAM,,
1735,1761213144896,-229.80403900146484,-97.73559868335724,-30.56381084024906,0.15966451871924656,-0.051604133170144624,-0.07500883528711215,,,cuVSLAM,,
1736,1761213144912,-231.3513159751892,-101.83821618556976,-32.763056457042694,0.16371187387903888,-0.05080842217595036,-0.09189008340986968,,,cuVSLAM,,
1737,1761213144929,-233.1356257200241,-105.62173277139664,-34.92547944188118,0.16743679802098463,-0.04970832867755977,-0.11084138790987921,,,cuVSLAM,,
1738,1761213144946,-234.58774387836456,-109.16095972061157,-37.7989262342453,0.1708964892822557,-0.0488209736494449,-0.12886585811120024,,,cuVSLAM,,
1739,1761213144962,-235.9192818403244,-112.33160644769669,-40.2558371424675,0.17420208568809906,-0.04733014533575379,-0.14508028472586254,,,cuVSLAM,,
1740,1761213144979,-237.31447756290436,-116.30699038505554,-42.3908457159996,0.17762434343040936,-0.04511971929292597,-0.15971112783666647,,,cuVSLAM,,
1741,1761213144996,-238.67754638195038,-119.50825154781342,-44.631779193878174,0.18096999223571622,-0.042605917934218356,-0.1748252623600777,,,cuVSLAM,,
1742,1761213145013,-240.04846811294556,-123.0064257979393,-46.88304290175438,0.18427495157012516,-0.039815910895468556,-0.18967931942336005,,,cuVSLAM,,
1743,1761213145029,-241.1850094795227,-126.26664340496063,-48.938944935798645,0.18717933695144678,-0.036957434669147374,-0.20237890584418844,,,cuVSLAM,,
1744,1761213145046,-242.3321157693863,-128.90958786010742,-51.123522222042084,0.18958126268374562,-0.03410873713340708,-0.21493169708610615,,,cuVSLAM,,
1745,1761213145062,-243.31524968147278,-132.29604065418243,-53.93508821725845,0.19165009339777062,-0.031219554149268955,-0.22851034475189194,,,cuVSLAM,,
1746,1761213145096,-244.85623836517334,-138.2201611995697,-58.277010917663574,0.19503062560715773,-0.02316017975911005,-0.25759636233297717,,,cuVSLAM,,
1747,1761213145112,-245.3552484512329,-141.0529762506485,-60.19800901412964,0.19625228651484322,-0.018305232083738972,-0.2758970575069382,,,cuVSLAM,,
1748,1761213145129,-245.66015601158142,-143.87422800064087,-62.276192009449005,0.19742421317705142,-0.013924193235710725,-0.28909762633185504,,,cuVSLAM,,
1749,1761213145146,-245.87208032608032,-145.81529796123505,-64.44418430328369,0.19841599655576914,-0.009792505476936303,-0.2988871389677355,,,cuVSLAM,,
1750,1761213145163,-245.91132998466492,-147.97087013721466,-66.66193157434464,0.1995108669131482,-0.005089999100061264,-0.31125239522279446,,,cuVSLAM,,
1751,1761213145179,-245.85525691509247,-150.21729469299316,-69.2840963602066,0.20058014745287644,-0.0001465797678374613,-0.32384993626435676,,,cuVSLAM,,
1752,1761213145196,-245.66249549388885,-152.4616777896881,-71.31835073232651,0.20148637582760504,0.005498678744222451,-0.33754141019300815,,,cuVSLAM,,
1753,1761213145212,-245.36506831645966,-154.82847392559052,-73.97623360157013,0.20228071448246446,0.010662395523845954,-0.35042412357193903,,,cuVSLAM,,
1754,1761213145229,-244.88814175128937,-156.2342494726181,-76.21347904205322,0.20292943435090932,0.01529451584161991,-0.3564664720849997,,,cuVSLAM,,
1755,1761213145246,-243.94196271896362,-157.19276666641235,-79.16679233312607,0.2037651004103922,0.019217478325161706,-0.3601236334503137,,,cuVSLAM,,
1756,1761213145262,-243.28628182411194,-158.6029976606369,-81.81920647621155,0.2044714150483912,0.023498641519984556,-0.3642430198613139,,,cuVSLAM,,
1757,1761213145279,-242.3618733882904,-160.04854440689087,-84.34302359819412,0.20518974981041577,0.02799324212413749,-0.36806300880830545,,,cuVSLAM,,
1758,1761213145296,-241.45358800888062,-161.5462601184845,-86.77329868078232,0.20569405255880405,0.03256269833781325,-0.371168962557857,,,cuVSLAM,,
1759,1761213145312,-240.33182859420776,-162.68287599086761,-88.87046575546265,0.2056760630064722,0.037145321681781036,-0.37364774984722776,,,cuVSLAM,,
1760,1761213145329,-239.03906345367432,-163.40263187885284,-91.37588739395142,0.2051178465570223,0.04120403146780537,-0.37454755097607934,,,cuVSLAM,,
1761,1761213145346,-237.61305212974548,-163.46949338912964,-93.3370366692543,0.20399114953245692,0.04521393796166955,-0.37243746731593347,,,cuVSLAM,,
1762,1761213145362,-236.01855337619781,-163.4279489517212,-95.4512357711792,0.20243429854190648,0.04897813705773144,-0.36913723067608245,,,cuVSLAM,,
1763,1761213145379,-234.51049625873566,-163.25822472572327,-96.86664491891861,0.20010717433137465,0.053185422981473475,-0.36677773738043296,,,cuVSLAM,,
1764,1761213145396,-232.92255401611328,-162.7907156944275,-98.76877069473267,0.19728568929170176,0.05680531703773358,-0.36435402011786167,,,cuVSLAM,,
1765,1761213145412,-231.38637840747833,-161.94166243076324,-100.68786889314651,0.19391911384733865,0.05996107613396228,-0.36302224204354855,,,cuVSLAM,,
1766,1761213145429,-229.97182607650757,-160.80507636070251,-101.62127763032913,0.18989143293034913,0.0629590787174377,-0.3609075194740288,,,cuVSLAM,,
1767,1761213145446,-228.64161431789398,-158.92080962657928,-103.38898003101349,0.18539902537158048,0.06441587370218038,-0.355977920499908,,,cuVSLAM,,
1768,1761213145462,-227.30393707752228,-156.86435997486115,-104.80549931526184,0.18025970595719285,0.06540063845907507,-0.34940850012094415,,,cuVSLAM,,
1769,1761213145479,-226.2922078371048,-154.51876819133759,-106.08983039855957,0.17455623998266173,0.0658785850907161,-0.34317465316876883,,,cuVSLAM,,
1770,1761213145496,-225.53254663944244,-152.0787626504898,-107.56734013557434,0.1680634619665143,0.06577990223351286,-0.33859565988034357,,,cuVSLAM,,
1771,1761213145512,-224.81262683868408,-148.7511694431305,-109.64065790176392,0.16087442394283477,0.06480055326444073,-0.33522174954814776,,,cuVSLAM,,
1772,1761213145529,-224.2615967988968,-145.65367996692657,-111.21395975351334,0.15320092320770767,0.06356516291025527,-0.33025039243576815,,,cuVSLAM,,
1773,1761213145546,-223.97220134735107,-142.30549335479736,-112.33329772949219,0.14511923361173396,0.062245058966372904,-0.325275654658815,,,cuVSLAM,,
1774,1761213145562,-223.71502220630646,-138.5485827922821,-113.88885229825974,0.13686092528561988,0.06028511525766962,-0.31914021629056644,,,cuVSLAM,,
1775,1761213145579,-223.56106340885162,-134.45572555065155,-115.20318686962128,0.12834841541804148,0.05831936771028305,-0.31182013883448284,,,cuVSLAM,,
1776,1761213145596,-223.53078424930573,-130.39188086986542,-116.83738231658936,0.1194742970996159,0.056053097518118065,-0.3054135748850671,,,cuVSLAM,,
1777,1761213145612,-223.29603135585785,-125.89722871780396,-118.4338852763176,0.11036185044204863,0.05385937026960817,-0.30086022663489487,,,cuVSLAM,,
1778,1761213145629,-223.24568033218384,-121.35636806488037,-119.68674510717392,0.1011748655853805,0.05196577806631331,-0.29658367252446227,,,cuVSLAM,,
1779,1761213145646,-223.09939563274384,-117.10063368082047,-121.01416289806366,0.09209264799646424,0.050172040509185716,-0.2917760612059374,,,cuVSLAM,,
1780,1761213145662,-222.88033366203308,-113.043412566185,-121.827632188797,0.08324751878532462,0.048985366733246154,-0.2853558333671013,,,cuVSLAM,,
1781,1761213145679,-222.43964672088623,-108.67927968502045,-122.85489588975906,0.07454449007417983,0.048046419876942185,-0.2777316850917081,,,cuVSLAM,,
1782,1761213145696,-221.9836562871933,-104.28619384765625,-123.7170472741127,0.0657346278674361,0.047740269379764874,-0.271835293886825,,,cuVSLAM,,
1783,1761213145712,-221.42979502677917,-99.8786985874176,-124.41833317279816,0.05665482765965175,0.04799522410255298,-0.2684529163556805,,,cuVSLAM,,
1784,1761213145729,-220.7569181919098,-95.7317128777504,-125.80513954162598,0.04728433533873369,0.04811062769477707,-0.2658977452924439,,,cuVSLAM,,
1785,1761213145746,-220.02412378787994,-91.42180532217026,-126.49339437484741,0.037403821160782655,0.048935719969716567,-0.26212157604380226,,,cuVSLAM,,
1786,1761213145762,-218.93690526485443,-86.92308515310287,-127.71359086036682,0.027345464600543507,0.04979808438468757,-0.2557874644387576,,,cuVSLAM,,
1787,1761213145779,-218.0088311433792,-82.37249404191971,-128.46639752388,0.017251987646185702,0.05137099363047517,-0.2489687593700024,,,cuVSLAM,,
1788,1761213145796,-216.95415675640106,-77.79351621866226,-129.3824464082718,0.006904420106777147,0.053064859019658205,-0.2422180736634272,,,cuVSLAM,,
1789,1761213145812,-215.70730209350586,-73.1247141957283,-130.39596378803253,-0.0039664932118484465,0.05475931620520364,-0.23786405917661307,,,cuVSLAM,,
1790,1761213145829,-214.45821225643158,-68.36263835430145,-131.38216733932495,-0.015480765469953485,0.05653614088018516,-0.23603938225940263,,,cuVSLAM,,
1791,1761213145846,-213.10590207576752,-63.36712837219238,-132.33882188796997,-0.027266512735504036,0.05857727491451759,-0.2332985423350915,,,cuVSLAM,,
1792,1761213145862,-211.4604264497757,-58.17091464996338,-133.30788910388947,-0.03941972213410967,0.061102660264406305,-0.22847902100757048,,,cuVSLAM,,
1793,1761213145879,-209.81164276599884,-52.717410027980804,-133.84908437728882,-0.05200282372042284,0.06442058033037161,-0.22258175716228676,,,cuVSLAM,,
1794,1761213145896,-207.89146423339844,-47.10988700389862,-135.01308858394623,-0.06504201480285453,0.06765692395021991,-0.21703393401812365,,,cuVSLAM,,
1795,1761213145912,-205.9255987405777,-41.28169268369675,-135.44797897338867,-0.07871931845791741,0.07173349320014372,-0.21258678861669342,,,cuVSLAM,,
1796,1761213145929,-203.6978155374527,-35.337261855602264,-136.40369474887848,-0.09291767490009441,0.07584516379354075,-0.21020940170248684,,,cuVSLAM,,
1797,1761213145946,-201.27961039543152,-28.844522312283516,-137.44716346263885,-0.10771644853155293,0.08017840421801456,-0.20998394552031452,,,cuVSLAM,,
1798,1761213145962,-198.57025146484375,-22.285252809524536,-138.5875791311264,-0.122880628801324,0.08486848489253569,-0.2092013202136107,,,cuVSLAM,,
1799,1761213145979,-195.82507014274597,-15.417124144732952,-139.88977670669556,-0.13839989394028332,0.0900057732534724,-0.20713036768081713,,,cuVSLAM,,
1800,1761213145996,-192.83398985862732,-8.122501894831657,-141.13953709602356,-0.1542243250630634,0.09552682586043819,-0.2045199389865959,,,cuVSLAM,,
1801,1761213146012,-189.76512551307678,-0.874025747179985,-142.32927560806274,-0.1702499871078503,0.10128125253864549,-0.20241971340096265,,,cuVSLAM,,
1802,1761213146029,-186.5837723016739,6.614545360207558,-144.03590559959412,-0.18666388900303912,0.1067398548730784,-0.20353116983069738,,,cuVSLAM,,
1803,1761213146046,-183.3212822675705,13.678567484021187,-145.84720134735107,-0.20333385299712523,0.11203114854365051,-0.20769840353393468,,,cuVSLAM,,
1804,1761213146062,-179.8575520515442,20.91059647500515,-147.41000533103943,-0.22003124398064858,0.11758947557834686,-0.21381166464704038,,,cuVSLAM,,
1805,1761213146079,-176.2942224740982,28.186606243252754,-149.1093635559082,-0.23601507351002549,0.1234735278327078,-0.2190734402213787,,,cuVSLAM,,
1806,1761213146096,-172.67873883247375,34.87782925367355,-151.02404356002808,-0.2504277105841017,0.13011574496177758,-0.2191940215974692,,,cuVSLAM,,
1807,1761213146112,-169.00494694709778,41.63551330566406,-152.92564034461975,-0.26333578332395086,0.13744601988871616,-0.2164099859662667,,,cuVSLAM,,
1808,1761213146129,-165.14641046524048,48.10287058353424,-154.44430708885193,-0.27514992361312807,0.1449905781545183,-0.21358334498207646,,,cuVSLAM,,
1809,1761213146146,-161.47968173027039,54.0173277258873,-156.3408523797989,-0.28604027676088656,0.1519729246910629,-0.21173590573555368,,,cuVSLAM,,
1810,1761213146162,-157.6211005449295,59.779658913612366,-158.67601335048676,-0.2960751967438765,0.15833447040452558,-0.21082774624729106,,,cuVSLAM,,
1811,1761213146179,-153.6836177110672,65.53246080875397,-161.33315861225128,-0.3048966878643181,0.16447396259671834,-0.20887194796349348,,,cuVSLAM,,
1812,1761213146196,-150.0384956598282,70.40610164403915,-162.97461092472076,-0.31170544879296896,0.17141075625971272,-0.20218084550910917,,,cuVSLAM,,
1813,1761213146212,-146.3744193315506,75.0780701637268,-164.475217461586,-0.3166379975515403,0.17851654776103693,-0.19256230802622937,,,cuVSLAM,,
1814,1761213146229,-142.7619308233261,79.47676628828049,-165.59858620166779,-0.32009461650083504,0.18524058968899038,-0.18321526053364787,,,cuVSLAM,,
1815,1761213146262,-136.2759917974472,87.07432448863983,-167.34372079372406,-0.32311428893514066,0.19670582635776726,-0.16256682943080344,,,cuVSLAM,,
1816,1761213146279,-133.26825201511383,90.73059260845184,-168.15660893917084,-0.3228404352424831,0.20161750272980036,-0.14990041347459623,,,cuVSLAM,,
1817,1761213146296,-130.56103885173798,94.24295276403427,-168.54684054851532,-0.3214511900915009,0.2061857724839647,-0.1355537536011005,,,cuVSLAM,,
1818,1761213146312,-128.05141508579254,97.4564254283905,-169.2502796649933,-0.3188987924885917,0.2097914843167948,-0.12026549337492536,,,cuVSLAM,,
1819,1761213146329,-125.91040134429932,100.5859300494194,-169.61704194545746,-0.3153676023286431,0.21295487726476986,-0.1037307873263509,,,cuVSLAM,,
1820,1761213146346,-123.8519549369812,103.65419089794159,-170.0303703546524,-0.31107931375471864,0.215198743858842,-0.08719299103811715,,,cuVSLAM,,
1821,1761213146362,-122.16204404830933,106.76600784063339,-170.02584040164948,-0.30634112943588504,0.21686277624198186,-0.07065428226309199,,,cuVSLAM,,
1822,1761213146379,-120.7265555858612,109.70860719680786,-170.1715588569641,-0.30133962357753685,0.21765130827288826,-0.05367399796291021,,,cuVSLAM,,
1823,1761213146396,-119.58669126033783,112.94323205947876,-170.3135222196579,-0.2962188345477654,0.21775073354143248,-0.0365827494649617,,,cuVSLAM,,
1824,1761213146412,-118.67814511060715,116.41404032707214,-170.50762474536896,-0.2912918301052938,0.2172442090406278,-0.019612601782212247,,,cuVSLAM,,
1825,1761213146429,-118.07003617286682,119.41757798194885,-170.86857557296753,-0.2866325058809641,0.21590871143608242,-0.003134330152837958,,,cuVSLAM,,
1826,1761213146446,-117.70638823509216,122.76773154735565,-171.06743156909943,-0.2820905633244211,0.21410214407048886,0.012439339300140446,,,cuVSLAM,,
1827,1761213146462,-117.49528348445892,126.46949291229248,-171.24168574810028,-0.2773366529276125,0.21202703856436464,0.02798414068236337,,,cuVSLAM,,
1828,1761213146479,-117.52082407474518,129.83539700508118,-171.3695526123047,-0.2722396516132593,0.20945336067103157,0.04361686838340134,,,cuVSLAM,,
1829,1761213146496,-117.7903413772583,133.67989659309387,-171.50549590587616,-0.26668877898848853,0.20672961144177096,0.06001322302615713,,,cuVSLAM,,
1830,1761213146512,-118.28355491161346,137.24611699581146,-171.41664028167725,-0.2608184326711869,0.20392361453222002,0.07857642652151586,,,cuVSLAM,,
1831,1761213146529,-119.04644221067429,140.64455032348633,-171.3665872812271,-0.25490899753127616,0.2005875018568766,0.09739573401093872,,,cuVSLAM,,
1832,1761213146546,-119.98120695352554,144.06639337539673,-170.7196682691574,-0.2489056493003077,0.19696936143163607,0.11498191759810918,,,cuVSLAM,,
1833,1761213146562,-121.00771069526672,147.02242612838745,-170.19334435462952,-0.24243273716004649,0.19268150601187295,0.13203693511296227,,,cuVSLAM,,
1834,1761213146579,-122.24739044904709,149.82983469963074,-169.54833269119263,-0.23523816333111316,0.18825640509142644,0.1493893089438352,,,cuVSLAM,,
1835,1761213146596,-123.56580048799515,152.69440412521362,-168.6728447675705,-0.2274766462019152,0.1839599275447398,0.16674436423806568,,,cuVSLAM,,
1836,1761213146612,-124.97090548276901,155.28376400470734,-167.75360703468323,-0.2196129695483511,0.1797006645339734,0.1845743319361156,,,cuVSLAM,,
1837,1761213146629,-126.45089626312256,157.37995505332947,-166.9301688671112,-0.21171892592743508,0.17499966976377637,0.20167422117398473,,,cuVSLAM,,
1838,1761213146646,-127.84913182258606,158.89346599578857,-166.07561707496643,-0.2038559981782543,0.16966062681632776,0.21636679344123286,,,cuVSLAM,,
1839,1761213146662,-129.39581274986267,160.49325466156006,-164.7593230009079,-0.19576477635796877,0.16412019370942116,0.22927630264856927,,,cuVSLAM,,
1840,1761213146679,-131.10202550888062,161.98228299617767,-163.33594918251038,-0.18718832817017195,0.1586228046651813,0.24286086889075179,,,cuVSLAM,,
1841,1761213146696,-132.9304426908493,163.3433997631073,-161.88764572143555,-0.17814024416331947,0.15319378570628034,0.2572639896771071,,,cuVSLAM,,
1842,1761213146712,-134.76181030273438,164.5391285419464,-160.19144654273987,-0.16907303565116186,0.1479213474490897,0.27195633451859447,,,cuVSLAM,,
1843,1761213146729,-136.58109307289124,165.38971662521362,-158.59898924827576,-0.1599626001801502,0.14237271733329035,0.28598181276013823,,,cuVSLAM,,
1844,1761213146746,-138.32470774650574,165.4539704322815,-157.01958537101746,-0.15103561063949203,0.13640493445367263,0.29803805369904235,,,cuVSLAM,,
1845,1761213146762,-140.06778597831726,165.3183102607727,-155.38290143013,-0.14221758020190653,0.1302613437913056,0.3077371217108074,,,cuVSLAM,,
1846,1761213146779,-141.87932014465332,165.21640121936798,-153.5165011882782,-0.13320041434423036,0.12459223611954792,0.31722086793052545,,,cuVSLAM,,
1847,1761213146796,-144.07594501972198,165.704146027565,-151.21956169605255,-0.12398736298295147,0.11981040098698197,0.3279211846752609,,,cuVSLAM,,
1848,1761213146812,-145.7085758447647,165.56501388549805,-149.28948879241943,-0.11469144985178974,0.1152092971757702,0.33963818632780324,,,cuVSLAM,,
1849,1761213146829,-147.19659090042114,165.29308259487152,-147.38765358924866,-0.10550050567025536,0.11064783038153883,0.350308566452574,,,cuVSLAM,,
1850,1761213146846,-148.67804944515228,164.93269801139832,-145.75330913066864,-0.0965918995591101,0.10582994187313347,0.35865208098242396,,,cuVSLAM,,
1851,1761213146862,-149.97950196266174,164.3807888031006,-143.8237726688385,-0.08782872180727826,0.10112715864028132,0.3638471999626313,,,cuVSLAM,,
1852,1761213146879,-151.0659009218216,163.51096332073212,-141.96491241455078,-0.07916567506348628,0.09647220387146588,0.3678779267131445,,,cuVSLAM,,
1853,1761213146896,-152.15599536895752,162.69506514072418,-140.15984535217285,-0.07046934282566324,0.09210835349286856,0.371623065273021,,,cuVSLAM,,
1854,1761213146912,-153.18097174167633,161.9434654712677,-138.3163332939148,-0.061675527115452336,0.0881699613247227,0.3768771836434175,,,cuVSLAM,,
1855,1761213146929,-154.00415658950806,160.91394424438477,-136.57374680042267,-0.05265916360350759,0.08445103230508012,0.3841477784888714,,,cuVSLAM,,
1856,1761213146946,-154.64310348033905,159.6311777830124,-134.95755195617676,-0.043705131093821466,0.08065285412267759,0.38893189793791655,,,cuVSLAM,,
1857,1761213146963,-155.22992610931396,158.18887948989868,-133.2009881734848,-0.034664393367915415,0.07698046362302456,0.389379240150617,,,cuVSLAM,,
1858,1761213146979,-155.47475218772888,156.36703372001648,-131.6433846950531,-0.025282914776508004,0.07347422664511227,0.388706605449606,,,cuVSLAM,,
1859,1761213146996,-155.68171441555023,154.53724563121796,-129.92288172245026,-0.015395923136123929,0.070646269955799,0.3891247056195555,,,cuVSLAM,,
1860,1761213147012,-155.74012696743011,152.34629809856415,-128.40653955936432,-0.004964888436503888,0.06809221624354592,0.39205760585703325,,,cuVSLAM,,
1861,1761213147029,-155.61330318450928,150.14728903770447,-127.10908055305481,0.005737073266534741,0.06567634313909017,0.3963628502302601,,,cuVSLAM,,
1862,1761213147046,-155.40307760238647,147.696852684021,-125.76040625572205,0.01672007139430883,0.06341783059151535,0.4006705647162408,,,cuVSLAM,,
1863,1761213147062,-154.87580001354218,144.79221403598785,-124.90279227495193,0.02788391597888594,0.06088693898331602,0.4024224822545912,,,cuVSLAM,,
1864,1761213147079,-154.2992889881134,141.4935737848282,-123.76602739095688,0.039555196601675065,0.058641735529315835,0.4027184883670625,,,cuVSLAM,,
1865,1761213147096,-153.59844267368317,137.95432448387146,-122.95818328857422,0.051523807677158424,0.056382940827844404,0.4030762709907221,,,cuVSLAM,,
1866,1761213147112,-152.8005599975586,134.25502181053162,-122.03043699264526,0.06359340759820169,0.05433372633027586,0.402628632773237,,,cuVSLAM,,
1867,1761213147129,-151.81361138820648,130.49714267253876,-121.2443858385086,0.07574737042629252,0.052304990452798975,0.40257450669981176,,,cuVSLAM,,
1868,1761213147146,-150.76112747192383,126.42818689346313,-120.47244608402252,0.08793860042375756,0.050347118945074196,0.4036284045232756,,,cuVSLAM,,
1869,1761213147162,-149.6487706899643,122.2565621137619,-119.75730955600739,0.10014493728718912,0.04857065602305644,0.4046419679228441,,,cuVSLAM,,
1870,1761213147179,-148.36108684539795,117.99685657024384,-119.20903623104095,0.11237027386594081,0.04685659552543544,0.4053399075078478,,,cuVSLAM,,
1871,1761213147196,-147.0583826303482,113.36100101470947,-119.03004348278046,0.1245339497691943,0.04490706204923633,0.40634407013941587,,,cuVSLAM,,
1872,1761213147212,-145.68868279457092,108.40088129043579,-119.16899681091309,0.13643474220799753,0.04283899960618349,0.4062992364250455,,,cuVSLAM,,
1873,1761213147229,-144.41990852355957,103.76791656017303,-119.07139420509338,0.14826719911661732,0.04091909366779682,0.4062705049518785,,,cuVSLAM,,
1874,1761213147246,-143.29510927200317,99.10913556814194,-119.2113608121872,0.15990116153804412,0.03883909268493365,0.40697277241647756,,,cuVSLAM,,
1875,1761213147262,-142.02836155891418,94.08555924892426,-119.84185874462128,0.17108221219555592,0.03669767953958604,0.40670480476259663,,,cuVSLAM,,
1876,1761213147279,-140.729621052742,89.00058269500732,-120.58602273464203,0.18173140860258846,0.03485789431501263,0.4055638109446209,,,cuVSLAM,,
1877,1761213147296,-139.49957489967346,84.22776311635971,-121.57095968723297,0.1918809072297469,0.03314984113557531,0.40432296711472226,,,cuVSLAM,,
1878,1761213147312,-138.24376463890076,79.384446144104,-122.82958626747131,0.201255703412763,0.03159581648501038,0.40267728667696134,,,cuVSLAM,,
1879,1761213147329,-136.918842792511,74.6147409081459,-124.31614845991135,0.209890211450019,0.03042414963023547,0.39889793495893877,,,cuVSLAM,,
1880,1761213147346,-135.41899621486664,69.62594389915466,-126.08256936073303,0.21782451922849044,0.029478839024577312,0.3939939458132723,,,cuVSLAM,,
1881,1761213147362,-133.9617520570755,65.02377986907959,-127.84704566001892,0.22525990068375515,0.028904581321960058,0.389774826525789,,,cuVSLAM,,
1882,1761213147379,-132.4538141489029,60.63417345285416,-129.4221580028534,0.23176594615547105,0.028943084329653982,0.38553557469190664,,,cuVSLAM,,
1883,1761213147396,-130.76934218406677,56.171514093875885,-131.1820149421692,0.23712235951331123,0.029440240119311234,0.38022375516568446,,,cuVSLAM,,
1884,1761213147412,-129.10911440849304,52.14425176382065,-133.25554132461548,0.24098079540410647,0.03020150537112694,0.3738459209077586,,,cuVSLAM,,
1885,1761213147429,-127.34895944595337,48.39223623275757,-135.0710391998291,0.2435603788538802,0.03158530667902272,0.36629966542861586,,,cuVSLAM,,
1886,1761213147446,-125.62726438045502,45.1921671628952,-137.06086575984955,0.24504404718392298,0.03330765053499593,0.35836461849735934,,,cuVSLAM,,
1887,1761213147463,-123.8158792257309,42.32991486787796,-138.71760666370392,0.24564693272365204,0.03576833039565069,0.3500869523630851,,,cuVSLAM,,
1888,1761213147479,-121.94094061851501,39.58585858345032,-140.980526804924,0.24502587555094124,0.0383820587972593,0.3404450703401108,,,cuVSLAM,,
1889,1761213147496,-120.02437561750412,36.835357546806335,-143.09866726398468,0.24330493922722113,0.04168545737133682,0.3294792385998849,,,cuVSLAM,,
1890,1761213147512,-118.01886558532715,34.823864698410034,-145.0013816356659,0.24063673787912546,0.04556971534273291,0.3177130495839256,,,cuVSLAM,,
1891,1761213147529,-116.0241886973381,32.85874426364899,-147.25102484226227,0.23721565829291943,0.04974346313371297,0.3050636772788437,,,cuVSLAM,,
1892,1761213147546,-113.94692957401276,30.963271856307983,-149.14852380752563,0.23335023733287139,0.05463703136241136,0.2922205733543608,,,cuVSLAM,,
1893,1761213147562,-112.01605945825577,30.04157543182373,-150.6514847278595,0.2289642398997262,0.059953218105362686,0.27992776359795674,,,cuVSLAM,,
1894,1761213147579,-109.85986888408661,28.501570224761963,-152.75943279266357,0.2240765631715286,0.06503562910218261,0.268510609005483,,,cuVSLAM,,
1895,1761213147596,-107.7141985297203,27.122318744659424,-154.80494499206543,0.2185689963921332,0.0704217145774464,0.2567642238300191,,,cuVSLAM,,
1896,1761213147612,-105.59596866369247,25.708168745040894,-156.67079389095306,0.2128426172336641,0.07606413382413585,0.24541138234748439,,,cuVSLAM,,
1897,1761213147629,-103.54851186275482,24.697348475456238,-158.12529623508453,0.2068881638199573,0.08200013270800635,0.23312751640268498,,,cuVSLAM,,
1898,1761213147646,-101.53118520975113,23.29452335834503,-159.76731479167938,0.20085884693409442,0.08768366476453553,0.22090259393421366,,,cuVSLAM,,
1899,1761213147662,-99.49132055044174,21.914392709732056,-161.04841232299805,0.19454470418522365,0.09355717473751768,0.20921922604884371,,,cuVSLAM,,
1900,1761213147679,-97.38198667764664,21.12370729446411,-162.78009116649628,0.1880284224550066,0.09894253025518233,0.19868815603013087,,,cuVSLAM,,
1901,1761213147696,-95.47282010316849,20.17897367477417,-164.0433967113495,0.1814118716796584,0.1047075880634917,0.18921629086131023,,,cuVSLAM,,
1902,1761213147712,-93.71796995401382,18.950805068016052,-165.54732620716095,0.17488751921664206,0.11046588649379735,0.1795143979036888,,,cuVSLAM,,
1903,1761213147729,-91.86717122793198,17.682060599327087,-166.9483631849289,0.16841683710767805,0.1162415282023074,0.1685515965824148,,,cuVSLAM,,
1904,1761213147746,-90.30012786388397,16.397833824157715,-168.6173528432846,0.16213951488722755,0.1216011371101938,0.15733911243397314,,,cuVSLAM,,
1905,1761213147762,-88.82776647806168,15.234798192977905,-169.87156867980957,0.15575132859504429,0.12687202267953143,0.14585042008111118,,,cuVSLAM,,
1906,1761213147779,-87.53521740436554,13.939246535301208,-171.6313511133194,0.14932265908609646,0.13120134479079773,0.13523090307848648,,,cuVSLAM,,
1907,1761213147796,-86.28233522176743,13.41371238231659,-173.5444962978363,0.14306453963778115,0.13488536652258215,0.1272320204072339,,,cuVSLAM,,
1908,1761213147812,-85.4710265994072,12.19359040260315,-174.86239969730377,0.13703286303002477,0.13887283589770152,0.12006120788516436,,,cuVSLAM,,
1909,1761213147829,-84.46872234344482,10.980159044265747,-176.7188459634781,0.13118275268083257,0.1425271065611459,0.11245814045436911,,,cuVSLAM,,
1910,1761213147846,-83.75058323144913,10.067760944366455,-178.046315908432,0.12559046976608584,0.1466163989228305,0.10394167890871678,,,cuVSLAM,,
1911,1761213147862,-82.95610547065735,8.67694616317749,-179.6049177646637,0.11999100305469738,0.15066003777244522,0.09468481448217378,,,cuVSLAM,,
1912,1761213147879,-82.14552700519562,7.504776120185852,-181.1215877532959,0.11460277106188292,0.15479040889379944,0.08619400231192954,,,cuVSLAM,,
1913,1761213147896,-81.46373927593231,6.868094205856323,-182.9995959997177,0.10982044629187018,0.158394933271867,0.07988044632372343,,,cuVSLAM,,
1914,1761213147912,-80.95099776983261,5.597725510597229,-184.40566956996918,0.10557332384305794,0.1621610476482879,0.07522127282251743,,,cuVSLAM,,
1915,1761213147929,-80.51960915327072,4.158616065979004,-185.84103882312775,0.10208973690693293,0.16573232414495043,0.07119605788198288,,,cuVSLAM,,
1916,1761213147946,-80.2234634757042,2.5850236415863037,-187.31442093849182,0.09897178458074787,0.1692210027788926,0.06699156126807906,,,cuVSLAM,,
1917,1761213147962,-79.99931275844574,1.126796007156372,-188.63892555236816,0.0961843550160804,0.1728015300527876,0.06315865041855961,,,cuVSLAM,,
1918,1761213147996,-79.90596443414688,-2.1106451749801636,-191.4311796426773,0.09118793129178934,0.17905556850941282,0.053807066158608544,,,cuVSLAM,,
1919,1761213148012,-80.01089841127396,-3.5810470581054688,-192.53554940223694,0.0890084935292474,0.1816546359379156,0.05025188546715339,,,cuVSLAM,,
1920,1761213148029,-80.23632317781448,-5.065202713012695,-193.60148906707764,0.08701415709468015,0.18397881143086633,0.04592853779643562,,,cuVSLAM,,
1921,1761213148046,-80.81400394439697,-6.437167525291443,-194.59688663482666,0.08494353796927927,0.18600069048376372,0.04133263038321522,,,cuVSLAM,,
1922,1761213148062,-81.45827800035477,-7.983595132827759,-195.3955590724945,0.08266323788877449,0.1879456566683337,0.03706042319089916,,,cuVSLAM,,
1923,1761213148079,-82.19141513109207,-8.979201316833496,-196.8463659286499,0.0802706241103315,0.18905372745928722,0.03273752916455563,,,cuVSLAM,,
1924,1761213148096,-83.20923894643784,-9.889215230941772,-197.75885343551636,0.0779206339838816,0.19019258992904153,0.028885292579036714,,,cuVSLAM,,
1925,1761213148112,-84.47007834911346,-11.08504831790924,-198.46269488334656,0.07572787059815274,0.1911364826434081,0.02484766695232161,,,cuVSLAM,,
1926,1761213148129,-85.7091024518013,-12.078404426574707,-199.6002346277237,0.0735749758176212,0.1915522169376441,0.019341907807880906,,,cuVSLAM,,
1927,1761213148146,-87.29302883148193,-13.151109218597412,-200.60013234615326,0.0716250961637506,0.1919648502593081,0.013941905115012771,,,cuVSLAM,,
1928,1761213148162,-88.88638019561768,-14.396816492080688,-202.10717618465424,0.06989275213133551,0.1917757849821915,0.008231974260586774,,,cuVSLAM,,
1929,1761213148179,-90.35170823335648,-15.547037124633789,-203.51548492908478,0.06808164516860457,0.1914830904311775,0.0017031282782619982,,,cuVSLAM,,
1930,1761213148196,-92.05203503370285,-16.446545720100403,-204.57562804222107,0.06644765803118785,0.19114441899581483,-0.004420415495438077,,,cuVSLAM,,
1931,1761213148212,-93.7657505273819,-17.786070704460144,-205.86448907852173,0.06502524152056312,0.19044514824464284,-0.009560263422978377,,,cuVSLAM,,
1932,1761213148229,-95.48182040452957,-19.068360328674316,-207.31064677238464,0.06375544899606528,0.1896956662978875,-0.014807707410934833,,,cuVSLAM,,
1933,1761213148246,-97.09081053733826,-20.076289772987366,-208.80353450775146,0.062166609545153906,0.18897639760809123,-0.0215983672299991,,,cuVSLAM,,
1934,1761213148262,-98.52761775255203,-21.00193500518799,-210.28372645378113,0.06038084986981962,0.18831636871893676,-0.0296405139664968,,,cuVSLAM,,
1935,1761213148279,-99.68531131744385,-21.115660667419434,-212.51320838928223,0.058091688566792,0.1871033223881639,-0.03858021728848551,,,cuVSLAM,,
1936,1761213148296,-100.8220836520195,-21.603336557745934,-214.05236423015594,0.05600500096588103,0.18633575114363868,-0.04590753869453978,,,cuVSLAM,,
1937,1761213148312,-101.80806368589401,-22.29653298854828,-215.45849740505219,0.05384949066254638,0.1858562812876703,-0.05217134274858182,,,cuVSLAM,,
1938,1761213148329,-102.5187149643898,-22.62924239039421,-216.89945459365845,0.051123158329872034,0.18565236933542503,-0.05924062624949059,,,cuVSLAM,,
1939,1761213148346,-103.08461636304855,-22.992581129074097,-218.74359250068665,0.04790980080669017,0.18540378280566697,-0.06623966072109239,,,cuVSLAM,,
1940,1761213148362,-103.38042676448822,-22.83032052218914,-220.30197083950043,0.044549619609477856,0.18563712424456055,-0.07264722904595441,,,cuVSLAM,,
1941,1761213148379,-103.55643182992935,-22.850248962640762,-222.06717729568481,0.041275373407726544,0.18592619241466907,-0.07765031937792051,,,cuVSLAM,,
1942,1761213148396,-103.41107100248337,-22.7406807243824,-224.04122352600098,0.03796720105420972,0.18631248515067286,-0.08337240531199541,,,cuVSLAM,,
1943,1761213148412,-103.24729233980179,-22.536655887961388,-225.8412390947342,0.034429153511450816,0.1870032836539205,-0.09076066375645558,,,cuVSLAM,,
1944,1761213148429,-102.7892455458641,-22.20502682030201,-227.81145572662354,0.03068191720705773,0.1877683733025624,-0.09893741426252048,,,cuVSLAM,,
1945,1761213148446,-102.09791362285614,-21.77703008055687,-229.96315360069275,0.026933564502363713,0.18860971986986833,-0.10578780256307084,,,cuVSLAM,,
1946,1761213148462,-101.21629387140274,-21.434467285871506,-232.0604771375656,0.02312947411960662,0.18982258873811225,-0.11141697773233271,,,cuVSLAM,,
1947,1761213148479,-100.24680942296982,-21.008070558309555,-234.07720029354095,0.019387253420650043,0.19143715683080567,-0.11665667227741165,,,cuVSLAM,,
1948,1761213148496,-98.96589815616608,-20.400473847985268,-236.1961007118225,0.015477248074054418,0.19336086450323361,-0.12271213333233552,,,cuVSLAM,,
1949,1761213148512,-97.47123718261719,-20.12087218463421,-238.2567673921585,0.011213278991922631,0.19571999303851834,-0.1301844975589537,,,cuVSLAM,,
1950,1761213148529,-95.78003734350204,-19.55760456621647,-240.1515692472458,0.006485258782738733,0.1986186776655246,-0.13798246742002904,,,cuVSLAM,,
1951,1761213148546,-93.67760270833969,-18.726704642176628,-242.2182410955429,0.001554226473643982,0.2018992764738011,-0.14386517377601765,,,cuVSLAM,,
1952,1761213148562,-91.2940576672554,-17.943713814020157,-244.14367973804474,-0.0037569524084126527,0.20581143896302884,-0.1494506437034653,,,cuVSLAM,,
1953,1761213148579,-88.55767548084259,-17.015352845191956,-246.08749151229858,-0.009379330641229422,0.21023455187823045,-0.15519736240854407,,,cuVSLAM,,
1954,1761213148596,-85.59656143188477,-15.985492616891861,-247.94547259807587,-0.015489372381852697,0.2151556152759134,-0.16143153054912604,,,cuVSLAM,,
1955,1761213148612,-82.35330879688263,-14.686554670333862,-249.76855516433716,-0.022265656091787798,0.2205771516752649,-0.16864488733883118,,,cuVSLAM,,
1956,1761213148629,-78.90740036964417,-13.427271507680416,-251.79550051689148,-0.029276283797082536,0.22636703377934178,-0.17437485966696817,,,cuVSLAM,,
1957,1761213148646,-75.06734132766724,-12.022250331938267,-253.95292043685913,-0.03673896046976484,0.23270025511542836,-0.18033450309358398,,,cuVSLAM,,
1958,1761213148662,-70.9724873304367,-10.56420523673296,-255.91477751731873,-0.04437728658918599,0.23970272591088584,-0.1866928499667449,,,cuVSLAM,,
1959,1761213148679,-66.78390502929688,-9.015797637403011,-257.9551339149475,-0.05208533526460995,0.24730245121068706,-0.19203284566198303,,,cuVSLAM,,
1960,1761213148696,-62.46602535247803,-7.274771109223366,-260.1673901081085,-0.05977180414556065,0.2552368817153273,-0.19728693157275504,,,cuVSLAM,,
1961,1761213148712,-58.12401324510574,-5.627037957310677,-262.5347077846527,-0.06777354164648308,0.2634204051162021,-0.20269712175611904,,,cuVSLAM,,
1962,1761213148729,-53.60298603773117,-3.7557873874902725,-265.28316736221313,-0.07592658438166813,0.2716327020456827,-0.20714096230867438,,,cuVSLAM,,
1963,1761213148746,-49.157071858644485,-1.4309119433164597,-268.14258098602295,-0.08415597050820446,0.2799595063452779,-0.21026735501610938,,,cuVSLAM,,
1964,1761213148762,-44.73986476659775,0.8304864168167114,-270.9704041481018,-0.09239481710308078,0.2884179572523922,-0.21237519612455932,,,cuVSLAM,,
1965,1761213148779,-40.34390300512314,3.016294911503792,-273.89347553253174,-0.10078960871267235,0.29700431702053404,-0.21387635793327361,,,cuVSLAM,,
1966,1761213148796,-35.924725234508514,5.576090887188911,-277.1558165550232,-0.10925062598726044,0.30562765227791144,-0.2163959567530487,,,cuVSLAM,,
1967,1761213148812,-31.495779752731323,8.203474804759026,-280.83059191703796,-0.1179357777891063,0.31413503602822473,-0.21986844878498804,,,cuVSLAM,,
1968,1761213148829,-27.123689651489258,11.163514107465744,-284.57990288734436,-0.1262070015244939,0.3229036413417258,-0.22196119068729117,,,cuVSLAM,,
1969,1761213148846,-22.97784388065338,14.028504490852356,-288.3695960044861,-0.13379525274073603,0.33193359293085717,-0.2218816690898182,,,cuVSLAM,,
1970,1761213148863,-18.7508761882782,17.152246087789536,-292.3315763473511,-0.14080370045766502,0.3409742718161558,-0.221144068788337,,,cuVSLAM,,
1971,1761213148879,-14.825612306594849,19.978433847427368,-296.4758574962616,-0.14775630989295266,0.34951772030183653,-0.22224167743805895,,,cuVSLAM,,
1972,1761213148896,-11.034592986106873,22.78253063559532,-300.49508810043335,-0.15442444696203325,0.3578175363260509,-0.22384230744808295,,,cuVSLAM,,
1973,1761213148912,-7.377855479717255,25.74129030108452,-304.6804964542389,-0.16025695613637708,0.36583625533642256,-0.22334598578117107,,,cuVSLAM,,
1974,1761213148929,-3.7355199456214905,28.59436720609665,-308.70288610458374,-0.16505285506843181,0.3738908771215898,-0.22012464661656367,,,cuVSLAM,,
1975,1761213148946,-0.402696430683136,31.46304562687874,-312.8311336040497,-0.16917680921339112,0.38169821140014853,-0.21616059455790865,,,cuVSLAM,,
1976,1761213148962,2.8818175196647644,34.18238088488579,-316.7816996574402,-0.1731663306021824,0.38924314794637627,-0.21332523158573943,,,cuVSLAM,,
1977,1761213148996,9.015321731567383,39.53895345330238,-324.4405686855316,-0.17992871172392974,0.4031184720020829,-0.20835375773706077,,,cuVSLAM,,
1978,1761213149012,11.530697345733643,41.969507932662964,-328.10455560684204,-0.18249585857659228,0.40912637988084133,-0.2062047293661994,,,cuVSLAM,,
1979,1761213149029,13.99075984954834,44.593214988708496,-331.49558305740356,-0.18447412485511777,0.4149517048308271,-0.20292383711494444,,,cuVSLAM,,
1980,1761213149046,16.249462962150574,47.29291796684265,-334.9239230155945,-0.18554326702977234,0.42036488563984753,-0.1981091120922119,,,cuVSLAM,,
1981,1761213149062,18.293850123882294,49.62000250816345,-338.16105127334595,-0.18626765787849991,0.4253530304638926,-0.1935762066690539,,,cuVSLAM,,
1982,1761213149079,19.99881863594055,51.746346056461334,-341.3946032524109,-0.18655257726224556,0.4298811331503575,-0.1892240189129719,,,cuVSLAM,,
1983,1761213149096,21.757878363132477,53.93350124359131,-344.163715839386,-0.1865376315586921,0.43441742257996546,-0.18582683636850555,,,cuVSLAM,,
1984,1761213149112,23.54472130537033,56.1886802315712,-346.6610312461853,-0.18576107172882358,0.43898273921699565,-0.18134764155236635,,,cuVSLAM,,
1985,1761213149129,25.15888214111328,58.21260064840317,-349.208801984787,-0.1839138325345466,0.4433742627243994,-0.1747132376948286,,,cuVSLAM,,
1986,1761213149146,26.744529604911804,60.07750332355499,-351.5385687351227,-0.18159782704746424,0.4476286680358438,-0.1684281444300512,,,cuVSLAM,,
1987,1761213149162,29.067736119031906,62.13436275720596,-354.7978699207306,-0.1790813311424157,0.45104092813703084,-0.16332246387354454,,,cuVSLAM,,
1988,1761213149179,30.450014397501945,63.77962976694107,-356.95838928222656,-0.17643216827170805,0.45476387591304757,-0.1578270510491101,,,cuVSLAM,,
1989,1761213149196,31.853482127189636,65.44620543718338,-358.9002788066864,-0.17389179190157092,0.4583027906977423,-0.15283250857118832,,,cuVSLAM,,
1990,1761213149212,33.12649577856064,67.21214205026627,-360.8565628528595,-0.17141794548296024,0.4615138153897826,-0.14739027901185467,,,cuVSLAM,,
1991,1761213149229,34.39004346728325,69.18241828680038,-362.76111006736755,-0.168546289543843,0.46460613448575044,-0.13994383712536088,,,cuVSLAM,,
1992,1761213149246,35.60202941298485,71.15292549133301,-364.54784870147705,-0.1649567886787247,0.4677164299199661,-0.1297688286618175,,,cuVSLAM,,
1993,1761213149262,36.888912320137024,73.27723503112793,-366.20208621025085,-0.1604850926137833,0.47124666833902185,-0.11667205062286569,,,cuVSLAM,,
1994,1761213149279,38.40789198875427,75.45468956232071,-367.7257299423218,-0.15630521131087127,0.4750039934734891,-0.1054695936347871,,,cuVSLAM,,
1995,1761213149296,39.90665078163147,77.62252539396286,-369.0360486507416,-0.15286920888805813,0.47871434484857295,-0.09720413222883785,,,cuVSLAM,,
1996,1761213149312,41.33258014917374,80.11455833911896,-370.31397223472595,-0.1492112759567613,0.48240500160057803,-0.08773415957985739,,,cuVSLAM,,
1997,1761213149329,42.80029982328415,82.80953764915466,-371.5968728065491,-0.1448693841125701,0.4861095169532175,-0.07553638737463055,,,cuVSLAM,,
1998,1761213149346,44.38205808401108,85.69823205471039,-372.6297914981842,-0.1392702806474079,0.490235021327058,-0.058988539830384296,,,cuVSLAM,,
1999,1761213149362,46.04140669107437,88.77287805080414,-373.49602580070496,-0.13311492554860485,0.4946336277109669,-0.04145718817612311,,,cuVSLAM,,
2000,1761213149379,47.89255931973457,91.48957580327988,-374.1091787815094,-0.12837820884073378,0.4987579737664309,-0.030094005527016965,,,cuVSLAM,,
2001,1761213149396,49.777038395404816,94.14641559123993,-374.6427297592163,-0.1238920519487872,0.5026106224893908,-0.02024288711796069,,,cuVSLAM,,
2002,1761213149412,51.74066871404648,97.01138734817505,-375.16099214553833,-0.1189024712480338,0.5063378082174597,-0.008791164721954348,,,cuVSLAM,,
2003,1761213149429,53.69853973388672,99.97212886810303,-375.40706992149353,-0.1133073813819117,0.5101654477610388,0.004893005412742583,,,cuVSLAM,,
2004,1761213149446,55.677495896816254,103.05571556091309,-375.8298456668854,-0.10684606842259221,0.5139249776414985,0.021688189253062214,,,cuVSLAM,,
2005,1761213149462,57.81131982803345,106.1459332704544,-376.02201104164124,-0.09997449446954411,0.518016288140903,0.03946328473118966,,,cuVSLAM,,
2006,1761213149479,60.20043045282364,109.00403559207916,-375.9641945362091,-0.09431044148117729,0.5221565750875198,0.05234331609850627,,,cuVSLAM,,
2007,1761213149496,62.76597082614899,112.18906193971634,-375.78079104423523,-0.08921343284575199,0.5263206184658,0.06310553864375355,,,cuVSLAM,,
2008,1761213149512,66.43133610486984,112.50244826078415,-374.92966651916504,-0.08480822170981779,0.530900182834135,0.07823946677294248,,,cuVSLAM,,
2009,1761213149529,68.93385201692581,115.96395820379257,-374.7332990169525,-0.07914999689010115,0.5350760528528314,0.09200487395249252,,,cuVSLAM,,
2010,1761213149546,71.54087722301483,119.45337057113647,-374.24734234809875,-0.0733934643386544,0.5395682588989641,0.10608173904155088,,,cuVSLAM,,
2011,1761213149562,74.14786517620087,122.99331277608871,-373.7197518348694,-0.06785896634839463,0.543976138215774,0.11870658590966685,,,cuVSLAM,,
2012,1761213149579,76.6432136297226,126.3834685087204,-373.1936812400818,-0.06235012893022583,0.5483770546264529,0.13074570687126227,,,cuVSLAM,,
2013,1761213149596,79.11792397499084,129.77451086044312,-372.46596813201904,-0.056244847189855944,0.552955373263272,0.14413612633036904,,,cuVSLAM,,
2014,1761213149612,81.45090192556381,133.24077427387238,-371.7587888240814,-0.050155288875922646,0.5573901360449547,0.1575045957299338,,,cuVSLAM,,
2015,1761213149629,83.90635251998901,136.23924553394318,-370.8134889602661,-0.04450703012410675,0.5618288467959542,0.16978815754594515,,,cuVSLAM,,
2016,1761213149646,86.34702116250992,139.64815437793732,-369.83969807624817,-0.03917588273718465,0.566218840780966,0.1812238267984707,,,cuVSLAM,,
2017,1761213149662,88.74377608299255,143.05634796619415,-368.77354979515076,-0.03339238282031267,0.5706602774233229,0.19387752473826228,,,cuVSLAM,,
2018,1761213149679,91.20252728462219,146.4962512254715,-367.76822805404663,-0.02693358067770046,0.575244262532816,0.20864039804874898,,,cuVSLAM,,
2019,1761213149696,93.64952892065048,149.81167018413544,-366.589218378067,-0.019976880921998084,0.5800600002320474,0.22496109468135111,,,cuVSLAM,,
2020,1761213149712,96.00302577018738,153.00723910331726,-365.5776381492615,-0.012945633330482367,0.5847357410556441,0.24151805913475302,,,cuVSLAM,,
2021,1761213149729,98.42466562986374,156.04068338871002,-364.52779173851013,-0.006057071268286645,0.5894098833211594,0.25774485159985,,,cuVSLAM,,
2022,1761213149746,100.96588730812073,158.84560346603394,-363.26196789741516,0.0004290422200451102,0.5942577138838107,0.27267698243500843,,,cuVSLAM,,
2023,1761213149762,103.25521230697632,161.81549429893494,-362.3698949813843,0.005982600295709025,0.5987903601124883,0.2852637821878797,,,cuVSLAM,,
2024,1761213149779,105.61081767082214,164.80523347854614,-361.5516424179077,0.011074024447067565,0.6035256688304994,0.2974945513966571,,,cuVSLAM,,
2025,1761213149796,107.95466601848602,167.83703863620758,-360.860675573349,0.016700558561513673,0.6084553045429627,0.3116663021052227,,,cuVSLAM,,
2026,1761213149829,112.78674006462097,173.60904812812805,-359.45379734039307,0.028184851424947872,0.61855777536092,0.341099583787698,,,cuVSLAM,,
2027,1761213149846,115.75009673833847,176.03960633277893,-358.50977897644043,0.03341148690685101,0.6237902660835732,0.3546954026467295,,,cuVSLAM,,
2028,1761213149862,118.15051734447479,178.59691381454468,-358.04036259651184,0.03828819619480612,0.6285027993322284,0.36693731279036634,,,cuVSLAM,,
2029,1761213149879,120.5228790640831,181.0331642627716,-357.6902449131012,0.04295679600121533,0.633168906205409,0.37873884927213736,,,cuVSLAM,,
2030,1761213149896,122.99639731645584,183.2752227783203,-357.3629856109619,0.04777154449607879,0.6377666436618514,0.3903524632088224,,,cuVSLAM,,
2031,1761213149912,125.34722685813904,185.30789017677307,-357.1676015853882,0.05282660501262502,0.6421598177534071,0.40208400447539233,,,cuVSLAM,,
2032,1761213149929,127.75209546089172,187.26705014705658,-357.12406039237976,0.058023503459375056,0.6463509364659199,0.41344289784746724,,,cuVSLAM,,
2033,1761213149946,130.188450217247,188.9709085226059,-357.08218812942505,0.06315378054477135,0.6504450203717517,0.42440439783824696,,,cuVSLAM,,
2034,1761213149962,132.59606063365936,190.5045360326767,-357.1649491786957,0.06827254995917727,0.6541915261864925,0.43481663810860816,,,cuVSLAM,,
2035,1761213149979,135.11356711387634,191.96519255638123,-357.26603865623474,0.07357223146875753,0.6576091104231837,0.44486122565829495,,,cuVSLAM,,
2036,1761213149996,137.6125067472458,193.2048201560974,-357.3116064071655,0.07889719346905993,0.6608992656974347,0.45411650969076345,,,cuVSLAM,,
2037,1761213150012,140.05444943904877,194.20014321804047,-357.5844466686249,0.08425736457333366,0.6637679998463414,0.462831072820422,,,cuVSLAM,,
2038,1761213150029,142.5032615661621,195.07643580436707,-357.76078701019287,0.0895943106618133,0.6665543770009089,0.47133164075852246,,,cuVSLAM,,
2039,1761213150046,144.7775661945343,195.95131278038025,-358.21405053138733,0.09517906861384803,0.6688489873652776,0.4803057007600804,,,cuVSLAM,,
2040,1761213150062,147.09147810935974,196.680948138237,-358.5376739501953,0.10135230631893835,0.6709057061516754,0.4906335097918377,,,cuVSLAM,,
2041,1761213150079,149.32388067245483,197.25577533245087,-358.9504361152649,0.10835323430684961,0.6725357825575143,0.5027971837610037,,,cuVSLAM,,
2042,1761213150096,151.5381634235382,197.6650357246399,-359.38847064971924,0.11570794129986081,0.6737712482326449,0.514923447504522,,,cuVSLAM,,
2043,1761213150112,153.8677215576172,197.83687591552734,-359.7264289855957,0.12323530114744394,0.6747459164218972,0.5264322367329565,,,cuVSLAM,,
2044,1761213150129,155.97182512283325,197.82885909080505,-360.22844910621643,0.13090202554862346,0.6752419214227585,0.5373614009010438,,,cuVSLAM,,
2045,1761213150146,158.111110329628,197.67199456691742,-360.5180084705353,0.1388578329348511,0.6756065517671342,0.5480791730169275,,,cuVSLAM,,
2046,1761213150162,160.07721424102783,197.34859466552734,-361.1116111278534,0.14752889845947487,0.6753030867247664,0.5598010187300506,,,cuVSLAM,,
2047,1761213150179,162.06437349319458,196.80985808372498,-361.5257441997528,0.1573968084025597,0.6746892716142701,0.5734911529732862,,,cuVSLAM,,
2048,1761213150196,163.93570601940155,196.04626297950745,-362.11442947387695,0.16715533672563052,0.673476637507679,0.5859980326950469,,,cuVSLAM,,
2049,1761213150212,165.4653251171112,195.09196281433105,-362.8108501434326,0.17627264281988944,0.6716035017304696,0.5961036143003209,,,cuVSLAM,,
2050,1761213150229,167.08771884441376,193.89136135578156,-363.4852170944214,0.1851819621475322,0.6694513639060384,0.6051688251604921,,,cuVSLAM,,
2051,1761213150246,168.7633991241455,192.46380031108856,-364.1567826271057,0.19378300486445155,0.6671036087180272,0.6127842829273842,,,cuVSLAM,,
2052,1761213150262,170.3144907951355,190.69097936153412,-364.7344708442688,0.20281296902391094,0.6645910779496716,0.6201336962612656,,,cuVSLAM,,
2053,1761213150279,172.03229665756226,188.75610828399658,-365.3498888015747,0.21233247248092302,0.6618927341837012,0.6276886591048925,,,cuVSLAM,,
2054,1761213150296,173.35772514343262,186.5960657596588,-365.95308780670166,0.22212948502802696,0.6590823394098219,0.6346222484644575,,,cuVSLAM,,
2055,1761213150312,174.66694116592407,184.17592346668243,-366.64047837257385,0.23153641374602182,0.6562615043303487,0.6401513519865497,,,cuVSLAM,,
2056,1761213150329,175.7890284061432,181.65582418441772,-367.37415194511414,0.24063753425261422,0.6533173818484632,0.6448303080790705,,,cuVSLAM,,
2057,1761213150346,176.86733603477478,178.8807064294815,-368.08058619499207,0.24945343395089722,0.650416014500499,0.6488298675065797,,,cuVSLAM,,
2058,1761213150362,177.8324991464615,176.02553963661194,-368.87720227241516,0.25788596618803,0.6475078306732239,0.6516593137445249,,,cuVSLAM,,
2059,1761213150379,178.79052460193634,172.92092740535736,-369.56146359443665,0.2658559525635434,0.6449226628439082,0.6536199832289618,,,cuVSLAM,,
2060,1761213150412,180.2072674036026,166.23008251190186,-370.98774313926697,0.2813965253276755,0.6400525778869264,0.6578685065556138,,,cuVSLAM,,
2061,1761213150429,180.58955669403076,162.6744568347931,-371.80331349372864,0.28855809735836707,0.6377482153880965,0.6589454611082772,,,cuVSLAM,,
2062,1761213150446,180.98974227905273,158.82299840450287,-372.5257217884064,0.29439917304414287,0.6360507058247336,0.6570530354858605,,,cuVSLAM,,
2063,1761213150462,181.25435709953308,154.83932197093964,-373.3327090740204,0.2991998930577572,0.6346245820792129,0.6531343191827532,,,cuVSLAM,,
2064,1761213150479,181.32251501083374,150.6318598985672,-374.1244375705719,0.30395559439263653,0.6332762187701665,0.6494702087695716,,,cuVSLAM,,
2065,1761213150496,181.21486902236938,146.2833434343338,-374.9806880950928,0.3089157062553598,0.6319203584324747,0.6459374121045058,,,cuVSLAM,,
2066,1761213150512,181.19797110557556,141.53453707695007,-375.772625207901,0.31382178117628295,0.6309561720087584,0.6411709075070698,,,cuVSLAM,,
2067,1761213150529,181.23917281627655,136.51403784751892,-376.57803297042847,0.31848997066480034,0.630147268378062,0.6346929182151937,,,cuVSLAM,,
2068,1761213150546,181.3935935497284,131.0526728630066,-377.2646188735962,0.322857162628686,0.6296289578081102,0.6266564803437699,,,cuVSLAM,,
2069,1761213150562,181.3882440328598,125.23086369037628,-378.00726294517517,0.32732631381757,0.6291080834896956,0.617744721382035,,,cuVSLAM,,
2070,1761213150579,181.34351074695587,119.22772228717804,-378.7110149860382,0.33233701360431817,0.6284929210717134,0.6095529455274151,,,cuVSLAM,,
2071,1761213150596,181.39144778251648,113.06851357221603,-379.33671474456787,0.3380544706943864,0.6278439549680466,0.6024713520050031,,,cuVSLAM,,
2072,1761213150612,181.4459264278412,106.71725124120712,-379.94587421417236,0.3435562599013462,0.6272890748436873,0.5944789259244415,,,cuVSLAM,,
2073,1761213150629,181.49884045124054,100.30271112918854,-380.6906044483185,0.34826727410473013,0.6268474724566555,0.5850306940395745,,,cuVSLAM,,
2074,1761213150646,181.44375085830688,93.83449703454971,-381.34559988975525,0.3521987978244723,0.6268174973376347,0.5747168956727244,,,cuVSLAM,,
2075,1761213150662,181.43679201602936,87.38438785076141,-382.12135434150696,0.3553874720993285,0.62737930619313,0.563254594692085,,,cuVSLAM,,
2076,1761213150679,181.27140402793884,81.09502494335175,-383.1261396408081,0.35839143334782575,0.6279892381718459,0.5524943183541038,,,cuVSLAM,,
2077,1761213150696,181.0140162706375,74.91874694824219,-384.0441703796387,0.36130994618504786,0.6288135480994186,0.5424958653170631,,,cuVSLAM,,
2078,1761213150712,180.812805891037,68.86838376522064,-385.07768511772156,0.3636571731206434,0.629754172460396,0.5320934315802854,,,cuVSLAM,,
2079,1761213150729,180.67096173763275,62.9829466342926,-386.157751083374,0.3653721194438569,0.6308786885725084,0.521710924958973,,,cuVSLAM,,
2080,1761213150746,180.3765445947647,57.293012738227844,-387.2687816619873,0.3667834897176648,0.6323275213554832,0.5118970221498026,,,cuVSLAM,,
2081,1761213150762,180.2578568458557,51.60899460315704,-388.32369446754456,0.3673974943124353,0.6346275907441712,0.5009488112433056,,,cuVSLAM,,
2082,1761213150779,179.98871207237244,46.11404240131378,-389.7949457168579,0.36717931251341585,0.6373096375514454,0.4883335208069051,,,cuVSLAM,,
2083,1761213150796,179.84989285469055,40.77158868312836,-391.05361700057983,0.36724723914690294,0.6405177829502395,0.4766249349167994,,,cuVSLAM,,
2084,1761213150812,179.84721064567566,35.64752638339996,-392.49181747436523,0.3674849643570892,0.6437954603238887,0.46631571711947745,,,cuVSLAM,,
2085,1761213150829,180.00568449497223,30.50956130027771,-394.00380849838257,0.36724595299491836,0.647513239738719,0.45590790666135017,,,cuVSLAM,,
2086,1761213150846,180.13609945774078,25.323450565338135,-395.49651741981506,0.3664567111351877,0.6516307231246895,0.4448640965898238,,,cuVSLAM,,
2087,1761213150862,180.36310374736786,20.1474130153656,-397.13582396507263,0.36461601758885215,0.6561879408031355,0.43163897210805835,,,cuVSLAM,,
2088,1761213150879,180.77993392944336,15.065222978591919,-398.8242745399475,0.3616049772981594,0.6614730850530983,0.4157801572702026,,,cuVSLAM,,
2089,1761213150896,181.46975338459015,9.822770953178406,-400.49949288368225,0.3580770462636921,0.6674130208571375,0.39933966026968365,,,cuVSLAM,,
2090,1761213150912,182.4563443660736,4.979982972145081,-401.96478366851807,0.3548093865443135,0.6737423251599184,0.3838180569124315,,,cuVSLAM,,
2091,1761213150929,182.8518956899643,0.38319826126098633,-403.65514159202576,0.35258254144446805,0.6793181473366109,0.37129257366300067,,,cuVSLAM,,
2092,1761213150946,183.2975298166275,-4.345163702964783,-405.49275279045105,0.3505006731526064,0.6847097196888129,0.3599472741101187,,,cuVSLAM,,
2093,1761213150962,183.7826669216156,-9.209245443344116,-407.37199783325195,0.34753932595018916,0.6904511613608982,0.34661979766759093,,,cuVSLAM,,
2094,1761213150979,185.4168325662613,-13.648675754666328,-409.7624719142914,0.3440000607758198,0.6962041828895492,0.3313244780928398,,,cuVSLAM,,
2095,1761213150996,185.78100204467773,-18.44506338238716,-411.6435647010803,0.3389819579167104,0.7024775106526,0.3130806477593044,,,cuVSLAM,,
2096,1761213151012,186.24208867549896,-23.258864879608154,-413.431316614151,0.33355769073786257,0.7087817393535749,0.2937868199413989,,,cuVSLAM,,
2097,1761213151029,186.36976182460785,-27.726750820875168,-415.2251183986664,0.3290847160260368,0.7140502078715474,0.2774250295436497,,,cuVSLAM,,
2098,1761213151046,186.530202627182,-32.03151002526283,-416.7781174182892,0.3252630505376925,0.7189053152759699,0.2637890457302894,,,cuVSLAM,,
2099,1761213151062,186.52860820293427,-35.97085177898407,-418.28563809394836,0.3215189701696759,0.7232924823082592,0.2515585592838335,,,cuVSLAM,,
2100,1761213151079,186.54753267765045,-39.83720391988754,-419.65726017951965,0.3174592122061107,0.7276236608583709,0.2392692137115747,,,cuVSLAM,,
2101,1761213151096,186.29762530326843,-43.52697730064392,-421.0904836654663,0.3121235659133602,0.7319114810825703,0.2242100202987525,,,cuVSLAM,,
2102,1761213151112,186.19631230831146,-47.29650914669037,-422.1724271774292,0.3052474057376857,0.7367627431725897,0.20562743783423668,,,cuVSLAM,,
2103,1761213151129,186.04224920272827,-50.53907632827759,-423.05248975753784,0.29804984391196304,0.7412184322316157,0.18737045080975326,,,cuVSLAM,,
2104,1761213151146,185.49087643623352,-53.197070956230164,-424.1347312927246,0.2911943909640954,0.7447019195266211,0.17174767920313638,,,cuVSLAM,,
2105,1761213151162,185.0607842206955,-55.62799423933029,-424.8391389846802,0.28433588421163336,0.7481469257586819,0.1577988146036723,,,cuVSLAM,,
2106,1761213151196,183.78432095050812,-60.2819100022316,-425.83340406417847,0.26914445187078945,0.7544430569586785,0.12785699836771122,,,cuVSLAM,,
2107,1761213151212,183.05374681949615,-62.74884194135666,-426.1985719203949,0.25969582562975707,0.7575027459232129,0.10896684086205308,,,cuVSLAM,,
2108,1761213151229,182.3132336139679,-64.75882232189178,-426.2351393699646,0.2492887711988772,0.7604368483653572,0.0887737321202486,,,cuVSLAM,,
2109,1761213151246,181.57805502414703,-66.38738512992859,-426.2033998966217,0.23922249501804052,0.7629920487426762,0.07037522419803052,,,cuVSLAM,,
2110,1761213151262,180.6066334247589,-67.78404861688614,-426.0733425617218,0.23044521613536625,0.7647899414293338,0.05573813826383863,,,cuVSLAM,,
2111,1761213151279,179.36721444129944,-68.92406195402145,-425.78306794166565,0.22208003860743714,0.7660751574408535,0.04177930463841758,,,cuVSLAM,,
2112,1761213151296,178.24578285217285,-70.3381597995758,-425.22385716438293,0.2128563545118307,0.7674292347818046,0.02579264375173956,,,cuVSLAM,,
2113,1761213151312,176.9576221704483,-71.5174600481987,-424.54612255096436,0.20233585501201662,0.768697093007015,0.006459803010019297,,,cuVSLAM,,
2114,1761213151329,175.8536994457245,-72.80872762203217,-423.70468378067017,0.19153776758001154,0.7697740513112292,-0.012920210054242882,,,cuVSLAM,,
2115,1761213151346,174.70599710941315,-73.69886338710785,-422.7147102355957,0.18122545523593783,0.7703318951183834,-0.031219656314133364,,,cuVSLAM,,
2116,1761213151362,173.56856167316437,-74.64463263750076,-421.71451449394226,0.1720887339816825,0.7704679618378314,-0.047313399195308095,,,cuVSLAM,,
2117,1761213151379,172.3538041114807,-75.53157955408096,-420.4966425895691,0.1643832186788326,0.7702597969376735,-0.06093670967570539,,,cuVSLAM,,
2118,1761213151396,171.1277812719345,-76.50932669639587,-419.2967116832733,0.15671525763590413,0.7698854823371216,-0.07526273271258828,,,cuVSLAM,,
2119,1761213151412,170.02975940704346,-77.55797356367111,-417.8604185581207,0.14827935213811957,0.7697449441909922,-0.09149876820909976,,,cuVSLAM,,
2120,1761213151429,170.54924368858337,-78.83124053478241,-414.78630900382996,0.14093842933203377,0.7712274762743384,-0.10642136310162113,,,cuVSLAM,,
2121,1761213151446,169.75949704647064,-79.46556061506271,-413.07172179222107,0.13390928233103722,0.7704071678859604,-0.11898215536433215,,,cuVSLAM,,
2122,1761213151462,169.07507181167603,-79.89034056663513,-411.2092852592468,0.12732545171222356,0.7694311503970821,-0.13024259293195237,,,cuVSLAM,,
2123,1761213151479,168.4201955795288,-80.25588095188141,-409.33841466903687,0.12100116469410903,0.7684848966603821,-0.14083209476331612,,,cuVSLAM,,
2124,1761213151496,167.71897673606873,-80.40980994701385,-407.5557589530945,0.11419521664853655,0.7676661144863052,-0.1521529871239448,,,cuVSLAM,,
2125,1761213151512,167.07664728164673,-80.55581897497177,-405.6621193885803,0.10669089226757468,0.7671924540213871,-0.16429132723851417,,,cuVSLAM,,
2126,1761213151529,166.42455756664276,-80.56459575891495,-403.8408100605011,0.09854467786877347,0.7668268437357887,-0.17685747626182724,,,cuVSLAM,,
2127,1761213151546,165.9894585609436,-80.14236390590668,-401.91733837127686,0.09088546130655265,0.7663787575764431,-0.18761082478923058,,,cuVSLAM,,
2128,1761213151562,165.68690538406372,-79.7816663980484,-399.8492360115051,0.08357909451435183,0.7657815051671215,-0.1969741243880384,,,cuVSLAM,,
2129,1761213151579,165.30323028564453,-79.44300025701523,-397.7196514606476,0.07635409865782519,0.7648129989837484,-0.20609432642774797,,,cuVSLAM,,
2130,1761213151596,165.0453507900238,-79.01662588119507,-395.4310715198517,0.06937795399873897,0.7637832369859505,-0.21449129665925187,,,cuVSLAM,,
2131,1761213151612,164.702907204628,-78.59130203723907,-393.25085282325745,0.061854675668312216,0.762653112306009,-0.2236917858487567,,,cuVSLAM,,
2132,1761213151629,164.4388884305954,-78.03801447153091,-391.06371998786926,0.05328652362478581,0.7616505069675443,-0.23429003782137053,,,cuVSLAM,,
2133,1761213151646,164.32280838489532,-77.10020989179611,-388.8768255710602,0.04466641963816284,0.7607470098500645,-0.2432646151776561,,,cuVSLAM,,
2134,1761213151662,164.42306339740753,-75.89240372180939,-386.70381903648376,0.036233921362043,0.7598404053868767,-0.2505906002508443,,,cuVSLAM,,
2135,1761213151679,164.35956954956055,-74.67129826545715,-384.62918996810913,0.026881693193170082,0.7587661327173807,-0.25889625821824,,,cuVSLAM,,
2136,1761213151696,164.25463557243347,-73.26536625623703,-382.56168365478516,0.01670161234611632,0.7576194460553843,-0.26840188921983255,,,cuVSLAM,,
2137,1761213151712,164.2136424779892,-71.83423638343811,-380.6082606315613,0.005827995825686318,0.7564462831779465,-0.2786521860218859,,,cuVSLAM,,
2138,1761213151729,164.28165137767792,-70.09284943342209,-378.62628698349,-0.0060457361065817325,0.7554394810040344,-0.28998895513381184,,,cuVSLAM,,
2139,1761213151746,164.4423007965088,-68.1367963552475,-376.7864406108856,-0.017912521351578264,0.7545877909915183,-0.30034443405113725,,,cuVSLAM,,
2140,1761213151762,164.72797095775604,-65.97860157489777,-375.0646710395813,-0.028643443590084507,0.753899274538623,-0.30737024953017006,,,cuVSLAM,,
2141,1761213151779,164.92708027362823,-63.69733810424805,-373.43141436576843,-0.0391389928045308,0.7532657830818409,-0.3139122303435694,,,cuVSLAM,,
2142,1761213151796,165.1698797941208,-61.46472692489624,-371.92457914352417,-0.05106341548134282,0.7526552010806868,-0.3238518110686596,,,cuVSLAM,,
2143,1761213151812,165.33055901527405,-59.37443673610687,-370.5229461193085,-0.06370263513678225,0.7518916672946833,-0.3351428272687719,,,cuVSLAM,,
2144,1761213151829,165.62794148921967,-56.98666349053383,-369.24681067466736,-0.07582714993927084,0.751068268568367,-0.344886843433409,,,cuVSLAM,,
2145,1761213151845,166.13391041755676,-54.461512714624405,-367.92415380477905,-0.08702052998666228,0.7504354001331387,-0.35227612279479315,,,cuVSLAM,,
2146,1761213151862,166.80081188678741,-51.779285073280334,-366.56835675239563,-0.09661094492973187,0.7499856086075868,-0.3563593843443485,,,cuVSLAM,,
2147,1761213151879,167.50648617744446,-49.03450235724449,-365.401029586792,-0.10558210394663145,0.7494596115020514,-0.3593626359375904,,,cuVSLAM,,
2148,1761213151912,169.3018078804016,-43.83379966020584,-363.07674646377563,-0.12640877846178555,0.748503193839769,-0.3742241295295471,,,cuVSLAM,,
2149,1761213151929,170.4082041978836,-41.37226194143295,-361.9289696216583,-0.13723040954126964,0.7480421335036357,-0.38399712021141813,,,cuVSLAM,,
2150,1761213151946,171.71861231327057,-38.68122026324272,-360.8952462673187,-0.14635068989931355,0.7478487517984663,-0.39044964792058795,,,cuVSLAM,,
2151,1761213151962,173.11809957027435,-35.9470471739769,-359.8203957080841,-0.15375859203143882,0.7478436858141931,-0.3933230790269532,,,cuVSLAM,,
2152,1761213151979,174.6201515197754,-33.044613897800446,-358.78053307533264,-0.1612620644281821,0.7476293449912509,-0.39687707087669016,,,cuVSLAM,,
2153,1761213151996,176.1242002248764,-30.140507966279984,-357.71316289901733,-0.1693070810743131,0.7471781528275575,-0.4016236993679188,,,cuVSLAM,,
2154,1761213152012,177.89192497730255,-26.96762979030609,-356.4988970756531,-0.1778087115324817,0.7465275418998937,-0.4075221236287346,,,cuVSLAM,,
2155,1761213152029,179.4930249452591,-23.802652955055237,-355.46284914016724,-0.18621672764874925,0.7454136127309094,-0.4129489208895904,,,cuVSLAM,,
2156,1761213152045,181.23255670070648,-20.41291445493698,-354.3742895126343,-0.19356523955590185,0.744329486004718,-0.41574248818854875,,,cuVSLAM,,
2157,1761213152062,183.40694904327393,-16.6910570114851,-352.787047624588,-0.199812147078652,0.7438619971013942,-0.41648875219480364,,,cuVSLAM,,
2158,1761213152079,185.0070357322693,-12.895043008029461,-351.86541080474854,-0.2062149368782548,0.7424040643444298,-0.4170953561194671,,,cuVSLAM,,
2159,1761213152096,186.576247215271,-9.057472459971905,-351.0127067565918,-0.21355565291361528,0.7405934083825924,-0.4197541316271448,,,cuVSLAM,,
2160,1761213152112,188.13613057136536,-5.1724873483181,-350.19615292549133,-0.22196565622109912,0.7385027369195308,-0.4246037901686011,,,cuVSLAM,,
2161,1761213152129,189.72158432006836,-1.0157227516174316,-349.51210021972656,-0.22945124351657156,0.7365101181413094,-0.42679604413559247,,,cuVSLAM,,
2162,1761213152146,191.3261115550995,3.3275634050369263,-348.85239601135254,-0.2359078999219528,0.734825567981619,-0.42609268779008086,,,cuVSLAM,,
2163,1761213152162,192.8296685218811,7.67756812274456,-348.3232259750366,-0.2429490102762289,0.732978395512138,-0.4267064150286323,,,cuVSLAM,,
2164,1761213152179,194.41404938697815,12.110862880945206,-347.79882431030273,-0.25080729985928063,0.731175814002932,-0.42892627931520416,,,cuVSLAM,,
2165,1761213152195,196.0485279560089,16.588890925049782,-347.3004102706909,-0.2590619018972507,0.7293524586968144,-0.43191692405542237,,,cuVSLAM,,
2166,1761213152212,197.6144015789032,21.15846984088421,-346.8577563762665,-0.26703047237415833,0.7275044717627467,-0.4344228376156538,,,cuVSLAM,,
2167,1761213152229,199.33855533599854,25.82872100174427,-346.39671444892883,-0.27408886848944003,0.7257626731018997,-0.43555546177421994,,,cuVSLAM,,
2168,1761213152246,201.1532187461853,30.619574710726738,-345.948725938797,-0.2791644811388469,0.7244456172536419,-0.4327810702441583,,,cuVSLAM,,
2169,1761213152262,202.98269391059875,35.526059567928314,-345.6173241138458,-0.28136769359386293,0.7237955886470949,-0.42376075339724545,,,cuVSLAM,,
2170,1761213152279,204.9342691898346,40.45562446117401,-345.3308939933777,-0.28228248013218804,0.7238667169406503,-0.4117946908127323,,,cuVSLAM,,
2171,1761213152295,206.86136186122894,45.262835919857025,-345.0090289115906,-0.2842756346911349,0.7240933376048174,-0.40319979976500814,,,cuVSLAM,,
2172,1761213152312,208.689883351326,49.91921782493591,-344.8083698749542,-0.28711579910404206,0.7241361237344682,-0.39767534894232354,,,cuVSLAM,,
2173,1761213152329,210.50484478473663,54.66378480195999,-344.66734528541565,-0.2881499325190886,0.7247175842472581,-0.38881859516247264,,,cuVSLAM,,
2174,1761213152345,212.22823858261108,59.45533514022827,-344.6725308895111,-0.2871320799431816,0.7256908609862666,-0.3755412586302449,,,cuVSLAM,,
2175,1761213152362,213.86289596557617,64.59000706672668,-344.80348229408264,-0.2842522973369099,0.7271046256573496,-0.35855570487643595,,,cuVSLAM,,
2176,1761213152379,215.17634391784668,69.37757879495621,-344.8082208633423,-0.2828301779618062,0.7278902174471044,-0.34532852407223846,,,cuVSLAM,,
2177,1761213152396,216.42497181892395,74.04547929763794,-344.78816390037537,-0.2833990660900437,0.7278750923219016,-0.337407593914614,,,cuVSLAM,,
2178,1761213152412,217.86081790924072,78.97874712944031,-344.79543566703796,-0.2835889919402676,0.7280433224125727,-0.3288727608971718,,,cuVSLAM,,
2179,1761213152429,219.0271019935608,83.88097584247589,-344.76757049560547,-0.28221425382299264,0.7284088701388862,-0.31681253683844657,,,cuVSLAM,,
2180,1761213152445,219.96429562568665,88.95856887102127,-345.03087401390076,-0.27682091317801466,0.7295965125059478,-0.29577285115083307,,,cuVSLAM,,
2181,1761213152462,220.98185122013092,94.49435025453568,-345.22998332977295,-0.26748800677287304,0.7322380566701626,-0.2661645080279942,,,cuVSLAM,,
2182,1761213152479,221.9962775707245,99.47598725557327,-345.19535303115845,-0.25938556255461653,0.7344806612007512,-0.24067456596546183,,,cuVSLAM,,
2183,1761213152495,222.60123491287231,104.13332283496857,-345.2812433242798,-0.2564115675712298,0.7346634421392862,-0.22915765143625383,,,cuVSLAM,,
2184,1761213152512,223.0726182460785,108.32479596138,-345.08001804351807,-0.25445933436367807,0.7347486178653071,-0.21918262309805558,,,cuVSLAM,,
2185,1761213152529,223.61119091510773,113.07501792907715,-344.87995505332947,-0.24920291806486666,0.7356862705051509,-0.20192789616965687,,,cuVSLAM,,
2186,1761213152546,224.05922412872314,118.10611188411713,-344.6374535560608,-0.24039065759075043,0.7373982981365723,-0.1765815260457559,,,cuVSLAM,,
2187,1761213152562,224.36630725860596,123.49426746368408,-344.28733587265015,-0.2286797600928623,0.7397558831823987,-0.14486311979666486,,,cuVSLAM,,
2188,1761213152579,225.64037144184113,128.1222105026245,-342.95785427093506,-0.2191701614866252,0.7419347390029816,-0.11879087027457082,,,cuVSLAM,,
2189,1761213152595,225.62187910079956,132.01548159122467,-342.23270416259766,-0.21494637584842363,0.7411116301975591,-0.10625586086430194,,,cuVSLAM,,
2190,1761213152612,225.63478350639343,135.79025864601135,-341.3160741329193,-0.21287911640017926,0.7395467793476302,-0.09951406255641883,,,cuVSLAM,,
2191,1761213152629,225.77236592769623,139.89847898483276,-340.29293060302734,-0.20894927136557329,0.7383248471713738,-0.08880669193941367,,,cuVSLAM,,
2192,1761213152645,225.46164691448212,143.58268678188324,-339.4402265548706,-0.20167848405749444,0.737375455855488,-0.06974247036461205,,,cuVSLAM,,
2193,1761213152662,225.26942193508148,147.8196680545807,-338.27468752861023,-0.19138046016929597,0.737445519586443,-0.04445739834887262,,,cuVSLAM,,
2194,1761213152679,224.93703663349152,151.62383019924164,-336.9612991809845,-0.18060022874189804,0.7374065634602017,-0.018523355985909425,,,cuVSLAM,,
2195,1761213152695,224.6878445148468,154.5216590166092,-335.3845477104187,-0.1736281041010473,0.736150927313054,-0.003532846516647118,,,cuVSLAM,,
2196,1761213152712,224.2518663406372,157.11919963359833,-333.70712399482727,-0.17065653211498832,0.7335646321563702,0.0006467203159569706,,,cuVSLAM,,
2197,1761213152729,223.76930713653564,159.72058475017548,-331.92893862724304,-0.1670787782853689,0.7308859299489722,0.005760107165068097,,,cuVSLAM,,
2198,1761213152745,223.19747507572174,162.60477900505066,-330.14556765556335,-0.16054431140285128,0.728624896940415,0.018370492000303003,,,cuVSLAM,,
2199,1761213152762,222.48952090740204,165.54449498653412,-328.1588554382324,-0.15206795579260057,0.7268365759893297,0.03607014568516651,,,cuVSLAM,,
2200,1761213152779,221.82074189186096,168.5498058795929,-326.11289620399475,-0.14306397124612835,0.7250965292410931,0.05478499977748932,,,cuVSLAM,,
2201,1761213152795,221.07155621051788,171.03739082813263,-324.01180267333984,-0.13404142845012657,0.7230659259365254,0.07280637311917888,,,cuVSLAM,,
2202,1761213152812,220.3671932220459,172.97345399856567,-321.5802013874054,-0.12601190292549483,0.7208320252878709,0.08755281869818807,,,cuVSLAM,,
2203,1761213152829,219.6526676416397,174.87266659736633,-319.2519247531891,-0.11908886692375802,0.718040727387963,0.09874793114615067,,,cuVSLAM,,
2204,1761213152845,219.0304696559906,176.6641139984131,-316.7116641998291,-0.11197601424379723,0.7155350132700947,0.11044149364571273,,,cuVSLAM,,
2205,1761213152862,218.21792423725128,178.5292625427246,-314.2684996128082,-0.10305442113589652,0.7133211075644682,0.12657075239837665,,,cuVSLAM,,
2206,1761213152879,217.32766926288605,180.32404780387878,-311.7239773273468,-0.09196021275730583,0.7114721977172624,0.14799009760824325,,,cuVSLAM,,
2207,1761213152895,216.38989448547363,182.12690949440002,-309.12142992019653,-0.0793645138109044,0.7096940108459365,0.1728080235805421,,,cuVSLAM,,
2208,1761213152912,215.48809111118317,183.4220290184021,-306.4045310020447,-0.06668209943973993,0.707737267439275,0.1974066645116888,,,cuVSLAM,,
2209,1761213152929,214.81385827064514,184.3934953212738,-303.5985231399536,-0.05615154585625142,0.705326805153389,0.21540636931618545,,,cuVSLAM,,
2210,1761213152945,213.97610008716583,184.8909705877304,-300.86326599121094,-0.04783671452367924,0.7023368933249915,0.2273632174749654,,,cuVSLAM,,
2211,1761213152962,213.44415843486786,185.1927787065506,-298.001229763031,-0.03948540965780975,0.6994470807026777,0.23949545685403262,,,cuVSLAM,,
2212,1761213152979,212.61565387248993,185.76137721538544,-295.25279998779297,-0.02957566865252967,0.6964158835759442,0.25529743646533753,,,cuVSLAM,,
2213,1761213152996,211.66197955608368,186.05798482894897,-292.49975085258484,-0.018492992698193444,0.6931508508196373,0.2742654126631448,,,cuVSLAM,,
2214,1761213153012,210.68908274173737,186.0325038433075,-289.7096872329712,-0.007419392598818161,0.6896910122880077,0.2931371356827573,,,cuVSLAM,,
2215,1761213153029,209.90008115768433,185.39537489414215,-287.1106266975403,0.0023856213837527788,0.6858701050421707,0.30768406569275664,,,cuVSLAM,,
2216,1761213153045,209.18914675712585,184.44836139678955,-284.38806533813477,0.010591599378720203,0.6821057718098663,0.3166891462348814,,,cuVSLAM,,
2217,1761213153062,208.515003323555,183.1364631652832,-281.8950116634369,0.017719071032383973,0.6783280418704314,0.3216173333430469,,,cuVSLAM,,
2218,1761213153079,207.91040360927582,181.56903982162476,-279.5831263065338,0.02530325941152832,0.6748261776201042,0.32685497574672406,,,cuVSLAM,,
2219,1761213153096,207.37150311470032,179.96224761009216,-277.3568630218506,0.034283785755441415,0.671700836303258,0.33510765038588497,,,cuVSLAM,,
2220,1761213153112,206.96376264095306,178.18310856819153,-275.17253160476685,0.04425942613184838,0.6689014481822443,0.3455464112783491,,,cuVSLAM,,
2221,1761213153129,206.6972404718399,176.0101616382599,-273.09784293174744,0.05435509746184459,0.6661998333776092,0.3553882276434091,,,cuVSLAM,,
2222,1761213153145,206.59935474395752,173.3536273241043,-271.2845504283905,0.06320522869147449,0.6635501355508859,0.36103797074314786,,,cuVSLAM,,
2223,1761213153162,206.5381556749344,170.37978768348694,-269.5845365524292,0.07043163836453865,0.6610804804957688,0.36160287955047965,,,cuVSLAM,,
2224,1761213153179,206.6192924976349,167.28971898555756,-267.96838641166687,0.0777172322751823,0.6589577496440865,0.3618421794444104,,,cuVSLAM,,
2225,1761213153195,206.69446885585785,164.13575410842896,-266.57965779304504,0.08682642229436838,0.6568931223890755,0.36677605245667844,,,cuVSLAM,,
2226,1761213153212,206.56216144561768,160.93213856220245,-265.3317153453827,0.09685654618119509,0.6548313722521553,0.3744170813551784,,,cuVSLAM,,
2227,1761213153246,206.8111151456833,154.10280227661133,-263.0121111869812,0.11418002195082072,0.6509274618280301,0.3827403004568018,,,cuVSLAM,,
2228,1761213153262,207.09343254566193,150.4068374633789,-261.9432806968689,0.12124636949159841,0.6489402703642512,0.3828307791387618,,,cuVSLAM,,
2229,1761213153279,207.34860002994537,146.7812955379486,-261.07263565063477,0.1283079201371869,0.6469140884709104,0.38347887950507575,,,cuVSLAM,,
2230,1761213153295,207.6093703508377,143.05639266967773,-260.3263556957245,0.1358434778612996,0.6450724999472729,0.38546195851520787,,,cuVSLAM,,
2231,1761213153312,207.87669718265533,139.13533091545105,-259.6789002418518,0.14324404854211611,0.643554032562796,0.3870238592926936,,,cuVSLAM,,
2232,1761213153329,208.25405418872833,135.01301407814026,-259.24956798553467,0.1495844880027611,0.6423392300573317,0.3856260253186239,,,cuVSLAM,,
2233,1761213153345,208.7826132774353,130.7319700717926,-258.8421702384949,0.1550648151461725,0.6414605589131036,0.3818808336701603,,,cuVSLAM,,
2234,1761213153362,209.32529866695404,126.45232677459717,-258.5507333278656,0.16032892857849135,0.6408002958984897,0.37762351277239714,,,cuVSLAM,,
2235,1761213153379,209.89054441452026,121.86864018440247,-258.41575860977173,0.16521327687852325,0.6401764626671652,0.37231833685838245,,,cuVSLAM,,
2236,1761213153396,210.47605574131012,117.17861145734787,-258.337140083313,0.16987613158512524,0.6396589372278016,0.3664893891745921,,,cuVSLAM,,
2237,1761213153412,211.00899577140808,112.38780617713928,-258.312851190567,0.17504237325379354,0.6390968615882389,0.3616735458088529,,,cuVSLAM,,
2238,1761213153429,211.57203614711761,107.40748047828674,-258.43340158462524,0.17982218757217316,0.6386490363289955,0.3556288207008074,,,cuVSLAM,,
2239,1761213153445,212.21205592155457,102.20780968666077,-258.567750453949,0.18328349146285217,0.6386041935199878,0.346006317244888,,,cuVSLAM,,
2240,1761213153462,212.82248198986053,96.92689031362534,-258.98873805999756,0.185836350282452,0.6385325752512263,0.33409608952673464,,,cuVSLAM,,
2241,1761213153479,213.2798433303833,91.74586087465286,-259.4633102416992,0.1884358736911298,0.638463995191529,0.3227315594393667,,,cuVSLAM,,
2242,1761213153495,213.65125477313995,86.47659420967102,-259.9813938140869,0.19169642020955655,0.6383468734679439,0.31379897308147764,,,cuVSLAM,,
2243,1761213153512,213.91986310482025,81.33473247289658,-260.67429780960083,0.19545995108891306,0.6381402013963727,0.30671965071498786,,,cuVSLAM,,
2244,1761213153529,214.3268585205078,76.10679417848587,-261.25213503837585,0.19819266914079256,0.6384524889349468,0.296958114152873,,,cuVSLAM,,
2245,1761213153545,214.6419733762741,70.70589065551758,-262.2038424015045,0.1989939804118612,0.63907812821862,0.28225994094793655,,,cuVSLAM,,
2246,1761213153562,214.7868424654007,65.40773808956146,-263.18809390068054,0.19838663976072904,0.6400678589713286,0.2643953064637365,,,cuVSLAM,,
2247,1761213153579,214.94077146053314,60.360632836818695,-264.2021179199219,0.19830816315356653,0.6408943701688691,0.24887210801312762,,,cuVSLAM,,
2248,1761213153595,215.03472328186035,55.5528849363327,-265.12327790260315,0.19974048938699068,0.6414696900939056,0.2384760062939486,,,cuVSLAM,,
2249,1761213153612,215.1041477918625,50.732895731925964,-266.052782535553,0.2010762908693734,0.6420816159851079,0.2286517362206116,,,cuVSLAM,,
2250,1761213153629,215.2668833732605,45.81119120121002,-267.09243655204773,0.20066504815280306,0.6431755461973918,0.21507303163538968,,,cuVSLAM,,
2251,1761213153645,215.40352702140808,41.1556214094162,-267.9840922355652,0.19831094437319674,0.644963657968731,0.19691490882860851,,,cuVSLAM,,
2252,1761213153662,215.51553905010223,36.54223680496216,-269.0313458442688,0.19538675349722592,0.6467499872657668,0.17867035567784348,,,cuVSLAM,,
2253,1761213153679,215.56557714939117,32.62917697429657,-270.02981305122375,0.1931395965356317,0.6483166266876624,0.16341145910604435,,,cuVSLAM,,
2254,1761213153695,215.60487151145935,28.52243185043335,-271.06136083602905,0.19183259534931263,0.6497171435926441,0.15139849538179712,,,cuVSLAM,,
2255,1761213153712,215.59076011180878,24.612054228782654,-271.92172408103943,0.1904602949024245,0.651408248979746,0.13983018668834118,,,cuVSLAM,,
2256,1761213153729,216.09240770339966,20.306576043367386,-272.86362648010254,0.18837107062888395,0.6537060306320485,0.12931095921401914,,,cuVSLAM,,
2257,1761213153745,216.28083288669586,16.559693962335587,-273.95737171173096,0.18637811381182437,0.6560318896854413,0.11773015956819811,,,cuVSLAM,,
2258,1761213153762,216.50062501430511,12.732056900858879,-275.06014704704285,0.18322412299220953,0.6588846905759861,0.1036261972814408,,,cuVSLAM,,
2259,1761213153779,216.74774587154388,8.954892866313457,-276.1123478412628,0.17923974921474517,0.662138314763709,0.0877020533579198,,,cuVSLAM,,
2260,1761213153795,216.92033112049103,5.376630462706089,-277.1197259426117,0.17475972172813886,0.6653520534430434,0.07097877790543666,,,cuVSLAM,,
2261,1761213153812,217.00334548950195,1.7949752509593964,-278.0323326587677,0.17069293326779783,0.6682077075037983,0.05581819260727192,,,cuVSLAM,,
2262,1761213153829,216.95365011692047,-1.790488138794899,-278.85812520980835,0.1670869742006612,0.6705915572680562,0.04235271155162778,,,cuVSLAM,,
2263,1761213153845,216.6973352432251,-5.395298823714256,-279.682457447052,0.16351756911641133,0.6724737248365098,0.02859437083658369,,,cuVSLAM,,
2264,1761213153862,216.23440086841583,-9.285802021622658,-280.28231859207153,0.15921527566350585,0.6742321130254362,0.01257984926860245,,,cuVSLAM,,
2265,1761213153879,215.5350148677826,-13.373326510190964,-280.88515996932983,0.1540021722500003,0.675663514487647,-0.006185736533968514,,,cuVSLAM,,
2266,1761213153895,214.67594802379608,-17.224058508872986,-281.2762260437012,0.14842487028776818,0.6768340399180771,-0.026070019661283805,,,cuVSLAM,,
2267,1761213153912,213.74115347862244,-20.97034454345703,-281.56083822250366,0.14396846137364747,0.6773552668080164,-0.04225625260950437,,,cuVSLAM,,
2268,1761213153929,212.58875727653503,-24.474870413541794,-281.70567750930786,0.14098609747833543,0.6771447967420464,-0.05421139635504187,,,cuVSLAM,,
2269,1761213153945,211.272731423378,-28.210483491420746,-281.6292941570282,0.13745270475724256,0.6767438777982587,-0.06753393209204497,,,cuVSLAM,,
2270,1761213153962,209.7812294960022,-32.152071595191956,-281.4563512802124,0.13281503797633468,0.6762351867827237,-0.08420583248295949,,,cuVSLAM,,
2271,1761213153979,208.0770581960678,-36.08112782239914,-281.16413950920105,0.12756477412620337,0.6755696325967417,-0.10301970015632142,,,cuVSLAM,,
2272,1761213153995,206.41234517097473,-40.05219414830208,-280.618280172348,0.12123534124237108,0.6749889034501387,-0.12436517282733853,,,cuVSLAM,,
2273,1761213154012,204.5293152332306,-43.54109987616539,-280.1927328109741,0.1155286010946184,0.6737158338101894,-0.14427289111353428,,,cuVSLAM,,
2274,1761213154029,202.5836706161499,-47.306690365076065,-279.5925736427307,0.11174760587902795,0.6721072678418811,-0.1583467312640633,,,cuVSLAM,,
2275,1761213154045,200.667142868042,-50.85611715912819,-278.7448465824127,0.10867066556833987,0.6705012987800733,-0.1705292951989774,,,cuVSLAM,,
2276,1761213154062,198.64967465400696,-54.414454847574234,-277.9863178730011,0.10483576557165396,0.6690093213144545,-0.18474006344714486,,,cuVSLAM,,
2277,1761213154079,196.5128481388092,-57.93290212750435,-277.0856022834778,0.10029182632982463,0.6677319558102169,-0.20083422627545108,,,cuVSLAM,,
2278,1761213154095,194.43728029727936,-61.558227986097336,-276.0607898235321,0.0948420630351938,0.6666603929984753,-0.21902593538087628,,,cuVSLAM,,
2279,1761213154129,190.2003288269043,-68.143829703331,-274.07458424568176,0.08289101248455416,0.6639053744945325,-0.25593792325183645,,,cuVSLAM,,
2280,1761213154145,188.34704160690308,-70.63782215118408,-272.85557985305786,0.07856704965641362,0.6624680196860785,-0.2691726599078712,,,cuVSLAM,,
2281,1761213154162,186.47421896457672,-73.18806648254395,-271.8074321746826,0.07410075612298651,0.6609426528031389,-0.28175222102692143,,,cuVSLAM,,
2282,1761213154179,184.41343307495117,-75.83937048912048,-270.7190811634064,0.06837739324396287,0.6595941945379761,-0.29687602642359995,,,cuVSLAM,,
2283,1761213154195,182.39110708236694,-78.10923457145691,-269.47277784347534,0.060972395505216874,0.6584323539287347,-0.3157758114848446,,,cuVSLAM,,
2284,1761213154212,180.189311504364,-80.5746465921402,-268.27266812324524,0.05222051069346467,0.6569252718109201,-0.336875566040525,,,cuVSLAM,,
2285,1761213154229,178.62972617149353,-82.34427869319916,-266.9104337692261,0.043214793369812037,0.6551310319529353,-0.3566581313236972,,,cuVSLAM,,
2286,1761213154245,176.64504051208496,-83.45717191696167,-265.50471782684326,0.03561671297669876,0.6527101217712822,-0.3716676424913053,,,cuVSLAM,,
2287,1761213154262,174.89267885684967,-84.75016057491302,-264.07361030578613,0.028319301826754135,0.6502836292844852,-0.38440699145108487,,,cuVSLAM,,
2288,1761213154279,172.7992743253708,-85.94222366809845,-262.7009451389313,0.01990385405646877,0.6478323799415319,-0.39906305025798444,,,cuVSLAM,,
2289,1761213154295,170.67857086658478,-86.88376843929291,-261.34857535362244,0.010863535486733071,0.6453465484350085,-0.4149157223626732,,,cuVSLAM,,
2290,1761213154312,168.4660166501999,-87.77054399251938,-260.06633043289185,0.0010060314668012998,0.6426475711339134,-0.43183134442117516,,,cuVSLAM,,
2291,1761213154329,166.54321551322937,-88.12612295150757,-258.55007767677307,-0.00959903307995284,0.6400103673906153,-0.4491703257668476,,,cuVSLAM,,
2292,1761213154345,164.7176593542099,-88.10297399759293,-257.06055760383606,-0.019278370633009474,0.6371526594907075,-0.46217114776107837,,,cuVSLAM,,
2293,1761213154362,162.8018617630005,-87.90023624897003,-255.60715794563293,-0.028427673944844443,0.6341718792423708,-0.47282167614789855,,,cuVSLAM,,
2294,1761213154379,160.6844663619995,-87.7634733915329,-254.10982966423035,-0.03832174030032293,0.6309690593864873,-0.48580397879188486,,,cuVSLAM,,
2295,1761213154395,158.53789448738098,-87.49166876077652,-252.55951285362244,-0.048376497376173465,0.627504283900454,-0.5004251554950215,,,cuVSLAM,,
2296,1761213154412,156.30975365638733,-87.28427439928055,-251.06772780418396,-0.057727894917742745,0.6236115651967793,-0.513896269366415,,,cuVSLAM,,
2297,1761213154429,154.429093003273,-86.6963341832161,-249.54639375209808,-0.06639214017734327,0.6196759862770354,-0.5257706638059844,,,cuVSLAM,,
2298,1761213154446,152.6331752538681,-85.8868658542633,-247.95496463775635,-0.07425871506253563,0.6159393108099617,-0.5353428809788923,,,cuVSLAM,,
2299,1761213154462,150.89353919029236,-85.10270714759827,-246.33748829364777,-0.08142005969757572,0.6124688068244915,-0.5423447170848473,,,cuVSLAM,,
2300,1761213154479,149.20033514499664,-84.07028764486313,-244.7042316198349,-0.08851386501260172,0.6091700295431881,-0.5494947899315296,,,cuVSLAM,,
2301,1761213154495,147.57242798805237,-83.03075283765793,-243.11214685440063,-0.0962378039664639,0.6058462533439527,-0.5592561788458602,,,cuVSLAM,,
2302,1761213154512,145.9963321685791,-82.01278746128082,-241.3434088230133,-0.10448651339481276,0.6024662209582695,-0.5710305918680005,,,cuVSLAM,,
2303,1761213154529,144.59878206253052,-80.75336366891861,-239.43352699279785,-0.11249956228262965,0.5990754447489396,-0.5822686532208259,,,cuVSLAM,,
2304,1761213154545,143.76527070999146,-78.9531022310257,-237.57554590702057,-0.11902634723351709,0.5958349370260263,-0.5886341380080444,,,cuVSLAM,,
2305,1761213154562,142.91605353355408,-77.03734934329987,-235.81384122371674,-0.12350944526639625,0.5929341846703595,-0.588131881327675,,,cuVSLAM,,
2306,1761213154579,142.20115542411804,-74.86218959093094,-234.03653502464294,-0.1282748551011762,0.5903504927702248,-0.5875142641968967,,,cuVSLAM,,
2307,1761213154595,141.545832157135,-72.6366639137268,-232.21471905708313,-0.13458520216840905,0.5877997889586237,-0.5907749780600225,,,cuVSLAM,,
2308,1761213154612,140.91140031814575,-70.19928097724915,-230.53143918514252,-0.14255398945905326,0.5848979549777943,-0.5982663907489177,,,cuVSLAM,,
2309,1761213154629,140.40324091911316,-67.58909672498703,-228.6289483308792,-0.15108567174417079,0.5820301388140581,-0.6063567439401257,,,cuVSLAM,,
2310,1761213154645,140.1894986629486,-64.5720511674881,-226.7608493566513,-0.15878795279335822,0.5793843847110807,-0.6109180085143299,,,cuVSLAM,,
2311,1761213154662,140.219047665596,-61.26131862401962,-225.0978648662567,-0.16557735598301215,0.5768330555809458,-0.611746803848933,,,cuVSLAM,,
2312,1761213154679,140.28748869895935,-57.66090378165245,-223.32456707954407,-0.17257146302683785,0.574499392854498,-0.6118378602985481,,,cuVSLAM,,
2313,1761213154695,140.27920365333557,-53.932882845401764,-221.706360578537,-0.1800570663203572,0.5719650490530441,-0.6128169231783539,,,cuVSLAM,,
2314,1761213154712,140.39435982704163,-50.07513612508774,-220.01582384109497,-0.18856318015453888,0.5694359631833202,-0.6159052145670968,,,cuVSLAM,,
2315,1761213154729,140.68526029586792,-45.76997458934784,-218.4913158416748,-0.19718419055028039,0.5668474462710418,-0.6184089678483197,,,cuVSLAM,,
2316,1761213154745,141.1105990409851,-41.16654768586159,-216.95730090141296,-0.2046170114613122,0.5646336659084656,-0.6162090967770665,,,cuVSLAM,,
2317,1761213154762,141.52204990386963,-36.23088076710701,-215.5580371618271,-0.210699723944314,0.5623728101721909,-0.609290064459277,,,cuVSLAM,,
2318,1761213154779,141.83013141155243,-30.995361506938934,-214.0275537967682,-0.2166160518495551,0.5598889143114926,-0.6016409744994612,,,cuVSLAM,,
2319,1761213154795,141.96781814098358,-25.7185697555542,-212.63247728347778,-0.22319932125545336,0.5566672971814929,-0.5967666706763013,,,cuVSLAM,,
2320,1761213154812,141.87027513980865,-20.421549677848816,-211.19308471679688,-0.22986675403854884,0.5532097514241932,-0.5926281625026836,,,cuVSLAM,,
2321,1761213154829,141.8992578983307,-14.88380879163742,-209.74722504615784,-0.23581380646462793,0.5497895733247876,-0.5867418530324232,,,cuVSLAM,,
2322,1761213154845,141.8868601322174,-9.08755511045456,-208.46673846244812,-0.24074540091541344,0.5464421137310086,-0.5778287216842082,,,cuVSLAM,,
2323,1761213154862,142.06373691558838,-2.9894933104515076,-207.31429755687714,-0.24436982344417024,0.543470661332569,-0.5647576612089046,,,cuVSLAM,,
2324,1761213154879,142.0888900756836,3.255695104598999,-206.199049949646,-0.24644430123365227,0.5409476675422289,-0.5468402997207785,,,cuVSLAM,,
2325,1761213154895,142.3119157552719,9.443715214729309,-205.20274341106415,-0.24781935800610524,0.538736012957139,-0.5282033962525214,,,cuVSLAM,,
2326,1761213154912,142.28609204292297,15.299834311008453,-204.36982810497284,-0.2503093527664496,0.5361838125059567,-0.5149292896738917,,,cuVSLAM,,
2327,1761213154929,142.20282435417175,21.10496163368225,-203.51053774356842,-0.2531771531255446,0.533865392479076,-0.5043086253802982,,,cuVSLAM,,
2328,1761213154945,142.24456250667572,27.048446238040924,-202.80912518501282,-0.255053844578912,0.5321298636985119,-0.490974041568028,,,cuVSLAM,,
2329,1761213154962,142.1891152858734,32.96118974685669,-202.1721452474594,-0.25474981149717074,0.5312091517415214,-0.47149570196612217,,,cuVSLAM,,
2330,1761213154979,142.21082627773285,39.16265815496445,-201.7219364643097,-0.251567395227397,0.5312795504287026,-0.4430578346486712,,,cuVSLAM,,
2331,1761213154995,142.79034733772278,45.19016295671463,-201.14821195602417,-0.24803304797244374,0.5319646982511094,-0.41525778258883533,,,cuVSLAM,,
2332,1761213155012,143.07314157485962,50.50656944513321,-200.86464285850525,-0.24777069076904584,0.5309744426839352,-0.4015500904361806,,,cuVSLAM,,
2333,1761213155029,142.99188554286957,55.3792342543602,-200.426384806633,-0.24861555912035663,0.5296531659340347,-0.3930378766227981,,,cuVSLAM,,
2334,1761213155045,143.035426735878,60.36726385354996,-199.9487727880478,-0.2478175633147518,0.5291528831173364,-0.3794689685781589,,,cuVSLAM,,
2335,1761213155062,143.0194079875946,65.50475209951401,-199.8034566640854,-0.24495793961780105,0.5291321698167641,-0.35956242610163425,,,cuVSLAM,,
2336,1761213155079,143.10601353645325,70.59334963560104,-199.61445033550262,-0.24000746427962164,0.5298388981771611,-0.3336855146078083,,,cuVSLAM,,
2337,1761213155095,143.5379683971405,75.97983628511429,-199.32377338409424,-0.2337699007961623,0.5312612703675091,-0.30552091486856864,,,cuVSLAM,,
2338,1761213155112,144.33839917182922,79.49688285589218,-197.3000168800354,-0.23039627062000598,0.5326758336178401,-0.28771200388610907,,,cuVSLAM,,
2339,1761213155129,144.51709389686584,83.4365114569664,-196.78157567977905,-0.22958172428098028,0.5316183458909378,-0.28148653843671706,,,cuVSLAM,,
2340,1761213155145,144.6555107831955,87.14824914932251,-196.43403589725494,-0.22800935279390788,0.5305489975314146,-0.2734055405179697,,,cuVSLAM,,
2341,1761213155162,144.9301689863205,90.94274789094925,-195.99151611328125,-0.2244349639252548,0.5300182985445049,-0.26017240221460697,,,cuVSLAM,,
2342,1761213155179,145.2772468328476,94.65751051902771,-195.59285044670105,-0.21874810308525744,0.5298420894523442,-0.24171210566255738,,,cuVSLAM,,
2343,1761213155195,145.43133974075317,98.22186082601547,-195.06414234638214,-0.21121768353199863,0.5302553507807379,-0.2188557049816624,,,cuVSLAM,,
2344,1761213155212,145.47014236450195,101.026751101017,-194.4335699081421,-0.20453559653184347,0.5300947824867267,-0.20015902439647568,,,cuVSLAM,,
2345,1761213155229,145.55343985557556,103.5585105419159,-193.6478614807129,-0.20054830904755838,0.529000282726788,-0.19188593001928878,,,cuVSLAM,,
2346,1761213155245,145.68133652210236,105.81734031438828,-192.9798573255539,-0.19729905769501774,0.5274938458685541,-0.18644703873074714,,,cuVSLAM,,
2347,1761213155262,145.76642215251923,107.99063742160797,-192.3457235097885,-0.1929279081756258,0.5261608880804949,-0.17721210646163033,,,cuVSLAM,,
2348,1761213155279,145.9299772977829,110.27498543262482,-191.6576474905014,-0.1871649186357547,0.5251576385982114,-0.1637088661109812,,,cuVSLAM,,
2349,1761213155295,146.16680145263672,112.51358687877655,-191.0780817270279,-0.18063951793693891,0.524094642054401,-0.14830831839586814,,,cuVSLAM,,
2350,1761213155312,146.3240683078766,114.14864659309387,-190.49330055713654,-0.17483572276324516,0.5226857173446943,-0.13640013114853133,,,cuVSLAM,,
2351,1761213155329,146.5919017791748,115.40917307138443,-189.75135684013367,-0.17081608358213915,0.5208981645677613,-0.13137154535539772,,,cuVSLAM,,
2352,1761213155345,147.03312516212463,116.5408194065094,-189.07514214515686,-0.1674784964467755,0.5189696169913182,-0.12832293239614456,,,cuVSLAM,,
2353,1761213155362,147.68539369106293,117.8249791264534,-188.275545835495,-0.16426465249143565,0.5171176424971708,-0.124889590532663,,,cuVSLAM,,
2354,1761213155379,148.40900897979736,118.94504725933075,-187.60792911052704,-0.16047262266407006,0.5151969069452836,-0.11876064951970954,,,cuVSLAM,,
2355,1761213155395,149.28589761257172,120.02718448638916,-186.96588277816772,-0.15601109559277984,0.5133464325414178,-0.11096851565479629,,,cuVSLAM,,
2356,1761213155412,150.2295583486557,120.70098519325256,-186.27530336380005,-0.15163755020196393,0.5115068131603686,-0.10432428341742483,,,cuVSLAM,,
2357,1761213155429,151.29360556602478,121.30174785852432,-185.5824738740921,-0.14806235625355219,0.5095233933930994,-0.100991388157651,,,cuVSLAM,,
2358,1761213155445,152.600035071373,121.81295454502106,-184.95382368564606,-0.14533668734372862,0.5071024109907457,-0.10061447258559941,,,cuVSLAM,,
2359,1761213155462,153.89986336231232,121.90860509872437,-184.2373162508011,-0.14354130501682663,0.5040143370632462,-0.10290758635512187,,,cuVSLAM,,
2360,1761213155479,155.2264541387558,122.04819917678833,-183.39435756206512,-0.14134642845194698,0.5005391956012271,-0.10345102209538926,,,cuVSLAM,,
2361,1761213155495,156.69701993465424,122.28971719741821,-182.75436758995056,-0.13761953044365635,0.4968935235377141,-0.09871338908825855,,,cuVSLAM,,
2362,1761213155512,158.2605540752411,122.46694415807724,-182.04885721206665,-0.1338826044057342,0.4930526432722838,-0.09425288302331446,,,cuVSLAM,,
2363,1761213155529,159.79023277759552,122.29901552200317,-181.31132423877716,-0.13070583595033086,0.48880076031630787,-0.09170792100287177,,,cuVSLAM,,
2364,1761213155545,161.34288907051086,122.05466628074646,-180.74889481067657,-0.12818181878702928,0.4837970577880944,-0.09083343653128971,,,cuVSLAM,,
2365,1761213155562,162.83485293388367,121.62402272224426,-180.0445318222046,-0.12687659377058208,0.47814736792713297,-0.09380537023797667,,,cuVSLAM,,
2366,1761213155579,164.25122320652008,121.10227346420288,-179.3283224105835,-0.12565743165940038,0.47198923377003027,-0.09632810841653171,,,cuVSLAM,,
2367,1761213155595,165.84324836730957,120.91843783855438,-178.69454622268677,-0.12330930047865163,0.46583448341560074,-0.0944414166493225,,,cuVSLAM,,
2368,1761213155612,167.3569530248642,120.75186520814896,-178.2831847667694,-0.11949918659995282,0.45968204670035,-0.0868702256087519,,,cuVSLAM,,
2369,1761213155629,168.92245411872864,120.7321435213089,-177.86574363708496,-0.11553163306082788,0.45358144960769997,-0.07851451998611801,,,cuVSLAM,,
2370,1761213155645,170.4440861940384,120.0786679983139,-177.2339642047882,-0.11314863710708649,0.44702833470147735,-0.07636409970186811,,,cuVSLAM,,
2371,1761213155662,171.9691902399063,119.31873857975006,-176.79131031036377,-0.11209883173509973,0.44001867601858635,-0.08021664244874106,,,cuVSLAM,,
2372,1761213155679,173.4413355588913,118.50601434707642,-176.36346817016602,-0.1110508451826451,0.4330527706484689,-0.08418280947249611,,,cuVSLAM,,
2373,1761213155695,174.99886453151703,117.84525215625763,-175.8681833744049,-0.10926831567183043,0.4266225023227212,-0.08476252456785298,,,cuVSLAM,,
2374,1761213155712,176.47770047187805,117.31358617544174,-175.40279030799866,-0.10670571604905191,0.4201908257785408,-0.08152277890677602,,,cuVSLAM,,
2375,1761213155729,177.78530716896057,116.72399938106537,-174.7041940689087,-0.10401633619137006,0.41349260395053344,-0.07708005418161278,,,cuVSLAM,,
2376,1761213155745,178.9962649345398,116.29387736320496,-173.95271360874176,-0.10228120397274998,0.4062509524296928,-0.07630079378793879,,,cuVSLAM,,
2377,1761213155762,180.1067739725113,115.62512069940567,-173.27257990837097,-0.10117809006299587,0.39869097880175364,-0.07758846110374806,,,cuVSLAM,,
2378,1761213155779,181.01990222930908,115.03790318965912,-172.36648499965668,-0.09985430561743852,0.39124526184263136,-0.07762825297571938,,,cuVSLAM,,
2379,1761213155795,181.90285563468933,114.51944708824158,-171.35417461395264,-0.09835886395241339,0.3836322555791635,-0.07709170924472164,,,cuVSLAM,,
2380,1761213155812,182.5452744960785,113.87625336647034,-170.03720998764038,-0.09741081391480703,0.3757713051773975,-0.07855672357231594,,,cuVSLAM,,
2381,1761213155829,183.05900692939758,113.31339925527573,-168.6161309480667,-0.09683065772248436,0.3675872797331256,-0.08129573634465247,,,cuVSLAM,,
2382,1761213155845,183.4230124950409,112.97948658466339,-166.9648289680481,-0.09598704472574217,0.3593385080895814,-0.08216209022227985,,,cuVSLAM,,
2383,1761213155862,183.56844782829285,112.63580620288849,-164.968803524971,-0.09532652554514458,0.3510584928931332,-0.08299110305475098,,,cuVSLAM,,
2384,1761213155879,183.3711862564087,112.29938268661499,-162.90269792079926,-0.09464671740244432,0.342232374899788,-0.08378608890561783,,,cuVSLAM,,
2385,1761213155895,182.86378681659698,112.00743913650513,-160.93355417251587,-0.0941782980528357,0.33277326333121093,-0.08500187171937824,,,cuVSLAM,,
2386,1761213155912,182.200625538826,111.75592988729477,-158.7638258934021,-0.09446765290295658,0.32298487186621844,-0.08956849897611038,,,cuVSLAM,,
2387,1761213155945,180.3816258907318,111.227385699749,-154.07857298851013,-0.09483977083125089,0.30386757304074363,-0.09662038972072998,,,cuVSLAM,,
2388,1761213155962,179.23274636268616,111.08703911304474,-151.4257788658142,-0.09422978335872094,0.2943528976157091,-0.09879706396474522,,,cuVSLAM,,
2389,1761213155979,177.86267399787903,110.85003614425659,-148.745596408844,-0.09297386252652383,0.2844880737554314,-0.09908321303099332,,,cuVSLAM,,
2390,1761213155995,176.30688846111298,110.5743944644928,-145.97269892692566,-0.09156213160315625,0.2745722466906776,-0.0987664876121256,,,cuVSLAM,,
2391,1761213156012,174.8359352350235,110.34861207008362,-143.17262172698975,-0.09047362083819423,0.26487050533708056,-0.10060876147251295,,,cuVSLAM,,
2392,1761213156029,173.37307333946228,110.00217497348785,-140.35412669181824,-0.08909956330033192,0.2558785010733767,-0.10084200078066037,,,cuVSLAM,,
2393,1761213156045,171.91296815872192,109.78908836841583,-137.55743205547333,-0.08700278955266731,0.24751734107455475,-0.09723212978816917,,,cuVSLAM,,
2394,1761213156062,170.378640294075,109.42348837852478,-134.9037140607834,-0.08470450076805552,0.23913091913605422,-0.09421916623462082,,,cuVSLAM,,
2395,1761213156079,168.81228983402252,108.8445782661438,-132.39237666130066,-0.08249183671302934,0.23059768109525655,-0.09447902293113035,,,cuVSLAM,,
2396,1761213156095,167.32192039489746,108.19968581199646,-129.87838685512543,-0.08000916744722178,0.22255709879802102,-0.09527636642828498,,,cuVSLAM,,
2397,1761213156112,165.9369021654129,107.47330635786057,-127.6722252368927,-0.07726610251117617,0.21494822103194214,-0.0957376364187713,,,cuVSLAM,,
2398,1761213156129,164.6946668624878,106.70816153287888,-125.58698654174805,-0.07419890577260799,0.20812268144469076,-0.09474355501483575,,,cuVSLAM,,
2399,1761213156145,163.54182362556458,105.76490312814713,-123.75874072313309,-0.07087720264559787,0.2018288691584045,-0.09185447306979526,,,cuVSLAM,,
2400,1761213156162,162.53630816936493,104.6927198767662,-122.12090939283371,-0.06742247302724333,0.19583248676421258,-0.08929816436932204,,,cuVSLAM,,
2401,1761213156179,161.68680787086487,103.60600054264069,-120.46507745981216,-0.06363733858367983,0.1904631055562072,-0.08694138569324089,,,cuVSLAM,,
2402,1761213156195,160.75168550014496,102.27839648723602,-119.09394711256027,-0.059623620444198056,0.18525079981931805,-0.08471563221750472,,,cuVSLAM,,
2403,1761213156212,159.79696810245514,100.8080318570137,-118.05839091539383,-0.05588509362272275,0.18013472227039912,-0.08520690817339563,,,cuVSLAM,,
2404,1761213156229,158.93787145614624,99.25398230552673,-117.53261089324951,-0.052269948670894364,0.17520966455600462,-0.08642967477355003,,,cuVSLAM,,
2405,1761213156245,158.13204646110535,97.78867661952972,-116.52365326881409,-0.04850453931556087,0.17128667713566456,-0.08596519864719945,,,cuVSLAM,,
2406,1761213156262,157.6060950756073,96.69536352157593,-116.50168150663376,-0.04437364012486438,0.16704523486221878,-0.08460057323589094,,,cuVSLAM,,
2407,1761213156279,156.6159725189209,95.04863619804382,-115.66591262817383,-0.0398940341275365,0.16413430119064715,-0.08164068545701599,,,cuVSLAM,,
2408,1761213156295,155.5567979812622,93.43498945236206,-115.37114530801773,-0.035280280682140355,0.16099201549595787,-0.0790513741189875,,,cuVSLAM,,
2409,1761213156312,154.2033851146698,91.37335419654846,-115.38825929164886,-0.030769196907798765,0.15745693693681886,-0.0778518248755211,,,cuVSLAM,,
2410,1761213156329,152.64418721199036,89.56795930862427,-115.6342476606369,-0.026326814594540175,0.1537695721178695,-0.07618741161843484,,,cuVSLAM,,
2411,1761213156345,150.77409148216248,88.07028830051422,-115.88610708713531,-0.021624563600273303,0.14993196740116263,-0.07097810181743529,,,cuVSLAM,,
2412,1761213156362,148.61316978931427,86.38234436511993,-116.23336374759674,-0.017024562271448874,0.14578886795542217,-0.06602988254229393,,,cuVSLAM,,
2413,1761213156379,146.20116353034973,84.43661779165268,-116.69529229402542,-0.012501017229804935,0.14127380195491676,-0.0635022819790612,,,cuVSLAM,,
2414,1761213156395,143.45286786556244,82.47144520282745,-117.34721809625626,-0.008186596699317235,0.13615435328928754,-0.0633613467910888,,,cuVSLAM,,
2415,1761213156412,140.44196903705597,80.44937252998352,-117.93509870767593,-0.004205806928406807,0.13055467342199772,-0.06685611189931116,,,cuVSLAM,,
2416,1761213156429,137.07037270069122,78.38946580886841,-118.36538463830948,-0.00043619402970563736,0.12459549383915222,-0.07118783306989865,,,cuVSLAM,,
2417,1761213156445,133.37725400924683,76.29631459712982,-118.85319650173187,0.003323098022386786,0.11832855896632656,-0.07484438442541137,,,cuVSLAM,,
2418,1761213156462,129.4134259223938,74.43252950906754,-119.11479383707047,0.007348968918195165,0.11211151315917556,-0.07620894700672352,,,cuVSLAM,,
2419,1761213156479,125.22658705711365,72.49779254198074,-119.48437243700027,0.011515335487165894,0.10565871495037266,-0.07454435391923105,,,cuVSLAM,,
2420,1761213156495,120.77242136001587,70.6898495554924,-119.90329623222351,0.015386571981771555,0.09911236973312008,-0.0739666909222903,,,cuVSLAM,,
2421,1761213156512,116.07712507247925,68.88623535633087,-120.33334374427795,0.0188945492986527,0.09220942841321274,-0.07520953408274737,,,cuVSLAM,,
2422,1761213156529,111.28142476081848,67.24641472101212,-120.69763988256454,0.02151483004905273,0.08515271283302944,-0.0785188410448045,,,cuVSLAM,,
2423,1761213156545,106.35760426521301,65.95773994922638,-121.05417251586914,0.023506973693511457,0.07791527957607054,-0.08066608575690287,,,cuVSLAM,,
2424,1761213156562,101.27630084753036,65.03836810588837,-121.30659073591232,0.025109289930703025,0.07041195582250043,-0.07777847276766268,,,cuVSLAM,,
2425,1761213156579,96.16907685995102,64.4601657986641,-121.56378477811813,0.026484228839317198,0.06289621857950699,-0.07186793618305198,,,cuVSLAM,,
2426,1761213156595,90.76802432537079,63.913434743881226,-121.99690192937851,0.02744171357208097,0.055420163281672735,-0.06589081347867266,,,cuVSLAM,,
2427,1761213156612,85.45242995023727,63.75741958618164,-122.23450839519501,0.02742102947261827,0.04872461038887071,-0.06464700554611583,,,cuVSLAM,,
2428,1761213156629,80.14090359210968,63.58104944229126,-122.63466417789459,0.026319705713485686,0.04268419806745664,-0.0705680461171405,,,cuVSLAM,,
2429,1761213156645,74.83000308275223,63.7533962726593,-123.21048229932785,0.0246160897607076,0.03701886559487486,-0.07646904834310317,,,cuVSLAM,,
2430,1761213156662,69.6798786520958,64.26818668842316,-123.24917316436768,0.02251611564193838,0.03236453341368946,-0.07843608429009977,,,cuVSLAM,,
2431,1761213156679,64.57702070474625,65.0162547826767,-123.56466054916382,0.02032029673838723,0.028106909647273633,-0.07937625488922775,,,cuVSLAM,,
2432,1761213156695,59.39885973930359,65.65574556589127,-124.16228652000427,0.01777568168932839,0.024246593744796048,-0.08245302012004625,,,cuVSLAM,,
2433,1761213156712,54.375775158405304,66.57886505126953,-124.75506216287613,0.014714736302910297,0.02110289631826816,-0.08916784615129365,,,cuVSLAM,,
2434,1761213156729,49.52045530080795,67.69441813230515,-125.73973834514618,0.011183924796559355,0.018231667399686638,-0.09817832234366668,,,cuVSLAM,,
2435,1761213156745,44.60832476615906,68.85535269975662,-126.33709609508514,0.007462242580408392,0.01620420590664239,-0.10546484246610649,,,cuVSLAM,,
2436,1761213156762,39.79212045669556,70.1814815402031,-127.38823890686035,0.004177724828155412,0.014037609125130211,-0.10659110385501755,,,cuVSLAM,,
2437,1761213156779,34.832388162612915,71.52959704399109,-128.22473049163818,0.0013173373251007935,0.012317369784659313,-0.1013005092079868,,,cuVSLAM,,
2438,1761213156795,29.897063970565796,72.93422520160675,-129.25514578819275,-0.00132936128494285,0.010874280739145207,-0.09784050400828374,,,cuVSLAM,,
2439,1761213156812,24.9985009431839,74.11456853151321,-130.57272136211395,-0.004355738089254925,0.00963427383374398,-0.10308552776818718,,,cuVSLAM,,
2440,1761213156829,20.074740052223206,75.24367421865463,-131.9553405046463,-0.0077251930462435125,0.008589730326808794,-0.11132286337427799,,,cuVSLAM,,
2441,1761213156845,15.018656849861145,76.22633874416351,-133.47715139389038,-0.011014279884797144,0.007706815083793061,-0.11667128426928998,,,cuVSLAM,,
2442,1761213156862,10.127425193786621,77.73314416408539,-135.19053161144257,-0.013724601880026449,0.006774794793383304,-0.1177124897096824,,,cuVSLAM,,
2443,1761213156879,5.015015602111816,78.77752184867859,-136.41256093978882,-0.015626321724961284,0.0065136094562227315,-0.11283800588072299,,,cuVSLAM,,
2444,1761213156895,0.0626295804977417,79.7041654586792,-138.0085051059723,-0.017072941485719327,0.006551741096844769,-0.10766787596071883,,,cuVSLAM,,
2445,1761213156912,-4.783958196640015,80.7444304227829,-139.76623117923737,-0.01866848351872579,0.0071354430781181,-0.10786676467570755,,,cuVSLAM,,
2446,1761213156929,-9.642541408538818,81.42974227666855,-141.55998826026917,-0.020329252597183683,0.008235545157855934,-0.11171332517409127,,,cuVSLAM,,
2447,1761213156945,-14.389604330062866,81.94350451231003,-143.17819476127625,-0.021537616916253364,0.0097714829363405,-0.11630764712313277,,,cuVSLAM,,
2448,1761213156962,-19.257336854934692,82.40590989589691,-144.85585689544678,-0.021635700346255674,0.011472057313405387,-0.11793787297912266,,,cuVSLAM,,
2449,1761213156979,-24.000346660614014,82.61613547801971,-146.47077023983002,-0.0206696591911894,0.013368482472461106,-0.11402348607782994,,,cuVSLAM,,
2450,1761213156995,-28.663232922554016,82.84668624401093,-148.27567338943481,-0.019551015538938413,0.01508731641669632,-0.11003582091358442,,,cuVSLAM,,
2451,1761213157012,-33.19460153579712,83.39706063270569,-150.33385157585144,-0.018886852855585688,0.016831624920355087,-0.10748553680891501,,,cuVSLAM,,
2452,1761213157029,-37.38701343536377,84.32029187679291,-152.583047747612,-0.018966169553775503,0.0188906978614051,-0.10661658298802736,,,cuVSLAM,,
2453,1761213157062,-44.89964246749878,85.72592586278915,-156.62014484405518,-0.02010634742750201,0.02478196108068919,-0.11033848995677902,,,cuVSLAM,,
2454,1761213157079,-48.43698441982269,86.41074597835541,-158.31542015075684,-0.020540638004103013,0.02811265745706857,-0.11417264860664376,,,cuVSLAM,,
2455,1761213157095,-51.91424489021301,87.17650920152664,-160.2427363395691,-0.02129014420120454,0.031007085027473593,-0.11828245133610035,,,cuVSLAM,,
2456,1761213157112,-55.21571636199951,88.47470581531525,-162.28698194026947,-0.02279014666231562,0.033624914176216505,-0.12149803692022802,,,cuVSLAM,,
2457,1761213157129,-58.35391581058502,89.9822786450386,-164.64927792549133,-0.02511849267377697,0.03607665262199266,-0.1227092153551137,,,cuVSLAM,,
2458,1761213157145,-61.343714594841,91.90718084573746,-166.6724532842636,-0.027875445864717328,0.038927005757888475,-0.1246430292115357,,,cuVSLAM,,
2459,1761213157162,-64.37255442142487,93.2471752166748,-168.8678115606308,-0.030175866524618906,0.04153251462615648,-0.12741797215884304,,,cuVSLAM,,
2460,1761213157179,-67.51565635204315,94.62541341781616,-171.07875645160675,-0.03174992467083364,0.043532324864260154,-0.13190014782905607,,,cuVSLAM,,
2461,1761213157195,-70.83390653133392,95.65688669681549,-172.9465276002884,-0.032778614290924914,0.044903952168284925,-0.13500053112567745,,,cuVSLAM,,
2462,1761213157212,-74.2180347442627,97.06547856330872,-175.28988420963287,-0.03357512126276789,0.045109983382979696,-0.13559949384808695,,,cuVSLAM,,
2463,1761213157229,-77.78146862983704,98.28388690948486,-177.62094736099243,-0.03413185771173682,0.044847522583050026,-0.13459079494380988,,,cuVSLAM,,
2464,1761213157245,-81.60090446472168,99.370077252388,-179.48585748672485,-0.03457327854204934,0.04477282369951019,-0.13348831131607725,,,cuVSLAM,,
2465,1761213157262,-85.42917668819427,100.4263088107109,-181.52925372123718,-0.03452641885907676,0.044287159131361185,-0.1330384526272912,,,cuVSLAM,,
2466,1761213157279,-89.5363837480545,101.1923998594284,-183.43989551067352,-0.03396176656353361,0.04332096058204458,-0.13314698754286597,,,cuVSLAM,,
2467,1761213157295,-93.8311219215393,102.01200097799301,-185.32100319862366,-0.03310853308388884,0.04173882940590314,-0.1332828295785341,,,cuVSLAM,,
2468,1761213157312,-98.20601344108582,102.79333591461182,-187.0172768831253,-0.031908475448183295,0.03989483538687447,-0.13127562837937265,,,cuVSLAM,,
2469,1761213157329,-102.66974568367004,103.35695743560791,-188.69704008102417,-0.030504549267924286,0.037878597150094395,-0.12819409498786785,,,cuVSLAM,,
2470,1761213157345,-107.03772306442261,104.18202728033066,-189.88442420959473,-0.02934059162089183,0.03614138359237502,-0.1249498089500405,,,cuVSLAM,,
2471,1761213157362,-111.28973960876465,105.03223538398743,-191.22248888015747,-0.028229642530629283,0.03425431937429101,-0.1212339294619144,,,cuVSLAM,,
2472,1761213157379,-115.43017625808716,105.65459728240967,-192.83455610275269,-0.02717393195564503,0.03197325487474133,-0.11829711148135938,,,cuVSLAM,,
2473,1761213157395,-119.17948722839355,106.60382360219955,-193.97851824760437,-0.02640320059452441,0.029978215421525563,-0.11567405278077562,,,cuVSLAM,,
2474,1761213157412,-122.4733293056488,107.54904896020889,-195.32665610313416,-0.02597425603240212,0.027867371978795588,-0.113732494912491,,,cuVSLAM,,
2475,1761213157429,-125.44646859169006,108.60152542591095,-196.56282663345337,-0.026047989618110348,0.02579065141197776,-0.11351812433883625,,,cuVSLAM,,
2476,1761213157445,-127.76374816894531,109.61487144231796,-196.99272513389587,-0.026529451330431515,0.02419131035789834,-0.11371084231547174,,,cuVSLAM,,
2477,1761213157462,-129.849374294281,110.2609783411026,-197.51261174678802,-0.027255866934211778,0.022635070154427176,-0.11185474946901813,,,cuVSLAM,,
2478,1761213157479,-131.1599314212799,111.28336936235428,-197.82127439975739,-0.02801188878470588,0.021524216179798182,-0.10982922310095229,,,cuVSLAM,,
2479,1761213157495,-131.94423913955688,112.12391406297684,-197.94271886348724,-0.02891088303314262,0.02076191117977033,-0.10932721113866264,,,cuVSLAM,,
2480,1761213157512,-132.18683004379272,112.72257566452026,-197.82602787017822,-0.0297998502796191,0.01996450533740206,-0.11134640013689573,,,cuVSLAM,,
2481,1761213157529,-132.11005926132202,113.10163885354996,-197.39902019500732,-0.03104141544606395,0.018988120704765746,-0.11374225529547907,,,cuVSLAM,,
2482,1761213157545,-131.46528601646423,113.3747473359108,-197.06358015537262,-0.032215332784117874,0.017565540627261872,-0.11501065976548797,,,cuVSLAM,,
2483,1761213157562,-130.44440746307373,113.47483843564987,-196.59796357154846,-0.03307589377373377,0.015966602060968112,-0.11504058835923908,,,cuVSLAM,,
2484,1761213157579,-129.15578484535217,113.55464160442352,-195.57544589042664,-0.03379332210434706,0.014901430775983045,-0.11312324883802967,,,cuVSLAM,,
2485,1761213157595,-127.08380818367004,113.90309780836105,-195.26855647563934,-0.03432762292564542,0.013746706775509106,-0.1127591373986347,,,cuVSLAM,,
2486,1761213157612,-124.9060332775116,113.21215331554413,-194.29928064346313,-0.03462664277113042,0.013335441914118071,-0.11430608707958936,,,cuVSLAM,,
2487,1761213157629,-122.25395441055298,113.03121596574783,-193.8067525625229,-0.03452573143352052,0.012691030425303586,-0.11626866540142636,,,cuVSLAM,,
2488,1761213157645,-119.524747133255,112.31297999620438,-193.04850697517395,-0.033927679548572794,0.012263990231520644,-0.11407018132829952,,,cuVSLAM,,
2489,1761213157662,-116.59196019172668,111.79202049970627,-192.08139181137085,-0.03313586024645462,0.011929399337697405,-0.10940500499485756,,,cuVSLAM,,
2490,1761213157679,-113.5733425617218,110.95493286848068,-191.42045080661774,-0.03242191237231382,0.01102044457717539,-0.10494934624095462,,,cuVSLAM,,
2491,1761213157696,-110.44719815254211,110.1897805929184,-190.62793254852295,-0.03207568507780244,0.009759106863238776,-0.10394011493606538,,,cuVSLAM,,
2492,1761213157712,-107.20843076705933,108.9438796043396,-189.84904885292053,-0.03171625541925778,0.00808515176604934,-0.10465973449171248,,,cuVSLAM,,
2493,1761213157729,-103.94176840782166,107.70710557699203,-188.79640102386475,-0.03123720446983297,0.006555782469205979,-0.10469659560647387,,,cuVSLAM,,
2494,1761213157745,-100.53247213363647,106.69701546430588,-188.0420446395874,-0.030268140593231328,0.005138365122633927,-0.10241151004785098,,,cuVSLAM,,
2495,1761213157762,-96.976637840271,105.5649071931839,-186.96728348731995,-0.029045597466776055,0.004197553580097271,-0.09953648152437822,,,cuVSLAM,,
2496,1761213157779,-93.38942170143127,104.38627749681473,-186.00597977638245,-0.027738424442469083,0.003151971566969864,-0.09812701337399635,,,cuVSLAM,,
2497,1761213157795,-89.76608514785767,103.12169045209885,-184.56773459911346,-0.026524042192793366,0.0020094616989410913,-0.09823897956012417,,,cuVSLAM,,
2498,1761213157812,-86.22153103351593,101.90710425376892,-183.4934949874878,-0.02532827151303581,0.00012430853876933237,-0.09929515135595106,,,cuVSLAM,,
2499,1761213157845,-79.10449802875519,99.62543100118637,-180.70700764656067,-0.022712270125962664,-0.003717196014405707,-0.09490782656676411,,,cuVSLAM,,
2500,1761213157862,-75.67146420478821,98.39566051959991,-178.7894368171692,-0.02137569631317666,-0.0051758356444949,-0.09065974683304413,,,cuVSLAM,,
2501,1761213157879,-72.15988636016846,97.20288217067719,-177.17120051383972,-0.019902584994315017,-0.006913743344459005,-0.0881271209009856,,,cuVSLAM,,
2502,1761213157895,-69.01898980140686,97.28218615055084,-173.13838005065918,-0.018832792731005004,-0.0066735014595940825,-0.08837741190409812,,,cuVSLAM,,
2503,1761213157912,-65.60007482767105,96.22053802013397,-171.69399559497833,-0.017677154410167324,-0.009047825071937627,-0.08778410155049314,,,cuVSLAM,,
2504,1761213157929,-62.32529133558273,95.30805051326752,-169.79311406612396,-0.016911009419520506,-0.01148216444288051,-0.08615999162888203,,,cuVSLAM,,
2505,1761213157945,-59.11365896463394,94.50677037239075,-168.12920570373535,-0.01656474589201979,-0.014362231090409934,-0.08465511113261845,,,cuVSLAM,,
2506,1761213157962,-55.867817252874374,93.89311820268631,-166.37364029884338,-0.016532354941834953,-0.01727597461978932,-0.083460119628667,,,cuVSLAM,,
2507,1761213157979,-52.687764167785645,93.36726367473602,-164.70234096050262,-0.016669501087795646,-0.020299051170732576,-0.08250064215526857,,,cuVSLAM,,
2508,1761213157995,-49.46538805961609,92.88926422595978,-163.06057572364807,-0.016659361192130934,-0.023504075418304522,-0.08201245918250508,,,cuVSLAM,,
2509,1761213158012,-46.510517597198486,92.34979748725891,-161.16711497306824,-0.016537716231362427,-0.026793243614719325,-0.08127073800522092,,,cuVSLAM,,
2510,1761213158029,-43.429046869277954,91.99048578739166,-159.4434380531311,-0.016479732710789317,-0.03036189728168938,-0.07991019930734239,,,cuVSLAM,,
2511,1761213158045,-40.37627577781677,91.56244248151779,-157.8819751739502,-0.016321129732411982,-0.03394155841898211,-0.07710853104845715,,,cuVSLAM,,
2512,1761213158062,-37.227995693683624,91.25158190727234,-156.39737248420715,-0.015985535381633373,-0.037291612442927634,-0.07251897649241983,,,cuVSLAM,,
2513,1761213158079,-34.19002145528793,90.76940268278122,-154.52876687049866,-0.015518631941053738,-0.04017441269217173,-0.06747196531640308,,,cuVSLAM,,
2514,1761213158095,-30.93651682138443,90.52465111017227,-153.20813655853271,-0.014857637731622231,-0.04344619072706805,-0.06486610468794773,,,cuVSLAM,,
2515,1761213158112,-27.874428778886795,89.84468132257462,-151.67804062366486,-0.014048575077827146,-0.04672972631011017,-0.06458367340001812,,,cuVSLAM,,
2516,1761213158129,-24.806473404169083,89.26784992218018,-150.35030245780945,-0.013093485907036576,-0.05016478167430605,-0.06549772015955545,,,cuVSLAM,,
2517,1761213158145,-21.770115941762924,88.75932544469833,-148.92390370368958,-0.012040583519987366,-0.053392734388102624,-0.06633154809118938,,,cuVSLAM,,
2518,1761213158162,-18.88076588511467,87.98591792583466,-147.5573480129242,-0.010890114204282762,-0.056436187227766034,-0.06622386847892783,,,cuVSLAM,,
2519,1761213158179,-15.984706580638885,87.4411091208458,-146.08687162399292,-0.009588467343294407,-0.05938946594994084,-0.06385443627139076,,,cuVSLAM,,
2520,1761213158195,-13.443373143672943,86.92754805088043,-144.6976661682129,-0.008338939026265643,-0.06249061445958852,-0.06086825732416555,,,cuVSLAM,,
2521,1761213158212,-11.03983074426651,86.33535355329514,-143.33386719226837,-0.007029636727981545,-0.06589311082216018,-0.06020440742513191,,,cuVSLAM,,
2522,1761213158229,-8.674059063196182,85.61267703771591,-142.1433985233307,-0.005646729297749125,-0.06947010784671745,-0.06073994127199866,,,cuVSLAM,,
2523,1761213158246,-6.515957415103912,85.18028259277344,-140.91798663139343,-0.00428970510701613,-0.07285327041948589,-0.0596092041770436,,,cuVSLAM,,
2524,1761213158262,-4.645586013793945,84.53704416751862,-139.63589072227478,-0.0028988201190781136,-0.07601164776066746,-0.05721628321769257,,,cuVSLAM,,
2525,1761213158279,-2.8435662388801575,83.98981392383575,-138.30992579460144,-0.0015037805285998945,-0.07904396614074205,-0.05524966167704423,,,cuVSLAM,,
2526,1761213158295,-1.291528344154358,83.11542123556137,-137.13911175727844,-0.00017098923717422592,-0.08203245125814254,-0.0525653794318513,,,cuVSLAM,,
2527,1761213158312,0.23599714040756226,82.81111717224121,-136.2404227256775,0.0009312942360273871,-0.08491739105176767,-0.05024052123679552,,,cuVSLAM,,
2528,1761213158329,1.595526933670044,82.29263871908188,-135.14555990695953,0.002074167979457245,-0.08726835211624302,-0.04849353394431323,,,cuVSLAM,,
2529,1761213158345,2.832368016242981,81.69199526309967,-134.22410190105438,0.0031520092261124945,-0.08934292251668251,-0.048206618332032825,,,cuVSLAM,,
2530,1761213158362,4.156626760959625,81.37568831443787,-133.28327238559723,0.004146517521403573,-0.09108504472441072,-0.048652465782458104,,,cuVSLAM,,
2531,1761213158379,5.183763802051544,80.54431527853012,-131.9928616285324,0.005117135026531841,-0.09238275117973034,-0.04812927683988479,,,cuVSLAM,,
2532,1761213158395,6.248220801353455,80.02623170614243,-131.16973638534546,0.005935403242878997,-0.09383009327525135,-0.046714598933682794,,,cuVSLAM,,
2533,1761213158412,7.316328585147858,79.66897636651993,-130.3640753030777,0.006662417984594108,-0.09509914631971791,-0.04401934386307881,,,cuVSLAM,,
2534,1761213158429,8.187264204025269,79.15749400854111,-129.22340631484985,0.007556163387951899,-0.09581789312417037,-0.04209007267261012,,,cuVSLAM,,
2535,1761213158445,9.090408682823181,78.72813940048218,-128.28388810157776,0.008395640749563647,-0.09622384047935106,-0.04018304110855874,,,cuVSLAM,,
2536,1761213158462,9.856320917606354,78.14018428325653,-127.39697098731995,0.009304111755241538,-0.09613252447694318,-0.039498669234924386,,,cuVSLAM,,
2537,1761213158479,10.622747242450714,77.56888121366501,-126.64344906806946,0.010254604094877672,-0.09555032367492355,-0.040305145268324606,,,cuVSLAM,,
2538,1761213158495,11.529698967933655,77.08649337291718,-126.13528966903687,0.011295621467555327,-0.09442138794610032,-0.039801372170853576,,,cuVSLAM,,
2539,1761213158512,12.315981090068817,76.65079832077026,-125.80528855323792,0.012653051448886683,-0.09259932672537619,-0.036972982280740564,,,cuVSLAM,,
2540,1761213158529,13.032600283622742,76.35241746902466,-125.33938884735107,0.014229908661255206,-0.08989883836992929,-0.033336576744037054,,,cuVSLAM,,
2541,1761213158545,13.629384338855743,75.83175599575043,-125.57224929332733,0.015853625057292143,-0.08713969624976636,-0.0329070890417134,,,cuVSLAM,,
2542,1761213158562,13.882972300052643,75.12533664703369,-125.7510632276535,0.017500334153675835,-0.08404213094420811,-0.03433325080280996,,,cuVSLAM,,
2543,1761213158579,13.862326741218567,74.59133118391037,-126.30598247051239,0.018887559817694063,-0.08120405913280442,-0.0351968300404318,,,cuVSLAM,,
2544,1761213158595,13.681896030902863,74.3742436170578,-127.26515531539917,0.02001637516597372,-0.07871643469183653,-0.03390934223473884,,,cuVSLAM,,
2545,1761213158612,13.3037269115448,74.24299418926239,-128.2758265733719,0.020958208752761706,-0.0759133792701962,-0.0302327079556233,,,cuVSLAM,,
2546,1761213158629,12.734413146972656,73.92290234565735,-129.258930683136,0.021965209457002557,-0.07256183196073164,-0.02732999687747852,,,cuVSLAM,,
2547,1761213158645,12.075632810592651,73.54220747947693,-130.35127520561218,0.02320185474439608,-0.06871982814258899,-0.0275216028748509,,,cuVSLAM,,
2548,1761213158662,11.124290525913239,73.1571614742279,-131.5843164920807,0.024681397083718956,-0.06490235755271137,-0.030022109791331696,,,cuVSLAM,,
2549,1761213158679,9.78001207113266,72.74144887924194,-133.27260315418243,0.026039962277803794,-0.061764636340052644,-0.03342297065787697,,,cuVSLAM,,
2550,1761213158695,8.08076560497284,72.476327419281,-134.85708832740784,0.026889747569671527,-0.059083950447154795,-0.03494439092614138,,,cuVSLAM,,
2551,1761213158729,4.185862839221954,72.83878326416016,-138.80138099193573,0.026756600484463485,-0.05445786174897074,-0.03155651223080279,,,cuVSLAM,,
2552,1761213158745,1.9755959510803223,72.96105474233627,-140.62635600566864,0.026637751774211346,-0.05155083455870338,-0.02866813473994688,,,cuVSLAM,,
2553,1761213158762,-0.5584582686424255,72.82491773366928,-142.50469207763672,0.026835237595142135,-0.048864636574118624,-0.03037484991264147,,,cuVSLAM,,
2554,1761213158779,-3.4560561180114746,72.76207208633423,-144.52877640724182,0.027089402222633126,-0.04704731122800799,-0.03356221233739119,,,cuVSLAM,,
2555,1761213158795,-6.616648286581039,72.89732992649078,-146.9927579164505,0.027037144712590697,-0.04630764255326185,-0.03352683306811528,,,cuVSLAM,,
2556,1761213158812,-10.159172117710114,72.92120158672333,-149.13496375083923,0.026747042488416823,-0.0455969386203137,-0.03086521749273002,,,cuVSLAM,,
2557,1761213158829,-13.694871217012405,73.3947902917862,-151.12999081611633,0.026196365833196084,-0.044597328806789974,-0.026625505782784626,,,cuVSLAM,,
2558,1761213158845,-17.445821315050125,73.56339693069458,-153.1672179698944,0.025682600806991376,-0.04326807326869612,-0.024501351246902555,,,cuVSLAM,,
2559,1761213158862,-21.465368568897247,73.49278032779694,-154.85724806785583,0.025575822267052947,-0.04190330366217867,-0.02575137880811773,,,cuVSLAM,,
2560,1761213158879,-25.774449110031128,73.39222729206085,-156.86750411987305,0.025489348200902255,-0.04133336631811067,-0.02695219174077161,,,cuVSLAM,,
2561,1761213158895,-30.291564762592316,73.3124315738678,-159.07590091228485,0.02516839115528242,-0.04150094877366113,-0.026655686330882656,,,cuVSLAM,,
2562,1761213158912,-34.78606045246124,73.60942661762238,-160.97742319107056,0.024401992840404105,-0.0416237691784397,-0.025267329141946886,,,cuVSLAM,,
2563,1761213158929,-39.31550681591034,73.53395223617554,-162.67147660255432,0.023513039567023584,-0.041295097263041904,-0.02456163546380826,,,cuVSLAM,,
2564,1761213158945,-43.81319135427475,73.40648025274277,-164.16025161743164,0.022803205261999766,-0.04024528794672893,-0.02829875274822461,,,cuVSLAM,,
2565,1761213158962,-48.01388457417488,73.24681431055069,-165.51391780376434,0.022595777645517002,-0.03882597422122586,-0.032917875187379764,,,cuVSLAM,,
2566,1761213158979,-52.335865795612335,72.69473373889923,-166.6485071182251,0.022800237642636462,-0.03721351659359425,-0.034552141496826,,,cuVSLAM,,
2567,1761213158995,-56.42232298851013,72.28018343448639,-167.84942150115967,0.023161987515182413,-0.03546246452081917,-0.03489954429827844,,,cuVSLAM,,
2568,1761213159012,-60.50579249858856,71.84632122516632,-168.90546679496765,0.02332795847085805,-0.03318193674974103,-0.03546665816040607,,,cuVSLAM,,
2569,1761213159029,-64.4540786743164,71.29225879907608,-169.94011402130127,0.023287761085866384,-0.030354022305547988,-0.03723242492795548,,,cuVSLAM,,
2570,1761213159045,-68.2436004281044,70.81890106201172,-171.3087260723114,0.02319944085506207,-0.02737905851402271,-0.04040308872815144,,,cuVSLAM,,
2571,1761213159062,-72.00658321380615,70.1078549027443,-172.64193296432495,0.023449838696637047,-0.0242468131910503,-0.04449299427731555,,,cuVSLAM,,
2572,1761213159079,-75.55792480707169,69.51936334371567,-173.87013137340546,0.024010906924739003,-0.021169214190701176,-0.04761387227474672,,,cuVSLAM,,
2573,1761213159095,-79.00474965572357,68.94810497760773,-175.39949715137482,0.024550611600042814,-0.018529452058857372,-0.04979258594994152,,,cuVSLAM,,
2574,1761213159112,-82.41178840398788,68.61957907676697,-177.08934843540192,0.024887689988670518,-0.016095773487580897,-0.050657751308699955,,,cuVSLAM,,
2575,1761213159129,-85.84974706172943,68.12997162342072,-178.29157412052155,0.02507841824933452,-0.013291983731010934,-0.049067750566373754,,,cuVSLAM,,
2576,1761213159145,-89.18271958827972,67.78505444526672,-179.61403727531433,0.025221265439400634,-0.010307763762138432,-0.050215815122875464,,,cuVSLAM,,
2577,1761213159162,-92.42170304059982,67.09322333335876,-180.94822764396667,0.025712585396883845,-0.007291040977978873,-0.05361891291298964,,,cuVSLAM,,
2578,1761213159179,-95.534548163414,66.58153235912323,-182.5803965330124,0.02662066125435182,-0.00458631646470453,-0.0557274949470165,,,cuVSLAM,,
2579,1761213159196,-98.64673763513565,66.07591360807419,-184.220552444458,0.027624245713107422,-0.002247679801045794,-0.055962526591627655,,,cuVSLAM,,
2580,1761213159212,-101.81930661201477,65.68114459514618,-185.6672763824463,0.02834360802885995,9.37299627442217e-06,-0.056769085716538596,,,cuVSLAM,,
2581,1761213159229,-104.65280711650848,65.95103442668915,-187.51703202724457,0.028305960433520915,0.0019226561672730266,-0.05863456816592581,,,cuVSLAM,,
2582,1761213159245,-107.5214147567749,65.94765931367874,-189.00172412395477,0.027838000033354,0.004036678959323114,-0.061623442194457624,,,cuVSLAM,,
2583,1761213159262,-110.32475531101227,66.02345407009125,-190.76862931251526,0.027216304207878593,0.0057126009430559285,-0.0651284529320459,,,cuVSLAM,,
2584,1761213159279,-112.99510300159454,66.06628000736237,-192.3966407775879,0.026736135264989174,0.007069109855652529,-0.06643167375018165,,,cuVSLAM,,
2585,1761213159295,-115.34325778484344,66.63832068443298,-193.95291805267334,0.026153653902001348,0.007926281586075506,-0.06577899449886906,,,cuVSLAM,,
2586,1761213159312,-117.7634745836258,67.34812259674072,-195.3689157962799,0.025039762288606326,0.008341972474683466,-0.06542718260584697,,,cuVSLAM,,
2587,1761213159329,-120.13068795204163,68.25248152017593,-196.99886441230774,0.023150693142598096,0.008163550882378393,-0.06539293358600302,,,cuVSLAM,,
2588,1761213159345,-122.49792367219925,69.3405419588089,-198.26212525367737,0.020799829531496266,0.00773411141617731,-0.06611272577385265,,,cuVSLAM,,
2589,1761213159362,-124.6994286775589,70.29686123132706,-199.24652576446533,0.018410239593143824,0.0070549188943009435,-0.06768443457295291,,,cuVSLAM,,
2590,1761213159379,-126.55198574066162,71.25862687826157,-200.09540021419525,0.016253494875380338,0.006129434793943947,-0.06833713198020931,,,cuVSLAM,,
2591,1761213159395,-128.01727652549744,72.65152782201767,-200.93274116516113,0.014445846868614111,0.004947650222373887,-0.06888625341505185,,,cuVSLAM,,
2592,1761213159412,-129.76506352424622,73.36137443780899,-200.9562999010086,0.01274751525023039,0.004000569231171004,-0.07048329061990022,,,cuVSLAM,,
2593,1761213159429,-131.26273453235626,74.11297410726547,-200.90705156326294,0.011102969113294465,0.002686437545508353,-0.07130961895731024,,,cuVSLAM,,
2594,1761213159445,-132.51380622386932,75.2088725566864,-200.87625086307526,0.00945864239201585,0.000992571471210921,-0.0719278719154915,,,cuVSLAM,,
2595,1761213159462,-133.80591571331024,75.99884271621704,-200.4672884941101,0.008201277467097161,-0.0005267226064114557,-0.07161727768970863,,,cuVSLAM,,
2596,1761213159479,-134.81128215789795,76.90196484327316,-199.9872624874115,0.007251899034540233,-0.00183147697397696,-0.0702037598023544,,,cuVSLAM,,
2597,1761213159495,-135.60795783996582,77.97568291425705,-199.79709386825562,0.006651106149474964,-0.0031761301392801643,-0.06963379329421075,,,cuVSLAM,,
2598,1761213159512,-136.36785745620728,78.82542163133621,-199.4665265083313,0.006385350579050674,-0.004401559406533891,-0.0717215431482677,,,cuVSLAM,,
2599,1761213159529,-137.16477155685425,79.56370711326599,-198.99001717567444,0.0065112797503850866,-0.005598605256900807,-0.07343472264810783,,,cuVSLAM,,
2600,1761213159562,-138.57555389404297,81.63826167583466,-198.13640415668488,0.007345154694774552,-0.008141541884493765,-0.071184451176366,,,cuVSLAM,,
2601,1761213159579,-139.10862803459167,83.15669000148773,-198.00660014152527,0.007706686564972011,-0.009683677483790794,-0.0709661930037985,,,cuVSLAM,,
2602,1761213159595,-139.56911861896515,84.86998081207275,-198.05294275283813,0.007963592008529887,-0.011334579217444025,-0.07079024901003836,,,cuVSLAM,,
2603,1761213159612,-140.0662511587143,86.61533892154694,-197.86328077316284,0.00819508739320038,-0.01283751032541952,-0.07024967142617015,,,cuVSLAM,,
2604,1761213159629,-140.3239369392395,88.68531137704849,-197.77828454971313,0.008428594885837517,-0.014322100119244018,-0.06820075079187159,,,cuVSLAM,,
2605,1761213159645,-140.46704769134521,91.14764630794525,-197.54710793495178,0.00856215698460281,-0.015642800711297717,-0.06461128694891366,,,cuVSLAM,,
2606,1761213159662,-140.32477140426636,94.10843998193741,-197.48547673225403,0.008537498675925138,-0.017089728852369812,-0.06123247770930002,,,cuVSLAM,,
2607,1761213159679,-140.33092558383942,96.98803722858429,-196.9059705734253,0.00841034707957183,-0.018186446384583426,-0.058338931094143745,,,cuVSLAM,,
2608,1761213159695,-140.11837542057037,100.23370385169983,-196.42207026481628,0.00824463653777954,-0.019354817638660024,-0.056854319953368565,,,cuVSLAM,,
2609,1761213159712,-139.91382718086243,103.80235314369202,-195.9715485572815,0.00804210228370136,-0.020583470356871858,-0.05594669477987723,,,cuVSLAM,,
2610,1761213159729,-139.7324651479721,107.14052617549896,-195.08136808872223,0.007966892327553954,-0.021621597255108666,-0.052387623011551816,,,cuVSLAM,,
2611,1761213159745,-139.24765586853027,111.09837144613266,-194.71998512744904,0.008052358120331265,-0.023003428318631648,-0.046360298304441196,,,cuVSLAM,,
2612,1761213159762,-139.0819549560547,114.98565971851349,-193.97032260894775,0.00818829195370633,-0.02416805749686512,-0.0410580162829142,,,cuVSLAM,,
2613,1761213159779,-138.65169882774353,119.29170042276382,-193.62354278564453,0.008353273841059163,-0.025696220850522478,-0.03703070258446701,,,cuVSLAM,,
2614,1761213159795,-138.4018361568451,123.35221469402313,-192.92274117469788,0.008677434352873175,-0.02709939511409985,-0.03393402447999286,,,cuVSLAM,,
2615,1761213159812,-138.11051845550537,127.69317626953125,-192.40950047969818,0.009253554518386662,-0.028853586120106807,-0.031019038226988305,,,cuVSLAM,,
2616,1761213159829,-137.97980546951294,132.07492232322693,-191.49866700172424,0.010142935349053377,-0.030455559479557723,-0.02653048774867921,,,cuVSLAM,,
2617,1761213159845,-137.8719061613083,136.6611272096634,-190.84012508392334,0.011277728172226506,-0.03229607671683215,-0.020210676285960388,,,cuVSLAM,,
2618,1761213159862,-137.79403269290924,141.25245809555054,-190.02248346805573,0.012658314572063184,-0.034036958672038424,-0.013484908329408902,,,cuVSLAM,,
2619,1761213159879,-137.7144753932953,145.78402042388916,-189.25638496875763,0.014151904561244627,-0.03589239659464368,-0.007874882753499707,,,cuVSLAM,,
2620,1761213159895,-137.64351606369019,150.14375746250153,-188.4990781545639,0.015828147115336023,-0.037799624951131684,-0.0032953303633894027,,,cuVSLAM,,
2621,1761213159912,-137.38715648651123,154.805526137352,-187.76623904705048,0.017555323470909677,-0.03976554380339428,0.0020274793057482804,,,cuVSLAM,,
2622,1761213159929,-137.07643747329712,159.43336486816406,-187.0560497045517,0.019458680113294075,-0.041765606164130296,0.00922248096500811,,,cuVSLAM,,
2623,1761213159945,-136.63706183433533,164.31578993797302,-186.2581968307495,0.021451649470014836,-0.04346554492801211,0.017599831195699092,,,cuVSLAM,,
2624,1761213159962,-136.22161746025085,168.86889934539795,-185.62091886997223,0.023441942349248096,-0.04496740343496116,0.02554386095560177,,,cuVSLAM,,
2625,1761213159979,-135.5171799659729,173.57242107391357,-185.22080779075623,0.025472791024542026,-0.046367765941857,0.031786337880903535,,,cuVSLAM,,
2626,1761213159995,-134.95643436908722,177.92537808418274,-184.5507025718689,0.027548102405138643,-0.0472822329316349,0.03696437833860297,,,cuVSLAM,,
2627,1761213160012,-134.1407597064972,182.7174425125122,-183.87825787067413,0.02963340431390973,-0.04814680199954265,0.04057698144619801,,,cuVSLAM,,
2628,1761213160029,-133.40379297733307,187.23687529563904,-183.63076448440552,0.03172249089001659,-0.049371441377241525,0.04429758157716272,,,cuVSLAM,,
2629,1761213160045,-132.6184868812561,192.33264029026031,-183.12418460845947,0.033717089899480676,-0.05044065509214401,0.05051654537059923,,,cuVSLAM,,
2630,1761213160062,-131.7131221294403,197.0575451850891,-182.5818568468094,0.03577001851167822,-0.05141266822301003,0.05726457478351767,,,cuVSLAM,,
2631,1761213160079,-130.80748915672302,202.13168859481812,-181.954026222229,0.03780220037466302,-0.05201723208395178,0.06320032395664081,,,cuVSLAM,,
2632,1761213160095,-129.85888123512268,206.95224404335022,-181.57292902469635,0.03971329410606873,-0.0525809188526449,0.06932993154517848,,,cuVSLAM,,
2633,1761213160112,-129.0542334318161,211.74925565719604,-181.11026287078857,0.0414515004352837,-0.05293477503067356,0.07536905968116878,,,cuVSLAM,,
2634,1761213160129,-128.11337411403656,216.87424182891846,-180.44784665107727,0.043004609788791746,-0.053162046028502496,0.08170895380033408,,,cuVSLAM,,
2635,1761213160145,-127.20982730388641,222.2750186920166,-180.17934262752533,0.044282120647667365,-0.05363591829278075,0.08820453527011182,,,cuVSLAM,,
2636,1761213160162,-126.39063596725464,227.5211215019226,-179.82706427574158,0.045219217951431676,-0.0540577832446042,0.09500138565122937,,,cuVSLAM,,
2637,1761213160179,-125.75873732566833,232.91847109794617,-179.81304228305817,0.04575489361523078,-0.054731981236220924,0.10106986509217729,,,cuVSLAM,,
2638,1761213160195,-125.15035271644592,238.28624188899994,-179.82357740402222,0.04610011686570352,-0.05551205558551034,0.10630705561268985,,,cuVSLAM,,
2639,1761213160212,-124.5623454451561,243.80064010620117,-179.64744567871094,0.046310596640882856,-0.05643239029075396,0.11194685834548075,,,cuVSLAM,,
2640,1761213160229,-124.29329752922058,249.55739080905914,-179.53050136566162,0.0463254867570467,-0.057592573891514315,0.11740426232877163,,,cuVSLAM,,
2641,1761213160245,-124.1607815027237,255.08898496627808,-179.31979894638062,0.0462367691892244,-0.058982937361706504,0.12302614275587817,,,cuVSLAM,,
2642,1761213160262,-124.18234348297119,260.34826040267944,-179.23621833324432,0.046013099533868965,-0.06064545264810746,0.12788782606040625,,,cuVSLAM,,
2643,1761213160279,-124.41319972276688,266.0479545593262,-178.95890772342682,0.04552962526789892,-0.06228747589083449,0.13223697877703444,,,cuVSLAM,,
2644,1761213160295,-124.7648224234581,271.6306746006012,-178.74151468276978,0.044969232934981486,-0.06411525270044091,0.13768268094727892,,,cuVSLAM,,
2645,1761213160312,-125.30222535133362,277.1184742450714,-178.49119007587433,0.044278002911710544,-0.06596474079875225,0.14348477461819548,,,cuVSLAM,,
2646,1761213160329,-125.91886520385742,282.5671136379242,-178.31358313560486,0.04353874995084974,-0.06790785644628987,0.1492603690392421,,,cuVSLAM,,
2647,1761213160345,-126.76897644996643,287.8766357898712,-177.75647342205048,0.04280650569067347,-0.06960577462181686,0.15529081853300913,,,cuVSLAM,,
2648,1761213160362,-127.65565514564514,292.94365644454956,-177.5263547897339,0.04207837353814684,-0.07155636464837839,0.16239291932022712,,,cuVSLAM,,
2649,1761213160379,-128.60839068889618,297.70877957344055,-177.11029946804047,0.0414056648840245,-0.07328644051554657,0.16906675144103647,,,cuVSLAM,,
2650,1761213160395,-129.53147292137146,302.03431844711304,-176.8724024295807,0.04088928999847311,-0.07508426143873045,0.17434156274599966,,,cuVSLAM,,
2651,1761213160429,-131.34083151817322,310.30207872390747,-176.0563850402832,0.04031917529115103,-0.07825455438251319,0.18339480955758963,,,cuVSLAM,,
2652,1761213160445,-132.32490420341492,314.10056352615356,-175.56637525558472,0.0401717870730456,-0.0794309479331974,0.18926501487386083,,,cuVSLAM,,
2653,1761213160462,-133.15826654434204,317.76517629623413,-175.10320246219635,0.04004959879494336,-0.08037230353934703,0.19572883873119856,,,cuVSLAM,,
2654,1761213160479,-133.9643895626068,321.17247581481934,-174.64101314544678,0.03993379374758682,-0.08108479170342578,0.20160196852280823,,,cuVSLAM,,
2655,1761213160495,-134.82293486595154,324.1240084171295,-174.13108050823212,0.03985065987242112,-0.08171881401388795,0.2062459129408284,,,cuVSLAM,,
2656,1761213160512,-135.70141792297363,326.961874961853,-173.90266060829163,0.03978029374503705,-0.08260996075340046,0.21017260254686893,,,cuVSLAM,,
2657,1761213160529,-136.75828278064728,329.76284623146057,-173.4044998884201,0.039591924021886236,-0.08339446110059003,0.21441914092291312,,,cuVSLAM,,
2658,1761213160545,-137.68595457077026,332.2795629501343,-173.0421930551529,0.039293972173601956,-0.08421973786456449,0.21816728546488756,,,cuVSLAM,,
2659,1761213160562,-138.667494058609,334.53646302223206,-172.60141670703888,0.03895860227786089,-0.0848433219747978,0.22103359197334235,,,cuVSLAM,,
2660,1761213160579,-139.45390284061432,336.45278215408325,-172.34130203723907,0.038653039385032346,-0.08540476189365828,0.22241563855042257,,,cuVSLAM,,
2661,1761213160595,-140.3360217809677,338.02950382232666,-172.28569090366364,0.03839387925250229,-0.08595661029608416,0.22327989091495443,,,cuVSLAM,,
2662,1761213160612,-141.15794003009796,339.3445909023285,-171.94578051567078,0.03826686981502481,-0.08625395015666147,0.22468337930111001,,,cuVSLAM,,
2663,1761213160629,-141.91746711730957,340.5134677886963,-171.65322601795197,0.03825017315029587,-0.08658099589105958,0.2275423838735806,,,cuVSLAM,,
2664,1761213160645,-142.59487390518188,341.1639928817749,-171.23201489448547,0.03818352174560552,-0.08653679335126813,0.230658382031469,,,cuVSLAM,,
2665,1761213160662,-142.99102127552032,341.4296805858612,-171.0793972015381,0.03799254226998041,-0.08642777346272632,0.233094089509212,,,cuVSLAM,,
2666,1761213160679,-143.3136910200119,341.38980507850647,-170.83419859409332,0.03778019315606246,-0.08616148988265346,0.23375721141854158,,,cuVSLAM,,
2667,1761213160695,-143.6452865600586,341.02293848991394,-170.60303688049316,0.03746974970600319,-0.08579680022706472,0.2323810365472715,,,cuVSLAM,,
2668,1761213160712,-143.79118382930756,340.05552530288696,-170.58183252811432,0.03706227535708702,-0.08553252743615963,0.23090771979629685,,,cuVSLAM,,
2669,1761213160729,-143.80325376987457,338.8691544532776,-170.41203379631042,0.03667723193053958,-0.08503060230977261,0.2297817771606599,,,cuVSLAM,,
2670,1761213160745,-143.86571943759918,337.34989166259766,-170.28547823429108,0.036363014748132395,-0.08431885227206429,0.22976331260461225,,,cuVSLAM,,
2671,1761213160762,-143.58043670654297,335.3980481624603,-170.3503280878067,0.036076478551194134,-0.08335887338040204,0.22923044019700722,,,cuVSLAM,,
2672,1761213160779,-143.2381272315979,332.9624533653259,-170.3096330165863,0.03593161879639529,-0.08208633382244543,0.22688582370857704,,,cuVSLAM,,
2673,1761213160795,-142.7367925643921,330.30688762664795,-170.38428783416748,0.035931324942051875,-0.08089216122999177,0.22303896327830222,,,cuVSLAM,,
2674,1761213160812,-142.18169450759888,327.1324634552002,-170.51339149475098,0.03598285978337594,-0.07981107119789808,0.21868732117448403,,,cuVSLAM,,
2675,1761213160829,-141.6366994380951,323.9651322364807,-170.51979899406433,0.035966992444481725,-0.07872217110162408,0.216174894463545,,,cuVSLAM,,
2676,1761213160845,-140.91886579990387,320.4129934310913,-170.69493234157562,0.03587946107106532,-0.07764924444422575,0.2139964467237056,,,cuVSLAM,,
2677,1761213160862,-140.02491533756256,316.6016638278961,-170.9045171737671,0.03572136443876757,-0.07643321784924986,0.21032535185137738,,,cuVSLAM,,
2678,1761213160879,-138.98774981498718,312.4730587005615,-171.29451036453247,0.03553276718461671,-0.07532296227308981,0.20553966541207278,,,cuVSLAM,,
2679,1761213160895,-138.06873559951782,308.22017788887024,-171.49464786052704,0.0353755525255963,-0.07428554018826455,0.19975054815977175,,,cuVSLAM,,
2680,1761213160912,-136.9195431470871,303.8385510444641,-171.760693192482,0.03511835576178493,-0.07352412205571454,0.19415988507994594,,,cuVSLAM,,
2681,1761213160929,-135.87898015975952,299.3638813495636,-172.00317978858948,0.03459935060048436,-0.07277984477758026,0.1907428044653795,,,cuVSLAM,,
2682,1761213160945,-134.6430778503418,294.89508271217346,-172.15664684772491,0.03391717161707097,-0.07183103040525089,0.18747577979420627,,,cuVSLAM,,
2683,1761213160962,-133.22752714157104,290.10307788848877,-172.19237983226776,0.03306228018614166,-0.07057980824295661,0.1830843963210022,,,cuVSLAM,,
2684,1761213160979,-131.669282913208,285.39517521858215,-172.19606041908264,0.03211597299303636,-0.06923151852023128,0.178748413575466,,,cuVSLAM,,
2685,1761213160995,-130.10500371456146,280.5034816265106,-172.1201390028,0.031102979554534563,-0.06787122450183161,0.1739080604478193,,,cuVSLAM,,
2686,1761213161012,-128.5184770822525,275.684654712677,-171.89407348632812,0.02987884089112816,-0.06652178963736093,0.16995726284344323,,,cuVSLAM,,
2687,1761213161045,-125.287264585495,266.0752236843109,-171.36579751968384,0.026428026248999183,-0.06377301255700932,0.1703941658409132,,,cuVSLAM,,
2688,1761213161062,-123.48809838294983,261.3387107849121,-171.00563645362854,0.02446447954192951,-0.062078939529280175,0.17390291883321052,,,cuVSLAM,,
2689,1761213161079,-121.68686836957932,256.5738558769226,-170.22237181663513,0.022643811698085117,-0.06000928663202692,0.1748855220324638,,,cuVSLAM,,
2690,1761213161095,-119.87817287445068,251.41742825508118,-169.35554146766663,0.02069527033342982,-0.05803196919741483,0.17333738649666292,,,cuVSLAM,,
2691,1761213161112,-118.17937344312668,246.19260430335999,-168.6290055513382,0.01833808843879582,-0.05638407853078028,0.17146987261093283,,,cuVSLAM,,
2692,1761213161129,-116.60453677177429,241.02094769477844,-167.7291840314865,0.015622289420268474,-0.054796691539097934,0.1713862112551818,,,cuVSLAM,,
2693,1761213161145,-115.24999886751175,235.9313815832138,-166.67518019676208,0.012625512444708033,-0.053168662266836926,0.17307479622889682,,,cuVSLAM,,
2694,1761213161162,-113.93122375011444,230.3018867969513,-165.64613580703735,0.009565270254745935,-0.051693185566856766,0.1739299831387996,,,cuVSLAM,,
2695,1761213161179,-112.81286180019379,224.5863378047943,-164.48740661144257,0.006532207184341453,-0.05041921368788398,0.17247833050585715,,,cuVSLAM,,
2696,1761213161195,-112.06474900245667,218.57181191444397,-163.32076489925385,0.0033480676363810734,-0.04956481952532703,0.17001258711546166,,,cuVSLAM,,
2697,1761213161212,-111.67456209659576,212.34390139579773,-162.1362864971161,-0.00011383209921873292,-0.04913906035897983,0.16610508411539318,,,cuVSLAM,,
2698,1761213161228,-111.62388324737549,205.99424839019775,-160.83118319511414,-0.003640247960384791,-0.04916178064737268,0.1610898164127895,,,cuVSLAM,,
2699,1761213161245,-111.90678179264069,199.35950636863708,-159.60989892482758,-0.007004900936389242,-0.04948862566967209,0.1576851233239278,,,cuVSLAM,,
2700,1761213161262,-112.34413087368011,192.5733983516693,-158.4632247686386,-0.00980040577598201,-0.04996454380852683,0.15567957466331525,,,cuVSLAM,,
2701,1761213161279,-112.88263648748398,185.3088140487671,-156.9673717021942,-0.012076941519307808,-0.05044640021888318,0.15279391786020982,,,cuVSLAM,,
2702,1761213161295,-113.60786110162735,177.8068244457245,-155.31696379184723,-0.014144455594724707,-0.05102271723074036,0.15006816700693584,,,cuVSLAM,,
2703,1761213161312,-114.43725228309631,170.39620876312256,-153.77122163772583,-0.016190275173202064,-0.05178261371166776,0.1476860303276467,,,cuVSLAM,,
2704,1761213161328,-115.29918015003204,162.72643208503723,-152.02192962169647,-0.018046874560291946,-0.052551478017486365,0.1456767989714164,,,cuVSLAM,,
2705,1761213161345,-116.1440834403038,155.05363047122955,-150.2145230770111,-0.019609100139536935,-0.05322743793409083,0.14395410885449295,,,cuVSLAM,,
2706,1761213161362,-116.83260649442673,147.25105464458466,-148.2265591621399,-0.02082654540165587,-0.053728025899054746,0.1411653153380429,,,cuVSLAM,,
2707,1761213161379,-117.34931170940399,139.22134041786194,-146.07824385166168,-0.021701821059420322,-0.05395329190417477,0.1377096026436304,,,cuVSLAM,,
2708,1761213161395,-117.8462877869606,131.12221658229828,-144.12301778793335,-0.022601724956046388,-0.054025065279372696,0.13477355469547184,,,cuVSLAM,,
2709,1761213161412,-118.03315579891205,123.11641871929169,-142.10595190525055,-0.023456524772927694,-0.0536880765137554,0.13339870131271234,,,cuVSLAM,,
2710,1761213161429,-117.98233538866043,115.03861844539642,-139.8933082818985,-0.02409421824967175,-0.052819769632120116,0.13322530372034933,,,cuVSLAM,,
2711,1761213161445,-117.7746057510376,106.92974925041199,-137.65545189380646,-0.024526759961989258,-0.05142799206143753,0.13248522437950558,,,cuVSLAM,,
2712,1761213161462,-117.24882572889328,98.77026081085205,-135.42574644088745,-0.02479409792260756,-0.04951755658556909,0.13127199606359044,,,cuVSLAM,,
2713,1761213161478,-116.64355546236038,90.73381125926971,-133.36718082427979,-0.025233853244550544,-0.047213205679844425,0.12981349734939976,,,cuVSLAM,,
2714,1761213161495,-115.80805480480194,82.6587826013565,-131.50900602340698,-0.02584857993602494,-0.04471504875617429,0.12768079453071104,,,cuVSLAM,,
2715,1761213161512,-115.00683426856995,74.64191317558289,-129.28159534931183,-0.026276412910193017,-0.04187606913007845,0.12558172006711943,,,cuVSLAM,,
2716,1761213161528,-114.26429450511932,66.74884259700775,-127.15718150138855,-0.02664557689658308,-0.03921698985413463,0.12474328628158549,,,cuVSLAM,,
2717,1761213161545,-113.49450796842575,58.583736419677734,-125.15273690223694,-0.02668148670961391,-0.036839524355286445,0.12455062692680635,,,cuVSLAM,,
2718,1761213161562,-112.79923468828201,50.38216710090637,-123.16025793552399,-0.026774463903724906,-0.034526360185421136,0.12278930771347832,,,cuVSLAM,,
2719,1761213161578,-112.2903823852539,41.7424738407135,-121.08717858791351,-0.02648059494243857,-0.03253439203719726,0.12000652464761415,,,cuVSLAM,,
2720,1761213161595,-111.15270853042603,33.0314002931118,-119.0960630774498,-0.026083191175401733,-0.03141725852105803,0.11648613787898784,,,cuVSLAM,,
2721,1761213161612,-111.1142709851265,24.51349049806595,-117.19287931919098,-0.024903097591689332,-0.031012804413145672,0.11251799657476658,,,cuVSLAM,,
2722,1761213161629,-111.39232665300369,15.809981152415276,-115.56891351938248,-0.023407871686582777,-0.031519939318870684,0.10868694532002048,,,cuVSLAM,,
2723,1761213161645,-111.97146773338318,7.277071475982666,-113.67873847484589,-0.021810667156785143,-0.032501635146357594,0.10511368691297496,,,cuVSLAM,,
2724,1761213161662,-112.86644637584686,-1.2737810611724854,-111.95989698171616,-0.020215100340347868,-0.034119336164079264,0.10359812307649392,,,cuVSLAM,,
2725,1761213161678,-114.02646452188492,-9.96212288737297,-110.3503555059433,-0.018345339972597626,-0.036397268373303586,0.10267408673766118,,,cuVSLAM,,
2726,1761213161695,-115.36604166030884,-18.636327236890793,-108.57061296701431,-0.016106648206055823,-0.039009646455678226,0.10282619347538728,,,cuVSLAM,,
2727,1761213161712,-116.83353781700134,-27.044247835874557,-106.61426931619644,-0.013653672466288742,-0.04179098178491525,0.10334836773666488,,,cuVSLAM,,
2728,1761213161728,-118.18969249725342,-35.20537540316582,-105.02126067876816,-0.011289265184152183,-0.044881890108443824,0.10268760679167166,,,cuVSLAM,,
2729,1761213161745,-119.65012550354004,-43.52162405848503,-103.08854281902313,-0.00907241385582968,-0.047658561553970136,0.10211669753978543,,,cuVSLAM,,
2730,1761213161762,-121.0976094007492,-51.53036490082741,-101.31065547466278,-0.007184674745148827,-0.050411119249894915,0.10075004563687642,,,cuVSLAM,,
2731,1761213161778,-122.69296497106552,-59.440743178129196,-98.95993769168854,-0.005472650360548003,-0.052681088596457905,0.09923636260458464,,,cuVSLAM,,
2732,1761213161795,-124.01571124792099,-66.85958802700043,-97.40687161684036,-0.003985759401879611,-0.05555734999636692,0.09834092579442616,,,cuVSLAM,,
2733,1761213161812,-125.36537647247314,-74.50379431247711,-95.71906179189682,-0.0027612880044229813,-0.05833208671366528,0.09670686595589563,,,cuVSLAM,,
2734,1761213161828,-126.69363617897034,-82.26507902145386,-93.96614134311676,-0.00178552340453468,-0.06092529089178881,0.09393204783305774,,,cuVSLAM,,
2735,1761213161845,-128.00687551498413,-89.48089182376862,-92.30885654687881,-0.0012298978619281623,-0.06327816329225107,0.09079127277512744,,,cuVSLAM,,
2736,1761213161862,-129.10480797290802,-96.54194116592407,-90.89270979166031,-0.0011118978874947246,-0.06523933468048149,0.08854540258332995,,,cuVSLAM,,
2737,1761213161878,-130.10792434215546,-103.25261950492859,-89.59716558456421,-0.0013063828338934346,-0.06667973508378802,0.08738907984909276,,,cuVSLAM,,
2738,1761213161895,-131.00123405456543,-110.18767952919006,-88.27362954616547,-0.001832807233798456,-0.06774701981635776,0.0864941936303128,,,cuVSLAM,,
2739,1761213161928,-132.5320452451706,-123.14748764038086,-85.89717745780945,-0.003813319137658064,-0.06957043356538456,0.07836486276477529,,,cuVSLAM,,
2740,1761213161945,-133.00961256027222,-129.4659972190857,-85.08703112602234,-0.004942048123931482,-0.07021589202977747,0.07507469981566423,,,cuVSLAM,,
2741,1761213161962,-133.3840936422348,-135.48986613750458,-84.06995236873627,-0.006208268920737612,-0.07019810281959411,0.07274142637854918,,,cuVSLAM,,
2742,1761213161979,-133.77930223941803,-141.44450426101685,-83.01232010126114,-0.007482070400676696,-0.06990667857542897,0.07055720185054422,,,cuVSLAM,,
2743,1761213161995,-134.0390294790268,-147.08289504051208,-82.20627158880234,-0.008851875777618803,-0.0698655539472683,0.0662272082105974,,,cuVSLAM,,
2744,1761213162012,-134.4103217124939,-152.8705656528473,-81.187903881073,-0.009924239440155446,-0.06979527131040059,0.06201089536602514,,,cuVSLAM,,
2745,1761213162028,-134.69989597797394,-158.35422277450562,-80.3772509098053,-0.010830726254092636,-0.06979844607889578,0.059957640233670874,,,cuVSLAM,,
2746,1761213162045,-134.91982221603394,-163.54946792125702,-79.4508159160614,-0.01152249843969402,-0.06958124385017288,0.0584753919395159,,,cuVSLAM,,
2747,1761213162062,-135.0838989019394,-168.48859190940857,-78.55447381734848,-0.012413716433616445,-0.06919076018534907,0.05560003687841683,,,cuVSLAM,,
2748,1761213162078,-135.01209020614624,-173.13937842845917,-77.77101546525955,-0.012972137322622364,-0.06868730211523624,0.05104884943316634,,,cuVSLAM,,
2749,1761213162095,-134.9213272333145,-177.70805954933167,-77.0254135131836,-0.01332635721012986,-0.06800769479795302,0.04511716489969892,,,cuVSLAM,,
2750,1761213162112,-134.7777545452118,-181.87575042247772,-76.4167308807373,-0.013340049389631993,-0.06720599342480596,0.038945691828194864,,,cuVSLAM,,
2751,1761213162128,-134.4340443611145,-185.73397397994995,-76.03674381971359,-0.013299604092634984,-0.0662446846251939,0.03453899412974307,,,cuVSLAM,,
2752,1761213162145,-133.88210535049438,-188.74625861644745,-76.02525502443314,-0.013140233026948524,-0.0649626103151428,0.03361417014163298,,,cuVSLAM,,
2753,1761213162162,-133.11177492141724,-191.2415623664856,-75.8306235074997,-0.013261233462632685,-0.063066269580388,0.03328020202415254,,,cuVSLAM,,
2754,1761213162178,-132.21357762813568,-193.48768889904022,-75.99025964736938,-0.013640446547735455,-0.06104891047885345,0.02899031299469605,,,cuVSLAM,,
2755,1761213162195,-131.05307519435883,-195.19421458244324,-76.03529840707779,-0.014148882008139253,-0.05871026046081725,0.021821162847661474,,,cuVSLAM,,
2756,1761213162212,-129.71585988998413,-196.260005235672,-76.31199061870575,-0.014835383246887475,-0.05638998980484995,0.01581771882969293,,,cuVSLAM,,
2757,1761213162228,-128.33063304424286,-196.76902890205383,-76.44101977348328,-0.015569546816717279,-0.05387394438851337,0.014464297487738965,,,cuVSLAM,,
2758,1761213162245,-126.92441046237946,-196.84934616088867,-76.94174349308014,-0.016494019453503973,-0.05149987504284314,0.014695261864644432,,,cuVSLAM,,
2759,1761213162262,-125.489741563797,-196.25906646251678,-77.38497853279114,-0.01756504337267569,-0.04896783986246382,0.013975957338602072,,,cuVSLAM,,
2760,1761213162278,-123.91957640647888,-195.61590254306793,-77.75848358869553,-0.018769750350224518,-0.04631453498236136,0.012890109178122772,,,cuVSLAM,,
2761,1761213162295,-122.24970757961273,-194.39126551151276,-77.98492908477783,-0.019786981382563736,-0.043614472657982156,0.011350840222014281,,,cuVSLAM,,
2762,1761213162312,-120.66294252872467,-193.33137571811676,-78.14468443393707,-0.02045264300374449,-0.04107942940154354,0.010698044331875012,,,cuVSLAM,,
2763,1761213162328,-119.12083625793457,-191.39344990253448,-78.63453030586243,-0.02097854677239529,-0.03897857153672715,0.01022737568506331,,,cuVSLAM,,
2764,1761213162345,-117.53427237272263,-189.17812407016754,-79.32715117931366,-0.021600604085258785,-0.03728150817914289,0.010909399936198647,,,cuVSLAM,,
2765,1761213162362,-116.19311571121216,-186.47706508636475,-79.74154502153397,-0.022014268120663708,-0.03570720663630597,0.010341916825264079,,,cuVSLAM,,
2766,1761213162379,-114.86537754535675,-183.3968311548233,-80.45940101146698,-0.0221563034260131,-0.03476333025652845,0.007475369027308239,,,cuVSLAM,,
2767,1761213162395,-113.52896690368652,-180.2990436553955,-80.80358058214188,-0.022004798519233672,-0.033818377575479314,0.004727414765424213,,,cuVSLAM,,
2768,1761213162412,-112.33782768249512,-177.03311145305634,-81.32985979318619,-0.021379815636682713,-0.03289260836167839,0.004283496308126616,,,cuVSLAM,,
2769,1761213162428,-111.09603196382523,-173.18299412727356,-82.14068412780762,-0.020426709554679238,-0.03192131028286276,0.007357603455541446,,,cuVSLAM,,
2770,1761213162445,-109.85969007015228,-168.95322501659393,-82.50951766967773,-0.01906354624634049,-0.030599048804005876,0.009766928772887392,,,cuVSLAM,,
2771,1761213162462,-108.56585204601288,-164.48526084423065,-82.9518660902977,-0.017361077206588815,-0.029334391873264296,0.009888711347118061,,,cuVSLAM,,
2772,1761213162478,-107.35869407653809,-159.95152294635773,-83.29931646585464,-0.015411570158099689,-0.028232837696293735,0.008344557658189125,,,cuVSLAM,,
2773,1761213162512,-105.12819141149521,-149.59366619586945,-83.89997482299805,-0.011502588014717728,-0.026611754536653546,0.007693278795629909,,,cuVSLAM,,
2774,1761213162528,-103.93251478672028,-143.66783201694489,-84.5632404088974,-0.009672763168468155,-0.02609739777894033,0.01408129324187037,,,cuVSLAM,,
2775,1761213162545,-102.85826027393341,-137.44837045669556,-85.07753908634186,-0.0076294137706286935,-0.02544308480823048,0.021454126845434462,,,cuVSLAM,,
2776,1761213162562,-101.87109559774399,-130.75657188892365,-85.54244786500931,-0.005664925657381302,-0.02474412037880364,0.027177325815014676,,,cuVSLAM,,
2777,1761213162578,-100.82194209098816,-124.09554421901703,-85.92692017555237,-0.0038963819658759417,-0.024085989890369634,0.02912673015500295,,,cuVSLAM,,
2778,1761213162595,-99.85150396823883,-117.08603799343109,-86.59161627292633,-0.0025335976245630066,-0.024130004962900378,0.026630715162987866,,,cuVSLAM,,
2779,1761213162612,-99.06764328479767,-109.67308282852173,-86.98999881744385,-0.0012469275214643395,-0.02445721956053897,0.02502528164643994,,,cuVSLAM,,
2780,1761213162628,-98.39688241481781,-102.39095985889435,-87.46491372585297,0.00025486362693638093,-0.025114473053618375,0.028189282967418895,,,cuVSLAM,,
2781,1761213162645,-97.77327626943588,-94.82274949550629,-87.69682049751282,0.002038447119475905,-0.025628038507385934,0.032825581808327946,,,cuVSLAM,,
2782,1761213162662,-97.083680331707,-87.1366411447525,-88.18989992141724,0.004024563303630639,-0.026203236804903593,0.03620874234756425,,,cuVSLAM,,
2783,1761213162678,-96.50659561157227,-79.23820614814758,-88.3283019065857,0.0060020878765516,-0.02649604631836984,0.036472769954134635,,,cuVSLAM,,
2784,1761213162695,-95.96294164657593,-71.38046622276306,-88.72361481189728,0.007789592630281269,-0.027254800592644488,0.03427001412610556,,,cuVSLAM,,
2785,1761213162712,-95.61533480882645,-63.446611166000366,-88.99916708469391,0.009587586927537617,-0.028490878900459496,0.03460867822221687,,,cuVSLAM,,
2786,1761213162728,-95.25247663259506,-54.802242666482925,-89.22351896762848,0.0113638635838177,-0.030024418517814903,0.040642709873105,,,cuVSLAM,,
2787,1761213162745,-95.05489468574524,-46.08931764960289,-89.72623199224472,0.013034017937958537,-0.03185873855224363,0.04676702533137751,,,cuVSLAM,,
2788,1761213162762,-95.01186013221741,-37.385571748018265,-89.85896408557892,0.014657686041697277,-0.0335923876486025,0.052967397515872844,,,cuVSLAM,,
2789,1761213162778,-94.91432458162308,-28.60230579972267,-90.2288407087326,0.01604475973411749,-0.035435019408586406,0.057030107746764425,,,cuVSLAM,,
2790,1761213162795,-94.97319161891937,-19.925124943256378,-90.58625996112823,0.017246699439981333,-0.03736367163355683,0.05886207594758611,,,cuVSLAM,,
2791,1761213162812,-95.03882378339767,-10.709788650274277,-90.85984528064728,0.01834171932223728,-0.03941445120399447,0.061595743960222764,,,cuVSLAM,,
2792,1761213162829,-95.10484337806702,-1.2953132390975952,-90.57252109050751,0.019255781303665027,-0.04117283057650266,0.06753934902737799,,,cuVSLAM,,
2793,1761213162845,-95.41286528110504,8.157873526215553,-90.68988263607025,0.01979762360756918,-0.04319029729158062,0.07578281339354706,,,cuVSLAM,,
2794,1761213162862,-95.50011157989502,18.074803054332733,-90.82701057195663,0.01989830882624427,-0.045064816016404545,0.08300823514705451,,,cuVSLAM,,
2795,1761213162878,-95.61682492494583,28.054941445589066,-90.97236394882202,0.019679650409992516,-0.04683983546376567,0.08981903934481027,,,cuVSLAM,,
2796,1761213162895,-95.79874575138092,38.16124051809311,-91.06823056936264,0.01910047511337125,-0.04861213864841888,0.09477582094437892,,,cuVSLAM,,
2797,1761213162912,-96.12040966749191,48.11466112732887,-90.9421294927597,0.018407308749423357,-0.05029585994886504,0.09750175529568787,,,cuVSLAM,,
2798,1761213162928,-96.52398526668549,58.45175310969353,-90.9031629562378,0.017516912294418648,-0.0521039407151037,0.10238914711330947,,,cuVSLAM,,
2799,1761213162945,-96.92844748497009,68.84922832250595,-90.85579961538315,0.016430793204551798,-0.05380642258055765,0.10889232602951858,,,cuVSLAM,,
2800,1761213162962,-97.21889346837997,79.26350831985474,-90.88663756847382,0.015361385395631926,-0.055413941170226313,0.11443199513581834,,,cuVSLAM,,
2801,1761213162978,-97.76068478822708,89.43310379981995,-90.61402827501297,0.014536124431090033,-0.056722531107436344,0.11903497578127854,,,cuVSLAM,,
2802,1761213162995,-98.448745906353,99.17408227920532,-90.64862877130508,0.01378819336689808,-0.058349632040781335,0.12217134912541285,,,cuVSLAM,,
2803,1761213163012,-99.19228404760361,108.75602066516876,-90.473972260952,0.013438982851011895,-0.06015389206174504,0.1259219068109837,,,cuVSLAM,,
2804,1761213163028,-99.97960925102234,118.55259537696838,-90.47063440084457,0.013072812484226808,-0.06212901898650572,0.13471917753212076,,,cuVSLAM,,
2805,1761213163045,-100.8056327700615,127.99116969108582,-90.92464298009872,0.012971075759098503,-0.06445285491724158,0.14507449831220207,,,cuVSLAM,,
2806,1761213163062,-101.59461200237274,137.57674396038055,-90.48675000667572,0.012992515723582627,-0.06617443619988711,0.15323906108351637,,,cuVSLAM,,
2807,1761213163078,-102.25926339626312,147.37586677074432,-90.22332727909088,0.013032559868289283,-0.06808171788398003,0.1601476915902823,,,cuVSLAM,,
2808,1761213163095,-102.98659652471542,156.78861737251282,-90.24377167224884,0.013318154110361361,-0.07010023971890048,0.16851148412920822,,,cuVSLAM,,
2809,1761213163112,-103.6510318517685,165.73353111743927,-90.47422558069229,0.013680733931233261,-0.07207592183567617,0.17693646218188783,,,cuVSLAM,,
2810,1761213163128,-103.75647246837616,176.03594064712524,-89.48072046041489,0.014281898910630702,-0.07300726125073598,0.18309668877470103,,,cuVSLAM,,
2811,1761213163145,-104.3170914053917,185.143381357193,-89.36415612697601,0.014887905188465124,-0.07414637655675804,0.19227673189441227,,,cuVSLAM,,
2812,1761213163162,-104.5772135257721,194.30513679981232,-89.57387506961823,0.015328136175690305,-0.0751886079697032,0.20475043536239776,,,cuVSLAM,,
2813,1761213163178,-104.84077036380768,203.73515784740448,-89.4610658288002,0.015604685074122613,-0.07550827893191031,0.21839882853774537,,,cuVSLAM,,
2814,1761213163195,-104.63444888591766,213.03603053092957,-89.63843435049057,0.015648561607570225,-0.07554277638760422,0.22952443219526417,,,cuVSLAM,,
2815,1761213163212,-104.1468158364296,221.82780504226685,-89.7127240896225,0.015477640278241538,-0.07511040349889737,0.2390083451244085,,,cuVSLAM,,
2816,1761213163228,-103.63126546144485,230.87847232818604,-89.72454071044922,0.0152016949031336,-0.07433852958534676,0.24744233991807907,,,cuVSLAM,,
2817,1761213163245,-102.80710458755493,239.79373276233673,-90.04825353622437,0.01471084453196137,-0.07335643908085951,0.2574545727709289,,,cuVSLAM,,
2818,1761213163262,-102.0137220621109,248.92589449882507,-89.9074599146843,0.013990068374794662,-0.07160279231106155,0.26961886181904265,,,cuVSLAM,,
2819,1761213163278,-100.8499413728714,257.8062415122986,-89.97960388660431,0.012970343857147132,-0.069486083634951,0.28199285843933086,,,cuVSLAM,,
2820,1761213163295,-99.38718378543854,266.3796544075012,-89.91733193397522,0.01182167086419228,-0.06690176586479583,0.29157630525627687,,,cuVSLAM,,
2821,1761213163312,-97.96477109193802,274.96248483657837,-89.83007073402405,0.010616192196861404,-0.06413140639910869,0.3001500384991239,,,cuVSLAM,,
2822,1761213163328,-96.41450643539429,283.2976281642914,-90.09748697280884,0.009179381132566325,-0.06134960673397228,0.3096100079447247,,,cuVSLAM,,
2823,1761213163362,-93.29739958047867,299.49861764907837,-90.59473127126694,0.006338784427963427,-0.05562352708772626,0.3295659872809692,,,cuVSLAM,,
2824,1761213163378,-91.90148115158081,307.1920871734619,-90.51092714071274,0.004944121266717916,-0.05266332234820052,0.3408882308494238,,,cuVSLAM,,
2825,1761213163395,-90.49175679683685,314.6437704563141,-90.55039286613464,0.003657925743752755,-0.05012681486769248,0.34885925058640144,,,cuVSLAM,,
2826,1761213163412,-89.11767601966858,321.8349814414978,-90.74520319700241,0.0023767013033394882,-0.04793931155438802,0.3556922221551244,,,cuVSLAM,,
2827,1761213163428,-87.95048296451569,328.88704538345337,-91.21633321046829,0.0009560966326180117,-0.04614134002647769,0.3647480167149142,,,cuVSLAM,,
2828,1761213163445,-86.91354840993881,335.8088433742523,-91.268390417099,-0.0005406662704415967,-0.04409348299962589,0.37455371136172616,,,cuVSLAM,,
2829,1761213163462,-85.86584031581879,342.40326285362244,-91.55502170324326,-0.001997604627512221,-0.04204764142191854,0.38537022113082203,,,cuVSLAM,,
2830,1761213163479,-85.02691984176636,348.78623485565186,-91.82455390691757,-0.0034919811334942043,-0.04001297271517369,0.3951813787212611,,,cuVSLAM,,
2831,1761213163495,-84.18294042348862,354.684978723526,-92.11208671331406,-0.004955695249064778,-0.038084775205344125,0.4014061471138247,,,cuVSLAM,,
2832,1761213163512,-83.42596888542175,360.36285758018494,-92.63356775045395,-0.0065591894249487125,-0.03650493261482074,0.40671286108238697,,,cuVSLAM,,
2833,1761213163528,-81.54798299074173,364.99735713005066,-92.74347871541977,-0.008395015943664399,-0.034988149289287174,0.41401440853692334,,,cuVSLAM,,
2834,1761213163545,-81.22029155492783,370.0317442417145,-92.90655702352524,-0.010288983433715282,-0.03352750584871782,0.4219604824451077,,,cuVSLAM,,
2835,1761213163562,-81.02365583181381,374.65164065361023,-93.38190406560898,-0.012204552265367733,-0.03240957388403657,0.43023874737287465,,,cuVSLAM,,
2836,1761213163578,-80.86079359054565,378.7239193916321,-93.85979920625687,-0.014027354002517211,-0.03151876800381867,0.4355595191679668,,,cuVSLAM,,
2837,1761213163595,-80.78527450561523,382.4024796485901,-94.36194598674774,-0.01594628711848853,-0.030901308444705945,0.4375086747671107,,,cuVSLAM,,
2838,1761213163612,-80.6727260351181,385.5661153793335,-94.95090693235397,-0.01803351211774183,-0.03053573675974959,0.43762695659835604,,,cuVSLAM,,
2839,1761213163628,-80.78108727931976,388.4969651699066,-95.44295817613602,-0.020295136309788655,-0.030098038772994933,0.4392576205276967,,,cuVSLAM,,
2840,1761213163645,-80.89564740657806,391.07972383499146,-95.94541043043137,-0.022580033350731478,-0.029449067100900513,0.44299744611638625,,,cuVSLAM,,
2841,1761213163662,-80.99779486656189,393.2126760482788,-96.37690335512161,-0.024632801261139217,-0.028495739245409577,0.44742006757754726,,,cuVSLAM,,
2842,1761213163678,-80.84964752197266,394.78546380996704,-96.97747975587845,-0.026634954785712487,-0.027425754060343168,0.449926677106674,,,cuVSLAM,,
2843,1761213163695,-80.692358314991,395.74965834617615,-97.40441292524338,-0.02862257947039332,-0.026128294814318814,0.44928840351319604,,,cuVSLAM,,
2844,1761213163712,-80.31021803617477,396.42786979675293,-98.03760796785355,-0.030956515361397624,-0.024882544858192267,0.44688463004658113,,,cuVSLAM,,
2845,1761213163728,-79.97672259807587,396.65934443473816,-98.73325377702713,-0.03348723414077768,-0.023626206338337685,0.4456556737124284,,,cuVSLAM,,
2846,1761213163745,-79.58724349737167,396.5790867805481,-99.15458410978317,-0.03603416478750253,-0.02196887889643675,0.44632802839386043,,,cuVSLAM,,
2847,1761213163762,-79.04930412769318,396.09411358833313,-99.7023731470108,-0.03861728833353606,-0.019991261588109075,0.44877988215771375,,,cuVSLAM,,
2848,1761213163778,-78.30599695444107,395.13641595840454,-100.12199729681015,-0.04106514925951004,-0.01755699678374869,0.4482115190417359,,,cuVSLAM,,
2849,1761213163795,-77.21778005361557,393.4955596923828,-100.52264481782913,-0.04352035535974353,-0.015166978050879696,0.44244442608417806,,,cuVSLAM,,
2850,1761213163812,-76.2484222650528,391.38999581336975,-100.79680383205414,-0.045851032084611894,-0.013079410783118006,0.4350482318305689,,,cuVSLAM,,
2851,1761213163828,-75.32783597707748,388.8516426086426,-100.9676456451416,-0.048135473916746156,-0.01139093972993293,0.42840744542948195,,,cuVSLAM,,
2852,1761213163845,-74.41842555999756,386.0778212547302,-101.17235034704208,-0.050345911550387146,-0.00999366242988608,0.4242872967732319,,,cuVSLAM,,
2853,1761213163862,-73.52607697248459,383.0105662345886,-101.16086155176163,-0.05250454117402245,-0.008525610608771947,0.42133854581493585,,,cuVSLAM,,
2854,1761213163878,-72.65328615903854,379.5056939125061,-100.93025863170624,-0.05458079914674727,-0.007097328929856681,0.41617755798328526,,,cuVSLAM,,
2855,1761213163895,-71.82297855615616,375.73596835136414,-100.49084573984146,-0.05662650969582251,-0.005971841111913038,0.4082335199690408,,,cuVSLAM,,
2856,1761213163912,-71.08335942029953,371.67978286743164,-99.97577965259552,-0.05874124194380545,-0.005373573667923098,0.39952498495382244,,,cuVSLAM,,
2857,1761213163928,-70.56204974651337,367.494136095047,-99.5737835764885,-0.06092768871208185,-0.005289041423635806,0.3917683151186429,,,cuVSLAM,,
2858,1761213163962,-69.74896788597107,358.5980236530304,-98.2562005519867,-0.06525827572964231,-0.0050916769932349394,0.380105396843519,,,cuVSLAM,,
2859,1761213163979,-69.53517347574234,354.02706265449524,-97.25981205701828,-0.06739536762082322,-0.0047131566752084825,0.37496135597673713,,,cuVSLAM,,
2860,1761213163995,-69.29845362901688,349.1504490375519,-96.3459238409996,-0.0696397656517376,-0.0046113858993269965,0.36753986623554247,,,cuVSLAM,,
2861,1761213164012,-69.11198794841766,344.22147274017334,-95.41007876396179,-0.0720829613012083,-0.004824145448816542,0.3576368011520888,,,cuVSLAM,,
2862,1761213164028,-68.96033883094788,339.115709066391,-94.60708498954773,-0.07477737712565086,-0.005112512169660061,0.34820134241336403,,,cuVSLAM,,
2863,1761213164045,-68.82554292678833,334.1967463493347,-93.73611956834793,-0.07758713786792468,-0.005092598407445355,0.33960906404642377,,,cuVSLAM,,
2864,1761213164062,-68.56746226549149,329.1316628456116,-92.58405864238739,-0.08026567839963579,-0.004450678039590343,0.3325028342270563,,,cuVSLAM,,
2865,1761213164079,-68.26147437095642,323.9547312259674,-91.385617852211,-0.08263003081983836,-0.0033837656696099018,0.3282168445126812,,,cuVSLAM,,
2866,1761213164095,-67.82115250825882,318.4816539287567,-90.2218446135521,-0.08451583349561866,-0.0022817957857869746,0.32318265499042265,,,cuVSLAM,,
2867,1761213164112,-67.24520027637482,312.7688467502594,-88.95067125558853,-0.08604500557904442,-0.0012286642382113206,0.3149371162325037,,,cuVSLAM,,
2868,1761213164128,-66.49916619062424,306.8035840988159,-87.94234693050385,-0.08750905831963289,-0.00033576041253087036,0.30621073782777997,,,cuVSLAM,,
2869,1761213164145,-65.76205790042877,300.92090368270874,-86.97595447301865,-0.08897885329841848,0.0008883905038298067,0.2990947556210255,,,cuVSLAM,,
2870,1761213164162,-64.87800925970078,295.02058029174805,-85.96212416887283,-0.09004885572655913,0.002543546471804629,0.2933619155942455,,,cuVSLAM,,
2871,1761213164178,-63.753873109817505,288.7571454048157,-84.63937789201736,-0.09060089412186534,0.004623699547129723,0.28708672110411987,,,cuVSLAM,,
2872,1761213164195,-62.52965331077576,282.26444125175476,-83.61466974020004,-0.09066367317908147,0.006556525393843201,0.2797448315004916,,,cuVSLAM,,
2873,1761213164212,-61.33329123258591,275.540828704834,-82.6551616191864,-0.09044996416573682,0.008166384704744642,0.2699998506489855,,,cuVSLAM,,
2874,1761213164228,-60.274265706539154,268.72286200523376,-81.86771720647812,-0.09005105370916806,0.009520027328068817,0.260528505386013,,,cuVSLAM,,
2875,1761213164245,-59.32885408401489,262.0994448661804,-80.97279071807861,-0.08951934567050798,0.010856084942768329,0.252559987560857,,,cuVSLAM,,
2876,1761213164262,-58.28385800123215,255.08973002433777,-80.23130893707275,-0.08869540952705429,0.011843155392055944,0.24506144865603235,,,cuVSLAM,,
2877,1761213164278,-57.47315660119057,247.9613721370697,-79.70187813043594,-0.0873495754912821,0.012357361911183844,0.23713499169539962,,,cuVSLAM,,
2878,1761213164295,-56.653790175914764,240.7381534576416,-79.32087779045105,-0.08558182396004087,0.012479130577322684,0.229223534062832,,,cuVSLAM,,
2879,1761213164312,-55.97663298249245,233.3555370569229,-78.86144518852234,-0.08348950224142217,0.01260805980174001,0.22197353888198118,,,cuVSLAM,,
2880,1761213164328,-55.447518825531006,226.01549327373505,-78.38016003370285,-0.08122032127809685,0.012586016120537185,0.21579720729588509,,,cuVSLAM,,
2881,1761213164345,-55.159177631139755,218.68015825748444,-77.81679928302765,-0.07867591234305597,0.012369462829652983,0.20972105990973472,,,cuVSLAM,,
2882,1761213164362,-54.96664345264435,211.21665835380554,-77.2019550204277,-0.07583962150735786,0.011866999543117675,0.2037576443884813,,,cuVSLAM,,
2883,1761213164378,-54.78750541806221,203.77729833126068,-76.71450823545456,-0.07271765677145499,0.01116143152336905,0.19761284500962342,,,cuVSLAM,,
2884,1761213164395,-54.82833459973335,196.62772119045258,-76.24329626560211,-0.0694619980422191,0.010477648332522599,0.19156570018937738,,,cuVSLAM,,
2885,1761213164412,-54.84653636813164,189.33944404125214,-75.6198912858963,-0.06599198308384414,0.010040347494866129,0.18625779648038066,,,cuVSLAM,,
2886,1761213164428,-54.76966127753258,182.1098029613495,-75.04996657371521,-0.06260445532792569,0.009710493788407845,0.18147901282341783,,,cuVSLAM,,
2887,1761213164445,-54.763343185186386,175.04164576530457,-74.56552982330322,-0.059366184626350425,0.009400973962882407,0.1771052929973534,,,cuVSLAM,,
2888,1761213164462,-54.79637533426285,168.16595196723938,-73.53821396827698,-0.05616628145281707,0.00951807235097711,0.17302491444730875,,,cuVSLAM,,
2889,1761213164478,-54.876625537872314,161.56747937202454,-72.5303441286087,-0.053003948060043424,0.009656721580704951,0.16862975729210922,,,cuVSLAM,,
2890,1761213164495,-54.89318072795868,155.1133394241333,-71.53014838695526,-0.050032066658983715,0.009838453541696754,0.16387980330746887,,,cuVSLAM,,
2891,1761213164512,-54.821256548166275,148.74407649040222,-70.96434384584427,-0.04704648246216862,0.009872761159632645,0.15982882874865764,,,cuVSLAM,,
2892,1761213164528,-54.79641258716583,143.02806556224823,-70.67710161209106,-0.04412426926840879,0.00996739972938862,0.15667317575377515,,,cuVSLAM,,
2893,1761213164545,-54.657746106386185,137.1620148420334,-69.94030624628067,-0.04153914150687066,0.010552986990052537,0.15259424689127662,,,cuVSLAM,,
2894,1761213164562,-54.582998156547546,131.67589902877808,-69.26743686199188,-0.03912841744451325,0.011148372586089842,0.14812299153948474,,,cuVSLAM,,
2895,1761213164578,-54.62994426488876,126.84513628482819,-68.697988986969,-0.03673537088102758,0.011785064757108834,0.14524566723379503,,,cuVSLAM,,
2896,1761213164595,-54.63256686925888,121.74449861049652,-67.88328289985657,-0.03460173229964827,0.012551203834701773,0.14338707030704273,,,cuVSLAM,,
2897,1761213164612,-54.61900681257248,117.01467633247375,-67.76747852563858,-0.03264764056766997,0.012642381174729395,0.1414639709705741,,,cuVSLAM,,
2898,1761213164628,-54.83502149581909,112.58164048194885,-67.20251590013504,-0.031124674417196064,0.012871814365039216,0.1391955599251172,,,cuVSLAM,,
2899,1761213164645,-54.749127477407455,108.65005850791931,-67.07977503538132,-0.02985175920987226,0.012561420422572417,0.13551848958143076,,,cuVSLAM,,
2900,1761213164662,-55.0810880959034,104.4895276427269,-66.59883260726929,-0.028498922160641326,0.012422694068681859,0.13152046149421084,,,cuVSLAM,,
2901,1761213164678,-55.30153587460518,100.76295584440231,-66.50812178850174,-0.027052265996514998,0.012027034822616406,0.12853278797227444,,,cuVSLAM,,
2902,1761213164695,-55.63095584511757,97.16789424419403,-66.46008044481277,-0.025410874505404576,0.011622239269187895,0.12731608909776373,,,cuVSLAM,,
2903,1761213164712,-55.99033087491989,93.62687170505524,-66.49865210056305,-0.023797092563534836,0.011119513473567265,0.1266884398853374,,,cuVSLAM,,
2904,1761213164728,-56.38571083545685,90.1891216635704,-66.68639183044434,-0.022154745006583692,0.010470712018964944,0.12543608301769943,,,cuVSLAM,,
2905,1761213164745,-56.831009685993195,86.8227630853653,-66.8131411075592,-0.02045805954212198,0.00986991499145779,0.12407561074091641,,,cuVSLAM,,
2906,1761213164762,-57.2323240339756,83.6176723241806,-66.9027641415596,-0.018732161872150904,0.009337995603584628,0.1219644958696171,,,cuVSLAM,,
2907,1761213164778,-57.57524073123932,80.44484257698059,-67.18942523002625,-0.0169364584509933,0.008719118444204596,0.12087923850316312,,,cuVSLAM,,
2908,1761213164795,-57.85909667611122,77.70498842000961,-67.91756302118301,-0.015295219570782748,0.007892334523520108,0.12208670010034813,,,cuVSLAM,,
2909,1761213164812,-58.18833410739899,74.9957412481308,-68.18579137325287,-0.013597981999102423,0.0074128928566830855,0.12486053976784146,,,cuVSLAM,,
2910,1761213164828,-58.564506471157074,72.47655093669891,-68.19339841604233,-0.011953911163659115,0.00698038106572388,0.12702352737401126,,,cuVSLAM,,
2911,1761213164845,-59.064630419015884,70.16133517026901,-68.2389959692955,-0.010404337786530583,0.006344189356356683,0.1272204632391246,,,cuVSLAM,,
2912,1761213164862,-59.441518038511276,67.89487600326538,-68.36927682161331,-0.00898652809970398,0.005642024892214774,0.12583654442819298,,,cuVSLAM,,
2913,1761213164878,-59.73701924085617,65.47486782073975,-68.61450523138046,-0.007454218667946677,0.0049707112972852815,0.12509716096350632,,,cuVSLAM,,
2914,1761213164895,-60.04783138632774,63.505008816719055,-68.99072229862213,-0.005925582480740876,0.00435848497939813,0.12595677266447983,,,cuVSLAM,,
2915,1761213164912,-60.30729040503502,61.77031248807907,-69.03678923845291,-0.004533300820346893,0.004021132775868648,0.12733099370063763,,,cuVSLAM,,
2916,1761213164928,-60.54449453949928,60.26599928736687,-69.20585036277771,-0.0035165364864184374,0.003586643938607991,0.12822786142237047,,,cuVSLAM,,
2917,1761213164945,-60.82518398761749,58.75309929251671,-69.00334358215332,-0.0027422154043268048,0.0033836626041977053,0.1269658437925799,,,cuVSLAM,,
2918,1761213164962,-60.85290014743805,57.61178955435753,-69.27870959043503,-0.002271408062187697,0.0029088411221492526,0.12452038231199508,,,cuVSLAM,,
2919,1761213164995,-61.01372092962265,55.66751956939697,-69.26935166120529,-0.0014314310773774108,0.0026247022236589317,0.12348973071452145,,,cuVSLAM,,
2920,1761213165012,-61.00109592080116,55.10925501585007,-69.2431628704071,-0.001183245348643587,0.002661876837718649,0.12436435554726741,,,cuVSLAM,,
2921,1761213165028,-61.08264997601509,54.50766906142235,-68.956658244133,-0.001189674794180331,0.0029374040441253768,0.12510664627296741,,,cuVSLAM,,
2922,1761213165045,-61.12363189458847,54.001983255147934,-68.78209859132767,-0.0013010247306560838,0.0030884167307779916,0.12507223591139613,,,cuVSLAM,,
2923,1761213165062,-61.12802028656006,53.49306017160416,-68.5223788022995,-0.0015424633665043956,0.0032233296844754195,0.12500779200435352,,,cuVSLAM,,
2924,1761213165078,-61.15562841296196,53.26460301876068,-68.32008808851242,-0.0018662690684025014,0.0032846863224530783,0.12512448610433688,,,cuVSLAM,,
2925,1761213165095,-61.20051443576813,53.135063499212265,-68.14209371805191,-0.0023413910231849743,0.003324330195256058,0.12511723920833362,,,cuVSLAM,,
2926,1761213165112,-61.30200996994972,53.10681462287903,-68.10986250638962,-0.0030536797114430916,0.003247899762008731,0.12451339554379415,,,cuVSLAM,,
2927,1761213165128,-61.472926288843155,53.15694212913513,-67.87855178117752,-0.003932001469426396,0.003239316147959644,0.12325389377974431,,,cuVSLAM,,
2928,1761213165145,-61.63741275668144,53.10332402586937,-68.05489957332611,-0.004797271841993175,0.002853808910793944,0.12256831577711738,,,cuVSLAM,,
2929,1761213165162,-61.759598553180695,53.15350741147995,-67.96401739120483,-0.005550204763116942,0.0026523374003751925,0.12227628946935176,,,cuVSLAM,,
2930,1761213165178,-61.92002817988396,53.26829478144646,-67.94236600399017,-0.006256822147828444,0.0025182251903588383,0.12217467632750856,,,cuVSLAM,,
2931,1761213165195,-62.03829497098923,53.31597477197647,-68.03672015666962,-0.006799708445806173,0.002432518842433561,0.12294189260770154,,,cuVSLAM,,
2932,1761213165212,-62.16111034154892,53.24398726224899,-67.99818575382233,-0.007231392770035745,0.0025811846876626875,0.12423545098574687,,,cuVSLAM,,
2933,1761213165228,-62.24227324128151,53.18796634674072,-67.93464720249176,-0.007576955815536117,0.0027220657906835448,0.12476311592520649,,,cuVSLAM,,
2934,1761213165245,-62.33622133731842,53.11799421906471,-67.84428656101227,-0.007870140042413168,0.002793652703455407,0.12395978021600484,,,cuVSLAM,,
2935,1761213165262,-62.533751130104065,53.00344526767731,-67.88947433233261,-0.008119111294397538,0.0026777098383103768,0.12294470443465179,,,cuVSLAM,,
2936,1761213165278,-62.58091330528259,52.58876830339432,-68.18783283233643,-0.008318172502872466,0.00236456802043474,0.12247291958147348,,,cuVSLAM,,
2937,1761213165295,-62.686048448085785,52.087634801864624,-68.2864785194397,-0.008297347016154113,0.002298504848740366,0.12219538504661369,,,cuVSLAM,,
2938,1761213165312,-62.67646700143814,51.55367776751518,-68.6727911233902,-0.008070262790164819,0.0021339078909112246,0.12279680906737862,,,cuVSLAM,,
2939,1761213165328,-62.73156404495239,51.164936274290085,-68.85851919651031,-0.007725910313474285,0.002167779786169663,0.12353241016972698,,,cuVSLAM,,
2940,1761213165345,-62.86321580410004,50.717324018478394,-68.96420568227768,-0.00745391622655903,0.002234991069667382,0.1235522027427567,,,cuVSLAM,,
2941,1761213165362,-63.04631382226944,50.2149723470211,-69.18337941169739,-0.007278255590323248,0.0021541402916502154,0.12257110936996421,,,cuVSLAM,,
2942,1761213165378,-63.17993998527527,49.61055517196655,-69.3613812327385,-0.007117225791073386,0.0018392655657952098,0.12098055498935517,,,cuVSLAM,,
2943,1761213165395,-63.365623354911804,48.983898013830185,-69.77738440036774,-0.006798538203058261,0.001155226080444542,0.11985841054608325,,,cuVSLAM,,
2944,1761213165412,-63.57035040855408,48.3715757727623,-70.30340284109116,-0.006373904070066984,0.0003873312105686754,0.11998019183014168,,,cuVSLAM,,
2945,1761213165428,-63.78726661205292,47.72927239537239,-70.58467715978622,-0.005774299898570284,-0.00015549099309855385,0.12116279536804918,,,cuVSLAM,,
2946,1761213165445,-64.00404125452042,47.18631133437157,-70.83190232515335,-0.0053966581591520365,-0.0005093400186107611,0.12171550093920903,,,cuVSLAM,,
2947,1761213165462,-64.3337070941925,46.5472973883152,-70.8031952381134,-0.0050162972039783935,-0.0007960460322378369,0.1205187203158908,,,cuVSLAM,,
2948,1761213165478,-64.65524435043335,45.87149620056152,-70.9308385848999,-0.004687563977626238,-0.001318178263195047,0.1191964526848294,,,cuVSLAM,,
2949,1761213165496,-64.96957689523697,45.150160789489746,-71.42668962478638,-0.004330580046121494,-0.002190150251594002,0.11879934660464424,,,cuVSLAM,,
2950,1761213165512,-65.3151422739029,44.47347670793533,-71.59575074911118,-0.003947845753630357,-0.0028071334069273168,0.11885862793757712,,,cuVSLAM,,
2951,1761213165528,-65.70722907781601,43.843165040016174,-71.72778993844986,-0.003573235944528059,-0.0033371547777140634,0.1192423887032308,,,cuVSLAM,,
2952,1761213165545,-66.14651530981064,43.17653179168701,-71.80077582597733,-0.003212187909251546,-0.003817261402552236,0.11941519365380404,,,cuVSLAM,,
2953,1761213165562,-66.6532889008522,42.42409020662308,-71.6949924826622,-0.00273779095314671,-0.0042788621092064655,0.11875733365008063,,,cuVSLAM,,
2954,1761213165578,-67.1878308057785,41.55610501766205,-71.7107430100441,-0.0020816053579763277,-0.004952724123426302,0.11782423509446158,,,cuVSLAM,,
2955,1761213165595,-67.73953884840012,40.633074939250946,-71.75543904304504,-0.0012201334783881427,-0.005687051479166027,0.11693321549465574,,,cuVSLAM,,
2956,1761213165612,-68.35579127073288,39.722248911857605,-71.79910689592361,-0.000280435905437558,-0.0064148194232121585,0.11591311305646186,,,cuVSLAM,,
2957,1761213165628,-69.02927905321121,38.750000298023224,-71.83802872896194,0.0007997238972617122,-0.007128135485973843,0.11520140384944284,,,cuVSLAM,,
2958,1761213165645,-69.6200504899025,37.514328956604004,-71.88183814287186,0.002094367711711458,-0.007940852363206654,0.11487994015187383,,,cuVSLAM,,
2959,1761213165662,-70.34928351640701,36.384426057338715,-71.86447829008102,0.0036071528531052277,-0.008893410554339542,0.11460231773201614,,,cuVSLAM,,
2960,1761213165678,-71.04143500328064,35.102538764476776,-71.61542773246765,0.005250869200775802,-0.00984251214727911,0.11369413193887665,,,cuVSLAM,,
2961,1761213165695,-71.73426449298859,33.77795219421387,-71.4898556470871,0.006851823724981009,-0.010988149943726414,0.11316818136626558,,,cuVSLAM,,
2962,1761213165712,-72.4368691444397,32.49368071556091,-71.32749259471893,0.008394656523566451,-0.01203319594907112,0.1137122763058088,,,cuVSLAM,,
2963,1761213165728,-73.16799461841583,31.233377754688263,-71.0388645529747,0.010051617990975094,-0.013009892870680047,0.11357898270415162,,,cuVSLAM,,
2964,1761213165745,-73.8096833229065,29.97651696205139,-70.84476947784424,0.011795607613792825,-0.014006161145016646,0.1131596910326498,,,cuVSLAM,,
2965,1761213165762,-74.40440356731415,28.379134833812714,-70.65089792013168,0.013863139596177056,-0.015041227220226324,0.11388063503704897,,,cuVSLAM,,
2966,1761213165778,-75.09010285139084,26.95288509130478,-70.29461860656738,0.016092896734372353,-0.015934843299665928,0.11505503699985854,,,cuVSLAM,,
2967,1761213165795,-75.68629086017609,25.44594556093216,-70.20630687475204,0.018440729334284294,-0.017106511134465596,0.11576580352724025,,,cuVSLAM,,
2968,1761213165812,-76.36900991201401,23.840345442295074,-69.95783746242523,0.020711403643479454,-0.018297537378589492,0.11623147664474197,,,cuVSLAM,,
2969,1761213165828,-77.07349956035614,22.488661110401154,-69.95280086994171,0.022823548113363554,-0.019758816444070702,0.11690890826651969,,,cuVSLAM,,
2970,1761213165845,-77.8348296880722,21.182440221309662,-69.73657011985779,0.024915907630214704,-0.02109630692646679,0.11712381191419531,,,cuVSLAM,,
2971,1761213165862,-78.48425954580307,19.904226064682007,-69.5691630244255,0.02693081758246022,-0.02235372775736289,0.11639747819307955,,,cuVSLAM,,
2972,1761213165895,-79.71559464931488,17.003260552883148,-69.80389356613159,0.031365516224290214,-0.024826779934035974,0.11841236862162352,,,cuVSLAM,,
2973,1761213165912,-80.33860474824905,15.692591667175293,-70.02440094947815,0.033804636518077004,-0.02605686417905575,0.1216107998042944,,,cuVSLAM,,
2974,1761213165928,-80.91305196285248,14.468587934970856,-70.14308869838715,0.036064882213944216,-0.02712251998457059,0.12532683921420906,,,cuVSLAM,,
2975,1761213165945,-81.54505491256714,13.552062213420868,-70.24500519037247,0.038017836541479534,-0.02819072307595243,0.12818678768581146,,,cuVSLAM,,
2976,1761213165962,-82.0838212966919,12.428134679794312,-70.39304077625275,0.039710326559535235,-0.029295606917149265,0.13027740069749744,,,cuVSLAM,,
2977,1761213165978,-82.76556432247162,11.575885117053986,-71.17220759391785,0.04103714512056778,-0.03081308731670352,0.13437849941799296,,,cuVSLAM,,
2978,1761213165995,-83.3999440073967,10.95503568649292,-71.4239552617073,0.04211547865422986,-0.031892071639556534,0.14237696813492967,,,cuVSLAM,,
2979,1761213166012,-84.04671400785446,10.533571243286133,-71.63581997156143,0.04298890898282285,-0.032981977052967924,0.1509691774249336,,,cuVSLAM,,
2980,1761213166028,-84.77769047021866,10.15499234199524,-71.92842662334442,0.04367847814167449,-0.03434616911136146,0.15969600258236327,,,cuVSLAM,,
2981,1761213166045,-85.62231063842773,9.890630841255188,-71.89299911260605,0.04418156637662164,-0.0357177862305848,0.17126144945327335,,,cuVSLAM,,
2982,1761213166062,-86.56708151102066,10.171264410018921,-72.10274040699005,0.04433828425420005,-0.03731496040744071,0.18538844617952535,,,cuVSLAM,,
2983,1761213166079,-87.57391571998596,10.182119905948639,-72.19313085079193,0.04431048614964831,-0.03887989373190173,0.20106852852786467,,,cuVSLAM,,
2984,1761213166095,-88.77524733543396,10.567933320999146,-72.3361000418663,0.04392758412331932,-0.040460622102863844,0.21796574567417,,,cuVSLAM,,
2985,1761213166112,-89.94293957948685,11.170469224452972,-72.43569940328598,0.04329534341634693,-0.04194830879399836,0.23588108810157946,,,cuVSLAM,,
2986,1761213166128,-91.19317680597305,11.975951492786407,-72.71751016378403,0.04255380519429853,-0.043583293573538746,0.25307991560356413,,,cuVSLAM,,
2987,1761213166145,-92.46543049812317,12.90961354970932,-72.82049208879471,0.04166739242854088,-0.04505678988760263,0.26847498096008193,,,cuVSLAM,,
2988,1761213166162,-93.89586001634598,13.577036559581757,-72.95679301023483,0.040793747987949956,-0.04657528977300764,0.2830327761300918,,,cuVSLAM,,
2989,1761213166178,-95.32530605792999,14.100924134254456,-73.25651496648788,0.039854540193595564,-0.04824283909659271,0.2985220337193654,,,cuVSLAM,,
2990,1761213166195,-96.98119014501572,14.805197715759277,-73.19554686546326,0.038880970423526305,-0.04964864837070881,0.3169830198460453,,,cuVSLAM,,
2991,1761213166212,-98.61279278993607,15.896059572696686,-73.28207045793533,0.03766494362906309,-0.05101624307431219,0.33875484978708015,,,cuVSLAM,,
2992,1761213166228,-100.1812219619751,16.947053372859955,-72.99546897411346,0.03619381275451063,-0.05192134526880275,0.3599268769959214,,,cuVSLAM,,
2993,1761213166245,-101.63958370685577,17.89133995771408,-73.15424084663391,0.03463739286982103,-0.053034824794194566,0.37893658299192945,,,cuVSLAM,,
2994,1761213166262,-103.16139459609985,19.345976412296295,-72.76584953069687,0.0328904797712902,-0.05363008177849535,0.39446887486436266,,,cuVSLAM,,
2995,1761213166278,-104.77472841739655,20.161472260951996,-72.74771481752396,0.03108739842106513,-0.05458418338498694,0.40755345672343135,,,cuVSLAM,,
2996,1761213166295,-106.58067464828491,21.436072885990143,-72.86922633647919,0.029030512617867772,-0.05555335649997658,0.4228000365956168,,,cuVSLAM,,
2997,1761213166312,-108.2649976015091,22.77936041355133,-72.70266860723495,0.02634724595869973,-0.05619712678081372,0.4411135988933465,,,cuVSLAM,,
2998,1761213166329,-109.83490943908691,24.48718249797821,-72.69614934921265,0.023410431752325968,-0.05661515318168174,0.458702247229638,,,cuVSLAM,,
2999,1761213166345,-111.01409792900085,25.836355984210968,-72.67545908689499,0.020315532157315727,-0.056633751383351603,0.47177658763056585,,,cuVSLAM,,
