Frame,Timestamp,Translation_X,Translation_Y,Translation_Z,Rotation_X,Rotation_Y,Rotation_Z,Pose_Confidence,Tracking_State,Spatial_Memory,Odometry,Tracking_Fusion
0,1761213114314,0.0,0.0,0.0,0.0,0.0,0.0,100,OK,INITIALIZING,OK,INERTIAL
1,1761213114330,0.0,0.0,0.0,0.0,0.0,0.0,100,OK,INITIALIZING,OK,INERTIAL
2,1761213114347,0.0,0.0,0.0,0.0,0.0,0.0,100,OK,INITIALIZING,OK,INERTIAL
3,1761213114364,0.0,0.0,0.0,0.0,0.0,0.0,100,OK,INITIALIZING,OK,VISUAL_INERTIAL
4,1761213114380,0.0,0.0,0.0,0.0,0.0,0.0,100,OK,INITIALIZING,OK,VISUAL_INERTIAL
5,1761213114397,0.0,0.0,0.0,0.0,0.0,0.0,100,OK,INITIALIZING,OK,VISUAL_INERTIAL
6,1761213114414,-0.259704451309517,-0.10512517474126071,0.11950229236390442,0.00012376160884741694,0.0007787648355588317,0.0002903291897382587,100,OK,INITIALIZING,OK,VISUAL_INERTIAL
7,1761213114430,-0.3136182785965502,-0.08801521471468732,0.10184381972067058,9.684638644102961e-05,0.0009668628918007016,0.00032706442289054394,100,OK,INITIALIZING,OK,VISUAL_INERTIAL
8,1761213114447,-0.38103715633042157,-0.09488216892350465,0.0908052024897188,6.322564149741083e-05,0.0011504491558298469,0.00041575837531127036,100,OK,INITIALIZING,OK,VISUAL_INERTIAL
9,1761213114464,-0.4440154298208654,-0.0715332935214974,0.09591424895916134,-2.150610634998884e-05,0.0013214435894042253,0.000510792073328048,100,OK,INITIALIZING,OK,VISUAL_INERTIAL
10,1761213114480,-0.5229982198216021,-0.04374116178951226,0.08706469816388562,-0.0001368113444186747,0.0014562290161848068,0.0005956863169558346,100,OK,INITIALIZING,OK,VISUAL_INERTIAL
11,1761213114497,-0.6048331852070987,0.006663954081886914,0.09804488945519552,-0.0002533273072913289,0.0016696370439603925,0.0006674578762613237,100,OK,INITIALIZING,OK,VISUAL_INERTIAL
12,1761213114513,-0.6782796699553728,0.04921513027511537,0.11003082909155637,-0.0003395306412130594,0.0019131808076053858,0.0007460617343895137,100,OK,INITIALIZING,OK,VISUAL_INERTIAL
13,1761213114530,-0.7393553969450295,0.08799262286629528,0.12570846593007445,-0.0004132393514737487,0.0021387669257819653,0.0008281291811726987,100,OK,INITIALIZING,OK,VISUAL_INERTIAL
14,1761213114547,-0.8131085778586566,0.07045393431326374,0.13520231004804373,-0.00043759914115071297,0.0023813850712031126,0.000915086769964546,100,OK,INITIALIZING,OK,VISUAL_INERTIAL
15,1761213114564,-0.8874876657500863,0.025320190616184846,0.12101733591407537,-0.00043889196240343153,0.002687101485207677,0.0010227423626929522,100,OK,INITIALIZING,OK,VISUAL_INERTIAL
16,1761213114580,-0.9317665244452655,-0.011139656635350548,0.1041650102706626,-0.00044612662168219686,0.0029586299788206816,0.0011163955787196755,100,OK,INITIALIZING,OK,VISUAL_INERTIAL
17,1761213114597,-0.9357614326290786,-0.055292915931204334,0.1021890711854212,-0.00044473717571236193,0.0031416816636919975,0.0011911335168406367,100,OK,INITIALIZING,OK,VISUAL_INERTIAL
18,1761213114614,-0.9126045042648911,-0.10733772069215775,0.08809264545561746,-0.0004391306429170072,0.0032006409019231796,0.001230441266670823,100,OK,INITIALIZING,OK,VISUAL_INERTIAL
19,1761213114630,-0.8856940548866987,-0.14519273827318102,0.05058180613559671,-0.0004528583958745003,0.0032894916366785765,0.0012408728944137692,100,OK,INITIALIZING,OK,VISUAL_INERTIAL
20,1761213114647,-0.9519690065644681,-0.19868719391524792,0.012044021787005477,-0.00047668928164057434,0.0035471736919134855,0.0012116371653974056,100,OK,INITIALIZING,OK,VISUAL_INERTIAL
21,1761213114664,-1.0300282156094909,-0.2678836171980947,-0.051638595323311165,-0.0005054153152741492,0.003960693255066872,0.0011705606011673808,100,OK,INITIALIZING,OK,VISUAL_INERTIAL
22,1761213114680,-1.0312554659321904,-0.33525482285767794,-0.1001132550300099,-0.0005455519421957433,0.004322342574596405,0.0011326372623443604,100,OK,INITIALIZING,OK,VISUAL_INERTIAL
23,1761213114697,-1.005668775178492,-0.3896494454238564,-0.16551464796066284,-0.0006147459498606622,0.004548575263470411,0.001112755504436791,100,OK,INITIALIZING,OK,VISUAL_INERTIAL
24,1761213114713,-1.0014912113547325,-0.4769717052113265,-0.25206070858985186,-0.000711320957634598,0.004721847828477621,0.0010951512958854437,100,OK,INITIALIZING,OK,VISUAL_INERTIAL
25,1761213114730,-0.9891067165881395,-0.5145654431544244,-0.35779346944764256,-0.0009067394421435893,0.004834794905036688,0.0010818516602739692,100,OK,INITIALIZING,OK,VISUAL_INERTIAL
26,1761213114747,-0.9959483286365867,-0.5312092835083604,-0.46565907541662455,-0.0011493690544739366,0.00501167681068182,0.00107776396907866,100,OK,INITIALIZING,OK,VISUAL_INERTIAL
27,1761213114763,-1.0188304586336017,-0.45820476952940226,-0.5944889271631837,-0.0014514402719214559,0.005330769810825586,0.0010768251959234476,100,OK,INITIALIZING,OK,VISUAL_INERTIAL
28,1761213114780,-1.0356386192142963,-0.357160868588835,-0.7275781244970858,-0.001764982589520514,0.005684313364326954,0.0011094697983935475,100,OK,INITIALIZING,OK,VISUAL_INERTIAL
29,1761213114797,-1.004844787530601,-0.21539462613873184,-0.8355051395483315,-0.0020956164225935936,0.005836362950503826,0.001191927120089531,100,OK,INITIALIZING,OK,VISUAL_INERTIAL
30,1761213114814,-0.9622397483326495,-0.07308782369364053,-0.9350552572868764,-0.002410890068858862,0.00575040141120553,0.0013327171327546239,100,OK,INITIALIZING,OK,VISUAL_INERTIAL
31,1761213114830,-0.9890123037621379,0.07307853229576722,-1.0260239941999316,-0.0026905944105237722,0.005631147418171167,0.001487875822931528,100,OK,INITIALIZING,OK,VISUAL_INERTIAL
32,1761213114847,-1.072535291314125,0.18692352750804275,-1.1303776409476995,-0.002891084412112832,0.005641399882733822,0.0016103731468319893,100,OK,INITIALIZING,OK,VISUAL_INERTIAL
33,1761213114863,-1.1868546716868877,0.2916561788879335,-1.21020816732198,-0.0030590645037591457,0.005839094053953886,0.001706319977529347,100,OK,INITIALIZING,OK,VISUAL_INERTIAL
34,1761213114880,-1.286383019760251,0.3491215466056019,-1.2694793986156583,-0.0031688364688307047,0.006063441745936871,0.0017969381297007203,100,OK,INITIALIZING,OK,VISUAL_INERTIAL
35,1761213114897,-1.3961474178358912,0.37192279705777764,-1.310119405388832,-0.00325869326479733,0.00627803523093462,0.0019020801410079002,100,OK,INITIALIZING,OK,VISUAL_INERTIAL
36,1761213114913,-1.5059135621413589,0.38546323776245117,-1.337104942649603,-0.0033336335327476263,0.006452593021094799,0.002036843216046691,100,OK,INITIALIZING,OK,VISUAL_INERTIAL
37,1761213114930,-1.5570312971249223,0.40163041558116674,-1.3276245445013046,-0.003399617038667202,0.00641966238617897,0.002182198688387871,100,OK,INITIALIZING,OK,VISUAL_INERTIAL
38,1761213114947,-1.624572672881186,0.44107111170887947,-1.3264172011986375,-0.003451682161539793,0.006369860842823982,0.0022979394998401403,100,OK,INITIALIZING,OK,VISUAL_INERTIAL
39,1761213114963,-1.7285766080021858,0.45118070556782186,-1.30906340200454,-0.0034681002143770456,0.006401441525667906,0.002409782027825713,100,OK,INITIALIZING,OK,VISUAL_INERTIAL
40,1761213114980,-1.8093823455274105,0.47597277443856,-1.2769002933055162,-0.003503904677927494,0.006374220363795757,0.0025174133479595184,100,OK,INITIALIZING,OK,VISUAL_INERTIAL
41,1761213114997,-1.9239610992372036,0.4941117367707193,-1.2524030171334743,-0.0035553821362555027,0.006415363401174545,0.002641353290528059,100,OK,INITIALIZING,OK,VISUAL_INERTIAL
42,1761213115014,-2.0790433045476675,0.4934404860250652,-1.2237237533554435,-0.003586572827771306,0.006604939233511686,0.0027768302243202925,100,OK,INITIALIZING,OK,VISUAL_INERTIAL
43,1761213115030,-2.1706619299948215,0.4916796460747719,-1.1581266298890114,-0.003599073039367795,0.006761517375707626,0.0029192245565354824,100,OK,INITIALIZING,OK,VISUAL_INERTIAL
44,1761213115047,-2.2482697386294603,0.5200920859351754,-1.0818543378263712,-0.003611044492572546,0.006940021179616451,0.003063088981434703,100,OK,INITIALIZING,OK,VISUAL_INERTIAL
45,1761213115063,-2.2984922397881746,0.5491873016580939,-1.0038010077551007,-0.003602748503908515,0.007349751889705658,0.0031711405608803034,100,OK,INITIALIZING,OK,VISUAL_INERTIAL
46,1761213115080,-2.356259385123849,0.5615759873762727,-0.9198628249578178,-0.0036034744698554277,0.007679129485040903,0.0032663627061992884,100,OK,INITIALIZING,OK,VISUAL_INERTIAL
47,1761213115097,-2.4037507828325033,0.5999430431984365,-0.7972554303705692,-0.0036433155182749033,0.00788186490535736,0.0033438203390687704,100,OK,INITIALIZING,OK,VISUAL_INERTIAL
48,1761213115113,-2.493123523890972,0.706739432644099,-0.6843535811640322,-0.003748738206923008,0.008105914108455181,0.0033950807992368937,100,OK,INITIALIZING,OK,VISUAL_INERTIAL
49,1761213115130,-2.517528599128127,0.8529182523488998,-0.5548217450268567,-0.0038956371136009693,0.008123261854052544,0.0034175498876720667,100,OK,INITIALIZING,OK,VISUAL_INERTIAL
50,1761213115147,-2.5770587380975485,1.048301812261343,-0.4233842482790351,-0.004084314685314894,0.007998546585440636,0.003431943478062749,100,OK,INITIALIZING,OK,VISUAL_INERTIAL
51,1761213115163,-2.6915566995739937,1.258344971574843,-0.3087805525865406,-0.00426404969766736,0.008086594752967358,0.0034443915355950594,100,OK,INITIALIZING,OK,VISUAL_INERTIAL
52,1761213115180,-2.8471609111875296,1.5097894938662648,-0.18496927805244923,-0.004450931679457426,0.00852970965206623,0.00354399555362761,100,OK,INITIALIZING,OK,VISUAL_INERTIAL
53,1761213115197,-2.9583298601210117,1.7898601945489645,-0.018721706510405056,-0.004640941042453051,0.00900399312376976,0.003739620093256235,100,OK,INITIALIZING,OK,VISUAL_INERTIAL
54,1761213115214,-2.8890217654407024,2.202876377850771,0.22541293583344668,-0.004920512437820435,0.00878982339054346,0.004060090985149145,100,OK,INITIALIZING,OK,VISUAL_INERTIAL
55,1761213115230,-2.6984286960214376,2.6970950420945883,0.5115547683089972,-0.005238484125584364,0.007721400819718838,0.004418046213686466,100,OK,INITIALIZING,OK,VISUAL_INERTIAL
56,1761213115247,-2.594330348074436,3.321443684399128,0.77836774289608,-0.005642764735966921,0.006437863223254681,0.004756943788379431,100,OK,INITIALIZING,OK,VISUAL_INERTIAL
57,1761213115263,-2.7250919956713915,3.9575640112161636,1.0403755586594343,-0.006030811462551355,0.005752964876592159,0.00507802190259099,100,OK,INITIALIZING,OK,VISUAL_INERTIAL
58,1761213115280,-3.0123842880129814,4.637724254280329,1.3106882106512785,-0.006386938039213419,0.0057730115950107574,0.005456949584186077,100,OK,INITIALIZING,OK,VISUAL_INERTIAL
59,1761213115297,-3.1518321484327316,5.406875628978014,1.7069746972993016,-0.006722159218043089,0.0056161037646234035,0.005997636821120977,100,OK,INITIALIZING,OK,VISUAL_INERTIAL
60,1761213115313,-2.9480429366230965,6.179321091622114,2.1878702100366354,-0.0069901044480502605,0.003978349734097719,0.006632816046476364,100,OK,INITIALIZING,OK,VISUAL_INERTIAL
61,1761213115330,-2.3797990288585424,7.110431790351868,2.736021066084504,-0.007389500271528959,0.0006492403917945921,0.00711594196036458,100,OK,INITIALIZING,OK,VISUAL_INERTIAL
62,1761213115347,-1.9578470382839441,7.957654073834419,3.3387825824320316,-0.007775926496833563,-0.00243762182071805,0.007286450359970331,100,OK,INITIALIZING,OK,VISUAL_INERTIAL
63,1761213115363,-2.0984618458896875,8.818278089165688,3.757843282073736,-0.008332854136824608,-0.0036958709824830294,0.007226523477584124,100,OK,INITIALIZING,OK,VISUAL_INERTIAL
64,1761213115380,-2.607871312648058,9.697278030216694,4.131550434976816,-0.009062442928552628,-0.0029854485765099525,0.007219593971967697,100,OK,INITIALIZING,OK,VISUAL_INERTIAL
65,1761213115397,-3.197353333234787,10.575369000434875,4.545692354440689,-0.009865399450063705,-0.0010369073133915663,0.007479717023670673,100,OK,INITIALIZING,OK,VISUAL_INERTIAL
66,1761213115413,-3.517695004120469,12.500136159360409,5.031272768974304,-0.007184075191617012,0.0013750512152910233,0.008874012157320976,100,OK,INITIALIZING,OK,VISUAL_INERTIAL
67,1761213115430,-3.320621093735099,13.514799065887928,5.7501113042235374,-0.006604626774787903,0.002335240598767996,0.009842022322118282,100,OK,INITIALIZING,OK,VISUAL_INERTIAL
68,1761213115447,-2.7076671831309795,14.282158575952053,6.546617951244116,-0.007359443232417107,0.0014728765236213803,0.010463958606123924,100,OK,INITIALIZING,OK,VISUAL_INERTIAL
69,1761213115463,-2.1854001097381115,15.118354000151157,7.287822663784027,-0.008623272180557251,-6.024141839588992e-05,0.010967710055410862,100,OK,INITIALIZING,OK,VISUAL_INERTIAL
70,1761213115480,-2.1854001097381115,15.118354000151157,7.287822663784027,-0.008623272180557251,-6.024141839588992e-05,0.010967710055410862,100,OK,INITIALIZING,OK,VISUAL_INERTIAL
71,1761213115497,-1.9610188901424408,16.995487734675407,8.436914533376694,-0.011237377300858498,-0.0035333922132849693,0.013052874244749546,100,OK,INITIALIZING,OK,VISUAL_INERTIAL
72,1761213115513,-2.220230409875512,18.230918794870377,8.840197697281837,-0.01269456185400486,-0.0063138906843960285,0.014792104251682758,100,OK,INITIALIZING,OK,VISUAL_INERTIAL
73,1761213115530,-2.3764921352267265,19.470874220132828,9.312769398093224,-0.013912414200603962,-0.009947402402758598,0.016826504841446877,100,OK,INITIALIZING,OK,VISUAL_INERTIAL
74,1761213115547,-2.608777489513159,20.853079855442047,9.810064919292927,-0.015064948238432407,-0.013855303637683392,0.019026661291718483,100,OK,INITIALIZING,OK,VISUAL_INERTIAL
75,1761213115563,-3.0789587181061506,22.11790159344673,10.163528844714165,-0.01603565365076065,-0.017194701358675957,0.02138889580965042,100,OK,INITIALIZING,OK,VISUAL_INERTIAL
76,1761213115580,-3.797100158408284,23.40029738843441,10.371895506978035,-0.01707158423960209,-0.020150309428572655,0.023940501734614372,100,OK,INITIALIZING,OK,VISUAL_INERTIAL
77,1761213115597,-4.423815291374922,24.599405005574226,10.617664083838463,-0.018166353926062584,-0.023814817890524864,0.026777872815728188,100,OK,INITIALIZING,OK,VISUAL_INERTIAL
78,1761213115613,-4.782451782375574,25.836016982793808,10.833675973117352,-0.01933884620666504,-0.02857530117034912,0.029786771163344383,100,OK,INITIALIZING,OK,VISUAL_INERTIAL
79,1761213115630,-5.148047581315041,27.067577466368675,11.08287088572979,-0.020391732454299927,-0.0331895612180233,0.032730814069509506,100,OK,INITIALIZING,OK,VISUAL_INERTIAL
80,1761213115647,-5.731480196118355,28.285836800932884,11.269663460552692,-0.021186748519539833,-0.03700163960456848,0.0354437455534935,100,OK,INITIALIZING,OK,VISUAL_INERTIAL
81,1761213115663,-6.187740713357925,29.5906662940979,11.428254656493664,-0.021765301004052162,-0.040343932807445526,0.03791511058807373,100,OK,INITIALIZING,OK,VISUAL_INERTIAL
82,1761213115680,-6.396886892616749,30.948644503951073,11.718922294676304,-0.022204261273145676,-0.04349828511476517,0.04019153490662575,100,OK,INITIALIZING,OK,VISUAL_INERTIAL
83,1761213115697,-6.262962706387043,32.30825811624527,12.19481136649847,-0.022466212511062622,-0.04705914855003357,0.042402949184179306,100,OK,INITIALIZING,OK,VISUAL_INERTIAL
84,1761213115713,-5.659081973135471,33.889882266521454,12.60907668620348,-0.02272889018058777,-0.05136581510305405,0.04442749544978142,100,OK,INITIALIZING,OK,VISUAL_INERTIAL
85,1761213115730,-5.13486098498106,35.64156964421272,13.044213876128197,-0.022839942947030067,-0.05520276725292206,0.046205099672079086,100,OK,INITIALIZING,OK,VISUAL_INERTIAL
86,1761213115747,-4.95328102260828,37.41168603301048,13.480703346431255,-0.022797897458076477,-0.057187292724847794,0.04766711965203285,100,OK,INITIALIZING,OK,VISUAL_INERTIAL
87,1761213115763,-4.9430448561906815,39.16681557893753,13.967265374958515,-0.022642243653535843,-0.05722833424806595,0.04893677309155464,100,OK,INITIALIZING,OK,VISUAL_INERTIAL
88,1761213115780,-4.889750387519598,41.041404008865356,14.482335187494755,-0.022549044340848923,-0.055738963186740875,0.05017489939928055,100,OK,INITIALIZING,OK,VISUAL_INERTIAL
89,1761213115797,-4.457462579011917,43.075770139694214,15.186233446002007,-0.02249225415289402,-0.053992897272109985,0.051567427814006805,100,OK,INITIALIZING,OK,VISUAL_INERTIAL
90,1761213115813,-3.3391693141311407,45.28967663645744,16.174213960766792,-0.022327834740281105,-0.053589727729558945,0.05303223803639412,100,OK,INITIALIZING,OK,VISUAL_INERTIAL
91,1761213115830,-1.7225490882992744,47.713447362184525,17.382768914103508,-0.021910112351179123,-0.05465845763683319,0.05442087724804878,100,OK,INITIALIZING,OK,VISUAL_INERTIAL
92,1761213115847,0.030079365387791768,50.31786859035492,18.61489936709404,-0.021341411396861076,-0.05648338794708252,0.055603425949811935,100,OK,INITIALIZING,OK,VISUAL_INERTIAL
93,1761213115863,1.5326159773394465,52.951496094465256,19.833609461784363,-0.020699553191661835,-0.05823560804128647,0.05665264651179314,100,OK,INITIALIZING,OK,VISUAL_INERTIAL
94,1761213115880,2.668993081897497,55.58379739522934,21.096553653478622,-0.020069383084774017,-0.05903876945376396,0.05772799625992775,100,OK,INITIALIZING,OK,VISUAL_INERTIAL
95,1761213115897,3.4422476310282946,58.16314369440079,22.37154357135296,-0.019401980563998222,-0.05860418453812599,0.05884678661823273,100,OK,INITIALIZING,OK,VISUAL_INERTIAL
96,1761213115914,4.172543529421091,60.75765937566757,23.77130463719368,-0.018690697848796844,-0.05752721056342125,0.059952620416879654,100,OK,INITIALIZING,OK,VISUAL_INERTIAL
97,1761213115930,5.206399131566286,63.340723514556885,25.308215990662575,-0.01791643165051937,-0.05693185701966286,0.0609852634370327,100,OK,INITIALIZING,OK,VISUAL_INERTIAL
98,1761213115947,6.652378011494875,66.03455543518066,27.033569291234016,-0.017162349075078964,-0.057586390525102615,0.06195785850286484,100,OK,INITIALIZING,OK,VISUAL_INERTIAL
99,1761213115963,8.386507630348206,68.88557225465775,28.781376779079437,-0.01642262376844883,-0.059497032314538956,0.06286468356847763,100,OK,INITIALIZING,OK,VISUAL_INERTIAL
100,1761213115980,10.33430639654398,71.69821858406067,30.65788932144642,-0.015455012209713459,-0.06246646121144295,0.06366214156150818,100,OK,INITIALIZING,OK,VISUAL_INERTIAL
101,1761213115997,12.231889180839062,74.58723336458206,32.48119354248047,-0.014315501786768436,-0.06628870218992233,0.06435302644968033,100,OK,INITIALIZING,OK,VISUAL_INERTIAL
102,1761213116013,13.78096267580986,77.44194567203522,34.27152335643768,-0.012936202809214592,-0.06968826800584793,0.06480573862791061,100,OK,INITIALIZING,OK,VISUAL_INERTIAL
103,1761213116030,15.064417384564877,80.34145832061768,36.02830320596695,-0.011544684879481792,-0.07042167335748672,0.06494731456041336,100,OK,INITIALIZING,OK,VISUAL_INERTIAL
104,1761213116047,15.893960371613503,82.91725814342499,37.885211408138275,-0.009914343245327473,-0.0700405016541481,0.06492247432470322,100,OK,INITIALIZING,OK,VISUAL_INERTIAL
105,1761213116063,17.302682623267174,85.49436181783676,39.83910754323006,-0.008326803334057331,-0.07002545148134232,0.0648435652256012,100,OK,INITIALIZING,OK,VISUAL_INERTIAL
106,1761213116080,19.432034343481064,88.01700174808502,41.89416021108627,-0.006651193834841251,-0.07205832749605179,0.06466607004404068,100,OK,INITIALIZING,OK,VISUAL_INERTIAL
107,1761213116097,22.47079834342003,90.7561182975769,44.00850087404251,-0.005058560520410538,-0.07627034187316895,0.06423947960138321,100,OK,INITIALIZING,OK,VISUAL_INERTIAL
108,1761213116113,25.274066254496574,93.50620955228806,46.023186296224594,-0.0034675048664212227,-0.080365851521492,0.06353981047868729,100,OK,INITIALIZING,OK,VISUAL_INERTIAL
109,1761213116130,27.52595767378807,96.1146429181099,47.95962944626808,-0.0018858517287299037,-0.0822547972202301,0.06252327561378479,100,OK,INITIALIZING,OK,VISUAL_INERTIAL
110,1761213116147,29.571330174803734,98.51589798927307,49.83703792095184,-0.0002660721365828067,-0.08223927766084671,0.06127176061272621,100,OK,INITIALIZING,OK,VISUAL_INERTIAL
111,1761213116163,31.80824965238571,100.81751644611359,51.70295760035515,0.0013355656992644072,-0.08158491551876068,0.0599413700401783,100,OK,INITIALIZING,OK,VISUAL_INERTIAL
112,1761213116180,34.72588583827019,103.13475877046585,53.6891333758831,0.002906425856053829,-0.08221552520990372,0.05859238654375076,100,OK,INITIALIZING,OK,VISUAL_INERTIAL
113,1761213116197,38.26385363936424,105.50150275230408,55.78949302434921,0.004545461852103472,-0.08464055508375168,0.05699926242232323,100,OK,INITIALIZING,OK,VISUAL_INERTIAL
114,1761213116213,42.06090420484543,107.82825201749802,57.82908573746681,0.006241986528038979,-0.08804521709680557,0.0552012175321579,100,OK,INITIALIZING,OK,VISUAL_INERTIAL
115,1761213116230,45.62913626432419,110.07580161094666,59.81633439660072,0.00792881939560175,-0.09092330187559128,0.05319470539689064,100,OK,INITIALIZING,OK,VISUAL_INERTIAL
116,1761213116247,48.88452589511871,112.22868412733078,61.660658568143845,0.009525289759039879,-0.09176776558160782,0.050982192158699036,100,OK,INITIALIZING,OK,VISUAL_INERTIAL
117,1761213116263,52.158936858177185,114.24314230680466,63.470110297203064,0.010985479690134525,-0.09141802042722702,0.04868289828300476,100,OK,INITIALIZING,OK,VISUAL_INERTIAL
118,1761213116280,55.924735963344574,116.16870015859604,65.24499505758286,0.012238913215696812,-0.09174314141273499,0.04640632122755051,100,OK,INITIALIZING,OK,VISUAL_INERTIAL
119,1761213116297,60.29863655567169,117.96972155570984,67.1493411064148,0.013456928543746471,-0.09375263750553131,0.04404694214463234,100,OK,INITIALIZING,OK,VISUAL_INERTIAL
120,1761213116313,65.18734246492386,119.73735690116882,69.03311610221863,0.014569560997188091,-0.09744030237197876,0.041502151638269424,100,OK,INITIALIZING,OK,VISUAL_INERTIAL
121,1761213116330,69.95388120412827,121.4473694562912,70.8686038851738,0.01567509025335312,-0.10201569646596909,0.03878803551197052,100,OK,INITIALIZING,OK,VISUAL_INERTIAL
122,1761213116347,74.63512569665909,123.12602251768112,72.69537448883057,0.016763146966695786,-0.10578683018684387,0.035951245576143265,100,OK,INITIALIZING,OK,VISUAL_INERTIAL
123,1761213116363,79.134002327919,124.59294497966766,74.45191591978073,0.017859140411019325,-0.10892701894044876,0.033000826835632324,100,OK,INITIALIZING,OK,VISUAL_INERTIAL
124,1761213116380,83.65524560213089,125.90356171131134,76.20704919099808,0.01894255168735981,-0.11186384409666061,0.029895899817347527,100,OK,INITIALIZING,OK,VISUAL_INERTIAL
125,1761213116397,88.60895782709122,127.10745632648468,77.80756056308746,0.019940732046961784,-0.11430525779724121,0.026494620367884636,100,OK,INITIALIZING,OK,VISUAL_INERTIAL
126,1761213116413,93.61150115728378,128.16348671913147,79.61997389793396,0.020958513021469116,-0.11668743193149567,0.022954313084483147,100,OK,INITIALIZING,OK,VISUAL_INERTIAL
127,1761213116430,98.75545650720596,129.07616794109344,81.54163509607315,0.022023536264896393,-0.11945056170225143,0.019423063844442368,100,OK,INITIALIZING,OK,VISUAL_INERTIAL
128,1761213116447,104.20863330364227,129.8164576292038,83.58108252286911,0.023208292201161385,-0.12292367964982986,0.01587080769240856,100,OK,INITIALIZING,OK,VISUAL_INERTIAL
129,1761213116463,109.8107248544693,130.45933842658997,85.71086078882217,0.024388935416936874,-0.12706519663333893,0.0122487498447299,100,OK,INITIALIZING,OK,VISUAL_INERTIAL
130,1761213116480,115.25105684995651,130.73651492595673,87.79974281787872,0.025723595172166824,-0.13093093037605286,0.008460883051156998,100,OK,INITIALIZING,OK,VISUAL_INERTIAL
131,1761213116497,115.25105684995651,130.73651492595673,87.79974281787872,0.025723595172166824,-0.13093093037605286,0.008460883051156998,100,OK,INITIALIZING,OK,VISUAL_INERTIAL
132,1761213116513,125.58005750179291,130.56664168834686,91.85609221458435,0.028458505868911743,-0.1359771490097046,0.00034435343695804477,100,OK,INITIALIZING,OK,VISUAL_INERTIAL
133,1761213116530,130.8983564376831,129.622220993042,93.98403018712997,0.03021267056465149,-0.13769862055778503,-0.0038369917310774326,100,OK,INITIALIZING,OK,VISUAL_INERTIAL
134,1761213116547,136.3295316696167,128.61111760139465,96.03740274906158,0.03191746398806572,-0.1394272744655609,-0.008160769008100033,100,OK,INITIALIZING,OK,VISUAL_INERTIAL
135,1761213116563,142.07038283348083,126.71306729316711,98.12428802251816,0.03409150242805481,-0.14174476265907288,-0.012634428218007088,100,OK,INITIALIZING,OK,VISUAL_INERTIAL
136,1761213116580,148.2931226491928,125.17508864402771,100.02673417329788,0.0357854925096035,-0.1451815664768219,-0.017313968390226364,100,OK,INITIALIZING,OK,VISUAL_INERTIAL
137,1761213116597,154.17605638504028,123.53374063968658,101.83678567409515,0.03737510368227959,-0.14976398646831512,-0.021913865581154823,100,OK,INITIALIZING,OK,VISUAL_INERTIAL
138,1761213116614,159.79140996932983,121.63925170898438,103.46749424934387,0.03887329623103142,-0.15389905869960785,-0.026531275361776352,100,OK,INITIALIZING,OK,VISUAL_INERTIAL
139,1761213116630,165.052130818367,119.30651217699051,104.61399704217911,0.04029802978038788,-0.15663979947566986,-0.031043821945786476,100,OK,INITIALIZING,OK,VISUAL_INERTIAL
140,1761213116647,169.90241408348083,116.82625114917755,105.77145218849182,0.041584648191928864,-0.15888535976409912,-0.03527863696217537,100,OK,INITIALIZING,OK,VISUAL_INERTIAL
141,1761213116664,174.5964139699936,114.12584781646729,106.73048347234726,0.042752400040626526,-0.16131539642810822,-0.03914826735854149,100,OK,INITIALIZING,OK,VISUAL_INERTIAL
142,1761213116680,179.20219898223877,111.30854487419128,107.53005743026733,0.04371519759297371,-0.16415928304195404,-0.04276416450738907,100,OK,INITIALIZING,OK,VISUAL_INERTIAL
143,1761213116697,184.0544044971466,108.43857377767563,108.09102654457092,0.044281862676143646,-0.1677969992160797,-0.04631410166621208,100,OK,INITIALIZING,OK,VISUAL_INERTIAL
144,1761213116713,188.87245655059814,105.37722706794739,108.389712870121,0.04455054551362991,-0.1722799390554428,-0.04973950609564781,100,OK,INITIALIZING,OK,VISUAL_INERTIAL
145,1761213116730,193.48524510860443,102.13913768529892,108.46187174320221,0.0444556288421154,-0.17664216458797455,-0.053032856434583664,100,OK,INITIALIZING,OK,VISUAL_INERTIAL
146,1761213116747,197.59051501750946,98.64820539951324,108.36073011159897,0.04411234334111214,-0.18022184073925018,-0.05618203431367874,100,OK,INITIALIZING,OK,VISUAL_INERTIAL
147,1761213116763,201.2333869934082,95.18566727638245,107.98777639865875,0.043307434767484665,-0.18277426064014435,-0.059024546295404434,100,OK,INITIALIZING,OK,VISUAL_INERTIAL
148,1761213116780,204.7215700149536,91.66624397039413,107.42739588022232,0.0421091690659523,-0.18469014763832092,-0.06168510019779205,100,OK,INITIALIZING,OK,VISUAL_INERTIAL
149,1761213116797,208.22912454605103,88.6482298374176,106.53525590896606,0.04018852114677429,-0.18684712052345276,-0.0641314834356308,100,OK,INITIALIZING,OK,VISUAL_INERTIAL
150,1761213116813,211.7519974708557,85.1743146777153,105.54265230894089,0.03830345347523689,-0.1893461048603058,-0.06650909036397934,100,OK,INITIALIZING,OK,VISUAL_INERTIAL
151,1761213116830,214.7771269083023,81.5400704741478,104.40552979707718,0.03639961779117584,-0.19114449620246887,-0.06873708218336105,100,OK,INITIALIZING,OK,VISUAL_INERTIAL
152,1761213116847,217.51676499843597,77.93881744146347,103.07909548282623,0.03421415761113167,-0.1915528029203415,-0.07097433507442474,100,OK,INITIALIZING,OK,VISUAL_INERTIAL
153,1761213116864,220.48750519752502,74.35626536607742,101.5048623085022,0.0317084938287735,-0.19157364964485168,-0.0732138454914093,100,OK,INITIALIZING,OK,VISUAL_INERTIAL
154,1761213116880,223.57791662216187,70.9402784705162,99.82342272996902,0.02886470966041088,-0.19289076328277588,-0.0752553939819336,100,OK,INITIALIZING,OK,VISUAL_INERTIAL
155,1761213116897,226.86152160167694,67.67473369836807,97.97322005033493,0.025639887899160385,-0.19586001336574554,-0.0772983729839325,100,OK,INITIALIZING,OK,VISUAL_INERTIAL
156,1761213116913,229.88887131214142,64.5826980471611,95.8586260676384,0.022090401500463486,-0.19948172569274902,-0.07941318303346634,100,OK,INITIALIZING,OK,VISUAL_INERTIAL
157,1761213116930,232.34233260154724,61.60025671124458,93.51947903633118,0.01842883974313736,-0.2018827497959137,-0.08170980960130692,100,OK,INITIALIZING,OK,VISUAL_INERTIAL
158,1761213116947,233.95727574825287,58.709610253572464,90.90051800012589,0.01474703848361969,-0.2013387382030487,-0.08418486267328262,100,OK,INITIALIZING,OK,VISUAL_INERTIAL
159,1761213116963,235.01574993133545,55.82766979932785,88.09354156255722,0.011168604716658592,-0.19737040996551514,-0.0867401584982872,100,OK,INITIALIZING,OK,VISUAL_INERTIAL
160,1761213116980,235.9824925661087,53.052835166454315,85.11442691087723,0.007560211233794689,-0.191757470369339,-0.08929558098316193,100,OK,INITIALIZING,OK,VISUAL_INERTIAL
161,1761213116997,237.6163750886917,50.525229424238205,81.99097216129303,0.0037791787181049585,-0.18688490986824036,-0.09183496236801147,100,OK,INITIALIZING,OK,VISUAL_INERTIAL
162,1761213117014,239.9783730506897,48.29569533467293,78.74700427055359,-0.00036185470526106656,-0.18485349416732788,-0.09432175755500793,100,OK,INITIALIZING,OK,VISUAL_INERTIAL
163,1761213117030,242.4457222223282,46.25321552157402,75.37009567022324,-0.004816093482077122,-0.1843201071023941,-0.09685277938842773,100,OK,INITIALIZING,OK,VISUAL_INERTIAL
164,1761213117047,244.23426389694214,44.207680970430374,71.65597379207611,-0.009381281211972237,-0.18282319605350494,-0.09945329278707504,100,OK,INITIALIZING,OK,VISUAL_INERTIAL
165,1761213117063,245.12355029582977,42.257875204086304,67.62903183698654,-0.013974189758300781,-0.17885056138038635,-0.10203548520803452,100,OK,INITIALIZING,OK,VISUAL_INERTIAL
166,1761213117080,245.4497516155243,40.34450650215149,63.326358795166016,-0.018651222810149193,-0.17270343005657196,-0.1046132892370224,100,OK,INITIALIZING,OK,VISUAL_INERTIAL
167,1761213117097,245.74168026447296,38.66741433739662,58.855604380369186,-0.02362578734755516,-0.16590368747711182,-0.10709799826145172,100,OK,INITIALIZING,OK,VISUAL_INERTIAL
168,1761213117113,246.36651575565338,37.07787021994591,54.26672473549843,-0.028882820159196854,-0.16007788479328156,-0.10948212444782257,100,OK,INITIALIZING,OK,VISUAL_INERTIAL
169,1761213117130,247.43297696113586,35.67098826169968,49.54500123858452,-0.03451400622725487,-0.15670107305049896,-0.11177936941385269,100,OK,INITIALIZING,OK,VISUAL_INERTIAL
170,1761213117147,248.5000491142273,34.34256836771965,44.74548250436783,-0.04033229500055313,-0.15517351031303406,-0.11399553716182709,100,OK,INITIALIZING,OK,VISUAL_INERTIAL
171,1761213117163,248.96322190761566,33.07930380105972,39.74926844239235,-0.046181172132492065,-0.1528276950120926,-0.11624421179294586,100,OK,INITIALIZING,OK,VISUAL_INERTIAL
172,1761213117180,248.51763248443604,31.907085329294205,34.61271524429321,-0.05191398039460182,-0.148154154419899,-0.11841403692960739,100,OK,INITIALIZING,OK,VISUAL_INERTIAL
173,1761213117197,247.41540849208832,30.654562637209892,29.404345899820328,-0.0574151910841465,-0.1410026252269745,-0.12053050845861435,100,OK,INITIALIZING,OK,VISUAL_INERTIAL
174,1761213117213,246.29321694374084,29.45205755531788,24.214575067162514,-0.06278401613235474,-0.13327206671237946,-0.12247002869844437,100,OK,INITIALIZING,OK,VISUAL_INERTIAL
175,1761213117230,245.72479724884033,28.249945491552353,19.24961246550083,-0.06813602894544601,-0.12696801126003265,-0.12420831620693207,100,OK,INITIALIZING,OK,VISUAL_INERTIAL
176,1761213117247,245.38405239582062,27.490323409438133,14.357018284499645,-0.07377950102090836,-0.12282717972993851,-0.1257154792547226,100,OK,INITIALIZING,OK,VISUAL_INERTIAL
177,1761213117263,244.6032017469406,26.421165093779564,9.481283836066723,-0.0790318101644516,-0.1192208006978035,-0.12708893418312073,100,OK,INITIALIZING,OK,VISUAL_INERTIAL
178,1761213117280,243.09812486171722,25.236930698156357,4.617792088538408,-0.08392234891653061,-0.11432559788227081,-0.1283692568540573,100,OK,INITIALIZING,OK,VISUAL_INERTIAL
179,1761213117297,240.98484218120575,23.74093048274517,-0.2787736593745649,-0.08827464282512665,-0.1069970652461052,-0.12967032194137573,100,OK,INITIALIZING,OK,VISUAL_INERTIAL
180,1761213117313,238.61081898212433,22.334100678563118,-5.035376641899347,-0.09237045794725418,-0.09821322560310364,-0.13083191215991974,100,OK,INITIALIZING,OK,VISUAL_INERTIAL
181,1761213117330,236.4226132631302,20.6222552806139,-9.714692831039429,-0.09613122791051865,-0.08994515985250473,-0.13185898959636688,100,OK,INITIALIZING,OK,VISUAL_INERTIAL
182,1761213117347,234.6135526895523,19.039293751120567,-14.152098447084427,-0.09995999932289124,-0.08356402814388275,-0.1324710100889206,100,OK,INITIALIZING,OK,VISUAL_INERTIAL
183,1761213117363,232.98250138759613,17.538180574774742,-18.511813133955002,-0.10387317091226578,-0.07887905091047287,-0.13270562887191772,100,OK,INITIALIZING,OK,VISUAL_INERTIAL
184,1761213117380,231.08729720115662,16.020603477954865,-22.83618599176407,-0.10771054774522781,-0.07502777129411697,-0.13259409368038177,100,OK,INITIALIZING,OK,VISUAL_INERTIAL
185,1761213117397,228.37106883525848,14.575986191630363,-27.126992121338844,-0.111331045627594,-0.07025168091058731,-0.13239893317222595,100,OK,INITIALIZING,OK,VISUAL_INERTIAL
186,1761213117413,225.14596581459045,13.078608550131321,-31.33939579129219,-0.11471506208181381,-0.0644412711262703,-0.13218353688716888,100,OK,INITIALIZING,OK,VISUAL_INERTIAL
187,1761213117430,221.93728387355804,11.653238907456398,-35.36194562911987,-0.11806889623403549,-0.05910339206457138,-0.13179588317871094,100,OK,INITIALIZING,OK,VISUAL_INERTIAL
188,1761213117447,218.87564659118652,10.253943502902985,-39.217256009578705,-0.1213177889585495,-0.054962530732154846,-0.13118736445903778,100,OK,INITIALIZING,OK,VISUAL_INERTIAL
189,1761213117463,215.91508388519287,8.850520476698875,-43.02835464477539,-0.12442010641098022,-0.05176008120179176,-0.1302644908428192,100,OK,INITIALIZING,OK,VISUAL_INERTIAL
190,1761213117480,212.9640281200409,7.650374434888363,-46.73736169934273,-0.1275210678577423,-0.049428701400756836,-0.12902072072029114,100,OK,INITIALIZING,OK,VISUAL_INERTIAL
191,1761213117497,209.94064211845398,6.633650045841932,-50.21306872367859,-0.13056081533432007,-0.048290420323610306,-0.1274314671754837,100,OK,INITIALIZING,OK,VISUAL_INERTIAL
192,1761213117513,206.55636489391327,5.683012306690216,-53.546808660030365,-0.13332588970661163,-0.04759508743882179,-0.12560585141181946,100,OK,INITIALIZING,OK,VISUAL_INERTIAL
193,1761213117530,202.75342464447021,4.672243259847164,-56.68770894408226,-0.13562829792499542,-0.04656641185283661,-0.12367745488882065,100,OK,INITIALIZING,OK,VISUAL_INERTIAL
194,1761213117547,198.5364556312561,3.680760972201824,-59.607312083244324,-0.13753345608711243,-0.04490822181105614,-0.12165969610214233,100,OK,INITIALIZING,OK,VISUAL_INERTIAL
195,1761213117563,194.21465694904327,2.8702067211270332,-62.23541870713234,-0.13920541107654572,-0.042356401681900024,-0.11953466385602951,100,OK,INITIALIZING,OK,VISUAL_INERTIAL
196,1761213117580,189.82447683811188,2.2281676065176725,-64.58383798599243,-0.14062196016311646,-0.03965568169951439,-0.11713136732578278,100,OK,INITIALIZING,OK,VISUAL_INERTIAL
197,1761213117597,185.64526736736298,1.6012034611776471,-66.64563715457916,-0.14177769422531128,-0.03786718100309372,-0.11439089477062225,100,OK,INITIALIZING,OK,VISUAL_INERTIAL
198,1761213117613,181.60806596279144,1.3027978129684925,-68.46799701452255,-0.14297132194042206,-0.037227779626846313,-0.11140891909599304,100,OK,INITIALIZING,OK,VISUAL_INERTIAL
199,1761213117630,177.14598774909973,1.015944522805512,-70.21152973175049,-0.14388009905815125,-0.03661952540278435,-0.10844645649194717,100,OK,INITIALIZING,OK,VISUAL_INERTIAL
200,1761213117647,172.45671153068542,0.7956962799653411,-71.8376487493515,-0.14466159045696259,-0.035146184265613556,-0.1055954098701477,100,OK,INITIALIZING,OK,VISUAL_INERTIAL
201,1761213117663,167.65378415584564,0.7994723273441195,-73.33586364984512,-0.14539317786693573,-0.03309396281838417,-0.10270000994205475,100,OK,INITIALIZING,OK,VISUAL_INERTIAL
202,1761213117680,162.95935213565826,0.9637317853048444,-74.72866028547287,-0.14608396589756012,-0.03114069253206253,-0.0998040959239006,100,OK,INITIALIZING,OK,VISUAL_INERTIAL
203,1761213117697,158.26787054538727,1.26118422485888,-75.93061774969101,-0.1466941386461258,-0.029280273243784904,-0.09675227105617523,100,OK,INITIALIZING,OK,VISUAL_INERTIAL
204,1761213117713,153.40854227542877,1.793913310393691,-76.99882239103317,-0.1473695933818817,-0.027124090120196342,-0.09358152002096176,100,OK,INITIALIZING,OK,VISUAL_INERTIAL
205,1761213117730,148.5043466091156,2.514057094231248,-77.96384394168854,-0.1480633169412613,-0.02499641291797161,-0.0902860164642334,100,OK,INITIALIZING,OK,VISUAL_INERTIAL
206,1761213117747,143.74099671840668,3.532779635861516,-78.79965007305145,-0.14890117943286896,-0.02356414869427681,-0.08656464517116547,100,OK,INITIALIZING,OK,VISUAL_INERTIAL
207,1761213117763,138.83979618549347,4.818185698240995,-79.58751916885376,-0.14970846474170685,-0.022936983034014702,-0.08246279507875443,100,OK,INITIALIZING,OK,VISUAL_INERTIAL
208,1761213117780,133.86712968349457,6.4462777227163315,-80.22720366716385,-0.150638148188591,-0.022292746230959892,-0.07810327410697937,100,OK,INITIALIZING,OK,VISUAL_INERTIAL
209,1761213117797,128.7522315979004,8.12170747667551,-80.78601956367493,-0.15142549574375153,-0.021948877722024918,-0.07345931231975555,100,OK,INITIALIZING,OK,VISUAL_INERTIAL
210,1761213117813,123.4770342707634,9.83620434999466,-81.26208186149597,-0.1520739644765854,-0.0223191287368536,-0.06845635920763016,100,OK,INITIALIZING,OK,VISUAL_INERTIAL
211,1761213117830,117.81404912471771,11.766244657337666,-81.61120861768723,-0.1526641696691513,-0.02309178002178669,-0.0632067397236824,100,OK,INITIALIZING,OK,VISUAL_INERTIAL
212,1761213117847,111.96156591176987,13.822866603732109,-81.75737410783768,-0.15315298736095428,-0.023492123931646347,-0.057657837867736816,100,OK,INITIALIZING,OK,VISUAL_INERTIAL
213,1761213117863,105.95972836017609,15.831148251891136,-81.76873624324799,-0.15338163077831268,-0.024041391909122467,-0.05157335847616196,100,OK,INITIALIZING,OK,VISUAL_INERTIAL
214,1761213117880,99.85269606113434,17.91343092918396,-81.6688984632492,-0.15343643724918365,-0.025375742465257645,-0.04493427276611328,100,OK,INITIALIZING,OK,VISUAL_INERTIAL
215,1761213117897,93.64575892686844,19.95926722884178,-81.35899901390076,-0.15320411324501038,-0.027338922023773193,-0.037821270525455475,100,OK,INITIALIZING,OK,VISUAL_INERTIAL
216,1761213117913,93.64575892686844,19.95926722884178,-81.35899901390076,-0.15320411324501038,-0.027338922023773193,-0.037821270525455475,100,OK,INITIALIZING,OK,VISUAL_INERTIAL
217,1761213117930,81.00865036249161,24.31080862879753,-80.22882789373398,-0.15224839746952057,-0.03264877200126648,-0.022185910493135452,100,OK,INITIALIZING,OK,VISUAL_INERTIAL
218,1761213117947,73.7229585647583,25.945132598280907,-79.60513234138489,-0.1510467231273651,-0.03622626140713692,-0.013406526297330856,100,OK,INITIALIZING,OK,VISUAL_INERTIAL
219,1761213117963,73.7229585647583,25.945132598280907,-79.60513234138489,-0.1510467231273651,-0.03622626140713692,-0.013406526297330856,100,OK,INITIALIZING,OK,VISUAL_INERTIAL
220,1761213117980,59.04553085565567,29.693985357880592,-77.74185389280319,-0.14833824336528778,-0.040700457990169525,0.0046082306653261185,100,OK,INITIALIZING,OK,VISUAL_INERTIAL
221,1761213117997,51.629241555929184,31.362570822238922,-76.62726938724518,-0.14674776792526245,-0.042401477694511414,0.013921508565545082,100,OK,INITIALIZING,OK,VISUAL_INERTIAL
222,1761213118013,44.40021142363548,33.287953585386276,-75.35503059625626,-0.14529450237751007,-0.045040495693683624,0.023321891203522682,100,OK,INITIALIZING,OK,VISUAL_INERTIAL
223,1761213118030,37.252094596624374,35.140082240104675,-74.0039199590683,-0.1436549425125122,-0.04870711639523506,0.032853029668331146,100,OK,INITIALIZING,OK,VISUAL_INERTIAL
224,1761213118047,29.990652576088905,36.98556497693062,-72.6851373910904,-0.14192283153533936,-0.05277125537395477,0.042551055550575256,100,OK,INITIALIZING,OK,VISUAL_INERTIAL
225,1761213118063,22.34025113284588,38.79179432988167,-71.45796716213226,-0.14008288085460663,-0.056156255304813385,0.05243777111172676,100,OK,INITIALIZING,OK,VISUAL_INERTIAL
226,1761213118080,14.509524218738079,40.36624729633331,-70.34584134817123,-0.13809026777744293,-0.0581585131585598,0.062371671199798584,100,OK,INITIALIZING,OK,VISUAL_INERTIAL
227,1761213118097,6.562069524079561,42.365171015262604,-69.14273649454117,-0.13656121492385864,-0.058765970170497894,0.07223225384950638,100,OK,MAP_UPDATE,OK,VISUAL_INERTIAL
228,1761213118113,-1.233672141097486,44.31670531630516,-67.89441406726837,-0.1350657343864441,-0.05995947867631912,0.08210057765245438,100,OK,MAP_UPDATE,OK,VISUAL_INERTIAL
229,1761213118130,-8.69794376194477,46.359628438949585,-66.63171947002411,-0.13370509445667267,-0.06203775852918625,0.09186674654483795,100,OK,MAP_UPDATE,OK,VISUAL_INERTIAL
230,1761213118147,-16.073839738965034,48.417430371046066,-65.43441116809845,-0.13243605196475983,-0.06447035074234009,0.10150425881147385,100,OK,MAP_UPDATE,OK,VISUAL_INERTIAL
231,1761213118163,-23.424971848726273,50.593819469213486,-64.31049108505249,-0.13129544258117676,-0.06724096834659576,0.11096038669347763,100,OK,MAP_UPDATE,OK,VISUAL_INERTIAL
232,1761213118180,-30.960453674197197,52.77624726295471,-63.31178545951843,-0.13025523722171783,-0.06990820914506912,0.1201886236667633,100,OK,MAP_UPDATE,OK,VISUAL_INERTIAL
233,1761213118197,-38.89547660946846,54.98071014881134,-62.441445887088776,-0.12929105758666992,-0.07137756794691086,0.12903933227062225,100,OK,MAP_UPDATE,OK,VISUAL_INERTIAL
234,1761213118213,-46.714771538972855,57.27341026067734,-61.63337081670761,-0.1284429281949997,-0.07174011319875717,0.13764722645282745,100,OK,MAP_UPDATE,OK,VISUAL_INERTIAL
235,1761213118230,-46.714771538972855,57.27341026067734,-61.63337081670761,-0.1284429281949997,-0.07174011319875717,0.13764722645282745,100,OK,MAP_UPDATE,OK,VISUAL_INERTIAL
236,1761213118247,-62.425222247838974,61.616092920303345,-60.033705085515976,-0.12651444971561432,-0.07264232635498047,0.1540745347738266,100,OK,MAP_UPDATE,OK,VISUAL_INERTIAL
237,1761213118263,-69.19195502996445,64.8324117064476,-58.797672390937805,-0.12595659494400024,-0.07341864705085754,0.16165617108345032,100,OK,MAP_UPDATE,OK,VISUAL_INERTIAL
238,1761213118280,-75.99510997533798,68.05255264043808,-57.63182044029236,-0.12531785666942596,-0.07408451288938522,0.16901883482933044,100,OK,MAP_UPDATE,OK,VISUAL_INERTIAL
239,1761213118297,-83.05753022432327,71.14572823047638,-56.62886053323746,-0.12451223284006119,-0.07389073818922043,0.17587856948375702,100,OK,MAP_UPDATE,OK,VISUAL_INERTIAL
240,1761213118313,-90.09873121976852,74.18227195739746,-55.65135180950165,-0.12345068901777267,-0.07245689630508423,0.18197289109230042,100,OK,MAP_UPDATE,OK,VISUAL_INERTIAL
241,1761213118330,-97.02508896589279,77.31202244758606,-54.53810468316078,-0.12229783833026886,-0.06994931399822235,0.18747690320014954,100,OK,MAP_UPDATE,OK,VISUAL_INERTIAL
242,1761213118347,-103.99509966373444,80.17204701900482,-53.43536287546158,-0.12085681408643723,-0.06716173142194748,0.19255177676677704,100,OK,MAP_UPDATE,OK,VISUAL_INERTIAL
243,1761213118363,-110.46797782182693,82.89799839258194,-52.13999003171921,-0.11918848752975464,-0.06432528048753738,0.19721363484859467,100,OK,MAP_UPDATE,OK,VISUAL_INERTIAL
244,1761213118380,-116.81975424289703,85.68490296602249,-50.611868500709534,-0.11739731580018997,-0.06139767915010452,0.20125871896743774,100,OK,MAP_UPDATE,OK,VISUAL_INERTIAL
245,1761213118397,-122.96707928180695,88.33025395870209,-48.9431656897068,-0.11543389409780502,-0.058367542922496796,0.20481596887111664,100,OK,MAP_UPDATE,OK,VISUAL_INERTIAL
246,1761213118413,-129.10224497318268,91.04099124670029,-47.236889600753784,-0.11326804012060165,-0.0551716685295105,0.20795831084251404,100,OK,MAP_UPDATE,OK,VISUAL_INERTIAL
247,1761213118430,-134.85859334468842,94.28959339857101,-45.29328644275665,-0.11122159659862518,-0.0514051653444767,0.21064423024654388,100,OK,MAP_UPDATE,OK,VISUAL_INERTIAL
248,1761213118447,-141.01150631904602,96.97534888982773,-43.38016360998154,-0.10873523354530334,-0.047703102231025696,0.21345242857933044,100,OK,MAP_UPDATE,OK,VISUAL_INERTIAL
249,1761213118463,-147.22765982151031,99.33459758758545,-41.45272821187973,-0.10599271208047867,-0.04382577911019325,0.21626442670822144,100,OK,MAP_UPDATE,OK,VISUAL_INERTIAL
250,1761213118480,-153.3488631248474,101.76824778318405,-39.25997391343117,-0.10312209278345108,-0.03981747105717659,0.2190266102552414,100,OK,MAP_UPDATE,OK,VISUAL_INERTIAL
251,1761213118497,-159.52737629413605,103.89614850282669,-37.08643838763237,-0.10007207840681076,-0.03606852889060974,0.22197125852108002,100,OK,MAP_UPDATE,OK,VISUAL_INERTIAL
252,1761213118513,-165.79534113407135,106.17242753505707,-34.86749902367592,-0.09709897637367249,-0.03222237899899483,0.22502733767032623,100,OK,MAP_UPDATE,OK,VISUAL_INERTIAL
253,1761213118530,-171.9370186328888,108.28220844268799,-32.46007114648819,-0.09400820732116699,-0.028660370036959648,0.2284194380044937,100,OK,MAP_UPDATE,OK,VISUAL_INERTIAL
254,1761213118547,-178.10162901878357,110.31274497509003,-29.95084971189499,-0.09093107283115387,-0.02525559812784195,0.23209920525550842,100,OK,MAP_UPDATE,OK,VISUAL_INERTIAL
255,1761213118563,-184.38701331615448,112.04314231872559,-27.404608204960823,-0.08781763166189194,-0.021910911425948143,0.2361215204000473,100,OK,MAP_UPDATE,OK,VISUAL_INERTIAL
256,1761213118580,-190.87640941143036,113.45550417900085,-24.958740919828415,-0.08472521603107452,-0.017852740362286568,0.24021992087364197,100,OK,MAP_UPDATE,OK,VISUAL_INERTIAL
257,1761213118597,-197.46732711791992,114.65097963809967,-22.640030831098557,-0.0817909985780716,-0.013233914040029049,0.2444871962070465,100,OK,MAP_UPDATE,OK,VISUAL_INERTIAL
258,1761213118613,-203.8646638393402,115.65704643726349,-20.271060988307,-0.07892639935016632,-0.009028855711221695,0.24891342222690582,100,OK,MAP_UPDATE,OK,VISUAL_INERTIAL
259,1761213118630,-210.12957394123077,116.24762415885925,-17.920654267072678,-0.07588503509759903,-0.006049794610589743,0.25366073846817017,100,OK,MAP_UPDATE,OK,VISUAL_INERTIAL
260,1761213118647,-216.20695292949677,117.15664714574814,-15.582368709146976,-0.07332370430231094,-0.0034198015928268433,0.2582814693450928,100,OK,MAP_UPDATE,OK,VISUAL_INERTIAL
261,1761213118663,-222.32981026172638,117.7888810634613,-13.439849950373173,-0.07098834961652756,-0.00041587036685086787,0.26309508085250854,100,OK,MAP_UPDATE,OK,VISUAL_INERTIAL
262,1761213118680,-228.37811708450317,118.53243410587311,-11.428060941398144,-0.06900489330291748,0.0030176963191479445,0.26764723658561707,100,OK,MAP_UPDATE,OK,VISUAL_INERTIAL
263,1761213118697,-234.8080575466156,119.31279301643372,-9.520667605102062,-0.06735925376415253,0.007602288853377104,0.2719563841819763,100,OK,MAP_UPDATE,OK,VISUAL_INERTIAL
264,1761213118713,-241.17426574230194,120.14812231063843,-7.730485871434212,-0.06609383225440979,0.01317624095827341,0.2759348154067993,100,OK,MAP_UPDATE,OK,VISUAL_INERTIAL
265,1761213118730,-246.92074954509735,121.1216077208519,-5.815878044813871,-0.06490200757980347,0.017308155074715614,0.2798386514186859,100,OK,MAP_UPDATE,OK,VISUAL_INERTIAL
266,1761213118747,-251.81034207344055,122.03352153301239,-3.840845078229904,-0.06329624354839325,0.018304739147424698,0.28371185064315796,100,OK,MAP_UPDATE,OK,VISUAL_INERTIAL
267,1761213118763,-256.4924359321594,122.99183011054993,-2.0232286769896746,-0.06161227077245712,0.01819787733256817,0.2872006297111511,100,OK,MAP_UPDATE,OK,VISUAL_INERTIAL
268,1761213118780,-261.6594731807709,123.9674910902977,-0.5057621165178716,-0.06004340574145317,0.018715184181928635,0.29040923714637756,100,OK,MAP_UPDATE,OK,VISUAL_INERTIAL
269,1761213118797,-267.18422770500183,124.8333752155304,0.6837277323938906,-0.058754920959472656,0.020919067785143852,0.2932324707508087,100,OK,MAP_UPDATE,OK,VISUAL_INERTIAL
270,1761213118813,-272.9089558124542,125.74353814125061,1.7491565085947514,-0.05783877894282341,0.024571862071752548,0.2957260012626648,100,OK,MAP_UPDATE,OK,VISUAL_INERTIAL
271,1761213118830,-278.2899737358093,126.51403248310089,2.830988494679332,-0.05696120113134384,0.027987299486994743,0.2981380820274353,100,OK,MAP_UPDATE,OK,VISUAL_INERTIAL
272,1761213118847,-283.218115568161,127.18899548053741,4.150643944740295,-0.05591101944446564,0.030152909457683563,0.30073827505111694,100,OK,MAP_UPDATE,OK,VISUAL_INERTIAL
273,1761213118863,-288.0162000656128,127.63255834579468,5.382279399782419,-0.05448884889483452,0.030804786831140518,0.3036346435546875,100,OK,MAP_UPDATE,OK,VISUAL_INERTIAL
274,1761213118880,-292.6732897758484,128.26034426689148,6.6590579226613045,-0.05306597054004669,0.030616072937846184,0.30669838190078735,100,OK,MAP_UPDATE,OK,VISUAL_INERTIAL
275,1761213118897,-297.9603707790375,128.71050834655762,7.758608087897301,-0.05169718340039253,0.030943168327212334,0.3099157512187958,100,OK,MAP_UPDATE,OK,VISUAL_INERTIAL
276,1761213118913,-303.6978840827942,129.08606231212616,8.691292256116867,-0.050677862018346786,0.03381025791168213,0.313183069229126,100,OK,MAP_UPDATE,OK,VISUAL_INERTIAL
277,1761213118930,-309.3666434288025,129.6132355928421,9.788279421627522,-0.049937330186367035,0.03798665106296539,0.31664830446243286,100,OK,MAP_UPDATE,OK,VISUAL_INERTIAL
278,1761213118947,-314.6398067474365,129.95794415473938,11.172720231115818,-0.04900311678647995,0.04070587828755379,0.3203950822353363,100,OK,MAP_UPDATE,OK,VISUAL_INERTIAL
279,1761213118963,-314.6398067474365,129.95794415473938,11.172720231115818,-0.04900311678647995,0.04070587828755379,0.3203950822353363,100,OK,MAP_UPDATE,OK,VISUAL_INERTIAL
280,1761213118980,-324.2894113063812,130.2642822265625,13.949001207947731,-0.046670518815517426,0.04034394025802612,0.3286617696285248,100,OK,MAP_UPDATE,OK,VISUAL_INERTIAL
281,1761213118997,-329.26860451698303,129.94484603405,14.934658072888851,-0.045303069055080414,0.0394306406378746,0.33310824632644653,100,OK,MAP_UPDATE,OK,VISUAL_INERTIAL
282,1761213119013,-334.96931195259094,129.45590913295746,15.539493411779404,-0.04438086226582527,0.0400320440530777,0.33755627274513245,100,OK,MAP_UPDATE,OK,VISUAL_INERTIAL
283,1761213119030,-340.87225794792175,128.59444320201874,15.94739779829979,-0.04358532652258873,0.041806261986494064,0.34221991896629333,100,OK,MAP_UPDATE,OK,VISUAL_INERTIAL
284,1761213119047,-346.5770184993744,127.66724824905396,16.32152684032917,-0.04289504513144493,0.04340677708387375,0.34704822301864624,100,OK,MAP_UPDATE,OK,VISUAL_INERTIAL
285,1761213119063,-351.93902254104614,126.62246823310852,16.7906042188406,-0.04222889617085457,0.04417235776782036,0.35212284326553345,100,OK,MAP_UPDATE,OK,VISUAL_INERTIAL
286,1761213119080,-357.11005330085754,125.45721232891083,17.17386022210121,-0.041552215814590454,0.043729957193136215,0.3574178218841553,100,OK,MAP_UPDATE,OK,VISUAL_INERTIAL
287,1761213119097,-362.59132623672485,123.9621490240097,17.024029046297073,-0.04076089709997177,0.04216852784156799,0.36305713653564453,100,OK,MAP_UPDATE,OK,VISUAL_INERTIAL
288,1761213119113,-367.99752712249756,122.77619540691376,17.00769178569317,-0.04059601575136185,0.04113643243908882,0.36866775155067444,100,OK,MAP_UPDATE,OK,VISUAL_INERTIAL
289,1761213119130,-373.5584318637848,121.52478843927383,16.771182417869568,-0.04091741144657135,0.04072550684213638,0.3744225800037384,100,OK,MAP_UPDATE,OK,VISUAL_INERTIAL
290,1761213119147,-378.8512647151947,119.91088837385178,16.617625951766968,-0.04120642691850662,0.039881762117147446,0.38040751218795776,100,OK,MAP_UPDATE,OK,VISUAL_INERTIAL
291,1761213119163,-383.89667868614197,118.34007501602173,16.50419645011425,-0.041558727622032166,0.03805645555257797,0.38643309473991394,100,OK,MAP_UPDATE,OK,VISUAL_INERTIAL
292,1761213119180,-388.7543976306915,116.6195347905159,16.265317797660828,-0.041806574910879135,0.03477979451417923,0.3925720751285553,100,OK,MAP_UPDATE,OK,VISUAL_INERTIAL
293,1761213119197,-393.61411333084106,114.77521061897278,15.783939510583878,-0.04205108433961868,0.030539007857441902,0.3987939953804016,100,OK,MAP_UPDATE,OK,VISUAL_INERTIAL
294,1761213119213,-398.8485336303711,112.84896731376648,14.987957663834095,-0.042636699974536896,0.027332093566656113,0.4050039052963257,100,OK,MAP_UPDATE,OK,VISUAL_INERTIAL
295,1761213119230,-404.3736159801483,110.95540225505829,14.06106911599636,-0.043780867010354996,0.02592814713716507,0.41121935844421387,100,OK,MAP_UPDATE,OK,VISUAL_INERTIAL
296,1761213119247,-409.5176160335541,108.93712192773819,13.12778890132904,-0.044940754771232605,0.02468649484217167,0.4174042344093323,100,OK,MAP_UPDATE,OK,VISUAL_INERTIAL
297,1761213119263,-414.39124941825867,106.95306956768036,12.291034683585167,-0.046080149710178375,0.02267969399690628,0.42351654171943665,100,OK,MAP_UPDATE,OK,VISUAL_INERTIAL
298,1761213119280,-419.0963804721832,104.87313568592072,11.426323093473911,-0.04719690978527069,0.020085742697119713,0.4295409023761749,100,OK,MAP_UPDATE,OK,VISUAL_INERTIAL
299,1761213119297,-423.74786734580994,102.97966748476028,10.460756719112396,-0.04844389855861664,0.017559606581926346,0.43533387780189514,100,OK,MAP_UPDATE,OK,VISUAL_INERTIAL
300,1761213119313,-428.54043841362,101.11384093761444,9.441222995519638,-0.049903642386198044,0.015677321702241898,0.4410562813282013,100,OK,MAP_UPDATE,OK,VISUAL_INERTIAL
301,1761213119330,-433.30568075180054,98.96251559257507,8.322597481310368,-0.05156395956873894,0.015000349842011929,0.4468480348587036,100,OK,MAP_UPDATE,OK,VISUAL_INERTIAL
302,1761213119347,-437.88427114486694,96.77166491746902,7.284384686499834,-0.05322009325027466,0.014388336800038815,0.4526198208332062,100,OK,MAP_UPDATE,OK,VISUAL_INERTIAL
303,1761213119363,-442.09879636764526,94.42252665758133,6.333455443382263,-0.05451030284166336,0.012752547860145569,0.45837488770484924,100,OK,MAP_UPDATE,OK,VISUAL_INERTIAL
304,1761213119380,-446.3779032230377,92.57413446903229,5.4200817830860615,-0.05593385919928551,0.010463823564350605,0.46370744705200195,100,OK,MAP_UPDATE,OK,VISUAL_INERTIAL
305,1761213119397,-450.4155218601227,90.57090431451797,4.498579073697329,-0.05699921026825905,0.007263104431331158,0.4690563976764679,100,OK,MAP_UPDATE,OK,VISUAL_INERTIAL
306,1761213119413,-454.36713099479675,88.45679461956024,3.5787776578217745,-0.057901907712221146,0.0037371942307800055,0.4743324816226959,100,OK,MAP_UPDATE,OK,VISUAL_INERTIAL
307,1761213119430,-458.50396156311035,86.23962849378586,2.6258467696607113,-0.059065110981464386,0.0013978779315948486,0.47944268584251404,100,OK,MAP_UPDATE,OK,VISUAL_INERTIAL
308,1761213119447,-462.91178464889526,83.82926881313324,1.6248192405328155,-0.060617245733737946,0.0005511115305125713,0.48445770144462585,100,OK,MAP_UPDATE,OK,VISUAL_INERTIAL
309,1761213119463,-466.8584167957306,81.40596002340317,0.7424326031468809,-0.06211935356259346,-0.00014760794874746352,0.4893788993358612,100,OK,MAP_UPDATE,OK,VISUAL_INERTIAL
310,1761213119480,-470.5158770084381,78.96660268306732,-0.057414530601818115,-0.06348191946744919,-0.0013095983304083347,0.4942617416381836,100,OK,MAP_UPDATE,OK,VISUAL_INERTIAL
311,1761213119497,-473.6914932727814,76.59047096967697,-0.6856093532405794,-0.06449367105960846,-0.0032159110996872187,0.4989356994628906,100,OK,MAP_UPDATE,OK,VISUAL_INERTIAL
312,1761213119514,-476.5763580799103,74.32026416063309,-1.2861976865679026,-0.0651271641254425,-0.006441490724682808,0.5035340189933777,100,OK,MAP_UPDATE,OK,VISUAL_INERTIAL
313,1761213119530,-479.25621271133423,72.07256555557251,-2.051692456007004,-0.06552460044622421,-0.009888233616948128,0.5078751444816589,100,OK,MAP_UPDATE,OK,VISUAL_INERTIAL
314,1761213119547,-482.34230279922485,69.96556371450424,-2.946567954495549,-0.06638792157173157,-0.012294120155274868,0.5120741128921509,100,OK,MAP_UPDATE,OK,VISUAL_INERTIAL
315,1761213119563,-485.71667075157166,68.10683757066727,-4.039425868541002,-0.0678001195192337,-0.013568637892603874,0.5161653757095337,100,OK,MAP_UPDATE,OK,VISUAL_INERTIAL
316,1761213119580,-488.61822485923767,66.11990928649902,-4.880320746451616,-0.0687796026468277,-0.014936478808522224,0.5200050473213196,100,OK,MAP_UPDATE,OK,VISUAL_INERTIAL
317,1761213119597,-490.9886121749878,63.94091993570328,-5.530608352273703,-0.06923774629831314,-0.017021844163537025,0.5235828757286072,100,OK,MAP_UPDATE,OK,VISUAL_INERTIAL
318,1761213119613,-493.39401721954346,62.01856955885887,-6.291145458817482,-0.06970272958278656,-0.019659724086523056,0.526738703250885,100,OK,MAP_UPDATE,OK,VISUAL_INERTIAL
319,1761213119630,-495.54553627967834,60.14275923371315,-6.992001552134752,-0.06997387111186981,-0.022407617419958115,0.529647171497345,100,OK,MAP_UPDATE,OK,VISUAL_INERTIAL
320,1761213119647,-497.5067675113678,58.53161960840225,-7.749186363071203,-0.07045643031597137,-0.02439531311392784,0.5321351289749146,100,OK,MAP_UPDATE,OK,VISUAL_INERTIAL
321,1761213119663,-499.5573163032532,56.80013447999954,-8.468866348266602,-0.07136858999729156,-0.024630090221762657,0.5343307256698608,100,OK,MAP_UPDATE,OK,VISUAL_INERTIAL
322,1761213119680,-501.34944915771484,55.070020258426666,-9.161178953945637,-0.07254696637392044,-0.023990409448742867,0.5362709164619446,100,OK,MAP_UPDATE,OK,VISUAL_INERTIAL
323,1761213119697,-502.7802586555481,53.58920618891716,-9.893063455820084,-0.07373711466789246,-0.02402045577764511,0.5379776358604431,100,OK,MAP_UPDATE,OK,VISUAL_INERTIAL
324,1761213119713,-503.6582946777344,52.21990868449211,-10.432768613100052,-0.07451104372739792,-0.024974795058369637,0.5394877195358276,100,OK,MAP_UPDATE,OK,VISUAL_INERTIAL
325,1761213119730,-504.15825843811035,50.88311433792114,-10.912412777543068,-0.07485329359769821,-0.026924803853034973,0.5409992933273315,100,OK,MAP_UPDATE,OK,VISUAL_INERTIAL
326,1761213119747,-504.78875637054443,49.89587143063545,-11.316553689539433,-0.07518043369054794,-0.028007138520479202,0.5421721935272217,100,OK,MAP_UPDATE,OK,VISUAL_INERTIAL
327,1761213119763,-505.7315230369568,48.98853227496147,-11.771047487854958,-0.0758557841181755,-0.027226939797401428,0.5431298613548279,100,OK,MAP_UPDATE,OK,VISUAL_INERTIAL
328,1761213119780,-506.5191984176636,48.337172716856,-12.017601169645786,-0.0764293298125267,-0.02618901990354061,0.5439282655715942,100,OK,MAP_UPDATE,OK,VISUAL_INERTIAL
329,1761213119797,-506.6896677017212,47.88422957062721,-11.968250386416912,-0.07646889239549637,-0.026217317208647728,0.5446832180023193,100,OK,MAP_UPDATE,OK,VISUAL_INERTIAL
330,1761213119813,-506.59894943237305,47.53885418176651,-11.826427653431892,-0.07632820308208466,-0.026669666171073914,0.5453737378120422,100,OK,MAP_UPDATE,OK,VISUAL_INERTIAL
331,1761213119830,-506.3173770904541,47.37013578414917,-11.633449234068394,-0.07609978318214417,-0.027116866782307625,0.5456916093826294,100,OK,MAP_UPDATE,OK,VISUAL_INERTIAL
332,1761213119847,-505.95223903656006,47.5161038339138,-11.384622193872929,-0.0758829340338707,-0.02718476764857769,0.5455495715141296,100,OK,MAP_UPDATE,OK,VISUAL_INERTIAL
333,1761213119863,-505.6536793708801,47.9058101773262,-11.2572330981493,-0.07599674165248871,-0.02582758292555809,0.5449697971343994,100,OK,MAP_UPDATE,OK,VISUAL_INERTIAL
334,1761213119880,-505.0504207611084,48.631370067596436,-10.996769182384014,-0.07617798447608948,-0.0235467366874218,0.5438968539237976,100,OK,MAP_UPDATE,OK,VISUAL_INERTIAL
335,1761213119897,-504.0452480316162,49.58689585328102,-10.545357130467892,-0.07622957229614258,-0.021267980337142944,0.5423710346221924,100,OK,MAP_UPDATE,OK,VISUAL_INERTIAL
336,1761213119913,-502.60692834854126,50.817959010601044,-10.035580955445766,-0.07639459520578384,-0.018512779846787453,0.5402816534042358,100,OK,MAP_UPDATE,OK,VISUAL_INERTIAL
337,1761213119930,-500.78797340393066,52.147746086120605,-9.435133077204227,-0.07634890079498291,-0.016210971400141716,0.537678062915802,100,OK,MAP_UPDATE,OK,VISUAL_INERTIAL
338,1761213119947,-498.48467111587524,53.76032739877701,-8.747974410653114,-0.07609956711530685,-0.014153995551168919,0.5344975590705872,100,OK,MAP_UPDATE,OK,VISUAL_INERTIAL
339,1761213119963,-495.8382248878479,55.51518499851227,-8.081760257482529,-0.07575774192810059,-0.012168698012828827,0.5307673811912537,100,OK,MAP_UPDATE,OK,VISUAL_INERTIAL
340,1761213119980,-492.77567863464355,57.419780641794205,-7.4232472106814384,-0.07530461251735687,-0.010589412413537502,0.5264267325401306,100,OK,MAP_UPDATE,OK,VISUAL_INERTIAL
341,1761213119997,-489.4585311412811,59.51595678925514,-6.851828657090664,-0.07498154789209366,-0.009010311216115952,0.5213894248008728,100,OK,MAP_UPDATE,OK,VISUAL_INERTIAL
342,1761213120013,-485.9330356121063,61.71854957938194,-6.448496598750353,-0.07505331188440323,-0.006430688314139843,0.5157138109207153,100,OK,MAP_UPDATE,OK,VISUAL_INERTIAL
343,1761213120030,-482.1488857269287,64.17317688465118,-6.123836152255535,-0.07544438540935516,-0.0029296402353793383,0.5093292593955994,100,OK,MAP_UPDATE,OK,VISUAL_INERTIAL
344,1761213120047,-477.83371806144714,66.89020246267319,-5.7019684463739395,-0.07575073838233948,0.0005090499180369079,0.5024421811103821,100,OK,MAP_UPDATE,OK,VISUAL_INERTIAL
345,1761213120063,-472.9573428630829,69.69966739416122,-5.333252251148224,-0.07583458721637726,0.0033109555952250957,0.49531883001327515,100,OK,MAP_UPDATE,OK,VISUAL_INERTIAL
346,1761213120080,-467.6542282104492,72.76293635368347,-4.906116984784603,-0.07571456581354141,0.0053512174636125565,0.4878953695297241,100,OK,MAP_UPDATE,OK,VISUAL_INERTIAL
347,1761213120097,-461.86915040016174,75.84338635206223,-4.451587796211243,-0.07518785446882248,0.0062812454998493195,0.4803312420845032,100,OK,MAP_UPDATE,OK,VISUAL_INERTIAL
348,1761213120113,-456.04968070983887,78.85619252920151,-4.08247672021389,-0.07439721375703812,0.006929396186023951,0.47282493114471436,100,OK,MAP_UPDATE,OK,VISUAL_INERTIAL
349,1761213120130,-450.238972902298,81.99894428253174,-3.775076474994421,-0.07349495589733124,0.007924715988337994,0.4651946425437927,100,OK,MAP_UPDATE,OK,VISUAL_INERTIAL
350,1761213120147,-444.54407691955566,85.1147323846817,-3.415156854316592,-0.07245853543281555,0.009036151692271233,0.45783087611198425,100,OK,MAP_UPDATE,OK,VISUAL_INERTIAL
351,1761213120163,-438.5043978691101,88.3108451962471,-2.9584155417978764,-0.07121463119983673,0.010177942924201488,0.4503220021724701,100,OK,MAP_UPDATE,OK,VISUAL_INERTIAL
352,1761213120180,-432.36473202705383,91.49246662855148,-2.4888156913220882,-0.06992257386445999,0.010980653576552868,0.44280242919921875,100,OK,MAP_UPDATE,OK,VISUAL_INERTIAL
353,1761213120197,-425.7722496986389,94.51869130134583,-2.015674952417612,-0.068315289914608,0.011090587824583054,0.43535342812538147,100,OK,MAP_UPDATE,OK,VISUAL_INERTIAL
354,1761213120213,-419.2042052745819,97.55852073431015,-1.475832425057888,-0.06667914986610413,0.011039926670491695,0.4278659522533417,100,OK,MAP_UPDATE,OK,VISUAL_INERTIAL
355,1761213120230,-412.4881327152252,100.59650242328644,-0.8894657948985696,-0.06495466828346252,0.010694967582821846,0.4204140305519104,100,OK,MAP_UPDATE,OK,VISUAL_INERTIAL
356,1761213120247,-405.5613577365875,103.53446006774902,-0.27344131376594305,-0.06304924935102463,0.009719463996589184,0.413056880235672,100,OK,MAP_UPDATE,OK,VISUAL_INERTIAL
357,1761213120263,-398.51221442222595,106.5957173705101,0.6029968499206007,-0.06123042106628418,0.00874530803412199,0.4056607782840729,100,OK,MAP_UPDATE,OK,VISUAL_INERTIAL
358,1761213120280,-391.3935422897339,109.64283347129822,1.5160575276240706,-0.05941564589738846,0.007877788506448269,0.39833036065101624,100,OK,MAP_UPDATE,OK,VISUAL_INERTIAL
359,1761213120297,-384.06845927238464,112.53123730421066,2.5321326684206724,-0.057437241077423096,0.00669998349621892,0.391111820936203,100,OK,MAP_UPDATE,OK,VISUAL_INERTIAL
360,1761213120313,-376.71589851379395,115.34125357866287,3.5662909504026175,-0.05546427518129349,0.005489610601216555,0.3840227723121643,100,OK,MAP_UPDATE,OK,VISUAL_INERTIAL
361,1761213120330,-369.2576289176941,118.35909634828568,4.667952191084623,-0.05371597036719322,0.004525166470557451,0.37685781717300415,100,OK,MAP_UPDATE,OK,VISUAL_INERTIAL
362,1761213120347,-361.7841899394989,121.33393436670303,5.740928929299116,-0.05217232182621956,0.004063085652887821,0.36941853165626526,100,OK,MAP_UPDATE,OK,VISUAL_INERTIAL
363,1761213120363,-354.07620668411255,124.32055175304413,6.851513404399157,-0.050862979143857956,0.0038969942834228277,0.3616040050983429,100,OK,MAP_UPDATE,OK,VISUAL_INERTIAL
364,1761213120380,-346.31553292274475,127.35089659690857,7.842286489903927,-0.049709856510162354,0.003392182756215334,0.3534618020057678,100,OK,MAP_UPDATE,OK,VISUAL_INERTIAL
365,1761213120397,-337.8737270832062,129.9966424703598,8.818034082651138,-0.04797562584280968,0.0015977227594703436,0.3452872037887573,100,OK,MAP_UPDATE,OK,VISUAL_INERTIAL
366,1761213120413,-329.0754556655884,132.7592432498932,10.018186643719673,-0.046127479523420334,-0.0011892591137439013,0.3371516466140747,100,OK,MAP_UPDATE,OK,VISUAL_INERTIAL
367,1761213120430,-320.0308084487915,135.83476841449738,11.3148782402277,-0.04440361261367798,-0.0039197588339447975,0.3287349045276642,100,OK,MAP_UPDATE,OK,VISUAL_INERTIAL
368,1761213120447,-311.12727522850037,138.87186348438263,12.637536972761154,-0.04275733605027199,-0.005672176368534565,0.32012084126472473,100,OK,MAP_UPDATE,OK,VISUAL_INERTIAL
369,1761213120463,-302.4210035800934,141.7829841375351,13.90698179602623,-0.041212983429431915,-0.00651758536696434,0.3113768398761749,100,OK,MAP_UPDATE,OK,VISUAL_INERTIAL
370,1761213120480,-293.4625744819641,144.84748244285583,15.331387519836426,-0.039622627198696136,-0.007065858691930771,0.3023805320262909,100,OK,MAP_UPDATE,OK,VISUAL_INERTIAL
371,1761213120497,-284.2068374156952,147.70562946796417,16.728047281503677,-0.03795749321579933,-0.008624866604804993,0.29342174530029297,100,OK,MAP_UPDATE,OK,VISUAL_INERTIAL
372,1761213120513,-274.7640907764435,150.23669600486755,18.079975619912148,-0.036112453788518906,-0.010996443219482899,0.2844078838825226,100,OK,MAP_UPDATE,OK,VISUAL_INERTIAL
373,1761213120530,-264.99229669570923,152.44656801223755,19.510261714458466,-0.03415466472506523,-0.013638369739055634,0.2753564417362213,100,OK,MAP_UPDATE,OK,VISUAL_INERTIAL
374,1761213120547,-255.47203421592712,154.58451211452484,20.752334967255592,-0.03232797607779503,-0.016025368124246597,0.2662096619606018,100,OK,MAP_UPDATE,OK,VISUAL_INERTIAL
375,1761213120563,-246.16572260856628,156.51297569274902,21.955706179142,-0.030490631237626076,-0.017345447093248367,0.2568577229976654,100,OK,MAP_UPDATE,OK,VISUAL_INERTIAL
376,1761213120580,-237.009659409523,158.67653489112854,22.836633026599884,-0.02908814139664173,-0.018089352175593376,0.24727383255958557,100,OK,MAP_UPDATE,OK,VISUAL_INERTIAL
377,1761213120597,-227.70878672599792,161.07973456382751,23.746322840452194,-0.028040988370776176,-0.018786612898111343,0.23757371306419373,100,OK,MAP_UPDATE,OK,VISUAL_INERTIAL
378,1761213120613,-218.37466955184937,163.54897618293762,24.665512144565582,-0.02722913771867752,-0.019747385755181313,0.22775979340076447,100,OK,MAP_UPDATE,OK,VISUAL_INERTIAL
379,1761213120630,-208.70280265808105,166.32208228111267,25.603512302041054,-0.02671753242611885,-0.021380912512540817,0.21826662123203278,100,OK,MAP_UPDATE,OK,VISUAL_INERTIAL
380,1761213120647,-198.60467314720154,168.45016181468964,26.71119011938572,-0.025736046954989433,-0.02402566187083721,0.20891951024532318,100,OK,MAP_UPDATE,OK,VISUAL_INERTIAL
381,1761213120663,-188.83803486824036,170.37639021873474,27.837997302412987,-0.024753043428063393,-0.027311332523822784,0.19984447956085205,100,OK,MAP_UPDATE,OK,VISUAL_INERTIAL
382,1761213120680,-179.47234213352203,171.87273502349854,28.796471655368805,-0.023610379546880722,-0.03018575720489025,0.19075453281402588,100,OK,MAP_UPDATE,OK,VISUAL_INERTIAL
383,1761213120697,-170.3222095966339,173.1976568698883,29.875587671995163,-0.02243196591734886,-0.03198267146945,0.18160969018936157,100,OK,MAP_UPDATE,OK,VISUAL_INERTIAL
384,1761213120713,-161.31088137626648,174.0029752254486,31.02978877723217,-0.021065598353743553,-0.03355645015835762,0.1726340353488922,100,OK,MAP_UPDATE,OK,VISUAL_INERTIAL
385,1761213120730,-152.22707390785217,175.27702450752258,32.138947397470474,-0.02013513818383217,-0.034787289798259735,0.16347503662109375,100,OK,MAP_UPDATE,OK,VISUAL_INERTIAL
386,1761213120747,-143.054261803627,176.12139880657196,33.43695029616356,-0.018900873139500618,-0.03569329157471657,0.15461134910583496,100,OK,MAP_UPDATE,OK,VISUAL_INERTIAL
387,1761213120763,-134.08489525318146,176.4279305934906,34.8682627081871,-0.0173933207988739,-0.036503810435533524,0.14607812464237213,100,OK,MAP_UPDATE,OK,VISUAL_INERTIAL
388,1761213120780,-125.12810528278351,176.73341929912567,36.34783998131752,-0.01579594612121582,-0.03794657438993454,0.13777340948581696,100,OK,MAP_UPDATE,OK,VISUAL_INERTIAL
389,1761213120797,-116.50817841291428,177.3698627948761,37.68361359834671,-0.01440580002963543,-0.03980648145079613,0.12970568239688873,100,OK,MAP_UPDATE,OK,VISUAL_INERTIAL
390,1761213120813,-108.66284370422363,177.9298037290573,38.86568546295166,-0.013045286759734154,-0.04097576066851616,0.1220252513885498,100,OK,MAP_UPDATE,OK,VISUAL_INERTIAL
391,1761213120830,-100.96608102321625,178.59555780887604,40.151163935661316,-0.011750276200473309,-0.04115141183137894,0.11452276259660721,100,OK,MAP_UPDATE,OK,VISUAL_INERTIAL
392,1761213120847,-93.31032633781433,179.148331284523,41.44349321722984,-0.010431974194943905,-0.04122993350028992,0.107354074716568,100,OK,MAP_UPDATE,OK,VISUAL_INERTIAL
393,1761213120863,-85.65160632133484,179.75999414920807,42.74880513548851,-0.0091847600415349,-0.041675396263599396,0.1005064845085144,100,OK,MAP_UPDATE,OK,VISUAL_INERTIAL
394,1761213120880,-77.7815729379654,180.32106757164001,44.224437326192856,-0.007823234423995018,-0.04307422786951065,0.0939100831747055,100,OK,MAP_UPDATE,OK,VISUAL_INERTIAL
395,1761213120897,-70.22449374198914,180.76153099536896,45.63010483980179,-0.006472265347838402,-0.04441250488162041,0.08759018778800964,100,OK,MAP_UPDATE,OK,VISUAL_INERTIAL
396,1761213120913,-63.388340175151825,180.98527193069458,46.78983613848686,-0.0051416358910501,-0.045539721846580505,0.0815591961145401,100,OK,MAP_UPDATE,OK,VISUAL_INERTIAL
397,1761213120930,-56.34067952632904,181.5032660961151,48.11476171016693,-0.004079945385456085,-0.04669643193483353,0.07564989477396011,100,OK,MAP_UPDATE,OK,VISUAL_INERTIAL
398,1761213120947,-49.28206279873848,181.903138756752,49.4748018682003,-0.0029365140944719315,-0.0476231686770916,0.06972820311784744,100,OK,MAP_UPDATE,OK,VISUAL_INERTIAL
399,1761213120963,-42.08240658044815,182.24476277828217,50.7998950779438,-0.0016500533092767,-0.04841417074203491,0.06361189484596252,100,OK,MAP_UPDATE,OK,VISUAL_INERTIAL
400,1761213120980,-34.68651324510574,182.71061778068542,52.18565836548805,-0.00041273533133789897,-0.049817271530628204,0.05747457966208458,100,OK,MAP_UPDATE,OK,VISUAL_INERTIAL
401,1761213120997,-26.93779766559601,182.5767159461975,53.69608849287033,0.0012984395725652575,-0.05167265608906746,0.051173847168684006,100,OK,MAP_UPDATE,OK,VISUAL_INERTIAL
402,1761213121013,-19.22966167330742,182.57194757461548,55.25370314717293,0.0028691422194242477,-0.05290495231747627,0.04468860849738121,100,OK,MAP_UPDATE,OK,VISUAL_INERTIAL
403,1761213121030,-11.524698697030544,182.05328285694122,56.990157812833786,0.0047706421464681625,-0.05454837158322334,0.03813489153981209,100,OK,MAP_UPDATE,OK,VISUAL_INERTIAL
404,1761213121047,-4.21953946352005,180.985227227211,58.66016820073128,0.007119840011000633,-0.05668298527598381,0.03150712326169014,100,OK,MAP_UPDATE,OK,VISUAL_INERTIAL
405,1761213121063,3.2170405611395836,180.89903891086578,60.1273812353611,0.00871169101446867,-0.0579184927046299,0.024955080822110176,100,OK,MAP_UPDATE,OK,VISUAL_INERTIAL
406,1761213121080,10.32891497015953,180.5924028158188,61.54341250658035,0.01050268393009901,-0.058857087045907974,0.018457885831594467,100,OK,MAP_UPDATE,OK,VISUAL_INERTIAL
407,1761213121097,17.5875723361969,180.01791834831238,63.0311518907547,0.012460153549909592,-0.06001877412199974,0.01171013992279768,100,OK,MAP_UPDATE,OK,VISUAL_INERTIAL
408,1761213121113,25.22418275475502,179.32827770709991,64.76530432701111,0.014458817429840565,-0.06066932901740074,0.004718231037259102,100,OK,MAP_UPDATE,OK,VISUAL_INERTIAL
409,1761213121130,33.078812062740326,178.0085563659668,66.65406376123428,0.01683085784316063,-0.06130408123135567,-0.0025142086669802666,100,OK,MAP_UPDATE,OK,VISUAL_INERTIAL
410,1761213121147,41.20488837361336,176.44457519054413,68.5502290725708,0.019176635891199112,-0.06248706206679344,-0.009953734464943409,100,OK,MAP_UPDATE,OK,VISUAL_INERTIAL
411,1761213121164,50.05839094519615,175.49940943717957,70.06628811359406,0.020864132791757584,-0.06456103920936584,-0.01756744645535946,100,OK,MAP_UPDATE,OK,VISUAL_INERTIAL
412,1761213121180,58.98284912109375,174.56910014152527,71.52072340250015,0.022405413910746574,-0.06781093031167984,-0.025314882397651672,100,OK,MAP_UPDATE,OK,VISUAL_INERTIAL
413,1761213121197,67.86143779754639,173.7639456987381,72.9174017906189,0.02385331504046917,-0.0706641748547554,-0.03346593305468559,100,OK,MAP_UPDATE,OK,VISUAL_INERTIAL
414,1761213121213,75.81707090139389,173.17765951156616,74.03832674026489,0.025239337235689163,-0.07169930636882782,-0.04174411669373512,100,OK,MAP_UPDATE,OK,VISUAL_INERTIAL
415,1761213121230,83.7683379650116,172.33839631080627,75.11603087186813,0.02678186073899269,-0.07150240242481232,-0.050124604254961014,100,OK,MAP_UPDATE,OK,VISUAL_INERTIAL
416,1761213121247,91.78981930017471,171.08243703842163,76.33206248283386,0.02854752726852894,-0.07208046317100525,-0.0582544207572937,100,OK,MAP_UPDATE,OK,VISUAL_INERTIAL
417,1761213121263,99.96220469474792,169.53875124454498,77.56198942661285,0.030261341482400894,-0.07370217889547348,-0.06613854318857193,100,OK,MAP_UPDATE,OK,VISUAL_INERTIAL
418,1761213121280,108.16728323698044,168.32855343818665,78.65559309720993,0.03154916688799858,-0.07644283771514893,-0.07380842417478561,100,OK,MAP_UPDATE,OK,VISUAL_INERTIAL
419,1761213121297,116.01772159337997,166.78303480148315,79.72370088100433,0.03300910443067551,-0.07906362414360046,-0.08162190765142441,100,OK,MAP_UPDATE,OK,VISUAL_INERTIAL
420,1761213121313,123.73177707195282,165.18570482730865,80.5402547121048,0.03442230820655823,-0.08004190772771835,-0.08947405219078064,100,OK,MAP_UPDATE,OK,VISUAL_INERTIAL
421,1761213121330,131.21360540390015,163.50772976875305,81.28269016742706,0.03582548350095749,-0.08039303869009018,-0.09729871898889542,100,OK,MAP_UPDATE,OK,VISUAL_INERTIAL
422,1761213121347,138.71093094348907,161.4755392074585,82.31030404567719,0.037532128393650055,-0.08100759983062744,-0.10504838079214096,100,OK,MAP_UPDATE,OK,VISUAL_INERTIAL
423,1761213121363,146.21834456920624,159.78220105171204,83.29030126333237,0.03902670368552208,-0.08177274465560913,-0.1126558780670166,100,OK,MAP_UPDATE,OK,VISUAL_INERTIAL
424,1761213121380,153.9594829082489,157.63001143932343,84.47936177253723,0.04089825972914696,-0.08231016993522644,-0.11996392160654068,100,OK,MAP_UPDATE,OK,VISUAL_INERTIAL
425,1761213121397,161.43348813056946,155.6052565574646,85.64618229866028,0.042825695127248764,-0.08323957026004791,-0.12706820666790009,100,OK,MAP_UPDATE,OK,VISUAL_INERTIAL
426,1761213121413,168.45136880874634,154.37167882919312,86.45299077033997,0.04423857107758522,-0.08442635089159012,-0.13377894461154938,100,OK,MAP_UPDATE,OK,VISUAL_INERTIAL
427,1761213121430,175.06635189056396,153.2869040966034,87.30456978082657,0.045622363686561584,-0.08540460467338562,-0.14017817378044128,100,OK,MAP_UPDATE,OK,VISUAL_INERTIAL
428,1761213121447,181.5718561410904,151.91172063350677,88.2202759385109,0.047302186489105225,-0.08693213015794754,-0.14631621539592743,100,OK,MAP_UPDATE,OK,VISUAL_INERTIAL
429,1761213121463,187.8441572189331,150.3404676914215,89.26568925380707,0.04912087321281433,-0.08875147998332977,-0.1521994024515152,100,OK,MAP_UPDATE,OK,VISUAL_INERTIAL
430,1761213121480,193.97015869617462,148.51586520671844,90.32154083251953,0.051127199083566666,-0.09005547314882278,-0.1581571400165558,100,OK,MAP_UPDATE,OK,VISUAL_INERTIAL
431,1761213121497,199.88666474819183,146.57503366470337,91.35960787534714,0.053083933889865875,-0.09117705374956131,-0.16403870284557343,100,OK,MAP_UPDATE,OK,VISUAL_INERTIAL
432,1761213121513,205.76952397823334,144.41868662834167,92.42699295282364,0.05505068227648735,-0.09247653931379318,-0.16981256008148193,100,OK,MAP_UPDATE,OK,VISUAL_INERTIAL
433,1761213121530,211.70896291732788,142.33438670635223,93.34391355514526,0.05682500824332237,-0.09421826899051666,-0.17546671628952026,100,OK,MAP_UPDATE,OK,VISUAL_INERTIAL
434,1761213121547,217.51897037029266,140.1522010564804,94.30097788572311,0.05860191583633423,-0.0960720106959343,-0.18095844984054565,100,OK,MAP_UPDATE,OK,VISUAL_INERTIAL
435,1761213121563,222.76125848293304,138.11777532100677,95.16587853431702,0.0601658970117569,-0.09820622205734253,-0.18624787032604218,100,OK,MAP_UPDATE,OK,VISUAL_INERTIAL
436,1761213121580,228.51206362247467,135.80705225467682,96.05191648006439,0.06168243661522865,-0.09977877140045166,-0.1917722523212433,100,OK,MAP_UPDATE,OK,VISUAL_INERTIAL
437,1761213121597,233.91105234622955,133.43963027000427,96.73112630844116,0.06319785863161087,-0.1006685122847557,-0.1976168155670166,100,OK,MAP_UPDATE,OK,VISUAL_INERTIAL
438,1761213121613,238.97281289100647,130.77889382839203,97.18501567840576,0.06496219336986542,-0.09973765164613724,-0.20371681451797485,100,OK,MAP_UPDATE,OK,VISUAL_INERTIAL
439,1761213121630,243.8645362854004,128.30914556980133,97.44973480701447,0.06671261042356491,-0.09747262299060822,-0.20994266867637634,100,OK,MAP_UPDATE,OK,VISUAL_INERTIAL
440,1761213121647,248.81505966186523,125.43454766273499,97.80880808830261,0.06872566044330597,-0.09449787437915802,-0.21628420054912567,100,OK,MAP_UPDATE,OK,VISUAL_INERTIAL
441,1761213121663,254.8043131828308,122.84217029809952,98.06017577648163,0.07005965709686279,-0.0924358144402504,-0.2226189821958542,100,OK,MAP_UPDATE,OK,VISUAL_INERTIAL
442,1761213121680,260.9996199607849,120.1883852481842,98.31719845533371,0.07118070870637894,-0.09234695881605148,-0.2287491410970688,100,OK,MAP_UPDATE,OK,VISUAL_INERTIAL
443,1761213121697,267.5517201423645,117.29711294174194,98.56091439723969,0.07204393297433853,-0.09376668930053711,-0.23483429849147797,100,OK,MAP_UPDATE,OK,VISUAL_INERTIAL
444,1761213121713,273.95591139793396,114.11487311124802,98.72487187385559,0.07277736812829971,-0.09586512297391891,-0.2407768815755844,100,OK,MAP_UPDATE,OK,VISUAL_INERTIAL
445,1761213121730,279.8392176628113,110.83530634641647,98.72995316982269,0.07339892536401749,-0.09763263165950775,-0.24636362493038177,100,OK,MAP_UPDATE,OK,VISUAL_INERTIAL
446,1761213121747,285.3616774082184,107.55235701799393,98.5959842801094,0.0738091915845871,-0.0990634560585022,-0.2516670823097229,100,OK,MAP_UPDATE,OK,VISUAL_INERTIAL
447,1761213121763,290.9373342990875,104.83594238758087,98.17207604646683,0.0733426958322525,-0.10118050128221512,-0.256662517786026,100,OK,MAP_UPDATE,OK,VISUAL_INERTIAL
448,1761213121780,296.51424288749695,101.76432132720947,97.89863228797913,0.07311220467090607,-0.10373856872320175,-0.26171648502349854,100,OK,MAP_UPDATE,OK,VISUAL_INERTIAL
449,1761213121797,301.7369210720062,97.9808047413826,97.50808775424957,0.07323798537254333,-0.10646868497133255,-0.26695388555526733,100,OK,MAP_UPDATE,OK,VISUAL_INERTIAL
450,1761213121813,306.9654703140259,94.4543108344078,97.01712429523468,0.07296472787857056,-0.10931091010570526,-0.27210479974746704,100,OK,MAP_UPDATE,OK,VISUAL_INERTIAL
451,1761213121830,312.142550945282,90.94235301017761,96.21822834014893,0.07243999093770981,-0.11213793605566025,-0.2772705554962158,100,OK,MAP_UPDATE,OK,VISUAL_INERTIAL
452,1761213121847,317.2863721847534,87.22158521413803,95.4359620809555,0.071782685816288,-0.11479867994785309,-0.28253379464149475,100,OK,MAP_UPDATE,OK,VISUAL_INERTIAL
453,1761213121863,322.0396637916565,83.48342031240463,94.60023790597916,0.07095446437597275,-0.11669524759054184,-0.2878108620643616,100,OK,MAP_UPDATE,OK,VISUAL_INERTIAL
454,1761213121880,326.66292786598206,79.67332750558853,93.78121793270111,0.07001607865095139,-0.11789412051439285,-0.2931332588195801,100,OK,MAP_UPDATE,OK,VISUAL_INERTIAL
455,1761213121897,331.2807083129883,76.18473470211029,92.73818880319595,0.06859301030635834,-0.11929696053266525,-0.29835066199302673,100,OK,MAP_UPDATE,OK,VISUAL_INERTIAL
456,1761213121913,335.9975814819336,72.82185554504395,91.62832796573639,0.06690295040607452,-0.12091383337974548,-0.3035934865474701,100,OK,MAP_UPDATE,OK,VISUAL_INERTIAL
457,1761213121930,340.63830971717834,69.53169405460358,90.5577689409256,0.06514066457748413,-0.12239730358123779,-0.3087686002254486,100,OK,MAP_UPDATE,OK,VISUAL_INERTIAL
458,1761213121947,345.1406955718994,66.16464257240295,89.39958363771439,0.06343769282102585,-0.1234336644411087,-0.3138137757778168,100,OK,MAP_UPDATE,OK,VISUAL_INERTIAL
459,1761213121963,349.4623303413391,62.851108610630035,88.27003836631775,0.06171318516135216,-0.12420029193162918,-0.31868404150009155,100,OK,MAP_UPDATE,OK,VISUAL_INERTIAL
460,1761213121980,354.15634512901306,59.45578217506409,87.19846606254578,0.06001529097557068,-0.12429703027009964,-0.32367321848869324,100,OK,MAP_UPDATE,OK,VISUAL_INERTIAL
461,1761213121997,358.1540286540985,56.01701885461807,86.21962368488312,0.05864045396447182,-0.1242980882525444,-0.3283858597278595,100,OK,MAP_UPDATE,OK,VISUAL_INERTIAL
462,1761213122013,362.2196316719055,52.83597111701965,85.09998768568039,0.057052552700042725,-0.12399043142795563,-0.3329227864742279,100,OK,MAP_UPDATE,OK,VISUAL_INERTIAL
463,1761213122030,366.3407862186432,49.6971532702446,83.98788422346115,0.05543212592601776,-0.12335388362407684,-0.3375298082828522,100,OK,MAP_UPDATE,OK,VISUAL_INERTIAL
464,1761213122047,370.13572454452515,46.71194776892662,83.0131247639656,0.05411383882164955,-0.12244395166635513,-0.3419014513492584,100,OK,MAP_UPDATE,OK,VISUAL_INERTIAL
465,1761213122063,373.84742498397827,43.59602555632591,81.9983184337616,0.053166043013334274,-0.12046894431114197,-0.34610888361930847,100,OK,MAP_UPDATE,OK,VISUAL_INERTIAL
466,1761213122080,377.3472309112549,40.70122539997101,81.01463317871094,0.05233992263674736,-0.11793556064367294,-0.350279301404953,100,OK,MAP_UPDATE,OK,VISUAL_INERTIAL
467,1761213122097,380.8601498603821,37.95513138175011,80.13810217380524,0.051571764051914215,-0.11578168720006943,-0.3543129861354828,100,OK,MAP_UPDATE,OK,VISUAL_INERTIAL
468,1761213122113,384.35620069503784,35.459380596876144,79.31514084339142,0.050731487572193146,-0.11391095072031021,-0.3581778407096863,100,OK,MAP_UPDATE,OK,VISUAL_INERTIAL
469,1761213122130,387.70294189453125,33.262815326452255,78.59355211257935,0.049972258508205414,-0.11221867054700851,-0.36190032958984375,100,OK,MAP_UPDATE,OK,VISUAL_INERTIAL
470,1761213122147,390.8388018608093,31.39740228652954,77.92185246944427,0.04926419258117676,-0.11068029701709747,-0.3655424118041992,100,OK,MAP_UPDATE,OK,VISUAL_INERTIAL
471,1761213122163,393.65342259407043,29.91604246199131,77.26055383682251,0.04858889430761337,-0.10897093266248703,-0.36909574270248413,100,OK,MAP_UPDATE,OK,VISUAL_INERTIAL
472,1761213122180,396.30213379859924,28.56055088341236,76.59243047237396,0.0481095016002655,-0.1070786789059639,-0.37254199385643005,100,OK,MAP_UPDATE,OK,VISUAL_INERTIAL
473,1761213122197,398.61419796943665,27.301451191306114,75.94357430934906,0.04792279750108719,-0.10454101115465164,-0.37584149837493896,100,OK,MAP_UPDATE,OK,VISUAL_INERTIAL
474,1761213122213,400.6558656692505,26.336319744586945,75.45170187950134,0.04793216660618782,-0.10131493955850601,-0.37883123755455017,100,OK,MAP_UPDATE,OK,VISUAL_INERTIAL
475,1761213122230,402.35385298728943,25.63479356467724,75.04601031541824,0.048176851123571396,-0.09784428030252457,-0.3813297748565674,100,OK,MAP_UPDATE,OK,VISUAL_INERTIAL
476,1761213122247,403.7233293056488,25.342954322695732,74.70746338367462,0.04838632419705391,-0.09419996291399002,-0.38334035873413086,100,OK,MAP_UPDATE,OK,VISUAL_INERTIAL
477,1761213122263,404.94465827941895,25.298500433564186,74.39352571964264,0.04839398339390755,-0.0910438597202301,-0.38499507308006287,100,OK,MAP_UPDATE,OK,VISUAL_INERTIAL
478,1761213122280,406.005859375,25.576911866664886,74.01107251644135,0.048122406005859375,-0.08884063363075256,-0.3862844407558441,100,OK,MAP_UPDATE,OK,VISUAL_INERTIAL
479,1761213122297,406.65921568870544,26.20076760649681,73.60821962356567,0.04757165163755417,-0.08712603151798248,-0.3873220980167389,100,OK,MAP_UPDATE,OK,VISUAL_INERTIAL
480,1761213122313,406.71753883361816,27.09570899605751,73.14344495534897,0.046855926513671875,-0.0856155976653099,-0.3879004120826721,100,OK,MAP_UPDATE,OK,VISUAL_INERTIAL
481,1761213122330,406.3282907009125,28.46331149339676,72.70609587430954,0.045999471098184586,-0.08415773510932922,-0.38793206214904785,100,OK,MAP_UPDATE,OK,VISUAL_INERTIAL
482,1761213122347,406.3282907009125,28.46331149339676,72.70609587430954,0.045999471098184586,-0.08415773510932922,-0.38793206214904785,100,OK,MAP_UPDATE,OK,VISUAL_INERTIAL
483,1761213122363,404.16842699050903,31.702477484941483,71.71276211738586,0.044570282101631165,-0.08034393936395645,-0.3857690989971161,100,OK,MAP_UPDATE,OK,VISUAL_INERTIAL
484,1761213122380,401.77252888679504,34.12936255335808,71.12692296504974,0.043542444705963135,-0.0783618614077568,-0.38350775837898254,100,OK,MAP_UPDATE,OK,VISUAL_INERTIAL
485,1761213122397,398.9714980125427,36.830708384513855,70.53223252296448,0.04273339360952377,-0.07595167309045792,-0.38043153285980225,100,OK,MAP_UPDATE,OK,VISUAL_INERTIAL
486,1761213122413,395.66174149513245,39.87371549010277,69.99100744724274,0.042041268199682236,-0.07339794188737869,-0.37638700008392334,100,OK,MAP_UPDATE,OK,VISUAL_INERTIAL
487,1761213122430,391.8282985687256,43.2230681180954,69.4972574710846,0.041484080255031586,-0.07104436308145523,-0.3714713752269745,100,OK,MAP_UPDATE,OK,VISUAL_INERTIAL
488,1761213122447,387.40089535713196,46.72601446509361,69.06462460756302,0.04095504805445671,-0.06919833272695541,-0.36583366990089417,100,OK,MAP_UPDATE,OK,VISUAL_INERTIAL
489,1761213122463,382.662832736969,50.42320489883423,68.6478391289711,0.040119968354701996,-0.06832911819219589,-0.35965701937675476,100,OK,MAP_UPDATE,OK,VISUAL_INERTIAL
490,1761213122480,377.4462342262268,54.29377406835556,68.2719424366951,0.039203207939863205,-0.06784406304359436,-0.3530403971672058,100,OK,MAP_UPDATE,OK,VISUAL_INERTIAL
491,1761213122497,371.6350793838501,58.29227715730667,67.88618117570877,0.03837749734520912,-0.06732203811407089,-0.34603151679039,100,OK,MAP_UPDATE,OK,VISUAL_INERTIAL
492,1761213122513,365.6958043575287,62.184177339076996,67.45336949825287,0.03758448362350464,-0.06714294105768204,-0.33876892924308777,100,OK,MAP_UPDATE,OK,VISUAL_INERTIAL
493,1761213122530,359.68896746635437,65.66232442855835,66.99462980031967,0.0370248481631279,-0.06762713938951492,-0.33147677779197693,100,OK,MAP_UPDATE,OK,VISUAL_INERTIAL
494,1761213122547,353.1944155693054,69.32652741670609,66.6000172495842,0.036450404673814774,-0.06837750226259232,-0.3239641785621643,100,OK,MAP_UPDATE,OK,VISUAL_INERTIAL
495,1761213122563,346.22085094451904,73.08218628168106,66.23373925685883,0.03593338653445244,-0.0687471330165863,-0.31641143560409546,100,OK,MAP_UPDATE,OK,VISUAL_INERTIAL
496,1761213122580,338.85806798934937,76.79390907287598,65.93219190835953,0.035531189292669296,-0.06889676302671432,-0.30871570110321045,100,OK,MAP_UPDATE,OK,VISUAL_INERTIAL
497,1761213122597,331.3530385494232,80.17929643392563,65.68121165037155,0.03537314385175705,-0.06821980327367783,-0.3009248375892639,100,OK,MAP_UPDATE,OK,VISUAL_INERTIAL
498,1761213122613,323.95729422569275,83.6208239197731,65.41185081005096,0.03537645563483238,-0.06711935997009277,-0.29329928755760193,100,OK,MAP_UPDATE,OK,VISUAL_INERTIAL
499,1761213122630,316.67360663414,87.70092576742172,65.19099324941635,0.03502952307462692,-0.06668337434530258,-0.2856941521167755,100,OK,MAP_UPDATE,OK,VISUAL_INERTIAL
500,1761213122647,308.8925778865814,91.22203290462494,65.20415097475052,0.035350900143384933,-0.06591841578483582,-0.27810558676719666,100,OK,MAP_UPDATE,OK,VISUAL_INERTIAL
501,1761213122663,301.01025104522705,94.4182351231575,65.24770706892014,0.03593212738633156,-0.06424850970506668,-0.2706817090511322,100,OK,MAP_UPDATE,OK,VISUAL_INERTIAL
502,1761213122680,293.04927587509155,97.28033095598221,65.18864631652832,0.03672921285033226,-0.06202240660786629,-0.2632930278778076,100,OK,MAP_UPDATE,OK,VISUAL_INERTIAL
503,1761213122697,285.29947996139526,100.23435205221176,65.19382447004318,0.03738091513514519,-0.059233009815216064,-0.25588512420654297,100,OK,MAP_UPDATE,OK,VISUAL_INERTIAL
504,1761213122713,277.3822546005249,103.17210853099823,65.22814184427261,0.03813012316823006,-0.055808521807193756,-0.24843460321426392,100,OK,MAP_UPDATE,OK,VISUAL_INERTIAL
505,1761213122730,269.5181667804718,106.39935731887817,65.2642473578453,0.03869105875492096,-0.05198271945118904,-0.24109070003032684,100,OK,MAP_UPDATE,OK,VISUAL_INERTIAL
506,1761213122747,261.8641257286072,109.09363627433777,65.4398575425148,0.0396023690700531,-0.04845479503273964,-0.23389382660388947,100,OK,MAP_UPDATE,OK,VISUAL_INERTIAL
507,1761213122763,254.14472818374634,111.90181970596313,65.62231481075287,0.040369655936956406,-0.04508766531944275,-0.22674985229969025,100,OK,MAP_UPDATE,OK,VISUAL_INERTIAL
508,1761213122780,246.4165985584259,114.78400975465775,65.77425450086594,0.04102073237299919,-0.04142594337463379,-0.21957208216190338,100,OK,MAP_UPDATE,OK,VISUAL_INERTIAL
509,1761213122797,238.79924416542053,117.68429726362228,66.06876105070114,0.0415387824177742,-0.03818858042359352,-0.21247431635856628,100,OK,MAP_UPDATE,OK,VISUAL_INERTIAL
510,1761213122813,231.39645159244537,120.49909681081772,66.35542958974838,0.04193265363574028,-0.0347633883357048,-0.20558930933475494,100,OK,MAP_UPDATE,OK,VISUAL_INERTIAL
511,1761213122830,224.1150140762329,123.01941961050034,66.57788902521133,0.04241230711340904,-0.03092176653444767,-0.19895365834236145,100,OK,MAP_UPDATE,OK,VISUAL_INERTIAL
512,1761213122847,216.62123501300812,125.50792098045349,66.75510108470917,0.04286926984786987,-0.027363399043679237,-0.19241248071193695,100,OK,MAP_UPDATE,OK,VISUAL_INERTIAL
513,1761213122863,209.18911695480347,128.2629370689392,66.8526440858841,0.04295257478952408,-0.02416558936238289,-0.18584194779396057,100,OK,MAP_UPDATE,OK,VISUAL_INERTIAL
514,1761213122880,201.90201699733734,130.9654265642166,66.96747243404388,0.04285348951816559,-0.021210674196481705,-0.179120272397995,100,OK,MAP_UPDATE,OK,VISUAL_INERTIAL
515,1761213122897,194.54652070999146,133.77819955348969,66.90939515829086,0.04240236431360245,-0.01829967275261879,-0.1722547560930252,100,OK,MAP_UPDATE,OK,VISUAL_INERTIAL
516,1761213122913,186.9829297065735,136.3999843597412,66.87860935926437,0.041966624557971954,-0.01514554861932993,-0.16522204875946045,100,OK,MAP_UPDATE,OK,VISUAL_INERTIAL
517,1761213122930,179.29698526859283,138.79284262657166,66.76696240901947,0.041517388075590134,-0.01129206083714962,-0.1582595407962799,100,OK,MAP_UPDATE,OK,VISUAL_INERTIAL
518,1761213122947,171.66240513324738,141.0619467496872,66.55242294073105,0.04088535159826279,-0.007666459307074547,-0.1512088030576706,100,OK,MAP_UPDATE,OK,VISUAL_INERTIAL
519,1761213122963,164.1903817653656,144.0393328666687,66.0456195473671,0.039424434304237366,-0.005307646933943033,-0.14411525428295135,100,OK,MAP_UPDATE,OK,VISUAL_INERTIAL
520,1761213122980,156.58316016197205,146.84008061885834,65.55277854204178,0.03805657476186752,-0.002848916919901967,-0.13697926700115204,100,OK,MAP_UPDATE,OK,VISUAL_INERTIAL
521,1761213122997,148.86564016342163,149.65960383415222,64.9624764919281,0.036568351089954376,-0.00048531038919463754,-0.12976260483264923,100,OK,MAP_UPDATE,OK,VISUAL_INERTIAL
522,1761213123013,140.99816977977753,152.33652293682098,64.35345113277435,0.035061877220869064,0.0020013556350022554,-0.12263927608728409,100,OK,MAP_UPDATE,OK,VISUAL_INERTIAL
523,1761213123030,133.09292495250702,154.6832025051117,63.9224573969841,0.03375531733036041,0.004820441361516714,-0.11558487266302109,100,OK,MAP_UPDATE,OK,VISUAL_INERTIAL
524,1761213123047,125.29748678207397,156.39615058898926,63.61556053161621,0.0329192578792572,0.007795712444931269,-0.10856427997350693,100,OK,MAP_UPDATE,OK,VISUAL_INERTIAL
525,1761213123063,117.3781007528305,157.8863114118576,63.33853304386139,0.032229043543338776,0.011114347726106644,-0.10149553418159485,100,OK,MAP_UPDATE,OK,VISUAL_INERTIAL
526,1761213123080,109.62453484535217,160.0065529346466,62.78481334447861,0.030944006517529488,0.013734076172113419,-0.09447875618934631,100,OK,MAP_UPDATE,OK,VISUAL_INERTIAL
527,1761213123097,101.48707032203674,162.13858127593994,62.176838517189026,0.029612623155117035,0.016435889527201653,-0.08729726076126099,100,OK,MAP_UPDATE,OK,VISUAL_INERTIAL
528,1761213123113,92.9393321275711,164.24864530563354,61.6740919649601,0.028324823826551437,0.01994399167597294,-0.0801226943731308,100,OK,MAP_UPDATE,OK,VISUAL_INERTIAL
529,1761213123130,84.39935743808746,166.2539839744568,61.11538037657738,0.027161410078406334,0.024080930277705193,-0.07293912023305893,100,OK,MAP_UPDATE,OK,VISUAL_INERTIAL
530,1761213123147,76.108917593956,167.9518222808838,60.801733285188675,0.026193512603640556,0.027845123782753944,-0.06570662558078766,100,OK,MAP_UPDATE,OK,VISUAL_INERTIAL
531,1761213123163,68.19037348031998,169.6861833333969,60.6347918510437,0.025182321667671204,0.031172245740890503,-0.05839678272604942,100,OK,MAP_UPDATE,OK,VISUAL_INERTIAL
532,1761213123180,60.21789833903313,171.58092558383942,60.357216745615005,0.02398294024169445,0.03448659926652908,-0.051034510135650635,100,OK,MAP_UPDATE,OK,VISUAL_INERTIAL
533,1761213123197,52.20139026641846,173.69720339775085,60.16905978322029,0.022715089842677116,0.03770371526479721,-0.04379013553261757,100,OK,MAP_UPDATE,OK,VISUAL_INERTIAL
534,1761213123214,44.10817101597786,175.47012865543365,60.10027602314949,0.021633386611938477,0.04125683754682541,-0.036283161491155624,100,OK,MAP_UPDATE,OK,VISUAL_INERTIAL
535,1761213123230,35.88685393333435,176.71282589435577,60.159001499414444,0.021023670211434364,0.04506097733974457,-0.029034418985247612,100,OK,MAP_UPDATE,OK,VISUAL_INERTIAL
536,1761213123247,27.810607105493546,177.68505215644836,60.411449521780014,0.02058986946940422,0.04861332103610039,-0.021725162863731384,100,OK,MAP_UPDATE,OK,VISUAL_INERTIAL
537,1761213123263,19.740333780646324,178.69038879871368,60.67054718732834,0.020237427204847336,0.05181858688592911,-0.014610555954277515,100,OK,MAP_UPDATE,OK,VISUAL_INERTIAL
538,1761213123280,11.492862366139889,179.57350611686707,60.92335656285286,0.020066142082214355,0.05540095642209053,-0.007636421360075474,100,OK,MAP_UPDATE,OK,VISUAL_INERTIAL
539,1761213123297,3.140003653243184,180.54470419883728,61.21959909796715,0.01971857249736786,0.05976485460996628,-0.0005306723178364336,100,OK,MAP_UPDATE,OK,VISUAL_INERTIAL
540,1761213123313,-5.538353696465492,181.06277287006378,61.54918670654297,0.019628968089818954,0.06485287100076675,0.006629913114011288,100,OK,MAP_UPDATE,OK,VISUAL_INERTIAL
541,1761213123330,-14.215163886547089,181.34471774101257,62.100887298583984,0.01949445530772209,0.06969568133354187,0.013724910095334053,100,OK,MAP_UPDATE,OK,VISUAL_INERTIAL
542,1761213123347,-22.662721574306488,181.0006946325302,62.38619238138199,0.019649866968393326,0.07333952933549881,0.020981986075639725,100,OK,MAP_UPDATE,OK,VISUAL_INERTIAL
543,1761213123363,-30.509181320667267,181.18225038051605,62.84268945455551,0.019178925082087517,0.0755128338932991,0.028353996574878693,100,OK,MAP_UPDATE,OK,VISUAL_INERTIAL
544,1761213123380,-37.94119507074356,181.6711127758026,63.11207264661789,0.01843501441180706,0.07700732350349426,0.03560771048069,100,OK,MAP_UPDATE,OK,VISUAL_INERTIAL
545,1761213123397,-45.989204198122025,181.52979016304016,63.35364282131195,0.018014833331108093,0.07921632379293442,0.04283231124281883,100,OK,MAP_UPDATE,OK,VISUAL_INERTIAL
546,1761213123413,-54.14168909192085,181.80646002292633,63.56707215309143,0.01712680608034134,0.08275706321001053,0.0498785674571991,100,OK,MAP_UPDATE,OK,VISUAL_INERTIAL
547,1761213123430,-62.361858785152435,181.76819384098053,63.85578215122223,0.01621801033616066,0.08758540451526642,0.056936442852020264,100,OK,MAP_UPDATE,OK,VISUAL_INERTIAL
548,1761213123447,-70.7973912358284,181.24008178710938,64.31911885738373,0.015323341824114323,0.09320574253797531,0.06413450092077255,100,OK,MAP_UPDATE,OK,VISUAL_INERTIAL
549,1761213123463,-78.79339158535004,180.93541264533997,64.77250158786774,0.014102497138082981,0.09807951748371124,0.07169773429632187,100,OK,MAP_UPDATE,OK,VISUAL_INERTIAL
550,1761213123480,-86.43615990877151,180.55830895900726,65.33131748437881,0.013017051853239536,0.10116078704595566,0.0796375721693039,100,OK,MAP_UPDATE,OK,VISUAL_INERTIAL
551,1761213123497,-94.25079077482224,180.27515709400177,65.5374750494957,0.01197491679340601,0.10314135253429413,0.08792153745889664,100,OK,MAP_UPDATE,OK,VISUAL_INERTIAL
552,1761213123513,-102.1558865904808,179.46116626262665,66.07452034950256,0.011343797668814659,0.10519347339868546,0.09638626128435135,100,OK,MAP_UPDATE,OK,VISUAL_INERTIAL
553,1761213123530,-110.48218607902527,178.55647206306458,66.43960624933243,0.010534500703215599,0.10825929045677185,0.10482466220855713,100,OK,MAP_UPDATE,OK,VISUAL_INERTIAL
554,1761213123547,-118.91278624534607,177.51666903495789,66.82077795267105,0.009487246163189411,0.1118280291557312,0.11328087747097015,100,OK,MAP_UPDATE,OK,VISUAL_INERTIAL
555,1761213123563,-127.08361446857452,176.46946012973785,67.1553835272789,0.008271397091448307,0.11474180966615677,0.12173370271921158,100,OK,MAP_UPDATE,OK,VISUAL_INERTIAL
556,1761213123580,-135.5070322751999,175.9175956249237,67.27319955825806,0.0065537202171981335,0.11714907735586166,0.12986494600772858,100,OK,MAP_UPDATE,OK,VISUAL_INERTIAL
557,1761213123597,-143.55973899364471,175.3266006708145,67.27882474660873,0.004668545443564653,0.11921624094247818,0.13794521987438202,100,OK,MAP_UPDATE,OK,VISUAL_INERTIAL
558,1761213123613,-151.3359397649765,174.45993423461914,67.12757796049118,0.0029160138219594955,0.12104713171720505,0.14601103961467743,100,OK,MAP_UPDATE,OK,VISUAL_INERTIAL
559,1761213123630,-159.09329056739807,173.4999567270279,66.96070730686188,0.0012125148205086589,0.12273043394088745,0.15389393270015717,100,OK,MAP_UPDATE,OK,VISUAL_INERTIAL
560,1761213123647,-167.05459356307983,172.63637483119965,66.7167529463768,-0.0006380830309353769,0.12519970536231995,0.16131563484668732,100,OK,MAP_UPDATE,OK,VISUAL_INERTIAL
561,1761213123663,-175.09794235229492,171.4468151330948,66.45520776510239,-0.002623569453135133,0.12916842103004456,0.16853214800357819,100,OK,MAP_UPDATE,OK,VISUAL_INERTIAL
562,1761213123680,-182.32309818267822,170.16904056072235,66.19569659233093,-0.004794592037796974,0.13409660756587982,0.1754201054573059,100,OK,MAP_UPDATE,OK,VISUAL_INERTIAL
563,1761213123696,-188.93346190452576,168.58772933483124,65.96337258815765,-0.006802011281251907,0.1378999799489975,0.18202625215053558,100,OK,MAP_UPDATE,OK,VISUAL_INERTIAL
564,1761213123713,-195.1029747724533,167.4330085515976,65.62775373458862,-0.009043867699801922,0.14050503075122833,0.18830257654190063,100,OK,MAP_UPDATE,OK,VISUAL_INERTIAL
565,1761213123730,-201.47646963596344,166.42287373542786,65.04940986633301,-0.01127556711435318,0.14296790957450867,0.19413064420223236,100,OK,MAP_UPDATE,OK,VISUAL_INERTIAL
566,1761213123747,-207.86432921886444,165.1397943496704,64.56772983074188,-0.0134668480604887,0.14650791883468628,0.19973480701446533,100,OK,MAP_UPDATE,OK,VISUAL_INERTIAL
567,1761213123763,-213.97121250629425,163.89678418636322,64.14225697517395,-0.01587967574596405,0.15033972263336182,0.2050839513540268,100,OK,MAP_UPDATE,OK,VISUAL_INERTIAL
568,1761213123780,-219.64770555496216,162.4569147825241,63.78273665904999,-0.018122470006346703,0.15367117524147034,0.21021230518817902,100,OK,MAP_UPDATE,OK,VISUAL_INERTIAL
569,1761213123797,-225.1446396112442,160.96468269824982,63.356995582580566,-0.02035812847316265,0.1570836454629898,0.214972585439682,100,OK,MAP_UPDATE,OK,VISUAL_INERTIAL
570,1761213123813,-230.0334870815277,159.23292934894562,62.98214942216873,-0.022282004356384277,0.160119891166687,0.21927857398986816,100,OK,MAP_UPDATE,OK,VISUAL_INERTIAL
571,1761213123830,-234.47559773921967,157.42607414722443,62.55127489566803,-0.023990554735064507,0.16204284131526947,0.22345834970474243,100,OK,MAP_UPDATE,OK,VISUAL_INERTIAL
572,1761213123846,-238.81728947162628,155.55864572525024,62.12032586336136,-0.025618083775043488,0.16412441432476044,0.2272961586713791,100,OK,MAP_UPDATE,OK,VISUAL_INERTIAL
573,1761213123863,-243.1240975856781,153.89232337474823,61.616700142621994,-0.027495158836245537,0.166857048869133,0.23073281347751617,100,OK,MAP_UPDATE,OK,VISUAL_INERTIAL
574,1761213123880,-247.63235449790955,152.69304811954498,60.8520433306694,-0.029655292630195618,0.16969034075737,0.2336602658033371,100,OK,MAP_UPDATE,OK,VISUAL_INERTIAL
575,1761213123896,-252.01714038848877,151.0821133852005,60.30169874429703,-0.03155650943517685,0.1730107069015503,0.2365708202123642,100,OK,MAP_UPDATE,OK,VISUAL_INERTIAL
576,1761213123913,-255.99205493927002,149.3174284696579,59.87008288502693,-0.033338505774736404,0.17645418643951416,0.2394300401210785,100,OK,MAP_UPDATE,OK,VISUAL_INERTIAL
577,1761213123930,-259.7197890281677,147.3529487848282,59.557728469371796,-0.03498891741037369,0.17966721951961517,0.24228765070438385,100,OK,MAP_UPDATE,OK,VISUAL_INERTIAL
578,1761213123946,-263.0153000354767,145.3578770160675,59.09194052219391,-0.03655940666794777,0.18180739879608154,0.24513381719589233,100,OK,MAP_UPDATE,OK,VISUAL_INERTIAL
579,1761213123963,-266.0719156265259,143.25381815433502,58.54377895593643,-0.038010694086551666,0.18289853632450104,0.2480279505252838,100,OK,MAP_UPDATE,OK,VISUAL_INERTIAL
580,1761213123980,-269.32111382484436,140.95988869667053,57.95395001769066,-0.039531294256448746,0.18411044776439667,0.2508530020713806,100,OK,MAP_UPDATE,OK,VISUAL_INERTIAL
581,1761213123997,-272.52840995788574,138.69285583496094,57.283125817775726,-0.04124891757965088,0.1858634054660797,0.25348538160324097,100,OK,MAP_UPDATE,OK,VISUAL_INERTIAL
582,1761213124013,-275.7493257522583,136.32485270500183,56.614767760038376,-0.04297218099236488,0.1878187656402588,0.2561608552932739,100,OK,MAP_UPDATE,OK,VISUAL_INERTIAL
583,1761213124030,-278.84921431541443,133.9661031961441,55.93007802963257,-0.04474501684308052,0.1895104944705963,0.25890666246414185,100,OK,MAP_UPDATE,OK,VISUAL_INERTIAL
584,1761213124046,-281.92681074142456,131.7295879125595,55.152181535959244,-0.046572472900152206,0.1903657615184784,0.2618687152862549,100,OK,MAP_UPDATE,OK,VISUAL_INERTIAL
585,1761213124064,-285.13243794441223,129.3860226869583,54.43594232201576,-0.048435088247060776,0.19117037951946259,0.2650749385356903,100,OK,MAP_UPDATE,OK,VISUAL_INERTIAL
586,1761213124080,-288.23912143707275,127.0543783903122,53.679924458265305,-0.05035232752561569,0.1920391321182251,0.2682357728481293,100,OK,MAP_UPDATE,OK,VISUAL_INERTIAL
587,1761213124097,-291.3653552532196,124.56034123897552,52.91452258825302,-0.052420008927583694,0.19297011196613312,0.2714332342147827,100,OK,MAP_UPDATE,OK,VISUAL_INERTIAL
588,1761213124113,-294.595867395401,121.916264295578,52.155591547489166,-0.0546562634408474,0.19415625929832458,0.2746950685977936,100,OK,MAP_UPDATE,OK,VISUAL_INERTIAL
589,1761213124130,-297.7066934108734,119.02312189340591,51.24695226550102,-0.05693329498171806,0.1950967013835907,0.2782422602176666,100,OK,MAP_UPDATE,OK,VISUAL_INERTIAL
590,1761213124146,-300.6577491760254,116.12002551555634,50.24140328168869,-0.059354063123464584,0.1949036717414856,0.2821490168571472,100,OK,MAP_UPDATE,OK,VISUAL_INERTIAL
591,1761213124163,-303.8010895252228,112.85249143838882,48.987504094839096,-0.061681050807237625,0.19388553500175476,0.2864872217178345,100,OK,MAP_UPDATE,OK,VISUAL_INERTIAL
592,1761213124180,-307.14669823646545,109.71187800168991,47.58850485086441,-0.0644274353981018,0.19296430051326752,0.2910574674606323,100,OK,MAP_UPDATE,OK,VISUAL_INERTIAL
593,1761213124196,-310.6008768081665,106.68294131755829,46.293191611766815,-0.06737259030342102,0.192339226603508,0.2956376075744629,100,OK,MAP_UPDATE,OK,VISUAL_INERTIAL
594,1761213124213,-314.1479194164276,103.54214906692505,44.939618557691574,-0.070465587079525,0.19236797094345093,0.30019277334213257,100,OK,MAP_UPDATE,OK,VISUAL_INERTIAL
595,1761213124230,-317.7056312561035,100.440114736557,43.62490773200989,-0.07371184974908829,0.1928716003894806,0.3047979772090912,100,OK,MAP_UPDATE,OK,VISUAL_INERTIAL
596,1761213124246,-320.9373950958252,97.39945828914642,42.286988347768784,-0.07693354785442352,0.19259586930274963,0.3095494508743286,100,OK,MAP_UPDATE,OK,VISUAL_INERTIAL
597,1761213124263,-323.898047208786,94.40000355243683,40.90363159775734,-0.0799887478351593,0.19151805341243744,0.3144057095050812,100,OK,MAP_UPDATE,OK,VISUAL_INERTIAL
598,1761213124280,-326.7820477485657,91.37824922800064,39.48727622628212,-0.08277592062950134,0.18984369933605194,0.3191969096660614,100,OK,MAP_UPDATE,OK,VISUAL_INERTIAL
599,1761213124296,-329.6682834625244,88.59708905220032,38.08090463280678,-0.08553866297006607,0.18880480527877808,0.3237406015396118,100,OK,MAP_UPDATE,OK,VISUAL_INERTIAL
600,1761213124313,-332.54706859588623,85.74669063091278,36.67766600847244,-0.08821521699428558,0.18857891857624054,0.3281013071537018,100,OK,MAP_UPDATE,OK,VISUAL_INERTIAL
601,1761213124330,-335.07245779037476,82.88522809743881,35.26058420538902,-0.09064296633005142,0.18807150423526764,0.3323962092399597,100,OK,MAP_UPDATE,OK,VISUAL_INERTIAL
602,1761213124346,-337.0955288410187,80.03803342580795,33.843379467725754,-0.09273384511470795,0.1867600977420807,0.336619108915329,100,OK,MAP_UPDATE,OK,VISUAL_INERTIAL
603,1761213124363,-338.9170169830322,77.22074538469315,32.44481980800629,-0.09456484019756317,0.18442143499851227,0.3409217298030853,100,OK,MAP_UPDATE,OK,VISUAL_INERTIAL
604,1761213124380,-340.68629145622253,74.42975044250488,31.033847481012344,-0.09620357304811478,0.1820126324892044,0.3449605703353882,100,OK,MAP_UPDATE,OK,VISUAL_INERTIAL
605,1761213124396,-342.4972593784332,72.30666279792786,29.619643464684486,-0.09818508476018906,0.18017366528511047,0.3484679162502289,100,OK,MAP_UPDATE,OK,VISUAL_INERTIAL
606,1761213124413,-344.0452516078949,70.24219632148743,28.24091911315918,-0.0999290868639946,0.1782507300376892,0.35186654329299927,100,OK,MAP_UPDATE,OK,VISUAL_INERTIAL
607,1761213124430,-345.36251425743103,68.61428171396255,26.86149999499321,-0.10143579542636871,0.17635028064250946,0.3547932505607605,100,OK,MAP_UPDATE,OK,VISUAL_INERTIAL
608,1761213124447,-346.4001417160034,67.1389028429985,25.578202679753304,-0.10269694030284882,0.1744612157344818,0.35754135251045227,100,OK,MAP_UPDATE,OK,VISUAL_INERTIAL
609,1761213124463,-347.13849425315857,65.68160653114319,24.38298612833023,-0.10354616492986679,0.17275133728981018,0.3600463569164276,100,OK,MAP_UPDATE,OK,VISUAL_INERTIAL
610,1761213124480,-347.5295603275299,64.37968462705612,23.167867213487625,-0.1040797010064125,0.1709963083267212,0.3620476722717285,100,OK,MAP_UPDATE,OK,VISUAL_INERTIAL
611,1761213124496,-347.61178493499756,63.500285148620605,22.02647738158703,-0.10463880002498627,0.16948318481445312,0.3633788824081421,100,OK,MAP_UPDATE,OK,VISUAL_INERTIAL
612,1761213124513,-347.30827808380127,62.81599402427673,20.877769216895103,-0.10528410971164703,0.16820549964904785,0.3640180826187134,100,OK,MAP_UPDATE,OK,VISUAL_INERTIAL
613,1761213124530,-346.65313363075256,62.479741871356964,19.712334498763084,-0.10606633871793747,0.16711777448654175,0.36397722363471985,100,OK,MAP_UPDATE,OK,VISUAL_INERTIAL
614,1761213124546,-345.5827534198761,62.65242397785187,18.4944961220026,-0.10701662302017212,0.1661752313375473,0.3631238341331482,100,OK,MAP_UPDATE,OK,VISUAL_INERTIAL
615,1761213124563,-344.14249658584595,62.967449426651,17.232757061719894,-0.10786066949367523,0.16488443315029144,0.361775279045105,100,OK,MAP_UPDATE,OK,VISUAL_INERTIAL
616,1761213124580,-342.3530161380768,63.63218277692795,15.858737751841545,-0.10881026834249496,0.16348418593406677,0.35979169607162476,100,OK,MAP_UPDATE,OK,VISUAL_INERTIAL
617,1761213124596,-340.1182293891907,64.63532894849777,14.43520002067089,-0.109736368060112,0.1615150272846222,0.35718560218811035,100,OK,MAP_UPDATE,OK,VISUAL_INERTIAL
618,1761213124613,-337.4895453453064,66.17926061153412,12.993969023227692,-0.11070257425308228,0.1591721773147583,0.35386431217193604,100,OK,MAP_UPDATE,OK,VISUAL_INERTIAL
619,1761213124630,-334.64568853378296,68.2206004858017,11.5620456635952,-0.11176358908414841,0.15719722211360931,0.3498780429363251,100,OK,MAP_UPDATE,OK,VISUAL_INERTIAL
620,1761213124646,-331.65034651756287,70.61421871185303,10.264364071190357,-0.1127634197473526,0.15549235045909882,0.34526100754737854,100,OK,MAP_UPDATE,OK,VISUAL_INERTIAL
621,1761213124663,-328.4205496311188,72.91567325592041,9.058051742613316,-0.11334682255983353,0.15374566614627838,0.3403128385543823,100,OK,MAP_UPDATE,OK,VISUAL_INERTIAL
622,1761213124680,-325.05738735198975,75.56546479463577,8.06771032512188,-0.11383050680160522,0.15234094858169556,0.3349953293800354,100,OK,MAP_UPDATE,OK,VISUAL_INERTIAL
623,1761213124696,-321.359246969223,78.3996656537056,7.277525495737791,-0.11409993469715118,0.15140682458877563,0.32943615317344666,100,OK,MAP_UPDATE,OK,VISUAL_INERTIAL
624,1761213124713,-317.39291548728943,81.33813738822937,6.7543755285441875,-0.11396842449903488,0.1501762717962265,0.323690265417099,100,OK,MAP_UPDATE,OK,VISUAL_INERTIAL
625,1761213124730,-313.1440281867981,84.22668278217316,6.390201393514872,-0.11333349347114563,0.1483943611383438,0.31790637969970703,100,OK,MAP_UPDATE,OK,VISUAL_INERTIAL
626,1761213124746,-308.5753619670868,87.09339052438736,6.247384939342737,-0.11219768226146698,0.1461305022239685,0.3121439218521118,100,OK,MAP_UPDATE,OK,VISUAL_INERTIAL
627,1761213124763,-304.1815161705017,89.85808491706848,6.346150301396847,-0.11083102226257324,0.14408321678638458,0.30644240975379944,100,OK,MAP_UPDATE,OK,VISUAL_INERTIAL
628,1761213124780,-299.91650581359863,92.52345561981201,6.708553992211819,-0.1093275249004364,0.1427115797996521,0.3009054958820343,100,OK,MAP_UPDATE,OK,VISUAL_INERTIAL
629,1761213124796,-295.65155506134033,95.20626813173294,7.285016588866711,-0.1075945496559143,0.1411847025156021,0.29562661051750183,100,OK,MAP_UPDATE,OK,VISUAL_INERTIAL
630,1761213124813,-291.42212867736816,97.87137806415558,8.07549711316824,-0.10578984767198563,0.14028646051883698,0.2904939651489258,100,OK,MAP_UPDATE,OK,VISUAL_INERTIAL
631,1761213124830,-287.18945384025574,100.55510699748993,9.032203815877438,-0.10392686724662781,0.1399718075990677,0.28548356890678406,100,OK,MAP_UPDATE,OK,VISUAL_INERTIAL
632,1761213124846,-282.6564311981201,103.18628698587418,10.053547099232674,-0.10181648284196854,0.13894280791282654,0.2807883620262146,100,OK,MAP_UPDATE,OK,VISUAL_INERTIAL
633,1761213124863,-278.2320976257324,105.68802058696747,11.079898104071617,-0.09951049089431763,0.13713735342025757,0.2764628231525421,100,OK,MAP_UPDATE,OK,VISUAL_INERTIAL
634,1761213124880,-274.135947227478,108.36445540189743,12.136983685195446,-0.09740323573350906,0.1353834867477417,0.27257806062698364,100,OK,MAP_UPDATE,OK,VISUAL_INERTIAL
635,1761213124896,-269.9419856071472,111.04419082403183,13.348409906029701,-0.09513489156961441,0.13376449048519135,0.2688863277435303,100,OK,MAP_UPDATE,OK,VISUAL_INERTIAL
636,1761213124913,-265.6506299972534,113.74988406896591,14.542498625814915,-0.09294866770505905,0.13200190663337708,0.2654164731502533,100,OK,MAP_UPDATE,OK,VISUAL_INERTIAL
637,1761213124930,-261.2727880477905,116.63026362657547,15.831436961889267,-0.09097657352685928,0.13002008199691772,0.26194626092910767,100,OK,MAP_UPDATE,OK,VISUAL_INERTIAL
638,1761213124946,-257.07316398620605,119.37619000673294,17.0888788998127,-0.08905360847711563,0.1274913102388382,0.258363276720047,100,OK,MAP_UPDATE,OK,VISUAL_INERTIAL
639,1761213124963,-253.03998589515686,122.07038700580597,18.17198097705841,-0.08729524910449982,0.12483357638120651,0.2548430860042572,100,OK,MAP_UPDATE,OK,VISUAL_INERTIAL
640,1761213124980,-249.17182326316833,124.84110891819,19.282635301351547,-0.08579937368631363,0.12261154502630234,0.2513001561164856,100,OK,MAP_UPDATE,OK,VISUAL_INERTIAL
641,1761213124997,-245.3974485397339,127.60628759860992,20.36277763545513,-0.08453474193811417,0.12078776210546494,0.24767927825450897,100,OK,MAP_UPDATE,OK,VISUAL_INERTIAL
642,1761213125013,-241.55214428901672,130.26851415634155,21.35048620402813,-0.08339832723140717,0.11888251453638077,0.24405184388160706,100,OK,MAP_UPDATE,OK,VISUAL_INERTIAL
643,1761213125030,-237.5379055738449,132.81488418579102,22.290149703621864,-0.08229730278253555,0.11694265902042389,0.2401466816663742,100,OK,MAP_UPDATE,OK,VISUAL_INERTIAL
644,1761213125046,-233.45401883125305,135.40944457054138,23.10042642056942,-0.08142843097448349,0.11478937417268753,0.23604488372802734,100,OK,MAP_UPDATE,OK,VISUAL_INERTIAL
645,1761213125063,-229.31179404258728,137.80577480793,23.766731843352318,-0.08078599721193314,0.11277507990598679,0.2318483144044876,100,OK,MAP_UPDATE,OK,VISUAL_INERTIAL
646,1761213125080,-225.3061830997467,140.04328846931458,24.26171861588955,-0.08077831566333771,0.11139161884784698,0.22754845023155212,100,OK,MAP_UPDATE,OK,VISUAL_INERTIAL
647,1761213125096,-221.2022989988327,142.39628612995148,24.301471188664436,-0.08168235421180725,0.10983990132808685,0.22311782836914062,100,OK,MAP_UPDATE,OK,VISUAL_INERTIAL
648,1761213125113,-216.74446761608124,144.62031424045563,24.302635341882706,-0.08276273310184479,0.10765423625707626,0.2185969203710556,100,OK,MAP_UPDATE,OK,VISUAL_INERTIAL
649,1761213125130,-212.33023703098297,146.82605862617493,24.07052367925644,-0.0841040164232254,0.10513869673013687,0.21386997401714325,100,OK,MAP_UPDATE,OK,VISUAL_INERTIAL
650,1761213125146,-208.04575085639954,149.07214045524597,23.528438061475754,-0.08576267212629318,0.10290306806564331,0.20913679897785187,100,OK,MAP_UPDATE,OK,VISUAL_INERTIAL
651,1761213125163,-203.85460555553436,151.26222372055054,22.769156843423843,-0.08759814500808716,0.10127095878124237,0.20437830686569214,100,OK,MAP_UPDATE,OK,VISUAL_INERTIAL
652,1761213125180,-199.66143369674683,153.3306986093521,21.746493875980377,-0.08969491720199585,0.10025088489055634,0.19971662759780884,100,OK,MAP_UPDATE,OK,VISUAL_INERTIAL
653,1761213125196,-195.4173892736435,155.5805653333664,20.494449883699417,-0.09223475307226181,0.09934672713279724,0.19512754678726196,100,OK,MAP_UPDATE,OK,VISUAL_INERTIAL
654,1761213125213,-191.28155708312988,157.7424705028534,19.03506927192211,-0.09493330121040344,0.09858234971761703,0.19043928384780884,100,OK,MAP_UPDATE,OK,VISUAL_INERTIAL
655,1761213125230,-187.21647560596466,159.8290503025055,17.340241000056267,-0.09779202938079834,0.09811577200889587,0.1857209950685501,100,OK,MAP_UPDATE,OK,VISUAL_INERTIAL
656,1761213125246,-183.06298553943634,161.9918793439865,15.603098087012768,-0.10071902722120285,0.098057821393013,0.18086163699626923,100,OK,MAP_UPDATE,OK,VISUAL_INERTIAL
657,1761213125263,-179.02298271656036,164.2073690891266,13.814161531627178,-0.1036720722913742,0.09809710085391998,0.17618855834007263,100,OK,MAP_UPDATE,OK,VISUAL_INERTIAL
658,1761213125280,-175.01573264598846,166.2713587284088,11.970479972660542,-0.10642558336257935,0.09864761680364609,0.17163392901420593,100,OK,MAP_UPDATE,OK,VISUAL_INERTIAL
659,1761213125296,-170.86637020111084,167.94072091579437,10.26953011751175,-0.10867531597614288,0.09962904453277588,0.16731376945972443,100,OK,MAP_UPDATE,OK,VISUAL_INERTIAL
660,1761213125313,-166.840061545372,169.61994767189026,8.449556306004524,-0.11085677146911621,0.10058857500553131,0.16304312646389008,100,OK,MAP_UPDATE,OK,VISUAL_INERTIAL
661,1761213125330,-162.794291973114,171.12500965595245,6.636911071836948,-0.11283066123723984,0.10168036818504333,0.15890003740787506,100,OK,MAP_UPDATE,OK,VISUAL_INERTIAL
662,1761213125346,-158.75476598739624,172.03384637832642,5.010964814573526,-0.11437804996967316,0.10305750370025635,0.1549362689256668,100,OK,MAP_UPDATE,OK,VISUAL_INERTIAL
663,1761213125363,-155.16823530197144,173.20428788661957,3.090329235419631,-0.11628742516040802,0.1044611856341362,0.1508360654115677,100,OK,MAP_UPDATE,OK,VISUAL_INERTIAL
664,1761213125380,-151.55138075351715,174.39475655555725,1.1442528339102864,-0.11839248239994049,0.10641000419855118,0.14656402170658112,100,OK,MAP_UPDATE,OK,VISUAL_INERTIAL
665,1761213125396,-147.82088994979858,175.39875209331512,-0.8466062718071043,-0.12057040631771088,0.10891281068325043,0.14216001331806183,100,OK,MAP_UPDATE,OK,VISUAL_INERTIAL
666,1761213125413,-143.87696981430054,176.4284074306488,-2.988313790410757,-0.12292250245809555,0.11093764007091522,0.13757538795471191,100,OK,MAP_UPDATE,OK,VISUAL_INERTIAL
667,1761213125430,-139.96057212352753,177.51821875572205,-5.434725899249315,-0.12541864812374115,0.112213633954525,0.1328837126493454,100,OK,MAP_UPDATE,OK,VISUAL_INERTIAL
668,1761213125447,-135.98014414310455,178.71852219104767,-7.911163382232189,-0.12815861403942108,0.11387040466070175,0.12788061797618866,100,OK,MAP_UPDATE,OK,VISUAL_INERTIAL
669,1761213125463,-132.00682401657104,179.89832162857056,-10.37664245814085,-0.13108471035957336,0.11591096222400665,0.12261933833360672,100,OK,MAP_UPDATE,OK,VISUAL_INERTIAL
670,1761213125480,-127.83849239349365,181.04533851146698,-12.95156218111515,-0.1341058760881424,0.11763022840023041,0.11724937707185745,100,OK,MAP_UPDATE,OK,VISUAL_INERTIAL
671,1761213125496,-123.50176274776459,182.0843070745468,-15.536955557763577,-0.1371905356645584,0.11871794611215591,0.11201417446136475,100,OK,MAP_UPDATE,OK,VISUAL_INERTIAL
672,1761213125513,-119.04013901948929,182.491272687912,-18.09775084257126,-0.14003245532512665,0.11989017575979233,0.10693753510713577,100,OK,MAP_UPDATE,OK,VISUAL_INERTIAL
673,1761213125530,-114.66586589813232,182.9065978527069,-20.759256556630135,-0.14312762022018433,0.12184115499258041,0.10169060528278351,100,OK,MAP_UPDATE,OK,VISUAL_INERTIAL
674,1761213125546,-110.3721559047699,183.07451903820038,-23.486537858843803,-0.1462610810995102,0.12405238300561905,0.09655442833900452,100,OK,MAP_UPDATE,OK,VISUAL_INERTIAL
675,1761213125563,-105.91737180948257,183.12564492225647,-26.086002588272095,-0.14936597645282745,0.12570467591285706,0.09162753075361252,100,OK,MAP_UPDATE,OK,VISUAL_INERTIAL
676,1761213125580,-101.4692559838295,182.9880326986313,-28.699427843093872,-0.1523926556110382,0.12641862034797668,0.0870896577835083,100,OK,MAP_UPDATE,OK,VISUAL_INERTIAL
677,1761213125596,-97.11719304323196,182.74158239364624,-31.3543863594532,-0.15549969673156738,0.12656986713409424,0.08283316344022751,100,OK,MAP_UPDATE,OK,VISUAL_INERTIAL
678,1761213125613,-93.0139496922493,182.22671747207642,-34.07764807343483,-0.15869879722595215,0.12691593170166016,0.07885399460792542,100,OK,MAP_UPDATE,OK,VISUAL_INERTIAL
679,1761213125630,-89.220330119133,181.45817518234253,-36.941736936569214,-0.16210195422172546,0.12762029469013214,0.07510548830032349,100,OK,MAP_UPDATE,OK,VISUAL_INERTIAL
680,1761213125646,-85.49567312002182,180.49797415733337,-39.69823941588402,-0.1656845360994339,0.12838038802146912,0.07152306288480759,100,OK,MAP_UPDATE,OK,VISUAL_INERTIAL
681,1761213125663,-81.65571093559265,179.6170473098755,-42.49174892902374,-0.1694331020116806,0.12847112119197845,0.06797000765800476,100,OK,MAP_UPDATE,OK,VISUAL_INERTIAL
682,1761213125680,-77.85138487815857,178.6329746246338,-45.45701667666435,-0.17331837117671967,0.12789589166641235,0.0646895170211792,100,OK,MAP_UPDATE,OK,VISUAL_INERTIAL
683,1761213125696,-73.98106157779694,177.1387904882431,-48.388268798589706,-0.17701716721057892,0.12682929635047913,0.061742816120386124,100,OK,MAP_UPDATE,OK,VISUAL_INERTIAL
684,1761213125713,-70.34976780414581,175.53289234638214,-51.59753933548927,-0.1808876097202301,0.12530429661273956,0.0589413121342659,100,OK,MAP_UPDATE,OK,VISUAL_INERTIAL
685,1761213125730,-66.87524914741516,173.78710210323334,-54.9495555460453,-0.18493492901325226,0.12440420687198639,0.05619439110159874,100,OK,MAP_UPDATE,OK,VISUAL_INERTIAL
686,1761213125746,-63.43173235654831,171.741783618927,-58.31773206591606,-0.18909087777137756,0.12350719422101974,0.05338888615369797,100,OK,MAP_UPDATE,OK,VISUAL_INERTIAL
687,1761213125763,-60.222648084163666,169.68916356563568,-61.8598647415638,-0.1936292201280594,0.12228687852621078,0.05060962215065956,100,OK,MAP_UPDATE,OK,VISUAL_INERTIAL
688,1761213125780,-57.09025263786316,167.65116155147552,-65.4534325003624,-0.19838029146194458,0.12140358984470367,0.047847673296928406,100,OK,MAP_UPDATE,OK,VISUAL_INERTIAL
689,1761213125796,-53.866446018218994,165.55418074131012,-69.13049519062042,-0.20319199562072754,0.1206631287932396,0.04501200094819069,100,OK,MAP_UPDATE,OK,VISUAL_INERTIAL
690,1761213125813,-50.59667304158211,163.33872079849243,-72.8592649102211,-0.20799313485622406,0.11981867253780365,0.04224918782711029,100,OK,MAP_UPDATE,OK,VISUAL_INERTIAL
691,1761213125830,-47.30706289410591,161.08310222625732,-76.57236605882645,-0.21272709965705872,0.11879433691501617,0.039345066994428635,100,OK,MAP_UPDATE,OK,VISUAL_INERTIAL
692,1761213125846,-43.901100754737854,158.54203701019287,-80.22161573171616,-0.21733157336711884,0.11802155524492264,0.036390453577041626,100,OK,MAP_UPDATE,OK,VISUAL_INERTIAL
693,1761213125863,-40.53136706352234,155.73523938655853,-83.94554257392883,-0.22190220654010773,0.11780734360218048,0.033158741891384125,100,OK,MAP_UPDATE,OK,VISUAL_INERTIAL
694,1761213125880,-36.996662616729736,152.79075503349304,-87.77596801519394,-0.2265387326478958,0.11731041222810745,0.029748383909463882,100,OK,MAP_UPDATE,OK,VISUAL_INERTIAL
695,1761213125896,-33.366113901138306,149.60269629955292,-91.58287942409515,-0.23109811544418335,0.11653297394514084,0.026149479672312737,100,OK,MAP_UPDATE,OK,VISUAL_INERTIAL
696,1761213125913,-29.773766174912453,146.34810388088226,-95.60675173997879,-0.23576611280441284,0.11597732454538345,0.022248400375247,100,OK,MAP_UPDATE,OK,VISUAL_INERTIAL
697,1761213125930,-26.194335892796516,142.86865293979645,-99.74433481693268,-0.24045102298259735,0.11553207039833069,0.018205944448709488,100,OK,MAP_UPDATE,OK,VISUAL_INERTIAL
698,1761213125946,-22.694718092679977,139.41217958927155,-103.71097922325134,-0.24518869817256927,0.1155700534582138,0.01408367045223713,100,OK,MAP_UPDATE,OK,VISUAL_INERTIAL
699,1761213125963,-18.909750506281853,135.5329155921936,-107.60264843702316,-0.24969105422496796,0.11547215282917023,0.010035397484898567,100,OK,MAP_UPDATE,OK,VISUAL_INERTIAL
700,1761213125980,-15.142897143959999,131.73294067382812,-111.63794249296188,-0.2543983459472656,0.11471139639616013,0.006005886942148209,100,OK,MAP_UPDATE,OK,VISUAL_INERTIAL
701,1761213125997,-11.05236541479826,128.3503919839859,-115.50989747047424,-0.25944784283638,0.1146334558725357,0.001791267073713243,100,OK,MAP_UPDATE,OK,VISUAL_INERTIAL
702,1761213126013,-7.244799751788378,124.71702694892883,-119.52029913663864,-0.2643834948539734,0.11486083269119263,-0.002387940650805831,100,OK,MAP_UPDATE,OK,VISUAL_INERTIAL
703,1761213126030,-7.244799751788378,124.71702694892883,-119.52029913663864,-0.2643834948539734,0.11486083269119263,-0.002387940650805831,100,OK,MAP_UPDATE,OK,VISUAL_INERTIAL
704,1761213126046,-0.004112482201890089,117.01565235853195,-127.29553878307343,-0.2736080586910248,0.11599574238061905,-0.010926441289484501,100,OK,MAP_UPDATE,OK,VISUAL_INERTIAL
705,1761213126063,3.7649665027856827,112.89522796869278,-131.38650357723236,-0.2780896723270416,0.11654410511255264,-0.015574466437101364,100,OK,MAP_UPDATE,OK,VISUAL_INERTIAL
706,1761213126080,7.475961931049824,108.59589278697968,-135.29087603092194,-0.2822377681732178,0.11682627350091934,-0.020303629338741302,100,OK,MAP_UPDATE,OK,VISUAL_INERTIAL
707,1761213126097,10.877573862671852,104.12296652793884,-139.01245594024658,-0.28626519441604614,0.117603600025177,-0.025110414251685143,100,OK,MAP_UPDATE,OK,VISUAL_INERTIAL
708,1761213126113,13.822725042700768,99.25756603479385,-142.69544184207916,-0.2901051938533783,0.11867102235555649,-0.02974563091993332,100,OK,MAP_UPDATE,OK,VISUAL_INERTIAL
709,1761213126130,17.031095921993256,94.4327712059021,-146.02600038051605,-0.2939606010913849,0.12007881700992584,-0.03436748683452606,100,OK,MAP_UPDATE,OK,VISUAL_INERTIAL
710,1761213126146,20.66792920231819,89.78354185819626,-149.43192899227142,-0.2980172336101532,0.12070520967245102,-0.03892819210886955,100,OK,MAP_UPDATE,OK,VISUAL_INERTIAL
711,1761213126163,24.317454546689987,85.04895120859146,-152.75156497955322,-0.3020537793636322,0.12003956735134125,-0.04306701198220253,100,OK,MAP_UPDATE,OK,VISUAL_INERTIAL
712,1761213126180,27.739230543375015,80.52026480436325,-156.13791346549988,-0.30626732110977173,0.1188705712556839,-0.04690227657556534,100,OK,MAP_UPDATE,OK,VISUAL_INERTIAL
713,1761213126196,30.947677791118622,75.8744403719902,-159.32460129261017,-0.3102853298187256,0.11779040098190308,-0.05058113858103752,100,OK,MAP_UPDATE,OK,VISUAL_INERTIAL
714,1761213126213,33.86148065328598,71.31499797105789,-162.55632042884827,-0.3142174482345581,0.11695626378059387,-0.054094187915325165,100,OK,MAP_UPDATE,OK,VISUAL_INERTIAL
715,1761213126230,36.84568032622337,67.18467175960541,-165.56891798973083,-0.3181913495063782,0.11712612956762314,-0.057526007294654846,100,OK,MAP_UPDATE,OK,VISUAL_INERTIAL
716,1761213126246,39.72966596484184,63.205741345882416,-168.44607889652252,-0.32200556993484497,0.11707989871501923,-0.06069236621260643,100,OK,MAP_UPDATE,OK,VISUAL_INERTIAL
717,1761213126263,42.4649752676487,59.29630622267723,-171.15657031536102,-0.3255891799926758,0.11625600606203079,-0.0634850412607193,100,OK,MAP_UPDATE,OK,VISUAL_INERTIAL
718,1761213126280,44.95203495025635,55.51561340689659,-173.7275868654251,-0.3289102613925934,0.11520957201719284,-0.06604013592004776,100,OK,MAP_UPDATE,OK,VISUAL_INERTIAL
719,1761213126296,47.24545031785965,51.87343433499336,-176.09316110610962,-0.3319668173789978,0.11416897177696228,-0.06837427616119385,100,OK,MAP_UPDATE,OK,VISUAL_INERTIAL
720,1761213126313,49.44613575935364,48.28452691435814,-178.32566797733307,-0.3348168432712555,0.1130412220954895,-0.07053147256374359,100,OK,MAP_UPDATE,OK,VISUAL_INERTIAL
721,1761213126330,51.582980901002884,44.70182955265045,-180.36966025829315,-0.33748409152030945,0.11172018200159073,-0.07247611880302429,100,OK,MAP_UPDATE,OK,VISUAL_INERTIAL
722,1761213126346,53.66406589746475,41.219569742679596,-182.2529435157776,-0.34012699127197266,0.11016693711280823,-0.07431981712579727,100,OK,MAP_UPDATE,OK,VISUAL_INERTIAL
723,1761213126363,55.54980784654617,37.747956812381744,-183.95370244979858,-0.3425695300102234,0.10876046866178513,-0.07610602676868439,100,OK,MAP_UPDATE,OK,VISUAL_INERTIAL
724,1761213126380,57.258620858192444,34.49314460158348,-185.58286130428314,-0.34509989619255066,0.1075340285897255,-0.07794403284788132,100,OK,MAP_UPDATE,OK,VISUAL_INERTIAL
725,1761213126397,58.86593088507652,31.31869062781334,-187.07284331321716,-0.3475376069545746,0.1067005917429924,-0.0798782929778099,100,OK,MAP_UPDATE,OK,VISUAL_INERTIAL
726,1761213126413,60.448843985795975,28.096916154026985,-188.31783533096313,-0.34960004687309265,0.10616956651210785,-0.08165589720010757,100,OK,MAP_UPDATE,OK,VISUAL_INERTIAL
727,1761213126430,62.462855130434036,24.95429664850235,-189.37668204307556,-0.35166028141975403,0.10529525578022003,-0.083152636885643,100,OK,MAP_UPDATE,OK,VISUAL_INERTIAL
728,1761213126446,64.39326703548431,21.801626309752464,-190.31694531440735,-0.3533448576927185,0.10375766456127167,-0.08430374413728714,100,OK,MAP_UPDATE,OK,VISUAL_INERTIAL
729,1761213126463,66.02606177330017,18.55909638106823,-191.09338521957397,-0.3545655906200409,0.10206907987594604,-0.08515956997871399,100,OK,MAP_UPDATE,OK,VISUAL_INERTIAL
730,1761213126480,67.29819625616074,15.369397588074207,-191.7702853679657,-0.3555125594139099,0.10028946399688721,-0.08587968349456787,100,OK,MAP_UPDATE,OK,VISUAL_INERTIAL
731,1761213126496,68.54990124702454,12.049270793795586,-192.28361546993256,-0.35611751675605774,0.09862038493156433,-0.08645671606063843,100,OK,MAP_UPDATE,OK,VISUAL_INERTIAL
732,1761213126513,69.75989043712616,8.847189135849476,-192.67001748085022,-0.3568419814109802,0.09673937410116196,-0.08693933486938477,100,OK,MAP_UPDATE,OK,VISUAL_INERTIAL
733,1761213126530,70.96962630748749,5.712560843676329,-193.05622577667236,-0.3578289747238159,0.09456539154052734,-0.0874161571264267,100,OK,MAP_UPDATE,OK,VISUAL_INERTIAL
734,1761213126546,72.36302644014359,2.625951776280999,-193.41571629047394,-0.35889285802841187,0.09201094508171082,-0.08805215358734131,100,OK,MAP_UPDATE,OK,VISUAL_INERTIAL
735,1761213126563,73.66595417261124,-0.29981613624840975,-193.81660223007202,-0.3600413501262665,0.08896835148334503,-0.0889526978135109,100,OK,MAP_UPDATE,OK,VISUAL_INERTIAL
736,1761213126580,74.90763813257217,-3.0050736386328936,-194.3008154630661,-0.3612609803676605,0.08642742037773132,-0.09035643190145493,100,OK,MAP_UPDATE,OK,VISUAL_INERTIAL
737,1761213126596,76.12726837396622,-5.5720568634569645,-194.69670951366425,-0.36249610781669617,0.08449258655309677,-0.09213872998952866,100,OK,MAP_UPDATE,OK,VISUAL_INERTIAL
738,1761213126613,77.54682749509811,-8.117132820189,-195.0196623802185,-0.3638533651828766,0.08316285908222198,-0.09410876035690308,100,OK,MAP_UPDATE,OK,VISUAL_INERTIAL
739,1761213126630,79.06254380941391,-10.791312903165817,-195.19908726215363,-0.36525946855545044,0.082360178232193,-0.09617776423692703,100,OK,MAP_UPDATE,OK,VISUAL_INERTIAL
740,1761213126646,80.71249723434448,-13.44633474946022,-195.33361494541168,-0.3667692244052887,0.08172942698001862,-0.09840083867311478,100,OK,MAP_UPDATE,OK,VISUAL_INERTIAL
741,1761213126663,82.48008787631989,-15.979357063770294,-195.29244303703308,-0.3682560324668884,0.08133190125226974,-0.10078231990337372,100,OK,MAP_UPDATE,OK,VISUAL_INERTIAL
742,1761213126680,84.19525623321533,-18.473120406270027,-195.11356949806213,-0.369495689868927,0.08080697059631348,-0.10311536490917206,100,OK,MAP_UPDATE,OK,VISUAL_INERTIAL
743,1761213126696,85.92654764652252,-20.851684734225273,-194.7488635778427,-0.3705158233642578,0.07983633875846863,-0.10521657019853592,100,OK,MAP_UPDATE,OK,VISUAL_INERTIAL
744,1761213126713,87.61900663375854,-23.209381848573685,-194.13605332374573,-0.3712465167045593,0.0781533494591713,-0.1068941131234169,100,OK,MAP_UPDATE,OK,VISUAL_INERTIAL
745,1761213126730,89.4368439912796,-25.49890987575054,-193.25588643550873,-0.3717038333415985,0.07575318217277527,-0.10815748572349548,100,OK,MAP_UPDATE,OK,VISUAL_INERTIAL
746,1761213126746,90.90258926153183,-27.753764763474464,-192.1229511499405,-0.3718675374984741,0.07304315268993378,-0.10912051796913147,100,OK,MAP_UPDATE,OK,VISUAL_INERTIAL
747,1761213126763,91.92092716693878,-30.096111819148064,-190.6028687953949,-0.3714919090270996,0.07102517783641815,-0.1099361926317215,100,OK,MAP_UPDATE,OK,VISUAL_INERTIAL
748,1761213126780,92.49550104141235,-32.17879682779312,-188.8318508863449,-0.3708401024341583,0.06959313899278641,-0.11038201302289963,100,OK,MAP_UPDATE,OK,VISUAL_INERTIAL
749,1761213126796,93.18768233060837,-34.0367816388607,-186.60981953144073,-0.36987370252609253,0.06755134463310242,-0.11008661985397339,100,OK,MAP_UPDATE,OK,VISUAL_INERTIAL
750,1761213126813,93.63914281129837,-35.73693707585335,-184.05984342098236,-0.36852824687957764,0.06459873914718628,-0.10899844020605087,100,OK,MAP_UPDATE,OK,VISUAL_INERTIAL
751,1761213126830,93.8444510102272,-37.2014120221138,-181.1821609735489,-0.3667495846748352,0.06141197681427002,-0.10757216066122055,100,OK,MAP_UPDATE,OK,VISUAL_INERTIAL
752,1761213126846,93.78816932439804,-38.58133405447006,-178.0141294002533,-0.36439260840415955,0.057626526802778244,-0.10583855211734772,100,OK,MAP_UPDATE,OK,VISUAL_INERTIAL
753,1761213126863,93.61407160758972,-39.89486023783684,-174.502432346344,-0.3615882992744446,0.053444359451532364,-0.10367876291275024,100,OK,MAP_UPDATE,OK,VISUAL_INERTIAL
754,1761213126880,93.06037425994873,-41.026052087545395,-170.69794237613678,-0.3584730327129364,0.049725521355867386,-0.10142259299755096,100,OK,MAP_UPDATE,OK,VISUAL_INERTIAL
755,1761213126896,92.21646934747696,-42.053963989019394,-166.63652658462524,-0.3550437390804291,0.04602459445595741,-0.09902606159448624,100,OK,MAP_UPDATE,OK,VISUAL_INERTIAL
756,1761213126913,91.43006056547165,-42.99166798591614,-162.37987577915192,-0.3513641059398651,0.04198502376675606,-0.0965106412768364,100,OK,MAP_UPDATE,OK,VISUAL_INERTIAL
757,1761213126930,90.69431573152542,-43.665703386068344,-157.9331010580063,-0.34746024012565613,0.03811592981219292,-0.09410247206687927,100,OK,MAP_UPDATE,OK,VISUAL_INERTIAL
758,1761213126946,89.83311057090759,-44.07442361116409,-153.12273800373077,-0.3431256413459778,0.034231606870889664,-0.09178923815488815,100,OK,MAP_UPDATE,OK,VISUAL_INERTIAL
759,1761213126963,89.1038030385971,-44.327862560749054,-148.14835786819458,-0.3385195732116699,0.0304089467972517,-0.08949776738882065,100,OK,MAP_UPDATE,OK,VISUAL_INERTIAL
760,1761213126980,88.42536807060242,-44.48748752474785,-142.98784732818604,-0.33379024267196655,0.026285605505108833,-0.0871482864022255,100,OK,MAP_UPDATE,OK,VISUAL_INERTIAL
761,1761213126996,87.75927126407623,-44.5832684636116,-137.55083084106445,-0.3289698362350464,0.021919991821050644,-0.08477014303207397,100,OK,MAP_UPDATE,OK,VISUAL_INERTIAL
762,1761213127013,87.02259510755539,-44.491738080978394,-132.09271430969238,-0.32411426305770874,0.01720951497554779,-0.08254774659872055,100,OK,MAP_UPDATE,OK,VISUAL_INERTIAL
763,1761213127030,86.12930029630661,-44.285256415605545,-126.5706717967987,-0.3190478980541229,0.011742465198040009,-0.080476775765419,100,OK,MAP_UPDATE,OK,VISUAL_INERTIAL
764,1761213127046,85.18940955400467,-43.78249868750572,-120.96214294433594,-0.313873291015625,0.006515760440379381,-0.07860640436410904,100,OK,MAP_UPDATE,OK,VISUAL_INERTIAL
765,1761213127063,84.19738709926605,-43.11205446720123,-115.02456665039062,-0.3084717392921448,0.0018037185072898865,-0.07679405808448792,100,OK,MAP_UPDATE,OK,VISUAL_INERTIAL
766,1761213127080,83.24751257896423,-42.398713529109955,-109.09824073314667,-0.3030070662498474,-0.0030108315404504538,-0.0748484805226326,100,OK,MAP_UPDATE,OK,VISUAL_INERTIAL
767,1761213127096,82.67538994550705,-41.62826016545296,-103.01502794027328,-0.2975624203681946,-0.008752744644880295,-0.07272952795028687,100,OK,MAP_UPDATE,OK,VISUAL_INERTIAL
768,1761213127113,82.30558782815933,-40.75266048312187,-96.9160720705986,-0.29225510358810425,-0.015871834009885788,-0.07060413062572479,100,OK,MAP_UPDATE,OK,VISUAL_INERTIAL
769,1761213127130,81.63148164749146,-39.91122543811798,-90.8961370587349,-0.286918580532074,-0.02342759631574154,-0.06875138729810715,100,OK,MAP_UPDATE,OK,VISUAL_INERTIAL
770,1761213127146,80.86157590150833,-38.806721568107605,-85.0207507610321,-0.28191670775413513,-0.029994815587997437,-0.06712179630994797,100,OK,MAP_UPDATE,OK,VISUAL_INERTIAL
771,1761213127163,79.96634393930435,-37.846434861421585,-79.20128107070923,-0.27708253264427185,-0.03675379231572151,-0.06554163992404938,100,OK,MAP_UPDATE,OK,VISUAL_INERTIAL
772,1761213127180,79.11734282970428,-37.17440366744995,-73.39292764663696,-0.2723599970340729,-0.04329035431146622,-0.06393209844827652,100,OK,MAP_UPDATE,OK,VISUAL_INERTIAL
773,1761213127196,78.20938527584076,-36.32470592856407,-67.6642432808876,-0.2680395543575287,-0.049340687692165375,-0.06251171976327896,100,OK,MAP_UPDATE,OK,VISUAL_INERTIAL
774,1761213127213,77.4150937795639,-35.28999909758568,-61.93158030509949,-0.26388368010520935,-0.05540834367275238,-0.06130698695778847,100,OK,MAP_UPDATE,OK,VISUAL_INERTIAL
775,1761213127230,76.74435526132584,-34.084055572748184,-56.27214536070824,-0.2598258852958679,-0.061757221817970276,-0.06008993089199066,100,OK,MAP_UPDATE,OK,VISUAL_INERTIAL
776,1761213127246,75.79179108142853,-32.870493829250336,-50.68699270486832,-0.2557697594165802,-0.06805742532014847,-0.058843448758125305,100,OK,MAP_UPDATE,OK,VISUAL_INERTIAL
777,1761213127263,75.02259314060211,-31.502045691013336,-45.2081672847271,-0.2519288659095764,-0.07405975461006165,-0.05753035843372345,100,OK,MAP_UPDATE,OK,VISUAL_INERTIAL
778,1761213127280,74.12087172269821,-30.17858788371086,-39.78385776281357,-0.24812746047973633,-0.07930976897478104,-0.056074295192956924,100,OK,MAP_UPDATE,OK,VISUAL_INERTIAL
779,1761213127296,73.43439757823944,-28.673460707068443,-34.467991441488266,-0.2445695847272873,-0.0826493427157402,-0.05481891706585884,100,OK,MAP_UPDATE,OK,VISUAL_INERTIAL
780,1761213127313,72.46647775173187,-27.32047066092491,-29.236523434519768,-0.24107429385185242,-0.08629177510738373,-0.053580574691295624,100,OK,MAP_UPDATE,OK,VISUAL_INERTIAL
781,1761213127330,71.81377708911896,-26.113716885447502,-24.13276582956314,-0.2378060519695282,-0.09067006409168243,-0.05236003175377846,100,OK,MAP_UPDATE,OK,VISUAL_INERTIAL
782,1761213127346,71.15582376718521,-25.091320276260376,-19.293352961540222,-0.2348489910364151,-0.09594406932592392,-0.05101607367396355,100,OK,MAP_UPDATE,OK,VISUAL_INERTIAL
783,1761213127363,70.64934819936752,-24.17096681892872,-14.597364701330662,-0.23224392533302307,-0.1019587591290474,-0.049694646149873734,100,OK,MAP_UPDATE,OK,VISUAL_INERTIAL
784,1761213127380,70.64934819936752,-24.17096681892872,-14.597364701330662,-0.23224392533302307,-0.1019587591290474,-0.049694646149873734,100,OK,MAP_UPDATE,OK,VISUAL_INERTIAL
785,1761213127396,70.46297937631607,-22.193903103470802,-5.590636283159256,-0.22783899307250977,-0.11634831130504608,-0.047047391533851624,100,OK,MAP_UPDATE,OK,VISUAL_INERTIAL
786,1761213127413,69.54418867826462,-21.12017385661602,-1.2704483233392239,-0.22591489553451538,-0.12415044009685516,-0.04573148861527443,100,OK,MAP_UPDATE,OK,VISUAL_INERTIAL
787,1761213127430,67.89324432611465,-20.30446194112301,2.8446891810745,-0.22387820482254028,-0.12810973823070526,-0.044954098761081696,100,OK,MAP_UPDATE,OK,VISUAL_INERTIAL
788,1761213127446,66.02545082569122,-19.75616253912449,6.834398955106735,-0.221893772482872,-0.12924684584140778,-0.04448707401752472,100,OK,MAP_UPDATE,OK,VISUAL_INERTIAL
789,1761213127463,64.75993245840073,-19.366251304745674,10.749480687081814,-0.2202097475528717,-0.12995441257953644,-0.04407151788473129,100,OK,MAP_UPDATE,OK,VISUAL_INERTIAL
790,1761213127480,64.07677382230759,-19.052719697356224,14.60228580981493,-0.21882542967796326,-0.13110074400901794,-0.04374058172106743,100,OK,MAP_UPDATE,OK,VISUAL_INERTIAL
791,1761213127496,63.69706243276596,-18.791016191244125,18.417494371533394,-0.21772798895835876,-0.13253261148929596,-0.04358270391821861,100,OK,MAP_UPDATE,OK,VISUAL_INERTIAL
792,1761213127513,63.423387706279755,-18.567942082881927,22.105660289525986,-0.2167513221502304,-0.1340719759464264,-0.04360238090157509,100,OK,MAP_UPDATE,OK,VISUAL_INERTIAL
793,1761213127530,63.27088922262192,-18.445240333676338,25.728674605488777,-0.21574313938617706,-0.13513600826263428,-0.043724365532398224,100,OK,MAP_UPDATE,OK,VISUAL_INERTIAL
794,1761213127546,63.31533193588257,-18.261337652802467,29.289640486240387,-0.2147403508424759,-0.13696452975273132,-0.04378337413072586,100,OK,MAP_UPDATE,OK,VISUAL_INERTIAL
795,1761213127563,63.47007304430008,-18.063874915242195,32.78571739792824,-0.21372246742248535,-0.13955152034759521,-0.04379423335194588,100,OK,MAP_UPDATE,OK,VISUAL_INERTIAL
796,1761213127580,63.38135898113251,-17.857205122709274,36.21042147278786,-0.2127019166946411,-0.14164413511753082,-0.04391058161854744,100,OK,MAP_UPDATE,OK,VISUAL_INERTIAL
797,1761213127596,62.90017068386078,-17.67672225832939,39.50950503349304,-0.21173317730426788,-0.1423836499452591,-0.044260021299123764,100,OK,MAP_UPDATE,OK,VISUAL_INERTIAL
798,1761213127613,62.29109317064285,-17.520194873213768,42.89053753018379,-0.21087129414081573,-0.14188890159130096,-0.0447605662047863,100,OK,MAP_UPDATE,OK,VISUAL_INERTIAL
799,1761213127630,61.911605298519135,-17.429327592253685,46.14664986729622,-0.2101430594921112,-0.1410377472639084,-0.04522563889622688,100,OK,MAP_UPDATE,OK,VISUAL_INERTIAL
800,1761213127646,61.886902898550034,-17.346950247883797,49.154531210660934,-0.20958800613880157,-0.14096857607364655,-0.045543354004621506,100,OK,MAP_UPDATE,OK,VISUAL_INERTIAL
801,1761213127663,62.367018312215805,-17.193248495459557,52.14187875390053,-0.20934659242630005,-0.14277970790863037,-0.04569794610142708,100,OK,MAP_UPDATE,OK,VISUAL_INERTIAL
802,1761213127680,63.07980418205261,-16.9955063611269,55.12455105781555,-0.20931024849414825,-0.14576339721679688,-0.045830756425857544,100,OK,MAP_UPDATE,OK,VISUAL_INERTIAL
803,1761213127696,63.26812505722046,-16.68350212275982,57.968493551015854,-0.20955243706703186,-0.14754264056682587,-0.04624655842781067,100,OK,MAP_UPDATE,OK,VISUAL_INERTIAL
804,1761213127713,62.643468379974365,-16.287412494421005,60.42436137795448,-0.21001753211021423,-0.1461218148469925,-0.047034721821546555,100,OK,MAP_UPDATE,OK,VISUAL_INERTIAL
805,1761213127730,61.653561890125275,-15.733804553747177,62.682271003723145,-0.21083863079547882,-0.1419820785522461,-0.04803629219532013,100,OK,MAP_UPDATE,OK,VISUAL_INERTIAL
806,1761213127746,61.29290908575058,-14.988662675023079,64.82578068971634,-0.21226614713668823,-0.13822703063488007,-0.04886269569396973,100,OK,MAP_UPDATE,OK,VISUAL_INERTIAL
807,1761213127763,61.892151832580566,-14.048883691430092,66.71616435050964,-0.21428580582141876,-0.13669946789741516,-0.049335237592458725,100,OK,MAP_UPDATE,OK,VISUAL_INERTIAL
808,1761213127780,62.392666935920715,-12.806314043700695,68.39081645011902,-0.21673494577407837,-0.13501164317131042,-0.04996838793158531,100,OK,MAP_UPDATE,OK,VISUAL_INERTIAL
809,1761213127796,62.139999121427536,-11.281056329607964,69.5696771144867,-0.21953193843364716,-0.1305873692035675,-0.05115346983075142,100,OK,MAP_UPDATE,OK,VISUAL_INERTIAL
810,1761213127813,61.4248588681221,-9.46731772273779,70.43606787919998,-0.22241054475307465,-0.12360011041164398,-0.0528361015021801,100,OK,MAP_UPDATE,OK,VISUAL_INERTIAL
811,1761213127830,61.35514751076698,-7.110161706805229,71.21367752552032,-0.22539208829402924,-0.11758837103843689,-0.05447092279791832,100,OK,MAP_UPDATE,OK,VISUAL_INERTIAL
812,1761213127846,62.60670721530914,-4.412356298416853,71.95740938186646,-0.22816531360149384,-0.11625638604164124,-0.055389564484357834,100,OK,MAP_UPDATE,OK,VISUAL_INERTIAL
813,1761213127863,64.57236409187317,-1.266651670448482,72.52766937017441,-0.2306983768939972,-0.11932987719774246,-0.05564231052994728,100,OK,MAP_UPDATE,OK,VISUAL_INERTIAL
814,1761213127880,65.07596373558044,2.3100662510842085,72.9036033153534,-0.23270612955093384,-0.12076351046562195,-0.05606422200798988,100,OK,MAP_UPDATE,OK,VISUAL_INERTIAL
815,1761213127896,63.89401853084564,5.629528313875198,72.99221307039261,-0.2336500585079193,-0.11615759879350662,-0.05715097859501839,100,OK,MAP_UPDATE,OK,VISUAL_INERTIAL
816,1761213127913,62.46638670563698,8.93101654946804,73.1360986828804,-0.2339230477809906,-0.10875634849071503,-0.058316878974437714,100,OK,MAP_UPDATE,OK,VISUAL_INERTIAL
817,1761213127930,62.44532763957977,12.673490680754185,73.66622984409332,-0.2340783029794693,-0.10434350371360779,-0.0588286928832531,100,OK,MAP_UPDATE,OK,VISUAL_INERTIAL
818,1761213127946,63.65156173706055,16.389653086662292,74.17554408311844,-0.2339625209569931,-0.1051950678229332,-0.05849146097898483,100,OK,MAP_UPDATE,OK,VISUAL_INERTIAL
819,1761213127963,64.79480117559433,20.373620092868805,74.61297512054443,-0.23370878398418427,-0.10870871692895889,-0.057761114090681076,100,OK,MAP_UPDATE,OK,VISUAL_INERTIAL
820,1761213127980,64.54930454492569,24.37465265393257,74.66902583837509,-0.23305125534534454,-0.10982079803943634,-0.05739316716790199,100,OK,MAP_UPDATE,OK,VISUAL_INERTIAL
821,1761213127996,63.15939873456955,28.272489085793495,74.49864596128464,-0.23194777965545654,-0.1071527972817421,-0.057264938950538635,100,OK,MAP_UPDATE,OK,VISUAL_INERTIAL
822,1761213128013,61.801426112651825,32.273899763822556,74.3815153837204,-0.23070402443408966,-0.10397341847419739,-0.05696677789092064,100,OK,MAP_UPDATE,OK,VISUAL_INERTIAL
823,1761213128030,61.457496136426926,36.29915788769722,74.34400171041489,-0.22946502268314362,-0.10467344522476196,-0.0560828372836113,100,OK,MAP_UPDATE,OK,VISUAL_INERTIAL
824,1761213128046,62.1429868042469,40.643833577632904,74.32559877634048,-0.22860252857208252,-0.11098083853721619,-0.054548174142837524,100,OK,MAP_UPDATE,OK,VISUAL_INERTIAL
825,1761213128063,61.90128996968269,45.05651071667671,73.96171241998672,-0.22793559730052948,-0.11681810766458511,-0.05331049859523773,100,OK,MAP_UPDATE,OK,VISUAL_INERTIAL
826,1761213128080,59.630971401929855,49.3399016559124,73.11109453439713,-0.22709545493125916,-0.11469462513923645,-0.05323783680796623,100,OK,MAP_UPDATE,OK,VISUAL_INERTIAL
827,1761213128096,56.66080117225647,53.48116531968117,72.0275267958641,-0.2262267768383026,-0.10636343061923981,-0.05367496609687805,100,OK,MAP_UPDATE,OK,VISUAL_INERTIAL
828,1761213128113,54.75190654397011,57.61919915676117,71.20787352323532,-0.22536014020442963,-0.09839008003473282,-0.053807247430086136,100,OK,MAP_UPDATE,OK,VISUAL_INERTIAL
829,1761213128130,54.94580790400505,62.09023669362068,70.68806141614914,-0.22477827966213226,-0.09710872918367386,-0.05274844542145729,100,OK,MAP_UPDATE,OK,VISUAL_INERTIAL
830,1761213128146,56.60340562462807,66.7920634150505,70.15963643789291,-0.22443312406539917,-0.10289954394102097,-0.050864361226558685,100,OK,MAP_UPDATE,OK,VISUAL_INERTIAL
831,1761213128163,57.412728667259216,71.46664708852768,69.08445060253143,-0.22403615713119507,-0.10996851325035095,-0.04904869198799133,100,OK,MAP_UPDATE,OK,VISUAL_INERTIAL
832,1761213128180,56.04730546474457,75.63633471727371,67.36396998167038,-0.223256453871727,-0.11001348495483398,-0.04813558608293533,100,OK,MAP_UPDATE,OK,VISUAL_INERTIAL
833,1761213128196,52.75849252939224,80.1546648144722,65.13368338346481,-0.22279509902000427,-0.10321802645921707,-0.04787210747599602,100,OK,MAP_UPDATE,OK,VISUAL_INERTIAL
834,1761213128213,50.11187493801117,84.19124037027359,62.87743151187897,-0.22223669290542603,-0.09577950835227966,-0.04724720120429993,100,OK,MAP_UPDATE,OK,VISUAL_INERTIAL
835,1761213128230,52.803996950387955,88.23014795780182,61.16866320371628,-0.22191497683525085,-0.09435567259788513,-0.045937906950712204,100,OK,MAP_UPDATE,OK,VISUAL_INERTIAL
836,1761213128246,55.2859865128994,92.11691468954086,58.736275881528854,-0.22166486084461212,-0.10491540282964706,-0.04335872828960419,100,OK,MAP_UPDATE,OK,VISUAL_INERTIAL
837,1761213128263,52.23527550697327,96.98104858398438,56.27259239554405,-0.22218160331249237,-0.12286702543497086,-0.03949432820081711,100,OK,MAP_UPDATE,OK,VISUAL_INERTIAL
838,1761213128280,51.278624683618546,101.62030905485153,52.808795124292374,-0.2222270518541336,-0.13313819468021393,-0.037143927067518234,100,OK,MAP_UPDATE,OK,VISUAL_INERTIAL
839,1761213128296,45.21634057164192,106.11171275377274,49.02110621333122,-0.22265253961086273,-0.13810670375823975,-0.03476493060588837,100,OK,MAP_UPDATE,OK,VISUAL_INERTIAL
840,1761213128313,44.631581753492355,109.69452559947968,43.969638645648956,-0.22256620228290558,-0.13489478826522827,-0.033446744084358215,100,OK,MAP_UPDATE,OK,VISUAL_INERTIAL
841,1761213128330,42.90720447897911,113.55811357498169,39.806511253118515,-0.22357402741909027,-0.13751110434532166,-0.030212879180908203,100,OK,MAP_UPDATE,OK,VISUAL_INERTIAL
842,1761213128347,42.11552441120148,117.34063178300858,35.67187115550041,-0.2248111367225647,-0.14395350217819214,-0.02597210928797722,100,OK,MAP_UPDATE,OK,VISUAL_INERTIAL
843,1761213128363,40.35180062055588,120.94562500715256,31.42014890909195,-0.22594352066516876,-0.14879146218299866,-0.021975062787532806,100,OK,MAP_UPDATE,OK,VISUAL_INERTIAL
844,1761213128380,36.984458565711975,124.3882030248642,26.583530008792877,-0.2268955111503601,-0.14731882512569427,-0.018702590838074684,100,OK,MAP_UPDATE,OK,VISUAL_INERTIAL
845,1761213128396,32.598353922367096,127.7749240398407,21.51116542518139,-0.2278408408164978,-0.1398298293352127,-0.016021469607949257,100,OK,MAP_UPDATE,OK,VISUAL_INERTIAL
846,1761213128413,29.32761423289776,130.74497878551483,17.173748463392258,-0.22884531319141388,-0.13200490176677704,-0.013023894280195236,100,OK,MAP_UPDATE,OK,VISUAL_INERTIAL
847,1761213128430,27.768446132540703,133.818119764328,13.221914879977703,-0.2301652729511261,-0.13024236261844635,-0.00909321941435337,100,OK,MAP_UPDATE,OK,VISUAL_INERTIAL
848,1761213128446,26.94079838693142,136.83375716209412,9.434225969016552,-0.2316468507051468,-0.13396427035331726,-0.004667805042117834,100,OK,MAP_UPDATE,OK,VISUAL_INERTIAL
849,1761213128463,25.120150297880173,139.27918672561646,5.204848479479551,-0.23285220563411713,-0.13764828443527222,-0.0007398186135105789,100,OK,MAP_UPDATE,OK,VISUAL_INERTIAL
850,1761213128480,21.544214338064194,141.4431482553482,0.710334803443402,-0.2339785397052765,-0.13702510297298431,0.0023301378823816776,100,OK,MAP_UPDATE,OK,VISUAL_INERTIAL
851,1761213128496,16.785873100161552,143.23371648788452,-3.96529957652092,-0.23482535779476166,-0.13126324117183685,0.004599563777446747,100,OK,MAP_UPDATE,OK,VISUAL_INERTIAL
852,1761213128513,12.308694422245026,144.93253827095032,-8.34161788225174,-0.23544606566429138,-0.12327376008033752,0.006671012379229069,100,OK,MAP_UPDATE,OK,VISUAL_INERTIAL
853,1761213128530,9.419283829629421,146.41641080379486,-12.144463136792183,-0.23576055467128754,-0.11928316950798035,0.009267590939998627,100,OK,MAP_UPDATE,OK,VISUAL_INERTIAL
854,1761213128546,8.024439215660095,147.78737723827362,-15.483025461435318,-0.23586982488632202,-0.12106394022703171,0.012455789372324944,100,OK,MAP_UPDATE,OK,VISUAL_INERTIAL
855,1761213128563,6.582323461771011,149.15166795253754,-18.78175511956215,-0.23582427203655243,-0.1247839629650116,0.015349140390753746,100,OK,MAP_UPDATE,OK,VISUAL_INERTIAL
856,1761213128580,4.020035732537508,150.17613768577576,-22.40038476884365,-0.2355213165283203,-0.12580420076847076,0.01721065118908882,100,OK,MAP_UPDATE,OK,VISUAL_INERTIAL
857,1761213128596,0.16608237638138235,150.85557103157043,-26.24649927020073,-0.2350737601518631,-0.12159589678049088,0.017790120095014572,100,OK,MAP_UPDATE,OK,VISUAL_INERTIAL
858,1761213128613,-4.0511395782232285,151.24765038490295,-30.037015676498413,-0.23449532687664032,-0.11280884593725204,0.017371224239468575,100,OK,MAP_UPDATE,OK,VISUAL_INERTIAL
859,1761213128630,-7.414006628096104,151.52713656425476,-33.337220549583435,-0.23383784294128418,-0.10401923954486847,0.016919752582907677,100,OK,MAP_UPDATE,OK,VISUAL_INERTIAL
860,1761213128646,-8.896784856915474,151.61339938640594,-36.006759852170944,-0.23284871876239777,-0.09937223792076111,0.017107106745243073,100,OK,MAP_UPDATE,OK,VISUAL_INERTIAL
861,1761213128663,-9.550586342811584,151.4313519001007,-38.54916989803314,-0.23153969645500183,-0.09833110868930817,0.017559856176376343,100,OK,MAP_UPDATE,OK,VISUAL_INERTIAL
862,1761213128680,-10.924331843852997,150.7042497396469,-41.25703498721123,-0.2300417572259903,-0.09863915294408798,0.017583057284355164,100,OK,MAP_UPDATE,OK,VISUAL_INERTIAL
863,1761213128696,-12.648523785173893,149.7671902179718,-44.17102038860321,-0.22880156338214874,-0.09789968281984329,0.017011772841215134,100,OK,MAP_UPDATE,OK,VISUAL_INERTIAL
864,1761213128713,-14.844083227217197,148.62503111362457,-47.27184399962425,-0.2278474122285843,-0.09567636251449585,0.015933329239487648,100,OK,MAP_UPDATE,OK,VISUAL_INERTIAL
865,1761213128730,-17.070701345801353,147.22546935081482,-50.38461834192276,-0.22696702182292938,-0.09233251214027405,0.014537432231009007,100,OK,MAP_UPDATE,OK,VISUAL_INERTIAL
866,1761213128746,-19.355032593011856,145.33935487270355,-53.607333451509476,-0.22614403069019318,-0.0884285420179367,0.01296216156333685,100,OK,MAP_UPDATE,OK,VISUAL_INERTIAL
867,1761213128763,-21.508529782295227,143.31455528736115,-56.88334256410599,-0.22596047818660736,-0.08396021276712418,0.0114006157964468,100,OK,MAP_UPDATE,OK,VISUAL_INERTIAL
868,1761213128780,-23.408427834510803,141.230970621109,-60.27171015739441,-0.22672900557518005,-0.079020656645298,0.009976347908377647,100,OK,MAP_UPDATE,OK,VISUAL_INERTIAL
869,1761213128796,-25.148281827569008,138.94253969192505,-63.77492845058441,-0.22812630236148834,-0.07391383498907089,0.008690275251865387,100,OK,MAP_UPDATE,OK,VISUAL_INERTIAL
870,1761213128813,-26.925653219223022,136.54690980911255,-67.37930327653885,-0.22995537519454956,-0.0686374083161354,0.007381028961390257,100,OK,MAP_UPDATE,OK,VISUAL_INERTIAL
871,1761213128830,-28.546936810016632,133.95246863365173,-71.06609642505646,-0.23198571801185608,-0.06347271800041199,0.006004675757139921,100,OK,MAP_UPDATE,OK,VISUAL_INERTIAL
872,1761213128846,-30.121061950922012,131.23531639575958,-74.84079897403717,-0.23440317809581757,-0.059268783777952194,0.0046076239086687565,100,OK,MAP_UPDATE,OK,VISUAL_INERTIAL
873,1761213128863,-31.60615637898445,128.51345539093018,-78.69556546211243,-0.2374918907880783,-0.055496565997600555,0.003401537425816059,100,OK,MAP_UPDATE,OK,VISUAL_INERTIAL
874,1761213128880,-33.116430044174194,125.56444108486176,-82.47491717338562,-0.24096053838729858,-0.052742186933755875,0.002518224762752652,100,OK,MAP_UPDATE,OK,VISUAL_INERTIAL
875,1761213128896,-34.704167395830154,122.47364223003387,-86.3291323184967,-0.2449202984571457,-0.05025039240717888,0.0018166914815083146,100,OK,MAP_UPDATE,OK,VISUAL_INERTIAL
876,1761213128913,-36.45457699894905,119.19121444225311,-90.25129675865173,-0.24916356801986694,-0.04773123562335968,0.0012072704266756773,100,OK,MAP_UPDATE,OK,VISUAL_INERTIAL
877,1761213128930,-38.034263998270035,115.82203209400177,-94.26549822092056,-0.2536845803260803,-0.04599463567137718,0.0010406908113509417,100,OK,MAP_UPDATE,OK,VISUAL_INERTIAL
878,1761213128946,-40.02061486244202,112.23027855157852,-98.44550490379333,-0.25830596685409546,-0.04420553892850876,0.001144576701335609,100,OK,MAP_UPDATE,OK,VISUAL_INERTIAL
879,1761213128963,-42.21036285161972,108.6987629532814,-102.48059779405594,-0.2630273997783661,-0.040681034326553345,0.0011487567098811269,100,OK,MAP_UPDATE,OK,VISUAL_INERTIAL
880,1761213128980,-44.25697401165962,104.95824366807938,-106.39502853155136,-0.26778480410575867,-0.03699943423271179,0.0012062278110533953,100,OK,MAP_UPDATE,OK,VISUAL_INERTIAL
881,1761213128996,-46.01718112826347,101.25131905078888,-110.24069041013718,-0.27293649315834045,-0.033851850777864456,0.0014663159381598234,100,OK,MAP_UPDATE,OK,VISUAL_INERTIAL
882,1761213129013,-47.58765920996666,97.4796861410141,-114.01912569999695,-0.27835768461227417,-0.032012369483709335,0.002047028625383973,100,OK,MAP_UPDATE,OK,VISUAL_INERTIAL
883,1761213129030,-49.23589527606964,93.61782670021057,-117.77231097221375,-0.2838888168334961,-0.03189292177557945,0.003068657359108329,100,OK,MAP_UPDATE,OK,VISUAL_INERTIAL
884,1761213129046,-51.192451268434525,89.74729478359222,-121.66287750005722,-0.28943541646003723,-0.031864047050476074,0.004256781190633774,100,OK,MAP_UPDATE,OK,VISUAL_INERTIAL
885,1761213129063,-53.782884031534195,85.86269617080688,-125.62611699104309,-0.29484349489212036,-0.0299469456076622,0.005147152580320835,100,OK,MAP_UPDATE,OK,VISUAL_INERTIAL
886,1761213129080,-56.8181611597538,81.7471295595169,-129.5226514339447,-0.29985469579696655,-0.02582651935517788,0.005644612945616245,100,OK,MAP_UPDATE,OK,VISUAL_INERTIAL
887,1761213129096,-59.56460162997246,77.63166725635529,-133.18772614002228,-0.3047875463962555,-0.021957311779260635,0.0064536770805716515,100,OK,MAP_UPDATE,OK,VISUAL_INERTIAL
888,1761213129113,-61.361368745565414,73.49851727485657,-136.52203977108002,-0.30950936675071716,-0.020497329533100128,0.007807019632309675,100,OK,MAP_UPDATE,OK,VISUAL_INERTIAL
889,1761213129130,-63.01942467689514,69.42959874868393,-139.69790935516357,-0.313976526260376,-0.02119860053062439,0.009408951736986637,100,OK,MAP_UPDATE,OK,VISUAL_INERTIAL
890,1761213129146,-65.1925578713417,65.20619243383408,-142.8244560956955,-0.31788572669029236,-0.021973704919219017,0.010965459048748016,100,OK,MAP_UPDATE,OK,VISUAL_INERTIAL
891,1761213129163,-67.59652495384216,61.38705462217331,-145.86055278778076,-0.3215276002883911,-0.02117958851158619,0.01205523032695055,100,OK,MAP_UPDATE,OK,VISUAL_INERTIAL
892,1761213129180,-70.38184255361557,57.534705847501755,-148.75687658786774,-0.32468482851982117,-0.01850886084139347,0.012720109894871712,100,OK,MAP_UPDATE,OK,VISUAL_INERTIAL
893,1761213129196,-73.30524921417236,53.5946749150753,-151.4686644077301,-0.32767030596733093,-0.014722909778356552,0.013113066554069519,100,OK,MAP_UPDATE,OK,VISUAL_INERTIAL
894,1761213129213,-75.83432644605637,49.635834991931915,-153.9183408021927,-0.33060720562934875,-0.01126216072589159,0.013503817841410637,100,OK,MAP_UPDATE,OK,VISUAL_INERTIAL
895,1761213129230,-78.25033366680145,45.78939825296402,-156.2533676624298,-0.3337785601615906,-0.007815607823431492,0.013747645542025566,100,OK,MAP_UPDATE,OK,VISUAL_INERTIAL
896,1761213129246,-80.47032356262207,41.91669821739197,-158.48740935325623,-0.33691859245300293,-0.004632319323718548,0.013582345098257065,100,OK,MAP_UPDATE,OK,VISUAL_INERTIAL
897,1761213129263,-82.14905858039856,38.009434938430786,-160.46582162380219,-0.3399033546447754,-0.0023732769768685102,0.013395394198596478,100,OK,MAP_UPDATE,OK,VISUAL_INERTIAL
898,1761213129280,-83.6590826511383,34.030746668577194,-162.4247133731842,-0.3426789343357086,-0.0006193147273734212,0.012983893975615501,100,OK,MAP_UPDATE,OK,VISUAL_INERTIAL
899,1761213129296,-85.37446707487106,30.021486803889275,-164.19421136379242,-0.34533512592315674,0.001723750727251172,0.012187262065708637,100,OK,MAP_UPDATE,OK,VISUAL_INERTIAL
900,1761213129313,-87.09592372179031,25.877108797430992,-165.750652551651,-0.3477551341056824,0.0040106442756950855,0.011287317611277103,100,OK,MAP_UPDATE,OK,VISUAL_INERTIAL
901,1761213129330,-88.62036466598511,21.472472697496414,-167.04431176185608,-0.3499462604522705,0.005389066878706217,0.010475678369402885,100,OK,MAP_UPDATE,OK,VISUAL_INERTIAL
902,1761213129346,-90.13442695140839,16.949526965618134,-168.17744076251984,-0.3520209789276123,0.006760797929018736,0.009521327912807465,100,OK,MAP_UPDATE,OK,VISUAL_INERTIAL
903,1761213129363,-91.89344942569733,12.568460777401924,-169.23248767852783,-0.3542077839374542,0.009490426629781723,0.007938962429761887,100,OK,MAP_UPDATE,OK,VISUAL_INERTIAL
904,1761213129380,-93.58331561088562,8.24848935008049,-170.18860578536987,-0.35639688372612,0.012921076267957687,0.006429313216358423,100,OK,MAP_UPDATE,OK,VISUAL_INERTIAL
905,1761213129396,-95.07866948843002,4.093626048415899,-170.9032654762268,-0.35847002267837524,0.01559875812381506,0.005069020204246044,100,OK,MAP_UPDATE,OK,VISUAL_INERTIAL
906,1761213129413,-96.44255042076111,-0.1353168481728062,-171.27938568592072,-0.3601962924003601,0.01725228689610958,0.0039856149815022945,100,OK,MAP_UPDATE,OK,VISUAL_INERTIAL
907,1761213129430,-97.66628593206406,-4.259611014276743,-171.4625060558319,-0.361809104681015,0.018941320478916168,0.002779029542580247,100,OK,MAP_UPDATE,OK,VISUAL_INERTIAL
908,1761213129446,-99.05406832695007,-8.716776967048645,-171.51381075382233,-0.36309611797332764,0.021431831642985344,0.0014393386663869023,100,OK,MAP_UPDATE,OK,VISUAL_INERTIAL
909,1761213129463,-100.38056969642639,-13.321377336978912,-171.3174730539322,-0.3641590476036072,0.024306029081344604,0.0001605256402399391,100,OK,MAP_UPDATE,OK,VISUAL_INERTIAL
910,1761213129480,-101.65102779865265,-17.795611172914505,-170.84594070911407,-0.36523640155792236,0.027109580114483833,-0.000982321915216744,100,OK,MAP_UPDATE,OK,VISUAL_INERTIAL
911,1761213129496,-102.78384387493134,-22.375617176294327,-170.1396107673645,-0.3660795986652374,0.0297891553491354,-0.0019851657561957836,100,OK,MAP_UPDATE,OK,VISUAL_INERTIAL
912,1761213129513,-103.93378138542175,-26.788190007209778,-169.22588646411896,-0.3669266700744629,0.03213445097208023,-0.0028451040852814913,100,OK,MAP_UPDATE,OK,VISUAL_INERTIAL
913,1761213129530,-105.1262617111206,-30.982432886958122,-168.11035573482513,-0.36763498187065125,0.03343020752072334,-0.0035774502903223038,100,OK,MAP_UPDATE,OK,VISUAL_INERTIAL
914,1761213129546,-106.3232421875,-34.91273894906044,-166.69780015945435,-0.3680698573589325,0.034620221704244614,-0.004575788974761963,100,OK,MAP_UPDATE,OK,VISUAL_INERTIAL
915,1761213129563,-107.70364105701447,-38.28372433781624,-164.98620808124542,-0.36847442388534546,0.03732914850115776,-0.006083054002374411,100,OK,MAP_UPDATE,OK,VISUAL_INERTIAL
916,1761213129580,-109.29369181394577,-41.77791625261307,-163.18637132644653,-0.368634968996048,0.041164837777614594,-0.007517239078879356,100,OK,MAP_UPDATE,OK,VISUAL_INERTIAL
917,1761213129596,-110.59673130512238,-45.257482677698135,-160.98882257938385,-0.36882102489471436,0.04432640224695206,-0.008420545607805252,100,OK,MAP_UPDATE,OK,VISUAL_INERTIAL
918,1761213129613,-111.65222525596619,-48.98376762866974,-158.4932804107666,-0.3689882159233093,0.046666018664836884,-0.008822832256555557,100,OK,MAP_UPDATE,OK,VISUAL_INERTIAL
919,1761213129630,-112.75319755077362,-52.58747562766075,-155.80813586711884,-0.3689446449279785,0.04837602749466896,-0.009179585613310337,100,OK,MAP_UPDATE,OK,VISUAL_INERTIAL
920,1761213129646,-114.00652676820755,-56.27422407269478,-153.10467779636383,-0.36842960119247437,0.04831463843584061,-0.009278316982090473,100,OK,MAP_UPDATE,OK,VISUAL_INERTIAL
921,1761213129663,-115.26709049940109,-59.71211940050125,-150.25310218334198,-0.36769774556159973,0.0462690070271492,-0.008825466968119144,100,OK,MAP_UPDATE,OK,VISUAL_INERTIAL
922,1761213129680,-117.09343641996384,-62.9589781165123,-147.402822971344,-0.36702996492385864,0.045000527054071426,-0.00838224682956934,100,OK,MAP_UPDATE,OK,VISUAL_INERTIAL
923,1761213129696,-119.5528656244278,-66.10161811113358,-144.61886882781982,-0.3666633367538452,0.045020438730716705,-0.008047284558415413,100,OK,MAP_UPDATE,OK,VISUAL_INERTIAL
924,1761213129713,-121.85130268335342,-69.1409632563591,-141.72983169555664,-0.3666008412837982,0.04453941062092781,-0.007363337557762861,100,OK,MAP_UPDATE,OK,VISUAL_INERTIAL
925,1761213129730,-123.94800037145615,-72.04216718673706,-138.67931067943573,-0.36672717332839966,0.04370211064815521,-0.006570994388312101,100,OK,MAP_UPDATE,OK,VISUAL_INERTIAL
926,1761213129746,-126.00058317184448,-74.74992424249649,-135.49284636974335,-0.3669223487377167,0.04298586770892143,-0.005950558930635452,100,OK,MAP_UPDATE,OK,VISUAL_INERTIAL
927,1761213129763,-127.90776789188385,-77.44559645652771,-132.23883509635925,-0.3670254051685333,0.0413687601685524,-0.005091838072985411,100,OK,MAP_UPDATE,OK,VISUAL_INERTIAL
928,1761213129780,-129.8995316028595,-80.12527227401733,-129.0396898984909,-0.36709073185920715,0.038756441324949265,-0.0038745116908103228,100,OK,MAP_UPDATE,OK,VISUAL_INERTIAL
929,1761213129796,-132.1793645620346,-82.72944390773773,-125.88177621364594,-0.3670352101325989,0.03643053397536278,-0.0026058584917336702,100,OK,MAP_UPDATE,OK,VISUAL_INERTIAL
930,1761213129813,-134.65075194835663,-84.91499722003937,-122.70194292068481,-0.3668491542339325,0.035072147846221924,-0.0016141548985615373,100,OK,MAP_UPDATE,OK,VISUAL_INERTIAL
931,1761213129830,-137.03158497810364,-87.04633265733719,-119.28854882717133,-0.3660089671611786,0.034740056842565536,-0.0009458381682634354,100,OK,MAP_UPDATE,OK,VISUAL_INERTIAL
932,1761213129846,-139.32010531425476,-89.08559381961823,-115.65656960010529,-0.3644968569278717,0.03498949855566025,-0.000697646290063858,100,OK,MAP_UPDATE,OK,VISUAL_INERTIAL
933,1761213129863,-141.05211198329926,-91.06896817684174,-111.53829842805862,-0.3625924289226532,0.03562285751104355,-0.0005478415405377746,100,OK,MAP_UPDATE,OK,VISUAL_INERTIAL
934,1761213129880,-142.7866667509079,-93.01786869764328,-107.30153322219849,-0.3607097566127777,0.03693952411413193,-0.00046398190897889435,100,OK,MAP_UPDATE,OK,VISUAL_INERTIAL
935,1761213129896,-144.30390298366547,-94.9750691652298,-102.96604782342911,-0.3590085208415985,0.03883713111281395,-0.0002755240711849183,100,OK,MAP_UPDATE,OK,VISUAL_INERTIAL
936,1761213129913,-145.84073424339294,-96.91031277179718,-98.74751418828964,-0.3571656346321106,0.04017512872815132,-0.00023481310927309096,100,OK,MAP_UPDATE,OK,VISUAL_INERTIAL
937,1761213129930,-147.53589034080505,-98.77979755401611,-94.5446714758873,-0.35490360856056213,0.04133390262722969,-0.0006320485263131559,100,OK,MAP_UPDATE,OK,VISUAL_INERTIAL
938,1761213129946,-149.3379771709442,-100.37121921777725,-90.31964838504791,-0.3523141145706177,0.04282616823911667,-0.0014148016925901175,100,OK,MAP_UPDATE,OK,VISUAL_INERTIAL
939,1761213129963,-151.2901335954666,-101.77052021026611,-86.1295685172081,-0.3495689630508423,0.0440950021147728,-0.002134917536750436,100,OK,MAP_UPDATE,OK,VISUAL_INERTIAL
940,1761213129980,-152.95080840587616,-102.97376662492752,-81.76626265048981,-0.34688547253608704,0.04445672035217285,-0.0022631902247667313,100,OK,MAP_UPDATE,OK,VISUAL_INERTIAL
941,1761213129996,-154.53661978244781,-103.96424680948257,-77.410988509655,-0.3443523049354553,0.044012401252985,-0.0018996879225596786,100,OK,MAP_UPDATE,OK,VISUAL_INERTIAL
942,1761213130013,-156.2495231628418,-104.74728047847748,-73.03785532712936,-0.34182631969451904,0.04343252629041672,-0.0014967948663979769,100,OK,MAP_UPDATE,OK,VISUAL_INERTIAL
943,1761213130030,-157.98963606357574,-105.25164008140564,-68.66181641817093,-0.33932265639305115,0.043001171201467514,-0.0013482659123837948,100,OK,MAP_UPDATE,OK,VISUAL_INERTIAL
944,1761213130046,-159.99360382556915,-105.55212199687958,-64.27334249019623,-0.33675655722618103,0.04335145279765129,-0.0016003219643607736,100,OK,MAP_UPDATE,OK,VISUAL_INERTIAL
945,1761213130063,-161.99812293052673,-105.57685047388077,-59.86292287707329,-0.3343266546726227,0.04425525292754173,-0.001989287557080388,100,OK,MAP_UPDATE,OK,VISUAL_INERTIAL
946,1761213130080,-163.86158764362335,-105.4329201579094,-55.35883456468582,-0.33211538195610046,0.04514915496110916,-0.002206756267696619,100,OK,MAP_UPDATE,OK,VISUAL_INERTIAL
947,1761213130096,-165.44821858406067,-105.41567206382751,-50.900477916002274,-0.32993653416633606,0.045654818415641785,-0.002294517820701003,100,OK,MAP_UPDATE,OK,VISUAL_INERTIAL
948,1761213130113,-166.802778840065,-105.08700460195541,-46.57948389649391,-0.32799965143203735,0.044425785541534424,-0.0022462753113359213,100,OK,MAP_UPDATE,OK,VISUAL_INERTIAL
949,1761213130130,-167.83763468265533,-104.47874665260315,-42.228810489177704,-0.3260546922683716,0.04246694594621658,-0.0024251232389360666,100,OK,MAP_UPDATE,OK,VISUAL_INERTIAL
950,1761213130146,-169.4195717573166,-103.64004969596863,-38.20127621293068,-0.32412558794021606,0.0420663096010685,-0.0030416531953960657,100,OK,MAP_UPDATE,OK,VISUAL_INERTIAL
951,1761213130163,-171.43844068050385,-102.5652140378952,-34.331150352954865,-0.32221829891204834,0.04446173831820488,-0.003882490796968341,100,OK,MAP_UPDATE,OK,VISUAL_INERTIAL
952,1761213130180,-173.15015196800232,-101.6550362110138,-30.397336930036545,-0.32004210352897644,0.04792192578315735,-0.004045208916068077,100,OK,MAP_UPDATE,OK,VISUAL_INERTIAL
953,1761213130196,-174.56789314746857,-100.57633370161057,-26.44822746515274,-0.31792721152305603,0.05088967829942703,-0.003647382603958249,100,OK,MAP_UPDATE,OK,VISUAL_INERTIAL
954,1761213130213,-175.79825222492218,-99.34372454881668,-22.60122075676918,-0.3158596158027649,0.05305313318967819,-0.0030295453034341335,100,OK,MAP_UPDATE,OK,VISUAL_INERTIAL
955,1761213130230,-176.77108943462372,-98.08341413736343,-18.866587430238724,-0.31390225887298584,0.0542914979159832,-0.002375266747549176,100,OK,MAP_UPDATE,OK,VISUAL_INERTIAL
956,1761213130246,-177.96668410301208,-96.65486961603165,-15.42698498815298,-0.31234055757522583,0.055447258055210114,-0.0020877765491604805,100,OK,MAP_UPDATE,OK,VISUAL_INERTIAL
957,1761213130263,-179.3474406003952,-95.17718851566315,-12.279218062758446,-0.3111187517642975,0.05772943049669266,-0.002437715185806155,100,OK,MAP_UPDATE,OK,VISUAL_INERTIAL
958,1761213130280,-180.75066804885864,-93.34519505500793,-9.364135563373566,-0.3103415369987488,0.06072763726115227,-0.0032169041223824024,100,OK,MAP_UPDATE,OK,VISUAL_INERTIAL
959,1761213130296,-181.69477581977844,-91.37711673974991,-6.476667243987322,-0.3096945285797119,0.06366370618343353,-0.004146695602685213,100,OK,MAP_UPDATE,OK,VISUAL_INERTIAL
960,1761213130313,-182.4362426996231,-89.10442143678665,-3.7157165352255106,-0.30917438864707947,0.06622522324323654,-0.005257525481283665,100,OK,MAP_UPDATE,OK,VISUAL_INERTIAL
961,1761213130330,-183.17273259162903,-86.70403063297272,-1.0576266795396805,-0.30861136317253113,0.06948383897542953,-0.0065267556346952915,100,OK,MAP_UPDATE,OK,VISUAL_INERTIAL
962,1761213130346,-183.90443921089172,-84.07530933618546,1.4551420463249087,-0.3081333637237549,0.07313070446252823,-0.00794926192611456,100,OK,MAP_UPDATE,OK,VISUAL_INERTIAL
963,1761213130363,-184.11777913570404,-81.33462816476822,3.912037704139948,-0.30780524015426636,0.07491851598024368,-0.00930976402014494,100,OK,MAP_UPDATE,OK,VISUAL_INERTIAL
964,1761213130380,-183.44824016094208,-78.3945843577385,6.269854959100485,-0.3078274428844452,0.0721210315823555,-0.010321500711143017,100,OK,MAP_UPDATE,OK,VISUAL_INERTIAL
965,1761213130396,-182.43274092674255,-75.6901353597641,8.383795619010925,-0.30795106291770935,0.06566396355628967,-0.011257228441536427,100,OK,MAP_UPDATE,OK,VISUAL_INERTIAL
966,1761213130413,-182.13637173175812,-72.95523583889008,9.95339173823595,-0.3085375130176544,0.0594661720097065,-0.01278652623295784,100,OK,MAP_UPDATE,OK,VISUAL_INERTIAL
967,1761213130430,-182.96173214912415,-70.21285593509674,11.048644781112671,-0.30953508615493774,0.056857530027627945,-0.015158271417021751,100,OK,MAP_UPDATE,OK,VISUAL_INERTIAL
968,1761213130446,-184.60744619369507,-67.20617413520813,11.900931596755981,-0.3108583390712738,0.05917677655816078,-0.018237760290503502,100,OK,MAP_UPDATE,OK,VISUAL_INERTIAL
969,1761213130463,-186.38581037521362,-63.95892798900604,12.747385539114475,-0.3122248351573944,0.06573399901390076,-0.021632567048072815,100,OK,MAP_UPDATE,OK,VISUAL_INERTIAL
970,1761213130480,-187.3703896999359,-60.463108122348785,13.889705762267113,-0.31318455934524536,0.07282322645187378,-0.024627817794680595,100,OK,MAP_UPDATE,OK,VISUAL_INERTIAL
971,1761213130496,-186.84686720371246,-56.56522139906883,15.464658848941326,-0.3136040270328522,0.07597853988409042,-0.026463376358151436,100,OK,MAP_UPDATE,OK,VISUAL_INERTIAL
972,1761213130513,-185.48722565174103,-52.60230228304863,17.160406336188316,-0.3130909204483032,0.07419421523809433,-0.027140634134411812,100,OK,MAP_UPDATE,OK,VISUAL_INERTIAL
973,1761213130530,-184.77079272270203,-48.58597368001938,18.62790435552597,-0.3117004334926605,0.07186771929264069,-0.02756209298968315,100,OK,MAP_UPDATE,OK,VISUAL_INERTIAL
974,1761213130546,-185.8254373073578,-44.49363797903061,19.789457321166992,-0.309330552816391,0.07497161626815796,-0.028769830241799355,100,OK,MAP_UPDATE,OK,VISUAL_INERTIAL
975,1761213130563,-187.38271296024323,-40.26344418525696,21.5951856225729,-0.3059816062450409,0.08413505554199219,-0.030513396486639977,100,OK,MAP_UPDATE,OK,VISUAL_INERTIAL
976,1761213130580,-188.98805975914001,-35.92638671398163,23.212486878037453,-0.30205923318862915,0.09157281368970871,-0.03114004246890545,100,OK,MAP_UPDATE,OK,VISUAL_INERTIAL
977,1761213130596,-189.5793378353119,-31.547367572784424,25.30238777399063,-0.2977871596813202,0.09478867053985596,-0.030464403331279755,100,OK,MAP_UPDATE,OK,VISUAL_INERTIAL
978,1761213130613,-190.223827958107,-27.296658605337143,27.56441757082939,-0.2932312786579132,0.09615449607372284,-0.029207535088062286,100,OK,MAP_UPDATE,OK,VISUAL_INERTIAL
979,1761213130630,-191.5571093559265,-23.02345633506775,29.62006814777851,-0.28867146372795105,0.09836480766534805,-0.028115833178162575,100,OK,MAP_UPDATE,OK,VISUAL_INERTIAL
980,1761213130646,-193.6471462249756,-18.974266946315765,31.50973469018936,-0.284090518951416,0.10301803052425385,-0.02730623073875904,100,OK,MAP_UPDATE,OK,VISUAL_INERTIAL
981,1761213130663,-195.66984474658966,-14.883412979543209,33.38133543729782,-0.27980512380599976,0.10876770317554474,-0.026464303955435753,100,OK,MAP_UPDATE,OK,VISUAL_INERTIAL
982,1761213130680,-197.2780078649521,-10.469750501215458,35.32135859131813,-0.2759884297847748,0.1129816547036171,-0.02523394487798214,100,OK,MAP_UPDATE,OK,VISUAL_INERTIAL
983,1761213130696,-198.87372851371765,-5.826637148857117,37.12441399693489,-0.2726302444934845,0.11624198406934738,-0.02368743345141411,100,OK,MAP_UPDATE,OK,VISUAL_INERTIAL
984,1761213130713,-200.44973492622375,-1.0867166565731168,38.78644481301308,-0.26953554153442383,0.1192023977637291,-0.021679885685443878,100,OK,MAP_UPDATE,OK,VISUAL_INERTIAL
985,1761213130730,-202.3645043373108,3.711059922352433,40.152810513973236,-0.2665978968143463,0.12233682721853256,-0.01930108480155468,100,OK,MAP_UPDATE,OK,VISUAL_INERTIAL
986,1761213130746,-205.04288375377655,8.857286535203457,41.21706262230873,-0.2637929320335388,0.12732933461666107,-0.017017154023051262,100,OK,MAP_UPDATE,OK,VISUAL_INERTIAL
987,1761213130763,-207.63802528381348,14.247859828174114,42.18002408742905,-0.2610463798046112,0.1322973221540451,-0.01442647259682417,100,OK,MAP_UPDATE,OK,VISUAL_INERTIAL
988,1761213130780,-209.71429347991943,19.80753242969513,43.12219098210335,-0.25831133127212524,0.13443337380886078,-0.011199488304555416,100,OK,MAP_UPDATE,OK,VISUAL_INERTIAL
989,1761213130796,-212.4045491218567,25.676432996988297,43.48459839820862,-0.2557235360145569,0.1344004124403,-0.007506956346333027,100,OK,MAP_UPDATE,OK,VISUAL_INERTIAL
990,1761213130813,-214.88875150680542,31.354129314422607,44.13289204239845,-0.2530638575553894,0.13476328551769257,-0.003671914106234908,100,OK,MAP_UPDATE,OK,VISUAL_INERTIAL
991,1761213130830,-217.86640584468842,36.90217062830925,44.698555022478104,-0.2504142224788666,0.13566657900810242,0.00041464855894446373,100,OK,MAP_UPDATE,OK,VISUAL_INERTIAL
992,1761213130846,-221.06504440307617,42.57190227508545,45.083045959472656,-0.24785512685775757,0.1374957263469696,0.004473917651921511,100,OK,MAP_UPDATE,OK,VISUAL_INERTIAL
993,1761213130863,-223.98796677589417,48.32541197538376,45.46060785651207,-0.24513834714889526,0.1377522051334381,0.00862669013440609,100,OK,MAP_UPDATE,OK,VISUAL_INERTIAL
994,1761213130880,-226.66867077350616,54.07024919986725,45.84528133273125,-0.24213051795959473,0.1363058090209961,0.012586628086864948,100,OK,MAP_UPDATE,OK,VISUAL_INERTIAL
995,1761213130896,-229.58217561244965,60.11392921209335,46.11419513821602,-0.23904284834861755,0.13518491387367249,0.0158900897949934,100,OK,MAP_UPDATE,OK,VISUAL_INERTIAL
996,1761213130913,-232.60194063186646,66.32319837808609,46.3944636285305,-0.23600399494171143,0.13504166901111603,0.018830453976988792,100,OK,MAP_UPDATE,OK,VISUAL_INERTIAL
997,1761213130930,-235.62270402908325,72.51095026731491,46.683065593242645,-0.2331426590681076,0.13640566170215607,0.02162337116897106,100,OK,MAP_UPDATE,OK,VISUAL_INERTIAL
998,1761213130946,-238.45866322517395,78.653484582901,46.98789492249489,-0.23053880035877228,0.1374482810497284,0.024468231946229935,100,OK,MAP_UPDATE,OK,VISUAL_INERTIAL
999,1761213130963,-240.8897578716278,84.73524451255798,47.26187139749527,-0.22798939049243927,0.13748478889465332,0.027274183928966522,100,OK,MAP_UPDATE,OK,VISUAL_INERTIAL
1000,1761213130980,-243.25229227542877,90.66268801689148,47.50184342265129,-0.22526921331882477,0.13811105489730835,0.029587453231215477,100,OK,MAP_UPDATE,OK,VISUAL_INERTIAL
1001,1761213130996,-245.8280622959137,96.24649584293365,47.709859907627106,-0.22227735817432404,0.14045973122119904,0.0313810296356678,100,OK,MAP_UPDATE,OK,VISUAL_INERTIAL
1002,1761213131013,-248.39483201503754,101.81990265846252,47.90106043219566,-0.2194157987833023,0.14440101385116577,0.03285067901015282,100,OK,MAP_UPDATE,OK,VISUAL_INERTIAL
1003,1761213131030,-250.6471872329712,107.23813623189926,48.00933226943016,-0.21691685914993286,0.14774496853351593,0.03433552384376526,100,OK,MAP_UPDATE,OK,VISUAL_INERTIAL
1004,1761213131046,-252.076655626297,112.56744712591171,47.60013520717621,-0.21473707258701324,0.14566470682621002,0.03651028499007225,100,OK,MAP_UPDATE,OK,VISUAL_INERTIAL
1005,1761213131063,-253.043532371521,117.69762635231018,46.881936490535736,-0.21285787224769592,0.1399940401315689,0.03886802867054939,100,OK,MAP_UPDATE,OK,VISUAL_INERTIAL
1006,1761213131080,-254.94730472564697,122.79072403907776,45.80707103013992,-0.2115502953529358,0.1368464231491089,0.0405089370906353,100,OK,MAP_UPDATE,OK,VISUAL_INERTIAL
1007,1761213131096,-257.85669684410095,127.81010568141937,44.44636404514313,-0.21095743775367737,0.13797889649868011,0.04156191274523735,100,OK,MAP_UPDATE,OK,VISUAL_INERTIAL
1008,1761213131113,-261.08378171920776,132.88332521915436,42.96155646443367,-0.2108931839466095,0.1420985609292984,0.04247116670012474,100,OK,MAP_UPDATE,OK,VISUAL_INERTIAL
1009,1761213131130,-263.6457085609436,137.53148913383484,41.35281965136528,-0.210917666554451,0.14589250087738037,0.04372807592153549,100,OK,MAP_UPDATE,OK,VISUAL_INERTIAL
1010,1761213131146,-265.19259810447693,141.91406965255737,39.42665830254555,-0.211266428232193,0.14555810391902924,0.04559079185128212,100,OK,MAP_UPDATE,OK,VISUAL_INERTIAL
1011,1761213131163,-266.33766293525696,145.94030380249023,37.08284720778465,-0.21221153438091278,0.1422761082649231,0.04768028482794762,100,OK,MAP_UPDATE,OK,VISUAL_INERTIAL
1012,1761213131180,-268.306165933609,149.82300996780396,34.13229435682297,-0.214010551571846,0.13893920183181763,0.049457404762506485,100,OK,MAP_UPDATE,OK,VISUAL_INERTIAL
1013,1761213131197,-270.7383632659912,153.25228869915009,30.993308871984482,-0.21613867580890656,0.13738687336444855,0.050876159220933914,100,OK,MAP_UPDATE,OK,VISUAL_INERTIAL
1014,1761213131213,-273.3432352542877,156.28905594348907,27.760710567235947,-0.21860381960868835,0.13826698064804077,0.0519278310239315,100,OK,MAP_UPDATE,OK,VISUAL_INERTIAL
1015,1761213131230,-275.9513258934021,159.2116355895996,24.267708882689476,-0.2214873880147934,0.14091815054416656,0.05282856151461601,100,OK,MAP_UPDATE,OK,VISUAL_INERTIAL
1016,1761213131246,-278.10993790626526,161.9570255279541,20.538680255413055,-0.22460442781448364,0.14319312572479248,0.05378233641386032,100,OK,MAP_UPDATE,OK,VISUAL_INERTIAL
1017,1761213131263,-279.76110577583313,164.54851627349854,16.46946184337139,-0.22783921658992767,0.14443989098072052,0.054642051458358765,100,OK,MAP_UPDATE,OK,VISUAL_INERTIAL
1018,1761213131280,-281.273752450943,166.86952114105225,12.221116572618484,-0.2307751178741455,0.14447633922100067,0.055410683155059814,100,OK,MAP_UPDATE,OK,VISUAL_INERTIAL
1019,1761213131296,-282.4253737926483,168.9831167459488,7.7560883946716785,-0.23353636264801025,0.14251238107681274,0.056236810982227325,100,OK,MAP_UPDATE,OK,VISUAL_INERTIAL
1020,1761213131313,-283.80894660949707,170.70527374744415,3.1198596116155386,-0.23635181784629822,0.14062310755252838,0.05682826414704323,100,OK,MAP_UPDATE,OK,VISUAL_INERTIAL
1021,1761213131330,-285.5454981327057,172.01367020606995,-1.717205042950809,-0.23933635652065277,0.1403217613697052,0.056990329176187515,100,OK,MAP_UPDATE,OK,VISUAL_INERTIAL
1022,1761213131346,-287.6788377761841,172.8363037109375,-6.575986742973328,-0.2424027919769287,0.14306150376796722,0.05657634139060974,100,OK,MAP_UPDATE,OK,VISUAL_INERTIAL
1023,1761213131363,-289.95540738105774,173.51604998111725,-11.523682624101639,-0.24565628170967102,0.14975996315479279,0.055532265454530716,100,OK,MAP_UPDATE,OK,VISUAL_INERTIAL
1024,1761213131380,-291.96831583976746,173.91765117645264,-16.240445896983147,-0.24878232181072235,0.1590474545955658,0.05404805764555931,100,OK,MAP_UPDATE,OK,VISUAL_INERTIAL
1025,1761213131396,-293.1228578090668,174.16924238204956,-20.980456843972206,-0.2519713342189789,0.1684880554676056,0.05246219038963318,100,OK,MAP_UPDATE,OK,VISUAL_INERTIAL
1026,1761213131413,-293.12440752983093,173.95281791687012,-25.90719610452652,-0.2551310360431671,0.17485535144805908,0.051137931644916534,100,OK,MAP_UPDATE,OK,VISUAL_INERTIAL
1027,1761213131430,-292.4201190471649,172.9944497346878,-31.094519421458244,-0.25832194089889526,0.17758888006210327,0.050300754606723785,100,OK,MAP_UPDATE,OK,VISUAL_INERTIAL
1028,1761213131446,-291.95940494537354,171.5194284915924,-36.613814532756805,-0.26183855533599854,0.17816732823848724,0.04970235377550125,100,OK,MAP_UPDATE,OK,VISUAL_INERTIAL
1029,1761213131463,-292.1288311481476,168.9019799232483,-42.394764721393585,-0.26534920930862427,0.17716410756111145,0.04927630349993706,100,OK,MAP_UPDATE,OK,VISUAL_INERTIAL
1030,1761213131480,-292.38080978393555,166.4314866065979,-48.51999878883362,-0.26971152424812317,0.17477856576442719,0.04880518838763237,100,OK,MAP_UPDATE,OK,VISUAL_INERTIAL
1031,1761213131496,-292.4310863018036,163.6565923690796,-54.7826811671257,-0.27436691522598267,0.17068585753440857,0.048332177102565765,100,OK,MAP_UPDATE,OK,VISUAL_INERTIAL
1032,1761213131513,-292.4524247646332,160.72902083396912,-61.251070350408554,-0.27939924597740173,0.1650657057762146,0.047629740089178085,100,OK,MAP_UPDATE,OK,VISUAL_INERTIAL
1033,1761213131530,-292.9561138153076,157.49570727348328,-67.41873919963837,-0.284541517496109,0.16095948219299316,0.04626493528485298,100,OK,MAP_UPDATE,OK,VISUAL_INERTIAL
1034,1761213131546,-294.0213978290558,154.1673094034195,-73.37338477373123,-0.29034900665283203,0.16065692901611328,0.04399123415350914,100,OK,MAP_UPDATE,OK,VISUAL_INERTIAL
1035,1761213131563,-294.5934534072876,151.17527544498444,-80.83442598581314,-0.2974092364311218,0.16350997984409332,0.0412592813372612,100,OK,MAP_UPDATE,OK,VISUAL_INERTIAL
1036,1761213131580,-294.597864151001,147.42128551006317,-87.52622455358505,-0.30437952280044556,0.16589604318141937,0.0385214239358902,100,OK,MAP_UPDATE,OK,VISUAL_INERTIAL
1037,1761213131596,-293.66743564605713,143.3204710483551,-94.2680612206459,-0.311591237783432,0.1659994274377823,0.03601054102182388,100,OK,MAP_UPDATE,OK,VISUAL_INERTIAL
1038,1761213131613,-292.4184799194336,139.08711075782776,-101.34293138980865,-0.31912022829055786,0.1637706458568573,0.03368024155497551,100,OK,MAP_UPDATE,OK,VISUAL_INERTIAL
1039,1761213131630,-291.25016927719116,134.6374750137329,-108.29541832208633,-0.3267296552658081,0.1624900847673416,0.031018884852528572,100,OK,MAP_UPDATE,OK,VISUAL_INERTIAL
1040,1761213131646,-290.61323404312134,129.92869317531586,-115.46049267053604,-0.33444786071777344,0.1629219800233841,0.027891259640455246,100,OK,MAP_UPDATE,OK,VISUAL_INERTIAL
1041,1761213131663,-289.7539436817169,125.27461349964142,-122.74514138698578,-0.34219565987586975,0.16343481838703156,0.02472737431526184,100,OK,MAP_UPDATE,OK,VISUAL_INERTIAL
1042,1761213131680,-288.52230310440063,120.55408209562302,-129.705548286438,-0.34957632422447205,0.16248942911624908,0.02194933034479618,100,OK,MAP_UPDATE,OK,VISUAL_INERTIAL
1043,1761213131696,-286.97800636291504,115.442655980587,-136.6223245859146,-0.3566683828830719,0.16011440753936768,0.019645115360617638,100,OK,MAP_UPDATE,OK,VISUAL_INERTIAL
1044,1761213131713,-285.69939732551575,110.14431715011597,-143.28205585479736,-0.36342811584472656,0.1576046496629715,0.017371710389852524,100,OK,MAP_UPDATE,OK,VISUAL_INERTIAL
1045,1761213131730,-284.9796712398529,104.82755303382874,-149.8548835515976,-0.37013012170791626,0.15695419907569885,0.014701984822750092,100,OK,MAP_UPDATE,OK,VISUAL_INERTIAL
1046,1761213131746,-284.42028164863586,99.1753563284874,-155.9918224811554,-0.37644994258880615,0.15710078179836273,0.012134434655308723,100,OK,MAP_UPDATE,OK,VISUAL_INERTIAL
1047,1761213131763,-283.83365273475647,93.50033849477768,-162.04430162906647,-0.38272371888160706,0.15529584884643555,0.010144886560738087,100,OK,MAP_UPDATE,OK,VISUAL_INERTIAL
1048,1761213131780,-283.42559933662415,88.02223205566406,-167.93234646320343,-0.3889511227607727,0.15404289960861206,0.008209261111915112,100,OK,MAP_UPDATE,OK,VISUAL_INERTIAL
1049,1761213131796,-283.4727168083191,82.64759927988052,-173.52831363677979,-0.3948000967502594,0.15455320477485657,0.006275516003370285,100,OK,MAP_UPDATE,OK,VISUAL_INERTIAL
1050,1761213131813,-283.135861158371,77.02178508043289,-178.64201962947845,-0.39994922280311584,0.15489961206912994,0.004611094947904348,100,OK,MAP_UPDATE,OK,VISUAL_INERTIAL
1051,1761213131830,-282.676100730896,70.91133296489716,-182.98682570457458,-0.40415072441101074,0.15416833758354187,0.0037996696773916483,100,OK,MAP_UPDATE,OK,VISUAL_INERTIAL
1052,1761213131846,-282.2497487068176,65.00384956598282,-187.066912651062,-0.4083788990974426,0.15163137018680573,0.0037732634227722883,100,OK,MAP_UPDATE,OK,VISUAL_INERTIAL
1053,1761213131863,-281.9511890411377,59.27170813083649,-190.9821182489395,-0.41256704926490784,0.14802882075309753,0.0043616765178740025,100,OK,MAP_UPDATE,OK,VISUAL_INERTIAL
1054,1761213131880,-282.1265459060669,53.567368537187576,-194.69662010669708,-0.41636922955513,0.14505255222320557,0.005069264676421881,100,OK,MAP_UPDATE,OK,VISUAL_INERTIAL
1055,1761213131896,-283.0328047275543,48.2049360871315,-198.22463393211365,-0.41994813084602356,0.143382728099823,0.005367768928408623,100,OK,MAP_UPDATE,OK,VISUAL_INERTIAL
1056,1761213131913,-283.94392132759094,42.68376901745796,-201.41065120697021,-0.4231184720993042,0.14264526963233948,0.005654532928019762,100,OK,MAP_UPDATE,OK,VISUAL_INERTIAL
1057,1761213131930,-284.45500135421753,36.84103488922119,-204.262375831604,-0.42611610889434814,0.14201578497886658,0.005998389329761267,100,OK,MAP_UPDATE,OK,VISUAL_INERTIAL
1058,1761213131946,-284.4912111759186,31.104357913136482,-207.0748209953308,-0.429465651512146,0.1395537406206131,0.006685272324830294,100,OK,MAP_UPDATE,OK,VISUAL_INERTIAL
1059,1761213131963,-284.35179591178894,25.067923590540886,-209.72557365894318,-0.4327135980129242,0.1367373913526535,0.007318826392292976,100,OK,MAP_UPDATE,OK,VISUAL_INERTIAL
1060,1761213131980,-284.392386674881,18.948303535580635,-212.32406795024872,-0.4358312785625458,0.1350923329591751,0.007528982125222683,100,OK,MAP_UPDATE,OK,VISUAL_INERTIAL
1061,1761213131996,-284.3116521835327,12.932633981108665,-214.6199643611908,-0.4386919438838959,0.13393397629261017,0.0073213898576796055,100,OK,MAP_UPDATE,OK,VISUAL_INERTIAL
1062,1761213132013,-284.0742766857147,7.027102634310722,-216.81104600429535,-0.44170713424682617,0.13302446901798248,0.007062726654112339,100,OK,MAP_UPDATE,OK,VISUAL_INERTIAL
1063,1761213132030,-283.5868299007416,1.1595783289521933,-218.78790855407715,-0.44471797347068787,0.13193543255329132,0.006834042724221945,100,OK,MAP_UPDATE,OK,VISUAL_INERTIAL
1064,1761213132046,-282.9325497150421,-4.850519355386496,-220.78098356723785,-0.44776269793510437,0.12984120845794678,0.006736212410032749,100,OK,MAP_UPDATE,OK,VISUAL_INERTIAL
1065,1761213132063,-282.2417616844177,-10.623421519994736,-222.55823016166687,-0.4507705569267273,0.12739655375480652,0.006392156705260277,100,OK,MAP_UPDATE,OK,VISUAL_INERTIAL
1066,1761213132080,-281.9632291793823,-16.01398177444935,-224.36444461345673,-0.45386987924575806,0.12603238224983215,0.005233654752373695,100,OK,MAP_UPDATE,OK,VISUAL_INERTIAL
1067,1761213132096,-281.80572390556335,-21.364670246839523,-225.97908973693848,-0.45669642090797424,0.1258225440979004,0.0035941405221819878,100,OK,MAP_UPDATE,OK,VISUAL_INERTIAL
1068,1761213132113,-281.6394567489624,-26.54658816754818,-227.43192315101624,-0.459541916847229,0.1265621930360794,0.0018683274975046515,100,OK,MAP_UPDATE,OK,VISUAL_INERTIAL
1069,1761213132130,-281.18619322776794,-31.572870910167694,-228.6386340856552,-0.4624786674976349,0.12716476619243622,0.0001592894404893741,100,OK,MAP_UPDATE,OK,VISUAL_INERTIAL
1070,1761213132146,-280.2460789680481,-36.50153800845146,-229.61492836475372,-0.4653337001800537,0.12596875429153442,-0.0010999153601005673,100,OK,MAP_UPDATE,OK,VISUAL_INERTIAL
1071,1761213132163,-279.28391098976135,-41.40765219926834,-230.43784499168396,-0.46787819266319275,0.12436015158891678,-0.0027214682195335627,100,OK,MAP_UPDATE,OK,VISUAL_INERTIAL
1072,1761213132180,-278.68402004241943,-46.267904341220856,-231.09892010688782,-0.4700234532356262,0.12372434884309769,-0.005010861437767744,100,OK,MAP_UPDATE,OK,VISUAL_INERTIAL
1073,1761213132196,-277.7777314186096,-51.639918237924576,-231.46845400333405,-0.4713899493217468,0.12366866320371628,-0.007319347932934761,100,OK,MAP_UPDATE,OK,VISUAL_INERTIAL
1074,1761213132213,-276.6630947589874,-57.05586448311806,-231.66035115718842,-0.47262588143348694,0.12265190482139587,-0.009234428405761719,100,OK,MAP_UPDATE,OK,VISUAL_INERTIAL
1075,1761213132230,-275.44358372688293,-62.25310638546944,-231.61838948726654,-0.47358936071395874,0.12139207124710083,-0.010944783687591553,100,OK,MAP_UPDATE,OK,VISUAL_INERTIAL
1076,1761213132246,-274.6611535549164,-67.33515858650208,-231.43349587917328,-0.4743877649307251,0.12074366956949234,-0.012898312881588936,100,OK,MAP_UPDATE,OK,VISUAL_INERTIAL
1077,1761213132263,-274.0689516067505,-72.2380056977272,-231.0553342103958,-0.47491714358329773,0.12089121341705322,-0.015375657007098198,100,OK,MAP_UPDATE,OK,VISUAL_INERTIAL
1078,1761213132280,-273.3978033065796,-76.82441174983978,-230.4043024778366,-0.47535252571105957,0.12142886966466904,-0.01831275224685669,100,OK,MAP_UPDATE,OK,VISUAL_INERTIAL
1079,1761213132296,-272.597074508667,-81.07593655586243,-229.43437099456787,-0.47563305497169495,0.12216541916131973,-0.021507462486624718,100,OK,MAP_UPDATE,OK,VISUAL_INERTIAL
1080,1761213132313,-271.8377709388733,-85.02155542373657,-228.26524078845978,-0.47590765357017517,0.12311319261789322,-0.024349523708224297,100,OK,MAP_UPDATE,OK,VISUAL_INERTIAL
1081,1761213132330,-270.9009051322937,-88.84851634502411,-226.87214612960815,-0.4758724272251129,0.12381188571453094,-0.02655879594385624,100,OK,MAP_UPDATE,OK,VISUAL_INERTIAL
1082,1761213132346,-269.8884308338165,-92.55433827638626,-225.2662628889084,-0.47553160786628723,0.1236291155219078,-0.02823133021593094,100,OK,MAP_UPDATE,OK,VISUAL_INERTIAL
1083,1761213132363,-268.8295543193817,-96.21521830558777,-223.37360680103302,-0.4749051034450531,0.12301742285490036,-0.029781099408864975,100,OK,MAP_UPDATE,OK,VISUAL_INERTIAL
1084,1761213132380,-268.06485652923584,-99.79701042175293,-221.26221656799316,-0.4739941358566284,0.12279332429170609,-0.031701136380434036,100,OK,MAP_UPDATE,OK,VISUAL_INERTIAL
1085,1761213132396,-267.5358057022095,-103.12493145465851,-218.9081907272339,-0.47301992774009705,0.12306332588195801,-0.03372785449028015,100,OK,MAP_UPDATE,OK,VISUAL_INERTIAL
1086,1761213132413,-267.1826481819153,-106.41255229711533,-216.25478565692902,-0.47187379002571106,0.1232680007815361,-0.03538598120212555,100,OK,MAP_UPDATE,OK,VISUAL_INERTIAL
1087,1761213132430,-266.6911780834198,-109.51024293899536,-213.31478655338287,-0.4706849753856659,0.12264279276132584,-0.036388278007507324,100,OK,MAP_UPDATE,OK,VISUAL_INERTIAL
1088,1761213132446,-266.05385541915894,-112.43144422769547,-210.20163595676422,-0.469382107257843,0.12091092020273209,-0.0370030403137207,100,OK,MAP_UPDATE,OK,VISUAL_INERTIAL
1089,1761213132463,-265.4228210449219,-115.29287695884705,-206.94226026535034,-0.4679715633392334,0.11889173090457916,-0.037758901715278625,100,OK,MAP_UPDATE,OK,VISUAL_INERTIAL
1090,1761213132480,-265.1677429676056,-118.10087412595749,-203.52444052696228,-0.4664054214954376,0.11779207736253738,-0.03912961483001709,100,OK,MAP_UPDATE,OK,VISUAL_INERTIAL
1091,1761213132496,-265.13585448265076,-120.87756395339966,-199.92849230766296,-0.464725136756897,0.11806999146938324,-0.04080257937312126,100,OK,MAP_UPDATE,OK,VISUAL_INERTIAL
1092,1761213132513,-264.97092843055725,-123.32849204540253,-195.9088146686554,-0.46320274472236633,0.11905638128519058,-0.0425163172185421,100,OK,MAP_UPDATE,OK,VISUAL_INERTIAL
1093,1761213132530,-264.54612612724304,-125.5895346403122,-191.79394841194153,-0.46182137727737427,0.11876245588064194,-0.043516237288713455,100,OK,MAP_UPDATE,OK,VISUAL_INERTIAL
1094,1761213132546,-263.60902190208435,-128.36016714572906,-187.35212087631226,-0.4598850607872009,0.11693044751882553,-0.04370846971869469,100,OK,MAP_UPDATE,OK,VISUAL_INERTIAL
1095,1761213132563,-262.95071840286255,-131.05471432209015,-182.84329771995544,-0.45782670378685,0.11508481949567795,-0.044218339025974274,100,OK,MAP_UPDATE,OK,VISUAL_INERTIAL
1096,1761213132580,-262.5586688518524,-133.63181054592133,-178.22399735450745,-0.4556151032447815,0.11372684687376022,-0.04498841241002083,100,OK,MAP_UPDATE,OK,VISUAL_INERTIAL
1097,1761213132596,-262.31399178504944,-136.32988929748535,-173.40655624866486,-0.45304006338119507,0.11265251040458679,-0.045407604426145554,100,OK,MAP_UPDATE,OK,VISUAL_INERTIAL
1098,1761213132613,-262.37818598747253,-138.6634260416031,-168.40624809265137,-0.45041927695274353,0.1123037338256836,-0.04554362595081329,100,OK,MAP_UPDATE,OK,VISUAL_INERTIAL
1099,1761213132630,-262.69978284835815,-140.7218873500824,-163.20902109146118,-0.4478524327278137,0.11255364865064621,-0.045330267399549484,100,OK,MAP_UPDATE,OK,VISUAL_INERTIAL
1100,1761213132646,-263.0550265312195,-142.68091320991516,-157.89632499217987,-0.44545331597328186,0.11278648674488068,-0.04495600610971451,100,OK,MAP_UPDATE,OK,VISUAL_INERTIAL
1101,1761213132663,-263.15534114837646,-144.4210559129715,-152.51709520816803,-0.4432384669780731,0.11178193241357803,-0.04448467493057251,100,OK,MAP_UPDATE,OK,VISUAL_INERTIAL
1102,1761213132680,-263.68796825408936,-145.83510160446167,-147.17434346675873,-0.4410463571548462,0.11167920380830765,-0.044600728899240494,100,OK,MAP_UPDATE,OK,VISUAL_INERTIAL
1103,1761213132696,-264.55873250961304,-147.03936874866486,-141.71770215034485,-0.4384686350822449,0.11299123615026474,-0.044891659170389175,100,OK,MAP_UPDATE,OK,VISUAL_INERTIAL
1104,1761213132713,-265.25822281837463,-147.86720275878906,-136.00730895996094,-0.43570998311042786,0.1146356537938118,-0.044817715883255005,100,OK,MAP_UPDATE,OK,VISUAL_INERTIAL
1105,1761213132730,-265.9662663936615,-148.57633411884308,-130.14143705368042,-0.43300098180770874,0.11679784953594208,-0.04446271061897278,100,OK,MAP_UPDATE,OK,VISUAL_INERTIAL
1106,1761213132746,-266.8056786060333,-149.2738127708435,-124.21626597642899,-0.43066003918647766,0.11923513561487198,-0.044037431478500366,100,OK,MAP_UPDATE,OK,VISUAL_INERTIAL
1107,1761213132763,-267.27062463760376,-149.8444825410843,-118.18176507949829,-0.4286858141422272,0.12028951197862625,-0.04320564866065979,100,OK,MAP_UPDATE,OK,VISUAL_INERTIAL
1108,1761213132780,-267.5436735153198,-150.27152001857758,-112.22712695598602,-0.42663997411727905,0.12003441900014877,-0.042363591492176056,100,OK,MAP_UPDATE,OK,VISUAL_INERTIAL
1109,1761213132796,-268.2752013206482,-150.34307539463043,-106.30746185779572,-0.42443257570266724,0.12079443782567978,-0.04185246303677559,100,OK,MAP_UPDATE,OK,VISUAL_INERTIAL
1110,1761213132813,-269.67543363571167,-150.22942423820496,-100.38711875677109,-0.421852707862854,0.12433483451604843,-0.04182728752493858,100,OK,MAP_UPDATE,OK,VISUAL_INERTIAL
1111,1761213132830,-270.8723247051239,-150.12681484222412,-94.37330812215805,-0.4192202389240265,0.12884332239627838,-0.04150213301181793,100,OK,MAP_UPDATE,OK,VISUAL_INERTIAL
1112,1761213132846,-270.7102298736572,-150.3896266222,-88.03994953632355,-0.4164432883262634,0.1301264613866806,-0.03980467468500137,100,OK,MAP_UPDATE,OK,VISUAL_INERTIAL
1113,1761213132863,-270.374596118927,-150.51840245723724,-81.78802579641342,-0.4138247072696686,0.12882740795612335,-0.037725768983364105,100,OK,MAP_UPDATE,OK,VISUAL_INERTIAL
1114,1761213132880,-270.95216512680054,-150.40631592273712,-75.96451044082642,-0.4112832546234131,0.1286056637763977,-0.03624936565756798,100,OK,MAP_UPDATE,OK,VISUAL_INERTIAL
1115,1761213132896,-272.1901834011078,-149.93298053741455,-70.43161243200302,-0.40879833698272705,0.1299418807029724,-0.0351385660469532,100,OK,MAP_UPDATE,OK,VISUAL_INERTIAL
1116,1761213132913,-273.47517013549805,-149.18756484985352,-64.96932357549667,-0.406461626291275,0.13176581263542175,-0.03378985822200775,100,OK,MAP_UPDATE,OK,VISUAL_INERTIAL
1117,1761213132930,-274.25238490104675,-148.31042289733887,-59.54120308160782,-0.40430814027786255,0.13186205923557281,-0.03163810074329376,100,OK,MAP_UPDATE,OK,VISUAL_INERTIAL
1118,1761213132946,-274.8585343360901,-147.33083546161652,-54.14946749806404,-0.40230026841163635,0.1303836852312088,-0.0290208887308836,100,OK,MAP_UPDATE,OK,VISUAL_INERTIAL
1119,1761213132963,-275.69618821144104,-146.23205363750458,-48.83145913481712,-0.40025895833969116,0.12873747944831848,-0.026471273973584175,100,OK,MAP_UPDATE,OK,VISUAL_INERTIAL
1120,1761213132980,-276.9155204296112,-145.08484303951263,-43.82471740245819,-0.39801278710365295,0.12720200419425964,-0.024045245721936226,100,OK,MAP_UPDATE,OK,VISUAL_INERTIAL
1121,1761213132996,-278.4987986087799,-143.82962882518768,-38.86832296848297,-0.39557501673698425,0.12675181031227112,-0.021867530420422554,100,OK,MAP_UPDATE,OK,VISUAL_INERTIAL
1122,1761213133013,-280.46560287475586,-142.59153604507446,-33.99895131587982,-0.39324039220809937,0.12878377735614777,-0.02014932967722416,100,OK,MAP_UPDATE,OK,VISUAL_INERTIAL
1123,1761213133030,-282.47833251953125,-141.33766293525696,-29.152465984225273,-0.39120250940322876,0.1332055777311325,-0.018890883773565292,100,OK,MAP_UPDATE,OK,VISUAL_INERTIAL
1124,1761213133046,-283.64044427871704,-139.92196321487427,-24.195251986384392,-0.38936442136764526,0.13650694489479065,-0.017427029088139534,100,OK,MAP_UPDATE,OK,VISUAL_INERTIAL
1125,1761213133063,-283.70386362075806,-138.54001462459564,-19.13430355489254,-0.3873997926712036,0.137163907289505,-0.015483585186302662,100,OK,MAP_UPDATE,OK,VISUAL_INERTIAL
1126,1761213133080,-283.9602828025818,-137.0849758386612,-14.325992204248905,-0.38539621233940125,0.13719384372234344,-0.013909618370234966,100,OK,MAP_UPDATE,OK,VISUAL_INERTIAL
1127,1761213133096,-284.72834825515747,-135.60687005519867,-9.71548818051815,-0.3833213448524475,0.13884682953357697,-0.012966903857886791,100,OK,MAP_UPDATE,OK,VISUAL_INERTIAL
1128,1761213133113,-286.04692220687866,-134.13341343402863,-5.374629981815815,-0.38127997517585754,0.143270343542099,-0.012658474035561085,100,OK,MAP_UPDATE,OK,VISUAL_INERTIAL
1129,1761213133130,-286.4817678928375,-132.3799341917038,-0.5998153937980533,-0.37929052114486694,0.15062524378299713,-0.013088434003293514,100,OK,MAP_UPDATE,OK,VISUAL_INERTIAL
1130,1761213133146,-287.11432218551636,-130.62134385108948,3.7847356870770454,-0.3770584762096405,0.15653157234191895,-0.013290547765791416,100,OK,MAP_UPDATE,OK,VISUAL_INERTIAL
1131,1761213133163,-287.0239317417145,-128.61143052577972,8.158723823726177,-0.37468060851097107,0.16047430038452148,-0.013384547084569931,100,OK,MAP_UPDATE,OK,VISUAL_INERTIAL
1132,1761213133180,-286.59090399742126,-126.54703855514526,12.43206113576889,-0.37211325764656067,0.1631222665309906,-0.013498767279088497,100,OK,MAP_UPDATE,OK,VISUAL_INERTIAL
1133,1761213133196,-286.03672981262207,-124.74536895751953,16.51046797633171,-0.36922627687454224,0.1664738655090332,-0.013921385630965233,100,OK,MAP_UPDATE,OK,VISUAL_INERTIAL
1134,1761213133213,-285.8946919441223,-122.52822518348694,20.391933619976044,-0.3667030930519104,0.1716131567955017,-0.01489657536149025,100,OK,MAP_UPDATE,OK,VISUAL_INERTIAL
1135,1761213133230,-285.88008880615234,-120.14742940664291,24.261880666017532,-0.3643612563610077,0.17907939851284027,-0.016298172995448112,100,OK,MAP_UPDATE,OK,VISUAL_INERTIAL
1136,1761213133246,-285.8208417892456,-117.60955303907394,28.00707146525383,-0.3621506989002228,0.18838997185230255,-0.018112679943442345,100,OK,MAP_UPDATE,OK,VISUAL_INERTIAL
1137,1761213133263,-285.13336181640625,-114.73660916090012,31.730201095342636,-0.36011257767677307,0.1967487633228302,-0.019801167771220207,100,OK,MAP_UPDATE,OK,VISUAL_INERTIAL
1138,1761213133280,-283.4312915802002,-111.75763607025146,35.432495176792145,-0.3579999506473541,0.20167843997478485,-0.020689234137535095,100,OK,MAP_UPDATE,OK,VISUAL_INERTIAL
1139,1761213133296,-281.3297212123871,-108.71123522520065,38.890037685632706,-0.3556545078754425,0.203485906124115,-0.02112448401749134,100,OK,MAP_UPDATE,OK,VISUAL_INERTIAL
1140,1761213133313,-279.39432859420776,-105.56139051914215,42.13009402155876,-0.3529071807861328,0.20404863357543945,-0.021550528705120087,100,OK,MAP_UPDATE,OK,VISUAL_INERTIAL
1141,1761213133330,-278.14364433288574,-102.30608284473419,45.09986191987991,-0.3497830033302307,0.2056548297405243,-0.022357985377311707,100,OK,MAP_UPDATE,OK,VISUAL_INERTIAL
1142,1761213133346,-277.31016278266907,-98.67767244577408,48.01980406045914,-0.34642294049263,0.20856915414333344,-0.023554224520921707,100,OK,MAP_UPDATE,OK,VISUAL_INERTIAL
1143,1761213133363,-276.2441039085388,-94.89096701145172,51.0716587305069,-0.3428405225276947,0.21098244190216064,-0.024552445858716965,100,OK,MAP_UPDATE,OK,VISUAL_INERTIAL
1144,1761213133380,-274.56265687942505,-91.04829281568527,54.28344011306763,-0.3389274477958679,0.21135185658931732,-0.0250410083681345,100,OK,MAP_UPDATE,OK,VISUAL_INERTIAL
1145,1761213133396,-272.612988948822,-87.1908962726593,57.489197701215744,-0.33465903997421265,0.20999321341514587,-0.025190841406583786,100,OK,MAP_UPDATE,OK,VISUAL_INERTIAL
1146,1761213133413,-270.83536982536316,-83.12032371759415,60.6057308614254,-0.3300100266933441,0.2083555907011032,-0.025515388697385788,100,OK,MAP_UPDATE,OK,VISUAL_INERTIAL
1147,1761213133430,-269.37052607536316,-79.37547564506531,63.81061673164368,-0.3246833086013794,0.20803381502628326,-0.026057584211230278,100,OK,MAP_UPDATE,OK,VISUAL_INERTIAL
1148,1761213133446,-267.7340507507324,-75.56124031543732,66.85017794370651,-0.3190147280693054,0.20789219439029694,-0.02654041163623333,100,OK,MAP_UPDATE,OK,VISUAL_INERTIAL
1149,1761213133463,-265.71768522262573,-71.57409191131592,69.95004415512085,-0.3132669925689697,0.20599797368049622,-0.02676806040108204,100,OK,MAP_UPDATE,OK,VISUAL_INERTIAL
1150,1761213133480,-263.5650634765625,-67.68333166837692,73.08317720890045,-0.3076372742652893,0.20299305021762848,-0.026751425117254257,100,OK,MAP_UPDATE,OK,VISUAL_INERTIAL
1151,1761213133496,-261.53409481048584,-64.50488418340683,76.40941441059113,-0.3017407953739166,0.20108233392238617,-0.026406116783618927,100,OK,MAP_UPDATE,OK,VISUAL_INERTIAL
1152,1761213133513,-260.04812121391296,-61.09066680073738,79.77626472711563,-0.2961318790912628,0.2006828337907791,-0.0263359472155571,100,OK,MAP_UPDATE,OK,VISUAL_INERTIAL
1153,1761213133530,-258.52692127227783,-57.51020833849907,83.15639197826385,-0.29061150550842285,0.2020096480846405,-0.02647566609084606,100,OK,MAP_UPDATE,OK,VISUAL_INERTIAL
1154,1761213133546,-256.757915019989,-53.921859711408615,86.32185310125351,-0.2852247655391693,0.202571839094162,-0.02650696411728859,100,OK,MAP_UPDATE,OK,VISUAL_INERTIAL
1155,1761213133563,-254.42293286323547,-50.23283511400223,89.38220888376236,-0.27990594506263733,0.20043310523033142,-0.02631288953125477,100,OK,MAP_UPDATE,OK,VISUAL_INERTIAL
1156,1761213133580,-251.88854336738586,-46.59084975719452,92.28871762752533,-0.2748177647590637,0.19696958363056183,-0.026090918108820915,100,OK,MAP_UPDATE,OK,VISUAL_INERTIAL
1157,1761213133596,-249.93453919887543,-42.94862225651741,95.15727311372757,-0.26995474100112915,0.1944720447063446,-0.025976650416851044,100,OK,MAP_UPDATE,OK,VISUAL_INERTIAL
1158,1761213133613,-248.4249472618103,-39.25773128867149,97.98982739448547,-0.2652195990085602,0.19404743611812592,-0.025958793237805367,100,OK,MAP_UPDATE,OK,VISUAL_INERTIAL
1159,1761213133630,-246.94958329200745,-35.36943718791008,100.76367855072021,-0.26060739159584045,0.19433586299419403,-0.02585330419242382,100,OK,MAP_UPDATE,OK,VISUAL_INERTIAL
1160,1761213133646,-245.11028826236725,-31.45211935043335,103.40949892997742,-0.2558954656124115,0.19290953874588013,-0.025205889716744423,100,OK,MAP_UPDATE,OK,VISUAL_INERTIAL
1161,1761213133663,-243.0977076292038,-27.405373752117157,105.98762333393097,-0.25119781494140625,0.18941658735275269,-0.024271024391055107,100,OK,MAP_UPDATE,OK,VISUAL_INERTIAL
1162,1761213133680,-241.11686646938324,-23.563096299767494,108.2865446805954,-0.24663874506950378,0.18555226922035217,-0.02302982658147812,100,OK,MAP_UPDATE,OK,VISUAL_INERTIAL
1163,1761213133696,-239.61962759494781,-19.83216218650341,110.51499098539352,-0.2423655241727829,0.18283328413963318,-0.021579254418611526,100,OK,MAP_UPDATE,OK,VISUAL_INERTIAL
1164,1761213133713,-238.75385522842407,-15.939828008413315,112.67712712287903,-0.23839591443538666,0.18214140832424164,-0.020123502239584923,100,OK,MAP_UPDATE,OK,VISUAL_INERTIAL
1165,1761213133729,-237.97254264354706,-12.612741440534592,114.69783633947372,-0.23415876924991608,0.18213249742984772,-0.018445421010255814,100,OK,MAP_UPDATE,OK,VISUAL_INERTIAL
1166,1761213133746,-236.65636777877808,-9.155889973044395,116.61352962255478,-0.22999714314937592,0.18027155101299286,-0.01639357954263687,100,OK,MAP_UPDATE,OK,VISUAL_INERTIAL
1167,1761213133763,-235.1275086402893,-5.581676494330168,118.37826669216156,-0.22595228254795074,0.17687365412712097,-0.014310832135379314,100,OK,MAP_UPDATE,OK,VISUAL_INERTIAL
1168,1761213133779,-233.8322401046753,-1.946629025042057,120.0074851512909,-0.2219546139240265,0.17348599433898926,-0.012263726443052292,100,OK,MAP_UPDATE,OK,VISUAL_INERTIAL
1169,1761213133796,-232.91075229644775,1.9043941283598542,121.55374139547348,-0.21815656125545502,0.1715897023677826,-0.010308381170034409,100,OK,MAP_UPDATE,OK,VISUAL_INERTIAL
1170,1761213133813,-231.92468285560608,5.87672321125865,122.92321026325226,-0.2145056128501892,0.16996358335018158,-0.008097044192254543,100,OK,MAP_UPDATE,OK,VISUAL_INERTIAL
1171,1761213133829,-230.43884336948395,10.142799466848373,123.95140528678894,-0.2110687792301178,0.166324645280838,-0.005442104768007994,100,OK,MAP_UPDATE,OK,VISUAL_INERTIAL
1172,1761213133846,-229.2138785123825,14.463052153587341,124.68338757753372,-0.20767490565776825,0.16131989657878876,-0.002732660621404648,100,OK,MAP_UPDATE,OK,VISUAL_INERTIAL
1173,1761213133863,-228.08310389518738,18.545199185609818,125.36559998989105,-0.20419436693191528,0.15822699666023254,-0.0004694818635471165,100,OK,MAP_UPDATE,OK,VISUAL_INERTIAL
1174,1761213133879,-227.40520536899567,22.564737126231194,125.99928677082062,-0.20092271268367767,0.15787912905216217,0.0013218683889135718,100,OK,MAP_UPDATE,OK,VISUAL_INERTIAL
1175,1761213133896,-226.53575241565704,26.520466431975365,126.48056447505951,-0.1979701817035675,0.15848053991794586,0.002834149170666933,100,OK,MAP_UPDATE,OK,VISUAL_INERTIAL
1176,1761213133913,-224.99530017375946,30.2487313747406,126.6612708568573,-0.19534391164779663,0.1571400910615921,0.004303860478103161,100,OK,MAP_UPDATE,OK,VISUAL_INERTIAL
1177,1761213133930,-222.8623926639557,33.695995807647705,126.63151323795319,-0.19284048676490784,0.15333381295204163,0.005683806259185076,100,OK,MAP_UPDATE,OK,VISUAL_INERTIAL
1178,1761213133946,-221.04915976524353,37.405211478471756,126.58669054508209,-0.19061291217803955,0.14967487752437592,0.0064385272562503815,100,OK,MAP_UPDATE,OK,VISUAL_INERTIAL
1179,1761213133963,-219.9760377407074,41.42002761363983,126.54486298561096,-0.18838359415531158,0.14944197237491608,0.006448058411478996,100,OK,MAP_UPDATE,OK,VISUAL_INERTIAL
1180,1761213133979,-219.15335953235626,45.73049768805504,126.45977735519409,-0.18579994142055511,0.1536640077829361,0.005960860755294561,100,OK,MAP_UPDATE,OK,VISUAL_INERTIAL
1181,1761213133996,-217.3658162355423,49.99466612935066,126.47973001003265,-0.18266062438488007,0.15689408779144287,0.005664619151502848,100,OK,MAP_UPDATE,OK,VISUAL_INERTIAL
1182,1761213134014,-213.85812759399414,54.32620272040367,126.18820369243622,-0.1793726533651352,0.1531551033258438,0.005964341107755899,100,OK,MAP_UPDATE,OK,VISUAL_INERTIAL
1183,1761213134030,-210.20764112472534,57.76015296578407,125.88664889335632,-0.17605015635490417,0.145548015832901,0.006239940412342548,100,OK,MAP_UPDATE,OK,VISUAL_INERTIAL
1184,1761213134046,-207.54484832286835,61.038803309202194,125.54237246513367,-0.1727471798658371,0.14103569090366364,0.005662050563842058,100,OK,MAP_UPDATE,OK,VISUAL_INERTIAL
1185,1761213134063,-205.67587018013,63.54539841413498,125.14187395572662,-0.16929025948047638,0.14333617687225342,0.004007006995379925,100,OK,MAP_UPDATE,OK,VISUAL_INERTIAL
1186,1761213134080,-204.26534116268158,66.73317402601242,125.28014183044434,-0.1662217676639557,0.14751912653446198,0.0021565828938037157,100,OK,MAP_UPDATE,OK,VISUAL_INERTIAL
1187,1761213134096,-201.62485539913177,70.04446536302567,125.40420889854431,-0.16291216015815735,0.14910294115543365,0.0005400150548666716,100,OK,MAP_UPDATE,OK,VISUAL_INERTIAL
1188,1761213134113,-197.9837566614151,73.25424253940582,125.47516822814941,-0.15929345786571503,0.14658620953559875,-0.0008233470725826919,100,OK,MAP_UPDATE,OK,VISUAL_INERTIAL
1189,1761213134130,-194.08920407295227,76.23206824064255,125.25027990341187,-0.15555532276630402,0.1424480825662613,-0.002371083712205291,100,OK,MAP_UPDATE,OK,VISUAL_INERTIAL
1190,1761213134146,-190.65620005130768,79.1161060333252,125.04372000694275,-0.15195250511169434,0.13940829038619995,-0.004395214840769768,100,OK,MAP_UPDATE,OK,VISUAL_INERTIAL
1191,1761213134163,-187.7807229757309,81.93130046129227,124.91698563098907,-0.1484990119934082,0.13862484693527222,-0.006764712277799845,100,OK,MAP_UPDATE,OK,VISUAL_INERTIAL
1192,1761213134180,-184.8476231098175,84.72051471471786,124.89629536867142,-0.14496827125549316,0.13934503495693207,-0.009182513691484928,100,OK,MAP_UPDATE,OK,VISUAL_INERTIAL
1193,1761213134196,-181.8493753671646,87.35176175832748,124.93608891963959,-0.14144183695316315,0.13963519036769867,-0.011283902451395988,100,OK,MAP_UPDATE,OK,VISUAL_INERTIAL
1194,1761213134213,-178.16062271595,89.90626037120819,124.90127235651016,-0.13753542304039001,0.13758189976215363,-0.013149476610124111,100,OK,MAP_UPDATE,OK,VISUAL_INERTIAL
1195,1761213134230,-174.19162392616272,92.17482805252075,124.91123378276825,-0.1334514170885086,0.13342416286468506,-0.014810320921242237,100,OK,MAP_UPDATE,OK,VISUAL_INERTIAL
1196,1761213134246,-170.6283986568451,94.28460150957108,124.92585927248001,-0.12928783893585205,0.12929300963878632,-0.016451094299554825,100,OK,MAP_UPDATE,OK,VISUAL_INERTIAL
1197,1761213134263,-167.58514940738678,96.3498055934906,125.00908970832825,-0.1252337545156479,0.12690357863903046,-0.017965400591492653,100,OK,MAP_UPDATE,OK,VISUAL_INERTIAL
1198,1761213134279,-164.47864472866058,98.38578850030899,125.23578107357025,-0.12131401151418686,0.12570491433143616,-0.019394850358366966,100,OK,MAP_UPDATE,OK,VISUAL_INERTIAL
1199,1761213134297,-161.09538078308105,100.31883418560028,125.47093629837036,-0.11755507439374924,0.12355735898017883,-0.020502202212810516,100,OK,MAP_UPDATE,OK,VISUAL_INERTIAL
1200,1761213134313,-157.565176486969,101.81846469640732,125.79305469989777,-0.11389478296041489,0.12007682770490646,-0.021322699263691902,100,OK,MAP_UPDATE,OK,VISUAL_INERTIAL
1201,1761213134330,-153.97386252880096,103.4093126654625,126.18924677371979,-0.11033619195222855,0.11713691055774689,-0.022190915420651436,100,OK,MAP_UPDATE,OK,VISUAL_INERTIAL
1202,1761213134346,-150.90075135231018,105.19800335168839,126.62842869758606,-0.10713378340005875,0.11612982302904129,-0.023126984015107155,100,OK,MAP_UPDATE,OK,VISUAL_INERTIAL
1203,1761213134363,-147.7932184934616,106.74048960208893,127.29811668395996,-0.10367652773857117,0.1158120408654213,-0.023859793320298195,100,OK,MAP_UPDATE,OK,VISUAL_INERTIAL
1204,1761213134380,-144.0182775259018,107.99966007471085,127.86722183227539,-0.09990675002336502,0.11319245398044586,-0.024308467283844948,100,OK,MAP_UPDATE,OK,VISUAL_INERTIAL
1205,1761213134396,-139.6024078130722,109.32205617427826,128.43407690525055,-0.09624768793582916,0.10797519981861115,-0.02466287463903427,100,OK,MAP_UPDATE,OK,VISUAL_INERTIAL
1206,1761213134413,-135.77024638652802,110.32824218273163,129.133939743042,-0.09207326173782349,0.10326368361711502,-0.025187933817505836,100,OK,MAP_UPDATE,OK,VISUAL_INERTIAL
1207,1761213134431,-135.77024638652802,110.32824218273163,129.133939743042,-0.09207326173782349,0.10326368361711502,-0.025187933817505836,100,OK,MAP_UPDATE,OK,VISUAL_INERTIAL
1208,1761213134446,-130.02806901931763,112.21496015787125,131.15555047988892,-0.08348798751831055,0.10445284098386765,-0.02661258727312088,100,OK,MAP_UPDATE,OK,VISUAL_INERTIAL
1209,1761213134463,-126.95236504077911,112.71486431360245,132.26045668125153,-0.079156294465065,0.1050310954451561,-0.027045074850320816,100,OK,MAP_UPDATE,OK,VISUAL_INERTIAL
1210,1761213134480,-123.3978122472763,113.28571289777756,133.22119414806366,-0.07516833394765854,0.10286500304937363,-0.027061810716986656,100,OK,MAP_UPDATE,OK,VISUAL_INERTIAL
1211,1761213134496,-119.77887153625488,113.83412778377533,134.11551713943481,-0.07142823934555054,0.09847589582204819,-0.026741186156868935,100,OK,MAP_UPDATE,OK,VISUAL_INERTIAL
1212,1761213134513,-116.38610810041428,114.42755907773972,134.87321138381958,-0.06778065115213394,0.09411273151636124,-0.02627403475344181,100,OK,MAP_UPDATE,OK,VISUAL_INERTIAL
1213,1761213134530,-113.70481550693512,114.98238891363144,135.59597730636597,-0.06429877877235413,0.0910877138376236,-0.025749357417225838,100,OK,MAP_UPDATE,OK,VISUAL_INERTIAL
1214,1761213134547,-111.31622642278671,115.64985662698746,136.21629774570465,-0.061364490538835526,0.08963712304830551,-0.02510080859065056,100,OK,MAP_UPDATE,OK,VISUAL_INERTIAL
1215,1761213134563,-108.91943424940109,116.58754199743271,136.7816925048828,-0.05904487147927284,0.08781105279922485,-0.024282600730657578,100,OK,MAP_UPDATE,OK,VISUAL_INERTIAL
1216,1761213134579,-106.26837611198425,117.233507335186,137.19767332077026,-0.05671948567032814,0.08408699184656143,-0.023313825950026512,100,OK,MAP_UPDATE,OK,VISUAL_INERTIAL
1217,1761213134596,-103.76252233982086,118.14794689416885,137.48669624328613,-0.054669007658958435,0.07968000322580338,-0.022524848580360413,100,OK,MAP_UPDATE,OK,VISUAL_INERTIAL
1218,1761213134613,-101.37185454368591,119.19662356376648,137.70392537117004,-0.05274137854576111,0.07658606767654419,-0.022006267681717873,100,OK,MAP_UPDATE,OK,VISUAL_INERTIAL
1219,1761213134630,-99.20677542686462,120.09472399950027,137.84703612327576,-0.050874583423137665,0.07505650073289871,-0.021549364551901817,100,OK,MAP_UPDATE,OK,VISUAL_INERTIAL
1220,1761213134646,-96.94376587867737,120.98541855812073,137.9830837249756,-0.04909456893801689,0.0741104856133461,-0.021123424172401428,100,OK,MAP_UPDATE,OK,VISUAL_INERTIAL
1221,1761213134663,-94.1128134727478,121.70100212097168,138.2453292608261,-0.04717888683080673,0.07196176797151566,-0.020644599571824074,100,OK,MAP_UPDATE,OK,VISUAL_INERTIAL
1222,1761213134679,-90.95838665962219,122.70502746105194,138.5032683610916,-0.04519933462142944,0.0681399405002594,-0.020422235131263733,100,OK,MAP_UPDATE,OK,VISUAL_INERTIAL
1223,1761213134696,-88.3161798119545,123.40029329061508,138.6258900165558,-0.042858220636844635,0.06468170881271362,-0.020307643339037895,100,OK,MAP_UPDATE,OK,VISUAL_INERTIAL
1224,1761213134713,-86.17092669010162,124.07835572957993,138.80860805511475,-0.04051704332232475,0.06373655050992966,-0.020395347848534584,100,OK,MAP_UPDATE,OK,VISUAL_INERTIAL
1225,1761213134729,-84.33593809604645,124.76133555173874,139.15127515792847,-0.038311272859573364,0.06550496071577072,-0.020479930564761162,100,OK,MAP_UPDATE,OK,VISUAL_INERTIAL
1226,1761213134746,-82.15726166963577,125.54380297660828,139.50887322425842,-0.03634288161993027,0.06775666028261185,-0.020381871610879898,100,OK,MAP_UPDATE,OK,VISUAL_INERTIAL
1227,1761213134763,-79.22790944576263,126.27238035202026,139.9269700050354,-0.03437390178442001,0.06712022423744202,-0.02005164511501789,100,OK,MAP_UPDATE,OK,VISUAL_INERTIAL
1228,1761213134779,-75.94532519578934,127.14923918247223,140.3830498456955,-0.032353851944208145,0.06466357409954071,-0.019747279584407806,100,OK,MAP_UPDATE,OK,VISUAL_INERTIAL
1229,1761213134796,-73.09072464704514,128.10684740543365,140.94318449497223,-0.030075397342443466,0.0635916218161583,-0.01957964524626732,100,OK,MAP_UPDATE,OK,VISUAL_INERTIAL
1230,1761213134813,-70.94287872314453,128.93614172935486,141.51307940483093,-0.027630172669887543,0.06424842029809952,-0.01948481611907482,100,OK,MAP_UPDATE,OK,VISUAL_INERTIAL
1231,1761213134830,-68.66805255413055,129.69665229320526,142.1137899160385,-0.025257699191570282,0.06510031968355179,-0.01929745078086853,100,OK,MAP_UPDATE,OK,VISUAL_INERTIAL
1232,1761213134846,-66.06002151966095,130.33334910869598,142.73622632026672,-0.022947976365685463,0.06484588235616684,-0.018907951191067696,100,OK,MAP_UPDATE,OK,VISUAL_INERTIAL
1233,1761213134863,-63.49661201238632,131.00560009479523,143.4755027294159,-0.020637208595871925,0.06457838416099548,-0.018364399671554565,100,OK,MAP_UPDATE,OK,VISUAL_INERTIAL
1234,1761213134879,-61.18008494377136,131.5215528011322,144.26608383655548,-0.018149640411138535,0.0657554641366005,-0.017708703875541687,100,OK,MAP_UPDATE,OK,VISUAL_INERTIAL
1235,1761213134896,-58.88907611370087,131.96539878845215,145.1593041419983,-0.01573062501847744,0.0677892416715622,-0.01700393483042717,100,OK,MAP_UPDATE,OK,VISUAL_INERTIAL
1236,1761213134913,-56.23069405555725,132.3968768119812,145.95994353294373,-0.013582498766481876,0.06899426877498627,-0.016395945101976395,100,OK,MAP_UPDATE,OK,VISUAL_INERTIAL
1237,1761213134929,-53.29018458724022,132.94988870620728,146.76107466220856,-0.011866896413266659,0.06892161816358566,-0.015930047258734703,100,OK,MAP_UPDATE,OK,VISUAL_INERTIAL
1238,1761213134946,-50.35078525543213,133.42243432998657,147.4759876728058,-0.010412645526230335,0.06906148046255112,-0.01568523608148098,100,OK,MAP_UPDATE,OK,VISUAL_INERTIAL
1239,1761213134963,-47.978173941373825,133.86575877666473,148.23107421398163,-0.009119649417698383,0.07100921869277954,-0.015627246350049973,100,OK,MAP_UPDATE,OK,VISUAL_INERTIAL
1240,1761213134979,-45.56364193558693,134.25713777542114,148.97549152374268,-0.007875143550336361,0.07358390092849731,-0.015501732937991619,100,OK,MAP_UPDATE,OK,VISUAL_INERTIAL
1241,1761213134996,-42.586177587509155,134.64751839637756,149.71797168254852,-0.006620129104703665,0.07438530772924423,-0.015277879312634468,100,OK,MAP_UPDATE,OK,VISUAL_INERTIAL
1242,1761213135013,-39.28618133068085,135.2514624595642,150.3331959247589,-0.00549588818103075,0.0734269842505455,-0.015043895691633224,100,OK,MAP_UPDATE,OK,VISUAL_INERTIAL
1243,1761213135029,-36.17420047521591,135.80921292304993,150.92383325099945,-0.0043209693394601345,0.07235675305128098,-0.01491893082857132,100,OK,MAP_UPDATE,OK,VISUAL_INERTIAL
1244,1761213135046,-33.420778810977936,136.30172610282898,151.47489309310913,-0.0031919514294713736,0.07268088310956955,-0.015052811242640018,100,OK,MAP_UPDATE,OK,VISUAL_INERTIAL
1245,1761213135063,-30.800925567746162,136.52081787586212,152.11068093776703,-0.0019867196679115295,0.07402163743972778,-0.01529394555836916,100,OK,MAP_UPDATE,OK,VISUAL_INERTIAL
1246,1761213135079,-28.095802292227745,136.64382696151733,152.67018973827362,-0.0009354841895401478,0.07524584978818893,-0.01562490314245224,100,OK,MAP_UPDATE,OK,VISUAL_INERTIAL
1247,1761213135096,-25.24132840335369,136.74981892108917,153.18042039871216,-5.141632937011309e-05,0.07634991407394409,-0.015925856307148933,100,OK,MAP_UPDATE,OK,VISUAL_INERTIAL
1248,1761213135113,-22.211791947484016,136.81241869926453,153.61520648002625,0.0006855225656181574,0.07652480155229568,-0.016171637922525406,100,OK,MAP_UPDATE,OK,VISUAL_INERTIAL
1249,1761213135129,-18.994953483343124,136.8570774793625,153.85009348392487,0.0012041836744174361,0.07538148760795593,-0.016392000019550323,100,OK,MAP_UPDATE,OK,VISUAL_INERTIAL
1250,1761213135146,-15.894580632448196,136.85458898544312,153.9459526538849,0.0015213057631626725,0.07425931096076965,-0.016718685626983643,100,OK,MAP_UPDATE,OK,VISUAL_INERTIAL
1251,1761213135163,-13.11478391289711,136.8575394153595,154.00372445583344,0.0015689663123339415,0.0739978477358818,-0.017194414511322975,100,OK,MAP_UPDATE,OK,VISUAL_INERTIAL
1252,1761213135179,-10.403469204902649,136.75740361213684,153.8739651441574,0.0013841555919498205,0.07431929558515549,-0.01768832467496395,100,OK,MAP_UPDATE,OK,VISUAL_INERTIAL
1253,1761213135196,-7.761873304843903,136.75236701965332,153.73212099075317,0.0009251343435607851,0.07505986094474792,-0.018207117915153503,100,OK,MAP_UPDATE,OK,VISUAL_INERTIAL
1254,1761213135213,-4.87206457182765,136.75522804260254,153.383269906044,0.000353076757164672,0.07540751248598099,-0.018673038110136986,100,OK,MAP_UPDATE,OK,VISUAL_INERTIAL
1255,1761213135229,-1.7995097441598773,136.7616504430771,152.92754769325256,-0.00028958183247596025,0.0747198686003685,-0.019111555069684982,100,OK,MAP_UPDATE,OK,VISUAL_INERTIAL
1256,1761213135246,1.2194924056529999,136.86305284500122,152.43785083293915,-0.0010165052954107523,0.07394471764564514,-0.019598213955760002,100,OK,MAP_UPDATE,OK,VISUAL_INERTIAL
1257,1761213135263,4.044674802571535,136.89333200454712,151.89781785011292,-0.001771562616340816,0.07393190264701843,-0.020068932324647903,100,OK,MAP_UPDATE,OK,VISUAL_INERTIAL
1258,1761213135279,6.654412019997835,136.95171475410461,151.33264660835266,-0.002720356686040759,0.07481259852647781,-0.020347606390714645,100,OK,MAP_UPDATE,OK,VISUAL_INERTIAL
1259,1761213135296,9.134349413216114,137.06693053245544,150.74992179870605,-0.0037655828054994345,0.07590693980455399,-0.020411459729075432,100,OK,MAP_UPDATE,OK,VISUAL_INERTIAL
1260,1761213135313,11.703302152454853,136.99977099895477,150.06248652935028,-0.004699875600636005,0.07652359455823898,-0.020198306068778038,100,OK,MAP_UPDATE,OK,VISUAL_INERTIAL
1261,1761213135329,14.354966580867767,136.9609236717224,149.3668407201767,-0.005515130702406168,0.07701564580202103,-0.019937340170145035,100,OK,MAP_UPDATE,OK,VISUAL_INERTIAL
1262,1761213135346,16.8350450694561,136.83852553367615,148.72001111507416,-0.006062820088118315,0.07808449864387512,-0.019649969413876534,100,OK,MAP_UPDATE,OK,VISUAL_INERTIAL
1263,1761213135363,19.379954785108566,136.68018579483032,148.07747304439545,-0.006471951026469469,0.07914634793996811,-0.019311219453811646,100,OK,MAP_UPDATE,OK,VISUAL_INERTIAL
1264,1761213135379,22.15302735567093,136.5111768245697,147.42976427078247,-0.006818042136728764,0.07954858243465424,-0.018861249089241028,100,OK,MAP_UPDATE,OK,VISUAL_INERTIAL
1265,1761213135396,24.70799721777439,136.28140091896057,146.84607088565826,-0.007046047132462263,0.08021292090415955,-0.018327312543988228,100,OK,MAP_UPDATE,OK,VISUAL_INERTIAL
1266,1761213135413,27.006233111023903,135.92402637004852,146.2385654449463,-0.007102604955434799,0.0818863958120346,-0.017747338861227036,100,OK,MAP_UPDATE,OK,VISUAL_INERTIAL
1267,1761213135430,29.205322265625,135.52053272724152,145.618736743927,-0.0070959096774458885,0.08404185622930527,-0.017154116183519363,100,OK,MAP_UPDATE,OK,VISUAL_INERTIAL
1268,1761213135446,31.416073441505432,134.95279848575592,145.0270116329193,-0.007061042357236147,0.08640935271978378,-0.01646120846271515,100,OK,MAP_UPDATE,OK,VISUAL_INERTIAL
1269,1761213135463,33.73077139258385,134.5311999320984,144.3627029657364,-0.007217120844870806,0.08933112025260925,-0.015811529010534286,100,OK,MAP_UPDATE,OK,VISUAL_INERTIAL
1270,1761213135479,36.17338091135025,134.10203158855438,143.65771412849426,-0.007459305226802826,0.09202400594949722,-0.015063993632793427,100,OK,MAP_UPDATE,OK,VISUAL_INERTIAL
1271,1761213135496,38.625411689281464,133.5524022579193,142.93329417705536,-0.0076627652160823345,0.09430674463510513,-0.014209586195647717,100,OK,MAP_UPDATE,OK,VISUAL_INERTIAL
1272,1761213135513,41.083723306655884,132.68497586250305,142.14693009853363,-0.007743782363831997,0.0964803546667099,-0.013241078704595566,100,OK,MAP_UPDATE,OK,VISUAL_INERTIAL
1273,1761213135529,43.50987821817398,131.75153732299805,141.32769405841827,-0.007997172884643078,0.09841994941234589,-0.012273874133825302,100,OK,MAP_UPDATE,OK,VISUAL_INERTIAL
1274,1761213135546,45.97897082567215,130.84764778614044,140.40414988994598,-0.0085912449285388,0.09972426295280457,-0.011293171904981136,100,OK,MAP_UPDATE,OK,VISUAL_INERTIAL
1275,1761213135563,48.44795912504196,130.01000881195068,139.4021064043045,-0.009454457089304924,0.10067189484834671,-0.010327132418751717,100,OK,MAP_UPDATE,OK,VISUAL_INERTIAL
1276,1761213135579,50.72540044784546,129.00270521640778,138.4131759405136,-0.010300254449248314,0.10152404010295868,-0.009272518567740917,100,OK,MAP_UPDATE,OK,VISUAL_INERTIAL
1277,1761213135596,53.03063988685608,127.96810269355774,137.2995227575302,-0.011178727261722088,0.10245151072740555,-0.008200068026781082,100,OK,MAP_UPDATE,OK,VISUAL_INERTIAL
1278,1761213135613,55.290404707193375,127.14673578739166,136.19890809059143,-0.012249466963112354,0.10306422412395477,-0.007132198661565781,100,OK,MAP_UPDATE,OK,VISUAL_INERTIAL
1279,1761213135629,57.810839265584946,126.24721229076385,134.9787712097168,-0.013495581224560738,0.10219639539718628,-0.006040668115019798,100,OK,MAP_UPDATE,OK,VISUAL_INERTIAL
1280,1761213135646,60.49831956624985,125.13212859630585,133.64353775978088,-0.01495662983506918,0.09959308803081512,-0.004962660372257233,100,OK,MAP_UPDATE,OK,VISUAL_INERTIAL
1281,1761213135663,62.95868009328842,123.8241121172905,132.26185739040375,-0.01660885103046894,0.09658116102218628,-0.004000735469162464,100,OK,MAP_UPDATE,OK,VISUAL_INERTIAL
1282,1761213135679,65.28293341398239,122.48560786247253,130.8656632900238,-0.018397776409983635,0.09384633600711823,-0.00315863243304193,100,OK,MAP_UPDATE,OK,VISUAL_INERTIAL
1283,1761213135696,67.51511991024017,121.03049457073212,129.47504222393036,-0.020120661705732346,0.09158754348754883,-0.0024499669671058655,100,OK,MAP_UPDATE,OK,VISUAL_INERTIAL
1284,1761213135713,69.55979764461517,119.23185735940933,128.18586826324463,-0.02165607549250126,0.08967519551515579,-0.0015798748936504126,100,OK,MAP_UPDATE,OK,VISUAL_INERTIAL
1285,1761213135729,71.68281078338623,117.172472178936,126.88185274600983,-0.022953061386942863,0.0882527157664299,-0.0006930507952347398,100,OK,MAP_UPDATE,OK,VISUAL_INERTIAL
1286,1761213135746,73.80072772502899,114.9972528219223,125.61440467834473,-0.02409995160996914,0.08764868229627609,0.0003250091685913503,100,OK,MAP_UPDATE,OK,VISUAL_INERTIAL
1287,1761213135763,75.9401023387909,112.69031465053558,124.44661557674408,-0.02485944889485836,0.087774358689785,0.0014245976926758885,100,OK,MAP_UPDATE,OK,VISUAL_INERTIAL
1288,1761213135779,78.3490464091301,110.44719070196152,123.39797616004944,-0.025313695892691612,0.08739493042230606,0.0026068182196468115,100,OK,MAP_UPDATE,OK,VISUAL_INERTIAL
1289,1761213135796,81.02001249790192,108.20411890745163,122.40991741418839,-0.025453710928559303,0.08586984872817993,0.0038372718263417482,100,OK,MAP_UPDATE,OK,VISUAL_INERTIAL
1290,1761213135813,83.59845727682114,105.73659092187881,121.49293720722198,-0.02523850090801716,0.08436908572912216,0.004915239289402962,100,OK,MAP_UPDATE,OK,VISUAL_INERTIAL
1291,1761213135830,85.9576016664505,103.14135998487473,120.5732598900795,-0.024941671639680862,0.083736851811409,0.00582183338701725,100,OK,MAP_UPDATE,OK,VISUAL_INERTIAL
1292,1761213135846,88.26211094856262,100.50330311059952,119.7066679596901,-0.02462129294872284,0.08371466398239136,0.006599435582756996,100,OK,MAP_UPDATE,OK,VISUAL_INERTIAL
1293,1761213135863,90.56413918733597,97.72197157144547,118.86163055896759,-0.024237681180238724,0.08399337530136108,0.007330048363655806,100,OK,MAP_UPDATE,OK,VISUAL_INERTIAL
1294,1761213135879,92.97583997249603,94.9174165725708,118.08192729949951,-0.023774905130267143,0.08489581197500229,0.00786008033901453,100,OK,MAP_UPDATE,OK,VISUAL_INERTIAL
1295,1761213135896,95.5854058265686,92.2551304101944,117.37090349197388,-0.02333337627351284,0.08606956154108047,0.008134517818689346,100,OK,MAP_UPDATE,OK,VISUAL_INERTIAL
1296,1761213135913,98.3181968331337,89.63968604803085,116.69346690177917,-0.022829750552773476,0.0864313617348671,0.00836353749036789,100,OK,MAP_UPDATE,OK,VISUAL_INERTIAL
1297,1761213135929,101.25427693128586,87.04826235771179,115.92409014701843,-0.022352607920765877,0.08591996878385544,0.00841203611344099,100,OK,MAP_UPDATE,OK,VISUAL_INERTIAL
1298,1761213135946,104.0598675608635,84.40029621124268,115.13301730155945,-0.021926287561655045,0.08511874824762344,0.008286962285637856,100,OK,MAP_UPDATE,OK,VISUAL_INERTIAL
1299,1761213135963,106.97388648986816,81.75252377986908,114.43361639976501,-0.021548140794038773,0.08495428413152695,0.007800526451319456,100,OK,MAP_UPDATE,OK,VISUAL_INERTIAL
1300,1761213135979,109.59956049919128,79.07699793577194,113.75273019075394,-0.021099740639328957,0.08579187095165253,0.006996961776167154,100,OK,MAP_UPDATE,OK,VISUAL_INERTIAL
1301,1761213135996,112.38710582256317,76.35002583265305,113.06759715080261,-0.020524898543953896,0.08736337721347809,0.005899474956095219,100,OK,MAP_UPDATE,OK,VISUAL_INERTIAL
1302,1761213136013,115.4058650135994,73.76458495855331,112.39379644393921,-0.019977204501628876,0.08841007947921753,0.004690397065132856,100,OK,MAP_UPDATE,OK,VISUAL_INERTIAL
1303,1761213136029,118.59914660453796,71.25554233789444,111.70759797096252,-0.019385598599910736,0.0886453166604042,0.0034207510761916637,100,OK,MAP_UPDATE,OK,VISUAL_INERTIAL
1304,1761213136046,121.75924330949783,68.74317675828934,110.94173789024353,-0.018784159794449806,0.08864248543977737,0.0020493220072239637,100,OK,MAP_UPDATE,OK,VISUAL_INERTIAL
1305,1761213136063,124.78303164243698,66.2929117679596,110.14443635940552,-0.01833575777709484,0.08890856802463531,0.0005129799828864634,100,OK,MAP_UPDATE,OK,VISUAL_INERTIAL
1306,1761213136079,127.7083158493042,63.725776970386505,109.33852940797806,-0.017959024757146835,0.08972230553627014,-0.0011509114410728216,100,OK,MAP_UPDATE,OK,VISUAL_INERTIAL
1307,1761213136096,130.66546618938446,61.166997998952866,108.53089392185211,-0.01772231049835682,0.09039446711540222,-0.002896059537306428,100,OK,MAP_UPDATE,OK,VISUAL_INERTIAL
1308,1761213136113,133.69064033031464,58.58151987195015,107.69208520650864,-0.017636297270655632,0.090599924325943,-0.004692031070590019,100,OK,MAP_UPDATE,OK,VISUAL_INERTIAL
1309,1761213136129,136.67213916778564,55.9549555182457,106.74530267715454,-0.01775016449391842,0.09058944135904312,-0.006603288929909468,100,OK,MAP_UPDATE,OK,VISUAL_INERTIAL
1310,1761213136146,139.63159918785095,53.178101778030396,105.72530329227448,-0.017974259331822395,0.09085968136787415,-0.008642807602882385,100,OK,MAP_UPDATE,OK,VISUAL_INERTIAL
1311,1761213136163,142.58632063865662,50.4637211561203,104.65746372938156,-0.018359815701842308,0.09104061871767044,-0.01086006686091423,100,OK,MAP_UPDATE,OK,VISUAL_INERTIAL
1312,1761213136179,145.5688327550888,47.75829613208771,103.47384214401245,-0.018923072144389153,0.09077154844999313,-0.013219401240348816,100,OK,MAP_UPDATE,OK,VISUAL_INERTIAL
1313,1761213136196,148.4319269657135,45.02769187092781,102.26357728242874,-0.019604966044425964,0.0906161218881607,-0.015704063698649406,100,OK,MAP_UPDATE,OK,VISUAL_INERTIAL
1314,1761213136213,151.3911783695221,42.1379916369915,100.95638036727905,-0.02039719931781292,0.09048080444335938,-0.018241316080093384,100,OK,MAP_UPDATE,OK,VISUAL_INERTIAL
1315,1761213136229,154.38328683376312,39.106424897909164,99.60372000932693,-0.021377215161919594,0.08946163207292557,-0.020726237446069717,100,OK,MAP_UPDATE,OK,VISUAL_INERTIAL
1316,1761213136246,157.2575718164444,36.152590066194534,98.16695749759674,-0.0226451326161623,0.0883398950099945,-0.023149821907281876,100,OK,MAP_UPDATE,OK,VISUAL_INERTIAL
1317,1761213136263,159.9370688199997,33.23936089873314,96.63447737693787,-0.023980043828487396,0.08788532018661499,-0.025684650987386703,100,OK,MAP_UPDATE,OK,VISUAL_INERTIAL
1318,1761213136279,162.44962811470032,30.33086471259594,94.94668245315552,-0.02538384683430195,0.08818218857049942,-0.02828751504421234,100,OK,MAP_UPDATE,OK,VISUAL_INERTIAL
1319,1761213136298,165.1802510023117,27.11613103747368,93.15714240074158,-0.026687344536185265,0.08868931233882904,-0.0310179702937603,100,OK,MAP_UPDATE,OK,VISUAL_INERTIAL
1320,1761213136313,167.6485389471054,24.32742342352867,91.69343113899231,-0.028006823733448982,0.0886952206492424,-0.03335386514663696,100,OK,MAP_UPDATE,OK,VISUAL_INERTIAL
1321,1761213136329,170.36880552768707,20.964233204722404,89.94533121585846,-0.029371684417128563,0.08870671689510345,-0.03592609241604805,100,OK,MAP_UPDATE,OK,VISUAL_INERTIAL
1322,1761213136346,172.8440672159195,17.602620646357536,88.23689818382263,-0.030770843848586082,0.08932749181985855,-0.03848490118980408,100,OK,MAP_UPDATE,OK,VISUAL_INERTIAL
1323,1761213136363,175.25534331798553,14.265529811382294,86.55796945095062,-0.03219006955623627,0.08991589397192001,-0.04099005088210106,100,OK,MAP_UPDATE,OK,VISUAL_INERTIAL
1324,1761213136379,177.62313783168793,10.893714614212513,84.88322049379349,-0.033561550080776215,0.09062706679105759,-0.04343021661043167,100,OK,MAP_UPDATE,OK,VISUAL_INERTIAL
1325,1761213136396,179.85425889492035,7.5362445786595345,83.16962420940399,-0.03486954793334007,0.09214383363723755,-0.04575842618942261,100,OK,MAP_UPDATE,OK,VISUAL_INERTIAL
1326,1761213136413,181.97420239448547,4.0862769819796085,81.50513470172882,-0.036043424159288406,0.09399204701185226,-0.047852497547864914,100,OK,MAP_UPDATE,OK,VISUAL_INERTIAL
1327,1761213136430,184.1401308774948,0.5851459573023021,79.8470601439476,-0.03722497448325157,0.09493520855903625,-0.04962829500436783,100,OK,MAP_UPDATE,OK,VISUAL_INERTIAL
1328,1761213136446,186.24423444271088,-3.006742103025317,78.23925465345383,-0.038426414132118225,0.09514996409416199,-0.05128148943185806,100,OK,MAP_UPDATE,OK,VISUAL_INERTIAL
1329,1761213136463,188.20376694202423,-6.664256099611521,76.56968384981155,-0.0397455096244812,0.09512478858232498,-0.05289562791585922,100,OK,MAP_UPDATE,OK,VISUAL_INERTIAL
1330,1761213136479,190.00352919101715,-10.333161801099777,74.88352060317993,-0.04110966995358467,0.09485368430614471,-0.054473087191581726,100,OK,MAP_UPDATE,OK,VISUAL_INERTIAL
1331,1761213136496,191.62669777870178,-14.07083123922348,73.1448158621788,-0.042472805827856064,0.09467568248510361,-0.055942602455616,100,OK,MAP_UPDATE,OK,VISUAL_INERTIAL
1332,1761213136513,193.11313331127167,-17.84275658428669,71.25038653612137,-0.04387788474559784,0.09509260207414627,-0.057358600199222565,100,OK,MAP_UPDATE,OK,VISUAL_INERTIAL
1333,1761213136529,194.66055929660797,-21.666577085852623,69.42298263311386,-0.04538441449403763,0.0956583097577095,-0.058620404452085495,100,OK,MAP_UPDATE,OK,VISUAL_INERTIAL
1334,1761213136546,196.37086987495422,-25.440508499741554,67.50365346670151,-0.04719778895378113,0.0948762372136116,-0.059699296951293945,100,OK,MAP_UPDATE,OK,VISUAL_INERTIAL
1335,1761213136563,198.00540804862976,-29.1906651109457,65.54152071475983,-0.04917675256729126,0.09287378937005997,-0.06069212034344673,100,OK,MAP_UPDATE,OK,VISUAL_INERTIAL
1336,1761213136579,199.45764541625977,-33.07025134563446,63.584908843040466,-0.05100855603814125,0.0905289426445961,-0.061533499509096146,100,OK,MAP_UPDATE,OK,VISUAL_INERTIAL
1337,1761213136596,200.56597888469696,-36.61809861660004,61.54666095972061,-0.05293784663081169,0.089027538895607,-0.06226165220141411,100,OK,MAP_UPDATE,OK,VISUAL_INERTIAL
1338,1761213136613,201.3079822063446,-40.43443128466606,59.5865435898304,-0.054783497005701065,0.08913086354732513,-0.06293371319770813,100,OK,MAP_UPDATE,OK,VISUAL_INERTIAL
1339,1761213136629,202.18539237976074,-44.48285698890686,57.7801913022995,-0.05666508898139,0.08989238739013672,-0.06361813843250275,100,OK,MAP_UPDATE,OK,VISUAL_INERTIAL
1340,1761213136646,203.25015485286713,-48.643358051776886,56.018609553575516,-0.058697670698165894,0.0904441773891449,-0.06431182473897934,100,OK,MAP_UPDATE,OK,VISUAL_INERTIAL
1341,1761213136663,204.62806522846222,-52.86797881126404,54.288122802972794,-0.06084899604320526,0.08964455872774124,-0.06502055376768112,100,OK,MAP_UPDATE,OK,VISUAL_INERTIAL
1342,1761213136679,206.46187663078308,-57.091377675533295,52.435219287872314,-0.06302355974912643,0.08713702112436295,-0.06585390120744705,100,OK,MAP_UPDATE,OK,VISUAL_INERTIAL
1343,1761213136696,208.18379521369934,-61.21830269694328,50.426945090293884,-0.06539353728294373,0.08321215212345123,-0.06674006581306458,100,OK,MAP_UPDATE,OK,VISUAL_INERTIAL
1344,1761213136713,209.49065685272217,-65.1693120598793,48.316534608602524,-0.06808887422084808,0.07915833592414856,-0.0678773820400238,100,OK,MAP_UPDATE,OK,VISUAL_INERTIAL
1345,1761213136729,210.3787362575531,-69.14519518613815,46.13190144300461,-0.0710359588265419,0.07643791288137436,-0.06935214251279831,100,OK,MAP_UPDATE,OK,VISUAL_INERTIAL
1346,1761213136746,211.32096648216248,-73.05653393268585,43.91453415155411,-0.07432868331670761,0.07420967519283295,-0.07110151648521423,100,OK,MAP_UPDATE,OK,VISUAL_INERTIAL
1347,1761213136763,212.89142966270447,-76.9428014755249,41.7182520031929,-0.07779737561941147,0.06992234289646149,-0.07296774536371231,100,OK,MAP_UPDATE,OK,VISUAL_INERTIAL
1348,1761213136779,214.75502848625183,-80.71156591176987,39.430417120456696,-0.08140850812196732,0.06365746259689331,-0.07481353729963303,100,OK,MAP_UPDATE,OK,VISUAL_INERTIAL
1349,1761213136796,215.95393121242523,-84.40452069044113,37.14125230908394,-0.08496792614459991,0.05877558887004852,-0.07686910033226013,100,OK,MAP_UPDATE,OK,VISUAL_INERTIAL
1350,1761213136813,216.9191539287567,-88.03938329219818,34.98481586575508,-0.08839365094900131,0.055237237364053726,-0.07894668728113174,100,OK,MAP_UPDATE,OK,VISUAL_INERTIAL
1351,1761213136829,218.38651597499847,-91.75467491149902,32.98394754528999,-0.09164819866418839,0.05088632181286812,-0.08109647035598755,100,OK,MAP_UPDATE,OK,VISUAL_INERTIAL
1352,1761213136846,220.52723169326782,-95.51817923784256,30.982017517089844,-0.09497489780187607,0.043830275535583496,-0.08310125023126602,100,OK,MAP_UPDATE,OK,VISUAL_INERTIAL
1353,1761213136863,223.62020611763,-99.14980083703995,29.132140800356865,-0.09859016537666321,0.031945232301950455,-0.08480998873710632,100,OK,MAP_UPDATE,OK,VISUAL_INERTIAL
1354,1761213136879,226.417675614357,-102.96501964330673,27.186185121536255,-0.10200434178113937,0.018925393000245094,-0.0863877534866333,100,OK,MAP_UPDATE,OK,VISUAL_INERTIAL
1355,1761213136896,227.437824010849,-106.9425567984581,25.271877646446228,-0.10516297817230225,0.011249423027038574,-0.08843468129634857,100,OK,MAP_UPDATE,OK,VISUAL_INERTIAL
1356,1761213136913,228.1220406293869,-110.94903200864792,23.530082777142525,-0.10819379985332489,0.005814404226839542,-0.09064033627510071,100,OK,MAP_UPDATE,OK,VISUAL_INERTIAL
1357,1761213136929,230.00220954418182,-114.66162651777267,22.02514000236988,-0.11139977723360062,-0.001713407807983458,-0.092750184237957,100,OK,MAP_UPDATE,OK,VISUAL_INERTIAL
1358,1761213136946,232.97706246376038,-118.30634623765945,20.639820024371147,-0.11467541754245758,-0.012437659315764904,-0.09466371685266495,100,OK,MAP_UPDATE,OK,VISUAL_INERTIAL
1359,1761213136963,237.2133880853653,-121.39357626438141,19.62263509631157,-0.11850156635046005,-0.026980629190802574,-0.09627772122621536,100,OK,MAP_UPDATE,OK,VISUAL_INERTIAL
1360,1761213136979,240.1217520236969,-124.62388724088669,18.060773611068726,-0.12210041284561157,-0.04235168546438217,-0.09766612201929092,100,OK,MAP_UPDATE,OK,VISUAL_INERTIAL
1361,1761213136996,241.4068579673767,-127.86774337291718,16.360370442271233,-0.12539178133010864,-0.05331083759665489,-0.09915764629840851,100,OK,MAP_UPDATE,OK,VISUAL_INERTIAL
1362,1761213137013,242.25810170173645,-131.06600940227509,14.824725687503815,-0.12859588861465454,-0.06284467875957489,-0.10071425139904022,100,OK,MAP_UPDATE,OK,VISUAL_INERTIAL
1363,1761213137029,243.62699687480927,-134.05951857566833,13.409441336989403,-0.13183628022670746,-0.07348772883415222,-0.10208747535943985,100,OK,MAP_UPDATE,OK,VISUAL_INERTIAL
1364,1761213137046,245.65139412879944,-136.84707880020142,12.200309894979,-0.13511274755001068,-0.08547846227884293,-0.10333535820245743,100,OK,MAP_UPDATE,OK,VISUAL_INERTIAL
1365,1761213137063,247.74181842803955,-139.1267329454422,10.973235592246056,-0.1388397216796875,-0.09903285652399063,-0.104629747569561,100,OK,MAP_UPDATE,OK,VISUAL_INERTIAL
1366,1761213137079,250.19419193267822,-141.63091778755188,9.898601099848747,-0.14209702610969543,-0.11075195670127869,-0.1064060851931572,100,OK,MAP_UPDATE,OK,VISUAL_INERTIAL
1367,1761213137096,252.4615228176117,-143.9327448606491,9.073104709386826,-0.14508822560310364,-0.12061907351016998,-0.10854898393154144,100,OK,MAP_UPDATE,OK,VISUAL_INERTIAL
1368,1761213137113,254.87610697746277,-146.04531228542328,8.366787806153297,-0.14789070188999176,-0.1287975311279297,-0.11104105412960052,100,OK,MAP_UPDATE,OK,VISUAL_INERTIAL
1369,1761213137129,257.47936964035034,-148.0572372674942,7.77299702167511,-0.15047778189182281,-0.13572144508361816,-0.11381768435239792,100,OK,MAP_UPDATE,OK,VISUAL_INERTIAL
1370,1761213137146,260.52987575531006,-149.7495025396347,7.352284621447325,-0.15313468873500824,-0.14271490275859833,-0.11671104282140732,100,OK,MAP_UPDATE,OK,VISUAL_INERTIAL
1371,1761213137163,264.1649842262268,-151.50876343250275,6.960294675081968,-0.15556848049163818,-0.15105003118515015,-0.11965262144804001,100,OK,MAP_UPDATE,OK,VISUAL_INERTIAL
1372,1761213137179,267.6408588886261,-153.3413529396057,6.653762888163328,-0.1577247679233551,-0.1589532047510147,-0.12289953231811523,100,OK,MAP_UPDATE,OK,VISUAL_INERTIAL
1373,1761213137196,270.73660492897034,-155.17063438892365,6.451960653066635,-0.1596982181072235,-0.16464334726333618,-0.12648186087608337,100,OK,MAP_UPDATE,OK,VISUAL_INERTIAL
1374,1761213137213,273.7716734409332,-157.0892632007599,6.248161196708679,-0.16149701178073883,-0.16935282945632935,-0.1303211748600006,100,OK,MAP_UPDATE,OK,VISUAL_INERTIAL
1375,1761213137230,277.1170735359192,-159.066304564476,6.243245210498571,-0.16323630511760712,-0.17328588664531708,-0.13438203930854797,100,OK,MAP_UPDATE,OK,VISUAL_INERTIAL
1376,1761213137246,280.70878982543945,-161.06492280960083,6.355094723403454,-0.16478988528251648,-0.17709702253341675,-0.13851766288280487,100,OK,MAP_UPDATE,OK,VISUAL_INERTIAL
1377,1761213137263,284.67506170272827,-162.6289337873459,6.719845812767744,-0.16636332869529724,-0.18189272284507751,-0.14253225922584534,100,OK,MAP_UPDATE,OK,VISUAL_INERTIAL
1378,1761213137279,288.2397472858429,-164.0772819519043,7.054535672068596,-0.16754324734210968,-0.18670831620693207,-0.14648009836673737,100,OK,MAP_UPDATE,OK,VISUAL_INERTIAL
1379,1761213137296,291.08065366744995,-165.55264592170715,7.43122398853302,-0.16832619905471802,-0.18889184296131134,-0.15053145587444305,100,OK,MAP_UPDATE,OK,VISUAL_INERTIAL
1380,1761213137313,293.6123311519623,-167.00731217861176,7.824487052857876,-0.1690746247768402,-0.18911337852478027,-0.1544465869665146,100,OK,MAP_UPDATE,OK,VISUAL_INERTIAL
1381,1761213137329,296.20638489723206,-168.375626206398,8.286232128739357,-0.16994404792785645,-0.18856848776340485,-0.15831725299358368,100,OK,MAP_UPDATE,OK,VISUAL_INERTIAL
1382,1761213137346,299.20750856399536,-169.40884292125702,8.73467419296503,-0.17099052667617798,-0.18932917714118958,-0.16177348792552948,100,OK,MAP_UPDATE,OK,VISUAL_INERTIAL
1383,1761213137363,302.5529086589813,-169.91299390792847,9.175419807434082,-0.17210499942302704,-0.19214990735054016,-0.16470177471637726,100,OK,MAP_UPDATE,OK,VISUAL_INERTIAL
1384,1761213137380,305.39628863334656,-169.7262078523636,9.826465509831905,-0.17320820689201355,-0.19502653181552887,-0.16724586486816406,100,OK,MAP_UPDATE,OK,VISUAL_INERTIAL
1385,1761213137396,307.35307931900024,-169.15567219257355,10.348165407776833,-0.1738947629928589,-0.19661352038383484,-0.16951033473014832,100,OK,MAP_UPDATE,OK,VISUAL_INERTIAL
1386,1761213137413,308.79825353622437,-168.5090810060501,10.880117304623127,-0.17429326474666595,-0.19679571688175201,-0.17165465652942657,100,OK,MAP_UPDATE,OK,VISUAL_INERTIAL
1387,1761213137429,309.9153935909271,-167.44635999202728,11.427839286625385,-0.17487046122550964,-0.195792555809021,-0.17358969151973724,100,OK,MAP_UPDATE,OK,VISUAL_INERTIAL
1388,1761213137446,311.0294044017792,-166.00725054740906,11.898977681994438,-0.17566324770450592,-0.19480791687965393,-0.17517976462841034,100,OK,MAP_UPDATE,OK,VISUAL_INERTIAL
1389,1761213137463,312.4597668647766,-163.98923099040985,12.33504805713892,-0.17657586932182312,-0.19421397149562836,-0.17615608870983124,100,OK,MAP_UPDATE,OK,VISUAL_INERTIAL
1390,1761213137479,313.5196268558502,-161.4869236946106,12.810544110834599,-0.1773989200592041,-0.19379988312721252,-0.1767599731683731,100,OK,MAP_UPDATE,OK,VISUAL_INERTIAL
1391,1761213137496,314.03133273124695,-158.61572325229645,13.387290760874748,-0.17802312970161438,-0.19283342361450195,-0.17719198763370514,100,OK,MAP_UPDATE,OK,VISUAL_INERTIAL
1392,1761213137513,314.3162727355957,-155.36640584468842,13.979922980070114,-0.17873992025852203,-0.1914551705121994,-0.17757320404052734,100,OK,MAP_UPDATE,OK,VISUAL_INERTIAL
1393,1761213137530,314.71675634384155,-151.89410746097565,14.56461288034916,-0.17977291345596313,-0.1913268268108368,-0.17798876762390137,100,OK,MAP_UPDATE,OK,VISUAL_INERTIAL
1394,1761213137546,315.1445686817169,-148.13706278800964,15.114134177565575,-0.18117812275886536,-0.1922372430562973,-0.17840996384620667,100,OK,MAP_UPDATE,OK,VISUAL_INERTIAL
1395,1761213137563,315.29396772384644,-144.19008791446686,15.650782734155655,-0.18260309100151062,-0.19293096661567688,-0.17885027825832367,100,OK,MAP_UPDATE,OK,VISUAL_INERTIAL
1396,1761213137579,315.0831460952759,-139.96194303035736,16.152502968907356,-0.18395304679870605,-0.1929672360420227,-0.1793031394481659,100,OK,MAP_UPDATE,OK,VISUAL_INERTIAL
1397,1761213137596,314.68331813812256,-135.4103982448578,16.627488657832146,-0.18527783453464508,-0.19223684072494507,-0.17976461350917816,100,OK,MAP_UPDATE,OK,VISUAL_INERTIAL
1398,1761213137613,314.0963912010193,-130.66649436950684,17.04763062298298,-0.18666605651378632,-0.19008693099021912,-0.1805039942264557,100,OK,MAP_UPDATE,OK,VISUAL_INERTIAL
1399,1761213137629,313.81481885910034,-125.89401006698608,17.416544258594513,-0.1884569674730301,-0.18821753561496735,-0.1814863532781601,100,OK,MAP_UPDATE,OK,VISUAL_INERTIAL
1400,1761213137646,314.4893944263458,-120.99284678697586,17.68168993294239,-0.19091501832008362,-0.18974916636943817,-0.1822984665632248,100,OK,MAP_UPDATE,OK,VISUAL_INERTIAL
1401,1761213137663,315.4559135437012,-115.9023717045784,17.891336232423782,-0.19369348883628845,-0.19371895492076874,-0.18287767469882965,100,OK,MAP_UPDATE,OK,VISUAL_INERTIAL
1402,1761213137679,315.6166970729828,-110.65348982810974,18.035998567938805,-0.1961708813905716,-0.19689491391181946,-0.18354453146457672,100,OK,MAP_UPDATE,OK,VISUAL_INERTIAL
1403,1761213137696,315.1730000972748,-105.1793247461319,18.110312521457672,-0.19852188229560852,-0.19805319607257843,-0.18426105380058289,100,OK,MAP_UPDATE,OK,VISUAL_INERTIAL
1404,1761213137713,314.0580356121063,-99.58164393901825,18.179161474108696,-0.2006513625383377,-0.19609053432941437,-0.18554723262786865,100,OK,MAP_UPDATE,OK,VISUAL_INERTIAL
1405,1761213137729,312.747061252594,-94.21727806329727,18.217017874121666,-0.2027823030948639,-0.19245776534080505,-0.1868879497051239,100,OK,MAP_UPDATE,OK,VISUAL_INERTIAL
1406,1761213137746,312.53331899642944,-88.62989395856857,18.128015100955963,-0.20584014058113098,-0.19154858589172363,-0.18762841820716858,100,OK,MAP_UPDATE,OK,VISUAL_INERTIAL
1407,1761213137763,312.62388825416565,-83.05849134922028,18.081311136484146,-0.20927172899246216,-0.19306528568267822,-0.18805380165576935,100,OK,MAP_UPDATE,OK,VISUAL_INERTIAL
1408,1761213137779,312.1313750743866,-77.37325131893158,17.972752451896667,-0.21266184747219086,-0.19296959042549133,-0.18856580555438995,100,OK,MAP_UPDATE,OK,VISUAL_INERTIAL
1409,1761213137796,310.82314252853394,-71.49769365787506,17.869645729660988,-0.21575579047203064,-0.18947818875312805,-0.18943080306053162,100,OK,MAP_UPDATE,OK,VISUAL_INERTIAL
1410,1761213137813,309.41036343574524,-65.75384736061096,17.82035268843174,-0.21853435039520264,-0.1846790462732315,-0.19031494855880737,100,OK,MAP_UPDATE,OK,VISUAL_INERTIAL
1411,1761213137829,308.38289856910706,-60.00116840004921,17.89422333240509,-0.2213108241558075,-0.18084347248077393,-0.19090554118156433,100,OK,MAP_UPDATE,OK,VISUAL_INERTIAL
1412,1761213137846,307.5937032699585,-54.416585713624954,18.069133162498474,-0.22395724058151245,-0.17826300859451294,-0.1913461983203888,100,OK,MAP_UPDATE,OK,VISUAL_INERTIAL
1413,1761213137863,306.6236674785614,-48.728425055742264,18.31480860710144,-0.22650045156478882,-0.17606845498085022,-0.19181528687477112,100,OK,MAP_UPDATE,OK,VISUAL_INERTIAL
1414,1761213137879,305.2959144115448,-43.2048998773098,18.662653863430023,-0.22862881422042847,-0.17294219136238098,-0.1924522966146469,100,OK,MAP_UPDATE,OK,VISUAL_INERTIAL
1415,1761213137896,303.7000298500061,-37.74259239435196,19.079696387052536,-0.23046433925628662,-0.16911455988883972,-0.19328851997852325,100,OK,MAP_UPDATE,OK,VISUAL_INERTIAL
1416,1761213137913,302.25083231925964,-32.30706229805946,19.54973116517067,-0.23202845454216003,-0.16500192880630493,-0.1939765214920044,100,OK,MAP_UPDATE,OK,VISUAL_INERTIAL
1417,1761213137929,301.029771566391,-26.958025991916656,20.098455250263214,-0.2335776686668396,-0.1617349237203598,-0.19455015659332275,100,OK,MAP_UPDATE,OK,VISUAL_INERTIAL
1418,1761213137946,300.1421093940735,-21.597638726234436,20.716488361358643,-0.23523685336112976,-0.1601078063249588,-0.19492627680301666,100,OK,MAP_UPDATE,OK,VISUAL_INERTIAL
1419,1761213137963,299.2624342441559,-16.271961852908134,21.449770778417587,-0.23675161600112915,-0.15989235043525696,-0.19513507187366486,100,OK,MAP_UPDATE,OK,VISUAL_INERTIAL
1420,1761213137979,298.02900552749634,-10.802005417644978,22.20587432384491,-0.23802483081817627,-0.15944859385490417,-0.19537124037742615,100,OK,MAP_UPDATE,OK,VISUAL_INERTIAL
1421,1761213137996,296.2881922721863,-5.437633488327265,23.04701879620552,-0.2386883944272995,-0.15707650780677795,-0.19589410722255707,100,OK,MAP_UPDATE,OK,VISUAL_INERTIAL
1422,1761213138013,294.41124200820923,-0.06242800009204075,23.95734377205372,-0.23905740678310394,-0.15343962609767914,-0.19644486904144287,100,OK,MAP_UPDATE,OK,VISUAL_INERTIAL
1423,1761213138029,293.1949198246002,5.183503031730652,24.981863796710968,-0.23943187296390533,-0.15167637169361115,-0.196628600358963,100,OK,MAP_UPDATE,OK,VISUAL_INERTIAL
1424,1761213138046,292.42342710494995,10.44812984764576,26.083387434482574,-0.24001570045948029,-0.1518188863992691,-0.19661226868629456,100,OK,MAP_UPDATE,OK,VISUAL_INERTIAL
1425,1761213138063,291.5094196796417,15.568886883556843,27.204880490899086,-0.24055518209934235,-0.15206508338451385,-0.19666878879070282,100,OK,MAP_UPDATE,OK,VISUAL_INERTIAL
1426,1761213138079,290.45477509498596,20.616794005036354,28.393026441335678,-0.24115435779094696,-0.15191298723220825,-0.1967407763004303,100,OK,MAP_UPDATE,OK,VISUAL_INERTIAL
1427,1761213138096,289.31841254234314,25.566058233380318,29.56942282617092,-0.24187225103378296,-0.1518184244632721,-0.19673071801662445,100,OK,MAP_UPDATE,OK,VISUAL_INERTIAL
1428,1761213138113,287.9699766635895,30.346263200044632,30.639909207820892,-0.24262437224388123,-0.15167056024074554,-0.19666646420955658,100,OK,MAP_UPDATE,OK,VISUAL_INERTIAL
1429,1761213138129,286.62148118019104,35.13309732079506,31.73898160457611,-0.24344052374362946,-0.15099506080150604,-0.19653892517089844,100,OK,MAP_UPDATE,OK,VISUAL_INERTIAL
1430,1761213138146,285.3553593158722,39.85040634870529,32.860975712537766,-0.24425655603408813,-0.15000395476818085,-0.19642134010791779,100,OK,MAP_UPDATE,OK,VISUAL_INERTIAL
1431,1761213138163,284.2147648334503,44.5609912276268,33.95618870854378,-0.24529683589935303,-0.1493721902370453,-0.19620180130004883,100,OK,MAP_UPDATE,OK,VISUAL_INERTIAL
1432,1761213138179,283.537894487381,49.53311383724213,34.91721302270889,-0.24702824652194977,-0.1500793844461441,-0.1956934779882431,100,OK,MAP_UPDATE,OK,VISUAL_INERTIAL
1433,1761213138196,283.36748480796814,54.34149503707886,35.76125204563141,-0.24935457110404968,-0.15366970002651215,-0.1948404759168625,100,OK,MAP_UPDATE,OK,VISUAL_INERTIAL
1434,1761213138213,283.4376096725464,59.021368622779846,36.51164099574089,-0.2522929310798645,-0.15986359119415283,-0.1937139481306076,100,OK,MAP_UPDATE,OK,VISUAL_INERTIAL
1435,1761213138229,282.9531729221344,63.483044505119324,37.06180676817894,-0.2553647458553314,-0.16604159772396088,-0.19276602566242218,100,OK,MAP_UPDATE,OK,VISUAL_INERTIAL
1436,1761213138246,281.63522481918335,67.79136508703232,37.418607622385025,-0.2581932544708252,-0.16981671750545502,-0.19232575595378876,100,OK,MAP_UPDATE,OK,VISUAL_INERTIAL
1437,1761213138263,280.1607847213745,72.12049514055252,37.65399381518364,-0.26100194454193115,-0.17175137996673584,-0.19206421077251434,100,OK,MAP_UPDATE,OK,VISUAL_INERTIAL
1438,1761213138279,278.88748049736023,76.29671692848206,37.797652184963226,-0.26369771361351013,-0.17329777777194977,-0.19175958633422852,100,OK,MAP_UPDATE,OK,VISUAL_INERTIAL
1439,1761213138296,278.36692333221436,80.43578267097473,37.818387150764465,-0.26664677262306213,-0.17635643482208252,-0.19109010696411133,100,OK,MAP_UPDATE,OK,VISUAL_INERTIAL
1440,1761213138313,278.35971117019653,84.50672030448914,37.67422214150429,-0.26993197202682495,-0.18129979074001312,-0.1901228129863739,100,OK,MAP_UPDATE,OK,VISUAL_INERTIAL
1441,1761213138329,278.20730209350586,88.43082934617996,37.3578667640686,-0.27339398860931396,-0.18599337339401245,-0.1892586052417755,100,OK,MAP_UPDATE,OK,VISUAL_INERTIAL
1442,1761213138346,277.4830162525177,92.26631373167038,36.763995885849,-0.27702537178993225,-0.18855714797973633,-0.18883222341537476,100,OK,MAP_UPDATE,OK,VISUAL_INERTIAL
1443,1761213138363,276.43275260925293,95.91510146856308,35.9211303293705,-0.2807476222515106,-0.18838557600975037,-0.1888020932674408,100,OK,MAP_UPDATE,OK,VISUAL_INERTIAL
1444,1761213138379,275.6560146808624,99.22496974468231,34.86086428165436,-0.28453898429870605,-0.18729695677757263,-0.18894916772842407,100,OK,MAP_UPDATE,OK,VISUAL_INERTIAL
1445,1761213138396,275.59149265289307,102.50593721866608,33.694710582494736,-0.28885599970817566,-0.18812091648578644,-0.1887405812740326,100,OK,MAP_UPDATE,OK,VISUAL_INERTIAL
1446,1761213138413,275.86737275123596,105.85786402225494,32.27847069501877,-0.2936080992221832,-0.19072045385837555,-0.18828999996185303,100,OK,MAP_UPDATE,OK,VISUAL_INERTIAL
1447,1761213138429,275.9106457233429,109.14163291454315,30.711917206645012,-0.29846763610839844,-0.19257491827011108,-0.1880163848400116,100,OK,MAP_UPDATE,OK,VISUAL_INERTIAL
1448,1761213138446,275.5800783634186,112.47121542692184,28.957318514585495,-0.30339208245277405,-0.19299384951591492,-0.18793226778507233,100,OK,MAP_UPDATE,OK,VISUAL_INERTIAL
1449,1761213138463,275.1525342464447,115.79538881778717,27.02479064464569,-0.3082961142063141,-0.1916133165359497,-0.1879873424768448,100,OK,MAP_UPDATE,OK,VISUAL_INERTIAL
1450,1761213138479,274.87313747406006,119.16911602020264,25.037121027708054,-0.3131798207759857,-0.18970704078674316,-0.18817029893398285,100,OK,MAP_UPDATE,OK,VISUAL_INERTIAL
1451,1761213138496,274.87820386886597,122.61422723531723,23.07591587305069,-0.3179844617843628,-0.18863306939601898,-0.1882806271314621,100,OK,MAP_UPDATE,OK,VISUAL_INERTIAL
1452,1761213138513,275.0701606273651,126.1267364025116,21.10333926975727,-0.32257699966430664,-0.18817968666553497,-0.18840275704860687,100,OK,MAP_UPDATE,OK,VISUAL_INERTIAL
1453,1761213138529,275.2223610877991,129.54328954219818,19.176069647073746,-0.326992005109787,-0.1876942366361618,-0.18861636519432068,100,OK,MAP_UPDATE,OK,VISUAL_INERTIAL
1454,1761213138546,275.2593159675598,132.85787403583527,17.178060486912727,-0.3314855694770813,-0.18710345029830933,-0.18887093663215637,100,OK,MAP_UPDATE,OK,VISUAL_INERTIAL
1455,1761213138563,275.3320038318634,135.95707714557648,15.15556126832962,-0.3360636532306671,-0.1868600696325302,-0.1889965981245041,100,OK,MAP_UPDATE,OK,VISUAL_INERTIAL
1456,1761213138579,275.44623613357544,138.96483182907104,12.983961962163448,-0.34086763858795166,-0.1873166859149933,-0.18901291489601135,100,OK,MAP_UPDATE,OK,VISUAL_INERTIAL
1457,1761213138596,275.28461813926697,141.67530834674835,10.855896398425102,-0.34525159001350403,-0.18688790500164032,-0.1892739236354828,100,OK,MAP_UPDATE,OK,VISUAL_INERTIAL
1458,1761213138613,274.7330069541931,144.33149993419647,8.666982874274254,-0.34927546977996826,-0.18477262556552887,-0.18999461829662323,100,OK,MAP_UPDATE,OK,VISUAL_INERTIAL
1459,1761213138629,273.99787306785583,146.8314677476883,6.507400423288345,-0.35305869579315186,-0.18111523985862732,-0.1910894215106964,100,OK,MAP_UPDATE,OK,VISUAL_INERTIAL
1460,1761213138646,273.5083997249603,149.2123007774353,4.36778087168932,-0.3570553660392761,-0.17696022987365723,-0.19218729436397552,100,OK,MAP_UPDATE,OK,VISUAL_INERTIAL
1461,1761213138663,273.7107574939728,151.54416859149933,2.3528041783720255,-0.3615611791610718,-0.17497064173221588,-0.19277572631835938,100,OK,MAP_UPDATE,OK,VISUAL_INERTIAL
1462,1761213138679,274.1032838821411,153.78180146217346,0.3831348440144211,-0.36620399355888367,-0.17466065287590027,-0.19318081438541412,100,OK,MAP_UPDATE,OK,VISUAL_INERTIAL
1463,1761213138696,274.18145537376404,156.18790686130524,-1.5879373531788588,-0.3706234395503998,-0.17337392270565033,-0.19392436742782593,100,OK,MAP_UPDATE,OK,VISUAL_INERTIAL
1464,1761213138713,273.74768257141113,158.51828455924988,-3.462633118033409,-0.37434348464012146,-0.17019276320934296,-0.19527505338191986,100,OK,MAP_UPDATE,OK,VISUAL_INERTIAL
1465,1761213138729,273.4709084033966,160.59084236621857,-5.106518976390362,-0.37750133872032166,-0.16591468453407288,-0.1967400163412094,100,OK,MAP_UPDATE,OK,VISUAL_INERTIAL
1466,1761213138746,273.4823524951935,162.5395119190216,-6.575726438313723,-0.38042235374450684,-0.16266398131847382,-0.1977522373199463,100,OK,MAP_UPDATE,OK,VISUAL_INERTIAL
1467,1761213138763,274.1225063800812,164.35308754444122,-7.94608611613512,-0.38351672887802124,-0.16230618953704834,-0.1981385201215744,100,OK,MAP_UPDATE,OK,VISUAL_INERTIAL
1468,1761213138779,274.9687135219574,165.99979996681213,-9.281104430556297,-0.38680127263069153,-0.16418829560279846,-0.19832584261894226,100,OK,MAP_UPDATE,OK,VISUAL_INERTIAL
1469,1761213138796,275.3499150276184,167.3700213432312,-10.682323947548866,-0.39001306891441345,-0.16559064388275146,-0.19914929568767548,100,OK,MAP_UPDATE,OK,VISUAL_INERTIAL
1470,1761213138813,275.37962794303894,168.43515634536743,-12.1952835470438,-0.3931930959224701,-0.1649455726146698,-0.20070354640483856,100,OK,MAP_UPDATE,OK,VISUAL_INERTIAL
1471,1761213138829,275.1186192035675,169.2700833082199,-13.669573701918125,-0.396382600069046,-0.1627308875322342,-0.20266985893249512,100,OK,MAP_UPDATE,OK,VISUAL_INERTIAL
1472,1761213138846,275.077760219574,169.9976623058319,-15.124193392693996,-0.39972537755966187,-0.1603228598833084,-0.20430663228034973,100,OK,MAP_UPDATE,OK,VISUAL_INERTIAL
1473,1761213138863,275.4066586494446,170.65320909023285,-16.493143513798714,-0.4032503664493561,-0.1590576469898224,-0.2053602784872055,100,OK,MAP_UPDATE,OK,VISUAL_INERTIAL
1474,1761213138879,276.00976824760437,171.32730782032013,-17.77031645178795,-0.4067130386829376,-0.15914352238178253,-0.20601701736450195,100,OK,MAP_UPDATE,OK,VISUAL_INERTIAL
1475,1761213138896,276.7626941204071,172.0007061958313,-19.07668448984623,-0.4100736379623413,-0.16028857231140137,-0.20656579732894897,100,OK,MAP_UPDATE,OK,VISUAL_INERTIAL
1476,1761213138913,277.13528275489807,172.47816920280457,-20.30995488166809,-0.41322293877601624,-0.16096742451190948,-0.20746846497058868,100,OK,MAP_UPDATE,OK,VISUAL_INERTIAL
1477,1761213138929,277.0313024520874,172.68529534339905,-21.405933424830437,-0.4159284234046936,-0.16001743078231812,-0.20882415771484375,100,OK,MAP_UPDATE,OK,VISUAL_INERTIAL
1478,1761213138946,276.8421471118927,172.68256843090057,-22.397343069314957,-0.4183441400527954,-0.15820232033729553,-0.21023809909820557,100,OK,MAP_UPDATE,OK,VISUAL_INERTIAL
1479,1761213138963,276.74758434295654,172.45391011238098,-23.16364087164402,-0.42053037881851196,-0.15639086067676544,-0.21144311130046844,100,OK,MAP_UPDATE,OK,VISUAL_INERTIAL
1480,1761213138979,276.7322063446045,172.0677614212036,-23.656703531742096,-0.4224843680858612,-0.15544317662715912,-0.2121923714876175,100,OK,MAP_UPDATE,OK,VISUAL_INERTIAL
1481,1761213138996,276.81219577789307,171.68444395065308,-23.87082763016224,-0.4242907762527466,-0.15651234984397888,-0.2122010886669159,100,OK,MAP_UPDATE,OK,VISUAL_INERTIAL
1482,1761213139013,276.80763602256775,171.33383452892303,-23.844784125685692,-0.42561739683151245,-0.1594087928533554,-0.21149125695228577,100,OK,MAP_UPDATE,OK,VISUAL_INERTIAL
1483,1761213139029,276.1278450489044,171.10539972782135,-23.480473086237907,-0.42578402161598206,-0.16237559914588928,-0.21042820811271667,100,OK,MAP_UPDATE,OK,VISUAL_INERTIAL
1484,1761213139046,274.2055356502533,170.85500061511993,-22.731393575668335,-0.42394453287124634,-0.16279929876327515,-0.2094273716211319,100,OK,MAP_UPDATE,OK,VISUAL_INERTIAL
1485,1761213139063,271.38736844062805,170.59561610221863,-21.567050367593765,-0.4201371967792511,-0.1599186658859253,-0.2082958072423935,100,OK,MAP_UPDATE,OK,VISUAL_INERTIAL
1486,1761213139079,268.4645354747772,170.43210566043854,-20.04833146929741,-0.4151323735713959,-0.1568356305360794,-0.20615385472774506,100,OK,MAP_UPDATE,OK,VISUAL_INERTIAL
1487,1761213139096,265.8321261405945,170.26664316654205,-18.049433827400208,-0.4094890058040619,-0.15541526675224304,-0.20278175175189972,100,OK,MAP_UPDATE,OK,VISUAL_INERTIAL
1488,1761213139113,263.0116641521454,170.0599044561386,-15.825174748897552,-0.4033852219581604,-0.1549258977174759,-0.1988031268119812,100,OK,MAP_UPDATE,OK,VISUAL_INERTIAL
1489,1761213139129,259.61098074913025,169.58552598953247,-13.497685082256794,-0.3969183564186096,-0.15404817461967468,-0.19471293687820435,100,OK,MAP_UPDATE,OK,VISUAL_INERTIAL
1490,1761213139146,255.52091002464294,168.92129182815552,-11.099515482783318,-0.3904595375061035,-0.1519606113433838,-0.1906721442937851,100,OK,MAP_UPDATE,OK,VISUAL_INERTIAL
1491,1761213139163,250.67386031150818,168.00753772258759,-8.655603043735027,-0.3838081955909729,-0.14825302362442017,-0.18660195171833038,100,OK,MAP_UPDATE,OK,VISUAL_INERTIAL
1492,1761213139179,245.45352160930634,167.11001098155975,-6.345640402287245,-0.37731194496154785,-0.14339247345924377,-0.18223662674427032,100,OK,MAP_UPDATE,OK,VISUAL_INERTIAL
1493,1761213139196,240.25557935237885,166.35805368423462,-4.064935725182295,-0.3711031675338745,-0.13922026753425598,-0.1770525723695755,100,OK,MAP_UPDATE,OK,VISUAL_INERTIAL
1494,1761213139213,235.0977063179016,165.7019853591919,-1.9277181709185243,-0.3651585280895233,-0.1370539516210556,-0.17090052366256714,100,OK,MAP_UPDATE,OK,VISUAL_INERTIAL
1495,1761213139229,229.64133322238922,165.05005955696106,-0.02763461998256389,-0.35928305983543396,-0.13574914634227753,-0.16421177983283997,100,OK,MAP_UPDATE,OK,VISUAL_INERTIAL
1496,1761213139246,223.33094477653503,164.3502414226532,1.6003885539248586,-0.3533954322338104,-0.1333017647266388,-0.1573558896780014,100,OK,MAP_UPDATE,OK,VISUAL_INERTIAL
1497,1761213139263,216.28835797309875,163.43195736408234,2.9697075951844454,-0.3475927710533142,-0.12945833802223206,-0.1504581719636917,100,OK,MAP_UPDATE,OK,VISUAL_INERTIAL
1498,1761213139279,208.9247852563858,162.4569147825241,4.1618854738771915,-0.34226393699645996,-0.12475448846817017,-0.14341501891613007,100,OK,MAP_UPDATE,OK,VISUAL_INERTIAL
1499,1761213139296,201.4138549566269,161.53326630592346,4.923355299979448,-0.33760327100753784,-0.1198975145816803,-0.1361735761165619,100,OK,MAP_UPDATE,OK,VISUAL_INERTIAL
1500,1761213139313,194.3037211894989,160.67755222320557,5.6610568426549435,-0.3333660662174225,-0.11549927294254303,-0.1289987415075302,100,OK,MAP_UPDATE,OK,VISUAL_INERTIAL
1501,1761213139329,187.16122210025787,159.76525843143463,6.273280363529921,-0.3293587565422058,-0.11228900402784348,-0.12185876071453094,100,OK,MAP_UPDATE,OK,VISUAL_INERTIAL
1502,1761213139346,180.23765087127686,158.8672697544098,6.797625683248043,-0.3254924714565277,-0.11001664400100708,-0.11478757858276367,100,OK,MAP_UPDATE,OK,VISUAL_INERTIAL
1503,1761213139363,173.14240336418152,158.34781527519226,7.15041346848011,-0.3220333755016327,-0.10775621235370636,-0.10820931196212769,100,OK,MAP_UPDATE,OK,VISUAL_INERTIAL
1504,1761213139379,165.86776077747345,157.61931240558624,7.361914496868849,-0.31867751479148865,-0.104550801217556,-0.10204195976257324,100,OK,MAP_UPDATE,OK,VISUAL_INERTIAL
1505,1761213139398,158.02375972270966,156.81344270706177,7.464227732270956,-0.3156358301639557,-0.10096009075641632,-0.09590843319892883,100,OK,MAP_UPDATE,OK,VISUAL_INERTIAL
1506,1761213139413,151.5839695930481,156.37224912643433,7.4807205237448215,-0.3132055401802063,-0.09789635986089706,-0.09077682346105576,100,OK,MAP_UPDATE,OK,VISUAL_INERTIAL
1507,1761213139429,144.25890147686005,155.99124133586884,7.514767814427614,-0.3107204735279083,-0.09471666067838669,-0.08503825962543488,100,OK,MAP_UPDATE,OK,VISUAL_INERTIAL
1508,1761213139446,136.94319128990173,155.69141507148743,7.54066277295351,-0.30836236476898193,-0.09102015942335129,-0.07973580807447433,100,OK,MAP_UPDATE,OK,VISUAL_INERTIAL
1509,1761213139463,129.67605888843536,155.39899468421936,7.595766801387072,-0.30598485469818115,-0.08679725974798203,-0.074712835252285,100,OK,MAP_UPDATE,OK,VISUAL_INERTIAL
1510,1761213139479,122.37098813056946,155.20088374614716,7.67475413158536,-0.30373600125312805,-0.08271615207195282,-0.06948594003915787,100,OK,MAP_UPDATE,OK,VISUAL_INERTIAL
1511,1761213139496,115.11174589395523,155.01952171325684,7.782713510096073,-0.30154499411582947,-0.07882177084684372,-0.06398829072713852,100,OK,MAP_UPDATE,OK,VISUAL_INERTIAL
1512,1761213139513,107.7134981751442,154.95291352272034,7.888106629252434,-0.29941850900650024,-0.07447037845849991,-0.05823562294244766,100,OK,MAP_UPDATE,OK,VISUAL_INERTIAL
1513,1761213139529,100.16590356826782,154.93857860565186,7.98858143389225,-0.2973075211048126,-0.06937418133020401,-0.05237288028001785,100,OK,MAP_UPDATE,OK,VISUAL_INERTIAL
1514,1761213139546,92.40739047527313,154.986634850502,8.190379478037357,-0.2952549457550049,-0.06423334032297134,-0.04614795371890068,100,OK,MAP_UPDATE,OK,VISUAL_INERTIAL
1515,1761213139563,84.71012860536575,155.01883625984192,8.548732846975327,-0.2932160198688507,-0.0593886636197567,-0.039626289159059525,100,OK,MAP_UPDATE,OK,VISUAL_INERTIAL
1516,1761213139579,76.84717327356339,154.96499836444855,9.07408818602562,-0.2911701202392578,-0.055000413209199905,-0.032642215490341187,100,OK,MAP_UPDATE,OK,VISUAL_INERTIAL
1517,1761213139596,68.91964375972748,154.69594299793243,9.647298604249954,-0.28900259733200073,-0.05154021829366684,-0.025361577048897743,100,OK,MAP_UPDATE,OK,VISUAL_INERTIAL
1518,1761213139613,60.717035084962845,154.22281622886658,10.197234340012074,-0.2865525484085083,-0.04827830195426941,-0.01763884164392948,100,OK,MAP_UPDATE,OK,VISUAL_INERTIAL
1519,1761213139629,52.343931049108505,153.69883179664612,10.904611088335514,-0.2840370237827301,-0.04465584456920624,-0.009944604709744453,100,OK,MAP_UPDATE,OK,VISUAL_INERTIAL
1520,1761213139646,43.94815117120743,153.08867394924164,11.720349080860615,-0.2813197374343872,-0.04069332033395767,-0.0021945182234048843,100,OK,MAP_UPDATE,OK,VISUAL_INERTIAL
1521,1761213139663,35.48143431544304,152.71969139575958,12.686248868703842,-0.278572142124176,-0.0363190583884716,0.0054703326895833015,100,OK,MAP_UPDATE,OK,VISUAL_INERTIAL
1522,1761213139679,27.193956077098846,152.2146314382553,13.848481699824333,-0.2756021320819855,-0.03169071674346924,0.013308832421898842,100,OK,MAP_UPDATE,OK,VISUAL_INERTIAL
1523,1761213139696,19.00986209511757,151.70155465602875,15.21677803248167,-0.27256450057029724,-0.02772357687354088,0.0213457103818655,100,OK,MAP_UPDATE,OK,VISUAL_INERTIAL
1524,1761213139713,10.877752676606178,151.31959319114685,16.76023192703724,-0.2696360945701599,-0.024973995983600616,0.029901137575507164,100,OK,MAP_UPDATE,OK,VISUAL_INERTIAL
1525,1761213139729,2.930521499365568,150.86819231510162,18.367057666182518,-0.26663267612457275,-0.02300959825515747,0.03849290311336517,100,OK,MAP_UPDATE,OK,VISUAL_INERTIAL
1526,1761213139746,-5.3696418181061745,150.4485309123993,19.998136907815933,-0.2635563611984253,-0.021000884473323822,0.04729613661766052,100,OK,MAP_UPDATE,OK,VISUAL_INERTIAL
1527,1761213139763,-5.3696418181061745,150.4485309123993,19.998136907815933,-0.2635563611984253,-0.021000884473323822,0.04729613661766052,100,OK,MAP_UPDATE,OK,VISUAL_INERTIAL
1528,1761213139779,-22.607633844017982,149.41121637821198,22.996725514531136,-0.25687533617019653,-0.014875231310725212,0.06473961472511292,100,OK,MAP_UPDATE,OK,VISUAL_INERTIAL
1529,1761213139796,-31.45826980471611,148.7613469362259,24.890663102269173,-0.2533639371395111,-0.01123848557472229,0.0739692747592926,100,OK,MAP_UPDATE,OK,VISUAL_INERTIAL
1530,1761213139813,-40.02727568149567,148.02294969558716,26.821129024028778,-0.24984730780124664,-0.008975428529083729,0.08342082798480988,100,OK,MAP_UPDATE,OK,VISUAL_INERTIAL
1531,1761213139829,-48.30865561962128,147.315114736557,28.91140803694725,-0.2464333474636078,-0.007611256092786789,0.09296301752328873,100,OK,MAP_UPDATE,OK,VISUAL_INERTIAL
1532,1761213139846,-56.71955272555351,146.76867425441742,30.91614879667759,-0.24327880144119263,-0.00632890872657299,0.10224118083715439,100,OK,MAP_UPDATE,OK,VISUAL_INERTIAL
1533,1761213139863,-65.2729794383049,146.19888365268707,32.83659368753433,-0.24020054936408997,-0.004341792780905962,0.11113779991865158,100,OK,MAP_UPDATE,OK,VISUAL_INERTIAL
1534,1761213139879,-73.93032312393188,145.59148252010345,34.72110629081726,-0.2371370643377304,-0.0012797190574929118,0.11958399415016174,100,OK,MAP_UPDATE,OK,VISUAL_INERTIAL
1535,1761213139896,-82.45784789323807,145.02237737178802,36.59485653042793,-0.2340908944606781,0.0017899256199598312,0.12783022224903107,100,OK,MAP_UPDATE,OK,VISUAL_INERTIAL
1536,1761213139913,-90.3523713350296,144.28184926509857,38.521040230989456,-0.23069360852241516,0.003629059763625264,0.13581138849258423,100,OK,MAP_UPDATE,OK,VISUAL_INERTIAL
1537,1761213139929,-97.63040393590927,143.69936287403107,40.465399622917175,-0.2272558957338333,0.004210775718092918,0.14366623759269714,100,OK,MAP_UPDATE,OK,VISUAL_INERTIAL
1538,1761213139946,-105.14267534017563,143.04833114147186,42.330313473939896,-0.22362495958805084,0.0050896103493869305,0.15110263228416443,100,OK,MAP_UPDATE,OK,VISUAL_INERTIAL
1539,1761213139963,-113.01891505718231,142.15385913848877,44.06246170401573,-0.2200663834810257,0.008023153990507126,0.15794485807418823,100,OK,MAP_UPDATE,OK,VISUAL_INERTIAL
1540,1761213139979,-121.03123217821121,141.06954634189606,45.74589058756828,-0.2166246920824051,0.01204410195350647,0.16463474929332733,100,OK,MAP_UPDATE,OK,VISUAL_INERTIAL
1541,1761213139996,-128.64799797534943,140.00853896141052,47.357454895973206,-0.21336629986763,0.01558163482695818,0.17117680609226227,100,OK,MAP_UPDATE,OK,VISUAL_INERTIAL
1542,1761213140013,-135.91787219047546,138.84936273097992,49.258243292570114,-0.2099265158176422,0.018791377544403076,0.1780526489019394,100,OK,MAP_UPDATE,OK,VISUAL_INERTIAL
1543,1761213140029,-142.91797578334808,137.75402307510376,51.16376653313637,-0.20650213956832886,0.02112768217921257,0.1847372055053711,100,OK,MAP_UPDATE,OK,VISUAL_INERTIAL
1544,1761213140046,-149.866983294487,136.6809755563736,53.066425025463104,-0.2030859738588333,0.023050980642437935,0.19111011922359467,100,OK,MAP_UPDATE,OK,VISUAL_INERTIAL
1545,1761213140063,-156.6920131444931,135.58678328990936,54.933030158281326,-0.19957460463047028,0.025499975308775902,0.19710995256900787,100,OK,MAP_UPDATE,OK,VISUAL_INERTIAL
1546,1761213140079,-163.31680119037628,134.7908228635788,56.6115640103817,-0.196308434009552,0.028394367545843124,0.202631413936615,100,OK,MAP_UPDATE,OK,VISUAL_INERTIAL
1547,1761213140096,-169.99490559101105,133.99535417556763,58.06998163461685,-0.1932150423526764,0.03183627128601074,0.20786601305007935,100,OK,MAP_UPDATE,OK,VISUAL_INERTIAL
1548,1761213140113,-176.63608491420746,133.27080011367798,59.52024087309837,-0.19033211469650269,0.035513684153556824,0.21285346150398254,100,OK,MAP_UPDATE,OK,VISUAL_INERTIAL
1549,1761213140129,-183.0224245786667,132.33357667922974,61.01715564727783,-0.18747200071811676,0.0389285609126091,0.2177714854478836,100,OK,MAP_UPDATE,OK,VISUAL_INERTIAL
1550,1761213140146,-189.09555673599243,130.99032640457153,62.48882785439491,-0.184639573097229,0.04217708855867386,0.22248849272727966,100,OK,MAP_UPDATE,OK,VISUAL_INERTIAL
1551,1761213140163,-195.11713087558746,129.70168888568878,63.91672044992447,-0.1822820007801056,0.046235766261816025,0.22695201635360718,100,OK,MAP_UPDATE,OK,VISUAL_INERTIAL
1552,1761213140179,-201.14445686340332,128.3654123544693,65.1564821600914,-0.18034003674983978,0.050805289298295975,0.23120065033435822,100,OK,MAP_UPDATE,OK,VISUAL_INERTIAL
1553,1761213140196,-207.07157254219055,126.94619596004486,66.34402275085449,-0.1786169856786728,0.05547600984573364,0.23542991280555725,100,OK,MAP_UPDATE,OK,VISUAL_INERTIAL
1554,1761213140213,-212.77981996536255,125.59877336025238,67.51991808414459,-0.17711712419986725,0.0597386360168457,0.24001820385456085,100,OK,MAP_UPDATE,OK,VISUAL_INERTIAL
1555,1761213140229,-218.304842710495,124.16528165340424,68.5218870639801,-0.17564065754413605,0.06268592923879623,0.2449483424425125,100,OK,MAP_UPDATE,OK,VISUAL_INERTIAL
1556,1761213140246,-223.56294095516205,122.5471943616867,69.40128654241562,-0.17423364520072937,0.06494634598493576,0.24999378621578217,100,OK,MAP_UPDATE,OK,VISUAL_INERTIAL
1557,1761213140263,-229.46859896183014,120.64103037118912,69.87112015485764,-0.1733636111021042,0.06783387809991837,0.2549189031124115,100,OK,MAP_UPDATE,OK,VISUAL_INERTIAL
1558,1761213140279,-235.36738753318787,118.90493333339691,70.16993314027786,-0.17309127748012543,0.07159250229597092,0.25970458984375,100,OK,MAP_UPDATE,OK,VISUAL_INERTIAL
1559,1761213140296,-241.10819399356842,116.83434993028641,70.37997245788574,-0.172758549451828,0.07429078966379166,0.2646728456020355,100,OK,MAP_UPDATE,OK,VISUAL_INERTIAL
1560,1761213140313,-246.52738869190216,114.88547921180725,70.5459713935852,-0.17235927283763885,0.0753631591796875,0.2697198688983917,100,OK,MAP_UPDATE,OK,VISUAL_INERTIAL
1561,1761213140329,-251.86163187026978,112.69327998161316,70.64127177000046,-0.17174826562404633,0.07635011523962021,0.27484363317489624,100,OK,MAP_UPDATE,OK,VISUAL_INERTIAL
1562,1761213140346,-257.5552761554718,110.55101454257965,70.58999687433243,-0.17147356271743774,0.07866047322750092,0.27974915504455566,100,OK,MAP_UPDATE,OK,VISUAL_INERTIAL
1563,1761213140363,-263.15754652023315,108.48779231309891,70.54271548986435,-0.17142429947853088,0.08188802003860474,0.2846043109893799,100,OK,MAP_UPDATE,OK,VISUAL_INERTIAL
1564,1761213140379,-268.4667110443115,106.5836176276207,70.61933726072311,-0.17152808606624603,0.0850876197218895,0.28940263390541077,100,OK,MAP_UPDATE,OK,VISUAL_INERTIAL
1565,1761213140396,-273.58943223953247,104.64026778936386,70.83047926425934,-0.17151597142219543,0.08756123483181,0.2943802773952484,100,OK,MAP_UPDATE,OK,VISUAL_INERTIAL
1566,1761213140413,-278.5140573978424,102.67001390457153,71.08093798160553,-0.17134006321430206,0.08936738967895508,0.29945576190948486,100,OK,MAP_UPDATE,OK,VISUAL_INERTIAL
1567,1761213140430,-283.590704202652,100.3565639257431,71.21437788009644,-0.17084580659866333,0.09089650958776474,0.30483174324035645,100,OK,MAP_UPDATE,OK,VISUAL_INERTIAL
1568,1761213140446,-288.7048125267029,97.93373197317123,71.53092324733734,-0.17027300596237183,0.09310026466846466,0.3100288510322571,100,OK,MAP_UPDATE,OK,VISUAL_INERTIAL
1569,1761213140463,-293.73520612716675,95.37558257579803,71.95419073104858,-0.16957558691501617,0.09555685520172119,0.3153672218322754,100,OK,MAP_UPDATE,OK,VISUAL_INERTIAL
1570,1761213140480,-298.57009649276733,92.84725040197372,72.46136665344238,-0.1687416434288025,0.09780682623386383,0.3206208050251007,100,OK,MAP_UPDATE,OK,VISUAL_INERTIAL
1571,1761213140496,-303.29981446266174,89.99577164649963,72.84431904554367,-0.16768160462379456,0.09966745227575302,0.32565179467201233,100,OK,MAP_UPDATE,OK,VISUAL_INERTIAL
1572,1761213140513,-307.90844559669495,87.0809331536293,73.32251220941544,-0.1664862036705017,0.10164632648229599,0.33049914240837097,100,OK,MAP_UPDATE,OK,VISUAL_INERTIAL
1573,1761213140529,-312.360554933548,84.15952324867249,73.87057691812515,-0.165105402469635,0.10362149775028229,0.3348904252052307,100,OK,MAP_UPDATE,OK,VISUAL_INERTIAL
1574,1761213140546,-316.72969460487366,81.31735771894455,74.55126196146011,-0.1637328565120697,0.10601289570331573,0.33870792388916016,100,OK,MAP_UPDATE,OK,VISUAL_INERTIAL
1575,1761213140563,-321.1059272289276,78.58646661043167,75.35702735185623,-0.1625685840845108,0.10948158800601959,0.3419337570667267,100,OK,MAP_UPDATE,OK,VISUAL_INERTIAL
1576,1761213140579,-325.26570558547974,75.82167536020279,76.14276558160782,-0.16149775683879852,0.11373059451580048,0.3447853922843933,100,OK,MAP_UPDATE,OK,VISUAL_INERTIAL
1577,1761213140596,-328.9183974266052,73.04806262254715,76.94810628890991,-0.16034337878227234,0.11749967187643051,0.3475343883037567,100,OK,MAP_UPDATE,OK,VISUAL_INERTIAL
1578,1761213140613,-332.3167562484741,70.45707106590271,77.79344171285629,-0.15917065739631653,0.12049068510532379,0.35021618008613586,100,OK,MAP_UPDATE,OK,VISUAL_INERTIAL
1579,1761213140629,-335.60818433761597,67.83676147460938,78.67714762687683,-0.15785536170005798,0.12290749698877335,0.35281842947006226,100,OK,MAP_UPDATE,OK,VISUAL_INERTIAL
1580,1761213140646,-338.5773301124573,65.3684213757515,79.61127907037735,-0.15655212104320526,0.12564319372177124,0.35521310567855835,100,OK,MAP_UPDATE,OK,VISUAL_INERTIAL
1581,1761213140663,-341.5122628211975,62.629640102386475,80.5787444114685,-0.15517756342887878,0.12901504337787628,0.357451856136322,100,OK,MAP_UPDATE,OK,VISUAL_INERTIAL
1582,1761213140679,-344.39051151275635,59.94579568505287,81.54015243053436,-0.15388928353786469,0.1327504813671112,0.3595232367515564,100,OK,MAP_UPDATE,OK,VISUAL_INERTIAL
1583,1761213140696,-347.0238447189331,57.32279270887375,82.53546059131622,-0.1525530219078064,0.13620920479297638,0.3615263104438782,100,OK,MAP_UPDATE,OK,VISUAL_INERTIAL
1584,1761213140713,-349.2649495601654,54.714106023311615,83.50274711847305,-0.1510237455368042,0.1388813704252243,0.3636084198951721,100,OK,MAP_UPDATE,OK,VISUAL_INERTIAL
1585,1761213140729,-351.4834940433502,52.143506705760956,84.27168428897858,-0.14934971928596497,0.14083541929721832,0.365457147359848,100,OK,MAP_UPDATE,OK,VISUAL_INERTIAL
1586,1761213140746,-353.55305671691895,49.82740059494972,85.18719673156738,-0.14774587750434875,0.1433905065059662,0.36687466502189636,100,OK,MAP_UPDATE,OK,VISUAL_INERTIAL
1587,1761213140763,-355.5023670196533,47.79772087931633,86.26967668533325,-0.1461380273103714,0.14640113711357117,0.3679291605949402,100,OK,MAP_UPDATE,OK,VISUAL_INERTIAL
1588,1761213140779,-357.10254311561584,45.848798006772995,87.5789076089859,-0.144261434674263,0.14922915399074554,0.36877450346946716,100,OK,MAP_UPDATE,OK,VISUAL_INERTIAL
1589,1761213140796,-358.34208130836487,44.20316591858864,88.95400911569595,-0.14226236939430237,0.15175393223762512,0.3693813979625702,100,OK,MAP_UPDATE,OK,VISUAL_INERTIAL
1590,1761213140813,-359.1129779815674,42.83345863223076,90.42929857969284,-0.14004382491111755,0.1538943201303482,0.36973655223846436,100,OK,MAP_UPDATE,OK,VISUAL_INERTIAL
1591,1761213140829,-359.59747433662415,41.771501302719116,91.99964255094528,-0.13761137425899506,0.15591996908187866,0.3696309030056,100,OK,MAP_UPDATE,OK,VISUAL_INERTIAL
1592,1761213140846,-359.65996980667114,41.11550748348236,93.69584172964096,-0.1351594477891922,0.15817993879318237,0.3689402639865875,100,OK,MAP_UPDATE,OK,VISUAL_INERTIAL
1593,1761213140863,-359.15544629096985,40.845662355422974,95.4447016119957,-0.13250060379505157,0.16023224592208862,0.3678498864173889,100,OK,MAP_UPDATE,OK,VISUAL_INERTIAL
1594,1761213140879,-358.03574323654175,40.92027619481087,97.38554060459137,-0.12948502600193024,0.16157175600528717,0.36617621779441833,100,OK,MAP_UPDATE,OK,VISUAL_INERTIAL
1595,1761213140896,-356.3336730003357,41.3251556456089,99.44522380828857,-0.12611830234527588,0.1622166931629181,0.3638589382171631,100,OK,MAP_UPDATE,OK,VISUAL_INERTIAL
1596,1761213140913,-354.13384437561035,42.131103575229645,101.61268711090088,-0.12254627048969269,0.16267766058444977,0.36073634028434753,100,OK,MAP_UPDATE,OK,VISUAL_INERTIAL
1597,1761213140929,-351.50715708732605,43.27824339270592,103.9164587855339,-0.11888482421636581,0.16346827149391174,0.3567555844783783,100,OK,MAP_UPDATE,OK,VISUAL_INERTIAL
1598,1761213140946,-348.3525812625885,44.78021338582039,106.4022034406662,-0.11522087454795837,0.16447138786315918,0.3519710898399353,100,OK,MAP_UPDATE,OK,VISUAL_INERTIAL
1599,1761213140963,-344.6556329727173,46.59738019108772,108.94671082496643,-0.11171149462461472,0.1657162308692932,0.3464832901954651,100,OK,MAP_UPDATE,OK,VISUAL_INERTIAL
1600,1761213140979,-340.18248319625854,48.721667379140854,111.65893822908401,-0.1082116961479187,0.16652028262615204,0.34035518765449524,100,OK,MAP_UPDATE,OK,VISUAL_INERTIAL
1601,1761213140996,-335.084468126297,51.120053976774216,114.39400911331177,-0.1046995222568512,0.16699717938899994,0.3334571421146393,100,OK,MAP_UPDATE,OK,VISUAL_INERTIAL
1602,1761213141013,-329.5517563819885,53.81513759493828,117.1737015247345,-0.1012812927365303,0.1677708625793457,0.32572028040885925,100,OK,MAP_UPDATE,OK,VISUAL_INERTIAL
1603,1761213141029,-323.525995016098,56.64893984794617,120.04275619983673,-0.09781219810247421,0.1689750701189041,0.31729936599731445,100,OK,MAP_UPDATE,OK,VISUAL_INERTIAL
1604,1761213141046,-317.1332776546478,59.727247804403305,122.84981459379196,-0.09432540088891983,0.17050506174564362,0.3083563446998596,100,OK,MAP_UPDATE,OK,VISUAL_INERTIAL
1605,1761213141063,-309.95768308639526,63.017018139362335,125.82150101661682,-0.09047513455152512,0.17136947810649872,0.29903748631477356,100,OK,MAP_UPDATE,OK,VISUAL_INERTIAL
1606,1761213141079,-302.2315800189972,66.39271974563599,128.85594367980957,-0.08626481890678406,0.1712934523820877,0.28941109776496887,100,OK,MAP_UPDATE,OK,VISUAL_INERTIAL
1607,1761213141096,-294.31402683258057,69.86408680677414,131.94960355758667,-0.08199291676282883,0.17143841087818146,0.279388964176178,100,OK,MAP_UPDATE,OK,VISUAL_INERTIAL
1608,1761213141113,-286.2926423549652,73.41744750738144,134.95856523513794,-0.0778263509273529,0.17237740755081177,0.26895490288734436,100,OK,MAP_UPDATE,OK,VISUAL_INERTIAL
1609,1761213141129,-277.9076099395752,76.68673992156982,138.03550601005554,-0.07368121296167374,0.17408645153045654,0.2583717405796051,100,OK,MAP_UPDATE,OK,VISUAL_INERTIAL
1610,1761213141146,-269.4026231765747,80.03275096416473,141.02397859096527,-0.06964045017957687,0.17588528990745544,0.2477053850889206,100,OK,MAP_UPDATE,OK,VISUAL_INERTIAL
1611,1761213141163,-260.52021980285645,83.36938172578812,143.8891887664795,-0.06550100445747375,0.17684565484523773,0.2369220107793808,100,OK,MAP_UPDATE,OK,VISUAL_INERTIAL
1612,1761213141179,-251.32673978805542,86.56402677297592,146.7747986316681,-0.061317507177591324,0.1772816777229309,0.22592082619667053,100,OK,MAP_UPDATE,OK,VISUAL_INERTIAL
1613,1761213141196,-242.29660630226135,89.50706571340561,149.29111301898956,-0.05737756937742233,0.17816725373268127,0.21481139957904816,100,OK,MAP_UPDATE,OK,VISUAL_INERTIAL
1614,1761213141213,-233.06819796562195,92.53710508346558,151.79458260536194,-0.05370989441871643,0.1793585866689682,0.20322777330875397,100,OK,MAP_UPDATE,OK,VISUAL_INERTIAL
1615,1761213141229,-223.56870770454407,95.63647210597992,154.2481929063797,-0.050344761461019516,0.18047025799751282,0.19155678153038025,100,OK,MAP_UPDATE,OK,VISUAL_INERTIAL
1616,1761213141246,-214.10740911960602,98.67864847183228,156.5326303243637,-0.04722452536225319,0.1816914975643158,0.1799490600824356,100,OK,MAP_UPDATE,OK,VISUAL_INERTIAL
1617,1761213141263,-204.6443223953247,101.96065157651901,158.63282978534698,-0.04440140724182129,0.18269319832324982,0.1684333086013794,100,OK,MAP_UPDATE,OK,VISUAL_INERTIAL
1618,1761213141279,-195.08971273899078,105.06495833396912,160.66114604473114,-0.04142933711409569,0.18378163874149323,0.15671192109584808,100,OK,MAP_UPDATE,OK,VISUAL_INERTIAL
1619,1761213141296,-185.1433962583542,108.21444541215897,162.67959773540497,-0.038468293845653534,0.18496264517307281,0.14473681151866913,100,OK,MAP_UPDATE,OK,VISUAL_INERTIAL
1620,1761213141313,-175.34133791923523,111.16272211074829,164.49058055877686,-0.03575565293431282,0.18607152998447418,0.13295112550258636,100,OK,MAP_UPDATE,OK,VISUAL_INERTIAL
1621,1761213141329,-165.39767384529114,113.93637210130692,166.07500612735748,-0.03338154777884483,0.18754413723945618,0.12101349979639053,100,OK,MAP_UPDATE,OK,VISUAL_INERTIAL
1622,1761213141346,-155.3422063589096,116.4303570985794,167.5325632095337,-0.03127708286046982,0.1885838806629181,0.10932433605194092,100,OK,MAP_UPDATE,OK,VISUAL_INERTIAL
1623,1761213141363,-145.19529044628143,118.90221387147903,168.9181625843048,-0.02929183654487133,0.1887872964143753,0.09781333059072495,100,OK,MAP_UPDATE,OK,VISUAL_INERTIAL
1624,1761213141379,-135.0463330745697,121.34206295013428,170.30416429042816,-0.02730376273393631,0.1888725310564041,0.08620548248291016,100,OK,MAP_UPDATE,OK,VISUAL_INERTIAL
1625,1761213141396,-124.88498538732529,123.5421746969223,171.6751754283905,-0.025189727544784546,0.18935279548168182,0.07452931255102158,100,OK,MAP_UPDATE,OK,VISUAL_INERTIAL
1626,1761213141413,-114.89344388246536,125.51949918270111,173.08329045772552,-0.023026367649435997,0.18973156809806824,0.06296385824680328,100,OK,MAP_UPDATE,OK,VISUAL_INERTIAL
1627,1761213141429,-104.86196726560593,127.36667692661285,174.42479729652405,-0.020892668515443802,0.19009624421596527,0.05149630829691887,100,OK,MAP_UPDATE,OK,VISUAL_INERTIAL
1628,1761213141446,-94.88975256681442,128.7483423948288,175.77214539051056,-0.018533792346715927,0.19081474840641022,0.0401909239590168,100,OK,MAP_UPDATE,OK,VISUAL_INERTIAL
1629,1761213141463,-84.99232679605484,129.83211874961853,177.15437710285187,-0.015996592119336128,0.19170479476451874,0.028907904401421547,100,OK,MAP_UPDATE,OK,VISUAL_INERTIAL
1630,1761213141479,-74.9618336558342,130.67221641540527,178.5302311182022,-0.013202962465584278,0.19217059016227722,0.017739756032824516,100,OK,MAP_UPDATE,OK,VISUAL_INERTIAL
1631,1761213141496,-64.99747931957245,131.31199777126312,180.01092970371246,-0.01025800034403801,0.1917707771062851,0.006792901549488306,100,OK,MAP_UPDATE,OK,VISUAL_INERTIAL
1632,1761213141513,-55.21469563245773,131.65012001991272,181.41254782676697,-0.0072808344848454,0.19137413799762726,-0.003890516934916377,100,OK,MAP_UPDATE,OK,VISUAL_INERTIAL
1633,1761213141529,-45.85583135485649,131.74334168434143,182.82735347747803,-0.004398454912006855,0.19224593043327332,-0.014303140342235565,100,OK,MAP_UPDATE,OK,VISUAL_INERTIAL
1634,1761213141546,-36.51563078165054,131.58801198005676,184.22849476337433,-0.001596141024492681,0.19384565949440002,-0.024407438933849335,100,OK,MAP_UPDATE,OK,VISUAL_INERTIAL
1635,1761213141563,-27.23250910639763,131.3277930021286,185.5349987745285,0.0011396188056096435,0.1954205483198166,-0.03425263240933418,100,OK,MAP_UPDATE,OK,VISUAL_INERTIAL
1636,1761213141579,-17.660589888691902,131.02257251739502,186.80083751678467,0.0036810969468206167,0.19683730602264404,-0.044076528400182724,100,OK,MAP_UPDATE,OK,VISUAL_INERTIAL
1637,1761213141596,-8.04298184812069,130.61948120594025,187.89009749889374,0.005991482641547918,0.19773554801940918,-0.05383102968335152,100,OK,MAP_UPDATE,OK,VISUAL_INERTIAL
1638,1761213141613,1.5625321539118886,129.99939918518066,188.88020515441895,0.008134845644235611,0.1984032839536667,-0.06369299441576004,100,OK,MAP_UPDATE,OK,VISUAL_INERTIAL
1639,1761213141629,10.972237214446068,129.1629523038864,189.8384690284729,0.010134275071322918,0.19970941543579102,-0.07360793650150299,100,OK,MAP_UPDATE,OK,VISUAL_INERTIAL
1640,1761213141646,20.245956256985664,128.218874335289,190.76529145240784,0.012142262421548367,0.20171992480754852,-0.08369762450456619,100,OK,MAP_UPDATE,OK,VISUAL_INERTIAL
1641,1761213141663,29.582282528281212,127.05568969249725,191.64368510246277,0.014237793162465096,0.20409028232097626,-0.09388604015111923,100,OK,MAP_UPDATE,OK,VISUAL_INERTIAL
1642,1761213141679,38.99643197655678,125.57728588581085,192.50252842903137,0.016472743824124336,0.20606361329555511,-0.10410090535879135,100,OK,MAP_UPDATE,OK,VISUAL_INERTIAL
1643,1761213141696,48.63090440630913,123.97117912769318,193.2172179222107,0.018615994602441788,0.2070738524198532,-0.11453129351139069,100,OK,MAP_UPDATE,OK,VISUAL_INERTIAL
1644,1761213141713,58.188144117593765,122.13853746652603,193.74078512191772,0.02067829668521881,0.20822350680828094,-0.12501654028892517,100,OK,MAP_UPDATE,OK,VISUAL_INERTIAL
1645,1761213141729,67.40927696228027,120.00817060470581,194.33298707008362,0.02285892143845558,0.2107609361410141,-0.13572466373443604,100,OK,MAP_UPDATE,OK,VISUAL_INERTIAL
1646,1761213141746,76.53355598449707,117.89680272340775,195.03463804721832,0.024906015023589134,0.21444956958293915,-0.1466476172208786,100,OK,MAP_UPDATE,OK,VISUAL_INERTIAL
1647,1761213141763,85.78524738550186,115.51432311534882,195.73573768138885,0.027078425511717796,0.21823342144489288,-0.1576658934354782,100,OK,MAP_UPDATE,OK,VISUAL_INERTIAL
1648,1761213141779,95.13437002897263,112.96827346086502,196.3050216436386,0.0292821042239666,0.22103413939476013,-0.16872282326221466,100,OK,MAP_UPDATE,OK,VISUAL_INERTIAL
1649,1761213141796,104.59809750318527,110.23677885532379,196.8109756708145,0.03148738667368889,0.22282284498214722,-0.17979148030281067,100,OK,MAP_UPDATE,OK,VISUAL_INERTIAL
1650,1761213141813,113.88940364122391,107.31036961078644,197.21294939517975,0.03381121903657913,0.2242862582206726,-0.1908493936061859,100,OK,MAP_UPDATE,OK,VISUAL_INERTIAL
1651,1761213141829,122.80994653701782,104.03335839509964,197.63359427452087,0.036290835589170456,0.2261127531528473,-0.20185300707817078,100,OK,MAP_UPDATE,OK,VISUAL_INERTIAL
1652,1761213141846,131.5452605485916,100.16248375177383,197.9457437992096,0.038902319967746735,0.22870095074176788,-0.2125903218984604,100,OK,MAP_UPDATE,OK,VISUAL_INERTIAL
1653,1761213141863,140.1243507862091,96.26620262861252,198.23041558265686,0.04129205271601677,0.2309814691543579,-0.22324682772159576,100,OK,MAP_UPDATE,OK,VISUAL_INERTIAL
1654,1761213141879,148.79944920539856,92.32684969902039,198.36416840553284,0.04324416071176529,0.23159755766391754,-0.23383507132530212,100,OK,MAP_UPDATE,OK,VISUAL_INERTIAL
1655,1761213141896,157.00218081474304,88.32220733165741,198.32158088684082,0.04498322680592537,0.23165485262870789,-0.24414409697055817,100,OK,MAP_UPDATE,OK,VISUAL_INERTIAL
1656,1761213141913,164.97816145420074,84.27508175373077,198.19959998130798,0.046572327613830566,0.2325001358985901,-0.2543775141239166,100,OK,MAP_UPDATE,OK,VISUAL_INERTIAL
1657,1761213141929,172.29759693145752,80.09769767522812,197.98801839351654,0.048042137175798416,0.23387552797794342,-0.2642258405685425,100,OK,MAP_UPDATE,OK,VISUAL_INERTIAL
1658,1761213141946,179.25478518009186,75.88768005371094,197.73051142692566,0.049204837530851364,0.23547250032424927,-0.2733687162399292,100,OK,MAP_UPDATE,OK,VISUAL_INERTIAL
1659,1761213141963,185.80324947834015,71.67869061231613,197.3356455564499,0.05014237016439438,0.23649322986602783,-0.281466543674469,100,OK,MAP_UPDATE,OK,VISUAL_INERTIAL
1660,1761213141979,192.08574295043945,67.6647201180458,196.76345586776733,0.050689078867435455,0.23559531569480896,-0.2885376513004303,100,OK,MAP_UPDATE,OK,VISUAL_INERTIAL
1661,1761213141996,197.78898358345032,63.88098746538162,195.99154591560364,0.0510091669857502,0.23410844802856445,-0.2946755290031433,100,OK,MAP_UPDATE,OK,VISUAL_INERTIAL
1662,1761213142013,202.51263678073883,60.245804488658905,195.2233910560608,0.05141039192676544,0.23333947360515594,-0.2999515235424042,100,OK,MAP_UPDATE,OK,VISUAL_INERTIAL
1663,1761213142029,206.55593276023865,56.72546848654747,194.36156749725342,0.05165526270866394,0.232827827334404,-0.304481565952301,100,OK,MAP_UPDATE,OK,VISUAL_INERTIAL
1664,1761213142046,210.29424667358398,53.445588797330856,193.38323175907135,0.051400769501924515,0.23142941296100616,-0.3082437217235565,100,OK,MAP_UPDATE,OK,VISUAL_INERTIAL
1665,1761213142063,213.67157995700836,50.27163028717041,192.20168888568878,0.050888217985630035,0.229494109749794,-0.3112656772136688,100,OK,MAP_UPDATE,OK,VISUAL_INERTIAL
1666,1761213142079,216.46085381507874,47.52498120069504,190.87712466716766,0.04998282715678215,0.22702601552009583,-0.31353527307510376,100,OK,MAP_UPDATE,OK,VISUAL_INERTIAL
1667,1761213142096,218.66875886917114,45.18502950668335,189.50895965099335,0.048817187547683716,0.22446304559707642,-0.31526029109954834,100,OK,MAP_UPDATE,OK,VISUAL_INERTIAL
1668,1761213142113,220.19235789775848,43.21128875017166,187.98072636127472,0.04737525433301926,0.2220294028520584,-0.3164173662662506,100,OK,MAP_UPDATE,OK,VISUAL_INERTIAL
1669,1761213142129,220.95035016536713,42.08577051758766,186.59822642803192,0.04526715725660324,0.21986310184001923,-0.3168362081050873,100,OK,MAP_UPDATE,OK,VISUAL_INERTIAL
1670,1761213142146,221.2565541267395,40.98880663514137,185.0574016571045,0.04300621151924133,0.218143031001091,-0.3166545629501343,100,OK,MAP_UPDATE,OK,VISUAL_INERTIAL
1671,1761213142163,221.04796767234802,40.314894169569016,183.32211673259735,0.04037167876958847,0.21642068028450012,-0.3157283365726471,100,OK,MAP_UPDATE,OK,VISUAL_INERTIAL
1672,1761213142179,220.14345228672028,40.160179138183594,181.4604550600052,0.03756776079535484,0.21471740305423737,-0.3139263093471527,100,OK,MAP_UPDATE,OK,VISUAL_INERTIAL
1673,1761213142196,218.5678333044052,40.07295146584511,179.72347140312195,0.035032231360673904,0.21372760832309723,-0.311013400554657,100,OK,MAP_UPDATE,OK,VISUAL_INERTIAL
1674,1761213142213,216.14550054073334,40.30255228281021,178.04838716983795,0.032521817833185196,0.21297025680541992,-0.3070274293422699,100,OK,MAP_UPDATE,OK,VISUAL_INERTIAL
1675,1761213142229,213.03744614124298,40.91975837945938,176.39131844043732,0.02977757714688778,0.21149808168411255,-0.3020418882369995,100,OK,MAP_UPDATE,OK,VISUAL_INERTIAL
1676,1761213142246,209.22935009002686,41.588664054870605,174.72563683986664,0.027017012238502502,0.20969738066196442,-0.2960335612297058,100,OK,MAP_UPDATE,OK,VISUAL_INERTIAL
1677,1761213142263,204.53795790672302,42.41684824228287,173.1797158718109,0.024289682507514954,0.2079440802335739,-0.28913694620132446,100,OK,MAP_UPDATE,OK,VISUAL_INERTIAL
1678,1761213142279,199.3899792432785,43.55217143893242,171.70435190200806,0.021485406905412674,0.2060718983411789,-0.2814752757549286,100,OK,MAP_UPDATE,OK,VISUAL_INERTIAL
1679,1761213142296,193.64267587661743,44.44786533713341,170.33059895038605,0.019070377573370934,0.20429456233978271,-0.27323439717292786,100,OK,MAP_UPDATE,OK,VISUAL_INERTIAL
1680,1761213142313,187.10172176361084,45.20419239997864,169.13433372974396,0.016956385225057602,0.20340877771377563,-0.26433560252189636,100,OK,MAP_UPDATE,OK,VISUAL_INERTIAL
1681,1761213142329,180.11805415153503,45.95430940389633,168.04054379463196,0.014923131093382835,0.20313052833080292,-0.2551651895046234,100,OK,MAP_UPDATE,OK,VISUAL_INERTIAL
1682,1761213142346,172.96534776687622,46.561673283576965,167.11540520191193,0.012931596487760544,0.20258009433746338,-0.24573945999145508,100,OK,MAP_UPDATE,OK,VISUAL_INERTIAL
1683,1761213142363,165.42476415634155,47.228846698999405,166.35355353355408,0.010976379737257957,0.20155063271522522,-0.23607218265533447,100,OK,MAP_UPDATE,OK,VISUAL_INERTIAL
1684,1761213142379,157.67209231853485,47.80687764286995,165.69757461547852,0.009121703915297985,0.20006252825260162,-0.22609427571296692,100,OK,MAP_UPDATE,OK,VISUAL_INERTIAL
1685,1761213142396,149.81630444526672,48.47479984164238,165.16076028347015,0.007354987319558859,0.19830715656280518,-0.21594278514385223,100,OK,MAP_UPDATE,OK,VISUAL_INERTIAL
1686,1761213142413,141.8498456478119,49.06655102968216,164.92904722690582,0.005764058791100979,0.19623927772045135,-0.20555537939071655,100,OK,MAP_UPDATE,OK,VISUAL_INERTIAL
1687,1761213142429,133.56518745422363,49.64956268668175,164.8639589548111,0.004251566715538502,0.19378763437271118,-0.19501081109046936,100,OK,MAP_UPDATE,OK,VISUAL_INERTIAL
1688,1761213142446,125.06142258644104,50.05577206611633,164.84469175338745,0.002869959454983473,0.1913103610277176,-0.18430572748184204,100,OK,MAP_UPDATE,OK,VISUAL_INERTIAL
1689,1761213142463,116.33879691362381,50.2876415848732,165.0027632713318,0.0016357563436031342,0.18910153210163116,-0.1736038625240326,100,OK,MAP_UPDATE,OK,VISUAL_INERTIAL
1690,1761213142479,107.69736021757126,50.39774999022484,165.19901156425476,0.0004608045273926109,0.18686707317829132,-0.16299718618392944,100,OK,MAP_UPDATE,OK,VISUAL_INERTIAL
1691,1761213142496,99.28439557552338,50.66341534256935,165.58104753494263,-0.0008242412004619837,0.18411439657211304,-0.15248708426952362,100,OK,MAP_UPDATE,OK,VISUAL_INERTIAL
1692,1761213142513,90.92472493648529,50.785478204488754,166.03711247444153,-0.0018169890390709043,0.18122069537639618,-0.14224432408809662,100,OK,MAP_UPDATE,OK,VISUAL_INERTIAL
1693,1761213142529,82.69112557172775,50.81739276647568,166.61697626113892,-0.0025068917311728,0.17900298535823822,-0.13245972990989685,100,OK,MAP_UPDATE,OK,VISUAL_INERTIAL
1694,1761213142546,74.48363304138184,50.79906806349754,167.34136641025543,-0.003096788888797164,0.17708811163902283,-0.12291259318590164,100,OK,MAP_UPDATE,OK,VISUAL_INERTIAL
1695,1761213142563,66.4055123925209,50.475526601076126,168.1540012359619,-0.003367505967617035,0.17550860345363617,-0.11370187252759933,100,OK,MAP_UPDATE,OK,VISUAL_INERTIAL
1696,1761213142579,58.70017409324646,50.28817057609558,169.08633708953857,-0.0035877274349331856,0.17427487671375275,-0.10483194887638092,100,OK,MAP_UPDATE,OK,VISUAL_INERTIAL
1697,1761213142596,51.25652626156807,49.88681152462959,170.0025349855423,-0.003530732123181224,0.17253457009792328,-0.0961260199546814,100,OK,MAP_UPDATE,OK,VISUAL_INERTIAL
1698,1761213142613,43.997425585985184,49.300458282232285,170.90363800525665,-0.0032671354711055756,0.17020033299922943,-0.08756065368652344,100,OK,MAP_UPDATE,OK,VISUAL_INERTIAL
1699,1761213142629,36.92495822906494,48.61825704574585,171.7485636472702,-0.0029841905925422907,0.1672740876674652,-0.07910656183958054,100,OK,MAP_UPDATE,OK,VISUAL_INERTIAL
1700,1761213142646,30.04307672381401,47.895051538944244,172.56854474544525,-0.0028062660712748766,0.1637168824672699,-0.07092790305614471,100,OK,MAP_UPDATE,OK,VISUAL_INERTIAL
1701,1761213142663,23.020261898636818,46.96414992213249,173.31558465957642,-0.002695126226171851,0.16073526442050934,-0.06306878477334976,100,OK,MAP_UPDATE,OK,VISUAL_INERTIAL
1702,1761213142679,16.02407731115818,45.963168144226074,173.98320138454437,-0.0028388784267008305,0.15848445892333984,-0.055520348250865936,100,OK,MAP_UPDATE,OK,VISUAL_INERTIAL
1703,1761213142696,9.355541318655014,44.89497095346451,174.53572154045105,-0.0032142221461981535,0.15585744380950928,-0.04824268817901611,100,OK,MAP_UPDATE,OK,VISUAL_INERTIAL
1704,1761213142713,2.8602234087884426,43.811868876218796,174.92032051086426,-0.003805530956014991,0.15231113135814667,-0.04102272912859917,100,OK,MAP_UPDATE,OK,VISUAL_INERTIAL
1705,1761213142729,-3.5030392464250326,42.81311854720116,175.08526146411896,-0.004641359206289053,0.1483737677335739,-0.033862754702568054,100,OK,MAP_UPDATE,OK,VISUAL_INERTIAL
1706,1761213142746,-9.820683859288692,41.68492928147316,175.09102821350098,-0.005552295129746199,0.14414644241333008,-0.026660611853003502,100,OK,MAP_UPDATE,OK,VISUAL_INERTIAL
1707,1761213142763,-16.06173627078533,40.37581756711006,175.01264810562134,-0.006387562490999699,0.13975904881954193,-0.019563807174563408,100,OK,MAP_UPDATE,OK,VISUAL_INERTIAL
1708,1761213142779,-22.17254415154457,39.20227661728859,174.84517395496368,-0.007323853205889463,0.1353636234998703,-0.01273269671946764,100,OK,MAP_UPDATE,OK,VISUAL_INERTIAL
1709,1761213142796,-28.26431393623352,37.99882531166077,174.5312064886093,-0.008128099143505096,0.13030442595481873,-0.005962189752608538,100,OK,MAP_UPDATE,OK,VISUAL_INERTIAL
1710,1761213142813,-34.01392325758934,36.71550005674362,174.1190403699875,-0.008607912808656693,0.1234995424747467,0.0009564121719449759,100,OK,MAP_UPDATE,OK,VISUAL_INERTIAL
1711,1761213142829,-39.68195989727974,35.247813910245895,173.7310141324997,-0.008478051982820034,0.11671334505081177,0.007830723188817501,100,OK,MAP_UPDATE,OK,VISUAL_INERTIAL
1712,1761213142846,-45.94612494111061,33.43499079346657,173.50831627845764,-0.0077742538414895535,0.1133163571357727,0.014521613717079163,100,OK,MAP_UPDATE,OK,VISUAL_INERTIAL
1713,1761213142863,-52.15733125805855,31.592998653650284,173.4335720539093,-0.006899184547364712,0.11249502748250961,0.020806660875678062,100,OK,MAP_UPDATE,OK,VISUAL_INERTIAL
1714,1761213142879,-57.91489779949188,29.477328062057495,173.4200417995453,-0.005702740978449583,0.1120351031422615,0.02682614140212536,100,OK,MAP_UPDATE,OK,VISUAL_INERTIAL
1715,1761213142896,-62.866322696208954,27.2637028247118,173.43945801258087,-0.004222131334245205,0.10986433178186417,0.03263213112950325,100,OK,MAP_UPDATE,OK,VISUAL_INERTIAL
1716,1761213142913,-67.18394160270691,24.99319240450859,173.38626086711884,-0.002250787802040577,0.10461684316396713,0.03826862573623657,100,OK,MAP_UPDATE,OK,VISUAL_INERTIAL
1717,1761213142929,-71.6763511300087,22.810986265540123,173.28961193561554,0.00023502552357967943,0.10012456029653549,0.043423693627119064,100,OK,MAP_UPDATE,OK,VISUAL_INERTIAL
1718,1761213142946,-76.5443667769432,20.684275776147842,173.42649400234222,0.002882633823901415,0.09987727552652359,0.04802658408880234,100,OK,MAP_UPDATE,OK,VISUAL_INERTIAL
1719,1761213142963,-81.34438097476959,18.45107227563858,173.7779676914215,0.00567864952608943,0.10168703645467758,0.05214650183916092,100,OK,MAP_UPDATE,OK,VISUAL_INERTIAL
1720,1761213142979,-85.2111205458641,16.21553860604763,174.2553412914276,0.00861247256398201,0.10271845757961273,0.05577761307358742,100,OK,MAP_UPDATE,OK,VISUAL_INERTIAL
1721,1761213142996,-88.13081681728363,14.013426378369331,174.7288852930069,0.01189880259335041,0.10143046826124191,0.05897846072912216,100,OK,MAP_UPDATE,OK,VISUAL_INERTIAL
1722,1761213143012,-90.72278439998627,11.856121011078358,175.11841654777527,0.015533232130110264,0.09813838452100754,0.06167875975370407,100,OK,MAP_UPDATE,OK,VISUAL_INERTIAL
1723,1761213143029,-93.57970207929611,9.479858912527561,175.6991446018219,0.01953810080885887,0.0976017639040947,0.06394291669130325,100,OK,MAP_UPDATE,OK,VISUAL_INERTIAL
1724,1761213143046,-96.71494364738464,6.751411594450474,176.53538286685944,0.02352997101843357,0.101054847240448,0.06571637839078903,100,OK,MAP_UPDATE,OK,VISUAL_INERTIAL
1725,1761213143062,-99.15275871753693,3.627103753387928,177.57302522659302,0.02751998044550419,0.10436561703681946,0.06708410382270813,100,OK,MAP_UPDATE,OK,VISUAL_INERTIAL
1726,1761213143079,-100.75689852237701,0.4713029775302857,178.6782294511795,0.031397003680467606,0.10604432970285416,0.06800275295972824,100,OK,MAP_UPDATE,OK,VISUAL_INERTIAL
1727,1761213143096,-101.7688438296318,-2.800987334921956,179.71929907798767,0.03541671112179756,0.10586956143379211,0.06846673041582108,100,OK,MAP_UPDATE,OK,VISUAL_INERTIAL
1728,1761213143112,-102.54553705453873,-6.024549715220928,180.74290454387665,0.03968241065740585,0.10454339534044266,0.0685487687587738,100,OK,MAP_UPDATE,OK,VISUAL_INERTIAL
1729,1761213143129,-103.63410413265228,-9.330647997558117,181.84225261211395,0.044134680181741714,0.10493641346693039,0.06841440498828888,100,OK,MAP_UPDATE,OK,VISUAL_INERTIAL
1730,1761213143146,-104.91012781858444,-12.807192280888557,183.23491513729095,0.04859434440732002,0.10828569531440735,0.06812150776386261,100,OK,MAP_UPDATE,OK,VISUAL_INERTIAL
1731,1761213143162,-105.80427944660187,-16.261853277683258,184.78742241859436,0.0528327040374279,0.11132705956697464,0.06784174591302872,100,OK,MAP_UPDATE,OK,VISUAL_INERTIAL
1732,1761213143179,-106.17204755544662,-19.85473558306694,186.38017773628235,0.05702446028590202,0.11310391128063202,0.0675223097205162,100,OK,MAP_UPDATE,OK,VISUAL_INERTIAL
1733,1761213143196,-106.39673471450806,-23.42054434120655,188.0003660917282,0.06108490377664566,0.11427078396081924,0.06719063222408295,100,OK,MAP_UPDATE,OK,VISUAL_INERTIAL
1734,1761213143212,-106.67435824871063,-26.97349525988102,189.67336416244507,0.06522461026906967,0.11530938744544983,0.06700558215379715,100,OK,MAP_UPDATE,OK,VISUAL_INERTIAL
1735,1761213143229,-107.28929191827774,-30.44189140200615,191.53206050395966,0.06924218684434891,0.11783729493618011,0.06725060194730759,100,OK,MAP_UPDATE,OK,VISUAL_INERTIAL
1736,1761213143246,-108.02294313907623,-34.067656844854355,193.5146450996399,0.07332949340343475,0.12041136622428894,0.06794057786464691,100,OK,MAP_UPDATE,OK,VISUAL_INERTIAL
1737,1761213143262,-108.76970738172531,-37.7633161842823,195.6447809934616,0.07755427062511444,0.12211431562900543,0.06895999610424042,100,OK,MAP_UPDATE,OK,VISUAL_INERTIAL
1738,1761213143279,-109.7303181886673,-41.76723212003708,197.85436987876892,0.08220971375703812,0.12267506122589111,0.0703449472784996,100,OK,MAP_UPDATE,OK,VISUAL_INERTIAL
1739,1761213143296,-110.47663539648056,-45.58935388922691,200.30908286571503,0.08711832016706467,0.12189237773418427,0.07174688577651978,100,OK,MAP_UPDATE,OK,VISUAL_INERTIAL
1740,1761213143312,-110.47663539648056,-45.58935388922691,200.30908286571503,0.08711832016706467,0.12189237773418427,0.07174688577651978,100,OK,MAP_UPDATE,OK,VISUAL_INERTIAL
1741,1761213143329,-112.39801347255707,-53.082749247550964,205.8693915605545,0.0972849428653717,0.12277209758758545,0.07478867471218109,100,OK,MAP_UPDATE,OK,VISUAL_INERTIAL
1742,1761213143346,-113.55055868625641,-57.00356513261795,208.88909697532654,0.10249142348766327,0.12475135922431946,0.07621747255325317,100,OK,MAP_UPDATE,OK,VISUAL_INERTIAL
1743,1761213143362,-114.58167433738708,-60.88041514158249,212.1623009443283,0.10756660252809525,0.12707750499248505,0.07752391695976257,100,OK,MAP_UPDATE,OK,VISUAL_INERTIAL
1744,1761213143379,-115.27948826551437,-64.726322889328,215.63073992729187,0.11280994117259979,0.1283104121685028,0.078557088971138,100,OK,MAP_UPDATE,OK,VISUAL_INERTIAL
1745,1761213143396,-115.3796911239624,-68.5831755399704,219.22838687896729,0.11863182485103607,0.1273709088563919,0.07935784012079239,100,OK,MAP_UPDATE,OK,VISUAL_INERTIAL
1746,1761213143412,-115.72465300559998,-72.4378228187561,223.11952710151672,0.12503311038017273,0.12757819890975952,0.08013085275888443,100,OK,MAP_UPDATE,OK,VISUAL_INERTIAL
1747,1761213143429,-116.20834469795227,-76.3939619064331,227.14410722255707,0.1318449079990387,0.1294703632593155,0.08079986274242401,100,OK,MAP_UPDATE,OK,VISUAL_INERTIAL
1748,1761213143446,-116.5623888373375,-80.34677058458328,231.35773837566376,0.138885498046875,0.1318160891532898,0.08117366582155228,100,OK,MAP_UPDATE,OK,VISUAL_INERTIAL
1749,1761213143463,-116.82035028934479,-84.17549729347229,235.73769629001617,0.14588524401187897,0.1342698186635971,0.08120949566364288,100,OK,MAP_UPDATE,OK,VISUAL_INERTIAL
1750,1761213143479,-116.6338250041008,-87.95592188835144,240.35681784152985,0.15288999676704407,0.1364526003599167,0.08092295378446579,100,OK,MAP_UPDATE,OK,VISUAL_INERTIAL
1751,1761213143496,-116.26999080181122,-91.73937886953354,245.12211978435516,0.16007272899150848,0.13824598491191864,0.08051005005836487,100,OK,MAP_UPDATE,OK,VISUAL_INERTIAL
1752,1761213143512,-115.91456085443497,-95.68002074956894,249.82061982154846,0.1674785315990448,0.14027513563632965,0.08021634072065353,100,OK,MAP_UPDATE,OK,VISUAL_INERTIAL
1753,1761213143529,-115.32022058963776,-99.45576637983322,254.6955943107605,0.174780011177063,0.14098089933395386,0.07980892062187195,100,OK,MAP_UPDATE,OK,VISUAL_INERTIAL
1754,1761213143546,-114.40879106521606,-103.0249297618866,259.5193088054657,0.1819506138563156,0.14035581052303314,0.07919824123382568,100,OK,MAP_UPDATE,OK,VISUAL_INERTIAL
1755,1761213143562,-113.55216056108475,-106.71322047710419,264.2018496990204,0.18920168280601501,0.1397237479686737,0.07829630374908447,100,OK,MAP_UPDATE,OK,VISUAL_INERTIAL
1756,1761213143579,-112.6323863863945,-109.76430028676987,268.8111364841461,0.195850670337677,0.13924431800842285,0.0770246833562851,100,OK,MAP_UPDATE,OK,VISUAL_INERTIAL
1757,1761213143596,-111.68535053730011,-113.14860731363297,273.46938848495483,0.20266343653202057,0.13848601281642914,0.07543729990720749,100,OK,MAP_UPDATE,OK,VISUAL_INERTIAL
1758,1761213143612,-110.84650456905365,-116.53805524110794,278.0236303806305,0.20938362181186676,0.13787229359149933,0.0735488086938858,100,OK,MAP_UPDATE,OK,VISUAL_INERTIAL
1759,1761213143629,-109.85701531171799,-119.59761381149292,282.43687748908997,0.2156984508037567,0.13765262067317963,0.07146848738193512,100,OK,MAP_UPDATE,OK,VISUAL_INERTIAL
1760,1761213143646,-108.72036218643188,-122.36281484365463,286.7298424243927,0.22158583998680115,0.1376045048236847,0.0692167729139328,100,OK,MAP_UPDATE,OK,VISUAL_INERTIAL
1761,1761213143662,-107.07755386829376,-124.4237869977951,290.8555865287781,0.22670908272266388,0.13757535815238953,0.06672967970371246,100,OK,MAP_UPDATE,OK,VISUAL_INERTIAL
1762,1761213143679,-105.29260337352753,-126.38582289218903,294.6784198284149,0.23141542077064514,0.13674409687519073,0.06431055814027786,100,OK,MAP_UPDATE,OK,VISUAL_INERTIAL
1763,1761213143696,-103.51260006427765,-128.33526730537415,298.31117391586304,0.235854372382164,0.13488003611564636,0.06201424449682236,100,OK,MAP_UPDATE,OK,VISUAL_INERTIAL
1764,1761213143712,-102.09279507398605,-130.31017780303955,301.76055431365967,0.2399216741323471,0.13335125148296356,0.060046374797821045,100,OK,MAP_UPDATE,OK,VISUAL_INERTIAL
1765,1761213143729,-100.85319727659225,-132.20517337322235,304.96349930763245,0.24350914359092712,0.13238228857517242,0.05831544101238251,100,OK,MAP_UPDATE,OK,VISUAL_INERTIAL
1766,1761213143746,-99.56350177526474,-133.87101888656616,307.9017102718353,0.2465972602367401,0.13134868443012238,0.056648630648851395,100,OK,MAP_UPDATE,OK,VISUAL_INERTIAL
1767,1761213143762,-98.34155440330505,-135.39162278175354,310.56535243988037,0.24936354160308838,0.13025090098381042,0.05516202747821808,100,OK,MAP_UPDATE,OK,VISUAL_INERTIAL
1768,1761213143779,-96.9552993774414,-136.5819275379181,312.8896653652191,0.2517652213573456,0.1279783695936203,0.053805287927389145,100,OK,MAP_UPDATE,OK,VISUAL_INERTIAL
1769,1761213143796,-95.67537903785706,-137.6025527715683,314.7426247596741,0.2539348006248474,0.12457387149333954,0.052756935358047485,100,OK,MAP_UPDATE,OK,VISUAL_INERTIAL
1770,1761213143812,-94.69377249479294,-138.47336173057556,316.28715991973877,0.25592562556266785,0.12172164767980576,0.052021294832229614,100,OK,MAP_UPDATE,OK,VISUAL_INERTIAL
1771,1761213143829,-94.01064366102219,-139.08077776432037,317.65392422676086,0.2575847804546356,0.12046057730913162,0.0516219362616539,100,OK,MAP_UPDATE,OK,VISUAL_INERTIAL
1772,1761213143846,-93.46316009759903,-139.33822512626648,318.69348883628845,0.25876882672309875,0.12022427469491959,0.05135907977819443,100,OK,MAP_UPDATE,OK,VISUAL_INERTIAL
1773,1761213143862,-92.86253154277802,-139.16242122650146,319.34472918510437,0.25947093963623047,0.11968562006950378,0.05105987563729286,100,OK,MAP_UPDATE,OK,VISUAL_INERTIAL
1774,1761213143879,-92.16941893100739,-138.50003480911255,319.64966654777527,0.2596643567085266,0.1182074248790741,0.05071459338068962,100,OK,MAP_UPDATE,OK,VISUAL_INERTIAL
1775,1761213143896,-91.35102480649948,-137.40111887454987,319.60657238960266,0.25946611166000366,0.11575193703174591,0.050358328968286514,100,OK,MAP_UPDATE,OK,VISUAL_INERTIAL
1776,1761213143912,-90.456023812294,-135.7668936252594,319.231778383255,0.2589190900325775,0.11325395852327347,0.05000627785921097,100,OK,MAP_UPDATE,OK,VISUAL_INERTIAL
1777,1761213143929,-89.87996727228165,-134.0004950761795,318.69739294052124,0.2580593526363373,0.11246658861637115,0.04994763061404228,100,OK,MAP_UPDATE,OK,VISUAL_INERTIAL
1778,1761213143946,-89.54863250255585,-131.91185891628265,317.9195821285248,0.2567431628704071,0.1136714518070221,0.05007567256689072,100,OK,MAP_UPDATE,OK,VISUAL_INERTIAL
1779,1761213143962,-88.98615837097168,-129.68523800373077,316.9275224208832,0.2549920380115509,0.11480973660945892,0.05007382482290268,100,OK,MAP_UPDATE,OK,VISUAL_INERTIAL
1780,1761213143979,-87.93193101882935,-127.097487449646,315.57825207710266,0.252703994512558,0.11438541114330292,0.04977920651435852,100,OK,MAP_UPDATE,OK,VISUAL_INERTIAL
1781,1761213143996,-86.70805394649506,-124.143585562706,313.9549791812897,0.2499789148569107,0.11379951983690262,0.04928511381149292,100,OK,MAP_UPDATE,OK,VISUAL_INERTIAL
1782,1761213144012,-85.50513535737991,-121.06551975011826,312.1447563171387,0.24691247940063477,0.11430208384990692,0.04865912348031998,100,OK,MAP_UPDATE,OK,VISUAL_INERTIAL
1783,1761213144029,-85.50513535737991,-121.06551975011826,312.1447563171387,0.24691247940063477,0.11430208384990692,0.04865912348031998,100,OK,MAP_UPDATE,OK,VISUAL_INERTIAL
1784,1761213144046,-82.38788694143295,-114.65767025947571,308.4108233451843,0.2400950938463211,0.11533133685588837,0.04593334719538689,100,OK,MAP_UPDATE,OK,VISUAL_INERTIAL
1785,1761213144062,-80.00894635915756,-110.45052856206894,306.332528591156,0.23597416281700134,0.11566604673862457,0.044063929468393326,100,OK,MAP_UPDATE,OK,VISUAL_INERTIAL
1786,1761213144079,-77.26451754570007,-106.19320720434189,304.2079210281372,0.2318047732114792,0.11516166478395462,0.04202020540833473,100,OK,MAP_UPDATE,OK,VISUAL_INERTIAL
1787,1761213144096,-74.58753883838654,-101.99055075645447,301.977276802063,0.22755591571331024,0.1151832863688469,0.039981693029403687,100,OK,MAP_UPDATE,OK,VISUAL_INERTIAL
1788,1761213144112,-71.95279747247696,-97.74613380432129,299.66995120048523,0.2230444848537445,0.11582992970943451,0.0378580167889595,100,OK,MAP_UPDATE,OK,VISUAL_INERTIAL
1789,1761213144129,-68.94870847463608,-93.32965314388275,297.2816824913025,0.2183018922805786,0.1160973384976387,0.035391729325056076,100,OK,MAP_UPDATE,OK,VISUAL_INERTIAL
1790,1761213144146,-65.78148901462555,-88.84847909212112,294.7998344898224,0.21341271698474884,0.11674948781728745,0.03271638974547386,100,OK,MAP_UPDATE,OK,VISUAL_INERTIAL
1791,1761213144162,-62.45867908000946,-84.25640314817429,292.23886132240295,0.20839031040668488,0.11728015542030334,0.02979229763150215,100,OK,MAP_UPDATE,OK,VISUAL_INERTIAL
1792,1761213144179,-58.694466948509216,-79.55314964056015,289.64078426361084,0.20320792496204376,0.11729695647954941,0.026568882167339325,100,OK,MAP_UPDATE,OK,VISUAL_INERTIAL
1793,1761213144196,-54.855186492204666,-74.86258447170258,286.9441509246826,0.19782480597496033,0.11775466054677963,0.022981565445661545,100,OK,MAP_UPDATE,OK,VISUAL_INERTIAL
1794,1761213144212,-51.114968955516815,-70.14642655849457,284.2293381690979,0.1920919120311737,0.11910327523946762,0.01901370845735073,100,OK,MAP_UPDATE,OK,VISUAL_INERTIAL
1795,1761213144229,-47.10027202963829,-65.39592891931534,281.508207321167,0.1861502081155777,0.12034377455711365,0.014589258469641209,100,OK,MAP_UPDATE,OK,VISUAL_INERTIAL
1796,1761213144246,-42.770180851221085,-60.47827750444412,278.7059545516968,0.18006812036037445,0.12104089558124542,0.010016520507633686,100,OK,MAP_UPDATE,OK,VISUAL_INERTIAL
1797,1761213144263,-38.39404508471489,-55.614665150642395,275.95698833465576,0.17391011118888855,0.12126762419939041,0.005458461120724678,100,OK,MAP_UPDATE,OK,VISUAL_INERTIAL
1798,1761213144279,-33.97870436310768,-50.951287150382996,273.16370606422424,0.16764961183071136,0.12019798159599304,0.0007782363682053983,100,OK,MAP_UPDATE,OK,VISUAL_INERTIAL
1799,1761213144296,-29.35943379998207,-46.419646590948105,270.21297812461853,0.16113844513893127,0.11745331436395645,-0.004107247572392225,100,OK,MAP_UPDATE,OK,VISUAL_INERTIAL
1800,1761213144312,-24.74353089928627,-41.89225658774376,267.20869541168213,0.1545249968767166,0.11426706612110138,-0.009024824015796185,100,OK,MAP_UPDATE,OK,VISUAL_INERTIAL
1801,1761213144329,-20.29315009713173,-37.539467215538025,264.29644227027893,0.14803394675254822,0.11112583428621292,-0.013892649672925472,100,OK,MAP_UPDATE,OK,VISUAL_INERTIAL
1802,1761213144346,-16.029085963964462,-33.49463269114494,261.5256607532501,0.1418018490076065,0.10755306482315063,-0.018783072009682655,100,OK,MAP_UPDATE,OK,VISUAL_INERTIAL
1803,1761213144362,-11.744758114218712,-29.539400711655617,258.9234411716461,0.13581842184066772,0.10410179942846298,-0.023640936240553856,100,OK,MAP_UPDATE,OK,VISUAL_INERTIAL
1804,1761213144379,-7.620633114129305,-25.84095671772957,256.39358162879944,0.1302475929260254,0.1000564843416214,-0.028267841786146164,100,OK,MAP_UPDATE,OK,VISUAL_INERTIAL
1805,1761213144396,-3.718727733939886,-22.412605583667755,254.02790307998657,0.12491065263748169,0.09617078304290771,-0.03259305655956268,100,OK,MAP_UPDATE,OK,VISUAL_INERTIAL
1806,1761213144413,-0.13177232176531106,-19.59192007780075,251.77785754203796,0.1199454814195633,0.09341488033533096,-0.03665703535079956,100,OK,MAP_UPDATE,OK,VISUAL_INERTIAL
1807,1761213144429,3.1252962071448565,-17.045410349965096,249.7686892747879,0.11517993360757828,0.0911283791065216,-0.04046311229467392,100,OK,MAP_UPDATE,OK,VISUAL_INERTIAL
1808,1761213144446,6.46337540820241,-14.692673459649086,247.83189594745636,0.11051411926746368,0.08872710168361664,-0.04429125040769577,100,OK,MAP_UPDATE,OK,VISUAL_INERTIAL
1809,1761213144462,10.044015012681484,-12.331747449934483,245.75810134410858,0.10579338669776917,0.08538951724767685,-0.04807544872164726,100,OK,MAP_UPDATE,OK,VISUAL_INERTIAL
1810,1761213144479,13.750012964010239,-9.97210294008255,243.76608431339264,0.10108641535043716,0.08086468279361725,-0.05179358273744583,100,OK,MAP_UPDATE,OK,VISUAL_INERTIAL
1811,1761213144496,17.650047317147255,-7.634122855961323,241.99441075325012,0.09622733294963837,0.07556203752756119,-0.05539293959736824,100,OK,MAP_UPDATE,OK,VISUAL_INERTIAL
1812,1761213144512,21.103883162140846,-5.393995437771082,240.32749235630035,0.09134804457426071,0.06991984695196152,-0.058815471827983856,100,OK,MAP_UPDATE,OK,VISUAL_INERTIAL
1813,1761213144529,24.521000683307648,-3.3568134531378746,238.50898444652557,0.08670052140951157,0.06524825841188431,-0.062070783227682114,100,OK,MAP_UPDATE,OK,VISUAL_INERTIAL
1814,1761213144546,27.342738583683968,-1.8418874824419618,236.98684573173523,0.08255815505981445,0.06102392449975014,-0.06533356010913849,100,OK,MAP_UPDATE,OK,VISUAL_INERTIAL
1815,1761213144562,30.344225466251373,-0.10281562572345138,235.41036248207092,0.07818760722875595,0.05686415359377861,-0.06871926784515381,100,OK,MAP_UPDATE,OK,VISUAL_INERTIAL
1816,1761213144579,33.04599225521088,1.1357965413480997,234.01474952697754,0.07411011308431625,0.05293092876672745,-0.0721210315823555,100,OK,MAP_UPDATE,OK,VISUAL_INERTIAL
1817,1761213144596,35.828299820423126,2.1658840123564005,232.6340675354004,0.0700889527797699,0.049488767981529236,-0.07568522542715073,100,OK,MAP_UPDATE,OK,VISUAL_INERTIAL
1818,1761213144612,38.81780803203583,3.1601733062416315,231.46402835845947,0.06608947366476059,0.04610009491443634,-0.07933733612298965,100,OK,MAP_UPDATE,OK,VISUAL_INERTIAL
1819,1761213144629,41.77337512373924,3.6101769655942917,230.3568422794342,0.06255381554365158,0.04297809302806854,-0.08285485953092575,100,OK,MAP_UPDATE,OK,VISUAL_INERTIAL
1820,1761213144646,44.777341187000275,3.6716165486723185,229.3129414319992,0.059430014342069626,0.04041189327836037,-0.0863564983010292,100,OK,MAP_UPDATE,OK,VISUAL_INERTIAL
1821,1761213144663,47.917868942022324,3.326021134853363,228.33435237407684,0.05675379931926727,0.037783943116664886,-0.08999566733837128,100,OK,MAP_UPDATE,OK,VISUAL_INERTIAL
1822,1761213144679,51.309093832969666,2.763788215816021,227.45969891548157,0.05450166016817093,0.03447767719626427,-0.0935761108994484,100,OK,MAP_UPDATE,OK,VISUAL_INERTIAL
1823,1761213144696,55.26424199342728,2.5859661400318146,226.835235953331,0.052171412855386734,0.029704255983233452,-0.09734541922807693,100,OK,MAP_UPDATE,OK,VISUAL_INERTIAL
1824,1761213144712,58.92528221011162,1.8734483746811748,226.35380923748016,0.05033605918288231,0.02369709126651287,-0.10108866542577744,100,OK,MAP_UPDATE,OK,VISUAL_INERTIAL
1825,1761213144729,62.62397766113281,1.34604936465621,225.91795027256012,0.0486595593392849,0.01832994632422924,-0.10498957335948944,100,OK,MAP_UPDATE,OK,VISUAL_INERTIAL
1826,1761213144746,66.22323393821716,0.4647292953450233,225.6753146648407,0.047493189573287964,0.012703649699687958,-0.10904968529939651,100,OK,MAP_UPDATE,OK,VISUAL_INERTIAL
1827,1761213144763,69.9029266834259,-0.7775926496833563,225.73713958263397,0.04686421900987625,0.007060131058096886,-0.1132030338048935,100,OK,MAP_UPDATE,OK,VISUAL_INERTIAL
1828,1761213144779,73.61932843923569,-2.3247222416102886,226.04456543922424,0.04690903425216675,0.0019537480548024178,-0.11746501922607422,100,OK,MAP_UPDATE,OK,VISUAL_INERTIAL
1829,1761213144796,77.41621136665344,-3.9767445996403694,226.64427757263184,0.047424670308828354,-0.002913533477112651,-0.1219043880701065,100,OK,MAP_UPDATE,OK,VISUAL_INERTIAL
1830,1761213144812,82.3456421494484,-5.712643731385469,227.73140668869019,0.04793513938784599,-0.010786527767777443,-0.12661461532115936,100,OK,MAP_UPDATE,OK,VISUAL_INERTIAL
1831,1761213144829,87.73072063922882,-7.531588431447744,228.99563610553741,0.048279937356710434,-0.021349553018808365,-0.13151854276657104,100,OK,MAP_UPDATE,OK,VISUAL_INERTIAL
1832,1761213144846,93.37404370307922,-9.515445679426193,230.41684925556183,0.048623424023389816,-0.03450826555490494,-0.13657338917255402,100,OK,MAP_UPDATE,OK,VISUAL_INERTIAL
1833,1761213144862,98.45920652151108,-12.06955686211586,231.75987601280212,0.04925895482301712,-0.04800504818558693,-0.14162805676460266,100,OK,MAP_UPDATE,OK,VISUAL_INERTIAL
1834,1761213144879,102.61031985282898,-14.366984367370605,232.98893868923187,0.04959805682301521,-0.06000397726893425,-0.1465463936328888,100,OK,MAP_UPDATE,OK,VISUAL_INERTIAL
1835,1761213144896,106.39160871505737,-17.12249405682087,234.16854441165924,0.04991729557514191,-0.07208631187677383,-0.15106922388076782,100,OK,MAP_UPDATE,OK,VISUAL_INERTIAL
1836,1761213144912,111.21110618114471,-20.06768435239792,235.44904589653015,0.04987509176135063,-0.08723423629999161,-0.15517964959144592,100,OK,MAP_UPDATE,OK,VISUAL_INERTIAL
1837,1761213144929,116.0128191113472,-22.861875593662262,236.8064522743225,0.049299247562885284,-0.1054922491312027,-0.15890470147132874,100,OK,MAP_UPDATE,OK,VISUAL_INERTIAL
1838,1761213144946,119.12983655929565,-25.387242436408997,238.28855156898499,0.04831835255026817,-0.1247938945889473,-0.16227389872074127,100,OK,MAP_UPDATE,OK,VISUAL_INERTIAL
1839,1761213144962,122.06294387578964,-27.87790261209011,239.32908475399017,0.04701448976993561,-0.14196979999542236,-0.16560928523540497,100,OK,MAP_UPDATE,OK,VISUAL_INERTIAL
1840,1761213144979,124.80582296848297,-30.245576053857803,240.32744765281677,0.045085273683071136,-0.15750637650489807,-0.1688644140958786,100,OK,MAP_UPDATE,OK,VISUAL_INERTIAL
1841,1761213144996,127.87789106369019,-32.318055629730225,241.28320813179016,0.04240966960787773,-0.172459676861763,-0.17209695279598236,100,OK,MAP_UPDATE,OK,VISUAL_INERTIAL
1842,1761213145013,131.01519644260406,-34.28725525736809,242.12057888507843,0.03939666599035263,-0.18735799193382263,-0.17527025938034058,100,OK,MAP_UPDATE,OK,VISUAL_INERTIAL
1843,1761213145029,133.85212421417236,-36.20458021759987,242.86320805549622,0.036401599645614624,-0.20064449310302734,-0.17820945382118225,100,OK,MAP_UPDATE,OK,VISUAL_INERTIAL
1844,1761213145046,136.5247666835785,-38.02448511123657,243.5014247894287,0.03341298550367355,-0.21307255327701569,-0.18072089552879333,100,OK,MAP_UPDATE,OK,VISUAL_INERTIAL
1845,1761213145062,139.37225937843323,-39.86000642180443,243.96821856498718,0.03017040528357029,-0.2265266329050064,-0.18272781372070312,100,OK,MAP_UPDATE,OK,VISUAL_INERTIAL
1846,1761213145079,142.11894571781158,-42.01508313417435,244.2113161087036,0.02672477997839451,-0.24032728374004364,-0.18437747657299042,100,OK,MAP_UPDATE,OK,VISUAL_INERTIAL
1847,1761213145096,145.44859528541565,-44.00651529431343,244.43772435188293,0.022437922656536102,-0.25531095266342163,-0.18565058708190918,100,OK,MAP_UPDATE,OK,VISUAL_INERTIAL
1848,1761213145112,149.37427639961243,-45.96750810742378,244.54714357852936,0.017718898132443428,-0.2724587023258209,-0.18682463467121124,100,OK,MAP_UPDATE,OK,VISUAL_INERTIAL
1849,1761213145129,152.231365442276,-47.85575717687607,244.4862425327301,0.013086030259728432,-0.2872074544429779,-0.18783517181873322,100,OK,MAP_UPDATE,OK,VISUAL_INERTIAL
1850,1761213145146,154.05148267745972,-49.41689223051071,244.38053369522095,0.008526694029569626,-0.29807785153388977,-0.1888299435377121,100,OK,MAP_UPDATE,OK,VISUAL_INERTIAL
1851,1761213145163,156.28628432750702,-51.03186145424843,244.1360205411911,0.0035782810300588608,-0.309276282787323,-0.18964378535747528,100,OK,MAP_UPDATE,OK,VISUAL_INERTIAL
1852,1761213145179,158.79052877426147,-52.73770168423653,243.6096966266632,-0.001724245841614902,-0.32116571068763733,-0.19042564928531647,100,OK,MAP_UPDATE,OK,VISUAL_INERTIAL
1853,1761213145196,161.36974096298218,-53.24743688106537,243.09465289115906,-0.00831544492393732,-0.33449608087539673,-0.19128146767616272,100,OK,MAP_UPDATE,OK,VISUAL_INERTIAL
1854,1761213145212,163.94750773906708,-55.27203157544136,242.45935678482056,-0.013789292424917221,-0.3475141227245331,-0.1920822113752365,100,OK,MAP_UPDATE,OK,VISUAL_INERTIAL
1855,1761213145229,164.75610435009003,-57.70458281040192,241.40381813049316,-0.0182648953050375,-0.355275958776474,-0.19278335571289062,100,OK,MAP_UPDATE,OK,VISUAL_INERTIAL
1856,1761213145246,165.55842757225037,-60.39280444383621,240.29555916786194,-0.02226394973695278,-0.3588804602622986,-0.19365760684013367,100,OK,MAP_UPDATE,OK,VISUAL_INERTIAL
1857,1761213145262,166.8381541967392,-63.1541833281517,239.2512708902359,-0.026437468826770782,-0.36219561100006104,-0.1944177895784378,100,OK,MAP_UPDATE,OK,VISUAL_INERTIAL
1858,1761213145279,168.18323731422424,-65.93553721904755,238.289937376976,-0.03070239908993244,-0.365766704082489,-0.19495567679405212,100,OK,MAP_UPDATE,OK,VISUAL_INERTIAL
1859,1761213145296,169.71036791801453,-68.4741735458374,237.36022412776947,-0.0351484976708889,-0.36898764967918396,-0.195318803191185,100,OK,MAP_UPDATE,OK,VISUAL_INERTIAL
1860,1761213145312,171.0151582956314,-70.98894566297531,236.31566762924194,-0.03947582468390465,-0.3715433180332184,-0.19537898898124695,100,OK,MAP_UPDATE,OK,VISUAL_INERTIAL
1861,1761213145329,171.9716489315033,-73.29759001731873,235.06712913513184,-0.043664127588272095,-0.37266266345977783,-0.19492051005363464,100,OK,MAP_UPDATE,OK,VISUAL_INERTIAL
1862,1761213145346,172.26949334144592,-75.51007717847824,233.63761603832245,-0.04753122851252556,-0.3709096312522888,-0.19392196834087372,100,OK,MAP_UPDATE,OK,VISUAL_INERTIAL
1863,1761213145362,172.1184104681015,-77.62575894594193,232.07058012485504,-0.05121812969446182,-0.36747032403945923,-0.19235199689865112,100,OK,MAP_UPDATE,OK,VISUAL_INERTIAL
1864,1761213145379,172.0723807811737,-79.55621182918549,230.4835468530655,-0.0550636425614357,-0.3644193410873413,-0.19014446437358856,100,OK,MAP_UPDATE,OK,VISUAL_INERTIAL
1865,1761213145396,171.8941330909729,-81.40219002962112,228.88244688510895,-0.058881182223558426,-0.3616746664047241,-0.1872992068529129,100,OK,MAP_UPDATE,OK,VISUAL_INERTIAL
1866,1761213145412,171.61232233047485,-82.91351795196533,227.472186088562,-0.06237234175205231,-0.3598434627056122,-0.18391045928001404,100,OK,MAP_UPDATE,OK,VISUAL_INERTIAL
1867,1761213145429,170.7494705915451,-84.28338915109634,225.98813474178314,-0.0652015283703804,-0.3578343093395233,-0.1800156831741333,100,OK,MAP_UPDATE,OK,VISUAL_INERTIAL
1868,1761213145446,168.96720230579376,-85.58541536331177,224.5567888021469,-0.06708861142396927,-0.3534594774246216,-0.1755717545747757,100,OK,MAP_UPDATE,OK,VISUAL_INERTIAL
1869,1761213145462,166.6228473186493,-86.77780628204346,223.22429716587067,-0.06827747076749802,-0.34705740213394165,-0.17056727409362793,100,OK,MAP_UPDATE,OK,VISUAL_INERTIAL
1870,1761213145479,164.1475409269333,-87.97220885753632,222.1747189760208,-0.0688144788146019,-0.3402901887893677,-0.16488341987133026,100,OK,MAP_UPDATE,OK,VISUAL_INERTIAL
1871,1761213145496,161.62125766277313,-89.25223350524902,221.39917314052582,-0.06897633522748947,-0.33510416746139526,-0.158460795879364,100,OK,MAP_UPDATE,OK,VISUAL_INERTIAL
1872,1761213145512,159.04875099658966,-90.5582383275032,220.97036242485046,-0.0686042383313179,-0.33112332224845886,-0.15134134888648987,100,OK,MAP_UPDATE,OK,VISUAL_INERTIAL
1873,1761213145529,155.88809549808502,-91.98170900344849,220.71516513824463,-0.06754767894744873,-0.3265364468097687,-0.14372800290584564,100,OK,MAP_UPDATE,OK,VISUAL_INERTIAL
1874,1761213145546,152.2311270236969,-93.49703788757324,220.61000764369965,-0.06602850556373596,-0.321698397397995,-0.13566243648529053,100,OK,MAP_UPDATE,OK,VISUAL_INERTIAL
1875,1761213145562,148.09103310108185,-95.25992721319199,220.5062061548233,-0.06405407935380936,-0.3159272074699402,-0.12739713490009308,100,OK,MAP_UPDATE,OK,VISUAL_INERTIAL
1876,1761213145579,143.46474409103394,-97.15841710567474,220.53958475589752,-0.061854589730501175,-0.3088440001010895,-0.1188371554017067,100,OK,MAP_UPDATE,OK,VISUAL_INERTIAL
1877,1761213145596,138.7885957956314,-99.18899089097977,220.7207977771759,-0.05953965336084366,-0.302297443151474,-0.11003800481557846,100,OK,MAP_UPDATE,OK,VISUAL_INERTIAL
1878,1761213145612,134.30999219417572,-101.19910538196564,221.004918217659,-0.05726629123091698,-0.29727810621261597,-0.10089897364377975,100,OK,MAP_UPDATE,OK,VISUAL_INERTIAL
1879,1761213145629,129.8670917749405,-103.1298041343689,221.36376798152924,-0.05515504628419876,-0.2929978668689728,-0.09158129245042801,100,OK,MAP_UPDATE,OK,VISUAL_INERTIAL
1880,1761213145646,125.14239549636841,-105.01953959465027,221.57639265060425,-0.053148508071899414,-0.28866690397262573,-0.0823405385017395,100,OK,MAP_UPDATE,OK,VISUAL_INERTIAL
1881,1761213145662,120.03879994153976,-107.09165036678314,221.53586149215698,-0.05123582109808922,-0.28306180238723755,-0.07334540784358978,100,OK,MAP_UPDATE,OK,VISUAL_INERTIAL
1882,1761213145679,114.7928461432457,-109.08273607492447,221.30624949932098,-0.04977012425661087,-0.2760075330734253,-0.06448625773191452,100,OK,MAP_UPDATE,OK,VISUAL_INERTIAL
1883,1761213145696,109.95542258024216,-111.16070300340652,220.80691158771515,-0.048955440521240234,-0.26979371905326843,-0.05559230223298073,100,OK,MAP_UPDATE,OK,VISUAL_INERTIAL
1884,1761213145712,105.64950853586197,-112.64662444591522,220.45160830020905,-0.048898935317993164,-0.26587241888046265,-0.046537965536117554,100,OK,MAP_UPDATE,OK,VISUAL_INERTIAL
1885,1761213145729,101.42742842435837,-113.89616876840591,219.9222296476364,-0.04933007434010506,-0.26343974471092224,-0.03707536682486534,100,OK,MAP_UPDATE,OK,VISUAL_INERTIAL
1886,1761213145746,97.04814851284027,-115.17689377069473,219.213604927063,-0.04998702183365822,-0.2603389024734497,-0.02744247205555439,100,OK,MAP_UPDATE,OK,VISUAL_INERTIAL
1887,1761213145762,91.86796098947525,-116.64291471242905,218.2903289794922,-0.05081934854388237,-0.2548128366470337,-0.01738484762609005,100,OK,MAP_UPDATE,OK,VISUAL_INERTIAL
1888,1761213145779,86.32905781269073,-118.76755952835083,216.99993312358856,-0.051678117364645004,-0.24825868010520935,-0.007371621672064066,100,OK,MAP_UPDATE,OK,VISUAL_INERTIAL
1889,1761213145796,80.9745043516159,-120.78818678855896,215.77376127243042,-0.052929747849702835,-0.24155452847480774,0.002965970430523157,100,OK,MAP_UPDATE,OK,VISUAL_INERTIAL
1890,1761213145812,76.0417953133583,-122.58036434650421,214.67866003513336,-0.0544825941324234,-0.23670594394207,0.013759583234786987,100,OK,MAP_UPDATE,OK,VISUAL_INERTIAL
1891,1761213145829,71.44205272197723,-124.19485300779343,213.61814439296722,-0.05611981078982353,-0.23445925116539001,0.025194665417075157,100,OK,MAP_UPDATE,OK,VISUAL_INERTIAL
1892,1761213145846,66.37725234031677,-125.65194070339203,212.38718926906586,-0.057994257658720016,-0.23234200477600098,0.036959607154130936,100,OK,MAP_UPDATE,OK,VISUAL_INERTIAL
1893,1761213145862,60.854051262140274,-127.01134383678436,210.9827995300293,-0.06037940829992294,-0.22814857959747314,0.049099333584308624,100,OK,MAP_UPDATE,OK,VISUAL_INERTIAL
1894,1761213145879,55.003855377435684,-128.24440002441406,209.3009054660797,-0.06335128098726273,-0.2224838137626648,0.061703577637672424,100,OK,MAP_UPDATE,OK,VISUAL_INERTIAL
1895,1761213145896,49.06171187758446,-129.4885277748108,207.53388106822968,-0.06677304953336716,-0.21674911677837372,0.07459409534931183,100,OK,MAP_UPDATE,OK,VISUAL_INERTIAL
1896,1761213145912,43.037038296461105,-130.82773983478546,205.64965903759003,-0.07056869566440582,-0.2120194435119629,0.0881461352109909,100,OK,MAP_UPDATE,OK,VISUAL_INERTIAL
1897,1761213145929,36.954816430807114,-132.34750926494598,203.51633429527283,-0.07462433725595474,-0.20937733352184296,0.1021760106086731,100,OK,MAP_UPDATE,OK,VISUAL_INERTIAL
1898,1761213145946,30.393654480576515,-133.79336893558502,201.0955810546875,-0.07899635285139084,-0.2092220038175583,0.11698052287101746,100,OK,MAP_UPDATE,OK,VISUAL_INERTIAL
1899,1761213145962,23.76069314777851,-135.32623648643494,198.37893545627594,-0.08367772400379181,-0.20895008742809296,0.13206703960895538,100,OK,MAP_UPDATE,OK,VISUAL_INERTIAL
1900,1761213145979,16.1613579839468,-136.96573674678802,195.37591934204102,-0.0888524129986763,-0.2076808661222458,0.14758996665477753,100,OK,MAP_UPDATE,OK,VISUAL_INERTIAL
1901,1761213145996,8.32990650087595,-138.85419070720673,192.13572144508362,-0.09425606578588486,-0.20538580417633057,0.16335733234882355,100,OK,MAP_UPDATE,OK,VISUAL_INERTIAL
1902,1761213146012,0.4262075526639819,-140.74699580669403,188.94211947917938,-0.09996449947357178,-0.20328807830810547,0.179401695728302,100,OK,MAP_UPDATE,OK,VISUAL_INERTIAL
1903,1761213146029,-7.394423708319664,-142.75307953357697,185.63257157802582,-0.10568840801715851,-0.20381052792072296,0.19564032554626465,100,OK,MAP_UPDATE,OK,VISUAL_INERTIAL
1904,1761213146046,-14.633619226515293,-144.9267864227295,182.23711848258972,-0.11124925315380096,-0.2076372355222702,0.21222177147865295,100,OK,MAP_UPDATE,OK,VISUAL_INERTIAL
1905,1761213146062,-21.84886299073696,-147.13934063911438,178.73293161392212,-0.11679200083017349,-0.2137724906206131,0.22895820438861847,100,OK,MAP_UPDATE,OK,VISUAL_INERTIAL
1906,1761213146079,-29.526907950639725,-149.36429262161255,174.91810023784637,-0.1225525364279747,-0.2198113352060318,0.2452724277973175,100,OK,MAP_UPDATE,OK,VISUAL_INERTIAL
1907,1761213146096,-38.27701881527901,-151.5589952468872,170.7834154367447,-0.12909622490406036,-0.22235094010829926,0.2603265941143036,100,OK,MAP_UPDATE,OK,VISUAL_INERTIAL
1908,1761213146112,-46.88735678792,-154.25708889961243,166.3426160812378,-0.1362043172121048,-0.22069451212882996,0.27349141240119934,100,OK,MAP_UPDATE,OK,VISUAL_INERTIAL
1909,1761213146129,-54.65386435389519,-156.9281667470932,162.13053464889526,-0.1433873325586319,-0.2178950309753418,0.28561243414878845,100,OK,MAP_UPDATE,OK,VISUAL_INERTIAL
1910,1761213146146,-61.460696160793304,-159.32857990264893,158.02469849586487,-0.1505115032196045,-0.2157374620437622,0.29675960540771484,100,OK,MAP_UPDATE,OK,VISUAL_INERTIAL
1911,1761213146162,-67.10028648376465,-161.47685050964355,154.21099960803986,-0.15725554525852203,-0.2145274132490158,0.3069398105144501,100,OK,MAP_UPDATE,OK,VISUAL_INERTIAL
1912,1761213146179,-73.20272922515869,-163.48786652088165,150.46237409114838,-0.1641124039888382,-0.21286281943321228,0.3156757950782776,100,OK,MAP_UPDATE,OK,VISUAL_INERTIAL
1913,1761213146196,-79.3519988656044,-165.33343493938446,146.46750688552856,-0.17107167840003967,-0.20779837667942047,0.32267463207244873,100,OK,MAP_UPDATE,OK,VISUAL_INERTIAL
1914,1761213146212,-85.04324406385422,-166.96137189865112,142.5125151872635,-0.1780342012643814,-0.19911399483680725,0.3277612030506134,100,OK,MAP_UPDATE,OK,VISUAL_INERTIAL
1915,1761213146229,-90.01944959163666,-168.34676265716553,138.7561857700348,-0.18483155965805054,-0.18943068385124207,0.3313319981098175,100,OK,MAP_UPDATE,OK,VISUAL_INERTIAL
1916,1761213146246,-94.13648396730423,-169.45290565490723,135.38238406181335,-0.19099317491054535,-0.17961040139198303,0.3335435688495636,100,OK,MAP_UPDATE,OK,VISUAL_INERTIAL
1917,1761213146262,-97.98912703990936,-170.42051255702972,132.13574886322021,-0.1965639740228653,-0.1688181608915329,0.33420857787132263,100,OK,MAP_UPDATE,OK,VISUAL_INERTIAL
1918,1761213146279,-101.95551812648773,-171.0745245218277,129.2724311351776,-0.2016131728887558,-0.1567140519618988,0.3336974084377289,100,OK,MAP_UPDATE,OK,VISUAL_INERTIAL
1919,1761213146296,-105.50835728645325,-171.41592502593994,126.77030265331268,-0.20616917312145233,-0.14255094528198242,0.33214059472084045,100,OK,MAP_UPDATE,OK,VISUAL_INERTIAL
1920,1761213146312,-108.68257284164429,-171.61716520786285,124.69349801540375,-0.21008463203907013,-0.12736979126930237,0.32941991090774536,100,OK,MAP_UPDATE,OK,VISUAL_INERTIAL
1921,1761213146329,-111.99230700731277,-172.08409309387207,123.20863455533981,-0.21316461265087128,-0.11132484674453735,0.3256186842918396,100,OK,MAP_UPDATE,OK,VISUAL_INERTIAL
1922,1761213146346,-114.21936750411987,-171.8105971813202,122.33535200357437,-0.21577291190624237,-0.09411627054214478,0.32096827030181885,100,OK,MAP_UPDATE,OK,VISUAL_INERTIAL
1923,1761213146362,-116.0660833120346,-171.44274711608887,121.13314867019653,-0.2176866978406906,-0.07671809941530228,0.31579315662384033,100,OK,MAP_UPDATE,OK,VISUAL_INERTIAL
1924,1761213146379,-118.55963617563248,-171.15385830402374,120.2571839094162,-0.21853107213974,-0.05984167754650116,0.3107890188694,100,OK,MAP_UPDATE,OK,VISUAL_INERTIAL
1925,1761213146396,-120.91267108917236,-171.10982537269592,119.39900368452072,-0.21877291798591614,-0.0422041229903698,0.3053446412086487,100,OK,MAP_UPDATE,OK,VISUAL_INERTIAL
1926,1761213146412,-123.72582405805588,-170.7470864057541,119.02713030576706,-0.21861067414283752,-0.02493584342300892,0.3000091314315796,100,OK,MAP_UPDATE,OK,VISUAL_INERTIAL
1927,1761213146429,-126.52057409286499,-170.37120461463928,118.99295449256897,-0.21776394546031952,-0.008320328779518604,0.2952174246311188,100,OK,MAP_UPDATE,OK,VISUAL_INERTIAL
1928,1761213146446,-129.53263521194458,-170.2291965484619,119.23832446336746,-0.21617180109024048,0.0073299105279147625,0.2906979024410248,100,OK,MAP_UPDATE,OK,VISUAL_INERTIAL
1929,1761213146462,-132.86572694778442,-170.19762098789215,119.55998837947845,-0.21411438286304474,0.022853471338748932,0.286141037940979,100,OK,MAP_UPDATE,OK,VISUAL_INERTIAL
1930,1761213146479,-136.49563491344452,-170.41045427322388,119.95222419500351,-0.21138951182365417,0.03821182623505592,0.281195729970932,100,OK,MAP_UPDATE,OK,VISUAL_INERTIAL
1931,1761213146496,-140.39547741413116,-170.16418278217316,120.39776146411896,-0.2089730054140091,0.054218266159296036,0.27594423294067383,100,OK,MAP_UPDATE,OK,VISUAL_INERTIAL
1932,1761213146512,-143.9671814441681,-170.326367020607,121.16091698408127,-0.20596346259117126,0.07244712114334106,0.2698546350002289,100,OK,MAP_UPDATE,OK,VISUAL_INERTIAL
1933,1761213146529,-147.9922980070114,-170.04886269569397,122.27866798639297,-0.2027462124824524,0.09092644602060318,0.2638813257217407,100,OK,MAP_UPDATE,OK,VISUAL_INERTIAL
1934,1761213146546,-151.1644423007965,-169.68980431556702,123.70788305997849,-0.19881612062454224,0.10887271910905838,0.25796031951904297,100,OK,MAP_UPDATE,OK,VISUAL_INERTIAL
1935,1761213146562,-154.01005744934082,-169.1257208585739,125.21353363990784,-0.19453208148479462,0.12609265744686127,0.251740425825119,100,OK,MAP_UPDATE,OK,VISUAL_INERTIAL
1936,1761213146579,-156.8254679441452,-168.31985116004944,126.9928365945816,-0.19014517962932587,0.14319846034049988,0.24488215148448944,100,OK,MAP_UPDATE,OK,VISUAL_INERTIAL
1937,1761213146596,-159.64052081108093,-167.42253303527832,128.78455221652985,-0.18579284846782684,0.16040916740894318,0.23735517263412476,100,OK,MAP_UPDATE,OK,VISUAL_INERTIAL
1938,1761213146612,-162.21924126148224,-166.40543937683105,130.84131479263306,-0.18158334493637085,0.17816339433193207,0.22919707000255585,100,OK,MAP_UPDATE,OK,VISUAL_INERTIAL
1939,1761213146629,-163.85552287101746,-165.51105678081512,132.82297551631927,-0.1767646074295044,0.19560514390468597,0.22109925746917725,100,OK,MAP_UPDATE,OK,VISUAL_INERTIAL
1940,1761213146646,-165.54871201515198,-163.72515261173248,134.7849816083908,-0.17208755016326904,0.21023526787757874,0.2132313996553421,100,OK,MAP_UPDATE,OK,VISUAL_INERTIAL
1941,1761213146662,-166.39012098312378,-162.3067706823349,136.7906928062439,-0.16664408147335052,0.22338442504405975,0.20524269342422485,100,OK,MAP_UPDATE,OK,VISUAL_INERTIAL
1942,1761213146679,-167.3518717288971,-160.5420559644699,138.80972564220428,-0.16113562881946564,0.23679958283901215,0.1966797411441803,100,OK,MAP_UPDATE,OK,VISUAL_INERTIAL
1943,1761213146696,-168.47969591617584,-158.8369905948639,140.91360569000244,-0.15569204092025757,0.2509096562862396,0.1877332478761673,100,OK,MAP_UPDATE,OK,VISUAL_INERTIAL
1944,1761213146712,-169.52969133853912,-157.2221964597702,143.07445287704468,-0.150259330868721,0.2655333876609802,0.17851606011390686,100,OK,MAP_UPDATE,OK,VISUAL_INERTIAL
1945,1761213146729,-170.12009024620056,-155.3083211183548,145.4402357339859,-0.1446978747844696,0.27978622913360596,0.1694202572107315,100,OK,MAP_UPDATE,OK,VISUAL_INERTIAL
1946,1761213146746,-170.06519436836243,-153.50644290447235,147.73063361644745,-0.13894669711589813,0.2921096384525299,0.16044500470161438,100,OK,MAP_UPDATE,OK,VISUAL_INERTIAL
1947,1761213146762,-169.85230147838593,-152.28019654750824,149.8049795627594,-0.13261210918426514,0.3017432987689972,0.15173403918743134,100,OK,MAP_UPDATE,OK,VISUAL_INERTIAL
1948,1761213146779,-169.22396421432495,-150.59545636177063,151.94855630397797,-0.1266956627368927,0.3111104667186737,0.14279739558696747,100,OK,MAP_UPDATE,OK,VISUAL_INERTIAL
1949,1761213146796,-168.9312607049942,-148.8969773054123,154.07592058181763,-0.12136955559253693,0.3218042850494385,0.1335730105638504,100,OK,MAP_UPDATE,OK,VISUAL_INERTIAL
1950,1761213146812,-168.833926320076,-147.05322682857513,155.98538517951965,-0.11667615175247192,0.33334851264953613,0.12431418895721436,100,OK,MAP_UPDATE,OK,VISUAL_INERTIAL
1951,1761213146829,-168.30895841121674,-145.07345855236053,157.67835080623627,-0.11214322596788406,0.34444522857666016,0.11505990475416183,100,OK,MAP_UPDATE,OK,VISUAL_INERTIAL
1952,1761213146846,-167.3162877559662,-142.92235672473907,159.22343730926514,-0.10766247659921646,0.3534546494483948,0.10611668974161148,100,OK,MAP_UPDATE,OK,VISUAL_INERTIAL
1953,1761213146862,-165.93366861343384,-140.82221686840057,160.6127917766571,-0.10298874229192734,0.3593418002128601,0.097337506711483,100,OK,MAP_UPDATE,OK,VISUAL_INERTIAL
1954,1761213146879,-164.30404782295227,-138.97456228733063,161.7254614830017,-0.09808555245399475,0.36353522539138794,0.08860427886247635,100,OK,MAP_UPDATE,OK,VISUAL_INERTIAL
1955,1761213146896,-162.945494055748,-137.19473779201508,162.8243625164032,-0.0935669094324112,0.36709481477737427,0.07999756932258606,100,OK,MAP_UPDATE,OK,VISUAL_INERTIAL
1956,1761213146912,-162.70723938941956,-134.81363654136658,163.88268768787384,-0.08999300748109818,0.3713305592536926,0.07145169377326965,100,OK,MAP_UPDATE,OK,VISUAL_INERTIAL
1957,1761213146929,-162.10614144802094,-132.94057548046112,164.98589515686035,-0.08630482852458954,0.37809160351753235,0.06250610947608948,100,OK,MAP_UPDATE,OK,VISUAL_INERTIAL
1958,1761213146946,-160.80625355243683,-131.38166069984436,165.8482700586319,-0.08246245235204697,0.3834972381591797,0.053636334836483,100,OK,MAP_UPDATE,OK,VISUAL_INERTIAL
1959,1761213146963,-158.71958434581757,-129.617840051651,166.34295880794525,-0.07861849665641785,0.384930282831192,0.04463833197951317,100,OK,MAP_UPDATE,OK,VISUAL_INERTIAL
1960,1761213146979,-156.70208632946014,-127.5675892829895,166.64467751979828,-0.07527932524681091,0.3840509057044983,0.035364262759685516,100,OK,MAP_UPDATE,OK,VISUAL_INERTIAL
1961,1761213146996,-154.59614992141724,-125.59305131435394,166.7976975440979,-0.07232563197612762,0.38387539982795715,0.025542695075273514,100,OK,MAP_UPDATE,OK,VISUAL_INERTIAL
1962,1761213147012,-152.8075635433197,-124.01829659938812,166.88063740730286,-0.06975680589675903,0.3859638273715973,0.01536234188824892,100,OK,MAP_UPDATE,OK,VISUAL_INERTIAL
1963,1761213147029,-150.79554915428162,-122.35641479492188,166.905477643013,-0.06750273704528809,0.3900989294052124,0.004658420570194721,100,OK,MAP_UPDATE,OK,VISUAL_INERTIAL
1964,1761213147046,-148.39036762714386,-120.87347358465195,166.83681309223175,-0.06525752693414688,0.39461180567741394,-0.00633965153247118,100,OK,MAP_UPDATE,OK,VISUAL_INERTIAL
1965,1761213147062,-145.21045982837677,-119.47588622570038,166.4905548095703,-0.06293563544750214,0.3970937132835388,-0.017528800293803215,100,OK,MAP_UPDATE,OK,VISUAL_INERTIAL
1966,1761213147079,-141.478031873703,-118.10894310474396,165.86893796920776,-0.06061812862753868,0.3976248502731323,-0.029128681868314743,100,OK,MAP_UPDATE,OK,VISUAL_INERTIAL
1967,1761213147096,-137.45462894439697,-116.84060841798782,165.03775119781494,-0.05844069644808769,0.397743821144104,-0.041056327521800995,100,OK,MAP_UPDATE,OK,VISUAL_INERTIAL
1968,1761213147112,-133.31669569015503,-115.66153168678284,164.0951782464981,-0.056411292403936386,0.3973561227321625,-0.053130678832530975,100,OK,MAP_UPDATE,OK,VISUAL_INERTIAL
1969,1761213147129,-129.19515371322632,-114.6114319562912,163.0726158618927,-0.05441584065556526,0.39718949794769287,-0.065244160592556,100,OK,MAP_UPDATE,OK,VISUAL_INERTIAL
1970,1761213147146,-125.07358193397522,-113.64038288593292,161.98396682739258,-0.052487265318632126,0.39797696471214294,-0.0774047002196312,100,OK,MAP_UPDATE,OK,VISUAL_INERTIAL
1971,1761213147162,-120.64320594072342,-112.90615797042847,160.73904931545258,-0.05050012096762657,0.3991113007068634,-0.08958842605352402,100,OK,MAP_UPDATE,OK,VISUAL_INERTIAL
1972,1761213147179,-116.04022234678268,-112.12743818759918,159.490168094635,-0.04873105138540268,0.400058388710022,-0.1017739325761795,100,OK,MAP_UPDATE,OK,VISUAL_INERTIAL
1973,1761213147196,-111.17082089185715,-111.46394163370132,158.14873576164246,-0.046947263181209564,0.40097203850746155,-0.11408893018960953,100,OK,MAP_UPDATE,OK,VISUAL_INERTIAL
1974,1761213147212,-106.11077398061752,-110.92410236597061,156.7588895559311,-0.04512162506580353,0.40099775791168213,-0.1261224001646042,100,OK,MAP_UPDATE,OK,VISUAL_INERTIAL
1975,1761213147229,-100.74847936630249,-110.27901619672775,155.32325208187103,-0.04343537613749504,0.401226282119751,-0.1379937380552292,100,OK,MAP_UPDATE,OK,VISUAL_INERTIAL
1976,1761213147246,-95.43178975582123,-109.8208799958229,154.1132926940918,-0.041640691459178925,0.40201255679130554,-0.14966385066509247,100,OK,MAP_UPDATE,OK,VISUAL_INERTIAL
1977,1761213147262,-89.96063470840454,-109.68809574842453,152.92595326900482,-0.03978590667247772,0.4020000696182251,-0.16093093156814575,100,OK,MAP_UPDATE,OK,VISUAL_INERTIAL
1978,1761213147279,-84.59457755088806,-109.89250987768173,151.80695056915283,-0.03807076811790466,0.4009697139263153,-0.17170283198356628,100,OK,MAP_UPDATE,OK,VISUAL_INERTIAL
1979,1761213147296,-79.43358272314072,-110.37881672382355,150.6371796131134,-0.03652692586183548,0.3997325003147125,-0.1818516105413437,100,OK,MAP_UPDATE,OK,VISUAL_INERTIAL
1980,1761213147312,-74.31791722774506,-111.2644299864769,149.3692845106125,-0.03511717543005943,0.3980954885482788,-0.19129431247711182,100,OK,MAP_UPDATE,OK,VISUAL_INERTIAL
1981,1761213147329,-69.16844844818115,-112.35782504081726,147.88511395454407,-0.03398875892162323,0.3946565091609955,-0.19991852343082428,100,OK,MAP_UPDATE,OK,VISUAL_INERTIAL
1982,1761213147346,-64.117930829525,-113.65295201539993,146.39222621917725,-0.033190153539180756,0.3896676301956177,-0.2079264372587204,100,OK,MAP_UPDATE,OK,VISUAL_INERTIAL
1983,1761213147362,-59.4707615673542,-115.09294807910919,144.91555094718933,-0.032674845308065414,0.38497689366340637,-0.21528691053390503,100,OK,MAP_UPDATE,OK,VISUAL_INERTIAL
1984,1761213147379,-55.09142950177193,-116.82124435901642,143.3412730693817,-0.03245765343308449,0.38064485788345337,-0.22188834846019745,100,OK,MAP_UPDATE,OK,VISUAL_INERTIAL
1985,1761213147396,-50.71304365992546,-118.49220097064972,141.63388311862946,-0.03295920416712761,0.37545695900917053,-0.22719337046146393,100,OK,MAP_UPDATE,OK,VISUAL_INERTIAL
1986,1761213147412,-46.493060886859894,-120.72218954563141,139.66992497444153,-0.03358770161867142,0.36915162205696106,-0.23121525347232819,100,OK,MAP_UPDATE,OK,VISUAL_INERTIAL
1987,1761213147429,-42.823150753974915,-122.54080921411514,137.76196539402008,-0.03487112373113632,0.3615242540836334,-0.2339264154434204,100,OK,MAP_UPDATE,OK,VISUAL_INERTIAL
1988,1761213147446,-39.38612714409828,-124.44721907377243,135.7252150774002,-0.03656766563653946,0.3535468280315399,-0.23543202877044678,100,OK,MAP_UPDATE,OK,VISUAL_INERTIAL
1989,1761213147463,-36.39238327741623,-126.2785941362381,133.63735377788544,-0.03881094604730606,0.3452922999858856,-0.235955148935318,100,OK,MAP_UPDATE,OK,VISUAL_INERTIAL
1990,1761213147479,-33.40119495987892,-128.1537115573883,131.42789900302887,-0.04166176915168762,0.3361838161945343,-0.23528313636779785,100,OK,MAP_UPDATE,OK,VISUAL_INERTIAL
1991,1761213147496,-30.53901717066765,-130.05955517292023,129.06786799430847,-0.0449831523001194,0.3254711925983429,-0.23357456922531128,100,OK,MAP_UPDATE,OK,VISUAL_INERTIAL
1992,1761213147512,-28.47571112215519,-132.05167651176453,126.71627104282379,-0.04872746765613556,0.31375521421432495,-0.23079437017440796,100,OK,MAP_UPDATE,OK,VISUAL_INERTIAL
1993,1761213147529,-25.80256760120392,-135.08978486061096,124.58574026823044,-0.05221080407500267,0.30180883407592773,-0.2275274693965912,100,OK,MAP_UPDATE,OK,VISUAL_INERTIAL
1994,1761213147546,-25.14718845486641,-136.1922174692154,122.01451510190964,-0.05768816918134689,0.2880989909172058,-0.223057359457016,100,OK,MAP_UPDATE,OK,VISUAL_INERTIAL
1995,1761213147562,-24.421673268079758,-138.37043941020966,119.7739765048027,-0.06257141381502151,0.2757437825202942,-0.21860775351524353,100,OK,MAP_UPDATE,OK,VISUAL_INERTIAL
1996,1761213147579,-23.47700670361519,-140.6419575214386,117.67425388097763,-0.06756918132305145,0.26414912939071655,-0.21381832659244537,100,OK,MAP_UPDATE,OK,VISUAL_INERTIAL
1997,1761213147596,-22.944336757063866,-142.56542921066284,115.31224846839905,-0.07296521961688995,0.2521909177303314,-0.2083805352449417,100,OK,MAP_UPDATE,OK,VISUAL_INERTIAL
1998,1761213147612,-22.456366568803787,-144.58981156349182,112.94607073068619,-0.0783979669213295,0.24033990502357483,-0.20264436304569244,100,OK,MAP_UPDATE,OK,VISUAL_INERTIAL
1999,1761213147629,-21.712398156523705,-146.48161828517914,110.61028391122818,-0.08404728025197983,0.22821597754955292,-0.19660666584968567,100,OK,MAP_UPDATE,OK,VISUAL_INERTIAL
2000,1761213147646,-20.544981583952904,-148.36739003658295,108.25908184051514,-0.08961638063192368,0.21612374484539032,-0.1904195100069046,100,OK,MAP_UPDATE,OK,VISUAL_INERTIAL
2001,1761213147662,-19.480707123875618,-150.0379741191864,105.95981776714325,-0.09520882368087769,0.2042555958032608,-0.18410591781139374,100,OK,MAP_UPDATE,OK,VISUAL_INERTIAL
2002,1761213147679,-18.54824274778366,-151.62810683250427,103.69653254747391,-0.100735142827034,0.1937081515789032,-0.17759732902050018,100,OK,MAP_UPDATE,OK,VISUAL_INERTIAL
2003,1761213147696,-17.632579430937767,-153.33110094070435,101.48437321186066,-0.10621564090251923,0.18441039323806763,-0.17097757756710052,100,OK,MAP_UPDATE,OK,VISUAL_INERTIAL
2004,1761213147712,-16.364486888051033,-154.89141643047333,99.36902672052383,-0.11182765662670135,0.1752292662858963,-0.16440026462078094,100,OK,MAP_UPDATE,OK,VISUAL_INERTIAL
2005,1761213147729,-14.718515798449516,-156.68530762195587,97.1517562866211,-0.11728083342313766,0.16499857604503632,-0.15787330269813538,100,OK,MAP_UPDATE,OK,VISUAL_INERTIAL
2006,1761213147746,-13.632742688059807,-157.94433653354645,95.08606046438217,-0.12297265231609344,0.1535712480545044,-0.15157312154769897,100,OK,MAP_UPDATE,OK,VISUAL_INERTIAL
2007,1761213147762,-12.378170154988766,-159.36420857906342,93.2910293340683,-0.12819676101207733,0.14215125143527985,-0.1452297866344452,100,OK,MAP_UPDATE,OK,VISUAL_INERTIAL
2008,1761213147779,-11.253992095589638,-160.82274913787842,91.60535037517548,-0.13280975818634033,0.13139556348323822,-0.1388847529888153,100,OK,MAP_UPDATE,OK,VISUAL_INERTIAL
2009,1761213147796,-10.656564496457577,-162.06441819667816,90.31563252210617,-0.13704489171504974,0.12308383733034134,-0.13264144957065582,100,OK,MAP_UPDATE,OK,VISUAL_INERTIAL
2010,1761213147812,-10.035325773060322,-163.9004796743393,89.18001502752304,-0.14072242379188538,0.11594219505786896,-0.12650877237319946,100,OK,MAP_UPDATE,OK,VISUAL_INERTIAL
2011,1761213147829,-9.197145700454712,-165.65459966659546,88.22047710418701,-0.14436659216880798,0.10860789567232132,-0.12052427977323532,100,OK,MAP_UPDATE,OK,VISUAL_INERTIAL
2012,1761213147846,-8.240314200520515,-167.3969179391861,87.22695708274841,-0.14806464314460754,0.10047560185194016,-0.11483350396156311,100,OK,MAP_UPDATE,OK,VISUAL_INERTIAL
2013,1761213147862,-6.908765994012356,-169.18574273586273,86.2821564078331,-0.15190057456493378,0.09142591059207916,-0.10925409942865372,100,OK,MAP_UPDATE,OK,VISUAL_INERTIAL
2014,1761213147879,-5.6832232512533665,-171.11629247665405,85.21097898483276,-0.1559714674949646,0.08246318995952606,-0.10377311706542969,100,OK,MAP_UPDATE,OK,VISUAL_INERTIAL
2015,1761213147896,-4.753769375383854,-172.85983264446259,84.23253893852234,-0.15962456166744232,0.07607943564653397,-0.09928719699382782,100,OK,MAP_UPDATE,OK,VISUAL_INERTIAL
2016,1761213147912,-4.34187613427639,-174.18426275253296,83.50954949855804,-0.16349105536937714,0.07103626430034637,-0.09503868222236633,100,OK,MAP_UPDATE,OK,VISUAL_INERTIAL
2017,1761213147929,-3.457488492131233,-175.6608635187149,82.8869491815567,-0.16711711883544922,0.06694226711988449,-0.09138978272676468,100,OK,MAP_UPDATE,OK,VISUAL_INERTIAL
2018,1761213147946,-2.1901594009250402,-177.00788378715515,82.43214339017868,-0.17065411806106567,0.0628596618771553,-0.0882028192281723,100,OK,MAP_UPDATE,OK,VISUAL_INERTIAL
2019,1761213147962,-0.6533102714456618,-178.28837037086487,82.10346102714539,-0.1741921305656433,0.05916024371981621,-0.08555719256401062,100,OK,MAP_UPDATE,OK,VISUAL_INERTIAL
2020,1761213147979,1.2147388188168406,-179.3896108865738,81.89644664525986,-0.17770960927009583,0.05490149185061455,-0.08309563249349594,100,OK,MAP_UPDATE,OK,VISUAL_INERTIAL
2021,1761213147996,3.1824749894440174,-180.30382692813873,81.72976225614548,-0.18099993467330933,0.05029764026403427,-0.08078624308109283,100,OK,MAP_UPDATE,OK,VISUAL_INERTIAL
2022,1761213148012,4.932143725454807,-181.2165528535843,81.60698413848877,-0.18382477760314941,0.04658234119415283,-0.07877145707607269,100,OK,MAP_UPDATE,OK,VISUAL_INERTIAL
2023,1761213148029,6.494070403277874,-182.09414184093475,81.65346086025238,-0.18620996177196503,0.04253990203142166,-0.0768623873591423,100,OK,MAP_UPDATE,OK,VISUAL_INERTIAL
2024,1761213148046,8.002794347703457,-183.13197791576385,81.83420449495316,-0.18822109699249268,0.038002293556928635,-0.07491578161716461,100,OK,MAP_UPDATE,OK,VISUAL_INERTIAL
2025,1761213148062,9.208480827510357,-184.07703936100006,82.25605636835098,-0.18998610973358154,0.0334676057100296,-0.07280045747756958,100,OK,MAP_UPDATE,OK,VISUAL_INERTIAL
2026,1761213148079,10.267374105751514,-185.00462174415588,82.91689306497574,-0.1914532482624054,0.029127513989806175,-0.07051292061805725,100,OK,MAP_UPDATE,OK,VISUAL_INERTIAL
2027,1761213148096,11.139667592942715,-185.94838678836823,83.79409462213516,-0.19253534078598022,0.025241896510124207,-0.06819736212491989,100,OK,MAP_UPDATE,OK,VISUAL_INERTIAL
2028,1761213148112,11.978416703641415,-186.96361780166626,84.86351370811462,-0.19330887496471405,0.021170344203710556,-0.06587819010019302,100,OK,MAP_UPDATE,OK,VISUAL_INERTIAL
2029,1761213148129,13.157103210687637,-188.04410099983215,86.18120104074478,-0.19378647208213806,0.016202200204133987,-0.06372412294149399,100,OK,MAP_UPDATE,OK,VISUAL_INERTIAL
2030,1761213148146,14.359907247126102,-189.1847401857376,87.6661092042923,-0.19407157599925995,0.010844812728464603,-0.06178268417716026,100,OK,MAP_UPDATE,OK,VISUAL_INERTIAL
2031,1761213148162,15.452047809958458,-190.37039577960968,89.17304873466492,-0.19413858652114868,0.005033557768911123,-0.06000486761331558,100,OK,MAP_UPDATE,OK,VISUAL_INERTIAL
2032,1761213148179,16.60025306046009,-191.63991510868073,90.75900167226791,-0.19393181800842285,-0.0014165859902277589,-0.05825693532824516,100,OK,MAP_UPDATE,OK,VISUAL_INERTIAL
2033,1761213148196,17.616618424654007,-193.07461380958557,92.44727343320847,-0.193313866853714,-0.007591928355395794,-0.05666835233569145,100,OK,MAP_UPDATE,OK,VISUAL_INERTIAL
2034,1761213148212,18.45211535692215,-194.5987492799759,94.198077917099,-0.1925315111875534,-0.013202141039073467,-0.0552169494330883,100,OK,MAP_UPDATE,OK,VISUAL_INERTIAL
2035,1761213148229,19.2241407930851,-196.0732936859131,95.86229920387268,-0.19171030819416046,-0.01866281032562256,-0.05390414968132973,100,OK,MAP_UPDATE,OK,VISUAL_INERTIAL
2036,1761213148246,20.25102823972702,-197.62052595615387,97.4736139178276,-0.19092097878456116,-0.0250394307076931,-0.052425019443035126,100,OK,MAP_UPDATE,OK,VISUAL_INERTIAL
2037,1761213148262,21.479200571775436,-199.31873679161072,99.04409945011139,-0.1901089996099472,-0.03271402791142464,-0.05058711767196655,100,OK,MAP_UPDATE,OK,VISUAL_INERTIAL
2038,1761213148279,22.53778837621212,-201.04412734508514,100.40171444416046,-0.18924884498119354,-0.04101468622684479,-0.04861268401145935,100,OK,MAP_UPDATE,OK,VISUAL_INERTIAL
2039,1761213148296,23.14075268805027,-202.7563452720642,101.52001678943634,-0.18838974833488464,-0.04862703010439873,-0.04655790701508522,100,OK,MAP_UPDATE,OK,VISUAL_INERTIAL
2040,1761213148312,23.432884365320206,-204.5452743768692,102.4213507771492,-0.18765054643154144,-0.05522996932268143,-0.0444006510078907,100,OK,MAP_UPDATE,OK,VISUAL_INERTIAL
2041,1761213148329,23.70327152311802,-206.34451508522034,103.12802344560623,-0.18715977668762207,-0.062013980001211166,-0.04181254282593727,100,OK,MAP_UPDATE,OK,VISUAL_INERTIAL
2042,1761213148346,23.70327152311802,-206.34451508522034,103.12802344560623,-0.18715977668762207,-0.062013980001211166,-0.04181254282593727,100,OK,MAP_UPDATE,OK,VISUAL_INERTIAL
2043,1761213148362,23.94748106598854,-209.8519802093506,103.70474308729172,-0.1870778352022171,-0.0752129852771759,-0.035427991300821304,100,OK,MAP_UPDATE,OK,VISUAL_INERTIAL
2044,1761213148379,23.572945967316628,-212.13670074939728,103.65385562181473,-0.18709611892700195,-0.08079974353313446,-0.03188835456967354,100,OK,MAP_UPDATE,OK,VISUAL_INERTIAL
2045,1761213148396,23.179108276963234,-214.3850475549698,103.42365503311157,-0.1873367577791214,-0.08637198060750961,-0.02845577895641327,100,OK,MAP_UPDATE,OK,VISUAL_INERTIAL
2046,1761213148412,23.0520311743021,-216.60682559013367,103.04216295480728,-0.1878192275762558,-0.09325326979160309,-0.024849889799952507,100,OK,MAP_UPDATE,OK,VISUAL_INERTIAL
2047,1761213148429,23.082807660102844,-218.79304945468903,102.47300565242767,-0.1884986311197281,-0.1010906770825386,-0.021066609770059586,100,OK,MAP_UPDATE,OK,VISUAL_INERTIAL
2048,1761213148446,22.698258981108665,-221.01232409477234,101.61645710468292,-0.18932108581066132,-0.1083500012755394,-0.01730182394385338,100,OK,MAP_UPDATE,OK,VISUAL_INERTIAL
2049,1761213148462,21.91973105072975,-223.30529987812042,100.50085932016373,-0.19038990139961243,-0.11448262631893158,-0.013559190556406975,100,OK,MAP_UPDATE,OK,VISUAL_INERTIAL
2050,1761213148479,21.031275391578674,-225.7179319858551,99.21221435070038,-0.19177527725696564,-0.11992901563644409,-0.009788946248590946,100,OK,MAP_UPDATE,OK,VISUAL_INERTIAL
2051,1761213148496,20.40315791964531,-228.18434238433838,97.71445393562317,-0.19363699853420258,-0.12562577426433563,-0.005945207551121712,100,OK,MAP_UPDATE,OK,VISUAL_INERTIAL
2052,1761213148512,19.983239471912384,-230.4467111825943,96.13176435232162,-0.19583159685134888,-0.1327465921640396,-0.0017622942104935646,100,OK,MAP_UPDATE,OK,VISUAL_INERTIAL
2053,1761213148529,19.55450139939785,-232.55550861358643,94.39573436975479,-0.19859933853149414,-0.14062456786632538,0.0028675647918134928,100,OK,MAP_UPDATE,OK,VISUAL_INERTIAL
2054,1761213148546,18.824860453605652,-234.77980494499207,92.20626950263977,-0.20173659920692444,-0.1469670683145523,0.007639569230377674,100,OK,MAP_UPDATE,OK,VISUAL_INERTIAL
2055,1761213148562,17.900265753269196,-237.13448643684387,89.64523673057556,-0.20536111295223236,-0.15259626507759094,0.012789861299097538,100,OK,MAP_UPDATE,OK,VISUAL_INERTIAL
2056,1761213148579,16.904521733522415,-239.38870429992676,86.7735967040062,-0.20958948135375977,-0.15815269947052002,0.018387706950306892,100,OK,MAP_UPDATE,OK,VISUAL_INERTIAL
2057,1761213148596,15.783246606588364,-241.8215572834015,83.55838805437088,-0.214175745844841,-0.16423602402210236,0.024408958852291107,100,OK,MAP_UPDATE,OK,VISUAL_INERTIAL
2058,1761213148612,14.837034046649933,-244.17844414710999,80.18974214792252,-0.21932223439216614,-0.17105460166931152,0.031108208000659943,100,OK,MAP_UPDATE,OK,VISUAL_INERTIAL
2059,1761213148629,13.503078371286392,-246.49310111999512,76.56365633010864,-0.2249998301267624,-0.1771858036518097,0.03816171735525131,100,OK,MAP_UPDATE,OK,VISUAL_INERTIAL
2060,1761213148646,11.954719200730324,-248.74509871006012,72.64447957277298,-0.23132333159446716,-0.18313263356685638,0.045624520629644394,100,OK,MAP_UPDATE,OK,VISUAL_INERTIAL
2061,1761213148662,10.393313132226467,-251.02749466896057,68.60102713108063,-0.23814283311367035,-0.18924108147621155,0.05331530049443245,100,OK,MAP_UPDATE,OK,VISUAL_INERTIAL
2062,1761213148679,8.627896197140217,-253.42774391174316,64.13228064775467,-0.2455768883228302,-0.19490329921245575,0.06105780228972435,100,OK,MAP_UPDATE,OK,VISUAL_INERTIAL
2063,1761213148696,6.859449669718742,-255.88029623031616,59.39384922385216,-0.25357291102409363,-0.2001187950372696,0.068784698843956,100,OK,MAP_UPDATE,OK,VISUAL_INERTIAL
2064,1761213148712,5.004281643778086,-258.4560215473175,54.54589053988457,-0.26181188225746155,-0.20561106503009796,0.0767461359500885,100,OK,MAP_UPDATE,OK,VISUAL_INERTIAL
2065,1761213148729,2.906100358814001,-261.23854517936707,49.57941174507141,-0.2701839804649353,-0.21039704978466034,0.08481459319591522,100,OK,MAP_UPDATE,OK,VISUAL_INERTIAL
2066,1761213148746,0.3835640090983361,-264.1409635543823,44.62101683020592,-0.27871033549308777,-0.21385833621025085,0.09295498579740524,100,OK,MAP_UPDATE,OK,VISUAL_INERTIAL
2067,1761213148762,-2.348274225369096,-267.28299260139465,39.7987887263298,-0.2871015965938568,-0.21625660359859467,0.10118380188941956,100,OK,MAP_UPDATE,OK,VISUAL_INERTIAL
2068,1761213148779,-5.00267930328846,-270.54518461227417,35.28319299221039,-0.2955116331577301,-0.21795636415481567,0.10959780961275101,100,OK,MAP_UPDATE,OK,VISUAL_INERTIAL
2069,1761213148796,-7.4668098241090775,-274.0936875343323,30.70027567446232,-0.30419304966926575,-0.2200354039669037,0.11826467514038086,100,OK,MAP_UPDATE,OK,VISUAL_INERTIAL
2070,1761213148812,-9.830047376453876,-277.7627110481262,26.170095428824425,-0.31284424662590027,-0.22312018275260925,0.12695932388305664,100,OK,MAP_UPDATE,OK,VISUAL_INERTIAL
2071,1761213148829,-12.538792565464973,-281.648725271225,21.765340119600296,-0.32160845398902893,-0.22552543878555298,0.13528335094451904,100,OK,MAP_UPDATE,OK,VISUAL_INERTIAL
2072,1761213148846,-15.640759840607643,-285.7434153556824,17.19900593161583,-0.33062541484832764,-0.22587329149246216,0.14289316534996033,100,OK,MAP_UPDATE,OK,VISUAL_INERTIAL
2073,1761213148863,-19.289271906018257,-290.04406929016113,12.710103765130043,-0.3397662937641144,-0.22536815702915192,0.15005792677402496,100,OK,MAP_UPDATE,OK,VISUAL_INERTIAL
2074,1761213148879,-22.24552445113659,-294.31644082069397,8.635357022285461,-0.3484426438808441,-0.22593195736408234,0.15700939297676086,100,OK,MAP_UPDATE,OK,VISUAL_INERTIAL
2075,1761213148896,-24.971961975097656,-298.63065481185913,4.761350806802511,-0.3568260669708252,-0.22737553715705872,0.16376571357250214,100,OK,MAP_UPDATE,OK,VISUAL_INERTIAL
2076,1761213148912,-28.11545506119728,-303.0371963977814,0.7944622193463147,-0.3647457957267761,-0.22759145498275757,0.1697457879781723,100,OK,MAP_UPDATE,OK,VISUAL_INERTIAL
2077,1761213148929,-31.40677511692047,-307.3747754096985,-3.1152917072176933,-0.37264588475227356,-0.22505733370780945,0.17462578415870667,100,OK,MAP_UPDATE,OK,VISUAL_INERTIAL
2078,1761213148946,-34.8307304084301,-311.81034445762634,-6.742530968040228,-0.38033226132392883,-0.22127564251422882,0.17879076302051544,100,OK,MAP_UPDATE,OK,VISUAL_INERTIAL
2079,1761213148962,-37.77691721916199,-316.1994516849518,-9.963375516235828,-0.3876506984233856,-0.21808969974517822,0.1827639639377594,100,OK,MAP_UPDATE,OK,VISUAL_INERTIAL
2080,1761213148979,-40.42380675673485,-320.4846382141113,-12.952087447047234,-0.3946698009967804,-0.21541406214237213,0.18631169199943542,100,OK,MAP_UPDATE,OK,VISUAL_INERTIAL
2081,1761213148996,-43.057385832071304,-324.491411447525,-15.623697079718113,-0.40133047103881836,-0.21311137080192566,0.189300075173378,100,OK,MAP_UPDATE,OK,VISUAL_INERTIAL
2082,1761213149012,-45.396752655506134,-328.3489942550659,-18.107745796442032,-0.40743741393089294,-0.21098671853542328,0.19199170172214508,100,OK,MAP_UPDATE,OK,VISUAL_INERTIAL
2083,1761213149029,-48.17770794034004,-332.0964276790619,-20.722169429063797,-0.41317218542099,-0.20807544887065887,0.19387085735797882,100,OK,MAP_UPDATE,OK,VISUAL_INERTIAL
2084,1761213149046,-51.02424696087837,-335.58857440948486,-23.13390001654625,-0.4185948073863983,-0.20357201993465424,0.19499102234840393,100,OK,MAP_UPDATE,OK,VISUAL_INERTIAL
2085,1761213149062,-53.6237508058548,-338.8090431690216,-25.263763964176178,-0.42365485429763794,-0.19892461597919464,0.19568568468093872,100,OK,MAP_UPDATE,OK,VISUAL_INERTIAL
2086,1761213149079,-55.97477778792381,-341.6440188884735,-27.116982266306877,-0.42858782410621643,-0.19469083845615387,0.1960383802652359,100,OK,MAP_UPDATE,OK,VISUAL_INERTIAL
2087,1761213149096,-58.04013833403587,-344.44692730903625,-28.88508141040802,-0.43313688039779663,-0.19113370776176453,0.19597439467906952,100,OK,MAP_UPDATE,OK,VISUAL_INERTIAL
2088,1761213149112,-60.104601085186005,-347.172349691391,-30.560938641428947,-0.43740415573120117,-0.1869046688079834,0.19523538649082184,100,OK,MAP_UPDATE,OK,VISUAL_INERTIAL
2089,1761213149129,-62.28094547986984,-349.8989939689636,-32.315291464328766,-0.44159993529319763,-0.1807885617017746,0.19353312253952026,100,OK,MAP_UPDATE,OK,VISUAL_INERTIAL
2090,1761213149146,-64.12750482559204,-352.42488980293274,-33.816177397966385,-0.44567328691482544,-0.1742485910654068,0.1912720799446106,100,OK,MAP_UPDATE,OK,VISUAL_INERTIAL
2091,1761213149162,-65.57085365056992,-354.8102080821991,-35.096731036901474,-0.4495241343975067,-0.1682034283876419,0.18878081440925598,100,OK,MAP_UPDATE,OK,VISUAL_INERTIAL
2092,1761213149179,-66.84310734272003,-356.9531440734863,-36.32296621799469,-0.4532458186149597,-0.16248391568660736,0.18609224259853363,100,OK,MAP_UPDATE,OK,VISUAL_INERTIAL
2093,1761213149196,-68.12426447868347,-358.79701375961304,-37.47811168432236,-0.4568072557449341,-0.15730789303779602,0.18345989286899567,100,OK,MAP_UPDATE,OK,VISUAL_INERTIAL
2094,1761213149212,-69.51206177473068,-360.4864478111267,-38.58925774693489,-0.4601261019706726,-0.15190106630325317,0.18082863092422485,100,OK,MAP_UPDATE,OK,VISUAL_INERTIAL
2095,1761213149229,-71.45702093839645,-362.11690306663513,-39.86424207687378,-0.46330782771110535,-0.14497491717338562,0.17789703607559204,100,OK,MAP_UPDATE,OK,VISUAL_INERTIAL
2096,1761213149246,-74.96911287307739,-363.84469270706177,-41.00928455591202,-0.4663535952568054,-0.13675007224082947,0.17462362349033356,100,OK,MAP_UPDATE,OK,VISUAL_INERTIAL
2097,1761213149262,-77.0072415471077,-365.4558062553406,-42.21056401729584,-0.4698371887207031,-0.12370946258306503,0.17007525265216827,100,OK,MAP_UPDATE,OK,VISUAL_INERTIAL
2098,1761213149279,-78.81821691989899,-366.61094427108765,-43.625425547361374,-0.47390639781951904,-0.11123115569353104,0.16594985127449036,100,OK,MAP_UPDATE,OK,VISUAL_INERTIAL
2099,1761213149296,-80.37153631448746,-367.8843379020691,-44.71289739012718,-0.47764673829078674,-0.10180811583995819,0.16243571043014526,100,OK,MAP_UPDATE,OK,VISUAL_INERTIAL
2100,1761213149312,-82.28793740272522,-369.1731095314026,-45.90468481183052,-0.4812946021556854,-0.09255364537239075,0.15871885418891907,100,OK,MAP_UPDATE,OK,VISUAL_INERTIAL
2101,1761213149329,-85.05918830633163,-370.33572793006897,-47.08138480782509,-0.484881192445755,-0.08155464380979538,0.15465505421161652,100,OK,MAP_UPDATE,OK,VISUAL_INERTIAL
2102,1761213149346,-87.90786564350128,-370.85825204849243,-49.31112006306648,-0.48949840664863586,-0.06560289114713669,0.14902080595493317,100,OK,MAP_UPDATE,OK,VISUAL_INERTIAL
2103,1761213149362,-91.43664687871933,-371.7086911201477,-50.84746703505516,-0.4937828481197357,-0.04821208491921425,0.14303213357925415,100,OK,MAP_UPDATE,OK,VISUAL_INERTIAL
2104,1761213149379,-93.6644896864891,-372.28378653526306,-52.06983536481857,-0.49795016646385193,-0.03463125601410866,0.1380940079689026,100,OK,MAP_UPDATE,OK,VISUAL_INERTIAL
2105,1761213149396,-95.3415110707283,-372.57304787635803,-53.423382341861725,-0.5019522905349731,-0.023899124935269356,0.1337689757347107,100,OK,MAP_UPDATE,OK,VISUAL_INERTIAL
2106,1761213149412,-97.6804792881012,-372.77287244796753,-54.95058372616768,-0.5057270526885986,-0.013150746934115887,0.12906278669834137,100,OK,MAP_UPDATE,OK,VISUAL_INERTIAL
2107,1761213149429,-100.71124136447906,-372.93100357055664,-57.06626921892166,-0.5095923542976379,-0.00038294741534627974,0.12345734238624573,100,OK,MAP_UPDATE,OK,VISUAL_INERTIAL
2108,1761213149446,-105.21219670772552,-372.9717433452606,-58.589328080415726,-0.5133229494094849,0.014237944968044758,0.11736703664064407,100,OK,MAP_UPDATE,OK,VISUAL_INERTIAL
2109,1761213149462,-109.06650125980377,-369.2708909511566,-60.218051075935364,-0.5213239192962646,0.03230942785739899,0.11032306402921677,100,OK,MAP_UPDATE,OK,VISUAL_INERTIAL
2110,1761213149479,-111.99422180652618,-366.6796684265137,-61.998557299375534,-0.5277431011199951,0.04680611193180084,0.10450359433889389,100,OK,MAP_UPDATE,OK,VISUAL_INERTIAL
2111,1761213149496,-114.2866238951683,-364.743709564209,-64.23734873533249,-0.5332457423210144,0.05857416242361069,0.0994495302438736,100,OK,MAP_UPDATE,OK,VISUAL_INERTIAL
2112,1761213149512,-117.22411960363388,-363.56136202812195,-66.94374233484268,-0.5381773114204407,0.07029319554567337,0.09411934018135071,100,OK,MAP_UPDATE,OK,VISUAL_INERTIAL
2113,1761213149529,-120.30509114265442,-362.80590295791626,-69.63757425546646,-0.5426961779594421,0.08347833156585693,0.08826518058776855,100,OK,MAP_UPDATE,OK,VISUAL_INERTIAL
2114,1761213149546,-123.81117045879364,-362.2230887413025,-72.25971668958664,-0.5471447110176086,0.09722626954317093,0.08229526877403259,100,OK,MAP_UPDATE,OK,VISUAL_INERTIAL
2115,1761213149562,-127.10922956466675,-361.83908581733704,-75.0875249505043,-0.551498532295227,0.11023996025323868,0.07674354314804077,100,OK,LOOP_CLOSED,OK,VISUAL_INERTIAL
2116,1761213149579,-130.15973567962646,-360.8894944190979,-77.58329063653946,-0.5561771392822266,0.12245897203683853,0.07116981595754623,100,OK,MAP_UPDATE,OK,VISUAL_INERTIAL
2117,1761213149596,-133.75146687030792,-360.20714044570923,-79.76739853620529,-0.5605693459510803,0.13535001873970032,0.06521345674991608,100,OK,MAP_UPDATE,OK,VISUAL_INERTIAL
2118,1761213149612,-136.98694109916687,-359.32883620262146,-81.92870765924454,-0.5651050806045532,0.14854902029037476,0.05903124436736107,100,OK,MAP_UPDATE,OK,VISUAL_INERTIAL
2119,1761213149629,-140.14704525470734,-358.443021774292,-83.99509638547897,-0.5694337487220764,0.16078580915927887,0.05322124809026718,100,OK,MAP_UPDATE,OK,VISUAL_INERTIAL
2120,1761213149646,-143.32939684391022,-357.3530912399292,-86.37629449367523,-0.5738940238952637,0.1723777949810028,0.04772317409515381,100,OK,MAP_UPDATE,OK,VISUAL_INERTIAL
2121,1761213149662,-146.07170224189758,-357.4639558792114,-88.90941739082336,-0.5767415165901184,0.18469864130020142,0.04245854914188385,100,OK,MAP_UPDATE,OK,VISUAL_INERTIAL
2122,1761213149679,-149.4535505771637,-357.32439160346985,-90.95349907875061,-0.5801635384559631,0.19857381284236908,0.03634029999375343,100,OK,MAP_UPDATE,OK,VISUAL_INERTIAL
2123,1761213149696,-153.06714177131653,-357.1624159812927,-92.6891639828682,-0.5839185118675232,0.21423731744289398,0.02957451343536377,100,OK,MAP_UPDATE,OK,VISUAL_INERTIAL
2124,1761213149712,-156.0998260974884,-356.3021719455719,-95.06038576364517,-0.5884497761726379,0.23129595816135406,0.0223536379635334,100,OK,MAP_UPDATE,OK,VISUAL_INERTIAL
2125,1761213149729,-158.9982509613037,-355.1754057407379,-97.21525013446808,-0.593009889125824,0.24783164262771606,0.015426338650286198,100,OK,MAP_UPDATE,OK,VISUAL_INERTIAL
2126,1761213149746,-161.5949273109436,-353.8312315940857,-99.40274059772491,-0.5976804494857788,0.2630589008331299,0.008978018537163734,100,OK,MAP_UPDATE,OK,VISUAL_INERTIAL
2127,1761213149762,-164.07054662704468,-352.4777293205261,-101.58436745405197,-0.602403998374939,0.2762325704097748,0.0032785830553621054,100,OK,MAP_UPDATE,OK,VISUAL_INERTIAL
2128,1761213149779,-166.52099788188934,-351.0068655014038,-103.9813831448555,-0.6076340675354004,0.2884658873081207,-0.0021321491803973913,100,OK,MAP_UPDATE,OK,VISUAL_INERTIAL
2129,1761213149796,-169.35227811336517,-349.4967520236969,-106.6255196928978,-0.6132721304893494,0.30175772309303284,-0.007772826589643955,100,OK,MAP_UPDATE,OK,VISUAL_INERTIAL
2130,1761213149812,-172.36143350601196,-348.47205877304077,-108.91688615083694,-0.6185768246650696,0.3159942328929901,-0.013556144200265408,100,OK,MAP_UPDATE,OK,VISUAL_INERTIAL
2131,1761213149829,-175.188809633255,-347.52821922302246,-111.36718839406967,-0.6238073706626892,0.330593466758728,-0.019260786473751068,100,OK,MAP_UPDATE,OK,VISUAL_INERTIAL
2132,1761213149846,-177.5444895029068,-346.63909673690796,-113.9763668179512,-0.6289293169975281,0.3443942666053772,-0.024619070813059807,100,OK,MAP_UPDATE,OK,VISUAL_INERTIAL
2133,1761213149862,-179.58436906337738,-345.8227217197418,-116.61341041326523,-0.6339517831802368,0.35703128576278687,-0.029639242216944695,100,OK,MAP_UPDATE,OK,VISUAL_INERTIAL
2134,1761213149879,-181.5803498029709,-344.9079990386963,-119.13827061653137,-0.6388538479804993,0.3688826560974121,-0.03456028178334236,100,OK,MAP_UPDATE,OK,VISUAL_INERTIAL
2135,1761213149896,-183.56391787528992,-344.2837595939636,-121.55436724424362,-0.6435274481773376,0.3803112208843231,-0.03945387899875641,100,OK,MAP_UPDATE,OK,VISUAL_INERTIAL
2136,1761213149912,-185.4320615530014,-343.7955677509308,-123.97763878107071,-0.6481369137763977,0.3918088972568512,-0.044484518468379974,100,OK,MAP_UPDATE,OK,VISUAL_INERTIAL
2137,1761213149929,-187.18616664409637,-343.49265694618225,-126.33669376373291,-0.6524702310562134,0.40316787362098694,-0.04964251071214676,100,OK,MAP_UPDATE,OK,VISUAL_INERTIAL
2138,1761213149946,-188.77871334552765,-343.1682288646698,-128.67851555347443,-0.6567191481590271,0.41409966349601746,-0.05485451966524124,100,OK,MAP_UPDATE,OK,VISUAL_INERTIAL
2139,1761213149962,-190.17374515533447,-343.0384397506714,-131.11330568790436,-0.660587728023529,0.42443612217903137,-0.06005016714334488,100,OK,MAP_UPDATE,OK,VISUAL_INERTIAL
2140,1761213149979,-191.30346179008484,-342.9933488368988,-133.82527232170105,-0.6642412543296814,0.43456774950027466,-0.06547113507986069,100,OK,MAP_UPDATE,OK,VISUAL_INERTIAL
2141,1761213149996,-192.17632710933685,-342.9417610168457,-136.4237517118454,-0.6675254106521606,0.443972110748291,-0.07084523886442184,100,OK,MAP_UPDATE,OK,VISUAL_INERTIAL
2142,1761213150012,-192.85376369953156,-342.97049045562744,-138.97208869457245,-0.6704698801040649,0.4527546465396881,-0.07617317140102386,100,OK,MAP_UPDATE,OK,VISUAL_INERTIAL
2143,1761213150029,-193.52206587791443,-343.29837560653687,-141.26232266426086,-0.6728679537773132,0.4610288441181183,-0.08159953355789185,100,OK,MAP_UPDATE,OK,VISUAL_INERTIAL
2144,1761213150046,-194.14545595645905,-343.5095250606537,-143.48477125167847,-0.6753190159797668,0.4697454273700714,-0.08726777881383896,100,OK,MAP_UPDATE,OK,VISUAL_INERTIAL
2145,1761213150062,-194.80684399604797,-343.69489550590515,-145.56223154067993,-0.6774848103523254,0.47954678535461426,-0.09339556097984314,100,OK,MAP_UPDATE,OK,VISUAL_INERTIAL
2146,1761213150079,-195.40050625801086,-343.8393175601959,-147.48193323612213,-0.6792213320732117,0.4910668134689331,-0.10032437741756439,100,OK,MAP_UPDATE,OK,VISUAL_INERTIAL
2147,1761213150096,-195.65901160240173,-343.95647048950195,-149.45928752422333,-0.6804653406143188,0.5033321380615234,-0.10757654905319214,100,OK,MAP_UPDATE,OK,VISUAL_INERTIAL
2148,1761213150112,-195.46671211719513,-344.2746698856354,-151.6227126121521,-0.6811740398406982,0.5153782367706299,-0.11505436152219772,100,OK,MAP_UPDATE,OK,VISUAL_INERTIAL
2149,1761213150129,-195.11768221855164,-344.52250599861145,-153.98868918418884,-0.6817521452903748,0.5267070531845093,-0.12273824214935303,100,OK,MAP_UPDATE,OK,VISUAL_INERTIAL
2150,1761213150146,-194.45472955703735,-344.68579292297363,-156.322181224823,-0.6820968389511108,0.5375813841819763,-0.1307370960712433,100,OK,MAP_UPDATE,OK,VISUAL_INERTIAL
2151,1761213150162,-193.74196231365204,-344.9859619140625,-158.31951797008514,-0.6820908784866333,0.5488873720169067,-0.13950179517269135,100,OK,MAP_UPDATE,OK,VISUAL_INERTIAL
2152,1761213150179,-193.17229092121124,-345.1489508152008,-160.0349098443985,-0.6816584467887878,0.5617699027061462,-0.1492520570755005,100,OK,MAP_UPDATE,OK,VISUAL_INERTIAL
2153,1761213150196,-192.09380447864532,-345.38862109184265,-161.79168224334717,-0.6805713176727295,0.5746183395385742,-0.1590980887413025,100,OK,MAP_UPDATE,OK,VISUAL_INERTIAL
2154,1761213150212,-190.50301611423492,-345.62790393829346,-163.79113495349884,-0.6790392994880676,0.5856983661651611,-0.16843512654304504,100,OK,MAP_UPDATE,OK,VISUAL_INERTIAL
2155,1761213150229,-188.57282400131226,-345.9476828575134,-165.62241315841675,-0.6769897937774658,0.5951953530311584,-0.17735570669174194,100,OK,MAP_UPDATE,OK,VISUAL_INERTIAL
2156,1761213150246,-186.359241604805,-346.2633490562439,-167.3341691493988,-0.6747943758964539,0.6030989289283752,-0.1859554797410965,100,OK,MAP_UPDATE,OK,VISUAL_INERTIAL
2157,1761213150262,-184.24971401691437,-346.71249985694885,-168.8065528869629,-0.6722431778907776,0.6101971864700317,-0.1948140263557434,100,OK,MAP_UPDATE,OK,VISUAL_INERTIAL
2158,1761213150279,-182.07843601703644,-347.20033407211304,-170.0148731470108,-0.6694483160972595,0.6172711849212646,-0.2042231559753418,100,OK,MAP_UPDATE,OK,VISUAL_INERTIAL
2159,1761213150296,-179.71019446849823,-347.73799777030945,-171.0236519575119,-0.6664401292800903,0.6240561604499817,-0.21397672593593597,100,OK,MAP_UPDATE,OK,VISUAL_INERTIAL
2160,1761213150312,-176.9762486219406,-348.4154939651489,-172.10182547569275,-0.6633321046829224,0.6298441290855408,-0.22348374128341675,100,OK,MAP_UPDATE,OK,VISUAL_INERTIAL
2161,1761213150329,-174.08131062984467,-349.1062521934509,-173.06862771511078,-0.66024249792099,0.6343550682067871,-0.23283429443836212,100,OK,MAP_UPDATE,OK,VISUAL_INERTIAL
2162,1761213150346,-171.05458676815033,-349.8409390449524,-174.03854429721832,-0.6570959091186523,0.6381913423538208,-0.24172452092170715,100,OK,MAP_UPDATE,OK,VISUAL_INERTIAL
2163,1761213150362,-167.75767505168915,-350.54606199264526,-174.9965101480484,-0.6541429758071899,0.641196608543396,-0.2501988112926483,100,OK,MAP_UPDATE,OK,VISUAL_INERTIAL
2164,1761213150379,-164.3444150686264,-351.22552514076233,-175.86471140384674,-0.6514265537261963,0.6431643962860107,-0.2582020163536072,100,OK,MAP_UPDATE,OK,VISUAL_INERTIAL
2165,1761213150396,-160.8278900384903,-351.9233465194702,-176.63781344890594,-0.6488667130470276,0.6448097825050354,-0.2659698724746704,100,OK,MAP_UPDATE,OK,VISUAL_INERTIAL
2166,1761213150412,-157.257080078125,-352.44202613830566,-177.3311346769333,-0.646640956401825,0.6467931270599365,-0.27384015917778015,100,OK,MAP_UPDATE,OK,VISUAL_INERTIAL
2167,1761213150429,-153.29331159591675,-353.01390290260315,-177.8891235589981,-0.6444823741912842,0.6481335759162903,-0.2812735140323639,100,OK,MAP_UPDATE,OK,VISUAL_INERTIAL
2168,1761213150446,-149.13734793663025,-353.66058349609375,-178.4309446811676,-0.6426030397415161,0.6469479203224182,-0.2872832715511322,100,OK,MAP_UPDATE,OK,VISUAL_INERTIAL
2169,1761213150462,-144.7930634021759,-354.3723523616791,-178.90672385692596,-0.6410839557647705,0.6433804631233215,-0.2921055257320404,100,OK,MAP_UPDATE,OK,VISUAL_INERTIAL
2170,1761213150479,-140.50260186195374,-355.08954524993896,-179.11554872989655,-0.6397900581359863,0.6391851902008057,-0.2966736853122711,100,OK,MAP_UPDATE,OK,VISUAL_INERTIAL
2171,1761213150496,-136.2706422805786,-355.76701164245605,-179.06610667705536,-0.6386036276817322,0.6351671814918518,-0.3014521896839142,100,OK,MAP_UPDATE,OK,VISUAL_INERTIAL
2172,1761213150512,-131.68148696422577,-356.41250014305115,-178.94835770130157,-0.6375811100006104,0.6304184198379517,-0.30621713399887085,100,OK,MAP_UPDATE,OK,VISUAL_INERTIAL
2173,1761213150529,-126.69679522514343,-357.1006655693054,-178.849458694458,-0.6366035342216492,0.6243101358413696,-0.3107151985168457,100,OK,MAP_UPDATE,OK,VISUAL_INERTIAL
2174,1761213150546,-121.1685836315155,-357.77556896209717,-178.84907126426697,-0.6357570886611938,0.6164168119430542,-0.3149811029434204,100,OK,MAP_UPDATE,OK,VISUAL_INERTIAL
2175,1761213150562,-115.33727496862411,-358.418345451355,-178.94858121871948,-0.6351367235183716,0.6074246168136597,-0.3193061351776123,100,OK,MAP_UPDATE,OK,VISUAL_INERTIAL
2176,1761213150579,-109.39355939626694,-359.11139845848083,-178.99960279464722,-0.6345505118370056,0.5986722111701965,-0.3242858350276947,100,OK,MAP_UPDATE,OK,VISUAL_INERTIAL
2177,1761213150596,-103.32240164279938,-359.78052020072937,-178.96768450737,-0.6338546872138977,0.5910958051681519,-0.32992419600486755,100,OK,MAP_UPDATE,OK,VISUAL_INERTIAL
2178,1761213150612,-96.94074839353561,-360.3975772857666,-179.09090220928192,-0.6331831216812134,0.5833079218864441,-0.3355373740196228,100,OK,MAP_UPDATE,OK,VISUAL_INERTIAL
2179,1761213150629,-90.22845327854156,-360.91890931129456,-179.32632565498352,-0.6327670216560364,0.5742705464363098,-0.3405191898345947,100,OK,MAP_UPDATE,OK,VISUAL_INERTIAL
2180,1761213150646,-83.56605470180511,-361.6586923599243,-179.46892976760864,-0.6323884725570679,0.5640496015548706,-0.34473830461502075,100,OK,MAP_UPDATE,OK,VISUAL_INERTIAL
2181,1761213150662,-76.93752646446228,-362.46049404144287,-179.83394861221313,-0.6326755285263062,0.5526661276817322,-0.348113089799881,100,OK,MAP_UPDATE,OK,VISUAL_INERTIAL
2182,1761213150679,-70.63433527946472,-363.4440004825592,-179.81161177158356,-0.6332889795303345,0.541429340839386,-0.35109370946884155,100,OK,MAP_UPDATE,OK,VISUAL_INERTIAL
2183,1761213150696,-64.70870971679688,-364.3867075443268,-179.6322613954544,-0.6340491771697998,0.5310224890708923,-0.35395899415016174,100,OK,MAP_UPDATE,OK,VISUAL_INERTIAL
2184,1761213150712,-58.89623239636421,-365.5286431312561,-179.39163744449615,-0.6347672343254089,0.5206704139709473,-0.35626232624053955,100,OK,MAP_UPDATE,OK,VISUAL_INERTIAL
2185,1761213150729,-53.1521812081337,-366.66467785835266,-179.13903295993805,-0.635727047920227,0.5103006362915039,-0.3580022156238556,100,OK,MAP_UPDATE,OK,VISUAL_INERTIAL
2186,1761213150746,-47.720350325107574,-368.0354356765747,-178.97997796535492,-0.6368419528007507,0.5004115700721741,-0.35941529273986816,100,OK,MAP_UPDATE,OK,VISUAL_INERTIAL
2187,1761213150762,-42.04629734158516,-369.3450391292572,-178.90210449695587,-0.6386094689369202,0.48989689350128174,-0.36005306243896484,100,OK,MAP_UPDATE,OK,VISUAL_INERTIAL
2188,1761213150779,-36.29518300294876,-370.82988023757935,-178.86891961097717,-0.6410248279571533,0.4778011441230774,-0.35983964800834656,100,OK,MAP_UPDATE,OK,VISUAL_INERTIAL
2189,1761213150796,-30.833382159471512,-372.3711669445038,-179.15698885917664,-0.644129753112793,0.46580490469932556,-0.35998132824897766,100,OK,MAP_UPDATE,OK,VISUAL_INERTIAL
2190,1761213150812,-25.83804354071617,-373.8659918308258,-179.3219894170761,-0.6474784016609192,0.45500266551971436,-0.36025270819664,100,OK,MAP_UPDATE,OK,VISUAL_INERTIAL
2191,1761213150829,-20.878678187727928,-375.3889799118042,-179.5659214258194,-0.6511512398719788,0.4446241855621338,-0.36017560958862305,100,OK,MAP_UPDATE,OK,VISUAL_INERTIAL
2192,1761213150846,-15.900759026408195,-377.03827023506165,-179.85601723194122,-0.6550062894821167,0.43379664421081543,-0.3594716787338257,100,OK,MAP_UPDATE,OK,VISUAL_INERTIAL
2193,1761213150862,-10.624902322888374,-378.76421213150024,-180.5761456489563,-0.6594035625457764,0.4213894307613373,-0.35763317346572876,100,OK,MAP_UPDATE,OK,VISUAL_INERTIAL
2194,1761213150879,-5.4513742215931416,-380.3822696208954,-181.38384819030762,-0.6646278500556946,0.40612849593162537,-0.35467958450317383,100,OK,MAP_UPDATE,OK,VISUAL_INERTIAL
2195,1761213150896,-0.2245807700091973,-382.57113099098206,-182.45387077331543,-0.6698427796363831,0.3900042474269867,-0.35141223669052124,100,OK,MAP_UPDATE,OK,VISUAL_INERTIAL
2196,1761213150912,4.225193522870541,-384.3665421009064,-183.35497379302979,-0.6760028004646301,0.37346529960632324,-0.3480183482170105,100,OK,MAP_UPDATE,OK,VISUAL_INERTIAL
2197,1761213150929,8.157857693731785,-385.96293330192566,-184.10873413085938,-0.6821185350418091,0.3594210743904114,-0.3454117476940155,100,OK,MAP_UPDATE,OK,VISUAL_INERTIAL
2198,1761213150946,11.960336938500404,-387.42750883102417,-184.84415113925934,-0.6880833506584167,0.34728363156318665,-0.34332436323165894,100,OK,MAP_UPDATE,OK,VISUAL_INERTIAL
2199,1761213150962,16.363438218832016,-388.9680206775665,-185.89335680007935,-0.6940144300460815,0.3344746232032776,-0.34080401062965393,100,OK,MAP_UPDATE,OK,VISUAL_INERTIAL
2200,1761213150979,21.610252559185028,-390.8635079860687,-186.84303760528564,-0.6998031735420227,0.3206753432750702,-0.3372507393360138,100,OK,MAP_UPDATE,OK,VISUAL_INERTIAL
2201,1761213150996,26.86927653849125,-393.00158619880676,-187.99354135990143,-0.7057803869247437,0.3038899302482605,-0.3324330449104309,100,OK,MAP_UPDATE,OK,VISUAL_INERTIAL
2202,1761213151012,31.718552112579346,-395.0817286968231,-188.7650340795517,-0.7119067907333374,0.28460559248924255,-0.32686784863471985,100,OK,MAP_UPDATE,OK,VISUAL_INERTIAL
2203,1761213151029,35.95803678035736,-396.939218044281,-189.67339396476746,-0.7176913619041443,0.26704925298690796,-0.32206735014915466,100,OK,MAP_UPDATE,OK,VISUAL_INERTIAL
2204,1761213151046,39.61886838078499,-398.6639082431793,-190.0583952665329,-0.7227563858032227,0.25220322608947754,-0.31816565990448,100,OK,MAP_UPDATE,OK,VISUAL_INERTIAL
2205,1761213151062,43.16117987036705,-400.32196044921875,-190.1894062757492,-0.7272495627403259,0.23968259990215302,-0.3144225776195526,100,OK,MAP_UPDATE,OK,VISUAL_INERTIAL
2206,1761213151079,46.95884883403778,-401.8630087375641,-190.31792879104614,-0.7314010262489319,0.2279832512140274,-0.31059378385543823,100,OK,MAP_UPDATE,OK,VISUAL_INERTIAL
2207,1761213151096,50.9042888879776,-403.1965136528015,-190.63828885555267,-0.7356106042861938,0.21432627737522125,-0.30560314655303955,100,OK,MAP_UPDATE,OK,VISUAL_INERTIAL
2208,1761213151112,56.489162147045135,-404.5167863368988,-191.10657274723053,-0.740115225315094,0.19842705130577087,-0.29960986971855164,100,OK,MAP_UPDATE,OK,VISUAL_INERTIAL
2209,1761213151129,59.11894142627716,-405.8067798614502,-191.40806794166565,-0.7445095777511597,0.17920249700546265,-0.2919701337814331,100,OK,MAP_UPDATE,OK,VISUAL_INERTIAL
2210,1761213151146,61.74458935856819,-406.96075558662415,-191.3212090730667,-0.7484652996063232,0.1625979244709015,-0.28505808115005493,100,OK,MAP_UPDATE,OK,VISUAL_INERTIAL
2211,1761213151162,63.77730518579483,-408.03220868110657,-190.67998230457306,-0.7517699599266052,0.14801037311553955,-0.27825671434402466,100,OK,MAP_UPDATE,OK,VISUAL_INERTIAL
2212,1761213151179,65.59266895055771,-408.8424742221832,-190.19456207752228,-0.7548865675926208,0.13403595983982086,-0.27111613750457764,100,OK,MAP_UPDATE,OK,VISUAL_INERTIAL
2213,1761213151196,68.01877915859222,-409.69395637512207,-189.61971998214722,-0.7575605511665344,0.11940326541662216,-0.2633305788040161,100,OK,MAP_UPDATE,OK,VISUAL_INERTIAL
2214,1761213151212,70.09570300579071,-410.1358652114868,-189.57296013832092,-0.7605212330818176,0.10128489881753922,-0.2539617717266083,100,OK,MAP_UPDATE,OK,VISUAL_INERTIAL
2215,1761213151229,72.35655188560486,-410.5378985404968,-189.41476941108704,-0.7632903456687927,0.08158929646015167,-0.24382005631923676,100,OK,MAP_UPDATE,OK,VISUAL_INERTIAL
2216,1761213151246,74.27438348531723,-410.88253259658813,-188.93268704414368,-0.7659085392951965,0.06275273114442825,-0.2335474044084549,100,OK,MAP_UPDATE,OK,VISUAL_INERTIAL
2217,1761213151262,74.89900290966034,-410.88685393333435,-188.2743239402771,-0.7680283784866333,0.046705640852451324,-0.22429277002811432,100,OK,MAP_UPDATE,OK,VISUAL_INERTIAL
2218,1761213151279,75.27974992990494,-410.7019007205963,-187.13076412677765,-0.7694646120071411,0.032322440296411514,-0.215586319565773,100,OK,MAP_UPDATE,OK,VISUAL_INERTIAL
2219,1761213151296,76.09166204929352,-410.4413390159607,-186.06036901474,-0.7705744504928589,0.01722550392150879,-0.20642930269241333,100,OK,MAP_UPDATE,OK,VISUAL_INERTIAL
2220,1761213151312,77.44380831718445,-410.12829542160034,-185.10204553604126,-0.7715940475463867,-0.0006520997849293053,-0.19611988961696625,100,OK,MAP_UPDATE,OK,VISUAL_INERTIAL
2221,1761213151329,79.09560948610306,-409.613162279129,-184.30139124393463,-0.7724949717521667,-0.019686438143253326,-0.1851155161857605,100,OK,MAP_UPDATE,OK,VISUAL_INERTIAL
2222,1761213151346,80.12305945158005,-408.9714586734772,-183.43466520309448,-0.773063063621521,-0.03822391480207443,-0.17470571398735046,100,OK,MAP_UPDATE,OK,VISUAL_INERTIAL
2223,1761213151362,80.38508892059326,-408.2391858100891,-182.37172067165375,-0.7731435894966125,-0.05539660528302193,-0.16515159606933594,100,OK,MAP_UPDATE,OK,VISUAL_INERTIAL
2224,1761213151379,80.27095347642899,-407.4714481830597,-181.06774985790253,-0.7727304697036743,-0.07011384516954422,-0.15686090290546417,100,OK,MAP_UPDATE,OK,VISUAL_INERTIAL
2225,1761213151396,80.4944857954979,-406.5698981285095,-179.8774152994156,-0.7722144722938538,-0.08416131138801575,-0.14905790984630585,100,OK,MAP_UPDATE,OK,VISUAL_INERTIAL
2226,1761213151412,81.4557746052742,-405.4987132549286,-178.91952395439148,-0.7718145847320557,-0.09929182380437851,-0.14079754054546356,100,OK,MAP_UPDATE,OK,VISUAL_INERTIAL
2227,1761213151429,82.12734758853912,-404.28245067596436,-178.14551293849945,-0.7712075114250183,-0.11465413123369217,-0.13267438113689423,100,OK,MAP_UPDATE,OK,VISUAL_INERTIAL
2228,1761213151446,82.921601831913,-402.7162492275238,-178.11319231987,-0.7706224322319031,-0.12751378118991852,-0.1257370412349701,100,OK,MAP_UPDATE,OK,VISUAL_INERTIAL
2229,1761213151462,82.94352889060974,-401.1322855949402,-177.66982316970825,-0.7696233987808228,-0.13921934366226196,-0.11895910650491714,100,OK,MAP_UPDATE,OK,VISUAL_INERTIAL
2230,1761213151479,82.82216638326645,-399.594247341156,-177.13643610477448,-0.7684705853462219,-0.14986304938793182,-0.11257673054933548,100,OK,MAP_UPDATE,OK,VISUAL_INERTIAL
2231,1761213151496,82.92346447706223,-398.1073796749115,-176.45083367824554,-0.7674574851989746,-0.16063743829727173,-0.10602335631847382,100,OK,MAP_UPDATE,OK,VISUAL_INERTIAL
2232,1761213151512,83.21928232908249,-396.63729071617126,-176.12625658512115,-0.7667253613471985,-0.17226272821426392,-0.09871166199445724,100,OK,MAP_UPDATE,OK,VISUAL_INERTIAL
2233,1761213151529,83.43886584043503,-395.08140087127686,-175.67281424999237,-0.7662104964256287,-0.18458192050457,-0.09077129513025284,100,OK,MAP_UPDATE,OK,VISUAL_INERTIAL
2234,1761213151546,83.10499787330627,-393.3635354042053,-175.36355555057526,-0.7658396363258362,-0.19598105549812317,-0.08307745307683945,100,OK,MAP_UPDATE,OK,VISUAL_INERTIAL
2235,1761213151562,82.38072693347931,-391.3973271846771,-175.24860799312592,-0.7654280662536621,-0.2059716135263443,-0.07575798779726028,100,OK,MAP_UPDATE,OK,VISUAL_INERTIAL
2236,1761213151579,81.88027888536453,-389.1436755657196,-175.3605157136917,-0.7648842334747314,-0.21456052362918854,-0.06840820610523224,100,OK,MAP_UPDATE,OK,VISUAL_INERTIAL
2237,1761213151596,81.1680257320404,-387.0926797389984,-175.14322698116302,-0.763794481754303,-0.2228480577468872,-0.061258673667907715,100,OK,MAP_UPDATE,OK,VISUAL_INERTIAL
2238,1761213151612,80.6029736995697,-385.1776123046875,-174.97244477272034,-0.7626563310623169,-0.23166918754577637,-0.05386855825781822,100,OK,MAP_UPDATE,OK,VISUAL_INERTIAL
2239,1761213151629,80.1459476351738,-383.10250639915466,-174.9790459871292,-0.7618448734283447,-0.24177922308444977,-0.045463062822818756,100,OK,MAP_UPDATE,OK,VISUAL_INERTIAL
2240,1761213151646,79.27929610013962,-381.2043368816376,-174.97462034225464,-0.7609344720840454,-0.25121501088142395,-0.036910511553287506,100,OK,MAP_UPDATE,OK,VISUAL_INERTIAL
2241,1761213151662,78.11884582042694,-379.21983003616333,-175.23357272148132,-0.7599829435348511,-0.2588515877723694,-0.028143635019659996,100,OK,MAP_UPDATE,OK,VISUAL_INERTIAL
2242,1761213151679,76.7706111073494,-377.35214829444885,-175.34714937210083,-0.7589699029922485,-0.2666037380695343,-0.01891328953206539,100,OK,MAP_UPDATE,OK,VISUAL_INERTIAL
2243,1761213151696,75.45551657676697,-375.5742013454437,-175.35407841205597,-0.7578721642494202,-0.27533817291259766,-0.00891144573688507,100,OK,MAP_UPDATE,OK,VISUAL_INERTIAL
2244,1761213151712,74.11827147006989,-373.918741941452,-175.3298044204712,-0.756705641746521,-0.2850845158100128,0.0018555447459220886,100,OK,MAP_UPDATE,OK,VISUAL_INERTIAL
2245,1761213151729,72.28608429431915,-372.4689781665802,-175.17778277397156,-0.7553765773773193,-0.29629239439964294,0.013963920064270496,100,OK,MAP_UPDATE,OK,VISUAL_INERTIAL
2246,1761213151746,70.39210200309753,-371.1189925670624,-175.28054118156433,-0.7542492151260376,-0.30673402547836304,0.02575857564806938,100,OK,MAP_UPDATE,OK,VISUAL_INERTIAL
2247,1761213151762,67.60472804307938,-369.82232332229614,-175.78375339508057,-0.7533823251724243,-0.3149240016937256,0.036826878786087036,100,OK,MAP_UPDATE,OK,VISUAL_INERTIAL
2248,1761213151779,64.67992067337036,-368.5857057571411,-176.30654573440552,-0.7527573704719543,-0.3216285705566406,0.04746377840638161,100,OK,MAP_UPDATE,OK,VISUAL_INERTIAL
2249,1761213151796,62.17609345912933,-367.43196845054626,-176.72030627727509,-0.7523027062416077,-0.3304262161254883,0.059233181178569794,100,OK,MAP_UPDATE,OK,VISUAL_INERTIAL
2250,1761213151812,60.02099812030792,-366.1365211009979,-177.2063970565796,-0.7519887685775757,-0.3411664068698883,0.0720931887626648,100,OK,MAP_UPDATE,OK,VISUAL_INERTIAL
2251,1761213151829,57.401061058044434,-364.84429240226746,-177.968829870224,-0.7515979409217834,-0.351582407951355,0.08462347835302353,100,OK,MAP_UPDATE,OK,VISUAL_INERTIAL
2252,1761213151845,54.16430905461311,-363.7140989303589,-178.83527278900146,-0.7510678172111511,-0.36007943749427795,0.09612025320529938,100,OK,MAP_UPDATE,OK,VISUAL_INERTIAL
2253,1761213151862,50.571709871292114,-362.6689314842224,-179.83055114746094,-0.7505909204483032,-0.3652951419353485,0.10610202699899673,100,OK,MAP_UPDATE,OK,VISUAL_INERTIAL
2254,1761213151879,47.18408361077309,-361.71072721481323,-180.90485036373138,-0.7502554059028625,-0.3683706521987915,0.1152384951710701,100,OK,MAP_UPDATE,OK,VISUAL_INERTIAL
2255,1761213151896,44.39827427268028,-360.80896854400635,-181.94067478179932,-0.7500303387641907,-0.37294802069664,0.124915711581707,100,OK,MAP_UPDATE,OK,VISUAL_INERTIAL
2256,1761213151912,42.277541011571884,-359.980046749115,-182.92827904224396,-0.749764084815979,-0.3804725408554077,0.135415717959404,100,OK,MAP_UPDATE,OK,VISUAL_INERTIAL
2257,1761213151929,40.07117077708244,-359.21961069107056,-183.78779292106628,-0.7491852045059204,-0.39028146862983704,0.146272674202919,100,OK,MAP_UPDATE,OK,VISUAL_INERTIAL
2258,1761213151946,37.326958030462265,-358.3332598209381,-185.27093529701233,-0.7489205598831177,-0.3978899419307709,0.1557011753320694,100,OK,MAP_UPDATE,OK,VISUAL_INERTIAL
2259,1761213151962,33.852625638246536,-357.48881101608276,-187.11328506469727,-0.7487987875938416,-0.4020344614982605,0.1633828580379486,100,OK,MAP_UPDATE,OK,VISUAL_INERTIAL
2260,1761213151979,30.544430017471313,-356.71356320381165,-189.01294469833374,-0.7487401366233826,-0.4052732288837433,0.17072057723999023,100,OK,MAP_UPDATE,OK,VISUAL_INERTIAL
2261,1761213151996,27.628181502223015,-355.80793023109436,-190.84718823432922,-0.7486280202865601,-0.4093171954154968,0.1786123812198639,100,OK,MAP_UPDATE,OK,VISUAL_INERTIAL
2262,1761213152012,24.729080498218536,-354.5430898666382,-192.48193502426147,-0.748163104057312,-0.4146277606487274,0.18717901408672333,100,OK,MAP_UPDATE,OK,VISUAL_INERTIAL
2263,1761213152029,21.623192355036736,-353.3599376678467,-194.17697191238403,-0.7473228573799133,-0.420146644115448,0.19562192261219025,100,OK,MAP_UPDATE,OK,VISUAL_INERTIAL
2264,1761213152045,17.945773899555206,-352.3816168308258,-196.07427716255188,-0.7461879253387451,-0.42383214831352234,0.20312157273292542,100,OK,MAP_UPDATE,OK,VISUAL_INERTIAL
2265,1761213152062,13.847862370312214,-351.4351546764374,-197.9345977306366,-0.7449446320533752,-0.42500221729278564,0.2095998078584671,100,OK,MAP_UPDATE,OK,VISUAL_INERTIAL
2266,1761213152079,9.817124344408512,-350.6544232368469,-199.72552359104156,-0.7436346411705017,-0.42534780502319336,0.2158566266298294,100,OK,MAP_UPDATE,OK,VISUAL_INERTIAL
2267,1761213152096,6.162271369248629,-349.9526083469391,-201.2447565793991,-0.7421059012413025,-0.4269936978816986,0.2229176163673401,100,OK,MAP_UPDATE,OK,VISUAL_INERTIAL
2268,1761213152112,2.6481228414922953,-349.33966398239136,-202.5776356458664,-0.7402430772781372,-0.43094736337661743,0.23100046813488007,100,OK,MAP_UPDATE,OK,VISUAL_INERTIAL
2269,1761213152129,-1.5964469639584422,-348.7321436405182,-204.04142141342163,-0.7381440997123718,-0.43394532799720764,0.2386930137872696,100,OK,MAP_UPDATE,OK,VISUAL_INERTIAL
2270,1761213152146,-6.348244845867157,-348.31979870796204,-205.75383305549622,-0.7361006140708923,-0.4342859983444214,0.24540045857429504,100,OK,MAP_UPDATE,OK,VISUAL_INERTIAL
2271,1761213152162,-10.937160812318325,-348.03101420402527,-207.36679434776306,-0.7343236804008484,-0.43452000617980957,0.2522925138473511,100,OK,MAP_UPDATE,OK,VISUAL_INERTIAL
2272,1761213152179,-15.516080893576145,-347.9349911212921,-208.76750349998474,-0.732403039932251,-0.43607380986213684,0.2599868178367615,100,OK,MAP_UPDATE,OK,VISUAL_INERTIAL
2273,1761213152195,-19.931141287088394,-347.82248735427856,-210.08813381195068,-0.7305391430854797,-0.43867406249046326,0.26818743348121643,100,OK,MAP_UPDATE,OK,VISUAL_INERTIAL
2274,1761213152212,-24.623746052384377,-347.7483093738556,-211.52132749557495,-0.7286357879638672,-0.44139400124549866,0.2763100266456604,100,OK,MAP_UPDATE,OK,VISUAL_INERTIAL
2275,1761213152229,-29.625888913869858,-347.6890027523041,-213.25869858264923,-0.7267210483551025,-0.44302651286125183,0.2836317718029022,100,OK,MAP_UPDATE,OK,VISUAL_INERTIAL
2276,1761213152246,-35.00300645828247,-347.49895334243774,-215.35053849220276,-0.7252302765846252,-0.4413244128227234,0.289246141910553,100,OK,MAP_UPDATE,OK,VISUAL_INERTIAL
2277,1761213152262,-40.78362509608269,-347.17875719070435,-218.8677340745926,-0.7246915102005005,-0.434383362531662,0.2924391031265259,100,OK,MAP_UPDATE,OK,VISUAL_INERTIAL
2278,1761213152279,-47.10580036044121,-346.8748927116394,-220.4466313123703,-0.7249993085861206,-0.42254024744033813,0.29337525367736816,100,OK,MAP_UPDATE,OK,VISUAL_INERTIAL
2279,1761213152295,-52.008286118507385,-346.52644395828247,-222.23901748657227,-0.7257217168807983,-0.41230010986328125,0.29487696290016174,100,OK,MAP_UPDATE,OK,VISUAL_INERTIAL
2280,1761213152312,-56.22318759560585,-346.190869808197,-223.57062995433807,-0.7263628840446472,-0.4052952826023102,0.2973775267601013,100,OK,MAP_UPDATE,OK,VISUAL_INERTIAL
2281,1761213152329,-60.67757308483124,-346.4469015598297,-225.4483550786972,-0.7268583178520203,-0.39757007360458374,0.2988639771938324,100,OK,MAP_UPDATE,OK,VISUAL_INERTIAL
2282,1761213152345,-66.02202355861664,-346.0032343864441,-227.03124582767487,-0.727944552898407,-0.38559216260910034,0.2978580594062805,100,OK,MAP_UPDATE,OK,VISUAL_INERTIAL
2283,1761213152362,-71.71735167503357,-346.263587474823,-229.41376268863678,-0.7290529608726501,-0.3702191412448883,0.2958148121833801,100,OK,MAP_UPDATE,OK,VISUAL_INERTIAL
2284,1761213152379,-76.60480588674545,-345.9409475326538,-230.21414875984192,-0.730563223361969,-0.35496950149536133,0.29337671399116516,100,OK,MAP_UPDATE,OK,VISUAL_INERTIAL
2285,1761213152396,-80.70150017738342,-345.6747829914093,-230.75143992900848,-0.7311796545982361,-0.3450150787830353,0.29319867491722107,100,OK,MAP_UPDATE,OK,VISUAL_INERTIAL
2286,1761213152412,-84.99960601329803,-345.451682806015,-231.44854605197906,-0.7313817739486694,-0.3365561366081238,0.2933279573917389,100,OK,MAP_UPDATE,OK,VISUAL_INERTIAL
2287,1761213152429,-90.16410261392593,-345.3023433685303,-232.37688839435577,-0.731511652469635,-0.32580825686454773,0.29217562079429626,100,OK,MAP_UPDATE,OK,VISUAL_INERTIAL
2288,1761213152445,-97.52152860164642,-345.87278962135315,-234.60069298744202,-0.7319989800453186,-0.3095094561576843,0.28866127133369446,100,OK,MAP_UPDATE,OK,VISUAL_INERTIAL
2289,1761213152462,-104.33851182460785,-345.9608554840088,-236.57578229904175,-0.7342339754104614,-0.2825518548488617,0.28016313910484314,100,OK,MAP_UPDATE,OK,VISUAL_INERTIAL
2290,1761213152479,-109.44535583257675,-345.2279567718506,-236.79205775260925,-0.7375040650367737,-0.2536003291606903,0.27112358808517456,100,OK,MAP_UPDATE,OK,VISUAL_INERTIAL
2291,1761213152495,-110.66646128892899,-344.42004561424255,-236.51818931102753,-0.7396196722984314,-0.23409514129161835,0.2653562128543854,100,OK,MAP_UPDATE,OK,VISUAL_INERTIAL
2292,1761213152512,-115.53902179002762,-343.819797039032,-235.65079271793365,-0.7401738166809082,-0.22539851069450378,0.2644098997116089,100,OK,MAP_UPDATE,OK,VISUAL_INERTIAL
2293,1761213152529,-119.67724561691284,-343.12957525253296,-235.7746958732605,-0.7410227656364441,-0.21109539270401,0.2605166733264923,100,OK,MAP_UPDATE,OK,VISUAL_INERTIAL
2294,1761213152546,-125.93011558055878,-342.4251675605774,-236.58105731010437,-0.7422810196876526,-0.18917140364646912,0.2519771158695221,100,OK,MAP_UPDATE,OK,VISUAL_INERTIAL
2295,1761213152562,-132.341668009758,-341.67739748954773,-237.49077320098877,-0.7442037463188171,-0.1594444066286087,0.2406977266073227,100,OK,MAP_UPDATE,OK,VISUAL_INERTIAL
2296,1761213152579,-137.61861622333527,-340.532511472702,-237.73549497127533,-0.7463943362236023,-0.13094566762447357,0.23014868795871735,100,OK,MAP_UPDATE,OK,VISUAL_INERTIAL
2297,1761213152595,-137.34179735183716,-338.9463424682617,-237.58889734745026,-0.747393012046814,-0.11012771725654602,0.2223280519247055,100,OK,MAP_UPDATE,OK,VISUAL_INERTIAL
2298,1761213152612,-140.47497510910034,-337.9320800304413,-235.56314408779144,-0.7455301880836487,-0.10267485678195953,0.2209414690732956,100,OK,MAP_UPDATE,OK,VISUAL_INERTIAL
2299,1761213152629,-143.73263716697693,-336.8436098098755,-234.65412855148315,-0.7438057661056519,-0.09414134174585342,0.21731728315353394,100,OK,MAP_UPDATE,OK,VISUAL_INERTIAL
2300,1761213152645,-149.00758862495422,-335.64430475234985,-234.71395671367645,-0.7426264882087708,-0.07996833324432373,0.21106526255607605,100,OK,MAP_UPDATE,OK,VISUAL_INERTIAL
2301,1761213152662,-155.46615421772003,-334.35818552970886,-234.79174077510834,-0.7422128915786743,-0.05748144909739494,0.20146501064300537,100,OK,MAP_UPDATE,OK,VISUAL_INERTIAL
2302,1761213152679,-160.91622412204742,-332.73249864578247,-235.01068353652954,-0.7423821687698364,-0.03221924975514412,0.19097672402858734,100,OK,MAP_UPDATE,OK,VISUAL_INERTIAL
2303,1761213152695,-163.48518431186676,-330.6210935115814,-234.4166338443756,-0.74199378490448,-0.013242081739008427,0.18334481120109558,100,OK,MAP_UPDATE,OK,VISUAL_INERTIAL
2304,1761213152712,-161.85523569583893,-328.04813981056213,-234.6644550561905,-0.7414473295211792,-0.0017152180662378669,0.17736437916755676,100,OK,MAP_UPDATE,OK,VISUAL_INERTIAL
2305,1761213152729,-164.53604400157928,-326.29427313804626,-232.18636214733124,-0.737841010093689,0.000344919681083411,0.17540284991264343,100,OK,MAP_UPDATE,OK,VISUAL_INERTIAL
2306,1761213152745,-167.83761978149414,-324.14892315864563,-231.6829115152359,-0.735364556312561,0.008970252238214016,0.16974665224552155,100,OK,MAP_UPDATE,OK,VISUAL_INERTIAL
2307,1761213152762,-172.74819314479828,-321.7131793498993,-231.01253807544708,-0.733191192150116,0.023072224110364914,0.16210997104644775,100,OK,MAP_UPDATE,OK,VISUAL_INERTIAL
2308,1761213152779,-176.69376730918884,-319.42349672317505,-230.69052398204803,-0.731555163860321,0.0414261631667614,0.15282009541988373,100,OK,MAP_UPDATE,OK,VISUAL_INERTIAL
2309,1761213152795,-180.11942505836487,-317.05185770988464,-229.62802648544312,-0.7296984195709229,0.05956809222698212,0.1438702940940857,100,OK,MAP_UPDATE,OK,VISUAL_INERTIAL
2310,1761213152812,-182.1245551109314,-314.2881691455841,-228.54046523571014,-0.7277299761772156,0.07557502388954163,0.13593392074108124,100,OK,MAP_UPDATE,OK,VISUAL_INERTIAL
2311,1761213152829,-183.12902748584747,-311.3911747932434,-227.35989093780518,-0.7252523303031921,0.08840233087539673,0.12893721461296082,100,OK,MAP_UPDATE,OK,VISUAL_INERTIAL
2312,1761213152845,-183.96611511707306,-308.44706296920776,-226.40825808048248,-0.7227869033813477,0.10034900903701782,0.12164607644081116,100,OK,MAP_UPDATE,OK,VISUAL_INERTIAL
2313,1761213152862,-185.76525151729584,-305.5855631828308,-225.52457451820374,-0.7205792665481567,0.11458656936883926,0.11293668299913406,100,OK,MAP_UPDATE,OK,VISUAL_INERTIAL
2314,1761213152879,-188.91403079032898,-302.80765891075134,-224.60345923900604,-0.7186043858528137,0.13308866322040558,0.102403923869133,100,OK,MAP_UPDATE,OK,VISUAL_INERTIAL
2315,1761213152895,-190.66494703292847,-299.8075783252716,-223.2009619474411,-0.7169795632362366,0.15750139951705933,0.08943444490432739,100,OK,MAP_UPDATE,OK,VISUAL_INERTIAL
2316,1761213152912,-194.00496780872345,-296.55319452285767,-222.1088409423828,-0.7152625322341919,0.18049633502960205,0.07774423062801361,100,OK,MAP_UPDATE,OK,VISUAL_INERTIAL
2317,1761213152929,-194.11849975585938,-293.2067811489105,-220.73279321193695,-0.7129650712013245,0.20158834755420685,0.06674569845199585,100,OK,MAP_UPDATE,OK,VISUAL_INERTIAL
2318,1761213152945,-192.65884160995483,-289.91883993148804,-219.46004033088684,-0.7101706862449646,0.2167460024356842,0.057398054748773575,100,OK,MAP_UPDATE,OK,VISUAL_INERTIAL
2319,1761213152962,-191.49695336818695,-286.55514121055603,-218.50630640983582,-0.7074188590049744,0.22918833792209625,0.04860037937760353,100,OK,MAP_UPDATE,OK,VISUAL_INERTIAL
2320,1761213152979,-191.40297174453735,-283.3121716976166,-217.59815514087677,-0.704534113407135,0.24325919151306152,0.03885069116950035,100,OK,MAP_UPDATE,OK,VISUAL_INERTIAL
2321,1761213152996,-192.14630126953125,-280.10809421539307,-216.5917456150055,-0.7015442848205566,0.2603468894958496,0.027913212776184082,100,OK,MAP_UPDATE,OK,VISUAL_INERTIAL
2322,1761213153012,-192.09638237953186,-276.96675062179565,-215.33909440040588,-0.698258638381958,0.27918875217437744,0.01660812459886074,100,OK,MAP_UPDATE,OK,VISUAL_INERTIAL
2323,1761213153029,-191.24948978424072,-273.6513018608093,-214.32507038116455,-0.6947142481803894,0.29524967074394226,0.006768976338207722,100,OK,MAP_UPDATE,OK,VISUAL_INERTIAL
2324,1761213153045,-189.42202627658844,-270.59406042099,-213.45660090446472,-0.6909446716308594,0.3061516582965851,-0.0014178950805217028,100,OK,MAP_UPDATE,OK,VISUAL_INERTIAL
2325,1761213153062,-187.00028955936432,-267.7353322505951,-212.73986995220184,-0.6871801018714905,0.3122982680797577,-0.008648051880300045,100,OK,MAP_UPDATE,OK,VISUAL_INERTIAL
2326,1761213153079,-185.13165414333344,-265.0834918022156,-212.2611701488495,-0.6838428974151611,0.31662559509277344,-0.01608433946967125,100,OK,MAP_UPDATE,OK,VISUAL_INERTIAL
2327,1761213153096,-183.90825390815735,-262.58254051208496,-211.72817051410675,-0.6808366775512695,0.32283449172973633,-0.02482345886528492,100,OK,MAP_UPDATE,OK,VISUAL_INERTIAL
2328,1761213153112,-182.92802572250366,-260.1742744445801,-211.2864851951599,-0.678149938583374,0.3316026031970978,-0.034732889384031296,100,OK,MAP_UPDATE,OK,VISUAL_INERTIAL
2329,1761213153129,-181.18539452552795,-257.7359676361084,-210.8204960823059,-0.6755316257476807,0.34130001068115234,-0.04487749561667442,100,OK,MAP_UPDATE,OK,VISUAL_INERTIAL
2330,1761213153145,-178.09419333934784,-255.354642868042,-210.55814623832703,-0.672968864440918,0.34854334592819214,-0.053956419229507446,100,OK,MAP_UPDATE,OK,VISUAL_INERTIAL
2331,1761213153162,-173.92121255397797,-253.1418800354004,-210.59107780456543,-0.670525074005127,0.35114145278930664,-0.061616599559783936,100,OK,MAP_UPDATE,OK,VISUAL_INERTIAL
2332,1761213153179,-170.4270839691162,-251.28862261772156,-210.94022691249847,-0.6684973835945129,0.3506436347961426,-0.0685710683465004,100,OK,MAP_UPDATE,OK,VISUAL_INERTIAL
2333,1761213153195,-167.19146072864532,-249.82936680316925,-210.74338257312775,-0.6663162708282471,0.353750616312027,-0.07737384736537933,100,OK,MAP_UPDATE,OK,VISUAL_INERTIAL
2334,1761213153212,-164.25222158432007,-248.49045276641846,-210.50100028514862,-0.6643326878547668,0.3602169454097748,-0.08729738742113113,100,OK,MAP_UPDATE,OK,VISUAL_INERTIAL
2335,1761213153229,-160.79102456569672,-247.21486866474152,-210.39798855781555,-0.6622526049613953,0.3668779730796814,-0.09694629907608032,100,OK,MAP_UPDATE,OK,VISUAL_INERTIAL
2336,1761213153246,-156.4575433731079,-245.95831334590912,-210.5850875377655,-0.660150408744812,0.37079140543937683,-0.10526971518993378,100,OK,MAP_UPDATE,OK,VISUAL_INERTIAL
2337,1761213153262,-151.89285576343536,-244.79593336582184,-210.8890563249588,-0.6579968333244324,0.37176212668418884,-0.11236222088336945,100,OK,MAP_UPDATE,OK,VISUAL_INERTIAL
2338,1761213153279,-147.66867458820343,-243.6908334493637,-211.32245659828186,-0.6560468077659607,0.372122585773468,-0.11945896595716476,100,OK,MAP_UPDATE,OK,VISUAL_INERTIAL
2339,1761213153295,-143.81152391433716,-242.73070693016052,-211.67270839214325,-0.6542688012123108,0.3733521103858948,-0.12692686915397644,100,OK,MAP_UPDATE,OK,VISUAL_INERTIAL
2340,1761213153312,-139.85060155391693,-241.94741249084473,-211.91978454589844,-0.6526781320571899,0.3748088777065277,-0.1343088448047638,100,OK,MAP_UPDATE,OK,VISUAL_INERTIAL
2341,1761213153329,-135.41564345359802,-241.33282899856567,-212.24023401737213,-0.651285707950592,0.3742501735687256,-0.14082200825214386,100,OK,MAP_UPDATE,OK,VISUAL_INERTIAL
2342,1761213153345,-130.71541488170624,-240.70999026298523,-212.76089549064636,-0.6502983570098877,0.371111124753952,-0.14635223150253296,100,OK,MAP_UPDATE,OK,VISUAL_INERTIAL
2343,1761213153362,-126.01342797279358,-240.29283225536346,-213.37762475013733,-0.6495508551597595,0.36675727367401123,-0.15154211223125458,100,OK,MAP_UPDATE,OK,VISUAL_INERTIAL
2344,1761213153379,-121.3630810379982,-239.99735713005066,-214.03978765010834,-0.6489338874816895,0.36124420166015625,-0.15639078617095947,100,OK,MAP_UPDATE,OK,VISUAL_INERTIAL
2345,1761213153396,-116.77214503288269,-239.83541131019592,-214.65809643268585,-0.6483542919158936,0.35495516657829285,-0.1609119325876236,100,OK,MAP_UPDATE,OK,VISUAL_INERTIAL
2346,1761213153412,-112.26249486207962,-239.72845077514648,-215.1678055524826,-0.6477540135383606,0.34958529472351074,-0.16580384969711304,100,OK,MAP_UPDATE,OK,VISUAL_INERTIAL
2347,1761213153429,-107.26401209831238,-239.73768949508667,-215.71679413318634,-0.6472093462944031,0.34374743700027466,-0.17055992782115936,100,OK,MAP_UPDATE,OK,VISUAL_INERTIAL
2348,1761213153445,-101.9415408372879,-239.6484911441803,-216.92316234111786,-0.6470900177955627,0.33533722162246704,-0.17405575513839722,100,OK,MAP_UPDATE,OK,VISUAL_INERTIAL
2349,1761213153462,-96.01020812988281,-240.24958908557892,-217.1950340270996,-0.6466493010520935,0.32374122738838196,-0.17673318088054657,100,OK,MAP_UPDATE,OK,VISUAL_INERTIAL
2350,1761213153479,-90.41161090135574,-240.65001308918,-218.0529236793518,-0.6465834379196167,0.3121289014816284,-0.17932841181755066,100,OK,MAP_UPDATE,OK,VISUAL_INERTIAL
2351,1761213153495,-85.23177355527878,-241.26340448856354,-218.54351460933685,-0.6464089155197144,0.30221694707870483,-0.18240927159786224,100,OK,MAP_UPDATE,OK,VISUAL_INERTIAL
2352,1761213153512,-80.40495961904526,-241.8932467699051,-218.81820261478424,-0.6462299823760986,0.29432058334350586,-0.1860361397266388,100,OK,MAP_UPDATE,OK,VISUAL_INERTIAL
2353,1761213153529,-75.0652328133583,-242.51236021518707,-219.1983461380005,-0.6462520360946655,0.2855176031589508,-0.18905286490917206,100,OK,MAP_UPDATE,OK,VISUAL_INERTIAL
2354,1761213153545,-68.76526772975922,-243.04193258285522,-220.46619653701782,-0.6469706892967224,0.2736126482486725,-0.19055688381195068,100,OK,MAP_UPDATE,OK,VISUAL_INERTIAL
2355,1761213153562,-63.00496309995651,-244.6267604827881,-220.0537621974945,-0.6471155881881714,0.25560036301612854,-0.18961982429027557,100,OK,MAP_UPDATE,OK,VISUAL_INERTIAL
2356,1761213153579,-57.71490931510925,-245.6006109714508,-220.79525887966156,-0.6480236649513245,0.23920245468616486,-0.18942689895629883,100,OK,MAP_UPDATE,OK,VISUAL_INERTIAL
2357,1761213153595,-53.55861410498619,-246.40896916389465,-221.72805666923523,-0.6491469144821167,0.22693957388401031,-0.1905859261751175,100,OK,MAP_UPDATE,OK,VISUAL_INERTIAL
2358,1761213153612,-49.382422119379044,-247.42579460144043,-221.66763246059418,-0.6496875882148743,0.21667854487895966,-0.19187559187412262,100,OK,MAP_UPDATE,OK,VISUAL_INERTIAL
2359,1761213153629,-44.49799284338951,-248.56838583946228,-221.79345786571503,-0.6503461003303528,0.2044275552034378,-0.1918703317642212,100,OK,MAP_UPDATE,OK,VISUAL_INERTIAL
2360,1761213153645,-38.648780435323715,-249.93886053562164,-222.0030426979065,-0.6514298319816589,0.18837852776050568,-0.19000592827796936,100,OK,MAP_UPDATE,OK,VISUAL_INERTIAL
2361,1761213153662,-32.80985727906227,-250.97638368606567,-222.87681698799133,-0.6531015634536743,0.17088742554187775,-0.18793398141860962,100,OK,MAP_UPDATE,OK,VISUAL_INERTIAL
2362,1761213153679,-28.63454632461071,-252.2350549697876,-223.22197258472443,-0.6548843383789062,0.15458062291145325,-0.18521010875701904,100,OK,MAP_UPDATE,OK,VISUAL_INERTIAL
2363,1761213153695,-25.56052803993225,-253.4393072128296,-223.23498129844666,-0.6563575267791748,0.14093910157680511,-0.18337245285511017,100,OK,MAP_UPDATE,OK,VISUAL_INERTIAL
2364,1761213153712,-22.683577612042427,-254.59977984428406,-223.26934337615967,-0.6578207612037659,0.12887336313724518,-0.18177375197410583,100,OK,MAP_UPDATE,OK,VISUAL_INERTIAL
2365,1761213153729,-19.472336396574974,-255.7908594608307,-223.41425716876984,-0.6595132350921631,0.11776631325483322,-0.18006500601768494,100,OK,MAP_UPDATE,OK,VISUAL_INERTIAL
2366,1761213153745,-15.97519963979721,-256.91136717796326,-223.74911606311798,-0.6616517901420593,0.10657845437526703,-0.17803475260734558,100,OK,MAP_UPDATE,OK,VISUAL_INERTIAL
2367,1761213153762,-11.593814939260483,-258.11994075775146,-224.24374520778656,-0.6642830967903137,0.09402703493833542,-0.1753983199596405,100,OK,MAP_UPDATE,OK,VISUAL_INERTIAL
2368,1761213153779,-7.9132625833153725,-259.5086097717285,-224.6667742729187,-0.6672458052635193,0.07810964435338974,-0.17121967673301697,100,OK,MAP_UPDATE,OK,VISUAL_INERTIAL
2369,1761213153795,-3.487725742161274,-260.7537508010864,-225.21236538887024,-0.6704345941543579,0.06197815388441086,-0.1668669581413269,100,OK,MAP_UPDATE,OK,VISUAL_INERTIAL
2370,1761213153812,0.21694088354706764,-261.91791892051697,-225.66309571266174,-0.6733470559120178,0.04639473557472229,-0.1626996099948883,100,OK,MAP_UPDATE,OK,VISUAL_INERTIAL
2371,1761213153829,3.3455253578722477,-262.91295886039734,-226.2151837348938,-0.6759617924690247,0.032043781131505966,-0.15913903713226318,100,OK,MAP_UPDATE,OK,VISUAL_INERTIAL
2372,1761213153845,6.558622699230909,-263.6789381504059,-226.58352553844452,-0.6781878471374512,0.01835573837161064,-0.1555434763431549,100,OK,MAP_UPDATE,OK,VISUAL_INERTIAL
2373,1761213153862,10.163163766264915,-264.2865180969238,-226.4401763677597,-0.6798720955848694,0.0029040887020528316,-0.1512240618467331,100,OK,MAP_UPDATE,OK,VISUAL_INERTIAL
2374,1761213153879,14.745170250535011,-264.93868231773376,-226.3498604297638,-0.681392252445221,-0.014657334424555302,-0.14613689482212067,100,OK,MAP_UPDATE,OK,VISUAL_INERTIAL
2375,1761213153895,19.511546939611435,-265.5681371688843,-225.9754091501236,-0.6824657320976257,-0.03361168131232262,-0.1405966430902481,100,OK,MAP_UPDATE,OK,VISUAL_INERTIAL
2376,1761213153912,23.173939436674118,-265.9699022769928,-225.64180195331573,-0.683251678943634,-0.05088237673044205,-0.1356455534696579,100,OK,MAP_UPDATE,OK,VISUAL_INERTIAL
2377,1761213153929,26.050250977277756,-266.39363169670105,-224.30817782878876,-0.6828329563140869,-0.06435802578926086,-0.13249589502811432,100,OK,MAP_UPDATE,OK,VISUAL_INERTIAL
2378,1761213153945,28.653394430875778,-266.50530099868774,-223.1861650943756,-0.6823458671569824,-0.07789096981287003,-0.1288832724094391,100,OK,MAP_UPDATE,OK,VISUAL_INERTIAL
2379,1761213153962,32.31910616159439,-266.51453971862793,-221.97143733501434,-0.6816508173942566,-0.09325931966304779,-0.1242401972413063,100,OK,MAP_UPDATE,OK,VISUAL_INERTIAL
2380,1761213153979,36.363810300827026,-266.6546702384949,-220.408096909523,-0.6805751919746399,-0.11155752092599869,-0.11876268684864044,100,OK,MAP_UPDATE,OK,VISUAL_INERTIAL
2381,1761213153995,41.04270786046982,-266.5439546108246,-219.03306245803833,-0.6795763969421387,-0.1320035606622696,-0.11280187964439392,100,OK,MAP_UPDATE,OK,VISUAL_INERTIAL
2382,1761213154012,45.43742910027504,-266.26670360565186,-217.62041747570038,-0.6784917116165161,-0.15159179270267487,-0.10697220265865326,100,OK,MAP_UPDATE,OK,VISUAL_INERTIAL
2383,1761213154029,48.65230247378349,-265.8259868621826,-215.74941277503967,-0.6766922473907471,-0.16759882867336273,-0.1029963567852974,100,OK,MAP_UPDATE,OK,VISUAL_INERTIAL
2384,1761213154045,50.83760991692543,-265.26588201522827,-213.9786183834076,-0.6749496459960938,-0.18103332817554474,-0.09958252310752869,100,OK,MAP_UPDATE,OK,VISUAL_INERTIAL
2385,1761213154062,53.82351577281952,-264.65997099876404,-212.18499541282654,-0.6733657121658325,-0.19452226161956787,-0.0958438366651535,100,OK,MAP_UPDATE,OK,VISUAL_INERTIAL
2386,1761213154079,57.72774666547775,-264.0625536441803,-210.30519902706146,-0.6719440221786499,-0.2094467282295227,-0.0913039818406105,100,OK,MAP_UPDATE,OK,VISUAL_INERTIAL
2387,1761213154095,62.0015524327755,-263.2667124271393,-208.62528681755066,-0.6707622408866882,-0.22672268748283386,-0.08596109598875046,100,OK,MAP_UPDATE,OK,VISUAL_INERTIAL
2388,1761213154112,66.79024547338486,-262.48806715011597,-206.49166405200958,-0.669336199760437,-0.2449808120727539,-0.08020628243684769,100,OK,MAP_UPDATE,OK,VISUAL_INERTIAL
2389,1761213154129,69.6789100766182,-261.43309473991394,-204.9545794725418,-0.6680994629859924,-0.26368284225463867,-0.07431872189044952,100,OK,MAP_UPDATE,OK,VISUAL_INERTIAL
2390,1761213154145,71.67411595582962,-260.4616582393646,-203.666552901268,-0.6665774583816528,-0.27827900648117065,-0.06956861168146133,100,OK,MAP_UPDATE,OK,VISUAL_INERTIAL
2391,1761213154162,73.68485629558563,-259.4239413738251,-202.15632021427155,-0.6651141047477722,-0.29088670015335083,-0.06502269208431244,100,OK,MAP_UPDATE,OK,VISUAL_INERTIAL
2392,1761213154179,76.40340179204941,-258.45226645469666,-200.2454251050949,-0.6637794971466064,-0.30478087067604065,-0.059464387595653534,100,OK,MAP_UPDATE,OK,VISUAL_INERTIAL
2393,1761213154195,80.41342347860336,-257.2176158428192,-197.85284996032715,-0.6625694036483765,-0.3211057186126709,-0.05284162610769272,100,OK,MAP_UPDATE,OK,VISUAL_INERTIAL
2394,1761213154212,83.87970924377441,-255.98126649856567,-195.64290344715118,-0.6612016558647156,-0.34126797318458557,-0.0440373532474041,100,OK,MAP_UPDATE,OK,VISUAL_INERTIAL
2395,1761213154229,85.67658811807632,-254.58279252052307,-194.04084980487823,-0.6595768928527832,-0.36193743348121643,-0.03509674593806267,100,OK,MAP_UPDATE,OK,VISUAL_INERTIAL
2396,1761213154245,86.2683579325676,-253.27947735786438,-192.73070991039276,-0.6572498679161072,-0.3787316083908081,-0.027140606194734573,100,OK,MAP_UPDATE,OK,VISUAL_INERTIAL
2397,1761213154262,86.59236878156662,-251.90359354019165,-191.27419590950012,-0.6547431349754333,-0.3922896981239319,-0.019732153043150902,100,OK,MAP_UPDATE,OK,VISUAL_INERTIAL
2398,1761213154279,87.26894110441208,-250.91153383255005,-189.7091120481491,-0.6522441506385803,-0.40620237588882446,-0.011460015550255775,100,OK,MAP_UPDATE,OK,VISUAL_INERTIAL
2399,1761213154295,87.89736032485962,-249.9568611383438,-187.8119707107544,-0.6498295664787292,-0.42149174213409424,-0.0019739442504942417,100,OK,MAP_UPDATE,OK,VISUAL_INERTIAL
2400,1761213154312,88.83471041917801,-248.92884492874146,-185.98231673240662,-0.6472710967063904,-0.438105970621109,0.007915891706943512,100,OK,MAP_UPDATE,OK,VISUAL_INERTIAL
2401,1761213154329,89.42163735628128,-247.76817858219147,-184.34777855873108,-0.6445490717887878,-0.4554532468318939,0.018482638522982597,100,OK,MAP_UPDATE,OK,VISUAL_INERTIAL
2402,1761213154345,88.92619609832764,-246.54246866703033,-182.73785710334778,-0.6415847539901733,-0.46979400515556335,0.02854098752140999,100,OK,MAP_UPDATE,OK,VISUAL_INERTIAL
2403,1761213154362,88.44613283872604,-245.26925384998322,-181.26535415649414,-0.6385151743888855,-0.4807474911212921,0.03774227946996689,100,OK,MAP_UPDATE,OK,VISUAL_INERTIAL
2404,1761213154379,87.83723413944244,-244.16008591651917,-179.60554361343384,-0.6354276537895203,-0.49304044246673584,0.04751279950141907,100,OK,MAP_UPDATE,OK,VISUAL_INERTIAL
2405,1761213154395,87.577223777771,-242.98495054244995,-177.73228883743286,-0.6321512460708618,-0.5069717764854431,0.05771305412054062,100,OK,MAP_UPDATE,OK,VISUAL_INERTIAL
2406,1761213154412,87.07115799188614,-241.72146618366241,-175.8524775505066,-0.6284357905387878,-0.5208941102027893,0.06740418076515198,100,OK,MAP_UPDATE,OK,VISUAL_INERTIAL
2407,1761213154429,86.1968919634819,-240.5092567205429,-174.18745160102844,-0.6243320107460022,-0.5333266258239746,0.07619599997997284,100,OK,MAP_UPDATE,OK,VISUAL_INERTIAL
2408,1761213154446,84.81183648109436,-239.35236036777496,-172.77933657169342,-0.6202394962310791,-0.5437372326850891,0.08429668098688126,100,OK,MAP_UPDATE,OK,VISUAL_INERTIAL
2409,1761213154462,83.15852284431458,-238.1962239742279,-171.7628389596939,-0.6164944767951965,-0.5517609119415283,0.09158611297607422,100,OK,MAP_UPDATE,OK,VISUAL_INERTIAL
2410,1761213154479,82.19195902347565,-236.78696155548096,-170.27553915977478,-0.6131874918937683,-0.5581660270690918,0.09840188920497894,100,OK,MAP_UPDATE,OK,VISUAL_INERTIAL
2411,1761213154495,81.50717616081238,-235.42918264865875,-168.56884956359863,-0.6100077629089355,-0.5666911005973816,0.10596358776092529,100,OK,MAP_UPDATE,OK,VISUAL_INERTIAL
2412,1761213154512,80.98486065864563,-233.91251266002655,-166.870579123497,-0.6067739725112915,-0.5776450634002686,0.1140972375869751,100,OK,MAP_UPDATE,OK,VISUAL_INERTIAL
2413,1761213154529,80.12495189905167,-232.2702556848526,-165.35212099552155,-0.6032794117927551,-0.5889901518821716,0.12218070030212402,100,OK,MAP_UPDATE,OK,VISUAL_INERTIAL
2414,1761213154545,78.22524011135101,-230.71441054344177,-164.4754856824875,-0.5996204614639282,-0.5965976119041443,0.1288253664970398,100,OK,MAP_UPDATE,OK,VISUAL_INERTIAL
2415,1761213154562,75.29372721910477,-229.0605902671814,-164.0089601278305,-0.5963230729103088,-0.5977987051010132,0.1335497945547104,100,OK,MAP_UPDATE,OK,VISUAL_INERTIAL
2416,1761213154579,72.57099449634552,-227.44417190551758,-163.56737911701202,-0.5936896204948425,-0.5967197418212891,0.1381097137928009,100,OK,MAP_UPDATE,OK,VISUAL_INERTIAL
2417,1761213154595,70.65866142511368,-225.79936683177948,-162.85331547260284,-0.5914799571037292,-0.5981377959251404,0.1439867913722992,100,OK,MAP_UPDATE,OK,VISUAL_INERTIAL
2418,1761213154612,69.24337893724442,-224.0554541349411,-161.83936595916748,-0.5891899466514587,-0.6038684844970703,0.15158694982528687,100,OK,MAP_UPDATE,OK,VISUAL_INERTIAL
2419,1761213154629,67.4326941370964,-222.176656126976,-160.98225116729736,-0.5865665078163147,-0.6117300391197205,0.16002961993217468,100,OK,MAP_UPDATE,OK,VISUAL_INERTIAL
2420,1761213154645,64.33547288179398,-220.3681915998459,-160.68027913570404,-0.5836790204048157,-0.6175258755683899,0.167867511510849,100,OK,MAP_UPDATE,OK,VISUAL_INERTIAL
2421,1761213154662,60.2739192545414,-218.75572204589844,-160.9017252922058,-0.5808533430099487,-0.6196004748344421,0.17480379343032837,100,OK,MAP_UPDATE,OK,VISUAL_INERTIAL
2422,1761213154679,56.01133033633232,-217.3669934272766,-161.26340627670288,-0.578300416469574,-0.6197532415390015,0.1816922426223755,100,OK,MAP_UPDATE,OK,VISUAL_INERTIAL
2423,1761213154695,52.006710320711136,-216.00276231765747,-161.50209307670593,-0.5760025978088379,-0.6201515197753906,0.189178928732872,100,OK,MAP_UPDATE,OK,VISUAL_INERTIAL
2424,1761213154712,48.23920503258705,-214.6672159433365,-161.56350076198578,-0.5736744999885559,-0.6223806738853455,0.1975284218788147,100,OK,MAP_UPDATE,OK,VISUAL_INERTIAL
2425,1761213154729,44.10088062286377,-213.33886682987213,-161.76247596740723,-0.5712341666221619,-0.6249150633811951,0.2061833143234253,100,OK,MAP_UPDATE,OK,VISUAL_INERTIAL
2426,1761213154745,39.359498769044876,-212.1419459581375,-162.85867989063263,-0.5686460137367249,-0.6245427131652832,0.2136734277009964,100,OK,MAP_UPDATE,OK,VISUAL_INERTIAL
2427,1761213154762,33.160269260406494,-210.9106332063675,-163.51307928562164,-0.5662769079208374,-0.618825376033783,0.22037836909294128,100,OK,MAP_UPDATE,OK,VISUAL_INERTIAL
2428,1761213154779,27.094781398773193,-209.8880261182785,-163.45764696598053,-0.5638329386711121,-0.6105138659477234,0.22637014091014862,100,OK,MAP_UPDATE,OK,VISUAL_INERTIAL
2429,1761213154795,21.718673408031464,-208.56671035289764,-163.91049325466156,-0.5613181591033936,-0.6042956709861755,0.2328057885169983,100,OK,MAP_UPDATE,OK,VISUAL_INERTIAL
2430,1761213154812,16.46594889461994,-207.1681171655655,-163.91924023628235,-0.5583949089050293,-0.5995717644691467,0.23944132030010223,100,OK,MAP_UPDATE,OK,VISUAL_INERTIAL
2431,1761213154829,10.874366387724876,-205.84069192409515,-163.77854347229004,-0.5550293326377869,-0.5941260457038879,0.24556556344032288,100,OK,MAP_UPDATE,OK,VISUAL_INERTIAL
2432,1761213154845,5.069228354841471,-204.79260385036469,-163.54289650917053,-0.5513824820518494,-0.5860627889633179,0.2503361999988556,100,OK,MAP_UPDATE,OK,VISUAL_INERTIAL
2433,1761213154862,-1.7777943285182118,-203.8714438676834,-163.5286659002304,-0.5478764176368713,-0.5739038586616516,0.2542850077152252,100,OK,MAP_UPDATE,OK,VISUAL_INERTIAL
2434,1761213154879,-8.282255381345749,-202.91581749916077,-163.85887563228607,-0.5449963808059692,-0.5571497082710266,0.2562767565250397,100,OK,MAP_UPDATE,OK,VISUAL_INERTIAL
2435,1761213154895,-15.477415174245834,-202.3160457611084,-162.81990706920624,-0.5426889657974243,-0.5373517870903015,0.2577781081199646,100,OK,MAP_UPDATE,OK,VISUAL_INERTIAL
2436,1761213154912,-21.371247246861458,-201.4324814081192,-162.37784922122955,-0.5407135486602783,-0.5221362709999084,0.2599872648715973,100,OK,MAP_UPDATE,OK,VISUAL_INERTIAL
2437,1761213154929,-26.626521721482277,-200.7119059562683,-161.3961011171341,-0.5385830998420715,-0.5105339288711548,0.2627868056297302,100,OK,MAP_UPDATE,OK,VISUAL_INERTIAL
2438,1761213154945,-32.6358899474144,-200.3987580537796,-160.76795756816864,-0.5365691184997559,-0.4982569217681885,0.2649052143096924,100,OK,MAP_UPDATE,OK,VISUAL_INERTIAL
2439,1761213154962,-39.59503769874573,-200.29670000076294,-160.82464158535004,-0.5349327325820923,-0.4810062050819397,0.2650698721408844,100,OK,MAP_UPDATE,OK,VISUAL_INERTIAL
2440,1761213154979,-47.50988632440567,-199.84304904937744,-162.14880347251892,-0.5345881581306458,-0.4564383327960968,0.262836754322052,100,OK,MAP_UPDATE,OK,VISUAL_INERTIAL
2441,1761213154995,-54.09863963723183,-199.5774805545807,-161.73946857452393,-0.5350286364555359,-0.42686837911605835,0.2586829662322998,100,OK,MAP_UPDATE,OK,VISUAL_INERTIAL
2442,1761213155012,-56.56302720308304,-198.4824687242508,-161.04432940483093,-0.5354511141777039,-0.4067152738571167,0.25683164596557617,100,OK,MAP_UPDATE,OK,VISUAL_INERTIAL
2443,1761213155029,-61.988260596990585,-198.42155277729034,-160.4013890028,-0.5345452427864075,-0.3982296288013458,0.2583675980567932,100,OK,MAP_UPDATE,OK,VISUAL_INERTIAL
2444,1761213155045,-66.22741371393204,-198.2380449771881,-159.20405089855194,-0.5337359309196472,-0.3863447606563568,0.2578878104686737,100,OK,MAP_UPDATE,OK,VISUAL_INERTIAL
2445,1761213155062,-72.16786593198776,-197.77104258537292,-159.1818928718567,-0.5333435535430908,-0.36895522475242615,0.255203515291214,100,OK,MAP_UPDATE,OK,VISUAL_INERTIAL
2446,1761213155079,-80.58515191078186,-197.03684747219086,-159.4083458185196,-0.5337900519371033,-0.3468260169029236,0.2510700225830078,100,OK,MAP_UPDATE,OK,VISUAL_INERTIAL
2447,1761213155095,-85.11465787887573,-196.66841626167297,-159.11027789115906,-0.5350368022918701,-0.3167857825756073,0.2439509630203247,100,OK,MAP_UPDATE,OK,VISUAL_INERTIAL
2448,1761213155112,-88.17869424819946,-195.94727456569672,-158.63777697086334,-0.5360926389694214,-0.2951146066188812,0.2391703724861145,100,OK,MAP_UPDATE,OK,VISUAL_INERTIAL
2449,1761213155129,-92.83790737390518,-195.68383693695068,-157.5631946325302,-0.5353624820709229,-0.2874814569950104,0.23921601474285126,100,OK,MAP_UPDATE,OK,VISUAL_INERTIAL
2450,1761213155145,-94.59087997674942,-194.85795497894287,-156.98400139808655,-0.5345320701599121,-0.2795998454093933,0.23759809136390686,100,OK,MAP_UPDATE,OK,VISUAL_INERTIAL
2451,1761213155162,-98.07460010051727,-194.10890340805054,-157.14119374752045,-0.533743143081665,-0.2685243785381317,0.2341877967119217,100,OK,MAP_UPDATE,OK,VISUAL_INERTIAL
2452,1761213155179,-104.0712371468544,-193.1992471218109,-158.21927785873413,-0.5336136817932129,-0.2538038492202759,0.22934336960315704,100,OK,MAP_UPDATE,OK,VISUAL_INERTIAL
2453,1761213155195,-110.34007370471954,-192.58973002433777,-159.15626287460327,-0.5336652398109436,-0.23351413011550903,0.22259603440761566,100,OK,MAP_UPDATE,OK,VISUAL_INERTIAL
2454,1761213155212,-112.47643828392029,-191.74718856811523,-158.91797840595245,-0.5337886214256287,-0.21169918775558472,0.2148926854133606,100,OK,MAP_UPDATE,OK,VISUAL_INERTIAL
2455,1761213155229,-111.98767274618149,-190.11078774929047,-158.38773548603058,-0.5336487889289856,-0.19853337109088898,0.20959162712097168,100,OK,MAP_UPDATE,OK,VISUAL_INERTIAL
2456,1761213155245,-113.1291463971138,-189.18587267398834,-156.7186713218689,-0.5320504903793335,-0.19237318634986877,0.20650580525398254,100,OK,MAP_UPDATE,OK,VISUAL_INERTIAL
2457,1761213155262,-114.28388953208923,-188.1994903087616,-155.914768576622,-0.5306575298309326,-0.18414485454559326,0.2020619511604309,100,OK,MAP_UPDATE,OK,VISUAL_INERTIAL
2458,1761213155279,-116.95153266191483,-187.4387413263321,-155.86096048355103,-0.5293339490890503,-0.17236649990081787,0.196188285946846,100,OK,MAP_UPDATE,OK,VISUAL_INERTIAL
2459,1761213155295,-119.94625627994537,-186.5047812461853,-155.9399962425232,-0.5282266139984131,-0.15752151608467102,0.1894250065088272,100,OK,MAP_UPDATE,OK,VISUAL_INERTIAL
2460,1761213155312,-121.871717274189,-185.52349507808685,-155.82574903964996,-0.5270563960075378,-0.14451788365840912,0.18337470293045044,100,OK,MAP_UPDATE,OK,VISUAL_INERTIAL
2461,1761213155329,-122.19031155109406,-184.75300073623657,-155.38980066776276,-0.525300145149231,-0.13728009164333344,0.17901547253131866,100,OK,MAP_UPDATE,OK,VISUAL_INERTIAL
2462,1761213155345,-122.28404730558395,-183.9490830898285,-155.18076717853546,-0.523369550704956,-0.13380761444568634,0.17560100555419922,100,OK,MAP_UPDATE,OK,VISUAL_INERTIAL
2463,1761213155362,-122.95906245708466,-183.1057369709015,-155.4441750049591,-0.5213262438774109,-0.13093063235282898,0.17226234078407288,100,OK,MAP_UPDATE,OK,VISUAL_INERTIAL
2464,1761213155379,-124.55890327692032,-182.28188157081604,-156.25321865081787,-0.51933753490448,-0.1262524127960205,0.16847839951515198,100,OK,MAP_UPDATE,OK,VISUAL_INERTIAL
2465,1761213155395,-126.40786170959473,-181.49206042289734,-157.43660926818848,-0.5174574851989746,-0.11932310461997986,0.16428126394748688,100,OK,MAP_UPDATE,OK,VISUAL_INERTIAL
2466,1761213155412,-127.68246233463287,-180.72740733623505,-158.56854617595673,-0.5156702399253845,-0.11250162124633789,0.16012199223041534,100,OK,MAP_UPDATE,OK,VISUAL_INERTIAL
2467,1761213155429,-128.0948668718338,-180.00192940235138,-159.49206054210663,-0.5137378573417664,-0.10817376524209976,0.1565859317779541,100,OK,MAP_UPDATE,OK,VISUAL_INERTIAL
2468,1761213155445,-127.82135605812073,-179.29302155971527,-160.44719517230988,-0.511378824710846,-0.10681427270174026,0.15371672809123993,100,OK,MAP_UPDATE,OK,VISUAL_INERTIAL
2469,1761213155462,-127.19084322452545,-178.44125628471375,-161.47737205028534,-0.5084539651870728,-0.10852662473917007,0.15171892940998077,100,OK,MAP_UPDATE,OK,VISUAL_INERTIAL
2470,1761213155479,-127.25630402565002,-177.4478256702423,-162.8742665052414,-0.5050638318061829,-0.11011644452810287,0.14956016838550568,100,OK,MAP_UPDATE,OK,VISUAL_INERTIAL
2471,1761213155495,-128.45657765865326,-176.4957457780838,-164.82561826705933,-0.5015121102333069,-0.10754401981830597,0.14606067538261414,100,OK,MAP_UPDATE,OK,VISUAL_INERTIAL
2472,1761213155512,-129.50804829597473,-175.64289271831512,-166.7463183403015,-0.4976780414581299,-0.10336703062057495,0.1423802673816681,100,OK,MAP_UPDATE,OK,VISUAL_INERTIAL
2473,1761213155529,-129.5502781867981,-174.68005418777466,-168.34574937820435,-0.4935719072818756,-0.10001332312822342,0.13919249176979065,100,OK,MAP_UPDATE,OK,VISUAL_INERTIAL
2474,1761213155545,-129.01577353477478,-173.6665666103363,-169.78099942207336,-0.4890287518501282,-0.09850755333900452,0.1366797536611557,100,OK,MAP_UPDATE,OK,VISUAL_INERTIAL
2475,1761213155562,-127.82451510429382,-172.64048755168915,-171.03193700313568,-0.48365518450737,-0.1003476083278656,0.13520407676696777,100,OK,MAP_UPDATE,OK,VISUAL_INERTIAL
2476,1761213155579,-126.91783905029297,-171.82427644729614,-172.3361313343048,-0.47762951254844666,-0.10319948196411133,0.13396883010864258,100,OK,MAP_UPDATE,OK,VISUAL_INERTIAL
2477,1761213155595,-127.13786959648132,-171.02430760860443,-174.13456737995148,-0.47142237424850464,-0.10311857610940933,0.13186337053775787,100,OK,MAP_UPDATE,OK,VISUAL_INERTIAL
2478,1761213155612,-128.2665878534317,-170.6133931875229,-175.9154200553894,-0.46503356099128723,-0.09717831760644913,0.12837441265583038,100,OK,MAP_UPDATE,OK,VISUAL_INERTIAL
2479,1761213155629,-129.37594950199127,-170.06875574588776,-177.787646651268,-0.45896536111831665,-0.08926492929458618,0.12448647618293762,100,OK,MAP_UPDATE,OK,VISUAL_INERTIAL
2480,1761213155645,-128.5521388053894,-169.52340304851532,-178.97425591945648,-0.4524906873703003,-0.08506694436073303,0.12193542718887329,100,OK,MAP_UPDATE,OK,VISUAL_INERTIAL
2481,1761213155662,-126.32611393928528,-168.99846494197845,-179.78478968143463,-0.44558292627334595,-0.08675028383731842,0.12078753858804703,100,OK,MAP_UPDATE,OK,VISUAL_INERTIAL
2482,1761213155679,-124.3160143494606,-168.3131456375122,-180.74290454387665,-0.43880921602249146,-0.09060162305831909,0.1198565661907196,100,OK,MAP_UPDATE,OK,VISUAL_INERTIAL
2483,1761213155695,-123.58304858207703,-167.8278148174286,-182.14955925941467,-0.43217119574546814,-0.0925745964050293,0.11814327538013458,100,OK,MAP_UPDATE,OK,VISUAL_INERTIAL
2484,1761213155712,-123.79772961139679,-167.27468371391296,-183.91437828540802,-0.42574191093444824,-0.09070588648319244,0.11562609672546387,100,OK,MAP_UPDATE,OK,VISUAL_INERTIAL
2485,1761213155729,-124.1183876991272,-166.70334339141846,-185.67126989364624,-0.4189368784427643,-0.08672752976417542,0.11297740787267685,100,OK,MAP_UPDATE,OK,VISUAL_INERTIAL
2486,1761213155745,-123.5324963927269,-165.90088605880737,-186.71035766601562,-0.4118514060974121,-0.08461244404315948,0.11117088794708252,100,OK,MAP_UPDATE,OK,VISUAL_INERTIAL
2487,1761213155762,-122.33215570449829,-165.0421768426895,-187.46033310890198,-0.40441206097602844,-0.08502670377492905,0.11010649055242538,100,OK,MAP_UPDATE,OK,VISUAL_INERTIAL
2488,1761213155779,-121.4374303817749,-164.10128772258759,-188.19251656532288,-0.3969186246395111,-0.0854334831237793,0.10891266912221909,100,OK,MAP_UPDATE,OK,VISUAL_INERTIAL
2489,1761213155795,-120.96883356571198,-163.0433052778244,-188.9386773109436,-0.38937658071517944,-0.0852055698633194,0.10752809792757034,100,OK,MAP_UPDATE,OK,VISUAL_INERTIAL
2490,1761213155812,-120.11883407831192,-161.63665056228638,-189.44722414016724,-0.3815961182117462,-0.08601756393909454,0.10654895752668381,100,OK,MAP_UPDATE,OK,VISUAL_INERTIAL
2491,1761213155829,-119.18386071920395,-160.06988286972046,-189.777210354805,-0.37352877855300903,-0.08827991038560867,0.10597910732030869,100,OK,MAP_UPDATE,OK,VISUAL_INERTIAL
2492,1761213155845,-118.8473105430603,-158.32193195819855,-190.18113613128662,-0.36534932255744934,-0.08974114060401917,0.10527746379375458,100,OK,MAP_UPDATE,OK,VISUAL_INERTIAL
2493,1761213155862,-118.70235949754715,-156.43979609012604,-190.29107689857483,-0.35690703988075256,-0.09069865942001343,0.1045038104057312,100,OK,MAP_UPDATE,OK,VISUAL_INERTIAL
2494,1761213155879,-118.63646656274796,-154.37622368335724,-190.19478559494019,-0.34815850853919983,-0.09159740060567856,0.10385328531265259,100,OK,MAP_UPDATE,OK,VISUAL_INERTIAL
2495,1761213155895,-118.27348172664642,-152.24671363830566,-189.6316260099411,-0.33883747458457947,-0.09254740178585052,0.10346734523773193,100,OK,MAP_UPDATE,OK,VISUAL_INERTIAL
2496,1761213155912,-117.56581813097,-150.09959042072296,-188.69522213935852,-0.3290325105190277,-0.09603212773799896,0.1037123054265976,100,OK,MAP_UPDATE,OK,VISUAL_INERTIAL
2497,1761213155929,-116.98011308908463,-147.90140092372894,-187.56777048110962,-0.3191816508769989,-0.10080230981111526,0.10420741885900497,100,OK,MAP_UPDATE,OK,VISUAL_INERTIAL
2498,1761213155945,-117.1293705701828,-145.6674188375473,-186.46740913391113,-0.3093772232532501,-0.10387767851352692,0.10417844355106354,100,OK,MAP_UPDATE,OK,VISUAL_INERTIAL
2499,1761213155962,-117.44829267263412,-143.2686150074005,-185.3586584329605,-0.29961222410202026,-0.10621578991413116,0.10367822647094727,100,OK,MAP_UPDATE,OK,VISUAL_INERTIAL
2500,1761213155979,-117.949940264225,-140.68399369716644,-184.1057538986206,-0.2897172272205353,-0.10712406784296036,0.10261865705251694,100,OK,MAP_UPDATE,OK,VISUAL_INERTIAL
2501,1761213155995,-118.30353736877441,-137.8164142370224,-182.62305855751038,-0.27985909581184387,-0.10708513110876083,0.1012386903166771,100,OK,MAP_UPDATE,OK,VISUAL_INERTIAL
2502,1761213156012,-118.03989857435226,-134.94232296943665,-180.89836835861206,-0.27009597420692444,-0.10822020471096039,0.10003136843442917,100,OK,MAP_UPDATE,OK,VISUAL_INERTIAL
2503,1761213156029,-117.61637032032013,-132.23789632320404,-179.0754497051239,-0.2607163190841675,-0.10866626352071762,0.09858740866184235,100,OK,MAP_UPDATE,OK,VISUAL_INERTIAL
2504,1761213156045,-117.69884079694748,-129.61016595363617,-177.42514610290527,-0.2519817352294922,-0.10603893548250198,0.09653782099485397,100,OK,MAP_UPDATE,OK,VISUAL_INERTIAL
2505,1761213156062,-117.58201569318771,-126.83543562889099,-175.767719745636,-0.24371998012065887,-0.10269073396921158,0.09425965696573257,100,OK,MAP_UPDATE,OK,VISUAL_INERTIAL
2506,1761213156079,-116.41833931207657,-124.15876239538193,-173.9581823348999,-0.23536096513271332,-0.10142278671264648,0.09202054142951965,100,OK,MAP_UPDATE,OK,VISUAL_INERTIAL
2507,1761213156095,-115.03402888774872,-121.47635966539383,-172.01843857765198,-0.22739244997501373,-0.10169883817434311,0.08963946253061295,100,OK,MAP_UPDATE,OK,VISUAL_INERTIAL
2508,1761213156112,-113.89250308275223,-118.71694028377533,-170.24365067481995,-0.22009959816932678,-0.10224714875221252,0.08693316578865051,100,OK,MAP_UPDATE,OK,VISUAL_INERTIAL
2509,1761213156129,-113.10888826847076,-116.30630493164062,-168.79257559776306,-0.21342822909355164,-0.10167054831981659,0.08384619653224945,100,OK,MAP_UPDATE,OK,VISUAL_INERTIAL
2510,1761213156145,-112.46248334646225,-114.31152373552322,-167.61647164821625,-0.20712235569953918,-0.09927468746900558,0.08045882731676102,100,OK,MAP_UPDATE,OK,VISUAL_INERTIAL
2511,1761213156162,-111.4841029047966,-112.5374361872673,-166.51369631290436,-0.20120485126972198,-0.09644295275211334,0.07699797302484512,100,OK,MAP_UPDATE,OK,VISUAL_INERTIAL
2512,1761213156179,-110.32528430223465,-111.17434501647949,-165.5232012271881,-0.1955079883337021,-0.09384039789438248,0.07340852171182632,100,OK,MAP_UPDATE,OK,VISUAL_INERTIAL
2513,1761213156195,-108.85029286146164,-109.8988801240921,-164.5023375749588,-0.19021420180797577,-0.09143297374248505,0.06955675780773163,100,OK,MAP_UPDATE,OK,VISUAL_INERTIAL
2514,1761213156212,-106.78953677415848,-108.62471908330917,-163.37944567203522,-0.18529433012008667,-0.09103064239025116,0.06574349105358124,100,OK,MAP_UPDATE,OK,VISUAL_INERTIAL
2515,1761213156229,-104.56646978855133,-107.49346017837524,-162.29024529457092,-0.1807500571012497,-0.09185877442359924,0.06198439374566078,100,OK,MAP_UPDATE,OK,VISUAL_INERTIAL
2516,1761213156245,-102.85385698080063,-106.40592873096466,-161.34561598300934,-0.17678797245025635,-0.09190327674150467,0.05824863165616989,100,OK,MAP_UPDATE,OK,VISUAL_INERTIAL
2517,1761213156262,-101.38367861509323,-105.56061565876007,-160.488560795784,-0.17321071028709412,-0.0905635878443718,0.054265096783638,100,OK,MAP_UPDATE,OK,VISUAL_INERTIAL
2518,1761213156279,-100.10085254907608,-104.97396439313889,-159.64862704277039,-0.17001751065254211,-0.08797100931406021,0.04995429143309593,100,OK,MAP_UPDATE,OK,VISUAL_INERTIAL
2519,1761213156295,-98.58477860689163,-104.45623844861984,-158.65780413150787,-0.16708800196647644,-0.0851762592792511,0.045512642711400986,100,OK,MAP_UPDATE,OK,VISUAL_INERTIAL
2520,1761213156312,-96.35421633720398,-104.02952134609222,-157.08881616592407,-0.16386131942272186,-0.08349914848804474,0.040948010981082916,100,OK,MAP_UPDATE,OK,VISUAL_INERTIAL
2521,1761213156329,-94.21370178461075,-103.83449494838715,-155.27096390724182,-0.16041837632656097,-0.08193366974592209,0.036525677889585495,100,OK,MAP_UPDATE,OK,VISUAL_INERTIAL
2522,1761213156345,-92.81112253665924,-103.83542627096176,-153.43478322029114,-0.15669876337051392,-0.07761955261230469,0.03186940774321556,100,OK,MAP_UPDATE,OK,VISUAL_INERTIAL
2523,1761213156362,-91.32691472768784,-103.93526405096054,-151.297464966774,-0.15268807113170624,-0.07248809188604355,0.027203626930713654,100,OK,MAP_UPDATE,OK,VISUAL_INERTIAL
2524,1761213156379,-88.9696404337883,-104.02436554431915,-148.60959351062775,-0.14832249283790588,-0.06901398301124573,0.022694438695907593,100,OK,MAP_UPDATE,OK,VISUAL_INERTIAL
2525,1761213156395,-86.0561653971672,-104.18408364057541,-145.53306996822357,-0.14355872571468353,-0.06792904436588287,0.01835423707962036,100,OK,MAP_UPDATE,OK,VISUAL_INERTIAL
2526,1761213156412,-82.67858624458313,-104.40630465745926,-142.02868938446045,-0.13824430108070374,-0.07010801136493683,0.014348368160426617,100,OK,MAP_UPDATE,OK,VISUAL_INERTIAL
2527,1761213156429,-79.66221868991852,-104.75871711969376,-138.4732574224472,-0.13217829167842865,-0.07410215586423874,0.010387633927166462,100,OK,MAP_UPDATE,OK,VISUAL_INERTIAL
2528,1761213156445,-77.26862281560898,-105.14090955257416,-134.8191499710083,-0.12584400177001953,-0.07805129885673523,0.006608844269067049,100,OK,MAP_UPDATE,OK,VISUAL_INERTIAL
2529,1761213156462,-75.85207372903824,-105.58315366506577,-130.92344999313354,-0.11930841952562332,-0.08038022369146347,0.002670214744284749,100,OK,MAP_UPDATE,OK,VISUAL_INERTIAL
2530,1761213156479,-74.97099786996841,-106.1846911907196,-126.83558464050293,-0.11255783587694168,-0.07987916469573975,-0.001443832297809422,100,OK,MAP_UPDATE,OK,VISUAL_INERTIAL
2531,1761213156495,-73.71564209461212,-106.84490203857422,-122.51237779855728,-0.1057843267917633,-0.07906075567007065,-0.005259240977466106,100,OK,MAP_UPDATE,OK,VISUAL_INERTIAL
2532,1761213156512,-71.8037411570549,-107.29635506868362,-117.599256336689,-0.09883734583854675,-0.07972241938114166,-0.00872707087546587,100,OK,MAP_UPDATE,OK,VISUAL_INERTIAL
2533,1761213156529,-69.55668330192566,-107.43428021669388,-112.36602813005447,-0.09190010279417038,-0.08233574032783508,-0.01156150083988905,100,OK,MAP_UPDATE,OK,VISUAL_INERTIAL
2534,1761213156545,-67.73443520069122,-107.51232504844666,-107.1244329214096,-0.0847666785120964,-0.08462845534086227,-0.013750739395618439,100,OK,MAP_UPDATE,OK,VISUAL_INERTIAL
2535,1761213156562,-67.28003174066544,-107.53371566534042,-102.01230645179749,-0.077476866543293,-0.08317724615335464,-0.015420151874423027,100,OK,MAP_UPDATE,OK,VISUAL_INERTIAL
2536,1761213156579,-67.54529476165771,-107.50462114810944,-96.81028127670288,-0.0701732411980629,-0.07804397493600845,-0.016743062064051628,100,OK,MAP_UPDATE,OK,VISUAL_INERTIAL
2537,1761213156595,-67.67212599515915,-107.90696740150452,-91.40977263450623,-0.06270413100719452,-0.07182617485523224,-0.017626769840717316,100,OK,MAP_UPDATE,OK,VISUAL_INERTIAL
2538,1761213156612,-66.72929972410202,-108.51672291755676,-85.6134369969368,-0.055605653673410416,-0.06864329427480698,-0.017699671909213066,100,OK,MAP_UPDATE,OK,VISUAL_INERTIAL
2539,1761213156629,-64.76273387670517,-109.20750349760056,-79.58689332008362,-0.04924306273460388,-0.07202359288930893,-0.01681477017700672,100,OK,MAP_UPDATE,OK,VISUAL_INERTIAL
2540,1761213156645,-63.14174085855484,-109.87203568220139,-73.80398362874985,-0.04351094365119934,-0.077439084649086,-0.015230407938361168,100,OK,MAP_UPDATE,OK,VISUAL_INERTIAL
2541,1761213156662,-63.504867255687714,-110.61952263116837,-68.39636713266373,-0.03819946572184563,-0.08087456971406937,-0.013159197755157948,100,OK,MAP_UPDATE,OK,VISUAL_INERTIAL
2542,1761213156679,-65.14815241098404,-111.34690791368484,-63.41627240180969,-0.03374197706580162,-0.08250885456800461,-0.010810664854943752,100,OK,MAP_UPDATE,OK,VISUAL_INERTIAL
2543,1761213156695,-66.49262458086014,-112.09964007139206,-58.273330330848694,-0.029860269278287888,-0.085205078125,-0.008106408640742302,100,OK,MAP_UPDATE,OK,VISUAL_INERTIAL
2544,1761213156712,-67.30639189481735,-113.02223801612854,-53.103163838386536,-0.02649444341659546,-0.09094821661710739,-0.00496603362262249,100,OK,MAP_UPDATE,OK,VISUAL_INERTIAL
2545,1761213156729,-67.86661595106125,-114.07293379306793,-48.176173120737076,-0.02359965071082115,-0.0992610827088356,-0.0013969154097139835,100,OK,MAP_UPDATE,OK,VISUAL_INERTIAL
2546,1761213156745,-68.90640407800674,-115.11031538248062,-43.38686540722847,-0.02125471457839012,-0.10723797976970673,0.002392061287537217,100,OK,MAP_UPDATE,OK,VISUAL_INERTIAL
2547,1761213156762,-71.45106792449951,-116.1782369017601,-38.84054347872734,-0.019298173487186432,-0.11055087298154831,0.00603517284616828,100,OK,MAP_UPDATE,OK,VISUAL_INERTIAL
2548,1761213156779,-75.04254579544067,-117.44625121355057,-34.539513289928436,-0.017476683482527733,-0.10752815753221512,0.00927271880209446,100,OK,MAP_UPDATE,OK,VISUAL_INERTIAL
2549,1761213156795,-77.93701440095901,-118.76670271158218,-30.057044699788094,-0.015974365174770355,-0.10370709002017975,0.012161104008555412,100,OK,MAP_UPDATE,OK,VISUAL_INERTIAL
2550,1761213156812,-78.11286300420761,-120.39913237094879,-24.957209825515747,-0.01458719838410616,-0.1056431233882904,0.015026775188744068,100,OK,MAP_UPDATE,OK,VISUAL_INERTIAL
2551,1761213156829,-78.04220914840698,-121.40144407749176,-19.48639564216137,-0.013903249986469746,-0.11293382942676544,0.0183021929115057,100,OK,MAP_UPDATE,OK,VISUAL_INERTIAL
2552,1761213156845,-78.34665477275848,-122.70460277795792,-14.353800565004349,-0.01317618228495121,-0.11932409554719925,0.021537598222494125,100,OK,MAP_UPDATE,OK,VISUAL_INERTIAL
2553,1761213156862,-80.0393670797348,-124.21173602342606,-9.473197162151337,-0.012466233223676682,-0.12180184572935104,0.02439415268599987,100,OK,MAP_UPDATE,OK,VISUAL_INERTIAL
2554,1761213156879,-82.89401233196259,-125.77509880065918,-4.929261282086372,-0.01203466672450304,-0.11888653039932251,0.02657950669527054,100,OK,MAP_UPDATE,OK,VISUAL_INERTIAL
2555,1761213156895,-85.34067124128342,-127.5414228439331,-0.28452492551878095,-0.011963547207415104,-0.11389710754156113,0.028255436569452286,100,OK,MAP_UPDATE,OK,VISUAL_INERTIAL
2556,1761213156912,-86.26044541597366,-129.39496338367462,4.699861630797386,-0.012474407441914082,-0.11220156401395798,0.02973967418074608,100,OK,MAP_UPDATE,OK,VISUAL_INERTIAL
2557,1761213156929,-85.80794185400009,-131.15771114826202,10.00143587589264,-0.013582218438386917,-0.1145239993929863,0.0312793105840683,100,OK,MAP_UPDATE,OK,VISUAL_INERTIAL
2558,1761213156945,-85.16610413789749,-132.8429877758026,15.19033219665289,-0.015103369019925594,-0.11878984421491623,0.03252328559756279,100,OK,MAP_UPDATE,OK,VISUAL_INERTIAL
2559,1761213156962,-85.24622768163681,-134.4839483499527,20.052194595336914,-0.016887133941054344,-0.12141536176204681,0.03287447616457939,100,OK,MAP_UPDATE,OK,VISUAL_INERTIAL
2560,1761213156979,-86.50846779346466,-136.23046875,24.51293170452118,-0.01872037909924984,-0.11942851543426514,0.032162729650735855,100,OK,MAP_UPDATE,OK,VISUAL_INERTIAL
2561,1761213156995,-87.82994002103806,-137.93079555034637,28.884410858154297,-0.020559117197990417,-0.11567995697259903,0.030975285917520523,100,OK,MAP_UPDATE,OK,VISUAL_INERTIAL
2562,1761213157012,-88.61788362264633,-139.83769714832306,33.38002413511276,-0.02236075885593891,-0.11248492449522018,0.029985321685671806,100,OK,MAP_UPDATE,OK,VISUAL_INERTIAL
2563,1761213157029,-88.73078972101212,-141.6892260313034,37.8226675093174,-0.024522168561816216,-0.1106850653886795,0.02960556000471115,100,OK,MAP_UPDATE,OK,VISUAL_INERTIAL
2564,1761213157046,-88.32436054944992,-143.5784250497818,42.19761863350868,-0.02726564183831215,-0.11088795959949493,0.029901036992669106,100,OK,MAP_UPDATE,OK,VISUAL_INERTIAL
2565,1761213157062,-87.93243765830994,-145.52265405654907,46.3750995695591,-0.030445551499724388,-0.11269918829202652,0.030495956540107727,100,OK,MAP_UPDATE,OK,VISUAL_INERTIAL
2566,1761213157079,-87.70554512739182,-147.36387133598328,50.18144100904465,-0.03374229744076729,-0.11599529534578323,0.031057557091116905,100,OK,MAP_UPDATE,OK,VISUAL_INERTIAL
2567,1761213157095,-88.1073921918869,-148.72406423091888,53.86945605278015,-0.03710680454969406,-0.12014688551425934,0.03183463588356972,100,OK,MAP_UPDATE,OK,VISUAL_INERTIAL
2568,1761213157112,-88.9124721288681,-149.93813633918762,57.356901466846466,-0.04032733291387558,-0.12341587245464325,0.03303655609488487,100,OK,MAP_UPDATE,OK,VISUAL_INERTIAL
2569,1761213157129,-90.44966101646423,-151.24890208244324,60.574907809495926,-0.043492190539836884,-0.12503443658351898,0.035019487142562866,100,OK,MAP_UPDATE,OK,VISUAL_INERTIAL
2570,1761213157145,-92.2481119632721,-152.8809666633606,63.6453852057457,-0.04656456783413887,-0.12647607922554016,0.037584755569696426,100,OK,MAP_UPDATE,OK,VISUAL_INERTIAL
2571,1761213157162,-93.8742533326149,-154.78041768074036,66.67265295982361,-0.04950787127017975,-0.12893551588058472,0.04028356075286865,100,OK,MAP_UPDATE,OK,VISUAL_INERTIAL
2572,1761213157179,-95.26101499795914,-156.8518877029419,69.59184259176254,-0.051813751459121704,-0.13308793306350708,0.042406681925058365,100,OK,MAP_UPDATE,OK,VISUAL_INERTIAL
2573,1761213157195,-96.80432081222534,-159.113809466362,72.54374772310257,-0.05313744395971298,-0.13698653876781464,0.0438634492456913,100,OK,MAP_UPDATE,OK,VISUAL_INERTIAL
2574,1761213157212,-98.65640103816986,-161.39782965183258,75.5687728524208,-0.05351400375366211,-0.1386062055826187,0.044806141406297684,100,OK,MAP_UPDATE,OK,VISUAL_INERTIAL
2575,1761213157229,-100.7915586233139,-163.66760432720184,78.72675359249115,-0.05325007811188698,-0.1382824182510376,0.04539381340146065,100,OK,MAP_UPDATE,OK,VISUAL_INERTIAL
2576,1761213157245,-102.6427298784256,-165.9623086452484,82.20081776380539,-0.05273386090993881,-0.13731136918067932,0.04576219618320465,100,OK,MAP_UPDATE,OK,VISUAL_INERTIAL
2577,1761213157262,-103.92320901155472,-168.21657121181488,86.06504648923874,-0.05204958841204643,-0.13660414516925812,0.04581448808312416,100,OK,MAP_UPDATE,OK,VISUAL_INERTIAL
2578,1761213157279,-104.69654947519302,-170.48317193984985,90.32150357961655,-0.05091879516839981,-0.1365228146314621,0.04542200267314911,100,OK,MAP_UPDATE,OK,VISUAL_INERTIAL
2579,1761213157295,-105.30100762844086,-172.44835197925568,94.69661116600037,-0.04932120069861412,-0.1366107016801834,0.04459086433053017,100,OK,MAP_UPDATE,OK,VISUAL_INERTIAL
2580,1761213157312,-106.10051453113556,-174.35340583324432,99.05245155096054,-0.04729759320616722,-0.13520623743534088,0.04334823787212372,100,OK,MAP_UPDATE,OK,VISUAL_INERTIAL
2581,1761213157329,-106.98842257261276,-176.08697712421417,103.52440923452377,-0.045163411647081375,-0.13244609534740448,0.041943591088056564,100,OK,MAP_UPDATE,OK,VISUAL_INERTIAL
2582,1761213157345,-107.8844740986824,-177.53905057907104,108.05819928646088,-0.043075062334537506,-0.12904620170593262,0.040455419570207596,100,OK,MAP_UPDATE,OK,VISUAL_INERTIAL
2583,1761213157362,-108.69882255792618,-178.87276411056519,112.56299167871475,-0.0410669706761837,-0.12521860003471375,0.03914790228009224,100,OK,MAP_UPDATE,OK,VISUAL_INERTIAL
2584,1761213157379,-109.1807633638382,-180.09652197360992,117.02101677656174,-0.03908121585845947,-0.12187148630619049,0.03802400082349777,100,OK,MAP_UPDATE,OK,VISUAL_INERTIAL
2585,1761213157395,-109.52731966972351,-181.31305277347565,121.30898982286453,-0.03702466934919357,-0.11883454769849777,0.03710409998893738,100,OK,MAP_UPDATE,OK,VISUAL_INERTIAL
2586,1761213157412,-109.84387993812561,-182.35254287719727,125.26006996631622,-0.03509199619293213,-0.11642080545425415,0.036518558859825134,100,OK,MAP_UPDATE,OK,VISUAL_INERTIAL
2587,1761213157429,-109.957255423069,-183.21454524993896,128.81870567798615,-0.033266521990299225,-0.115314781665802,0.03647409379482269,100,OK,MAP_UPDATE,OK,VISUAL_INERTIAL
2588,1761213157445,-110.20689457654953,-183.78311395645142,131.79948925971985,-0.03155313804745674,-0.11505912244319916,0.03688041865825653,100,OK,MAP_UPDATE,OK,VISUAL_INERTIAL
2589,1761213157462,-110.8848825097084,-184.36485528945923,134.0741664171219,-0.02994350902736187,-0.11379766464233398,0.03760100156068802,100,OK,MAP_UPDATE,OK,VISUAL_INERTIAL
2590,1761213157479,-111.90009862184525,-184.88265573978424,135.83697378635406,-0.02870592288672924,-0.11171185970306396,0.038424864411354065,100,OK,MAP_UPDATE,OK,VISUAL_INERTIAL
2591,1761213157495,-112.67492920160294,-185.23164093494415,136.8708461523056,-0.02781769074499607,-0.11061658710241318,0.03935256600379944,100,OK,MAP_UPDATE,OK,VISUAL_INERTIAL
2592,1761213157512,-112.89695650339127,-185.21781265735626,137.37823069095612,-0.027092820033431053,-0.11178048700094223,0.04040784016251564,100,OK,MAP_UPDATE,OK,VISUAL_INERTIAL
2593,1761213157529,-113.00072818994522,-184.8963350057602,137.3036801815033,-0.02618280053138733,-0.11416042596101761,0.04163604602217674,100,OK,MAP_UPDATE,OK,VISUAL_INERTIAL
2594,1761213157545,-113.4282797574997,-184.3508929014206,136.57039403915405,-0.02498498745262623,-0.11607919633388519,0.042826972901821136,100,OK,MAP_UPDATE,OK,VISUAL_INERTIAL
2595,1761213157562,-114.24543708562851,-183.6196929216385,135.20905375480652,-0.023579634726047516,-0.11689270287752151,0.0438302718102932,100,OK,MAP_UPDATE,OK,VISUAL_INERTIAL
2596,1761213157579,-115.13964086771011,-183.11052024364471,133.35439562797546,-0.022123390808701515,-0.11580609530210495,0.04464428871870041,100,OK,MAP_UPDATE,OK,VISUAL_INERTIAL
2597,1761213157595,-115.63557386398315,-182.52691626548767,131.07475638389587,-0.021013127639889717,-0.11498814076185226,0.0452762208878994,100,OK,MAP_UPDATE,OK,VISUAL_INERTIAL
2598,1761213157612,-115.30875414609909,-181.9925457239151,128.71526181697845,-0.020315304398536682,-0.11606346815824509,0.045591916888952255,100,OK,MAP_UPDATE,OK,VISUAL_INERTIAL
2599,1761213157629,-114.72120136022568,-181.42446875572205,125.8971095085144,-0.019775331020355225,-0.11793998628854752,0.045560963451862335,100,OK,MAP_UPDATE,OK,VISUAL_INERTIAL
2600,1761213157645,-114.51639980077744,-180.73250353336334,122.8921115398407,-0.019411247223615646,-0.11720789223909378,0.0451691672205925,100,OK,MAP_UPDATE,OK,VISUAL_INERTIAL
2601,1761213157662,-114.69190567731857,-179.86813187599182,119.5712462067604,-0.019083604216575623,-0.1134476587176323,0.044443514198064804,100,OK,MAP_UPDATE,OK,VISUAL_INERTIAL
2602,1761213157679,-114.59703743457794,-179.0187954902649,116.15277081727982,-0.018407586961984634,-0.10895094275474548,0.04361290484666824,100,OK,MAP_UPDATE,OK,VISUAL_INERTIAL
2603,1761213157696,-113.49261552095413,-177.94936895370483,112.96729743480682,-0.01734725385904312,-0.1066928431391716,0.04298205301165581,100,OK,MAP_UPDATE,OK,VISUAL_INERTIAL
2604,1761213157712,-111.70603334903717,-176.84634029865265,110.00660806894302,-0.015930401161313057,-0.10678890347480774,0.04253985360264778,100,OK,MAP_UPDATE,OK,VISUAL_INERTIAL
2605,1761213157729,-109.99802500009537,-175.77426135540009,106.79465532302856,-0.014322839677333832,-0.1071663424372673,0.042017173022031784,100,OK,MAP_UPDATE,OK,VISUAL_INERTIAL
2606,1761213157745,-108.78721624612808,-174.75172877311707,103.31381112337112,-0.01294848881661892,-0.10558813065290451,0.04122567176818848,100,OK,MAP_UPDATE,OK,VISUAL_INERTIAL
2607,1761213157762,-107.88293182849884,-173.8312840461731,99.63341057300568,-0.01185618992894888,-0.10285882651805878,0.04013638570904732,100,OK,MAP_UPDATE,OK,VISUAL_INERTIAL
2608,1761213157779,-106.69758170843124,-172.8694587945938,96.13412618637085,-0.010853647254407406,-0.10091051459312439,0.03886149823665619,100,OK,MAP_UPDATE,OK,VISUAL_INERTIAL
2609,1761213157795,-105.14206439256668,-171.66918516159058,92.60891377925873,-0.009624305181205273,-0.10046263784170151,0.03754914551973343,100,OK,MAP_UPDATE,OK,VISUAL_INERTIAL
2610,1761213157812,-103.42349112033844,-170.2592372894287,89.164599776268,-0.008061287924647331,-0.10122770816087723,0.03628985211253166,100,OK,MAP_UPDATE,OK,VISUAL_INERTIAL
2611,1761213157829,-102.13161259889603,-168.75416040420532,85.63219755887985,-0.006225247401744127,-0.1009831428527832,0.03499840572476387,100,OK,MAP_UPDATE,OK,VISUAL_INERTIAL
2612,1761213157845,-101.41955316066742,-167.26499795913696,81.91942423582077,-0.00428583612665534,-0.09837007522583008,0.03360652178525925,100,OK,MAP_UPDATE,OK,VISUAL_INERTIAL
2613,1761213157862,-100.81969201564789,-165.7203882932663,78.195221722126,-0.0024318164214491844,-0.09441372752189636,0.03221219778060913,100,OK,MAP_UPDATE,OK,VISUAL_INERTIAL
2614,1761213157879,-99.79674965143204,-164.10772502422333,74.66882467269897,-0.0006855002720840275,-0.0912860631942749,0.03080756589770317,100,OK,MAP_UPDATE,OK,VISUAL_INERTIAL
2615,1761213157895,-98.28810393810272,-162.45009005069733,71.33736461400986,0.0011736289598047733,-0.08989138156175613,0.02943125180900097,100,OK,MAP_UPDATE,OK,VISUAL_INERTIAL
2616,1761213157912,-96.72173112630844,-160.7135534286499,68.06261837482452,0.003320051124319434,-0.0891871526837349,0.028171667829155922,100,OK,MAP_UPDATE,OK,VISUAL_INERTIAL
2617,1761213157929,-95.53826600313187,-158.92843902111053,64.81506675481796,0.005828769411891699,-0.08789107203483582,0.027209926396608353,100,OK,MAP_UPDATE,OK,VISUAL_INERTIAL
2618,1761213157945,-94.64316815137863,-157.09872543811798,61.63961812853813,0.008613658137619495,-0.08635424077510834,0.026662426069378853,100,OK,MAP_UPDATE,OK,VISUAL_INERTIAL
2619,1761213157962,-93.85102242231369,-155.19632399082184,58.546751737594604,0.011486480943858624,-0.0848969891667366,0.02655290812253952,100,OK,MAP_UPDATE,OK,VISUAL_INERTIAL
2620,1761213157979,-93.11778098344803,-153.23364734649658,55.565569549798965,0.014291258528828621,-0.08368027210235596,0.026729846373200417,100,OK,MAP_UPDATE,OK,VISUAL_INERTIAL
2621,1761213157995,-92.45037287473679,-151.2303501367569,52.61644721031189,0.01712394878268242,-0.08289195597171783,0.02690838649868965,100,OK,MAP_UPDATE,OK,VISUAL_INERTIAL
2622,1761213158012,-92.03367680311203,-149.5281457901001,49.6014803647995,0.02049444615840912,-0.08230458945035934,0.02689933031797409,100,OK,MAP_UPDATE,OK,VISUAL_INERTIAL
2623,1761213158029,-91.83520078659058,-147.87808060646057,46.483878046274185,0.02413143776357174,-0.0812300369143486,0.02680407464504242,100,OK,MAP_UPDATE,OK,VISUAL_INERTIAL
2624,1761213158045,-91.84267371892929,-146.37203514575958,43.39137300848961,0.027752473950386047,-0.07897496223449707,0.026699403300881386,100,OK,MAP_UPDATE,OK,VISUAL_INERTIAL
2625,1761213158062,-92.08047389984131,-145.0105607509613,40.16036167740822,0.031238645315170288,-0.07494017481803894,0.026465605944395065,100,OK,MAP_UPDATE,OK,VISUAL_INERTIAL
2626,1761213158079,-92.17066317796707,-143.72943341732025,36.85600683093071,0.03450366109609604,-0.0701121836900711,0.026148295029997826,100,OK,MAP_UPDATE,OK,VISUAL_INERTIAL
2627,1761213158095,-91.94589406251907,-142.73381233215332,33.81773456931114,0.03795414790511131,-0.06683903932571411,0.02561006508767605,100,OK,MAP_UPDATE,OK,VISUAL_INERTIAL
2628,1761213158112,-91.18623286485672,-141.82960987091064,30.860522761940956,0.04164060205221176,-0.06605834513902664,0.02488591894507408,100,OK,MAP_UPDATE,OK,VISUAL_INERTIAL
2629,1761213158129,-90.1394858956337,-140.94947278499603,27.872299775481224,0.045489612966775894,-0.06686423718929291,0.023963654413819313,100,OK,MAP_UPDATE,OK,VISUAL_INERTIAL
2630,1761213158145,-89.24401551485062,-140.24174213409424,24.863552302122116,0.04935712739825249,-0.06788939982652664,0.022882476449012756,100,OK,MAP_UPDATE,OK,VISUAL_INERTIAL
2631,1761213158162,-88.71734887361526,-139.3263041973114,21.799437701702118,0.05280677229166031,-0.06833963096141815,0.02167162112891674,100,OK,MAP_UPDATE,OK,VISUAL_INERTIAL
2632,1761213158179,-88.72634172439575,-137.9747986793518,18.668964505195618,0.05576692149043083,-0.06680130213499069,0.020375218242406845,100,OK,MAP_UPDATE,OK,VISUAL_INERTIAL
2633,1761213158195,-88.70452642440796,-136.00845634937286,15.896530821919441,0.058318015187978745,-0.06399670988321304,0.01906501315534115,100,OK,MAP_UPDATE,OK,VISUAL_INERTIAL
2634,1761213158212,-88.02056312561035,-134.1255009174347,13.682055287063122,0.06110742315649986,-0.06250683218240738,0.017836712300777435,100,OK,MAP_UPDATE,OK,VISUAL_INERTIAL
2635,1761213158229,-86.98119223117828,-132.33375549316406,11.711131781339645,0.06420070677995682,-0.06259438395500183,0.016490450128912926,100,OK,MAP_UPDATE,OK,VISUAL_INERTIAL
2636,1761213158246,-86.34307235479355,-130.7346373796463,9.68899019062519,0.06744343042373657,-0.061921898275613785,0.015018166974186897,100,OK,MAP_UPDATE,OK,VISUAL_INERTIAL
2637,1761213158262,-85.95524728298187,-129.33430075645447,7.810900919139385,0.07058034092187881,-0.06000896915793419,0.013558459468185902,100,OK,MAP_UPDATE,OK,VISUAL_INERTIAL
2638,1761213158279,-85.44198423624039,-128.03851068019867,6.055315025150776,0.07363995164632797,-0.05784185603260994,0.01213199645280838,100,OK,MAP_UPDATE,OK,VISUAL_INERTIAL
2639,1761213158295,-84.85127985477448,-126.80560350418091,4.51888469979167,0.07654628902673721,-0.05533653125166893,0.010831952095031738,100,OK,MAP_UPDATE,OK,VISUAL_INERTIAL
2640,1761213158312,-84.29525047540665,-125.73467195034027,3.120881039649248,0.07933379709720612,-0.052804481238126755,0.009630901739001274,100,OK,MAP_UPDATE,OK,VISUAL_INERTIAL
2641,1761213158329,-83.50465446710587,-124.76690113544464,1.8721905071288347,0.08184093981981277,-0.05073478817939758,0.008460075594484806,100,OK,MAP_UPDATE,OK,VISUAL_INERTIAL
2642,1761213158345,-82.57736265659332,-123.87712299823761,0.8313675061799586,0.0839729756116867,-0.04999435693025589,0.007377268746495247,100,OK,MAP_UPDATE,OK,VISUAL_INERTIAL
2643,1761213158362,-81.61743730306625,-122.89049476385117,-0.1526298583485186,0.0857350155711174,-0.050053246319293976,0.006334070581942797,100,OK,MAP_UPDATE,OK,VISUAL_INERTIAL
2644,1761213158379,-80.88570833206177,-121.74687534570694,-1.1328745167702436,0.08716261386871338,-0.04989461973309517,0.005387186072766781,100,OK,MAP_UPDATE,OK,VISUAL_INERTIAL
2645,1761213158395,-80.44147491455078,-120.77117711305618,-2.085801213979721,0.08841320872306824,-0.048806555569171906,0.004545583389699459,100,OK,MAP_UPDATE,OK,VISUAL_INERTIAL
2646,1761213158412,-80.31364530324936,-119.85724419355392,-3.1474533025175333,0.089576855301857,-0.04642191529273987,0.0037588828708976507,100,OK,MAP_UPDATE,OK,VISUAL_INERTIAL
2647,1761213158429,-80.07702231407166,-118.78543347120285,-4.150145687162876,0.0903533324599266,-0.04430297389626503,0.0030494253151118755,100,OK,MAP_UPDATE,OK,VISUAL_INERTIAL
2648,1761213158445,-79.68863844871521,-117.75249242782593,-5.070391111075878,0.09080205857753754,-0.042326781898736954,0.002249407581984997,100,OK,MAP_UPDATE,OK,VISUAL_INERTIAL
2649,1761213158462,-79.04078811407089,-116.899274289608,-5.764234811067581,0.09075762331485748,-0.041432786732912064,0.0013864096254110336,100,OK,MAP_UPDATE,OK,VISUAL_INERTIAL
2650,1761213158479,-78.1591460108757,-116.1443293094635,-6.364768836647272,0.09018239378929138,-0.041931334882974625,0.00047741876915097237,100,OK,MAP_UPDATE,OK,VISUAL_INERTIAL
2651,1761213158495,-77.61932164430618,-115.54722487926483,-7.089339196681976,0.08904289454221725,-0.04187861829996109,-0.0005522678256966174,100,OK,MAP_UPDATE,OK,VISUAL_INERTIAL
2652,1761213158512,-77.62864232063293,-115.24505913257599,-7.956909015774727,0.0873158648610115,-0.039898231625556946,-0.0018345362041145563,100,OK,MAP_UPDATE,OK,VISUAL_INERTIAL
2653,1761213158529,-77.73365825414658,-114.95056003332138,-8.798111230134964,0.08476478606462479,-0.03652888163924217,-0.003293197136372328,100,OK,MAP_UPDATE,OK,VISUAL_INERTIAL
2654,1761213158545,-77.06940174102783,-114.86724764108658,-9.339878335595131,0.0817258432507515,-0.035022538155317307,-0.004959593527019024,100,OK,MAP_UPDATE,OK,VISUAL_INERTIAL
2655,1761213158562,-75.90147852897644,-114.80122059583664,-9.550795890390873,0.07839816808700562,-0.035858456045389175,-0.006635953206568956,100,OK,MAP_UPDATE,OK,VISUAL_INERTIAL
2656,1761213158579,-74.83107596635818,-114.81450498104095,-9.607747197151184,0.07514525204896927,-0.03698376938700676,-0.008194449357688427,100,OK,MAP_UPDATE,OK,VISUAL_INERTIAL
2657,1761213158595,-74.52647387981415,-114.95993286371231,-9.520345367491245,0.07201286405324936,-0.0364321805536747,-0.009496730752289295,100,OK,MAP_UPDATE,OK,VISUAL_INERTIAL
2658,1761213158612,-74.8286098241806,-115.45492708683014,-9.342998266220093,0.06893309205770493,-0.0334683358669281,-0.01055600680410862,100,OK,MAP_UPDATE,OK,VISUAL_INERTIAL
2659,1761213158629,-75.07579028606415,-116.44071340560913,-8.943714201450348,0.06572716683149338,-0.030430307611823082,-0.011484306305646896,100,OK,MAP_UPDATE,OK,VISUAL_INERTIAL
2660,1761213158645,-74.51284676790237,-117.53899604082108,-8.126141503453255,0.06193549185991287,-0.029642051085829735,-0.012522870674729347,100,OK,MAP_UPDATE,OK,VISUAL_INERTIAL
2661,1761213158662,-73.39301705360413,-118.80616843700409,-6.987505126744509,0.05808961018919945,-0.03135493025183678,-0.013873160816729069,100,OK,MAP_UPDATE,OK,VISUAL_INERTIAL
2662,1761213158679,-72.34113663434982,-120.0118288397789,-5.539297126233578,0.054462190717458725,-0.03460519015789032,-0.01529016438871622,100,OK,MAP_UPDATE,OK,VISUAL_INERTIAL
2663,1761213158695,-71.89136743545532,-121.36271595954895,-3.980393521487713,0.051560770720243454,-0.03684485703706741,-0.016350392252206802,100,OK,MAP_UPDATE,OK,VISUAL_INERTIAL
2664,1761213158712,-72.24195450544357,-122.87057191133499,-2.325560199096799,0.04914087802171707,-0.037226080894470215,-0.016795003786683083,100,OK,MAP_UPDATE,OK,VISUAL_INERTIAL
2665,1761213158729,-73.28076660633087,-124.74539875984192,-0.607090478297323,0.04682981222867966,-0.03506294637918472,-0.01666160859167576,100,OK,MAP_UPDATE,OK,VISUAL_INERTIAL
2666,1761213158745,-74.18707013130188,-126.88992917537689,1.3780603185296059,0.044245366007089615,-0.032207854092121124,-0.016369802877306938,100,OK,MAP_UPDATE,OK,VISUAL_INERTIAL
2667,1761213158762,-74.00430738925934,-128.91194224357605,3.918251022696495,0.0415298230946064,-0.032547615468502045,-0.016193006187677383,100,OK,MAP_UPDATE,OK,VISUAL_INERTIAL
2668,1761213158779,-73.28838109970093,-130.87880611419678,6.953137461096048,0.039438534528017044,-0.035200923681259155,-0.01624726690351963,100,OK,MAP_UPDATE,OK,VISUAL_INERTIAL
2669,1761213158795,-73.3051598072052,-132.9134702682495,10.109852068126202,0.03825775906443596,-0.03632596880197525,-0.016296815127134323,100,OK,MAP_UPDATE,OK,VISUAL_INERTIAL
2670,1761213158812,-73.96414130926132,-135.01502573490143,13.35273589938879,0.03765488415956497,-0.03477688878774643,-0.01613960601389408,100,OK,MAP_UPDATE,OK,VISUAL_INERTIAL
2671,1761213158829,-74.97917115688324,-137.34151422977448,16.760822385549545,0.037076886743307114,-0.030981557443737984,-0.015718337148427963,100,OK,MAP_UPDATE,OK,VISUAL_INERTIAL
2672,1761213158845,-75.49239695072174,-139.77552950382233,20.550701767206192,0.0361328050494194,-0.02811502106487751,-0.01515285111963749,100,OK,MAP_UPDATE,OK,VISUAL_INERTIAL
2673,1761213158862,-74.98970627784729,-142.11322367191315,24.823494255542755,0.03513487055897713,-0.028179718181490898,-0.014782145619392395,100,OK,MAP_UPDATE,OK,VISUAL_INERTIAL
2674,1761213158879,-74.34732466936111,-144.20443773269653,29.30286154150963,0.03452039137482643,-0.029333103448152542,-0.014590471051633358,100,OK,MAP_UPDATE,OK,VISUAL_INERTIAL
2675,1761213158895,-74.18006658554077,-146.1132913827896,33.85324031114578,0.03444148600101471,-0.029713869094848633,-0.014364332892000675,100,OK,MAP_UPDATE,OK,VISUAL_INERTIAL
2676,1761213158912,-74.48609173297882,-148.0603814125061,38.447897881269455,0.03471365198493004,-0.02863803319633007,-0.013818898238241673,100,OK,MAP_UPDATE,OK,VISUAL_INERTIAL
2677,1761213158929,-74.67257976531982,-150.02579987049103,43.09678450226784,0.03476027399301529,-0.0276564322412014,-0.013032310642302036,100,OK,MAP_UPDATE,OK,VISUAL_INERTIAL
2678,1761213158945,-74.0039199590683,-152.01923251152039,47.949522733688354,0.034218043088912964,-0.0299642626196146,-0.012266314588487148,100,OK,MAP_UPDATE,OK,VISUAL_INERTIAL
2679,1761213158962,-73.00838828086853,-153.91039848327637,52.495408803224564,0.033223990350961685,-0.034076761454343796,-0.011767512187361717,100,OK,MAP_UPDATE,OK,VISUAL_INERTIAL
2680,1761213158979,-72.63987511396408,-155.6054651737213,56.633565574884415,0.03195852041244507,-0.03691520541906357,-0.011750095523893833,100,OK,MAP_UPDATE,OK,VISUAL_INERTIAL
2681,1761213158995,-72.68229871988297,-157.17820823192596,60.506392270326614,0.03047679178416729,-0.03793737664818764,-0.012043679133057594,100,OK,MAP_UPDATE,OK,VISUAL_INERTIAL
2682,1761213159012,-72.74208962917328,-158.56824815273285,64.26649540662766,0.02853141911327839,-0.03856923431158066,-0.012342819944024086,100,OK,MAP_UPDATE,OK,VISUAL_INERTIAL
2683,1761213159029,-72.43005186319351,-159.88855063915253,68.01110506057739,0.0260453000664711,-0.04002409428358078,-0.012471653521060944,100,OK,MAP_UPDATE,OK,VISUAL_INERTIAL
2684,1761213159045,-71.75252586603165,-161.2035036087036,71.79305702447891,0.023092690855264664,-0.04276864975690842,-0.01248028501868248,100,OK,MAP_UPDATE,OK,VISUAL_INERTIAL
2685,1761213159062,-70.77815383672714,-162.4193787574768,75.47403872013092,0.019840842112898827,-0.04665713384747505,-0.012587018311023712,100,OK,MAP_UPDATE,OK,VISUAL_INERTIAL
2686,1761213159079,-70.02829760313034,-163.65721821784973,79.00702208280563,0.016635021194815636,-0.050178270787000656,-0.01295528281480074,100,OK,MAP_UPDATE,OK,VISUAL_INERTIAL
2687,1761213159095,-69.61986422538757,-164.78331387043,82.33075588941574,0.013672741129994392,-0.05277782306075096,-0.013480177149176598,100,OK,MAP_UPDATE,OK,VISUAL_INERTIAL
2688,1761213159112,-69.34704631567001,-165.71113467216492,85.7672244310379,0.010728434659540653,-0.05379565432667732,-0.014061888679862022,100,OK,MAP_UPDATE,OK,VISUAL_INERTIAL
2689,1761213159129,-69.50314342975616,-166.37355089187622,89.07438814640045,0.0075479792430996895,-0.05287935584783554,-0.014350184239447117,100,OK,MAP_UPDATE,OK,VISUAL_INERTIAL
2690,1761213159145,-69.07908618450165,-167.27671027183533,92.45944768190384,0.004340142942965031,-0.05312095955014229,-0.014486531727015972,100,OK,MAP_UPDATE,OK,VISUAL_INERTIAL
2691,1761213159162,-68.00267100334167,-168.3306246995926,95.84460407495499,0.0011779143242165446,-0.05567683279514313,-0.01483194436877966,100,OK,MAP_UPDATE,OK,VISUAL_INERTIAL
2692,1761213159179,-67.17171519994736,-169.54900324344635,99.05033558607101,-0.0018434864468872547,-0.058140676468610764,-0.015606166794896126,100,OK,MAP_UPDATE,OK,VISUAL_INERTIAL
2693,1761213159196,-66.75159186124802,-170.75009644031525,102.02829539775848,-0.00452206889167428,-0.05901438370347023,-0.01664784736931324,100,OK,MAP_UPDATE,OK,VISUAL_INERTIAL
2694,1761213159212,-66.41796231269836,-172.0508635044098,104.93871569633484,-0.0067861853167414665,-0.05964934825897217,-0.017483318224549294,100,OK,MAP_UPDATE,OK,VISUAL_INERTIAL
2695,1761213159229,-66.02920591831207,-173.53250086307526,107.89889842271805,-0.008838861249387264,-0.06083294749259949,-0.017847876995801926,100,OK,MAP_UPDATE,OK,VISUAL_INERTIAL
2696,1761213159245,-65.53396582603455,-175.20612478256226,110.89669167995453,-0.010723640210926533,-0.06326185911893845,-0.017649073153734207,100,OK,MAP_UPDATE,OK,VISUAL_INERTIAL
2697,1761213159262,-65.21541625261307,-176.83659493923187,113.7990653514862,-0.012470904737710953,-0.06657306104898453,-0.017055189236998558,100,OK,MAP_UPDATE,OK,VISUAL_INERTIAL
2698,1761213159279,-65.38485735654831,-178.53747308254242,116.43345654010773,-0.013844149187207222,-0.0685882419347763,-0.016372153535485268,100,OK,MAP_UPDATE,OK,VISUAL_INERTIAL
2699,1761213159295,-66.21003895998001,-180.18962442874908,118.78283321857452,-0.014746034517884254,-0.06847948580980301,-0.015630071982741356,100,OK,MAP_UPDATE,OK,VISUAL_INERTIAL
2700,1761213159312,-67.21285730600357,-181.61849677562714,121.08049541711807,-0.015176101587712765,-0.06790707260370255,-0.014617493376135826,100,OK,MAP_UPDATE,OK,VISUAL_INERTIAL
2701,1761213159329,-68.19052249193192,-183.00054967403412,123.39676171541214,-0.015121656470000744,-0.0675959438085556,-0.01295839436352253,100,OK,MAP_UPDATE,OK,VISUAL_INERTIAL
2702,1761213159345,-69.1612958908081,-184.29988622665405,125.716432929039,-0.014688569121062756,-0.06804464757442474,-0.010700365528464317,100,OK,MAP_UPDATE,OK,VISUAL_INERTIAL
2703,1761213159362,-70.06563991308212,-185.52157282829285,127.9841661453247,-0.013875139877200127,-0.06942053139209747,-0.008148214779794216,100,OK,MAP_UPDATE,OK,VISUAL_INERTIAL
2704,1761213159379,-71.16862386465073,-186.82707846164703,130.00547885894775,-0.012723098509013653,-0.07041039317846298,-0.005710305646061897,100,OK,MAP_UPDATE,OK,VISUAL_INERTIAL
2705,1761213159395,-72.49899953603745,-187.95394897460938,131.82611763477325,-0.011454148218035698,-0.07091458886861801,-0.0036434894427657127,100,OK,MAP_UPDATE,OK,VISUAL_INERTIAL
2706,1761213159412,-73.4662339091301,-188.66078555583954,133.3354115486145,-0.010094575583934784,-0.07231979072093964,-0.001810505986213684,100,OK,MAP_UPDATE,OK,VISUAL_INERTIAL
2707,1761213159429,-74.48861747980118,-189.16639685630798,134.6345990896225,-0.008458500728011131,-0.07353191822767258,-7.970041042426601e-05,100,OK,MAP_UPDATE,OK,VISUAL_INERTIAL
2708,1761213159445,-75.88096708059311,-189.33188915252686,135.83704829216003,-0.00664818100631237,-0.07439365983009338,0.0015230356948450208,100,OK,MAP_UPDATE,OK,VISUAL_INERTIAL
2709,1761213159462,-77.32934504747391,-189.20046091079712,137.01319694519043,-0.004911074414849281,-0.07453598082065582,0.0028887230437248945,100,OK,MAP_UPDATE,OK,VISUAL_INERTIAL
2710,1761213159479,-78.75654846429825,-189.02786076068878,137.88114488124847,-0.0033885533921420574,-0.07358942925930023,0.0039496454410254955,100,OK,MAP_UPDATE,OK,VISUAL_INERTIAL
2711,1761213159495,-79.89854365587234,-188.78929316997528,138.7060135602951,-0.0020500891841948032,-0.07274877279996872,0.004604967776685953,100,OK,MAP_UPDATE,OK,VISUAL_INERTIAL
2712,1761213159512,-80.46870678663254,-188.43132257461548,139.50909674167633,-0.0008875918574631214,-0.07395865768194199,0.0048472401686012745,100,OK,MAP_UPDATE,OK,VISUAL_INERTIAL
2713,1761213159529,-80.95841109752655,-187.8780722618103,140.34026861190796,0.00022701715352013707,-0.07574506103992462,0.004724545869976282,100,OK,MAP_UPDATE,OK,VISUAL_INERTIAL
2714,1761213159545,-81.92700892686844,-187.42160499095917,140.92452824115753,0.0014508392196148634,-0.07575120776891708,0.004337693564593792,100,OK,MAP_UPDATE,OK,VISUAL_INERTIAL
2715,1761213159562,-83.21283012628555,-186.94964051246643,141.46788418293,0.0027038906700909138,-0.07452210783958435,0.003725024638697505,100,OK,MAP_UPDATE,OK,VISUAL_INERTIAL
2716,1761213159579,-84.55085009336472,-186.6249442100525,142.04412698745728,0.004129419103264809,-0.07371287792921066,0.0032070018351078033,100,OK,MAP_UPDATE,OK,VISUAL_INERTIAL
2717,1761213159595,-86.00108325481415,-186.29314005374908,142.68413186073303,0.005544216837733984,-0.07314912974834442,0.0027673591393977404,100,OK,MAP_UPDATE,OK,VISUAL_INERTIAL
2718,1761213159612,-87.4791219830513,-185.9748512506485,143.2364284992218,0.0069351522251963615,-0.07262160629034042,0.0024378967937082052,100,OK,MAP_UPDATE,OK,VISUAL_INERTIAL
2719,1761213159629,-89.51755613088608,-185.80517172813416,143.59714090824127,0.008349369280040264,-0.07093654572963715,0.0022036621812731028,100,OK,MAP_UPDATE,OK,VISUAL_INERTIAL
2720,1761213159645,-92.25369244813919,-185.7387274503708,143.71858537197113,0.009752457030117512,-0.0677056834101677,0.002023970475420356,100,OK,MAP_UPDATE,OK,VISUAL_INERTIAL
2721,1761213159662,-95.18542885780334,-185.63826382160187,143.6653733253479,0.011137784458696842,-0.0640905573964119,0.002008514478802681,100,OK,MAP_UPDATE,OK,VISUAL_INERTIAL
2722,1761213159679,-98.16250205039978,-185.46399474143982,143.66354048252106,0.012467127293348312,-0.06092536821961403,0.0021151420660316944,100,OK,MAP_UPDATE,OK,VISUAL_INERTIAL
2723,1761213159695,-101.27042233943939,-185.1700097322464,143.73724162578583,0.01373753510415554,-0.05893470719456673,0.0023612123914062977,100,OK,MAP_UPDATE,OK,VISUAL_INERTIAL
2724,1761213159712,-104.15849834680557,-184.7531944513321,143.76534521579742,0.014947679825127125,-0.0576959028840065,0.0026313394773751497,100,OK,MAP_UPDATE,OK,VISUAL_INERTIAL
2725,1761213159729,-107.8232079744339,-184.4218373298645,143.48365366458893,0.016269626095891,-0.055025264620780945,0.0027870223857462406,100,OK,MAP_UPDATE,OK,VISUAL_INERTIAL
2726,1761213159745,-112.32952028512955,-183.92860889434814,142.9804265499115,0.017505649477243423,-0.04983144998550415,0.002748907543718815,100,OK,MAP_UPDATE,OK,VISUAL_INERTIAL
2727,1761213159762,-116.79308116436005,-183.46840143203735,142.53662526607513,0.018758418038487434,-0.044391632080078125,0.002633693628013134,100,OK,MAP_UPDATE,OK,VISUAL_INERTIAL
2728,1761213159779,-120.91564387083054,-182.91763961315155,142.3223316669464,0.02005581185221672,-0.039792250841856,0.002480479422956705,100,OK,MAP_UPDATE,OK,VISUAL_INERTIAL
2729,1761213159795,-124.93644654750824,-182.3108047246933,142.1862244606018,0.021447813138365746,-0.03646700829267502,0.0022070715203881264,100,OK,MAP_UPDATE,OK,VISUAL_INERTIAL
2730,1761213159812,-129.01879847049713,-181.63499236106873,142.14158058166504,0.02298414520919323,-0.033562835305929184,0.0017107626190409064,100,OK,MAP_UPDATE,OK,VISUAL_INERTIAL
2731,1761213159829,-133.56056809425354,-180.67462742328644,142.03070104122162,0.02451753057539463,-0.029598798602819443,0.0008591227233409882,100,OK,MAP_UPDATE,OK,VISUAL_INERTIAL
2732,1761213159845,-138.60057294368744,-179.83298003673553,141.8319046497345,0.026182785630226135,-0.023891326040029526,-0.0003137358871754259,100,OK,MAP_UPDATE,OK,VISUAL_INERTIAL
2733,1761213159862,-143.80022883415222,-179.0393888950348,141.62735641002655,0.027915896847844124,-0.01741890050470829,-0.0017151153879240155,100,OK,MAP_UPDATE,OK,VISUAL_INERTIAL
2734,1761213159879,-148.62661063671112,-178.16603183746338,141.6427046060562,0.029653724282979965,-0.01153020840138197,-0.0032854753080755472,100,OK,MAP_UPDATE,OK,VISUAL_INERTIAL
2735,1761213159895,-153.05471420288086,-177.37308144569397,141.74576103687286,0.031520407646894455,-0.006801349576562643,-0.004952552728354931,100,OK,MAP_UPDATE,OK,VISUAL_INERTIAL
2736,1761213159912,-157.6467901468277,-176.5075922012329,141.79067313671112,0.033368997275829315,-0.0017695716815069318,-0.006778608076274395,100,OK,MAP_UPDATE,OK,VISUAL_INERTIAL
2737,1761213159929,-162.50254213809967,-175.53135752677917,141.60524308681488,0.03521206974983215,0.004832859616726637,-0.008780972100794315,100,OK,MAP_UPDATE,OK,VISUAL_INERTIAL
2738,1761213159945,-167.1953946352005,-174.60550367832184,141.4855420589447,0.03685038536787033,0.013321273028850555,-0.01084086112678051,100,OK,MAP_UPDATE,OK,VISUAL_INERTIAL
2739,1761213159962,-172.1230149269104,-173.91933500766754,141.1328911781311,0.03828125819563866,0.021305246278643608,-0.012934021651744843,100,OK,MAP_UPDATE,OK,VISUAL_INERTIAL
2740,1761213159979,-176.55663192272186,-173.30271005630493,140.71990549564362,0.03949833661317825,0.028041590005159378,-0.015052195638418198,100,OK,MAP_UPDATE,OK,VISUAL_INERTIAL
2741,1761213159995,-180.75710535049438,-172.78961837291718,140.24457335472107,0.0405019149184227,0.03328461945056915,-0.017012614756822586,100,OK,MAP_UPDATE,OK,VISUAL_INERTIAL
2742,1761213160012,-184.97171998023987,-172.36673831939697,139.7162228822708,0.0414743609726429,0.03727986291050911,-0.01905209757387638,100,OK,MAP_UPDATE,OK,VISUAL_INERTIAL
2743,1761213160029,-189.26434218883514,-171.85059189796448,139.09439742565155,0.04241730645298958,0.04080895334482193,-0.021106043830513954,100,OK,MAP_UPDATE,OK,VISUAL_INERTIAL
2744,1761213160045,-194.28203999996185,-171.31200432777405,138.35589587688446,0.04344211891293526,0.04632364958524704,-0.023097911849617958,100,OK,MAP_UPDATE,OK,VISUAL_INERTIAL
2745,1761213160062,-199.33092594146729,-170.930415391922,137.48502731323242,0.044516485184431076,0.05297091230750084,-0.025097468867897987,100,OK,MAP_UPDATE,OK,VISUAL_INERTIAL
2746,1761213160079,-204.23966646194458,-170.59171199798584,136.64956390857697,0.045381877571344376,0.059360746294260025,-0.027128096669912338,100,OK,MAP_UPDATE,OK,VISUAL_INERTIAL
2747,1761213160095,-209.00499820709229,-170.37907242774963,135.8078271150589,0.04603269323706627,0.0654962882399559,-0.029049761593341827,100,OK,MAP_UPDATE,OK,VISUAL_INERTIAL
2748,1761213160112,-213.94295990467072,-169.98232901096344,135.05782186985016,0.04639637470245361,0.07134278863668442,-0.030870521441102028,100,OK,MAP_UPDATE,OK,VISUAL_INERTIAL
2749,1761213160129,-219.12366151809692,-169.59905624389648,134.26066935062408,0.04672140255570412,0.07751575857400894,-0.032530032098293304,100,OK,MAP_UPDATE,OK,VISUAL_INERTIAL
2750,1761213160145,-224.25414621829987,-169.23950612545013,133.51702690124512,0.047059301286935806,0.0840565636754036,-0.03385386988520622,100,OK,MAP_UPDATE,OK,VISUAL_INERTIAL
2751,1761213160162,-229.58534955978394,-168.9382642507553,132.75714218616486,0.04744942486286163,0.09088415652513504,-0.03493352606892586,100,OK,MAP_UPDATE,OK,VISUAL_INERTIAL
2752,1761213160179,-235.0509762763977,-168.6350405216217,132.07405805587769,0.04781829193234444,0.09705360233783722,-0.0355849526822567,100,OK,MAP_UPDATE,OK,VISUAL_INERTIAL
2753,1761213160195,-240.27979373931885,-168.34433376789093,131.649449467659,0.0483398362994194,0.10242822766304016,-0.03599218279123306,100,OK,MAP_UPDATE,OK,VISUAL_INERTIAL
2754,1761213160212,-245.71490287780762,-167.983740568161,131.4423829317093,0.04902481287717819,0.10769008100032806,-0.03618178516626358,100,OK,MAP_UPDATE,OK,VISUAL_INERTIAL
2755,1761213160229,-251.27074122428894,-167.76500642299652,131.3450038433075,0.050084423273801804,0.11316217482089996,-0.03625405579805374,100,OK,MAP_UPDATE,OK,VISUAL_INERTIAL
2756,1761213160245,-256.9184899330139,-167.28869080543518,131.53024017810822,0.05109371617436409,0.11869608610868454,-0.03608141466975212,100,OK,MAP_UPDATE,OK,VISUAL_INERTIAL
2757,1761213160262,-262.5698447227478,-167.00226068496704,131.7896544933319,0.05248471349477768,0.12352059036493301,-0.03581174835562706,100,OK,MAP_UPDATE,OK,VISUAL_INERTIAL
2758,1761213160279,-268.1807279586792,-166.75187647342682,132.246196269989,0.05408418923616409,0.12792368233203888,-0.03537210077047348,100,OK,MAP_UPDATE,OK,VISUAL_INERTIAL
2759,1761213160295,-273.93612265586853,-166.56659543514252,132.75229930877686,0.055862072855234146,0.13310076296329498,-0.03483254089951515,100,OK,MAP_UPDATE,OK,VISUAL_INERTIAL
2760,1761213160312,-279.71941232681274,-166.42315685749054,133.41857492923737,0.05772712081670761,0.13876032829284668,-0.03418073430657387,100,OK,MAP_UPDATE,OK,VISUAL_INERTIAL
2761,1761213160329,-285.3964865207672,-166.16050899028778,134.4429850578308,0.05946537107229233,0.1444810926914215,-0.03339504823088646,100,OK,MAP_UPDATE,OK,VISUAL_INERTIAL
2762,1761213160345,-290.8743619918823,-165.78836739063263,135.59257984161377,0.06118165701627731,0.15041671693325043,-0.03261915594339371,100,OK,MAP_UPDATE,OK,VISUAL_INERTIAL
2763,1761213160362,-296.25046253204346,-165.35541415214539,136.86694204807281,0.0628579705953598,0.15718980133533478,-0.03185242414474487,100,OK,MAP_UPDATE,OK,VISUAL_INERTIAL
2764,1761213160379,-301.2378513813019,-165.01982510089874,138.0995362997055,0.06455270200967789,0.16399875283241272,-0.031208999454975128,100,OK,MAP_UPDATE,OK,VISUAL_INERTIAL
2765,1761213160395,-305.60302734375,-164.75579142570496,139.3897533416748,0.0662301555275917,0.16953209042549133,-0.030733296647667885,100,OK,MAP_UPDATE,OK,VISUAL_INERTIAL
2766,1761213160412,-309.71458554267883,-164.53872621059418,140.42164385318756,0.06792309880256653,0.1738617867231369,-0.03043309785425663,100,OK,MAP_UPDATE,OK,VISUAL_INERTIAL
2767,1761213160429,-313.7020170688629,-164.38066959381104,141.47800207138062,0.06954436004161835,0.17838263511657715,-0.0301648061722517,100,OK,MAP_UPDATE,OK,VISUAL_INERTIAL
2768,1761213160445,-317.68888235092163,-164.18512165546417,142.49080419540405,0.07090453803539276,0.18385495245456696,-0.029997270554304123,100,OK,MAP_UPDATE,OK,VISUAL_INERTIAL
2769,1761213160462,-321.626216173172,-163.90623152256012,143.37977766990662,0.0719296857714653,0.1901930868625641,-0.029931630939245224,100,OK,MAP_UPDATE,OK,VISUAL_INERTIAL
2770,1761213160479,-325.5031108856201,-163.1776988506317,144.29254829883575,0.07234138250350952,0.19593307375907898,-0.029910845682024956,100,OK,MAP_UPDATE,OK,VISUAL_INERTIAL
2771,1761213160495,-328.7074565887451,-162.47059404850006,145.28749883174896,0.07274468243122101,0.20061950385570526,-0.02992984652519226,100,OK,MAP_UPDATE,OK,VISUAL_INERTIAL
2772,1761213160512,-331.56800270080566,-161.83072328567505,146.33028209209442,0.07329350709915161,0.20453545451164246,-0.029895972460508347,100,OK,MAP_UPDATE,OK,VISUAL_INERTIAL
2773,1761213160529,-334.2440128326416,-161.2902730703354,147.28857576847076,0.07403254508972168,0.20861601829528809,-0.029788635671138763,100,OK,MAP_UPDATE,OK,VISUAL_INERTIAL
2774,1761213160545,-336.6655111312866,-160.83645820617676,148.27336370944977,0.07478649914264679,0.21245107054710388,-0.029573222622275352,100,OK,MAP_UPDATE,OK,VISUAL_INERTIAL
2775,1761213160562,-338.91692757606506,-160.5592668056488,149.28384125232697,0.07552412897348404,0.2154630422592163,-0.029235398396849632,100,OK,MAP_UPDATE,OK,VISUAL_INERTIAL
2776,1761213160579,-340.69687128067017,-160.18596291542053,150.28278529644012,0.07602638751268387,0.21704155206680298,-0.02893604151904583,100,OK,MAP_UPDATE,OK,VISUAL_INERTIAL
2777,1761213160595,-342.1195447444916,-159.78869795799255,151.22604370117188,0.07637135684490204,0.21786966919898987,-0.028730550780892372,100,OK,MAP_UPDATE,OK,VISUAL_INERTIAL
2778,1761213160612,-343.4799313545227,-159.5805138349533,152.03145146369934,0.07673021405935287,0.21898609399795532,-0.028560852631926537,100,OK,MAP_UPDATE,OK,VISUAL_INERTIAL
2779,1761213160629,-344.73398327827454,-159.3855321407318,152.78716385364532,0.07706041634082794,0.22151176631450653,-0.028506919741630554,100,OK,MAP_UPDATE,OK,VISUAL_INERTIAL
2780,1761213160645,-345.76812386512756,-159.20062363147736,153.52381765842438,0.07720181345939636,0.2245665341615677,-0.028459561988711357,100,OK,MAP_UPDATE,OK,VISUAL_INERTIAL
2781,1761213160662,-346.16145491600037,-159.0193510055542,154.14029359817505,0.07707242667675018,0.22717075049877167,-0.028430402278900146,100,OK,MAP_UPDATE,OK,VISUAL_INERTIAL
2782,1761213160679,-345.9407389163971,-158.7809920310974,154.56523001194,0.07674810290336609,0.2282658815383911,-0.02827957086265087,100,OK,MAP_UPDATE,OK,VISUAL_INERTIAL
2783,1761213160695,-345.17309069633484,-158.58708322048187,154.78883683681488,0.07637760043144226,0.22727397084236145,-0.02801905758678913,100,OK,MAP_UPDATE,OK,VISUAL_INERTIAL
2784,1761213160712,-344.099223613739,-158.42773020267487,154.929518699646,0.0760158821940422,0.22554844617843628,-0.027605554088950157,100,OK,MAP_UPDATE,OK,VISUAL_INERTIAL
2785,1761213160729,-342.9482579231262,-158.311128616333,154.92567420005798,0.07558735460042953,0.22412973642349243,-0.027178462594747543,100,OK,MAP_UPDATE,OK,VISUAL_INERTIAL
2786,1761213160745,-341.6941463947296,-158.30974280834198,154.80858087539673,0.07500985264778137,0.22375665605068207,-0.02678966335952282,100,OK,MAP_UPDATE,OK,VISUAL_INERTIAL
2787,1761213160762,-340.0847613811493,-158.32993388175964,154.57205474376678,0.07410973310470581,0.22330407798290253,-0.026514174416661263,100,OK,MAP_UPDATE,OK,VISUAL_INERTIAL
2788,1761213160779,-337.70790696144104,-158.4210842847824,154.2004942893982,0.07294896990060806,0.22131866216659546,-0.02632472664117813,100,OK,MAP_UPDATE,OK,VISUAL_INERTIAL
2789,1761213160795,-334.78638529777527,-158.52181613445282,153.67799997329712,0.071710966527462,0.21771183609962463,-0.026265814900398254,100,OK,MAP_UPDATE,OK,VISUAL_INERTIAL
2790,1761213160812,-331.58257603645325,-158.58443081378937,153.02757918834686,0.07058750092983246,0.2132243663072586,-0.026319250464439392,100,OK,MAP_UPDATE,OK,VISUAL_INERTIAL
2791,1761213160829,-328.22856307029724,-158.66491198539734,152.23297476768494,0.06959729641675949,0.2102814018726349,-0.026310723274946213,100,OK,MAP_UPDATE,OK,VISUAL_INERTIAL
2792,1761213160845,-324.9575197696686,-158.7373912334442,151.47778391838074,0.06855545192956924,0.2079658806324005,-0.026261167600750923,100,OK,MAP_UPDATE,OK,VISUAL_INERTIAL
2793,1761213160862,-321.08819484710693,-158.93855690956116,150.50765872001648,0.06738225370645523,0.20475193858146667,-0.02607661671936512,100,OK,MAP_UPDATE,OK,VISUAL_INERTIAL
2794,1761213160879,-316.83504581451416,-159.13155674934387,149.46696162223816,0.06615716218948364,0.20020389556884766,-0.025845207273960114,100,OK,MAP_UPDATE,OK,VISUAL_INERTIAL
2795,1761213160895,-312.3277425765991,-159.2983454465866,148.31943809986115,0.06509193778038025,0.19458264112472534,-0.0256104227155447,100,OK,MAP_UPDATE,OK,VISUAL_INERTIAL
2796,1761213160912,-307.7387511730194,-159.42002832889557,147.08806574344635,0.06423044949769974,0.18885459005832672,-0.02531101182103157,100,OK,MAP_UPDATE,OK,VISUAL_INERTIAL
2797,1761213160929,-303.44346165657043,-159.60101783275604,145.8578258752823,0.06353051215410233,0.1848885715007782,-0.024799134582281113,100,OK,MAP_UPDATE,OK,VISUAL_INERTIAL
2798,1761213160945,-299.0514934062958,-159.73690152168274,144.55591142177582,0.06268002837896347,0.18174120783805847,-0.024129411205649376,100,OK,MAP_UPDATE,OK,VISUAL_INERTIAL
2799,1761213160962,-294.27188634872437,-159.7844660282135,143.07262003421783,0.06151362136006355,0.17773623764514923,-0.023250972852110863,100,OK,MAP_UPDATE,OK,VISUAL_INERTIAL
2800,1761213160979,-289.3902361392975,-159.8009318113327,141.4053589105606,0.06016723811626434,0.1734490841627121,-0.02228303998708725,100,OK,MAP_UPDATE,OK,VISUAL_INERTIAL
2801,1761213160995,-284.3911945819855,-159.684419631958,139.64027166366577,0.05879464000463486,0.16870450973510742,-0.021209921687841415,100,OK,MAP_UPDATE,OK,VISUAL_INERTIAL
2802,1761213161012,-279.53869104385376,-159.49957072734833,137.8476619720459,0.05748966708779335,0.16455933451652527,-0.020004436373710632,100,OK,MAP_UPDATE,OK,VISUAL_INERTIAL
2803,1761213161029,-274.78131651878357,-159.23535823822021,136.03508472442627,0.056207675486803055,0.16291718184947968,-0.018424006178975105,100,OK,MAP_UPDATE,OK,VISUAL_INERTIAL
2804,1761213161045,-270.4033851623535,-158.9629054069519,134.32665169239044,0.05485530197620392,0.16405661404132843,-0.016547953709959984,100,OK,MAP_UPDATE,OK,VISUAL_INERTIAL
2805,1761213161062,-266.1629617214203,-158.67695212364197,132.68856704235077,0.05325036495923996,0.16741763055324554,-0.014544064179062843,100,OK,MAP_UPDATE,OK,VISUAL_INERTIAL
2806,1761213161079,-261.22012734413147,-158.1924855709076,130.90619444847107,0.05136127024888992,0.16937148571014404,-0.012592201121151447,100,OK,MAP_UPDATE,OK,VISUAL_INERTIAL
2807,1761213161095,-255.5978298187256,-157.41677582263947,128.98266315460205,0.049360599368810654,0.16854166984558105,-0.010634617879986763,100,OK,MAP_UPDATE,OK,VISUAL_INERTIAL
2808,1761213161112,-249.8653680086136,-156.4599573612213,127.05183029174805,0.04751100391149521,0.16661091148853302,-0.008404271677136421,100,OK,MAP_UPDATE,OK,VISUAL_INERTIAL
2809,1761213161129,-244.61069703102112,-155.4933488368988,125.2719908952713,0.04587085172533989,0.16595187783241272,-0.005729777738451958,100,OK,MAP_UPDATE,OK,VISUAL_INERTIAL
2810,1761213161145,-239.64600265026093,-154.47281301021576,123.69579076766968,0.04433494061231613,0.1672936975955963,-0.00274980952963233,100,OK,MAP_UPDATE,OK,VISUAL_INERTIAL
2811,1761213161162,-234.17414724826813,-153.0834585428238,122.36717343330383,0.04269074276089668,0.16853868961334229,0.000438129500253126,100,OK,MAP_UPDATE,OK,VISUAL_INERTIAL
2812,1761213161179,-228.21016609668732,-151.6725867986679,121.19016796350479,0.04123367369174957,0.16775095462799072,0.0035222480073571205,100,OK,MAP_UPDATE,OK,VISUAL_INERTIAL
2813,1761213161195,-221.96416556835175,-150.22452175617218,120.29973417520523,0.04015158861875534,0.165457621216774,0.006698248907923698,100,OK,MAP_UPDATE,OK,VISUAL_INERTIAL
2814,1761213161212,-215.33483266830444,-148.94145727157593,119.68985199928284,0.03971022740006447,0.1617906540632248,0.010098527185618877,100,OK,MAP_UPDATE,OK,VISUAL_INERTIAL
2815,1761213161228,-208.70377123355865,-147.62966334819794,119.50121819972992,0.039699602872133255,0.15697194635868073,0.013631829060614109,100,OK,MAP_UPDATE,OK,VISUAL_INERTIAL
2816,1761213161245,-202.13063061237335,-146.55129611492157,119.56190317869186,0.040174566209316254,0.15316897630691528,0.0170842744410038,100,OK,MAP_UPDATE,OK,VISUAL_INERTIAL
2817,1761213161262,-195.553258061409,-145.35635709762573,119.91843581199646,0.04074207693338394,0.15092754364013672,0.020039914175868034,100,OK,MAP_UPDATE,OK,VISUAL_INERTIAL
2818,1761213161279,-188.52391839027405,-143.97692680358887,120.50824612379074,0.041357193142175674,0.14833906292915344,0.022452255710959435,100,OK,MAP_UPDATE,OK,VISUAL_INERTIAL
2819,1761213161295,-181.1307817697525,-142.48596131801605,121.20166420936584,0.04204513132572174,0.1456223875284195,0.024645112454891205,100,OK,MAP_UPDATE,OK,VISUAL_INERTIAL
2820,1761213161312,-173.60149323940277,-140.845388174057,122.06834554672241,0.04277479276061058,0.14327600598335266,0.026567766442894936,100,OK,MAP_UPDATE,OK,VISUAL_INERTIAL
2821,1761213161328,-165.91688990592957,-139.10344243049622,122.97279387712479,0.0435638353228569,0.14127637445926666,0.028378555551171303,100,OK,MAP_UPDATE,OK,VISUAL_INERTIAL
2822,1761213161345,-158.14726054668427,-137.20861077308655,123.8395944237709,0.044307176023721695,0.13969206809997559,0.029857195913791656,100,OK,MAP_UPDATE,OK,VISUAL_INERTIAL
2823,1761213161362,-150.11391043663025,-135.19905507564545,124.52270835638046,0.044884491711854935,0.13731642067432404,0.031036993488669395,100,OK,MAP_UPDATE,OK,VISUAL_INERTIAL
2824,1761213161379,-141.84428751468658,-133.138045668602,125.02101063728333,0.045213013887405396,0.1340797394514084,0.03202422708272934,100,OK,MAP_UPDATE,OK,VISUAL_INERTIAL
2825,1761213161395,-133.56465101242065,-131.03343546390533,125.36086142063141,0.04525894671678543,0.13103783130645752,0.032896168529987335,100,OK,MAP_UPDATE,OK,VISUAL_INERTIAL
2826,1761213161412,-125.7093995809555,-129.13168966770172,125.4337877035141,0.0451241061091423,0.12931415438652039,0.033699627965688705,100,OK,MAP_UPDATE,OK,VISUAL_INERTIAL
2827,1761213161429,-117.76787042617798,-127.07839906215668,125.37400424480438,0.04444357752799988,0.12900033593177795,0.03442605584859848,100,OK,MAP_UPDATE,OK,VISUAL_INERTIAL
2828,1761213161445,-109.5920205116272,-124.89025294780731,125.08800625801086,0.04315171390771866,0.12859943509101868,0.03491649031639099,100,OK,MAP_UPDATE,OK,VISUAL_INERTIAL
2829,1761213161462,-101.26235336065292,-122.52143770456314,124.51780587434769,0.04122030735015869,0.12765167653560638,0.03523636609315872,100,OK,MAP_UPDATE,OK,VISUAL_INERTIAL
2830,1761213161478,-92.8846150636673,-120.12948840856552,123.7250566482544,0.038768213242292404,0.12635481357574463,0.035556938499212265,100,OK,MAP_UPDATE,OK,VISUAL_INERTIAL
2831,1761213161495,-84.53505486249924,-117.81386286020279,122.68057465553284,0.03598073869943619,0.12442667037248611,0.03602062910795212,100,OK,MAP_UPDATE,OK,VISUAL_INERTIAL
2832,1761213161512,-76.28218084573746,-115.49191921949387,121.45841866731644,0.03310126066207886,0.12239132821559906,0.03647034987807274,100,OK,MAP_UPDATE,OK,VISUAL_INERTIAL
2833,1761213161528,-68.38466972112656,-113.15283924341202,120.47692388296127,0.030305171385407448,0.12134748697280884,0.036828506737947464,100,OK,MAP_UPDATE,OK,VISUAL_INERTIAL
2834,1761213161545,-60.230717062950134,-110.71976274251938,119.59268152713776,0.027647551149129868,0.12106953561306,0.03703674301505089,100,OK,MAP_UPDATE,OK,VISUAL_INERTIAL
2835,1761213161562,-51.66536197066307,-108.53536427021027,118.7409982085228,0.025325702503323555,0.11992032825946808,0.037201736122369766,100,OK,MAP_UPDATE,OK,VISUAL_INERTIAL
2836,1761213161578,-42.83931851387024,-106.40925914049149,117.95469373464584,0.02337360940873623,0.11741305887699127,0.03706685081124306,100,OK,MAP_UPDATE,OK,VISUAL_INERTIAL
2837,1761213161595,-33.91531854867935,-104.35058921575546,117.4505427479744,0.022102637216448784,0.11403417587280273,0.03652758523821831,100,OK,MAP_UPDATE,OK,VISUAL_INERTIAL
2838,1761213161612,-24.996627122163773,-102.2091880440712,117.23408848047256,0.02158002369105816,0.11016712337732315,0.035387564450502396,100,OK,MAP_UPDATE,OK,VISUAL_INERTIAL
2839,1761213161629,-16.22619293630123,-100.1288890838623,117.33221262693405,0.02192051149904728,0.1062736064195633,0.03376322612166405,100,OK,MAP_UPDATE,OK,VISUAL_INERTIAL
2840,1761213161645,-7.59090157225728,-98.34978729486465,117.77403205633163,0.023167461156845093,0.10267876833677292,0.03192718327045441,100,OK,MAP_UPDATE,OK,VISUAL_INERTIAL
2841,1761213161662,0.9036106057465076,-96.56155109405518,118.59169602394104,0.02490808069705963,0.1007951945066452,0.030152563005685806,100,OK,MAP_UPDATE,OK,VISUAL_INERTIAL
2842,1761213161678,9.337923489511013,-94.83671933412552,119.73824352025986,0.027182016521692276,0.09985361248254776,0.02826762944459915,100,OK,MAP_UPDATE,OK,VISUAL_INERTIAL
2843,1761213161695,17.820414155721664,-93.24465692043304,121.09426409006119,0.029986407607793808,0.09998144209384918,0.02608279138803482,100,OK,MAP_UPDATE,OK,VISUAL_INERTIAL
2844,1761213161712,26.347357779741287,-91.79936349391937,122.54015356302261,0.03323866426944733,0.10077907145023346,0.023615112528204918,100,OK,MAP_UPDATE,OK,VISUAL_INERTIAL
2845,1761213161728,34.97198596596718,-90.32027423381805,123.8623857498169,0.03650926426053047,0.10086119920015335,0.021074531599879265,100,OK,MAP_UPDATE,OK,VISUAL_INERTIAL
2846,1761213161745,43.53172332048416,-88.75702321529388,125.30305981636047,0.03967313840985298,0.10034332424402237,0.018734384328126907,100,OK,MAP_UPDATE,OK,VISUAL_INERTIAL
2847,1761213161762,52.352629601955414,-86.96651458740234,126.85199081897736,0.04256899282336235,0.09922979772090912,0.016764352098107338,100,OK,MAP_UPDATE,OK,VISUAL_INERTIAL
2848,1761213161778,60.58598309755325,-85.37201583385468,128.21580469608307,0.04547995328903198,0.09772198647260666,0.014985392801463604,100,OK,MAP_UPDATE,OK,VISUAL_INERTIAL
2849,1761213161795,68.44604760408401,-83.52234214544296,129.65470552444458,0.048191916197538376,0.09694024175405502,0.013363366015255451,100,OK,MAP_UPDATE,OK,VISUAL_INERTIAL
2850,1761213161812,76.28045976161957,-81.60337805747986,131.0216635465622,0.05085616558790207,0.09560879319906235,0.012098560109734535,100,OK,MAP_UPDATE,OK,VISUAL_INERTIAL
2851,1761213161828,84.06379073858261,-79.64511960744858,132.29486346244812,0.053353216499090195,0.09302280098199844,0.011117998510599136,100,OK,MAP_UPDATE,OK,VISUAL_INERTIAL
2852,1761213161845,91.7234718799591,-77.85949856042862,133.48592817783356,0.05573142692446709,0.0900091603398323,0.010549385100603104,100,OK,MAP_UPDATE,OK,VISUAL_INERTIAL
2853,1761213161862,98.75094890594482,-76.30732655525208,134.52856242656708,0.05774248018860817,0.08757974207401276,0.010285651311278343,100,OK,MAP_UPDATE,OK,VISUAL_INERTIAL
2854,1761213161878,105.37644475698471,-74.94495064020157,135.49363613128662,0.05923650041222572,0.0862550139427185,0.010462701320648193,100,OK,MAP_UPDATE,OK,VISUAL_INERTIAL
2855,1761213161895,111.8817925453186,-73.7612396478653,136.34324073791504,0.060379914939403534,0.08526812493801117,0.011001906357705593,100,OK,MAP_UPDATE,OK,VISUAL_INERTIAL
2856,1761213161912,118.54765564203262,-72.70302623510361,137.0188295841217,0.06141072139143944,0.08241461217403412,0.01204779651015997,100,OK,MAP_UPDATE,OK,VISUAL_INERTIAL
2857,1761213161928,125.37848949432373,-71.6141015291214,137.5488042831421,0.06226257607340813,0.07810990512371063,0.013309982605278492,100,OK,MAP_UPDATE,OK,VISUAL_INERTIAL
2858,1761213161945,131.38531148433685,-70.78719139099121,138.18036019802094,0.06293021142482758,0.07420554012060165,0.014699231833219528,100,OK,MAP_UPDATE,OK,VISUAL_INERTIAL
2859,1761213161962,137.01127469539642,-69.9465200304985,138.61525058746338,0.06310878694057465,0.07146085798740387,0.016116108745336533,100,OK,MAP_UPDATE,OK,VISUAL_INERTIAL
2860,1761213161979,142.60567724704742,-69.04888153076172,138.9245241880417,0.06294210255146027,0.06923360377550125,0.017461558803915977,100,OK,MAP_UPDATE,OK,VISUAL_INERTIAL
2861,1761213161995,148.4660655260086,-68.23786348104477,139.0889585018158,0.06282705813646317,0.06553026288747787,0.018824661150574684,100,OK,MAP_UPDATE,OK,VISUAL_INERTIAL
2862,1761213162012,154.27088737487793,-67.3707127571106,139.29647207260132,0.06285034865140915,0.06129165366292,0.020044228062033653,100,OK,MAP_UPDATE,OK,VISUAL_INERTIAL
2863,1761213162028,159.51263904571533,-66.73036515712738,139.3267810344696,0.06305450946092606,0.058525726199150085,0.021045172587037086,100,OK,MAP_UPDATE,OK,VISUAL_INERTIAL
2864,1761213162045,164.46688771247864,-66.06724113225937,139.41754400730133,0.06311313062906265,0.05692341923713684,0.021811306476593018,100,OK,MAP_UPDATE,OK,VISUAL_INERTIAL
2865,1761213162062,169.5248782634735,-65.19678980112076,139.5539939403534,0.0628017708659172,0.05463898181915283,0.022411523386836052,100,OK,MAP_UPDATE,OK,VISUAL_INERTIAL
2866,1761213162078,174.61466789245605,-64.49554860591888,139.4982635974884,0.06241535022854805,0.05062832310795784,0.022881923243403435,100,OK,MAP_UPDATE,OK,VISUAL_INERTIAL
2867,1761213162095,179.7107458114624,-63.63151967525482,139.33736085891724,0.06169178709387779,0.04506609961390495,0.02316497080028057,100,OK,MAP_UPDATE,OK,VISUAL_INERTIAL
2868,1761213162112,184.3150556087494,-62.80210614204407,139.05200362205505,0.060820382088422775,0.03895474225282669,0.023264462128281593,100,OK,MAP_UPDATE,OK,VISUAL_INERTIAL
2869,1761213162128,187.88045644760132,-61.98839470744133,138.5079026222229,0.05974024906754494,0.033833444118499756,0.02295229770243168,100,OK,MAP_UPDATE,OK,VISUAL_INERTIAL
2870,1761213162145,190.38866460323334,-61.56639754772186,137.7759724855423,0.05836372449994087,0.031934745609760284,0.02264981158077717,100,OK,MAP_UPDATE,OK,VISUAL_INERTIAL
2871,1761213162162,192.29474663734436,-61.4037811756134,137.00763881206512,0.05657114461064339,0.031583018600940704,0.02256346493959427,100,OK,MAP_UPDATE,OK,VISUAL_INERTIAL
2872,1761213162178,194.6118175983429,-61.490654945373535,135.97147166728973,0.05446208268404007,0.028555825352668762,0.02281169965863228,100,OK,MAP_UPDATE,OK,VISUAL_INERTIAL
2873,1761213162195,196.49243354797363,-61.696045100688934,135.0325495004654,0.05216966196894646,0.021984489634633064,0.023353375494480133,100,OK,MAP_UPDATE,OK,VISUAL_INERTIAL
2874,1761213162212,198.3102411031723,-61.81688606739044,133.5809826850891,0.04972366988658905,0.01578301191329956,0.023977993056178093,100,OK,MAP_UPDATE,OK,VISUAL_INERTIAL
2875,1761213162228,198.50030541419983,-62.07288056612015,132.01333582401276,0.047328099608421326,0.013002959080040455,0.02472763881087303,100,OK,MAP_UPDATE,OK,VISUAL_INERTIAL
2876,1761213162245,198.02461564540863,-62.13441491127014,130.33922016620636,0.04471411928534508,0.01290586031973362,0.025496574118733406,100,OK,MAP_UPDATE,OK,VISUAL_INERTIAL
2877,1761213162262,197.29560613632202,-62.52795457839966,128.6826729774475,0.04214753210544586,0.01282014325261116,0.02655794844031334,100,OK,MAP_UPDATE,OK,VISUAL_INERTIAL
2878,1761213162278,196.3770091533661,-63.08528035879135,127.04119086265564,0.03955160826444626,0.011967153288424015,0.02779228799045086,100,OK,MAP_UPDATE,OK,VISUAL_INERTIAL
2879,1761213162295,195.3401267528534,-63.50194662809372,125.45089423656464,0.03693399205803871,0.010638024657964706,0.02894953452050686,100,OK,MAP_UPDATE,OK,VISUAL_INERTIAL
2880,1761213162312,193.88516247272491,-63.82252275943756,123.82125109434128,0.03446446359157562,0.009499035775661469,0.0298195481300354,100,OK,MAP_UPDATE,OK,VISUAL_INERTIAL
2881,1761213162328,191.99471175670624,-64.03663754463196,122.13100492954254,0.03212801367044449,0.008915986865758896,0.030410340055823326,100,OK,MAP_UPDATE,OK,VISUAL_INERTIAL
2882,1761213162345,189.59151208400726,-64.40102308988571,120.51387131214142,0.030194878578186035,0.009329658932983875,0.0308421328663826,100,OK,MAP_UPDATE,OK,VISUAL_INERTIAL
2883,1761213162362,186.86385452747345,-64.79782611131668,118.93482506275177,0.02855711802840233,0.00915219821035862,0.031221311539411545,100,OK,MAP_UPDATE,OK,VISUAL_INERTIAL
2884,1761213162379,184.26445126533508,-65.14300405979156,117.54946410655975,0.02727033942937851,0.007023541256785393,0.031414683908224106,100,OK,MAP_UPDATE,OK,VISUAL_INERTIAL
2885,1761213162395,181.51913583278656,-65.50078094005585,116.37966334819794,0.026295006275177002,0.004366025794297457,0.03131747245788574,100,OK,MAP_UPDATE,OK,VISUAL_INERTIAL
2886,1761213162412,178.05901169776917,-66.03068113327026,115.12715369462967,0.02552769146859646,0.0030722678638994694,0.03080393373966217,100,OK,MAP_UPDATE,OK,VISUAL_INERTIAL
2887,1761213162428,173.4595000743866,-66.81561470031738,113.83296549320221,0.024668777361512184,0.005006720777601004,0.029846670106053352,100,OK,MAP_UPDATE,OK,VISUAL_INERTIAL
2888,1761213162445,168.71488094329834,-67.71806627511978,112.54649609327316,0.023692401126027107,0.007640540599822998,0.028558729216456413,100,OK,MAP_UPDATE,OK,VISUAL_INERTIAL
2889,1761213162462,164.1021966934204,-68.38172674179077,111.3937646150589,0.02253313548862934,0.008515313267707825,0.026923203840851784,100,OK,MAP_UPDATE,OK,VISUAL_INERTIAL
2890,1761213162478,160.08661687374115,-68.78704577684402,110.34654825925827,0.02139662206172943,0.007490695919841528,0.02498355321586132,100,OK,MAP_UPDATE,OK,VISUAL_INERTIAL
2891,1761213162495,155.87234497070312,-69.06655430793762,109.25870388746262,0.02050027996301651,0.00529550202190876,0.02287585288286209,100,OK,MAP_UPDATE,OK,VISUAL_INERTIAL
2892,1761213162512,150.44169127941132,-69.28602606058121,108.13507437705994,0.019749894738197327,0.005832306575030088,0.020792964845895767,100,OK,MAP_UPDATE,OK,VISUAL_INERTIAL
2893,1761213162528,143.73572170734406,-69.7362944483757,106.81818425655365,0.01914743147790432,0.010905622504651546,0.018747631460428238,100,OK,MAP_UPDATE,OK,VISUAL_INERTIAL
2894,1761213162545,136.56751811504364,-70.33652067184448,105.6697741150856,0.018526561558246613,0.018140168860554695,0.01671331562101841,100,OK,MAP_UPDATE,OK,VISUAL_INERTIAL
2895,1761213162562,129.83454763889313,-70.87299972772598,104.80275005102158,0.017797119915485382,0.02467910200357437,0.014775817282497883,100,OK,MAP_UPDATE,OK,VISUAL_INERTIAL
2896,1761213162578,123.55973571538925,-71.9340592622757,103.96132618188858,0.0175199955701828,0.027610890567302704,0.013115837238729,100,OK,MAP_UPDATE,OK,VISUAL_INERTIAL
2897,1761213162595,117.90194362401962,-72.17186689376831,103.44958305358887,0.017123626545071602,0.02638085000216961,0.011602086015045643,100,OK,MAP_UPDATE,OK,VISUAL_INERTIAL
2898,1761213162612,111.51927709579468,-72.35371321439743,102.78347879648209,0.017283665016293526,0.024484338238835335,0.010218545794487,100,OK,MAP_UPDATE,OK,VISUAL_INERTIAL
2899,1761213162628,103.65191102027893,-72.6039856672287,101.95637494325638,0.01783587597310543,0.025950385257601738,0.008768578059971333,100,OK,MAP_UPDATE,OK,VISUAL_INERTIAL
2900,1761213162645,95.03526240587234,-73.03372770547867,101.18477791547775,0.018551096320152283,0.029934927821159363,0.007009397726505995,100,OK,MAP_UPDATE,OK,VISUAL_INERTIAL
2901,1761213162662,86.77204698324203,-73.4986960887909,100.52641481161118,0.01911330781877041,0.033645424991846085,0.005100459326058626,100,OK,MAP_UPDATE,OK,VISUAL_INERTIAL
2902,1761213162678,79.02262359857559,-73.90353083610535,100.11973232030869,0.019521212205290794,0.03475334122776985,0.0032360050827264786,100,OK,MAP_UPDATE,OK,VISUAL_INERTIAL
2903,1761213162695,71.56571000814438,-74.24483448266983,99.76540505886078,0.020126141607761383,0.032989367842674255,0.0014249093364924192,100,OK,MAP_UPDATE,OK,VISUAL_INERTIAL
2904,1761213162712,63.49467486143112,-74.50686395168304,99.32177513837814,0.02124009095132351,0.03225398063659668,-0.0004185682919342071,100,OK,MAP_UPDATE,OK,VISUAL_INERTIAL
2905,1761213162728,53.88390272855759,-74.19545948505402,99.11751747131348,0.02233072742819786,0.036148540675640106,-0.0021354565396904945,100,OK,MAP_UPDATE,OK,VISUAL_INERTIAL
2906,1761213162745,44.919367879629135,-75.00720024108887,98.99842739105225,0.024541135877370834,0.04296829551458359,-0.004077416379004717,100,OK,MAP_UPDATE,OK,VISUAL_INERTIAL
2907,1761213162762,35.51587462425232,-75.27133077383041,99.02984648942947,0.026316337287425995,0.04930770397186279,-0.005711667705327272,100,OK,MAP_UPDATE,OK,VISUAL_INERTIAL
2908,1761213162778,26.70386992394924,-75.48843324184418,99.19524937868118,0.028004029765725136,0.053918007761240005,-0.007127539720386267,100,OK,MAP_UPDATE,OK,VISUAL_INERTIAL
2909,1761213162795,17.957672476768494,-75.77033340930939,99.45366531610489,0.0297563374042511,0.05595378205180168,-0.00827326625585556,100,OK,MAP_UPDATE,OK,VISUAL_INERTIAL
2910,1761213162812,8.941990323364735,-75.8608728647232,99.65966641902924,0.03154667466878891,0.05820033326745033,-0.009300416335463524,100,OK,MAP_UPDATE,OK,VISUAL_INERTIAL
2911,1761213162829,-1.2044215109199286,-75.59839636087418,100.12236982584,0.03325977921485901,0.06283194571733475,-0.01011564489454031,100,OK,MAP_UPDATE,OK,VISUAL_INERTIAL
2912,1761213162845,-10.866397991776466,-76.3186514377594,99.89786893129349,0.03563018888235092,0.07076461613178253,-0.010786672122776508,100,OK,MAP_UPDATE,OK,VISUAL_INERTIAL
2913,1761213162862,-20.80986090004444,-76.41042023897171,100.41191428899765,0.03736485540866852,0.07852008193731308,-0.010951993986964226,100,OK,MAP_UPDATE,OK,VISUAL_INERTIAL
2914,1761213162878,-30.85927665233612,-76.7529234290123,100.95503181219101,0.039139002561569214,0.0854664072394371,-0.010725698433816433,100,OK,MAP_UPDATE,OK,VISUAL_INERTIAL
2915,1761213162895,-40.22032767534256,-76.93515717983246,101.33156180381775,0.04080658778548241,0.09121855348348618,-0.010186098515987396,100,OK,MAP_UPDATE,OK,VISUAL_INERTIAL
2916,1761213162912,-49.55439642071724,-76.92884653806686,101.82390362024307,0.042405251413583755,0.09464232623577118,-0.009408545680344105,100,OK,MAP_UPDATE,OK,VISUAL_INERTIAL
2917,1761213162928,-59.35654789209366,-76.73948258161545,102.4160236120224,0.04393094778060913,0.09890308231115341,-0.008347352035343647,100,OK,MAP_UPDATE,OK,VISUAL_INERTIAL
2918,1761213162945,-70.10379433631897,-77.20360904932022,102.69233584403992,0.045914292335510254,0.10497000813484192,-0.007248938083648682,100,OK,MAP_UPDATE,OK,VISUAL_INERTIAL
2919,1761213162962,-81.0268223285675,-77.3809552192688,103.33508998155594,0.04756293445825577,0.11067436635494232,-0.006147426553070545,100,OK,MAP_UPDATE,OK,VISUAL_INERTIAL
2920,1761213162978,-91.6212648153305,-77.424556016922,103.94681245088577,0.0488668717443943,0.11525284498929977,-0.005021741148084402,100,OK,MAP_UPDATE,OK,VISUAL_INERTIAL
2921,1761213162995,-101.67098790407181,-77.48870551586151,104.68696057796478,0.050353143364191055,0.11851342022418976,-0.004175981506705284,100,OK,MAP_UPDATE,OK,VISUAL_INERTIAL
2922,1761213163012,-111.70864850282669,-77.38013565540314,105.52719980478287,0.05207139626145363,0.12170954793691635,-0.003691081190481782,100,OK,MAP_UPDATE,OK,VISUAL_INERTIAL
2923,1761213163028,-122.38647043704987,-76.99722051620483,106.86811059713364,0.05374664440751076,0.12845252454280853,-0.0033653941936790943,100,OK,MAP_UPDATE,OK,VISUAL_INERTIAL
2924,1761213163045,-132.5715333223343,-77.17112451791763,107.55112022161484,0.05578901618719101,0.13895289599895477,-0.0034068215172737837,100,OK,MAP_UPDATE,OK,VISUAL_INERTIAL
2925,1761213163062,-142.10902154445648,-77.06713676452637,108.7501049041748,0.057594865560531616,0.1479526162147522,-0.0033138792496174574,100,OK,MAP_UPDATE,OK,VISUAL_INERTIAL
2926,1761213163078,-150.99745988845825,-77.05697417259216,109.89619046449661,0.059524908661842346,0.1555895358324051,-0.0033233575522899628,100,OK,MAP_UPDATE,OK,VISUAL_INERTIAL
2927,1761213163095,-160.20265221595764,-76.9154503941536,110.90648174285889,0.06135602295398712,0.16371025145053864,-0.0036611503455787897,100,OK,MAP_UPDATE,OK,VISUAL_INERTIAL
2928,1761213163112,-169.39759254455566,-77.0479291677475,111.58324778079987,0.0631525069475174,0.17184141278266907,-0.004181009717285633,100,OK,MAP_UPDATE,OK,VISUAL_INERTIAL
2929,1761213163128,-178.29860746860504,-76.93685591220856,112.17023432254791,0.0645257979631424,0.17909927666187286,-0.004887019749730825,100,OK,MAP_UPDATE,OK,VISUAL_INERTIAL
2930,1761213163145,-187.26928532123566,-76.89385116100311,113.01746219396591,0.06572172790765762,0.1875859946012497,-0.005563303828239441,100,OK,MAP_UPDATE,OK,VISUAL_INERTIAL
2931,1761213163162,-197.3285973072052,-77.23930478096008,113.93880099058151,0.06684362143278122,0.19892564415931702,-0.006184388883411884,100,OK,MAP_UPDATE,OK,VISUAL_INERTIAL
2932,1761213163178,-206.7972719669342,-77.63266563415527,113.46098780632019,0.06727676093578339,0.21290543675422668,-0.006489293649792671,100,OK,MAP_UPDATE,OK,VISUAL_INERTIAL
2933,1761213163195,-215.83083271980286,-77.93055474758148,113.72613161802292,0.06721961498260498,0.22500920295715332,-0.006608206313103437,100,OK,MAP_UPDATE,OK,VISUAL_INERTIAL
2934,1761213163212,-224.30531680583954,-78.25180143117905,113.5072335600853,0.06686423718929291,0.2350335270166397,-0.006544707342982292,100,OK,MAP_UPDATE,OK,VISUAL_INERTIAL
2935,1761213163228,-232.96859860420227,-78.4197598695755,113.55367302894592,0.06599140167236328,0.24335743486881256,-0.006303154397755861,100,OK,MAP_UPDATE,OK,VISUAL_INERTIAL
2936,1761213163245,-241.79178476333618,-78.41883599758148,113.14921081066132,0.06468261033296585,0.2525767385959625,-0.005838797893375158,100,OK,MAP_UPDATE,OK,VISUAL_INERTIAL
2937,1761213163262,-250.98556280136108,-78.27794551849365,112.29966580867767,0.06291044503450394,0.26444926857948303,-0.005179783329367638,100,OK,MAP_UPDATE,OK,VISUAL_INERTIAL
2938,1761213163278,-260.13466715812683,-78.44733446836472,111.18947714567184,0.06078379601240158,0.27685073018074036,-0.004401683807373047,100,OK,MAP_UPDATE,OK,VISUAL_INERTIAL
2939,1761213163295,-268.28938722610474,-78.25466245412827,110.1313903927803,0.05793582648038864,0.2872541844844818,-0.003410852514207363,100,OK,MAP_UPDATE,OK,VISUAL_INERTIAL
2940,1761213163312,-276.2468457221985,-78.15571129322052,108.6484044790268,0.055059127509593964,0.29592713713645935,-0.002291379263624549,100,OK,MAP_UPDATE,OK,VISUAL_INERTIAL
2941,1761213163328,-284.5526933670044,-78.2100111246109,106.96741938591003,0.05205792933702469,0.3049626052379608,-0.0009157881722785532,100,OK,MAP_UPDATE,OK,VISUAL_INERTIAL
2942,1761213163345,-292.65058040618896,-78.35020124912262,105.5992916226387,0.04903654381632805,0.3138779401779175,0.0005828745779581368,100,OK,MAP_UPDATE,OK,VISUAL_INERTIAL
2943,1761213163362,-300.92087388038635,-78.53081077337265,104.06643152236938,0.045965828001499176,0.3244144022464752,0.0019973539747297764,100,OK,MAP_UPDATE,OK,VISUAL_INERTIAL
2944,1761213163378,-308.8286817073822,-78.8005143404007,102.85178571939468,0.04317283630371094,0.3354537785053253,0.0034320168197155,100,OK,MAP_UPDATE,OK,VISUAL_INERTIAL
2945,1761213163395,-316.4115250110626,-79.08131182193756,101.59882158041,0.04059554636478424,0.3441382944583893,0.00479775620624423,100,OK,MAP_UPDATE,OK,VISUAL_INERTIAL
2946,1761213163412,-323.3644664287567,-79.26107197999954,100.02683848142624,0.038251325488090515,0.35120758414268494,0.006130616180598736,100,OK,MAP_UPDATE,OK,VISUAL_INERTIAL
2947,1761213163428,-330.4328918457031,-79.4249176979065,98.90344738960266,0.03614022582769394,0.35951846837997437,0.007480686996132135,100,OK,MAP_UPDATE,OK,VISUAL_INERTIAL
2948,1761213163445,-337.39686012268066,-79.55220341682434,97.80196100473404,0.03409908339381218,0.36915338039398193,0.008939960971474648,100,OK,MAP_UPDATE,OK,VISUAL_INERTIAL
2949,1761213163462,-344.11075711250305,-79.59830015897751,96.97765856981277,0.03191669285297394,0.3799745738506317,0.010280231945216656,100,OK,MAP_UPDATE,OK,VISUAL_INERTIAL
2950,1761213163479,-350.3026068210602,-79.84180748462677,96.2190255522728,0.02978847548365593,0.3902175724506378,0.011791695840656757,100,OK,MAP_UPDATE,OK,VISUAL_INERTIAL
2951,1761213163495,-355.6109368801117,-80.24091273546219,95.52828967571259,0.027845386415719986,0.3973330557346344,0.013283268548548222,100,OK,MAP_UPDATE,OK,VISUAL_INERTIAL
2952,1761213163512,-360.6439232826233,-80.52761852741241,94.79311853647232,0.025952352210879326,0.4028281271457672,0.014830190688371658,100,OK,MAP_UPDATE,OK,VISUAL_INERTIAL
2953,1761213163528,-365.8471405506134,-80.96864819526672,94.23989057540894,0.02439836598932743,0.4089299738407135,0.016544435173273087,100,OK,MAP_UPDATE,OK,VISUAL_INERTIAL
2954,1761213163545,-370.9664046764374,-81.57125115394592,93.79800409078598,0.023274006322026253,0.41655972599983215,0.018496181815862656,100,OK,MAP_UPDATE,OK,VISUAL_INERTIAL
2955,1761213163562,-375.752717256546,-82.1477621793747,93.89390051364899,0.02218630723655224,0.4246436655521393,0.020424554124474525,100,OK,MAP_UPDATE,OK,VISUAL_INERTIAL
2956,1761213163578,-379.8243999481201,-82.54488557577133,93.86824071407318,0.02118617482483387,0.43060973286628723,0.022293584421277046,100,OK,MAP_UPDATE,OK,VISUAL_INERTIAL
2957,1761213163595,-383.07562470436096,-83.048515021801,93.73969584703445,0.020504062995314598,0.43316277861595154,0.024164745584130287,100,OK,MAP_UPDATE,OK,VISUAL_INERTIAL
2958,1761213163612,-386.17008924484253,-83.70764553546906,93.54870766401291,0.02016911283135414,0.4330277144908905,0.026245279237627983,100,OK,MAP_UPDATE,OK,VISUAL_INERTIAL
2959,1761213163628,-389.25808668136597,-84.39822494983673,93.617744743824,0.01990112103521824,0.4338134825229645,0.02848839946091175,100,OK,MAP_UPDATE,OK,VISUAL_INERTIAL
2960,1761213163645,-392.3153877258301,-85.15798300504684,93.88137608766556,0.019499175250530243,0.43691039085388184,0.030748767778277397,100,OK,MAP_UPDATE,OK,VISUAL_INERTIAL
2961,1761213163662,-394.93852853775024,-85.85843443870544,94.18871998786926,0.01875881478190422,0.4412700831890106,0.03283737227320671,100,OK,MAP_UPDATE,OK,VISUAL_INERTIAL
2962,1761213163678,-396.6832458972931,-86.49617433547974,94.37019377946854,0.017645681276917458,0.44431445002555847,0.034837450832128525,100,OK,MAP_UPDATE,OK,VISUAL_INERTIAL
2963,1761213163695,-397.5268006324768,-87.1054157614708,94.27204728126526,0.01636035367846489,0.4441918134689331,0.036881692707538605,100,OK,MAP_UPDATE,OK,VISUAL_INERTIAL
2964,1761213163712,-397.9310989379883,-87.69969642162323,93.90312433242798,0.014975053258240223,0.44177159667015076,0.039172571152448654,100,OK,MAP_UPDATE,OK,VISUAL_INERTIAL
2965,1761213163728,-398.2878029346466,-88.19729834794998,93.53895485401154,0.013573023490607738,0.4399566054344177,0.0416078045964241,100,OK,MAP_UPDATE,OK,VISUAL_INERTIAL
2966,1761213163745,-398.5997438430786,-88.79901468753815,93.18768978118896,0.012076422572135925,0.4400728940963745,0.04418738931417465,100,OK,MAP_UPDATE,OK,VISUAL_INERTIAL
2967,1761213163762,-398.65240454673767,-89.50667083263397,92.74715185165405,0.010299554094672203,0.4421739876270294,0.04676959291100502,100,OK,MAP_UPDATE,OK,VISUAL_INERTIAL
2968,1761213163778,-397.7000415325165,-90.08801728487015,92.06809103488922,0.00800351519137621,0.4424648880958557,0.04931504279375076,100,OK,MAP_UPDATE,OK,VISUAL_INERTIAL
2969,1761213163795,-395.6094980239868,-90.54795652627945,91.00378304719925,0.005554440896958113,0.43780606985092163,0.05181083083152771,100,OK,MAP_UPDATE,OK,VISUAL_INERTIAL
2970,1761213163812,-393.1715786457062,-90.81412851810455,89.67841416597366,0.0033213202841579914,0.4303438663482666,0.05418809875845909,100,OK,MAP_UPDATE,OK,VISUAL_INERTIAL
2971,1761213163828,-390.56456089019775,-90.90812504291534,88.3873999118805,0.001519409823231399,0.4230571687221527,0.056432049721479416,100,OK,MAP_UPDATE,OK,VISUAL_INERTIAL
2972,1761213163845,-388.23795318603516,-91.0286083817482,87.37598359584808,6.695475894957781e-05,0.4181631803512573,0.05860380083322525,100,OK,MAP_UPDATE,OK,VISUAL_INERTIAL
2973,1761213163862,-385.62577962875366,-90.99572151899338,86.54336631298065,-0.0013364083133637905,0.41501912474632263,0.060735445469617844,100,OK,MAP_UPDATE,OK,VISUAL_INERTIAL
2974,1761213163878,-382.3634088039398,-90.88349342346191,85.6299176812172,-0.0026700447779148817,0.41060152649879456,0.0628066137433052,100,OK,MAP_UPDATE,OK,VISUAL_INERTIAL
2975,1761213163895,-378.3707022666931,-90.72218090295792,84.52914655208588,-0.003677637781947851,0.40325984358787537,0.06497211754322052,100,OK,MAP_UPDATE,OK,VISUAL_INERTIAL
2976,1761213163912,-374.07389283180237,-90.29603749513626,83.50159972906113,-0.004264949820935726,0.39448943734169006,0.06713805347681046,100,OK,MAP_UPDATE,OK,VISUAL_INERTIAL
2977,1761213163928,-369.9124753475189,-89.71922844648361,82.61047303676605,-0.0044475761242210865,0.38637691736221313,0.0692657008767128,100,OK,MAP_UPDATE,OK,VISUAL_INERTIAL
2978,1761213163945,-365.7468557357788,-88.95811438560486,82.0067897439003,-0.004449597094208002,0.37975263595581055,0.07142221927642822,100,OK,MAP_UPDATE,OK,VISUAL_INERTIAL
2979,1761213163962,-361.592173576355,-88.24711292982101,81.61190897226334,-0.00445262948051095,0.37428146600723267,0.0736372172832489,100,OK,MAP_UPDATE,OK,VISUAL_INERTIAL
2980,1761213163979,-357.1130633354187,-87.47410774230957,81.33802562952042,-0.004612866789102554,0.36932286620140076,0.07586193829774857,100,OK,MAP_UPDATE,OK,VISUAL_INERTIAL
2981,1761213163995,-352.3078262805939,-86.63278073072433,80.9556245803833,-0.004719958174973726,0.3625252842903137,0.07815588265657425,100,OK,MAP_UPDATE,OK,VISUAL_INERTIAL
2982,1761213164012,-346.95613384246826,-85.6124609708786,80.31371235847473,-0.004623108543455601,0.353153258562088,0.08066253364086151,100,OK,MAP_UPDATE,OK,VISUAL_INERTIAL
2983,1761213164028,-341.82241559028625,-84.52635258436203,79.85256612300873,-0.004502285271883011,0.34341609477996826,0.08331209421157837,100,OK,MAP_UPDATE,OK,VISUAL_INERTIAL
2984,1761213164045,-336.8759751319885,-83.51273089647293,79.62124049663544,-0.0044966768473386765,0.33454713225364685,0.0860917791724205,100,OK,MAP_UPDATE,OK,VISUAL_INERTIAL
2985,1761213164062,-332.20842480659485,-82.56901055574417,79.43890988826752,-0.004869763273745775,0.32712745666503906,0.08889129012823105,100,OK,MAP_UPDATE,OK,VISUAL_INERTIAL
2986,1761213164079,-327.6360332965851,-81.58712089061737,79.37153428792953,-0.005726126488298178,0.3223204016685486,0.09141064435243607,100,OK,MAP_UPDATE,OK,VISUAL_INERTIAL
2987,1761213164095,-322.42706418037415,-80.46450465917587,78.84059846401215,-0.006871439050883055,0.3178485631942749,0.0934114009141922,100,OK,MAP_UPDATE,OK,VISUAL_INERTIAL
2988,1761213164112,-316.40762090682983,-79.18681204319,78.0685693025589,-0.007928279228508472,0.3105306029319763,0.09502526372671127,100,OK,MAP_UPDATE,OK,VISUAL_INERTIAL
2989,1761213164128,-310.30914187431335,-77.98202335834503,77.13773101568222,-0.008911719545722008,0.30176493525505066,0.09642850607633591,100,OK,MAP_UPDATE,OK,VISUAL_INERTIAL
2990,1761213164145,-304.55389618873596,-76.88352465629578,76.19496434926987,-0.01013029646128416,0.29405689239501953,0.09780329465866089,100,OK,MAP_UPDATE,OK,VISUAL_INERTIAL
2991,1761213164162,-299.1114854812622,-76.15712285041809,75.03440976142883,-0.01142695639282465,0.2879575788974762,0.0989237055182457,100,OK,MAP_UPDATE,OK,VISUAL_INERTIAL
2992,1761213164178,-293.08339953422546,-75.28915256261826,73.74508678913116,-0.013100721873342991,0.28190678358078003,0.09965096414089203,100,OK,MAP_UPDATE,OK,VISUAL_INERTIAL
2993,1761213164195,-286.5740656852722,-74.3507370352745,72.35167175531387,-0.014907450415194035,0.2748887240886688,0.09990501403808594,100,OK,MAP_UPDATE,OK,VISUAL_INERTIAL
2994,1761213164212,-279.73291277885437,-73.67736101150513,70.92146575450897,-0.016280638054013252,0.26549988985061646,0.09971478581428528,100,OK,MAP_UPDATE,OK,VISUAL_INERTIAL
2995,1761213164228,-272.75550365448,-73.07521998882294,69.26126033067703,-0.017423510551452637,0.25582244992256165,0.09927389770746231,100,OK,MAP_UPDATE,OK,VISUAL_INERTIAL
2996,1761213164245,-265.9291923046112,-72.54187017679214,67.84934550523758,-0.01840832829475403,0.24755185842514038,0.09867092221975327,100,OK,MAP_UPDATE,OK,VISUAL_INERTIAL
2997,1761213164262,-259.2233717441559,-71.8865767121315,66.64908677339554,-0.019261810928583145,0.23999473452568054,0.09789461642503738,100,OK,MAP_UPDATE,OK,VISUAL_INERTIAL
2998,1761213164278,-252.31832265853882,-71.20880484580994,65.57141244411469,-0.019845368340611458,0.23220528662204742,0.09680609405040741,100,OK,MAP_UPDATE,OK,VISUAL_INERTIAL
2999,1761213164295,-245.09917199611664,-70.62359154224396,64.62296098470688,-0.01998973824083805,0.22438929975032806,0.09516523778438568,100,OK,MAP_UPDATE,OK,VISUAL_INERTIAL
3000,1761213164312,-237.6539707183838,-70.02579420804977,63.77652287483215,-0.01999928429722786,0.21709737181663513,0.09313622117042542,100,OK,MAP_UPDATE,OK,VISUAL_INERTIAL
3001,1761213164328,-230.4631918668747,-69.40668821334839,63.12193721532822,-0.019935380667448044,0.2106473594903946,0.09076029062271118,100,OK,MAP_UPDATE,OK,VISUAL_INERTIAL
3002,1761213164345,-223.2421338558197,-68.98722052574158,62.69500404596329,-0.0195174403488636,0.20458732545375824,0.08803562819957733,100,OK,MAP_UPDATE,OK,VISUAL_INERTIAL
3003,1761213164362,-215.86719155311584,-68.46098601818085,62.417469918727875,-0.018888702616095543,0.19878825545310974,0.0851365327835083,100,OK,MAP_UPDATE,OK,VISUAL_INERTIAL
3004,1761213164378,-208.32698047161102,-68.1518092751503,62.11957708001137,-0.01788252778351307,0.192690908908844,0.0821247324347496,100,OK,MAP_UPDATE,OK,VISUAL_INERTIAL
3005,1761213164395,-200.7826268672943,-67.75756925344467,61.98877468705177,-0.016981668770313263,0.18683099746704102,0.07884660363197327,100,OK,MAP_UPDATE,OK,VISUAL_INERTIAL
3006,1761213164412,-193.32338869571686,-67.36508011817932,61.959851533174515,-0.01623162254691124,0.18155911564826965,0.07535624504089355,100,OK,MAP_UPDATE,OK,VISUAL_INERTIAL
3007,1761213164428,-186.02685630321503,-66.8429285287857,61.884138733148575,-0.015732157975435257,0.17673234641551971,0.0718579962849617,100,OK,MAP_UPDATE,OK,VISUAL_INERTIAL
3008,1761213164445,-178.9472997188568,-65.98446518182755,61.84237077832222,-0.015613061375916004,0.1723724752664566,0.06847905367612839,100,OK,MAP_UPDATE,OK,VISUAL_INERTIAL
3009,1761213164462,-171.9760149717331,-64.97565656900406,61.79601326584816,-0.015646042302250862,0.1683659553527832,0.065202496945858,100,OK,MAP_UPDATE,OK,VISUAL_INERTIAL
3010,1761213164478,-165.15380144119263,-63.92739713191986,61.753951013088226,-0.015723055228590965,0.16418640315532684,0.06209408864378929,100,OK,MAP_UPDATE,OK,VISUAL_INERTIAL
3011,1761213164495,-158.40530395507812,-62.67869472503662,61.59813329577446,-0.0159439817070961,0.1596878618001938,0.059052545577287674,100,OK,MAP_UPDATE,OK,VISUAL_INERTIAL
3012,1761213164512,-152.0477682352066,-61.51267513632774,61.38687580823898,-0.01626341976225376,0.15546880662441254,0.05615980923175812,100,OK,MAP_UPDATE,OK,VISUAL_INERTIAL
3013,1761213164528,-146.11177146434784,-60.463376343250275,61.129406094551086,-0.01678675226867199,0.1522686928510666,0.0533888079226017,100,OK,MAP_UPDATE,OK,VISUAL_INERTIAL
3014,1761213164545,-140.20176231861115,-59.4368539750576,60.961104929447174,-0.017427857965230942,0.1485060751438141,0.05074852705001831,100,OK,MAP_UPDATE,OK,VISUAL_INERTIAL
3015,1761213164562,-134.4609260559082,-58.49316716194153,60.761239379644394,-0.01812894269824028,0.14423899352550507,0.04829450696706772,100,OK,MAP_UPDATE,OK,VISUAL_INERTIAL
3016,1761213164578,-129.0721595287323,-57.49454349279404,60.56525558233261,-0.018994726240634918,0.14140118658542633,0.045966438949108124,100,OK,MAP_UPDATE,OK,VISUAL_INERTIAL
3017,1761213164595,-124.09278005361557,-56.63181096315384,60.4364387691021,-0.01974712312221527,0.13945767283439636,0.04385599493980408,100,OK,MAP_UPDATE,OK,VISUAL_INERTIAL
3018,1761213164612,-119.47844177484512,-55.98526448011398,60.40481850504875,-0.02016998641192913,0.13762211799621582,0.04198390990495682,100,OK,MAP_UPDATE,OK,VISUAL_INERTIAL
3019,1761213164628,-114.93957042694092,-55.363330990076065,60.5410672724247,-0.020367957651615143,0.13555006682872772,0.04036484286189079,100,OK,MAP_UPDATE,OK,VISUAL_INERTIAL
3020,1761213164645,-110.439233481884,-54.89366874098778,60.71803346276283,-0.020287523046135902,0.13244874775409698,0.03900820389389992,100,OK,MAP_UPDATE,OK,VISUAL_INERTIAL
3021,1761213164662,-106.17372393608093,-54.486408829689026,60.92571094632149,-0.020022425800561905,0.12845024466514587,0.03778449073433876,100,OK,MAP_UPDATE,OK,VISUAL_INERTIAL
3022,1761213164678,-102.32685506343842,-54.24301326274872,61.14364042878151,-0.019635705277323723,0.12521299719810486,0.03648180887103081,100,OK,MAP_UPDATE,OK,VISUAL_INERTIAL
3023,1761213164695,-98.87991845607758,-54.233722388744354,61.522725969552994,-0.019109556451439857,0.1236141249537468,0.03497106209397316,100,OK,MAP_UPDATE,OK,VISUAL_INERTIAL
3024,1761213164712,-95.68962454795837,-54.43158745765686,62.01350316405296,-0.01848558522760868,0.12297823280096054,0.03333099186420441,100,OK,MAP_UPDATE,OK,VISUAL_INERTIAL
3025,1761213164728,-92.41815656423569,-54.52324077486992,62.52681463956833,-0.017816875129938126,0.12195947021245956,0.03160731866955757,100,OK,MAP_UPDATE,OK,VISUAL_INERTIAL
3026,1761213164745,-89.09387141466141,-54.70745265483856,63.064634799957275,-0.017114819958806038,0.12056677043437958,0.029896238818764687,100,OK,MAP_UPDATE,OK,VISUAL_INERTIAL
3027,1761213164762,-85.87302267551422,-54.94467169046402,63.44063580036163,-0.01640463061630726,0.1185237243771553,0.0281674861907959,100,OK,MAP_UPDATE,OK,VISUAL_INERTIAL
3028,1761213164778,-82.71093666553497,-55.308591574430466,63.87103348970413,-0.015672199428081512,0.11709070950746536,0.026440203189849854,100,OK,MAP_UPDATE,OK,VISUAL_INERTIAL
3029,1761213164795,-80.1868885755539,-55.66828325390816,64.21492248773575,-0.015009680762887001,0.11780111491680145,0.024610836058855057,100,OK,MAP_UPDATE,OK,VISUAL_INERTIAL
3030,1761213164812,-77.63689756393433,-55.80001696944237,64.65212255716324,-0.014622022397816181,0.12049970775842667,0.02284618839621544,100,OK,MAP_UPDATE,OK,VISUAL_INERTIAL
3031,1761213164828,-75.08504390716553,-55.96228688955307,65.08331745862961,-0.014088787138462067,0.12307923287153244,0.021202368661761284,100,OK,MAP_UPDATE,OK,VISUAL_INERTIAL
3032,1761213164845,-72.1990093588829,-56.06740713119507,65.56160002946854,-0.013402077369391918,0.1240399032831192,0.019686562940478325,100,OK,MAP_UPDATE,OK,VISUAL_INERTIAL
3033,1761213164862,-69.30997967720032,-56.15657940506935,65.88591635227203,-0.012662936933338642,0.12307832390069962,0.01828933320939541,100,OK,MAP_UPDATE,OK,VISUAL_INERTIAL
3034,1761213164878,-66.82276725769043,-56.23394623398781,66.17749482393265,-0.012015840969979763,0.12195613980293274,0.0168036837130785,100,OK,MAP_UPDATE,OK,VISUAL_INERTIAL
3035,1761213164895,-64.87717479467392,-56.33404105901718,66.4660856127739,-0.011541268788278103,0.12231707572937012,0.01522993016988039,100,OK,MAP_UPDATE,OK,VISUAL_INERTIAL
3036,1761213164912,-63.18937987089157,-56.42814561724663,66.76066666841507,-0.011157427914440632,0.12368099391460419,0.01374566089361906,100,OK,MAP_UPDATE,OK,VISUAL_INERTIAL
3037,1761213164928,-61.675187200307846,-56.54790624976158,67.02056527137756,-0.010770556516945362,0.12484703958034515,0.012610694393515587,100,OK,MAP_UPDATE,OK,VISUAL_INERTIAL
3038,1761213164945,-59.99418348073959,-56.60505220293999,67.24438071250916,-0.010412389412522316,0.12409938871860504,0.011864714324474335,100,OK,MAP_UPDATE,OK,VISUAL_INERTIAL
3039,1761213164962,-58.497581630945206,-56.762922555208206,67.35970824956894,-0.009980990551412106,0.12185706198215485,0.011456125415861607,100,OK,MAP_UPDATE,OK,VISUAL_INERTIAL
3040,1761213164978,-57.41174519062042,-56.84531107544899,67.44002550840378,-0.009695498272776604,0.1202169731259346,0.01112352591007948,100,OK,MAP_UPDATE,OK,VISUAL_INERTIAL
3041,1761213164995,-56.78608641028404,-56.81944638490677,67.50480830669403,-0.009579419158399105,0.1199938952922821,0.010704713873565197,100,OK,MAP_UPDATE,OK,VISUAL_INERTIAL
3042,1761213165012,-56.4240999519825,-56.836288422346115,67.55515933036804,-0.009568534791469574,0.12082768231630325,0.010437719523906708,100,OK,MAP_UPDATE,OK,VISUAL_INERTIAL
3043,1761213165028,-56.03912100195885,-56.79365620017052,67.56211072206497,-0.009691093116998672,0.1216399222612381,0.010400651022791862,100,OK,MAP_UPDATE,OK,VISUAL_INERTIAL
3044,1761213165045,-55.511225014925,-56.61148205399513,67.64335185289383,-0.009877610020339489,0.1218491792678833,0.010582841001451015,100,OK,MAP_UPDATE,OK,VISUAL_INERTIAL
3045,1761213165062,-55.0563707947731,-56.419722735881805,67.64145940542221,-0.009983040392398834,0.12167724967002869,0.010893343016505241,100,OK,MAP_UPDATE,OK,VISUAL_INERTIAL
3046,1761213165078,-54.78677898645401,-56.19240179657936,67.63079762458801,-0.010042584501206875,0.12169545143842697,0.01123017817735672,100,OK,MAP_UPDATE,OK,VISUAL_INERTIAL
3047,1761213165095,-54.613564163446426,-55.924978107213974,67.62849539518356,-0.010145998559892178,0.12173023074865341,0.011669201776385307,100,OK,MAP_UPDATE,OK,VISUAL_INERTIAL
3048,1761213165112,-54.5324943959713,-55.68159744143486,67.67162680625916,-0.010226383805274963,0.1212729811668396,0.012340825982391834,100,OK,MAP_UPDATE,OK,VISUAL_INERTIAL
3049,1761213165128,-54.45849522948265,-55.506035685539246,67.76905059814453,-0.010195962153375149,0.12020555138587952,0.013175150379538536,100,OK,MAP_UPDATE,OK,VISUAL_INERTIAL
3050,1761213165145,-54.52757701277733,-55.398039519786835,67.96521693468094,-0.010028342716395855,0.11928248405456543,0.014069273136556149,100,OK,MAP_UPDATE,OK,VISUAL_INERTIAL
3051,1761213165162,-54.76722866296768,-55.3598627448082,68.1210458278656,-0.009786791168153286,0.11878178268671036,0.01494026929140091,100,OK,MAP_UPDATE,OK,VISUAL_INERTIAL
3052,1761213165178,-55.10745197534561,-55.37884309887886,68.25278699398041,-0.00959489494562149,0.11858627945184708,0.01566438004374504,100,OK,MAP_UPDATE,OK,VISUAL_INERTIAL
3053,1761213165195,-55.42952939867973,-55.41827529668808,68.44688951969147,-0.009563813917338848,0.11919552087783813,0.0162590891122818,100,OK,MAP_UPDATE,OK,VISUAL_INERTIAL
3054,1761213165212,-55.64892664551735,-55.44183775782585,68.60912591218948,-0.00967332348227501,0.12033252418041229,0.01669953018426895,100,OK,MAP_UPDATE,OK,VISUAL_INERTIAL
3055,1761213165228,-55.594176054000854,-55.43503165245056,68.7779039144516,-0.009808686561882496,0.12110796570777893,0.017051937058568,100,OK,MAP_UPDATE,OK,VISUAL_INERTIAL
3056,1761213165245,-55.21562695503235,-55.4703064262867,68.88981908559799,-0.009827584959566593,0.12067918479442596,0.017366938292980194,100,OK,MAP_UPDATE,OK,VISUAL_INERTIAL
3057,1761213165262,-54.82116341590881,-55.524345487356186,68.91859322786331,-0.009722979739308357,0.11966260522603989,0.017639679834246635,100,OK,MAP_UPDATE,OK,VISUAL_INERTIAL
3058,1761213165278,-54.53585460782051,-55.681876838207245,68.96816939115524,-0.009508650749921799,0.11891007423400879,0.017812637612223625,100,OK,MAP_UPDATE,OK,VISUAL_INERTIAL
3059,1761213165295,-54.25411835312843,-55.84276467561722,69.02747601270676,-0.009363438002765179,0.11844300478696823,0.017808709293603897,100,OK,MAP_UPDATE,OK,VISUAL_INERTIAL
3060,1761213165312,-54.04592305421829,-56.12732097506523,69.11604106426239,-0.009242341853678226,0.11877985298633575,0.017619287595152855,100,OK,MAP_UPDATE,OK,VISUAL_INERTIAL
3061,1761213165328,-53.688112646341324,-56.37490749359131,69.14882361888885,-0.009221496060490608,0.11955330520868301,0.017274804413318634,100,OK,MAP_UPDATE,OK,VISUAL_INERTIAL
3062,1761213165345,-53.09787765145302,-56.645654141902924,69.25372779369354,-0.009197566658258438,0.11987271904945374,0.016930872574448586,100,OK,MAP_UPDATE,OK,VISUAL_INERTIAL
3063,1761213165362,-52.3369126021862,-56.90184608101845,69.35783475637436,-0.009107590653002262,0.1191834881901741,0.016725340858101845,100,OK,MAP_UPDATE,OK,VISUAL_INERTIAL
3064,1761213165378,-51.51542276144028,-57.19398334622383,69.41316276788712,-0.00873079989105463,0.1176806092262268,0.016558298841118813,100,OK,MAP_UPDATE,OK,VISUAL_INERTIAL
3065,1761213165395,-50.83094164729118,-57.496264576911926,69.52537596225739,-0.008126991800963879,0.11635061353445053,0.016264665871858597,100,OK,MAP_UPDATE,OK,VISUAL_INERTIAL
3066,1761213165412,-50.43353885412216,-57.878993451595306,69.71269100904465,-0.00737348198890686,0.11609063297510147,0.015809888020157814,100,OK,MAP_UPDATE,OK,VISUAL_INERTIAL
3067,1761213165428,-50.06776005029678,-58.20060893893242,69.96957957744598,-0.0067771608009934425,0.11706297844648361,0.015234630554914474,100,OK,MAP_UPDATE,OK,VISUAL_INERTIAL
3068,1761213165445,-49.58247020840645,-58.53567272424698,70.255808532238,-0.0063026598654687405,0.1178877204656601,0.014744693413376808,100,OK,MAP_UPDATE,OK,VISUAL_INERTIAL
3069,1761213165462,-48.747193068265915,-58.85288491845131,70.47737389802933,-0.005857683252543211,0.11718914657831192,0.014416289515793324,100,OK,MAP_UPDATE,OK,VISUAL_INERTIAL
3070,1761213165478,-47.80581593513489,-59.13864076137543,70.72198390960693,-0.0052900733426213264,0.11580995470285416,0.014182524755597115,100,OK,MAP_UPDATE,OK,VISUAL_INERTIAL
3071,1761213165496,-47.071103006601334,-59.30791795253754,71.07997685670853,-0.004638834856450558,0.11512268334627151,0.013843494467437267,100,OK,MAP_UPDATE,OK,VISUAL_INERTIAL
3072,1761213165512,-46.48955911397934,-59.42850559949875,71.46896421909332,-0.0040090736001729965,0.1150728166103363,0.013414074666798115,100,OK,MAP_UPDATE,OK,VISUAL_INERTIAL
3073,1761213165528,-45.89731618762016,-59.56104025244713,71.91262394189835,-0.00344064855016768,0.11547794938087463,0.01300025824457407,100,OK,MAP_UPDATE,OK,VISUAL_INERTIAL
3074,1761213165545,-45.20981386303902,-59.651587158441544,72.38584011793137,-0.002912835218012333,0.11576984822750092,0.012619084678590298,100,OK,MAP_UPDATE,OK,VISUAL_INERTIAL
3075,1761213165562,-44.307779520750046,-59.72328782081604,72.91759550571442,-0.0023326619993895292,0.11541390419006348,0.012181418016552925,100,OK,MAP_UPDATE,OK,VISUAL_INERTIAL
3076,1761213165578,-43.30689460039139,-59.727538377046585,73.44906032085419,-0.0016843288904055953,0.11456184089183807,0.011564688757061958,100,OK,MAP_UPDATE,OK,VISUAL_INERTIAL
3077,1761213165595,-42.24175214767456,-59.72874537110329,73.97455722093582,-0.000962758669629693,0.11360722035169601,0.010784648358821869,100,OK,MAP_UPDATE,OK,VISUAL_INERTIAL
3078,1761213165612,-41.323307901620865,-59.73497778177261,74.53911006450653,-0.00021543727780226618,0.11259863525629044,0.009853963740170002,100,OK,MAP_UPDATE,OK,VISUAL_INERTIAL
3079,1761213165628,-40.325600653886795,-59.714868664741516,75.17397403717041,0.0005041868425905704,0.1118171215057373,0.008744128048419952,100,OK,MAP_UPDATE,OK,VISUAL_INERTIAL
3080,1761213165645,-39.21903669834137,-59.638991951942444,75.83851367235184,0.0012688160641118884,0.11139349639415741,0.007425993215292692,100,OK,MAP_UPDATE,OK,VISUAL_INERTIAL
3081,1761213165662,-38.17768767476082,-59.59400534629822,76.5465497970581,0.0021961480379104614,0.11109671741724014,0.005984008777886629,100,OK,MAP_UPDATE,OK,VISUAL_INERTIAL
3082,1761213165678,-36.956675350666046,-59.38559025526047,77.22073048353195,0.00324529898352921,0.11032211035490036,0.004356069024652243,100,OK,MAP_UPDATE,OK,VISUAL_INERTIAL
3083,1761213165695,-35.5682335793972,-59.03568118810654,77.99118012189865,0.004319335334002972,0.10973852872848511,0.0026129349134862423,100,OK,MAP_UPDATE,OK,VISUAL_INERTIAL
3084,1761213165712,-34.38049554824829,-59.00508537888527,78.68685573339462,0.005559201817959547,0.10999512672424316,0.0010221145348623395,100,OK,MAP_UPDATE,OK,VISUAL_INERTIAL
3085,1761213165728,-33.11522677540779,-58.97185951471329,79.3725922703743,0.006745453923940659,0.11007983982563019,-0.0005643719341605902,100,OK,MAP_UPDATE,OK,VISUAL_INERTIAL
3086,1761213165745,-31.746618449687958,-58.921340852975845,80.04121482372284,0.0078965425491333,0.10979553312063217,-0.0022620551753789186,100,OK,MAP_UPDATE,OK,VISUAL_INERTIAL
3087,1761213165762,-30.39836883544922,-58.94572287797928,80.59445023536682,0.009059885516762733,0.11014851182699203,-0.00414063548669219,100,OK,MAP_UPDATE,OK,VISUAL_INERTIAL
3088,1761213165778,-29.073478654026985,-58.86704847216606,81.20737224817276,0.010160809382796288,0.11117716133594513,-0.006341243628412485,100,OK,MAP_UPDATE,OK,VISUAL_INERTIAL
3089,1761213165795,-27.502384036779404,-58.646246790885925,81.8677544593811,0.011238080449402332,0.11209847778081894,-0.00871847290545702,100,OK,MAP_UPDATE,OK,VISUAL_INERTIAL
3090,1761213165812,-25.84836259484291,-58.3755299448967,82.58850127458572,0.012417617253959179,0.1126408576965332,-0.011057759635150433,100,OK,MAP_UPDATE,OK,VISUAL_INERTIAL
3091,1761213165828,-24.199282750487328,-58.08815360069275,83.34861695766449,0.013700834475457668,0.11332109570503235,-0.01321335881948471,100,OK,MAP_UPDATE,OK,VISUAL_INERTIAL
3092,1761213165845,-22.633250802755356,-57.77645856142044,84.10530537366867,0.01502098049968481,0.11372245848178864,-0.015289036557078362,100,OK,MAP_UPDATE,OK,VISUAL_INERTIAL
3093,1761213165862,-21.02266065776348,-57.52342566847801,84.84187722206116,0.016309306025505066,0.1133342832326889,-0.01734820380806923,100,OK,MAP_UPDATE,OK,VISUAL_INERTIAL
3094,1761213165878,-19.688498228788376,-57.46520310640335,85.52601933479309,0.01755635440349579,0.11340617388486862,-0.019432544708251953,100,OK,MAP_UPDATE,OK,VISUAL_INERTIAL
3095,1761213165895,-18.55849102139473,-57.466354221105576,86.15628629922867,0.01870858296751976,0.1145605817437172,-0.02166377566754818,100,OK,MAP_UPDATE,OK,VISUAL_INERTIAL
3096,1761213165912,-17.557768151164055,-57.42723122239113,86.77835762500763,0.019740236923098564,0.11736439168453217,-0.024072488769888878,100,OK,MAP_UPDATE,OK,VISUAL_INERTIAL
3097,1761213165928,-16.570618376135826,-57.50223249197006,87.50104159116745,0.020804302766919136,0.12104269117116928,-0.026387326419353485,100,OK,MAP_UPDATE,OK,VISUAL_INERTIAL
3098,1761213165945,-15.27839433401823,-57.47084692120552,88.30218017101288,0.021784234791994095,0.12445314973592758,-0.028557168319821358,100,OK,MAP_UPDATE,OK,VISUAL_INERTIAL
3099,1761213165962,-13.831963762640953,-57.42119997739792,89.0701413154602,0.02277994714677334,0.1268683224916458,-0.03037707321345806,100,OK,MAP_UPDATE,OK,VISUAL_INERTIAL
3100,1761213165978,-12.807699851691723,-57.506948709487915,89.77500349283218,0.02382112666964531,0.1304941028356552,-0.031838808208703995,100,OK,MAP_UPDATE,OK,VISUAL_INERTIAL
3101,1761213165995,-12.575355358421803,-57.723138481378555,90.47605842351913,0.024911677464842796,0.13747744262218475,-0.03300279751420021,100,OK,MAP_UPDATE,OK,VISUAL_INERTIAL
3102,1761213166012,-12.417622841894627,-57.8729473054409,91.31064265966415,0.025914648547768593,0.1461569368839264,-0.0338953472673893,100,OK,MAP_UPDATE,OK,VISUAL_INERTIAL
3103,1761213166028,-12.126191519200802,-57.90790542960167,92.2306701540947,0.027010390534996986,0.1551484614610672,-0.03452066332101822,100,OK,MAP_UPDATE,OK,VISUAL_INERTIAL
3104,1761213166045,-12.054046615958214,-57.90918320417404,93.21137517690659,0.028299547731876373,0.16615676879882812,-0.0349576435983181,100,OK,MAP_UPDATE,OK,VISUAL_INERTIAL
3105,1761213166062,-12.396874837577343,-57.981863617897034,94.43838149309158,0.029698794707655907,0.17989197373390198,-0.03514263778924942,100,OK,MAP_UPDATE,OK,VISUAL_INERTIAL
3106,1761213166079,-12.719930149614811,-58.39039385318756,95.85420042276382,0.03136725351214409,0.19557124376296997,-0.03499585762619972,100,OK,MAP_UPDATE,OK,VISUAL_INERTIAL
3107,1761213166095,-13.104673475027084,-58.7976910173893,97.28218615055084,0.03303725644946098,0.21223455667495728,-0.03462821990251541,100,OK,MAP_UPDATE,OK,VISUAL_INERTIAL
3108,1761213166112,-13.417873531579971,-59.1210201382637,98.94900768995285,0.034582819789648056,0.23036931455135345,-0.03406171873211861,100,OK,MAP_UPDATE,OK,VISUAL_INERTIAL
3109,1761213166128,-13.470115140080452,-59.4758465886116,100.7445901632309,0.03610042855143547,0.248126819729805,-0.03324791416525841,100,OK,MAP_UPDATE,OK,VISUAL_INERTIAL
3110,1761213166145,-13.284044340252876,-59.9503219127655,102.46128588914871,0.03766486421227455,0.2645299732685089,-0.03224619850516319,100,OK,MAP_UPDATE,OK,VISUAL_INERTIAL
3111,1761213166162,-13.029052875936031,-60.473229736089706,104.07117754220963,0.03933042660355568,0.27951207756996155,-0.03121262416243553,100,OK,MAP_UPDATE,OK,VISUAL_INERTIAL
3112,1761213166178,-13.066268526017666,-60.695480555295944,105.60552030801773,0.04087536036968231,0.2948536276817322,-0.030288826674222946,100,OK,MAP_UPDATE,OK,VISUAL_INERTIAL
3113,1761213166195,-13.8014517724514,-61.16217002272606,107.61511325836182,0.04257453233003616,0.31221404671669006,-0.02941169962286949,100,OK,MAP_UPDATE,OK,VISUAL_INERTIAL
3114,1761213166212,-15.459186397492886,-61.603814363479614,110.00924557447433,0.04405079409480095,0.3329833149909973,-0.02835068851709366,100,OK,MAP_UPDATE,OK,VISUAL_INERTIAL
3115,1761213166228,-16.18102565407753,-61.76641955971718,111.71646416187286,0.0451493076980114,0.3552893102169037,-0.026906434446573257,100,OK,MAP_UPDATE,OK,VISUAL_INERTIAL
3116,1761213166245,-16.574393957853317,-62.11491301655769,113.63915354013443,0.04617994278669357,0.37512433528900146,-0.025309456512331963,100,OK,MAP_UPDATE,OK,VISUAL_INERTIAL
3117,1761213166262,-16.411256045103073,-62.27162852883339,115.27052521705627,0.04700486734509468,0.3918370306491852,-0.023686133325099945,100,OK,MAP_UPDATE,OK,VISUAL_INERTIAL
3118,1761213166278,-16.22932218015194,-61.99963390827179,116.88277870416641,0.04761634021997452,0.40540868043899536,-0.021932007744908333,100,OK,MAP_UPDATE,OK,VISUAL_INERTIAL
3119,1761213166295,-17.49122329056263,-61.78925186395645,118.7473013997078,0.04828591272234917,0.41947275400161743,-0.01988787017762661,100,OK,MAP_UPDATE,OK,VISUAL_INERTIAL
3120,1761213166312,-19.283799454569817,-61.985064297914505,121.22737616300583,0.04906128719449043,0.4363459348678589,-0.017565099522471428,100,OK,MAP_UPDATE,OK,VISUAL_INERTIAL
3121,1761213166329,-20.726090297102928,-62.17414140701294,122.95756489038467,0.04952303692698479,0.4548220932483673,-0.014532732777297497,100,OK,MAP_UPDATE,OK,VISUAL_INERTIAL
3122,1761213166345,-21.666934713721275,-62.40446865558624,124.61676448583603,0.04962879419326782,0.46897879242897034,-0.01133781298995018,100,OK,MAP_UPDATE,OK,VISUAL_INERTIAL
