Frame,Timestamp,Translation_X,Translation_Y,Translation_Z,Rotation_X,Rotation_Y,Rotation_Z,Pose_Confidence,Tracking_State,Spatial_Memory,Odometry,Tracking_Fusion
0,1761212586417,0.0,0.0,0.0,0.0,0.0,0.0,,,cuVSLAM,,
1,1761212586450,-2.1462421864271164,0.9795278310775757,-1.1180154979228973,0.0006173995836387449,-0.0010123074090514553,0.04271775800228044,,,cuVSLAM,,
2,1761212586483,-3.7780748680233955,2.372800139710307,-0.7497986080124974,0.001415494977528652,-0.00095292933374984,0.08404810119970549,,,cuVSLAM,,
3,1761212586517,-5.090780556201935,3.6640579346567392,-1.4087145682424307,0.0019824046745753957,-0.0013624222343529002,0.11950892341314674,,,cuVSLAM,,
4,1761212586550,-6.392105482518673,4.813909530639648,-2.499436028301716,0.0022429880592877262,-0.0019808746376466946,0.14759035074222518,,,cuVSLAM,,
5,1761212586583,-7.155121304094791,5.210991948843002,-2.6461936067789793,0.0027825009138569973,-0.0019449346072993251,0.16959184665284588,,,cuVSLAM,,
6,1761212586617,-7.904207333922386,5.560759454965591,-3.0558009166270494,0.003339404465350259,-0.002149989075317355,0.18785820945892143,,,cuVSLAM,,
7,1761212586650,-8.559604175388813,5.482412874698639,-2.330885035917163,0.004057562853650284,-0.0019204567501252567,0.20414769238647973,,,cuVSLAM,,
8,1761212586683,-9.397418238222599,5.487110931426287,-1.8693262245506048,0.004436676578529238,-0.002048464756127745,0.21846874087646684,,,cuVSLAM,,
9,1761212586717,-10.01774799078703,6.87398761510849,-1.6100609209388494,0.004299557317156691,-0.0021240485359973332,0.23313777702664681,,,cuVSLAM,,
10,1761212586750,-11.282581835985184,7.14876689016819,-2.5307834148406982,0.004373977584426904,-0.002889282286190106,0.2524014460305234,,,cuVSLAM,,
11,1761212586783,-12.136312201619148,7.75555707514286,-1.2159573379904032,0.004812699648100039,-0.002146496050934983,0.2721066046216038,,,cuVSLAM,,
12,1761212586817,-13.352013193070889,6.2697045505046844,0.3501275205053389,0.005349727381885672,-0.0013078559829625507,0.29304910335054224,,,cuVSLAM,,
13,1761212586850,-14.338966459035873,6.539045367389917,0.2730191918089986,0.005718184570838217,-0.0015474289944135211,0.31227612780326175,,,cuVSLAM,,
14,1761212586883,-15.188334509730339,6.9556208327412605,0.23781077470630407,0.005952703456662493,-0.0017221128483559402,0.32871738970144465,,,cuVSLAM,,
15,1761212586917,-15.832332894206047,7.051278837025166,0.20725224749185145,0.006083184894727059,-0.001930721416079939,0.34056027784889903,,,cuVSLAM,,
16,1761212586950,-16.095230355858803,6.947992369532585,0.22920547053217888,0.00613411343205735,-0.0020598263960138375,0.3457072424506993,,,cuVSLAM,,
17,1761212586983,-15.985656529664993,7.150603923946619,0.20371153368614614,0.005970245021970788,-0.0020724094913805286,0.3432126905539527,,,cuVSLAM,,
18,1761212587017,-15.537063591182232,7.0150429382920265,0.38953960756771266,0.005526365158614341,-0.0019394190966942801,0.3314662681269649,,,cuVSLAM,,
19,1761212587050,-14.35177307575941,6.623778026551008,0.31817954732105136,0.00481785990244918,-0.001888397588690251,0.30956062499356274,,,cuVSLAM,,
20,1761212587083,-13.074977323412895,6.142018362879753,0.3706427523866296,0.004528293302207296,-0.001749046831177216,0.2869981279689179,,,cuVSLAM,,
21,1761212587117,-11.893846094608307,5.791889037936926,0.02065097214654088,0.004243536266279461,-0.0018291060325465315,0.2644765500169362,,,cuVSLAM,,
22,1761212587150,-10.963154956698418,5.5712321773171425,-0.2419211668893695,0.004019825660402597,-0.0017726597618228858,0.24412091124223567,,,cuVSLAM,,
23,1761212587183,-10.093288496136665,5.1390500739216805,-0.4926555557176471,0.003959842126993153,-0.001730016733745799,0.22872870113235316,,,cuVSLAM,,
24,1761212587217,-8.955525234341621,4.290319513529539,-0.25472568813711405,0.0036406830016914595,-0.0015887464681365868,0.2078504173186555,,,cuVSLAM,,
25,1761212587250,-7.557346485555172,3.7371586076915264,-0.44133514165878296,0.003005108372583616,-0.001500190861780493,0.1777765303458744,,,cuVSLAM,,
26,1761212587283,-6.225973833352327,3.524677362293005,-0.31420314917340875,0.002280508415445517,-0.0012883282618834126,0.1477931573400812,,,cuVSLAM,,
27,1761212587317,-4.8338258638978004,2.990920329466462,0.15729204460512847,0.0014317193117166496,-0.0010473339647834585,0.10751324915230492,,,cuVSLAM,,
28,1761212587350,-3.3274032175540924,3.3435712102800608,-0.4547333810478449,0.000642360504038528,-0.0011732253983129408,0.06858524844098168,,,cuVSLAM,,
29,1761212587383,-2.507958561182022,3.0295527540147305,-0.7157622021622956,0.00024393422425846758,-0.0012419881190061082,0.045104483224277826,,,cuVSLAM,,
30,1761212587416,-1.1965809389948845,1.6437973827123642,-0.621773418970406,-1.7552363159089488e-05,-0.001070642403467733,0.017414708559501405,,,cuVSLAM,,
31,1761212587450,0.03421492874622345,1.087716780602932,-0.3870758228003979,-0.00021668499154587086,-0.0006631962204882904,-0.009447954676215576,,,cuVSLAM,,
32,1761212587483,1.4864318072795868,-0.18006935715675354,-0.049943948397412896,-0.0009176904745662724,-0.000264845843843235,-0.03471703078723434,,,cuVSLAM,,
33,1761212587516,2.460039220750332,-1.177036203444004,0.8323871297761798,-0.0015381702786928938,0.000374740108632032,-0.06725359857845709,,,cuVSLAM,,
34,1761212587550,3.5741340834647417,-5.302567966282368,0.9895086986944079,-0.001671844669132994,0.00078753145592822,-0.08830644830053891,,,cuVSLAM,,
35,1761212587583,4.384707659482956,-6.028189789503813,-0.22120808716863394,-0.00202044927777164,2.686991485260574e-05,-0.11066755681133912,,,cuVSLAM,,
36,1761212587616,5.490870680660009,-7.7485861256718636,-0.7418434834107757,-0.002357478238371402,-0.00021709743823979946,-0.14273963963599867,,,cuVSLAM,,
37,1761212587650,6.631799042224884,-8.418804965913296,-1.6376232961192727,-0.003023924279776046,-0.0005086374948614237,-0.17176298943286208,,,cuVSLAM,,
38,1761212587683,7.406133227050304,-10.659855790436268,-2.2360808216035366,-0.0035831872394624224,-0.0007768147537996993,-0.2032225869159738,,,cuVSLAM,,
39,1761212587716,7.826013490557671,-15.302116982638836,-1.5608550747856498,-0.004090443350892066,-0.0002014568624270307,-0.24701192658291898,,,cuVSLAM,,
40,1761212587750,10.549698024988174,-14.199326746165752,0.46452030073851347,-0.004754729685008415,0.0018477788285487906,-0.28317925632250973,,,cuVSLAM,,
41,1761212587783,12.015829794108868,-14.643149450421333,1.1717192828655243,-0.0048185624609549055,0.0028119844330565095,-0.30811808767201765,,,cuVSLAM,,
42,1761212587816,13.47512099891901,-15.17958752810955,1.0028950637206435,-0.00540754580991263,0.0031316505746197777,-0.33942829743650194,,,cuVSLAM,,
43,1761212587850,14.553798362612724,-17.3855721950531,2.1503735333681107,-0.0059762365340262635,0.004346447781307497,-0.37087486871166186,,,cuVSLAM,,
44,1761212587883,15.467345714569092,-18.3991938829422,2.0344022195786238,-0.006759789638960193,0.004516170071628382,-0.4020147769861492,,,cuVSLAM,,
45,1761212587916,17.09919422864914,-18.510982394218445,2.7101216837763786,-0.007493324077517755,0.005283566886675916,-0.4318764002075105,,,cuVSLAM,,
46,1761212587950,17.682429403066635,-20.083583891391754,2.2204252891242504,-0.007838775626593433,0.005198016992594841,-0.4569087151226491,,,cuVSLAM,,
47,1761212587983,18.42453144490719,-20.92607691884041,2.0481159444898367,-0.00828216289770499,0.005292469671544706,-0.4812163186779913,,,cuVSLAM,,
48,1761212588016,19.14409175515175,-22.26686105132103,2.6428811252117157,-0.008831068047865785,0.005860052493386917,-0.5052100787061952,,,cuVSLAM,,
49,1761212588050,18.654340878129005,-24.062570184469223,1.6146956477314234,-0.00941337507197815,0.005193731670289327,-0.5301933128575143,,,cuVSLAM,,
50,1761212588083,19.82598379254341,-24.386756122112274,2.06278869882226,-0.010051193218415744,0.005730643873476913,-0.5548970497760374,,,cuVSLAM,,
51,1761212588116,20.160498097538948,-25.793109089136124,2.3104774300009012,-0.010470204012322655,0.00603729107559964,-0.5796414616095603,,,cuVSLAM,,
52,1761212588150,19.8044553399086,-28.33523228764534,1.123676891438663,-0.010983241357989807,0.005225440753112785,-0.609492787506549,,,cuVSLAM,,
53,1761212588183,19.336234778165817,-31.07314184308052,0.7396644214168191,-0.011572790860702073,0.004975814762562251,-0.6409339245054034,,,cuVSLAM,,
54,1761212588216,20.86264081299305,-30.66442161798477,0.0021186424419283867,-0.012487494388639246,0.004608038573582758,-0.6713427942662771,,,cuVSLAM,,
55,1761212588250,20.87612822651863,-32.29517862200737,-0.8912034099921584,-0.012857734897290946,0.003870294614753739,-0.7031606912983831,,,cuVSLAM,,
56,1761212588283,21.77625522017479,-33.79078581929207,0.5137035041116178,-0.013579282484631135,0.004975280185287178,-0.7376591814552999,,,cuVSLAM,,
57,1761212588316,21.681902930140495,-35.84585338830948,-0.14615000691264868,-0.013856486357234608,0.004726694094804176,-0.7611859046778463,,,cuVSLAM,,
58,1761212588350,22.196274250745773,-36.80478781461716,-0.2799814101308584,-0.014232210995390005,0.0048409642569434115,-0.7814847689866568,,,cuVSLAM,,
59,1761212588383,23.209968581795692,-35.72721779346466,0.25856541469693184,-0.014989098744177446,0.005263582524184505,-0.8048082322425925,,,cuVSLAM,,
60,1761212588416,22.98400178551674,-37.0546355843544,-0.20663195755332708,-0.015559305243018623,0.004983885731766771,-0.8270171120489928,,,cuVSLAM,,
61,1761212588450,23.92709068953991,-38.22789341211319,-0.22515375167131424,-0.015987321582935757,0.005219546941446558,-0.8475295450014786,,,cuVSLAM,,
62,1761212588483,24.761870503425598,-38.109179586172104,-0.659282086417079,-0.01657728241025696,0.0048369059329782865,-0.8753427355144417,,,cuVSLAM,,
63,1761212588516,26.485679671168327,-38.317251950502396,1.6431071562692523,-0.017738633642008356,0.006595127889633279,-0.9105268193498608,,,cuVSLAM,,
64,1761212588550,24.513525888323784,-40.657833218574524,-0.12361118569970131,-0.018156417643416047,0.005626841037751845,-0.9333322450545488,,,cuVSLAM,,
65,1761212588583,24.24841932952404,-42.0813225209713,-0.31693544588051736,-0.01840079025098272,0.0057209826757737,-0.9490645954943677,,,cuVSLAM,,
66,1761212588616,24.233391508460045,-42.93595626950264,-0.6990618421696126,-0.018418630546961978,0.005663284470321261,-0.9571250205298656,,,cuVSLAM,,
67,1761212588650,24.56538937985897,-42.87028685212135,-0.6102768238633871,-0.018329765782539705,0.005985158038341498,-0.9573387759438912,,,cuVSLAM,,
68,1761212588683,25.070391595363617,-42.72005334496498,-0.5281987832859159,-0.018371072689042957,0.006228261389325982,-0.9548739009917229,,,cuVSLAM,,
69,1761212588716,25.06926655769348,-41.88968613743782,-0.4518803907558322,-0.01831157987797923,0.0061166368473609505,-0.9423104157788691,,,cuVSLAM,,
70,1761212588749,25.20075812935829,-40.55752232670784,-0.19719163537956774,-0.017926462389554594,0.006192458075733211,-0.9215305148232981,,,cuVSLAM,,
71,1761212588783,24.986904114484787,-39.49407488107681,0.16845966456457973,-0.0172834333411705,0.006439241297803335,-0.8948820843607124,,,cuVSLAM,,
72,1761212588816,24.838311597704887,-38.17375749349594,0.12665006215684116,-0.016749007798421686,0.006262720062535282,-0.8688962794613904,,,cuVSLAM,,
73,1761212588849,24.55960027873516,-37.152912467718124,0.16767284250818193,-0.01639786992894347,0.005974416399662711,-0.8474165968318702,,,cuVSLAM,,
74,1761212588883,24.18077178299427,-35.99186614155769,0.46261673560366035,-0.01610254625705573,0.005921113923986037,-0.82856149836891,,,cuVSLAM,,
75,1761212588916,23.802468553185463,-35.027723759412766,0.3653978928923607,-0.015606648215260149,0.005693287844735335,-0.8077791505452925,,,cuVSLAM,,
76,1761212588949,23.751353845000267,-33.61760824918747,0.5189493531361222,-0.015095636598266756,0.005686439316195962,-0.7821898329351814,,,cuVSLAM,,
77,1761212588983,23.169847205281258,-32.34102204442024,0.888813054189086,-0.014348079674233443,0.005737552498923964,-0.7513678766706531,,,cuVSLAM,,
78,1761212589016,22.55016751587391,-30.765963718295097,0.2508713223505765,-0.01381628326783575,0.0051169853350778215,-0.7207732588138155,,,cuVSLAM,,
79,1761212589049,21.712852641940117,-29.411397874355316,1.72239332459867,-0.013047701765180506,0.005946098136390297,-0.6841606548996646,,,cuVSLAM,,
80,1761212589083,20.596956834197044,-27.820296585559845,2.467139856889844,-0.012010489151373462,0.0062978393141127475,-0.6381006710782576,,,cuVSLAM,,
81,1761212589116,19.142795354127884,-26.29287913441658,2.2328149061650038,-0.011058034044630682,0.005909184894405122,-0.5955079657461467,,,cuVSLAM,,
82,1761212589149,19.015613943338394,-23.724131286144257,1.4885679120197892,-0.010492783753977443,0.005254349133816869,-0.5603113822667279,,,cuVSLAM,,
83,1761212589183,17.588656395673752,-22.69791252911091,1.3487667310982943,-0.009926001763595723,0.004712683497313734,-0.5276516794652526,,,cuVSLAM,,
84,1761212589216,17.53060147166252,-20.02170868217945,2.0105023868381977,-0.009404505755668964,0.004664513275838451,-0.49318456113477543,,,cuVSLAM,,
85,1761212589249,17.135534435510635,-16.995832324028015,3.395063802599907,-0.008529107709839796,0.005103770712796412,-0.4511042546572484,,,cuVSLAM,,
86,1761212589283,18.154285848140717,-12.251246720552444,3.987835254520178,-0.007729880569108016,0.005378533962953661,-0.4076070691413561,,,cuVSLAM,,
87,1761212589316,14.142878353595734,-14.126982539892197,1.769033377058804,-0.006930406482000099,0.0034573815059482163,-0.36950786087819726,,,cuVSLAM,,
88,1761212589349,13.249042443931103,-12.808961793780327,1.5594693832099438,-0.006507543036888566,0.0031049688500249324,-0.3407212838579435,,,cuVSLAM,,
89,1761212589383,12.259479612112045,-11.541904881596565,1.5531225362792611,-0.006093397799418562,0.002888426088739503,-0.3114460094262776,,,cuVSLAM,,
90,1761212589416,10.996931232511997,-11.215206235647202,2.3067528381943703,-0.005386492266081247,0.0029937428177915994,-0.28731985610538513,,,cuVSLAM,,
91,1761212589449,9.829411283135414,-10.829167440533638,1.9459468312561512,-0.004925510060893433,0.0023488876263885123,-0.26886336375184755,,,cuVSLAM,,
92,1761212589483,8.807362988591194,-9.60400328040123,1.1296361917629838,-0.004487660763525358,0.0013915731132920506,-0.24469001988335848,,,cuVSLAM,,
93,1761212589516,6.725488230586052,-8.185092359781265,0.30452891951426864,-0.004117543684690026,0.00042864081128064774,-0.2074551211172245,,,cuVSLAM,,
94,1761212589549,4.2280033230781555,-8.345015347003937,-0.030619019526056945,-0.0034201065152093544,-9.31613193249937e-05,-0.1696265041711339,,,cuVSLAM,,
95,1761212589583,4.997598007321358,-4.081331193447113,1.4370642602443695,-0.0026645333993098714,0.0009164845156036088,-0.13523921333057823,,,cuVSLAM,,
96,1761212589616,7.324552163481712,3.671422600746155,1.541196252219379,-0.002378411883308127,0.001159216332911398,-0.1010838948456154,,,cuVSLAM,,
97,1761212589649,4.677599295973778,2.0977966487407684,1.5082816826179624,-0.001623143640455846,0.0010271106891698864,-0.07110405798810987,,,cuVSLAM,,
98,1761212589683,3.3986284397542477,-1.4998384285718203,-0.4946140688844025,-0.00046919488667849146,-0.0003250222751134987,-0.05499997773233133,,,cuVSLAM,,
99,1761212589716,3.2000623177736998,-1.1393052991479635,-0.8812261512503028,-0.0003496690017313397,-0.0005399580756763801,-0.047601872385546855,,,cuVSLAM,,
100,1761212589749,3.2382390927523375,-1.5775507781654596,-1.2362059205770493,-0.0003472817905665418,-0.0007469646016350512,-0.04158709990486235,,,cuVSLAM,,
101,1761212589783,2.986040199175477,-1.3115061447024345,-1.0628108866512775,-0.0002693892271620974,-0.0006960047220944437,-0.03646468908573433,,,cuVSLAM,,
102,1761212589816,2.8529721312224865,-1.4338053297251463,-0.9079572628252208,-0.00012192793395240172,-0.0006589582492426861,-0.035358883220563346,,,cuVSLAM,,
103,1761212589849,2.889709547162056,-1.6666424926370382,-0.8422619430348277,0.00015119940275576366,-0.0007496944241867033,-0.03676094505008647,,,cuVSLAM,,
104,1761212589883,3.411260200664401,-1.4328474644571543,-0.6041565793566406,8.074959645992981e-05,-0.0005912376007412339,-0.04437116854922836,,,cuVSLAM,,
105,1761212589916,3.6360041704028845,-2.4991086684167385,-0.6216291803866625,-0.0002415178888466042,-0.0005388802796167728,-0.05591209144540049,,,cuVSLAM,,
106,1761212589949,4.319984465837479,-3.5245874896645546,-1.0804670164361596,-0.0006751559769383417,-0.0008467702010580603,-0.07587849769097929,,,cuVSLAM,,
107,1761212589983,5.307975225150585,-4.633217118680477,-1.33834732696414,-0.001054262052369179,-0.0008605794254193066,-0.10439471713353915,,,cuVSLAM,,
108,1761212590016,6.929549388587475,-4.591840319335461,-0.7254475494846702,-0.0013843849975448816,-5.399800364507322e-05,-0.12809909798536775,,,cuVSLAM,,
109,1761212590049,8.638163097202778,-3.4460623282939196,-1.5023988671600819,-0.0018603833944902332,-0.00044392693664467076,-0.14960593649212775,,,cuVSLAM,,
110,1761212590083,9.442999958992004,-4.994671791791916,-2.1683720406144857,-0.0024391063119092926,-0.0008528734317145255,-0.18131070249952883,,,cuVSLAM,,
111,1761212590116,9.970352053642273,-7.688870653510094,-0.9635386522859335,-0.0026953835418197613,0.00021996145957393036,-0.21078159588026812,,,cuVSLAM,,
112,1761212590149,9.933935478329659,-9.440629743039608,-2.0750619005411863,-0.0030376843305034195,-0.00037568780836118586,-0.22693395462161065,,,cuVSLAM,,
113,1761212590182,10.602880269289017,-9.794142097234726,-3.29462718218565,-0.0034562610794032045,-0.00118488664724341,-0.2478402458159425,,,cuVSLAM,,
114,1761212590216,11.405730620026588,-11.37412991374731,-2.820457797497511,-0.0037630085225861367,-0.0007065960373573986,-0.2754976698439929,,,cuVSLAM,,
115,1761212590249,12.127866968512535,-12.089923955500126,-3.118386259302497,-0.004188259545184446,-0.0007542556303829634,-0.2972552379629186,,,cuVSLAM,,
116,1761212590282,12.823518365621567,-12.426117435097694,-3.737284801900387,-0.004690842848719906,-0.0011586479039554136,-0.31816472111298477,,,cuVSLAM,,
117,1761212590316,13.430828228592873,-13.781221583485603,-3.553674090653658,-0.005180860852829802,-0.0010099992886125422,-0.34555059241858466,,,cuVSLAM,,
118,1761212590349,14.72984068095684,-13.878623954951763,-3.625130048021674,-0.005702926679694519,-0.0007632406282375145,-0.3685521493443599,,,cuVSLAM,,
119,1761212590382,14.852020889520645,-15.099870972335339,-3.4334619995206594,-0.005754033660160957,-0.0005707923263065734,-0.37997486565960226,,,cuVSLAM,,
120,1761212590416,15.353769063949585,-15.460947528481483,-3.082520328462124,-0.0059317874565432225,-0.0003383004341473532,-0.39418773090496523,,,cuVSLAM,,
121,1761212590449,15.706690028309822,-16.26409776508808,-3.4032012335956097,-0.006343051911060224,-0.0005478373722121751,-0.4106574399209928,,,cuVSLAM,,
122,1761212590482,15.885282307863235,-17.107143998146057,-3.1185762491077185,-0.006624415691653029,-0.0003471237049334109,-0.42181291526211095,,,cuVSLAM,,
123,1761212590516,16.345620155334473,-17.314640805125237,-2.8389308135956526,-0.0069362541456288096,-0.00010652440140320793,-0.4348397605877991,,,cuVSLAM,,
124,1761212590549,16.98322594165802,-17.958244308829308,-2.5725441519171,-0.0072683511538409636,0.0002987854241773667,-0.4523657544422095,,,cuVSLAM,,
125,1761212590583,17.26345717906952,-18.579311668872833,-3.0871969647705555,-0.007186015354095221,0.00019206026621905654,-0.4626681469061299,,,cuVSLAM,,
126,1761212590616,17.994537949562073,-18.608326092362404,-2.9612486250698566,-0.007202608492452834,0.0004132009160718148,-0.4733466086745462,,,cuVSLAM,,
127,1761212590650,18.32674629986286,-19.414832815527916,-2.8393897227942944,-0.007358582434205619,0.0006774620675684618,-0.4869464267278935,,,cuVSLAM,,
128,1761212590683,18.647395074367523,-19.64496448636055,-2.9041969683021307,-0.007835343972376847,0.0007160831662399334,-0.4985315133600813,,,cuVSLAM,,
129,1761212590716,18.912682309746742,-19.666370004415512,-3.371716709807515,-0.008321530221076808,0.0004956062432718607,-0.5045274992707588,,,cuVSLAM,,
130,1761212590750,19.34693194925785,-19.792141392827034,-3.175122430548072,-0.008466794158058852,0.0008725735640944567,-0.511797223383611,,,cuVSLAM,,
131,1761212590783,19.41041275858879,-20.81477642059326,-3.0458641704171896,-0.008469833015607048,0.0011483380164389301,-0.5217579238473006,,,cuVSLAM,,
132,1761212590817,19.539320841431618,-20.883822813630104,-3.0745717231184244,-0.008366717918226532,0.0011367423501848688,-0.526296102503477,,,cuVSLAM,,
133,1761212590850,19.609367474913597,-20.68108879029751,-3.0857864767313004,-0.008435999398859053,0.0011956982273566953,-0.5264178517284694,,,cuVSLAM,,
134,1761212590884,19.665811210870743,-20.616741850972176,-3.0364934355020523,-0.008530301620518717,0.0012932578152038611,-0.5264518889459512,,,cuVSLAM,,
135,1761212590917,19.769340753555298,-20.46915329992771,-3.0171526595950127,-0.008635886889125893,0.0013559518129400085,-0.5265852391226163,,,cuVSLAM,,
136,1761212590951,19.8147464543581,-20.322661846876144,-3.017070470377803,-0.008767647504780091,0.0013549809143290404,-0.5267041350583831,,,cuVSLAM,,
137,1761212590984,19.5838063955307,-20.380547270178795,-3.0824660789221525,-0.008836402880672336,0.0010889482183742217,-0.5265886575695417,,,cuVSLAM,,
138,1761212591018,19.404705613851547,-20.505795255303383,-2.9457821510732174,-0.008844628631652298,0.0009632977823119189,-0.5264489535584564,,,cuVSLAM,,
139,1761212591051,19.226957112550735,-20.730644464492798,-2.838780637830496,-0.008810013132776497,0.0008087736829379914,-0.5264774707528099,,,cuVSLAM,,
140,1761212591084,18.980512395501137,-20.85786871612072,-2.832141937687993,-0.00886000930933231,0.0006826403707902347,-0.5262708851585641,,,cuVSLAM,,
141,1761212591118,18.845200538635254,-21.000269800424576,-2.9879016801714897,-0.008985882746603625,0.00045796102950100234,-0.5262618840797526,,,cuVSLAM,,
142,1761212591151,18.760371953248978,-21.201923489570618,-2.446281723678112,-0.009146913503232497,0.0007150420033560031,-0.5279859642595803,,,cuVSLAM,,
143,1761212591185,18.54325644671917,-21.44819125533104,-2.229957142844796,-0.009185441057156811,0.0007644865012798396,-0.5277105788386056,,,cuVSLAM,,
144,1761212591218,18.48067156970501,-21.47364243865013,-2.1166782826185226,-0.009200271670485717,0.0008072205290084811,-0.5276765081000518,,,cuVSLAM,,
145,1761212591252,18.626445904374123,-21.297888830304146,-2.3263664916157722,-0.00927376784789895,0.0007257299696861649,-0.527996808103358,,,cuVSLAM,,
146,1761212591285,18.695274367928505,-21.12715132534504,-2.1545107010751963,-0.00942443438706368,0.0008410169408573675,-0.5281907167264595,,,cuVSLAM,,
147,1761212591319,18.367988988757133,-21.334275603294373,-2.567864255979657,-0.009573124829828071,0.0002472254950781237,-0.5281918918309193,,,cuVSLAM,,
148,1761212591352,17.870575189590454,-21.351361647248268,-2.98949982970953,-0.00955551339720607,-0.0007139716479327079,-0.529267397919573,,,cuVSLAM,,
149,1761212591386,17.208533361554146,-21.907102316617966,-2.2527077235281467,-0.00894905853585825,-0.0012952908214573845,-0.5304052575669845,,,cuVSLAM,,
150,1761212591419,16.33152924478054,-22.37747795879841,-1.956357154995203,-0.007978865580250977,-0.002336457366010037,-0.5307674690533404,,,cuVSLAM,,
151,1761212591453,15.213735401630402,-22.81840145587921,-1.9956224132329226,-0.006404744909938843,-0.003919085719505728,-0.5316184970328692,,,cuVSLAM,,
152,1761212591486,13.935776427388191,-24.21015501022339,-2.0281882025301456,-0.004121605938969908,-0.005695788614154247,-0.5337484372336078,,,cuVSLAM,,
153,1761212591520,11.955523863434792,-26.089496910572052,-1.6117331106215715,-0.0010611986723278045,-0.007405537719631783,-0.5337597198768702,,,cuVSLAM,,
154,1761212591553,10.239537805318832,-28.272252529859543,-0.4645652661565691,0.0029467967096609322,-0.008916464835482793,-0.5348878063968426,,,cuVSLAM,,
155,1761212591586,7.831325754523277,-30.6840967386961,-0.6745941354893148,0.007759279634335908,-0.011582849078766173,-0.5344707416334984,,,cuVSLAM,,
156,1761212591620,5.275520961731672,-32.741669565439224,-0.5515265511348844,0.013248319368903578,-0.014136539699684415,-0.5246508437207427,,,cuVSLAM,,
157,1761212591653,2.925304928794503,-35.907622426748276,-0.4602989065460861,0.019002619885396123,-0.016054065793374428,-0.5176381549208021,,,cuVSLAM,,
158,1761212591687,1.8076484557241201,-39.21755775809288,-0.7221365813165903,0.024701585783230638,-0.01700962190837552,-0.51885314034898,,,cuVSLAM,,
159,1761212591720,0.8865608833730221,-43.91065239906311,-0.047588429879397154,0.030583293596231922,-0.016305586411861493,-0.5285666931858628,,,cuVSLAM,,
160,1761212591753,0.2774973399937153,-47.99069091677666,-0.1654509105719626,0.03628286736956037,-0.015653815619658982,-0.532868991322597,,,cuVSLAM,,
161,1761212591787,0.5065691657364368,-51.01435258984566,0.02862600376829505,0.04167225275608282,-0.01434356032600416,-0.5340182226196718,,,cuVSLAM,,
162,1761212591820,0.2494538202881813,-55.138684809207916,-0.6686325068585575,0.046612343252827586,-0.013175154885238896,-0.5380038441997437,,,cuVSLAM,,
163,1761212591854,0.5094520747661591,-59.02697890996933,-0.9145631920546293,0.05119888293152813,-0.011331337137368324,-0.5454255958732083,,,cuVSLAM,,
164,1761212591887,1.0496950708329678,-62.98297643661499,-0.9784491267055273,0.0556588855830596,-0.009111093607239516,-0.5575159196221419,,,cuVSLAM,,
165,1761212591920,2.095856238156557,-65.62123447656631,-0.9604708757251501,0.05992172405554123,-0.006914373844906148,-0.568670934858849,,,cuVSLAM,,
166,1761212591954,2.363265259191394,-68.66572797298431,-0.5929089966230094,0.06450444964469369,-0.004762296433813531,-0.5685249040661741,,,cuVSLAM,,
167,1761212591987,3.3482389990240335,-71.46698236465454,-0.9152287966571748,0.0693374826739591,-0.0024311885487879495,-0.5730469910229602,,,cuVSLAM,,
168,1761212592021,3.6323843523859978,-75.9802907705307,-1.0788878425955772,0.07437817554681782,0.00012230959374985484,-0.572807305647882,,,cuVSLAM,,
169,1761212592054,4.598991014063358,-79.51990514993668,-1.6317996196448803,0.0797658479125164,0.0028302452665820276,-0.5745694482396168,,,cuVSLAM,,
170,1761212592087,5.61395613476634,-84.24559980630875,-1.754428492859006,0.08559709842543961,0.006622230438438284,-0.5780190381176239,,,cuVSLAM,,
171,1761212592121,6.764750927686691,-89.88159149885178,-2.130348002538085,0.09175768201402898,0.010929554202395986,-0.583833776085132,,,cuVSLAM,,
172,1761212592154,8.455900475382805,-94.59324181079865,-3.349397098645568,0.09833543757048592,0.015233538366165516,-0.5912793482659108,,,cuVSLAM,,
173,1761212592188,10.2944765239954,-100.25239735841751,-3.7854760885238647,0.10544380229728309,0.020596488360267562,-0.5966964650152972,,,cuVSLAM,,
174,1761212592221,12.300848960876465,-106.31431639194489,-4.605978727340698,0.11329398051515388,0.026292707437827093,-0.6019389474043242,,,cuVSLAM,,
175,1761212592255,14.467313885688782,-112.36211657524109,-5.0862436182796955,0.12175141440882452,0.03247678910111616,-0.6045125574144657,,,cuVSLAM,,
176,1761212592288,16.158076003193855,-118.80635470151901,-5.866674706339836,0.13012748717762818,0.0382398291691995,-0.6089127586665735,,,cuVSLAM,,
177,1761212592321,17.944902181625366,-125.68292021751404,-7.001429330557585,0.1383187338712505,0.04411845519544605,-0.6160903989863495,,,cuVSLAM,,
178,1761212592355,19.645748659968376,-132.43529200553894,-7.860946469008923,0.1469116527253792,0.05015201401954258,-0.622626001079143,,,cuVSLAM,,
179,1761212592388,21.458784118294716,-138.3431851863861,-8.311307057738304,0.1555971704080702,0.05595505254122444,-0.6278057037651917,,,cuVSLAM,,
180,1761212592422,22.795164957642555,-143.83545517921448,-8.643971756100655,0.1643649218102386,0.06085859672970309,-0.6314159808309888,,,cuVSLAM,,
181,1761212592455,23.40051159262657,-150.83684027194977,-9.441847912967205,0.17392660439764684,0.06555203953896727,-0.6346422900052755,,,cuVSLAM,,
182,1761212592488,23.76386523246765,-157.8066647052765,-11.05171162635088,0.18402422841132907,0.06954423402596165,-0.637332178953502,,,cuVSLAM,,
183,1761212592522,23.77099357545376,-165.18548130989075,-12.239047326147556,0.19475124873668262,0.07332713143062422,-0.640840398620665,,,cuVSLAM,,
184,1761212592555,23.40426854789257,-172.7282553911209,-13.516904786229134,0.20655712269842924,0.07683281425149292,-0.6446066555909805,,,cuVSLAM,,
185,1761212592589,22.816134616732597,-180.95512688159943,-14.811168424785137,0.21900510235225007,0.08054165431094301,-0.6474871403994376,,,cuVSLAM,,
186,1761212592622,22.121362388134003,-188.912495970726,-16.38178899884224,0.23155345186345364,0.08420538409812223,-0.6522990581502426,,,cuVSLAM,,
187,1761212592655,21.769775077700615,-197.44223356246948,-18.41951534152031,0.24356051858738578,0.08873097869430968,-0.6592504865590338,,,cuVSLAM,,
188,1761212592688,22.0852792263031,-205.527663230896,-20.593471825122833,0.25520067226439486,0.09403835680286622,-0.6664042649120786,,,cuVSLAM,,
189,1761212592722,22.26230315864086,-214.4366204738617,-22.504478693008423,0.2664150329233289,0.10036435051378406,-0.6748802457297274,,,cuVSLAM,,
190,1761212592755,23.18711392581463,-222.133606672287,-24.520128965377808,0.2762125544681494,0.10664813594126708,-0.681043734157608,,,cuVSLAM,,
191,1761212592788,24.612966924905777,-228.9038747549057,-26.74569934606552,0.28483949751484655,0.11302943854347247,-0.6864264973960161,,,cuVSLAM,,
192,1761212592822,26.551680639386177,-234.78032648563385,-28.086651116609573,0.29247547381842637,0.12029607722963079,-0.6928225802138182,,,cuVSLAM,,
193,1761212592855,28.782039880752563,-239.85835909843445,-29.966773465275764,0.2990244794552202,0.1269430766641089,-0.696981314871323,,,cuVSLAM,,
194,1761212592888,31.484130769968033,-244.4065660238266,-32.15043619275093,0.3045010692064263,0.1335105037655849,-0.6998326265448529,,,cuVSLAM,,
195,1761212592922,34.3342199921608,-249.1399347782135,-32.92953968048096,0.30906406873594583,0.14164215108696493,-0.7037911124950449,,,cuVSLAM,,
196,1761212592955,37.49190270900726,-252.8189718723297,-34.806765615940094,0.31286466777358707,0.1490742200864532,-0.7085022690006973,,,cuVSLAM,,
197,1761212592988,40.74418544769287,-256.10998272895813,-36.756426095962524,0.3166108603656596,0.15608610328612155,-0.7107352366647148,,,cuVSLAM,,
198,1761212593022,43.91372203826904,-259.6542239189148,-39.02927786111832,0.3204492754651182,0.1629055974752584,-0.7125017135921512,,,cuVSLAM,,
199,1761212593055,46.76221311092377,-263.480544090271,-41.05008393526077,0.3242427975253791,0.17010021284060023,-0.7153798515779966,,,cuVSLAM,,
200,1761212593088,49.331627786159515,-268.47201585769653,-43.31633448600769,0.3287608990347513,0.17746639668953867,-0.7182169330762693,,,cuVSLAM,,
201,1761212593122,52.38476023077965,-272.9094922542572,-45.367930084466934,0.33349724016810917,0.1852407621779333,-0.721182821003132,,,cuVSLAM,,
202,1761212593155,53.75973507761955,-278.6300778388977,-48.857517540454865,0.3382218199898606,0.19274707659968907,-0.7235839311969767,,,cuVSLAM,,
203,1761212593188,57.58935213088989,-283.7406098842621,-50.83910748362541,0.3432719435905785,0.2024986212485746,-0.7270548983181603,,,cuVSLAM,,
204,1761212593222,61.89695745706558,-288.81943225860596,-53.8090355694294,0.3480515649204525,0.2126979206024901,-0.7305309446713218,,,cuVSLAM,,
205,1761212593255,66.52849167585373,-293.90183091163635,-56.06359988451004,0.352220134471381,0.22488262369118522,-0.7353468042467983,,,cuVSLAM,,
206,1761212593288,72.56969809532166,-298.44576120376587,-59.276282787323,0.3554923009052711,0.23732890197466383,-0.7393417927021662,,,cuVSLAM,,
207,1761212593322,79.17845249176025,-302.4497628211975,-62.82813847064972,0.3577623889665522,0.25016275385770187,-0.7425070506953775,,,cuVSLAM,,
208,1761212593355,86.19536459445953,-306.08484148979187,-65.87211042642593,0.35918641349009034,0.26387187197079787,-0.7448346088837423,,,cuVSLAM,,
209,1761212593388,93.62013638019562,-309.2701733112335,-69.10109519958496,0.3598037977658394,0.277769728482597,-0.7465441509056884,,,cuVSLAM,,
210,1761212593421,101.23197734355927,-312.19759583473206,-72.1740573644638,0.3594173413852861,0.2921363381208274,-0.7485818520817974,,,cuVSLAM,,
211,1761212593455,109.0264767408371,-314.6030902862549,-74.71650838851929,0.35838818167955744,0.3066832560595416,-0.7504071780860393,,,cuVSLAM,,
212,1761212593488,116.88503623008728,-316.43763184547424,-77.51388847827911,0.3563167120286976,0.32087535165585407,-0.7535163245679525,,,cuVSLAM,,
213,1761212593521,124.61180984973907,-317.7923858165741,-80.21928369998932,0.35344556248381753,0.33464641265098855,-0.7566102690275545,,,cuVSLAM,,
214,1761212593555,132.78059661388397,-318.514883518219,-83.02991092205048,0.3501452541287212,0.34747580198615113,-0.7584772878993223,,,cuVSLAM,,
215,1761212593588,140.14144241809845,-318.9407289028168,-85.4499563574791,0.34637961425307423,0.35984491356104004,-0.7591813907771018,,,cuVSLAM,,
216,1761212593621,147.5686877965927,-318.901926279068,-87.76140958070755,0.34190645827811167,0.3718994497651456,-0.7607950810607788,,,cuVSLAM,,
217,1761212593655,154.8323780298233,-318.37528944015503,-90.04627168178558,0.33689480022829005,0.3831671819540639,-0.7615166187540354,,,cuVSLAM,,
218,1761212593688,162.09235787391663,-317.2164857387543,-92.13574230670929,0.3315047714033168,0.39365615760839984,-0.7608684453667476,,,cuVSLAM,,
219,1761212593722,168.80100965499878,-315.75092673301697,-93.95229816436768,0.32574331321760946,0.4032107822410734,-0.7587735207762848,,,cuVSLAM,,
220,1761212593755,175.2212792634964,-313.6555850505829,-95.45077383518219,0.3193959689058709,0.41179190223255513,-0.7563625625083237,,,cuVSLAM,,
221,1761212593788,181.2663972377777,-311.0342025756836,-96.52093797922134,0.3122430527728516,0.41958220495440013,-0.7548057228188115,,,cuVSLAM,,
222,1761212593822,187.13755905628204,-307.7795207500458,-97.29885309934616,0.30442127706898914,0.4263229553635093,-0.753546173742811,,,cuVSLAM,,
223,1761212593855,192.4813985824585,-304.1287362575531,-97.4944606423378,0.2963824097953447,0.4320117714420086,-0.7508492283922608,,,cuVSLAM,,
224,1761212593889,197.3852664232254,-300.00635981559753,-97.64285385608673,0.2878473519877659,0.4367447735782587,-0.7483766922749949,,,cuVSLAM,,
225,1761212593922,202.1467536687851,-295.50448060035706,-97.46240079402924,0.2795540007180953,0.44048699968762806,-0.7434696126682233,,,cuVSLAM,,
226,1761212593955,206.8002223968506,-290.1718020439148,-97.42678701877594,0.27249908571468145,0.44206660098919787,-0.7319338847834251,,,cuVSLAM,,
227,1761212593989,210.80370247364044,-284.90495681762695,-96.73984348773956,0.2650123778053851,0.4438645494159545,-0.7207640739195625,,,cuVSLAM,,
228,1761212594022,214.94419872760773,-279.48567271232605,-96.12259268760681,0.2563788536237932,0.44610304688916524,-0.7145272292891794,,,cuVSLAM,,
229,1761212594056,218.71663630008698,-273.9640474319458,-95.61412781476974,0.24817492630513988,0.4474809852065489,-0.7063815207787877,,,cuVSLAM,,
230,1761212594089,222.4145382642746,-268.1093215942383,-94.90266442298889,0.24064683900230674,0.4479830478397095,-0.6944026206749706,,,cuVSLAM,,
231,1761212594122,225.84883868694305,-262.2332572937012,-94.00862455368042,0.23282601086514734,0.4485498295437377,-0.6837070501364665,,,cuVSLAM,,
232,1761212594156,229.24305498600006,-255.98761439323425,-93.06260943412781,0.22625887012725918,0.4479205438173874,-0.667576492723697,,,cuVSLAM,,
233,1761212594189,232.02238976955414,-249.17200207710266,-91.9145941734314,0.22005134771023416,0.44652739344208553,-0.6487878953666912,,,cuVSLAM,,
234,1761212594223,234.65313017368317,-242.76432394981384,-90.79968929290771,0.2114509606733298,0.44625356471481015,-0.6395084059040049,,,cuVSLAM,,
235,1761212594256,237.07136511802673,-236.4017814397812,-89.6041989326477,0.20181899416460397,0.44609757394928856,-0.6338866691496889,,,cuVSLAM,,
236,1761212594289,239.5687848329544,-229.32226955890656,-88.38421106338501,0.19225804133792587,0.44505075427869756,-0.6260898268577395,,,cuVSLAM,,
237,1761212594323,241.76855385303497,-222.23882377147675,-87.48972415924072,0.180648632101024,0.4442451497789759,-0.6244161651979123,,,cuVSLAM,,
238,1761212594356,243.86794865131378,-215.04679322242737,-86.43653988838196,0.16717677968878908,0.4437658473846914,-0.6280864423473425,,,cuVSLAM,,
239,1761212594390,245.83344161510468,-207.15826749801636,-85.03253757953644,0.15418813844519536,0.442517565602427,-0.6266977866654688,,,cuVSLAM,,
240,1761212594423,247.99689650535583,-198.82617890834808,-83.67536962032318,0.14035089715845886,0.44108557852580305,-0.6262927874238434,,,cuVSLAM,,
241,1761212594456,250.12508034706116,-190.20918011665344,-82.52468705177307,0.12489837230533465,0.43979175028695083,-0.6304219103478544,,,cuVSLAM,,
242,1761212594490,252.11980938911438,-181.10805749893188,-81.18797838687897,0.10925885144161898,0.438037909615883,-0.632000195962834,,,cuVSLAM,,
243,1761212594523,254.00105118751526,-171.50187492370605,-79.81930673122406,0.09404660415940184,0.4354432456230737,-0.6301180176256233,,,cuVSLAM,,
244,1761212594557,255.66169619560242,-161.85756027698517,-78.83146405220032,0.07795467665913498,0.4326777058342366,-0.6313309802571552,,,cuVSLAM,,
245,1761212594590,257.41949677467346,-152.07339823246002,-77.82571017742157,0.06188820469874901,0.42990944515708557,-0.632427356589735,,,cuVSLAM,,
246,1761212594623,258.8796019554138,-142.3071324825287,-76.29282027482986,0.0467682877667499,0.4271231628564128,-0.6296601887820213,,,cuVSLAM,,
247,1761212594657,260.03941893577576,-132.55304098129272,-75.42543113231659,0.03203656840636063,0.42370706121289925,-0.6267337634832895,,,cuVSLAM,,
248,1761212594690,261.0643208026886,-123.09753894805908,-74.86724853515625,0.017249134799389436,0.42019426875031124,-0.6256092273595835,,,cuVSLAM,,
249,1761212594724,262.21412420272827,-113.54930698871613,-73.9205926656723,0.0031921752895759142,0.4167938747817851,-0.6225460118862195,,,cuVSLAM,,
250,1761212594757,262.8154158592224,-103.94282639026642,-73.16268235445023,-0.009701841473374,0.4128220127929521,-0.6155310277453943,,,cuVSLAM,,
251,1761212594790,263.3340060710907,-94.68869864940643,-72.48882949352264,-0.022623202544076487,0.4089214562020174,-0.6106598737856627,,,cuVSLAM,,
252,1761212594824,263.73711228370667,-85.7846736907959,-72.01959192752838,-0.03579329932183613,0.40501732395393986,-0.6086196742701391,,,cuVSLAM,,
253,1761212594857,263.9451026916504,-77.05581188201904,-71.54972851276398,-0.04801821719328123,0.4010421473900615,-0.60434226342027,,,cuVSLAM,,
254,1761212594891,263.948529958725,-68.42070817947388,-71.02981209754944,-0.05928688520271675,0.3969740159662099,-0.5976548407511509,,,cuVSLAM,,
255,1761212594924,263.42132687568665,-60.174718499183655,-70.6133246421814,-0.0704335382756716,0.3924305232480935,-0.5930936007918336,,,cuVSLAM,,
256,1761212594957,262.74991035461426,-52.28981375694275,-70.13502717018127,-0.08113414995871394,0.3877728205676661,-0.5890201108858505,,,cuVSLAM,,
257,1761212594991,261.88552379608154,-44.38532888889313,-69.54361498355865,-0.090760420347431,0.3826448124178522,-0.5824112012323934,,,cuVSLAM,,
258,1761212595024,260.2316439151764,-36.77169978618622,-68.70288401842117,-0.10000019793708319,0.3769364535263508,-0.5763548569486473,,,cuVSLAM,,
259,1761212595057,258.51568579673767,-29.417723417282104,-67.60287284851074,-0.10867579298306032,0.3709985773045559,-0.5702602347843136,,,cuVSLAM,,
260,1761212595091,256.0659945011139,-22.120177745819092,-66.41681492328644,-0.11642712168213828,0.3644732326627121,-0.5620559232885348,,,cuVSLAM,,
261,1761212595124,253.17946076393127,-14.98451828956604,-64.9065226316452,-0.12337298403707185,0.357638893860361,-0.5517778679048946,,,cuVSLAM,,
262,1761212595158,249.7997283935547,-8.038580417633057,-63.632406294345856,-0.12985934282493203,0.34992939484000024,-0.5420732924749304,,,cuVSLAM,,
263,1761212595191,246.0421472787857,-1.1498332023620605,-62.279053032398224,-0.13630179652120444,0.34161610914981505,-0.5333442666410593,,,cuVSLAM,,
264,1761212595224,241.8355792760849,5.603671073913574,-60.96522510051727,-0.1421474090165772,0.3326610303989279,-0.5227188967086439,,,cuVSLAM,,
265,1761212595258,236.72659695148468,12.131273746490479,-59.48716402053833,-0.14785036395089646,0.3230013947267855,-0.5131547965767886,,,cuVSLAM,,
266,1761212595291,231.56403005123138,18.870800733566284,-58.25124680995941,-0.15343654809773113,0.3128689665545921,-0.5030034283088477,,,cuVSLAM,,
267,1761212595325,226.04775428771973,25.524556636810303,-56.52954429388046,-0.15826165957645144,0.3028947838149393,-0.48975981284053627,,,cuVSLAM,,
268,1761212595358,220.30456364154816,31.90627694129944,-54.69502508640289,-0.16260810241297746,0.2927799971762494,-0.47633194627927994,,,cuVSLAM,,
269,1761212595391,213.8402909040451,37.66244649887085,-52.46863514184952,-0.16678237758917205,0.2826360436367977,-0.4633751742024054,,,cuVSLAM,,
270,1761212595425,207.30529725551605,43.3153510093689,-50.59821158647537,-0.1702554882153176,0.2720400423914153,-0.45072671390795815,,,cuVSLAM,,
271,1761212595458,200.73921978473663,48.36905002593994,-48.72623085975647,-0.17291758679924832,0.2614715526290562,-0.4385953437372808,,,cuVSLAM,,
272,1761212595492,193.9525455236435,52.66070365905762,-47.311849892139435,-0.17514109597065505,0.25071721525440543,-0.42789883446656274,,,cuVSLAM,,
273,1761212595525,187.58313357830048,56.45573139190674,-45.43299227952957,-0.1766328348635352,0.24039364158853385,-0.4193447261909458,,,cuVSLAM,,
274,1761212595558,180.8987706899643,59.261202812194824,-44.176630675792694,-0.17721376303905526,0.22973363309917394,-0.4113898710851274,,,cuVSLAM,,
275,1761212595592,174.1631031036377,61.63536384701729,-43.364267796278,-0.17650394200277625,0.21887716375246377,-0.4042038742465308,,,cuVSLAM,,
276,1761212595625,167.3114150762558,62.2779056429863,-41.092269122600555,-0.17475042456440865,0.20875541792037397,-0.3994023435327517,,,cuVSLAM,,
277,1761212595659,160.22305190563202,62.07090988755226,-39.06972333788872,-0.17171541664415868,0.19822610548130662,-0.3957600141169236,,,cuVSLAM,,
278,1761212595692,153.49890291690826,61.671316623687744,-36.73585504293442,-0.16734135490065102,0.18796097869755368,-0.3916560790187356,,,cuVSLAM,,
279,1761212595725,146.12600207328796,59.930022805929184,-34.16825085878372,-0.16183231164191114,0.1775806206663613,-0.38817027141192967,,,cuVSLAM,,
280,1761212595758,138.6638879776001,57.642243802547455,-31.66532889008522,-0.1554537218836868,0.1669697693307461,-0.38552201544216463,,,cuVSLAM,,
281,1761212595792,131.0606598854065,54.811991751194,-28.85836362838745,-0.1479450191738581,0.1565717471790675,-0.381983753190471,,,cuVSLAM,,
282,1761212595825,123.16800653934479,51.389429718256,-26.336390525102615,-0.13975473574066952,0.14587154689207374,-0.3783486408640892,,,cuVSLAM,,
283,1761212595858,115.33568054437637,47.53284901380539,-23.415137082338333,-0.13100005522525301,0.13539629793668795,-0.3755966108064099,,,cuVSLAM,,
284,1761212595892,107.29498416185379,43.1564599275589,-21.13058790564537,-0.12173906848196883,0.12448775765214934,-0.3729441720556172,,,cuVSLAM,,
285,1761212595925,99.15526956319809,38.44091296195984,-18.698783591389656,-0.1117679409888636,0.11373823909599569,-0.37109600859132935,,,cuVSLAM,,
286,1761212595958,91.47220104932785,33.24228525161743,-16.764767467975616,-0.10121311532834058,0.10286880994641767,-0.37039870923080837,,,cuVSLAM,,
287,1761212595992,83.57120305299759,27.549002319574356,-14.759734272956848,-0.09014997486213439,0.09244763431470242,-0.3698858659919444,,,cuVSLAM,,
288,1761212596025,76.0539323091507,21.306555718183517,-12.738414108753204,-0.0786586550265535,0.0826776196014286,-0.3702681175432584,,,cuVSLAM,,
289,1761212596058,69.00085508823395,14.850974082946777,-10.867346078157425,-0.0667567395638639,0.07352198234778348,-0.37110799479721684,,,cuVSLAM,,
290,1761212596091,62.07612156867981,8.045796304941177,-9.254924952983856,-0.054515852209613976,0.0649018096698115,-0.37206167286601255,,,cuVSLAM,,
291,1761212596125,55.555589497089386,0.8368529379367828,-7.892005145549774,-0.041793201142537546,0.056727973258943916,-0.3739722099128847,,,cuVSLAM,,
292,1761212596158,49.180179834365845,-6.740156561136246,-6.441045552492142,-0.02884538479264077,0.04932798073614062,-0.3768140376711554,,,cuVSLAM,,
293,1761212596191,43.21932792663574,-14.56640288233757,-5.366478115320206,-0.015643661644200575,0.04235443475333135,-0.3799489772636174,,,cuVSLAM,,
294,1761212596225,37.61403262615204,-22.71837368607521,-3.9519034326076508,-0.0018353966330532958,0.03632781879724109,-0.381986970007495,,,cuVSLAM,,
295,1761212596258,32.54806995391846,-31.034108251333237,-3.160722553730011,0.012289469970454901,0.03070043185361881,-0.38518671879906485,,,cuVSLAM,,
296,1761212596291,27.492821216583252,-39.90119323134422,-2.8912313282489777,0.026814763632905057,0.025397806663616008,-0.3908460346756737,,,cuVSLAM,,
297,1761212596325,22.936880588531494,-49.139153212308884,-1.7948411405086517,0.04184164179372285,0.021445953097625228,-0.3966011545277482,,,cuVSLAM,,
298,1761212596358,18.47580075263977,-58.6543045938015,-1.2190192937850952,0.05707894943780257,0.017789606163411464,-0.4012029530308823,,,cuVSLAM,,
299,1761212596391,14.472812414169312,-67.85480678081512,-1.5402361750602722,0.07197400045303023,0.014351976767186582,-0.4057297077713264,,,cuVSLAM,,
300,1761212596424,11.130422353744507,-77.14305818080902,-1.563001424074173,0.08679880922235819,0.012000887142441467,-0.41130283623497366,,,cuVSLAM,,
301,1761212596458,7.917642593383789,-86.42557263374329,-1.9655674695968628,0.10146105775290899,0.010083211420196908,-0.41720932489363904,,,cuVSLAM,,
302,1761212596491,4.992052912712097,-95.7355946302414,-2.2255145013332367,0.1160509173865482,0.0088780060919519,-0.42293807836812897,,,cuVSLAM,,
303,1761212596524,2.5830864906311035,-104.77961599826813,-2.770695835351944,0.13028221272956866,0.008212068164120201,-0.4283118653861292,,,cuVSLAM,,
304,1761212596558,0.37078559398651123,-113.76361548900604,-3.840748220682144,0.14414024754723023,0.007858274722220608,-0.4335575899502741,,,cuVSLAM,,
305,1761212596591,-1.2308210134506226,-122.34452366828918,-4.200924187898636,0.1579217921773483,0.008458945269290558,-0.4395786840041355,,,cuVSLAM,,
306,1761212596624,-3.006979823112488,-131.32743537425995,-4.820026457309723,0.17154173396925573,0.00915392541129068,-0.44440395289189694,,,cuVSLAM,,
307,1761212596658,-4.911735653877258,-140.08699357509613,-5.957793444395065,0.18490620027901195,0.009571326232900745,-0.4479780125068856,,,cuVSLAM,,
308,1761212596691,-6.363615393638611,-148.23494851589203,-6.788428872823715,0.1977214134937903,0.010448366168180902,-0.45157044764464,,,cuVSLAM,,
309,1761212596724,-7.9107582569122314,-156.24183416366577,-7.810633629560471,0.21018160888319756,0.011313596999321213,-0.45498301406694014,,,cuVSLAM,,
310,1761212596757,-9.111881256103516,-163.7142151594162,-8.717544376850128,0.22198083277831723,0.012355204835472674,-0.4582973676199436,,,cuVSLAM,,
311,1761212596791,-10.139048099517822,-170.62442004680634,-9.630877524614334,0.23273347413698425,0.013605815118887761,-0.46125096179883796,,,cuVSLAM,,
312,1761212596824,-10.505974292755127,-176.39781534671783,-11.049438267946243,0.2418983780668622,0.015020632847093748,-0.46414636488726374,,,cuVSLAM,,
313,1761212596857,-10.39057970046997,-181.79041147232056,-11.822793632745743,0.24975249464588764,0.017262394852217595,-0.4659241764335001,,,cuVSLAM,,
314,1761212596891,-9.970337152481079,-185.92047691345215,-12.740977108478546,0.2557140954668836,0.019516555783213034,-0.46717963342485946,,,cuVSLAM,,
315,1761212596924,-9.09009575843811,-188.7459009885788,-13.381369411945343,0.25980774958483327,0.021910856754003664,-0.4680730595288269,,,cuVSLAM,,
316,1761212596957,-7.951885461807251,-190.78578054904938,-13.572383671998978,0.26202506121563446,0.024481964709168854,-0.46809760729778466,,,cuVSLAM,,
317,1761212596991,-6.443440914154053,-191.1940723657608,-13.288099318742752,0.2622083270893506,0.026925771825044312,-0.4671870565045732,,,cuVSLAM,,
318,1761212597024,-4.7430843114852905,-189.98901546001434,-13.257674872875214,0.2600186985045843,0.02857871192538419,-0.46343531428838364,,,cuVSLAM,,
319,1761212597057,-2.596557140350342,-187.0211958885193,-12.749183923006058,0.25562681668827175,0.030028598165331835,-0.4569403338207766,,,cuVSLAM,,
320,1761212597090,-0.23928284645080566,-182.6781928539276,-12.698106467723846,0.2492197753450121,0.030776925671470678,-0.4493547080043094,,,cuVSLAM,,
321,1761212597124,1.900315284729004,-177.57844924926758,-11.945199221372604,0.24100482051252942,0.03165262756085856,-0.4401379430438857,,,cuVSLAM,,
322,1761212597157,4.324406385421753,-171.28150165081024,-10.88789477944374,0.23114315634395421,0.03246474561446541,-0.4306897683545462,,,cuVSLAM,,
323,1761212597190,6.714493036270142,-164.17530179023743,-9.50322300195694,0.22002393006544643,0.03336698650479057,-0.42160991524604696,,,cuVSLAM,,
324,1761212597224,8.882105350494385,-156.55076503753662,-8.601658046245575,0.20797213014094057,0.033973420989012085,-0.4146770721236533,,,cuVSLAM,,
325,1761212597257,10.974675416946411,-148.46065640449524,-8.386563509702682,0.19528552178262,0.034184409466785165,-0.4095811174435868,,,cuVSLAM,,
326,1761212597290,13.41855525970459,-140.17438888549805,-7.367163896560669,0.18249238895979178,0.034817924192135176,-0.4031757936610164,,,cuVSLAM,,
327,1761212597324,15.557259321212769,-131.75807893276215,-6.407871842384338,0.16967509356597035,0.035142529386276426,-0.39396407888391605,,,cuVSLAM,,
328,1761212597357,17.782777547836304,-123.1585294008255,-5.495335906744003,0.15682909400844472,0.03553459113546494,-0.38488979071639645,,,cuVSLAM,,
329,1761212597390,20.113229751586914,-114.47112262248993,-4.73640114068985,0.1440188297808717,0.036101647324773625,-0.37525702061015237,,,cuVSLAM,,
330,1761212597423,22.34792709350586,-105.5535078048706,-4.289809614419937,0.13122291035302394,0.03656364812012032,-0.36257575358942934,,,cuVSLAM,,
331,1761212597457,24.898231029510498,-96.23472392559052,-3.565143793821335,0.11837130266275851,0.037370440157849,-0.34743422898516796,,,cuVSLAM,,
332,1761212597490,27.212277054786682,-86.98320388793945,-3.618445247411728,0.10516932580754587,0.038091531892150934,-0.3307094097932047,,,cuVSLAM,,
333,1761212597523,29.597997665405273,-77.84205675125122,-3.491844981908798,0.09179472753244318,0.03946997083884371,-0.3142123507963795,,,cuVSLAM,,
334,1761212597557,31.5820574760437,-68.9161866903305,-3.987181931734085,0.07811401554990455,0.04075431892541767,-0.29862562644933593,,,cuVSLAM,,
335,1761212597590,34.73891317844391,-58.963846415281296,-3.9591528475284576,0.06421614992534752,0.042615746375330534,-0.285437357734684,,,cuVSLAM,,
336,1761212597623,37.19601035118103,-49.16686937212944,-4.155263304710388,0.050016754908343286,0.04453696906933784,-0.2722350671743774,,,cuVSLAM,,
337,1761212597657,39.5568311214447,-39.18091580271721,-4.51216846704483,0.035422099747549035,0.04655249103081287,-0.25945449269943766,,,cuVSLAM,,
338,1761212597690,41.995808482170105,-28.980981558561325,-5.391854792833328,0.020355507872412394,0.04852566483115194,-0.24759654172199,,,cuVSLAM,,
339,1761212597723,44.39568519592285,-18.726136535406113,-6.20429590344429,0.0049533971181397315,0.050855095289237325,-0.23766801254849731,,,cuVSLAM,,
340,1761212597757,46.743243932724,-8.079823106527328,-7.341083139181137,-0.010557023107612293,0.05281201154057421,-0.22796581030954755,,,cuVSLAM,,
341,1761212597790,48.94956946372986,2.9112622141838074,-8.127983659505844,-0.02628161834164195,0.0549268704633439,-0.21719379263627223,,,cuVSLAM,,
342,1761212597824,50.88017135858536,13.667907565832138,-8.878018707036972,-0.042025852257118385,0.05699276045278017,-0.20679188406527602,,,cuVSLAM,,
343,1761212597857,52.1588921546936,23.840446025133133,-10.055940598249435,-0.057747856736932744,0.05862582820045485,-0.1983211894938262,,,cuVSLAM,,
344,1761212597890,53.72324585914612,34.2029370367527,-10.99446788430214,-0.0731543185454319,0.06026880372174524,-0.1921959636051138,,,cuVSLAM,,
345,1761212597924,55.39235472679138,44.422414153814316,-12.516036629676819,-0.0881924510224964,0.061525894331567195,-0.18819389151785396,,,cuVSLAM,,
346,1761212597957,57.090237736701965,53.883157670497894,-13.988658785820007,-0.10263307055964213,0.06291054479396907,-0.1859612041359614,,,cuVSLAM,,
347,1761212597990,58.89907479286194,62.90204077959061,-15.377551317214966,-0.11663893833588512,0.06472957789115558,-0.18406620134480192,,,cuVSLAM,,
348,1761212598024,61.21346354484558,72.3705068230629,-16.80910401046276,-0.13000466681215778,0.06702908267765555,-0.18108881244189295,,,cuVSLAM,,
349,1761212598057,63.621021807193756,80.97875118255615,-18.515540286898613,-0.14264666595613062,0.06982136874983753,-0.17686301794329387,,,cuVSLAM,,
350,1761212598091,65.83083420991898,88.58116716146469,-21.25275880098343,-0.15477195875421285,0.072608321154935,-0.1726864591710902,,,cuVSLAM,,
351,1761212598124,68.78291070461273,96.22855484485626,-22.982750087976456,-0.16620022983351546,0.07704011190419062,-0.16903420970598532,,,cuVSLAM,,
352,1761212598157,72.19307869672775,102.52778232097626,-24.42338317632675,-0.17677806109047597,0.08253943460573113,-0.1646161565398299,,,cuVSLAM,,
353,1761212598191,75.93178749084473,107.97689110040665,-26.397662237286568,-0.1868237364778764,0.08849791617832073,-0.16096630398502035,,,cuVSLAM,,
354,1761212598224,80.46940714120865,113.78991603851318,-28.36618199944496,-0.1963755957417633,0.09516892811911536,-0.15999881088464718,,,cuVSLAM,,
355,1761212598258,85.5446308851242,119.32741105556488,-30.89486062526703,-0.2056802108217465,0.10231526556920549,-0.1595470544502655,,,cuVSLAM,,
356,1761212598291,90.79199284315109,124.31585788726807,-33.2203172147274,-0.2143393637169975,0.11001407453674807,-0.1595140986728862,,,cuVSLAM,,
357,1761212598324,96.40979766845703,128.91718745231628,-35.7518345117569,-0.22248989268879926,0.11783097387283775,-0.16024171999357392,,,cuVSLAM,,
358,1761212598358,101.72092169523239,132.88386166095734,-38.19121792912483,-0.2300300764576264,0.12565594337263006,-0.1614999157683763,,,cuVSLAM,,
359,1761212598391,106.82132840156555,136.29251718521118,-40.47103226184845,-0.2365727146159274,0.133035932993053,-0.16272260025394442,,,cuVSLAM,,
360,1761212598424,111.51482164859772,139.241024851799,-42.367834597826004,-0.24185197921977034,0.13969309993153098,-0.16399431844137516,,,cuVSLAM,,
361,1761212598458,115.32419919967651,141.495943069458,-44.11030188202858,-0.2459204274813558,0.1450434812597141,-0.16518957093046183,,,cuVSLAM,,
362,1761212598491,117.82988905906677,142.54948496818542,-45.05905508995056,-0.2485025051036596,0.1489021842775943,-0.16588369231496164,,,cuVSLAM,,
363,1761212598525,119.3324625492096,143.37903261184692,-44.42490637302399,-0.2494327268047137,0.15137676242115342,-0.16661192802766647,,,cuVSLAM,,
364,1761212598558,118.93957853317261,143.29653978347778,-44.230420142412186,-0.2491008982333435,0.15083379599460087,-0.1667029011854242,,,cuVSLAM,,
365,1761212598591,117.54772067070007,142.5163894891739,-43.4204563498497,-0.24762515282855202,0.1489196713258398,-0.16641875933552674,,,cuVSLAM,,
366,1761212598625,115.50173163414001,141.31593704223633,-42.609021067619324,-0.2453853942930437,0.1458333776504785,-0.16612892417588518,,,cuVSLAM,,
367,1761212598658,113.21739107370377,139.45525884628296,-40.966831147670746,-0.24230560636121534,0.14255322049444277,-0.16706239370601045,,,cuVSLAM,,
368,1761212598691,111.05243116617203,137.43074238300323,-40.0342233479023,-0.23920884328553801,0.13878802523529352,-0.16967172954454238,,,cuVSLAM,,
369,1761212598725,108.76452922821045,135.15999913215637,-38.87492045760155,-0.23562454032602886,0.1355942464922627,-0.17036573891469292,,,cuVSLAM,,
370,1761212598758,106.86241090297699,132.63006508350372,-37.53746300935745,-0.2314135228506214,0.1326099315027596,-0.17118936349903915,,,cuVSLAM,,
371,1761212598791,104.80426251888275,129.6537071466446,-36.377616226673126,-0.22642534796659491,0.12938014920227311,-0.17262513734114518,,,cuVSLAM,,
372,1761212598825,102.63048857450485,126.15221738815308,-34.75985676050186,-0.22033715312629268,0.12617054385253268,-0.17398307446407474,,,cuVSLAM,,
373,1761212598858,100.375235080719,121.75233662128448,-32.62299299240112,-0.2132228783481646,0.12325815013864296,-0.17494761162872938,,,cuVSLAM,,
374,1761212598891,98.18179905414581,116.92632734775543,-31.061628833413124,-0.20517857708708118,0.11991959596234543,-0.17635665023513006,,,cuVSLAM,,
375,1761212598924,95.98036855459213,111.5788072347641,-29.019726440310478,-0.19605595272259876,0.1168750348657042,-0.1780093277863509,,,cuVSLAM,,
376,1761212598958,93.8095971941948,105.05375266075134,-26.50885097682476,-0.18582985415859235,0.11430559385576548,-0.1796164325422721,,,cuVSLAM,,
377,1761212598991,91.76644682884216,98.35456311702728,-24.51741136610508,-0.17496977205840908,0.11151543241453361,-0.18195497803853053,,,cuVSLAM,,
378,1761212599024,89.58984911441803,90.64142405986786,-22.246791049838066,-0.16313739914937941,0.10889004473784346,-0.1845550552854813,,,cuVSLAM,,
379,1761212599058,87.66224980354309,82.78621733188629,-20.252689719200134,-0.15062554387055468,0.10617448198094642,-0.18760419484864516,,,cuVSLAM,,
380,1761212599091,85.10569483041763,74.04641062021255,-17.87031441926956,-0.13736150216594803,0.10360793622338124,-0.190182791596916,,,cuVSLAM,,
381,1761212599124,82.95231312513351,65.36602228879929,-16.269629821181297,-0.1236625761398905,0.10065851710832605,-0.1936855743576657,,,cuVSLAM,,
382,1761212599158,80.70501685142517,56.37303739786148,-14.499224722385406,-0.10940024196533055,0.09790217647415678,-0.19752643646066467,,,cuVSLAM,,
383,1761212599191,78.5214975476265,46.971388161182404,-12.723585590720177,-0.09466959060780855,0.0951766209331944,-0.20161671262094516,,,cuVSLAM,,
384,1761212599224,76.33619755506516,37.06469386816025,-10.82577183842659,-0.07936012879640772,0.09271133412701024,-0.20580577016271429,,,cuVSLAM,,
385,1761212599257,74.19660687446594,26.972491294145584,-9.74762812256813,-0.06382055500509419,0.09027383934729595,-0.2105205676720156,,,cuVSLAM,,
386,1761212599291,72.2668468952179,16.40937104821205,-8.40015709400177,-0.047678185508719974,0.0886095795204809,-0.21549387890651825,,,cuVSLAM,,
387,1761212599324,70.78783214092255,5.30710443854332,-7.151547819375992,-0.031248491136230194,0.08768720722759482,-0.22070023871710176,,,cuVSLAM,,
388,1761212599357,69.66967135667801,-5.603726953268051,-6.575595587491989,-0.01460318418769497,0.08712854403292622,-0.22636252261761575,,,cuVSLAM,,
389,1761212599391,68.95337998867035,-16.576256603002548,-5.756407976150513,0.0023770869942709954,0.087404323533242,-0.23195040396669087,,,cuVSLAM,,
390,1761212599424,68.25302541255951,-28.217453509569168,-5.188167095184326,0.019403852415264607,0.0882469322924256,-0.23815928451337048,,,cuVSLAM,,
391,1761212599457,67.76230037212372,-39.79439660906792,-4.882942885160446,0.03639447375781205,0.0895211320921247,-0.24469917831253607,,,cuVSLAM,,
392,1761212599490,67.4220398068428,-51.23597010970116,-4.427902400493622,0.053435425107723596,0.09098310918015487,-0.25108051284892724,,,cuVSLAM,,
393,1761212599524,66.58707559108734,-62.72716820240021,-4.558350890874863,0.07024761810437143,0.09190881457372638,-0.25683268640524076,,,cuVSLAM,,
394,1761212599557,65.73852151632309,-73.25585186481476,-5.343213677406311,0.08684632079953536,0.09222976810400724,-0.26238703944564684,,,cuVSLAM,,
395,1761212599590,64.88687545061111,-84.1076523065567,-5.897637456655502,0.10322546217280051,0.09301314685368277,-0.26727724198995245,,,cuVSLAM,,
396,1761212599624,64.19100612401962,-94.49000656604767,-6.448898464441299,0.11935331746061062,0.09387997514591939,-0.27225989699083103,,,cuVSLAM,,
397,1761212599657,63.097432255744934,-104.83463108539581,-7.110964506864548,0.13516233336926808,0.09461657323883844,-0.2765408534592158,,,cuVSLAM,,
398,1761212599690,62.114641070365906,-114.74043130874634,-8.337818086147308,0.15059680093828554,0.09500436024451919,-0.2806407863760022,,,cuVSLAM,,
399,1761212599723,60.98511815071106,-124.68212842941284,-9.26150381565094,0.1655231352104809,0.09571246651242427,-0.2844937581968888,,,cuVSLAM,,
400,1761212599757,59.94006246328354,-133.80011916160583,-10.234490036964417,0.17968830373190542,0.0963124525350132,-0.28798452044675166,,,cuVSLAM,,
401,1761212599790,59.1532438993454,-142.46679842472076,-10.809626430273056,0.1929870664378353,0.0973066116765372,-0.29084766240439874,,,cuVSLAM,,
402,1761212599823,58.49667638540268,-150.14542639255524,-11.90105453133583,0.20516102438936024,0.09804122726947716,-0.2934023384013382,,,cuVSLAM,,
403,1761212599857,57.58419632911682,-157.6467752456665,-13.019140809774399,0.21642334313571607,0.0985450655772955,-0.2952980706152847,,,cuVSLAM,,
404,1761212599890,54.304368793964386,-165.86889326572418,-15.54652489721775,0.22654577508090928,0.09779178606870828,-0.2952153350209089,,,cuVSLAM,,
405,1761212599923,53.301431238651276,-171.60384356975555,-16.37236401438713,0.23608419554222523,0.09735203012831488,-0.2958781911291587,,,cuVSLAM,,
406,1761212599957,51.352608948946,-177.4568110704422,-17.54985935986042,0.2448303051438841,0.09590086592972809,-0.2948896274406337,,,cuVSLAM,,
407,1761212599990,49.25551638007164,-182.41946399211884,-18.552660942077637,0.2527337878411567,0.09393232559572277,-0.29537601926277735,,,cuVSLAM,,
408,1761212600023,47.262124717235565,-186.81684136390686,-18.887408077716827,0.2597848724524804,0.09211951041949563,-0.2969495839921333,,,cuVSLAM,,
409,1761212600056,45.01396045088768,-190.80907106399536,-19.716665148735046,0.265946889640941,0.08973811329570924,-0.29795675614172157,,,cuVSLAM,,
410,1761212600090,43.00602525472641,-193.95621120929718,-20.14666609466076,0.271174273325821,0.08761286574253273,-0.29884510001904724,,,cuVSLAM,,
411,1761212600123,41.627708822488785,-196.35863602161407,-20.703602582216263,0.2751567264658505,0.08590591327379381,-0.2997220569737215,,,cuVSLAM,,
412,1761212600156,40.79877585172653,-198.1699913740158,-20.886369049549103,0.2780622552233691,0.08519602182965218,-0.3003769485252018,,,cuVSLAM,,
413,1761212600190,40.36913812160492,-199.29073750972748,-21.280689164996147,0.27973354161649266,0.08488487746886257,-0.3006364792837808,,,cuVSLAM,,
414,1761212600223,40.77506065368652,-199.52765107154846,-21.028373390436172,0.2802241815764417,0.08551263751314124,-0.3005382416515193,,,cuVSLAM,,
415,1761212600256,41.46623611450195,-198.89315962791443,-20.76273038983345,0.27944445485761193,0.08612228859402117,-0.29771670897697006,,,cuVSLAM,,
416,1761212600289,42.273715138435364,-197.01789319515228,-20.576639100909233,0.2773120020232176,0.08620090682941944,-0.2907274220946054,,,cuVSLAM,,
417,1761212600323,43.32183301448822,-194.01220977306366,-20.084312185645103,0.27380208038440085,0.08608776948382517,-0.2805204690212433,,,cuVSLAM,,
418,1761212600356,44.36569660902023,-190.27584791183472,-19.042592495679855,0.26895459352084217,0.08621395525304107,-0.2700772158999547,,,cuVSLAM,,
419,1761212600389,45.4084649682045,-185.50968170166016,-18.43625120818615,0.26263319942901114,0.08556946201903713,-0.2584342365594672,,,cuVSLAM,,
420,1761212600423,46.59746214747429,-179.58754301071167,-16.993045806884766,0.2546903833928615,0.0853096697591655,-0.2469361220745372,,,cuVSLAM,,
421,1761212600456,47.92515188455582,-172.92220890522003,-15.868714079260826,0.2450264313704836,0.08529011604980198,-0.24005018093075503,,,cuVSLAM,,
422,1761212600489,49.27821457386017,-165.76765477657318,-14.53232392668724,0.23391457983636668,0.08600964435630593,-0.23745284350751308,,,cuVSLAM,,
423,1761212600523,50.80953985452652,-157.73354470729828,-13.013036921620369,0.2218639802282578,0.08666737295153337,-0.2352456232988145,,,cuVSLAM,,
424,1761212600556,52.27059870958328,-149.2481678724289,-11.675220914185047,0.209088150655628,0.08710806775413976,-0.23240286574857705,,,cuVSLAM,,
425,1761212600589,53.62040176987648,-140.53499698638916,-10.201465338468552,0.19563047860004673,0.08770203638063259,-0.22925727671749205,,,cuVSLAM,,
426,1761212600622,54.92880940437317,-131.14573061466217,-9.626755490899086,0.18158749134642707,0.08757438301907261,-0.22520674372195998,,,cuVSLAM,,
427,1761212600656,56.34709075093269,-121.62542343139648,-8.48478265106678,0.167244383562544,0.08789669850745507,-0.2215169224965284,,,cuVSLAM,,
428,1761212600689,57.59717524051666,-112.00671643018723,-7.394416257739067,0.15265797193079647,0.08822323191444684,-0.21834945813235582,,,cuVSLAM,,
429,1761212600722,58.82441997528076,-102.25874185562134,-6.601603701710701,0.13806647152910206,0.08822107890695272,-0.21517431828680308,,,cuVSLAM,,
430,1761212600756,59.87654626369476,-92.45369583368301,-6.136447191238403,0.12357703928764824,0.08802942023322843,-0.21214828613013478,,,cuVSLAM,,
431,1761212600789,60.84813550114632,-83.0225795507431,-5.358877591788769,0.1094785914861666,0.0879547007517322,-0.20898532467898193,,,cuVSLAM,,
432,1761212600822,61.54081970453262,-73.70004057884216,-5.081194452941418,0.09553528859894292,0.08757835318702353,-0.20617353720471995,,,cuVSLAM,,
433,1761212600856,62.407974153757095,-64.69288468360901,-4.7640809789299965,0.08192618622199423,0.08757187247327874,-0.2037051052949436,,,cuVSLAM,,
434,1761212600889,63.71466815471649,-55.859483778476715,-4.750891588628292,0.0687225142479722,0.08801409102261465,-0.2019046706075039,,,cuVSLAM,,
435,1761212600922,65.28341770172119,-47.55217581987381,-5.023163743317127,0.055920631734636975,0.08921823227087243,-0.2001627024562763,,,cuVSLAM,,
436,1761212600956,67.68497824668884,-39.313241839408875,-5.44075109064579,0.04353496441539041,0.0913556132512533,-0.19925911016356906,,,cuVSLAM,,
437,1761212600989,70.54461538791656,-31.392112374305725,-6.415685638785362,0.031285695476641714,0.09420399791114185,-0.19959633997215664,,,cuVSLAM,,
438,1761212601022,73.7195760011673,-23.973971605300903,-7.378902286291122,0.01937664936196078,0.09782165038487978,-0.20012818068850338,,,cuVSLAM,,
439,1761212601056,76.99520885944366,-16.694962978363037,-8.215337991714478,0.007850133065319046,0.10195102807231526,-0.19898085831916779,,,cuVSLAM,,
440,1761212601089,80.71796596050262,-9.571954607963562,-9.599905461072922,-0.0035889103946017487,0.10636418044688209,-0.19809064580249672,,,cuVSLAM,,
441,1761212601122,84.78498458862305,-2.448946237564087,-10.70413738489151,-0.014824016817772833,0.111518136960505,-0.19814473438774458,,,cuVSLAM,,
442,1761212601156,89.2772227525711,4.71159815788269,-11.96894608438015,-0.025904110970960487,0.11702306613202314,-0.19816119600434504,,,cuVSLAM,,
443,1761212601189,93.74630451202393,11.600777506828308,-13.37963156402111,-0.03662324199574997,0.12256808580809257,-0.1970857096768444,,,cuVSLAM,,
444,1761212601222,97.64283895492554,17.99991726875305,-15.255032107234001,-0.047146600040388995,0.12759503268463704,-0.19631878442311126,,,cuVSLAM,,
445,1761212601256,101.2590080499649,23.96966516971588,-16.77744649350643,-0.057163899998744695,0.13244614587591855,-0.1961112296982725,,,cuVSLAM,,
446,1761212601289,104.92970049381256,30.16476333141327,-17.62392930686474,-0.0668252429111396,0.13741026253341398,-0.1949603623285976,,,cuVSLAM,,
447,1761212601322,108.0237329006195,36.040306091308594,-19.08772625029087,-0.07652509937294573,0.14163610735097934,-0.19369216753749335,,,cuVSLAM,,
448,1761212601356,111.04632169008255,42.25383698940277,-20.70506475865841,-0.08616216049708658,0.14531337472093478,-0.19308859055597896,,,cuVSLAM,,
449,1761212601389,113.61738294363022,48.222512006759644,-21.81348018348217,-0.09543623220950569,0.1487348422506066,-0.1924211766878898,,,cuVSLAM,,
450,1761212601422,115.91549217700958,53.58961224555969,-22.48980663716793,-0.10448882251190406,0.15190269648524252,-0.1922477599853627,,,cuVSLAM,,
451,1761212601456,118.10571700334549,59.25315618515015,-23.97865615785122,-0.1133813522325666,0.1540753589559541,-0.19311435781643554,,,cuVSLAM,,
452,1761212601489,119.59592998027802,64.2232745885849,-25.507232174277306,-0.1220063436845499,0.15579015963555964,-0.19322199752292385,,,cuVSLAM,,
453,1761212601522,121.18495255708694,69.53386962413788,-26.681052520871162,-0.13013683390227396,0.1573813066706799,-0.19321738183837334,,,cuVSLAM,,
454,1761212601556,122.26062268018723,74.12824034690857,-27.80020423233509,-0.13779515608611295,0.15868427312436204,-0.1927579052368969,,,cuVSLAM,,
455,1761212601589,123.13508242368698,78.40342819690704,-28.69425155222416,-0.14502946758938873,0.15999290678935343,-0.19269912042204795,,,cuVSLAM,,
456,1761212601622,124.50996041297913,82.50740170478821,-29.681896790862083,-0.1515276572525713,0.16112406784291772,-0.19361932028811152,,,cuVSLAM,,
457,1761212601656,125.61824917793274,85.88452637195587,-30.759653076529503,-0.1569024553779524,0.16202537953278084,-0.19419069132797206,,,cuVSLAM,,
458,1761212601689,126.13263726234436,88.10155093669891,-31.223537400364876,-0.16080483758638225,0.16293978569829165,-0.19426758627718893,,,cuVSLAM,,
459,1761212601722,126.37597322463989,89.25186097621918,-31.522847712039948,-0.16309347153552453,0.16340027568254492,-0.19448838071625718,,,cuVSLAM,,
460,1761212601755,126.31849944591522,89.69800174236298,-31.460516154766083,-0.16388332813919815,0.1632276612783234,-0.19532314574959903,,,cuVSLAM,,
461,1761212601789,125.78628957271576,89.57715332508087,-31.359486281871796,-0.16337079555292605,0.1621498072350421,-0.19621479195893568,,,cuVSLAM,,
462,1761212601822,124.31181967258453,88.4285718202591,-30.657494440674782,-0.16166243151228424,0.16028004230142862,-0.19609490712415265,,,cuVSLAM,,
463,1761212601855,122.11240828037262,87.36349642276764,-29.892178252339363,-0.1594033455500335,0.1569718458393992,-0.19665138999672807,,,cuVSLAM,,
464,1761212601889,118.7455877661705,85.75989305973053,-28.616590425372124,-0.1569804649758323,0.1520072448961859,-0.19794976225907734,,,cuVSLAM,,
465,1761212601922,114.35224860906601,84.81819927692413,-26.804907247424126,-0.15473235408984073,0.14495548248043794,-0.2006942946105782,,,cuVSLAM,,
466,1761212601955,108.39550942182541,84.07945930957794,-25.34014917910099,-0.15303946180413042,0.13519031248951516,-0.20350578451268728,,,cuVSLAM,,
467,1761212601989,100.73935240507126,83.83424580097198,-23.364802822470665,-0.15170211326620153,0.12362459620830162,-0.20361858625974527,,,cuVSLAM,,
468,1761212602022,92.32504665851593,84.56973731517792,-21.72202430665493,-0.1510426037332615,0.11049772658242923,-0.20244875244072946,,,cuVSLAM,,
469,1761212602055,82.99703150987625,85.59922873973846,-20.393142476677895,-0.15117906197225536,0.09626524090995757,-0.201156846006527,,,cuVSLAM,,
470,1761212602088,73.12964648008347,86.4754170179367,-19.587798044085503,-0.15186291478549063,0.08133358947907607,-0.19970143935622472,,,cuVSLAM,,
471,1761212602122,63.619717955589294,87.97751367092133,-17.777716740965843,-0.152502157746731,0.06722280379868392,-0.19792120472216343,,,cuVSLAM,,
472,1761212602155,54.70730364322662,89.73954617977142,-16.594422981142998,-0.1534073559388347,0.05331000560462225,-0.1965258968136848,,,cuVSLAM,,
473,1761212602188,45.83475738763809,91.02936089038849,-15.999967232346535,-0.15447343340017874,0.03977499595811877,-0.1957540630167802,,,cuVSLAM,,
474,1761212602222,37.57892549037933,92.11777150630951,-15.131412073969841,-0.1551847361636756,0.027578566906846364,-0.19476977705165674,,,cuVSLAM,,
475,1761212602255,30.435502529144287,92.57785975933075,-13.898832723498344,-0.1554235196198926,0.01689839066858062,-0.1953013545976134,,,cuVSLAM,,
476,1761212602288,24.078689515590668,92.93721616268158,-13.866635039448738,-0.15539088229308415,0.006552898768434348,-0.1986998226778206,,,cuVSLAM,,
477,1761212602322,18.3037668466568,92.50549972057343,-13.551654294133186,-0.1546438371876452,-0.002520951877255438,-0.20270088310862044,,,cuVSLAM,,
478,1761212602355,13.676419854164124,91.89717471599579,-13.305937871336937,-0.1529755732069137,-0.010605074246385715,-0.20861039431983394,,,cuVSLAM,,
479,1761212602388,9.323611855506897,89.96434509754181,-12.394433841109276,-0.15015457698518886,-0.017533286954238645,-0.21555546300240003,,,cuVSLAM,,
480,1761212602421,5.280584096908569,87.79279887676239,-11.385062709450722,-0.14643719741085479,-0.023804941998282526,-0.22159719339966397,,,cuVSLAM,,
481,1761212602455,1.2272447347640991,85.02651751041412,-10.252701118588448,-0.14184591279607536,-0.029710892152274123,-0.22560491154068757,,,cuVSLAM,,
482,1761212602488,-2.7521252632141113,81.7863941192627,-9.11458395421505,-0.1365644433379848,-0.03570963343041616,-0.23095789025929592,,,cuVSLAM,,
483,1761212602521,-6.894424557685852,77.81673967838287,-7.338752970099449,-0.13053782873987205,-0.04152928451658273,-0.23821836111176936,,,cuVSLAM,,
484,1761212602555,-10.723769664764404,74.30694997310638,-6.428683176636696,-0.12410612575793831,-0.048105366196545596,-0.2465729912566586,,,cuVSLAM,,
485,1761212602588,-15.440277755260468,69.91933286190033,-5.656706169247627,-0.11705955792808714,-0.055035482682934574,-0.2538988392452255,,,cuVSLAM,,
486,1761212602621,-20.398952066898346,64.59203362464905,-4.268893972039223,-0.10929699433981219,-0.0616549653653214,-0.26147532946087226,,,cuVSLAM,,
487,1761212602655,-24.814091622829437,60.00499427318573,-3.1616557389497757,-0.10098505428285665,-0.0683602835868361,-0.26767953140673384,,,cuVSLAM,,
488,1761212602688,-29.89877015352249,55.093914270401,-3.4260787069797516,-0.09246236056673679,-0.07588709378106087,-0.2716531610010088,,,cuVSLAM,,
489,1761212602721,-34.449391067028046,49.958810210227966,-2.684604376554489,-0.08327239123926278,-0.08269268463653706,-0.2758199800538098,,,cuVSLAM,,
490,1761212602754,-39.375804364681244,44.049397110939026,-1.9320286810398102,-0.07327378805008698,-0.08928829063246739,-0.28042610027202275,,,cuVSLAM,,
491,1761212602788,-44.09746080636978,37.67211735248566,-1.4355294406414032,-0.0628031614694834,-0.09557486763181999,-0.2848516505715705,,,cuVSLAM,,
492,1761212602821,-48.65047335624695,30.757352709770203,-0.4897378385066986,-0.051696177067882015,-0.10101023481727273,-0.2880228579854383,,,cuVSLAM,,
493,1761212602854,-52.75525897741318,23.639634251594543,0.04468485713005066,-0.04018556497343394,-0.10586497667136346,-0.2913627987598507,,,cuVSLAM,,
494,1761212602888,-56.145429611206055,16.31227135658264,1.0412950068712234,-0.02834409286540765,-0.10952645117440372,-0.2945126520776629,,,cuVSLAM,,
495,1761212602921,-59.28865820169449,8.354410529136658,1.8021538853645325,-0.01614412169023262,-0.11237241785820042,-0.2976210137938358,,,cuVSLAM,,
496,1761212602954,-62.01174110174179,0.3230273723602295,1.5025269240140915,-0.003742459270286363,-0.11492402279315005,-0.30083484860936005,,,cuVSLAM,,
497,1761212602988,-63.627682626247406,-7.57928192615509,2.4182461202144623,0.008958181674119025,-0.11566395025653915,-0.3046451301635134,,,cuVSLAM,,
498,1761212603021,-64.60640579462051,-15.484586358070374,2.3367516696453094,0.021978884665159345,-0.11617420873480752,-0.3097918593272213,,,cuVSLAM,,
499,1761212603054,-65.59859961271286,-24.39121901988983,1.4610029757022858,0.03534539910387552,-0.11617909483274012,-0.3155247463941831,,,cuVSLAM,,
500,1761212603087,-65.9024640917778,-33.602774143218994,1.6229096800088882,0.049095016941672016,-0.11455162922591117,-0.32233397460305574,,,cuVSLAM,,
501,1761212603121,-65.71414321660995,-43.0128276348114,1.3061650097370148,0.06278677507729938,-0.11216324675994548,-0.3301543002614818,,,cuVSLAM,,
502,1761212603154,-64.8183599114418,-52.48606950044632,1.4105048030614853,0.07644765368090449,-0.10837001544251051,-0.3382975503051676,,,cuVSLAM,,
503,1761212603187,-62.8344789147377,-61.40817701816559,1.2321416288614273,0.08988007795711575,-0.10357129971683537,-0.3466839856923174,,,cuVSLAM,,
504,1761212603221,-60.52745133638382,-70.94375789165497,1.1133495718240738,0.1028297094088347,-0.09729701795483595,-0.3547855019871705,,,cuVSLAM,,
505,1761212603254,-57.15007334947586,-79.4454962015152,0.10377727448940277,0.11496850260074179,-0.09036673405536194,-0.3637133683968381,,,cuVSLAM,,
506,1761212603287,-53.1456395983696,-87.75611221790314,-0.6471471861004829,0.1266314138482071,-0.08216515955537382,-0.37205129047536595,,,cuVSLAM,,
507,1761212603321,-49.150802195072174,-96.62067890167236,-1.5600156038999557,0.13752709731399176,-0.07328186332263512,-0.37893929228658807,,,cuVSLAM,,
508,1761212603354,-44.091276824474335,-104.46789860725403,-1.1846702545881271,0.14765878561156393,-0.06292701270903538,-0.38586935903066555,,,cuVSLAM,,
509,1761212603387,-38.822054862976074,-111.63757741451263,-1.7044330015778542,0.15716479480316978,-0.05272772855545512,-0.39339235944060974,,,cuVSLAM,,
510,1761212603420,-33.56549143791199,-118.51820349693298,-3.138825297355652,0.16596323462979318,-0.042839196175222034,-0.4005628471666546,,,cuVSLAM,,
511,1761212603454,-28.110399842262268,-125.51373243331909,-3.5090940073132515,0.17440370980036823,-0.032111474887083956,-0.40649633110568734,,,cuVSLAM,,
512,1761212603487,-22.35940843820572,-131.79033994674683,-4.356716759502888,0.1821822190617781,-0.021458034287478563,-0.41251681797411294,,,cuVSLAM,,
513,1761212603520,-16.74521714448929,-138.09490203857422,-5.361070856451988,0.18934186956705765,-0.010712404863188427,-0.4179625228747052,,,cuVSLAM,,
514,1761212603554,-11.045008897781372,-143.87762546539307,-6.54898677021265,0.19562322743025015,5.206940628021043e-05,-0.4231424580429861,,,cuVSLAM,,
515,1761212603587,-4.842996597290039,-149.3113785982132,-7.13964831084013,0.20139610513444292,0.011538489510354516,-0.42754774878963697,,,cuVSLAM,,
516,1761212603620,1.6015060245990753,-154.0820598602295,-8.29625315964222,0.2063125066894383,0.0230257791708433,-0.43117358540197426,,,cuVSLAM,,
517,1761212603653,8.313372731208801,-158.3460122346878,-9.73811000585556,0.21061979571115555,0.034614599143910026,-0.43492828082105556,,,cuVSLAM,,
518,1761212603687,15.342772006988525,-162.2697114944458,-10.919544845819473,0.21436960631851917,0.04675529814242143,-0.4385704226568184,,,cuVSLAM,,
519,1761212603720,22.323429584503174,-166.11717641353607,-12.406867928802967,0.21768225662023807,0.05875440486239221,-0.44155911897907,,,cuVSLAM,,
520,1761212603753,29.360514134168625,-169.6556657552719,-14.114505611360073,0.22053961496419158,0.07057412773723074,-0.44509319873989406,,,cuVSLAM,,
521,1761212603787,36.396682262420654,-173.05144667625427,-15.579292550683022,0.2226475732072849,0.08284456329676182,-0.4521431649706047,,,cuVSLAM,,
522,1761212603820,43.370459228754044,-175.9495884180069,-16.98378473520279,0.22416878091671696,0.09500561440924389,-0.45965255438476266,,,cuVSLAM,,
523,1761212603853,49.969565123319626,-178.65222692489624,-19.189147278666496,0.22519826513462324,0.10591532705907539,-0.4635450029366995,,,cuVSLAM,,
524,1761212603887,56.73890560865402,-180.84971606731415,-20.23337408900261,0.2259408011352738,0.11734090412753775,-0.46648654709266874,,,cuVSLAM,,
525,1761212603920,63.43343108892441,-182.49647319316864,-21.73992432653904,0.22610737964457248,0.12830149647390066,-0.4699472332413565,,,cuVSLAM,,
526,1761212603953,69.97016817331314,-184.25819277763367,-23.49381148815155,0.22582130872395342,0.13890166574027138,-0.47175734496910876,,,cuVSLAM,,
527,1761212603986,76.55585557222366,-185.18368899822235,-24.81694146990776,0.22522599284427366,0.14949737616313433,-0.47249279518021875,,,cuVSLAM,,
528,1761212604020,83.10579508543015,-185.9695464372635,-26.44561603665352,0.22404037684364653,0.1597947860249592,-0.4729267904810133,,,cuVSLAM,,
529,1761212604053,89.73881602287292,-186.2129122018814,-28.15735712647438,0.22224311108004793,0.16983151055236131,-0.47334893168577813,,,cuVSLAM,,
530,1761212604086,96.17280215024948,-186.2904280424118,-29.06659059226513,0.21997255466835375,0.18017901308638207,-0.47293003369038533,,,cuVSLAM,,
531,1761212604120,102.34066843986511,-185.79638004302979,-30.92304989695549,0.21692076823706455,0.18923763923116552,-0.4720651680496765,,,cuVSLAM,,
532,1761212604153,108.25888812541962,-184.6320629119873,-31.11378103494644,0.21325361930914402,0.19832191018768702,-0.47090719695787525,,,cuVSLAM,,
533,1761212604186,113.25746029615402,-182.69328773021698,-30.562933534383774,0.20921234873980527,0.20561713733938247,-0.4680663381534953,,,cuVSLAM,,
534,1761212604220,116.74487590789795,-179.70021069049835,-30.38245067000389,0.20441872221275326,0.2098165688876292,-0.4648508158059003,,,cuVSLAM,,
535,1761212604253,118.97062510251999,-175.92938244342804,-29.90731969475746,0.198311613059833,0.21167611614235426,-0.4619575102445745,,,cuVSLAM,,
536,1761212604286,120.24032324552536,-170.70651054382324,-28.836291283369064,0.19117465400136668,0.21127663555530765,-0.4570641599613813,,,cuVSLAM,,
537,1761212604319,120.24769186973572,-164.47897255420685,-27.364544570446014,0.1831655799865788,0.20865637872489623,-0.4488081630234473,,,cuVSLAM,,
538,1761212604353,119.8192611336708,-156.96169435977936,-25.48614889383316,0.17388579025155548,0.20477180936812667,-0.44085458895684004,,,cuVSLAM,,
539,1761212604386,118.75686049461365,-148.96979928016663,-23.631438612937927,0.1632092650862699,0.19988848499153053,-0.43245090915973977,,,cuVSLAM,,
540,1761212604419,117.52726882696152,-140.16173779964447,-21.84544876217842,0.1520449330742684,0.19428225259337836,-0.4215187455151862,,,cuVSLAM,,
541,1761212604453,116.35290086269379,-130.91769814491272,-20.169634371995926,0.14017829684466754,0.18899926970815473,-0.41193477879742507,,,cuVSLAM,,
542,1761212604486,114.92905020713806,-121.88869714736938,-19.182423129677773,0.12792075264635516,0.18363416611262695,-0.40429809612845075,,,cuVSLAM,,
543,1761212604519,113.68738859891891,-113.09457570314407,-17.49252900481224,0.1161896670504407,0.17878690004920808,-0.3954184507603533,,,cuVSLAM,,
544,1761212604553,111.94519698619843,-104.65352982282639,-15.78732579946518,0.10544930360250435,0.17356512192424456,-0.3863162930819555,,,cuVSLAM,,
545,1761212604586,106.69633001089096,-99.87754374742508,-17.645379528403282,0.09598070420312103,0.16552467846261312,-0.3748196094268094,,,cuVSLAM,,
546,1761212604619,103.73276472091675,-93.81406009197235,-16.049634665250778,0.08760225745281813,0.1596848361901629,-0.3690363695170264,,,cuVSLAM,,
547,1761212604652,101.13981366157532,-87.58068084716797,-15.18227718770504,0.07908029551282432,0.15373562598581816,-0.3684762425474555,,,cuVSLAM,,
548,1761212604686,99.17931258678436,-81.09909296035767,-14.54009860754013,0.0704361700102458,0.14832603027245025,-0.36991972860145694,,,cuVSLAM,,
549,1761212604719,97.08135575056076,-75.52572339773178,-13.86994868516922,0.06250192474810168,0.1434805627436417,-0.37157682301869127,,,cuVSLAM,,
550,1761212604752,94.99827027320862,-70.27797400951385,-13.11430148780346,0.05577464701077774,0.13908450345806,-0.3688837227002729,,,cuVSLAM,,
551,1761212604786,91.75192564725876,-65.90451300144196,-12.160465121269226,0.05005889179819112,0.1328930901793457,-0.36707494919879935,,,cuVSLAM,,
552,1761212604819,86.43603324890137,-63.08776140213013,-10.803353041410446,0.04761909467591441,0.12376237340698729,-0.36731073805981923,,,cuVSLAM,,
553,1761212604852,79.29569482803345,-61.06757000088692,-9.363695047795773,0.04708879373235987,0.11201527097751214,-0.3639189309769917,,,cuVSLAM,,
554,1761212604886,72.11479544639587,-58.65917727351189,-7.878074422478676,0.04675298256858432,0.10068832188752341,-0.3528278357180159,,,cuVSLAM,,
555,1761212604919,65.64884632825851,-56.05636537075043,-6.77476916462183,0.04577689157791739,0.09027996595152579,-0.34142897770335107,,,cuVSLAM,,
556,1761212604952,59.930041432380676,-54.191529750823975,-5.93810249119997,0.045113178024547174,0.08124631730037123,-0.3329837077308181,,,cuVSLAM,,
557,1761212604985,55.26890978217125,-53.35134267807007,-5.303896032273769,0.04520447573403847,0.07414303386137225,-0.3266142171689969,,,cuVSLAM,,
558,1761212605019,51.75945907831192,-53.507477045059204,-4.781999625265598,0.04580121406653064,0.06856714497107574,-0.3227995389550342,,,cuVSLAM,,
559,1761212605052,49.51128736138344,-54.50795590877533,-3.9705000817775726,0.04717673387883878,0.0649200280812619,-0.3223276690899352,,,cuVSLAM,,
560,1761212605085,48.03767055273056,-56.340381503105164,-2.1025873720645905,0.049498336318258396,0.06356102823191838,-0.320529099157472,,,cuVSLAM,,
561,1761212605119,47.195740044116974,-58.352380990982056,0.42304955422878265,0.05170132947147576,0.06339630919182106,-0.3212926975608176,,,cuVSLAM,,
562,1761212605152,45.56390270590782,-60.04150211811066,4.174308851361275,0.05359538089046506,0.06254652430349633,-0.3217321241062886,,,cuVSLAM,,
563,1761212605185,42.59977489709854,-60.547444969415665,9.074648842215538,0.054293848743587066,0.059472120076318816,-0.3186965421569267,,,cuVSLAM,,
564,1761212605219,38.33838552236557,-60.4485422372818,14.922844246029854,0.05377156816433296,0.05446416832252032,-0.32063902310776765,,,cuVSLAM,,
565,1761212605252,33.44157338142395,-60.09327992796898,21.399015560746193,0.05321444702967229,0.04851048922808335,-0.32345799632427347,,,cuVSLAM,,
566,1761212605285,28.254739940166473,-59.20882895588875,27.121322229504585,0.05181293745220188,0.04172800871302239,-0.3261979804512408,,,cuVSLAM,,
567,1761212605318,22.97303080558777,-58.52396786212921,33.39003771543503,0.05023985496868023,0.0352508056437616,-0.3280811319091979,,,cuVSLAM,,
568,1761212605352,17.769433557987213,-57.83354118466377,39.288803935050964,0.04905492364131559,0.028729579733033354,-0.3260565227001965,,,cuVSLAM,,
569,1761212605385,13.187922537326813,-57.74629861116409,43.89641433954239,0.04773594305794284,0.02264399357405517,-0.32527599164628573,,,cuVSLAM,,
570,1761212605418,9.651876986026764,-58.41577425599098,48.8332137465477,0.047136361429675575,0.01798916389530583,-0.3261586242742106,,,cuVSLAM,,
571,1761212605452,6.605625152587891,-60.07002294063568,53.52385342121124,0.046966387804595645,0.014178420761182434,-0.3259626452162076,,,cuVSLAM,,
572,1761212605485,3.9461180567741394,-62.364913523197174,58.670371770858765,0.04716797521554578,0.011104843573266115,-0.32450416856886766,,,cuVSLAM,,
573,1761212605518,1.4234334230422974,-65.9899190068245,63.355110585689545,0.048100021223046234,0.008460162734120773,-0.32523636349735985,,,cuVSLAM,,
574,1761212605551,-0.7050856947898865,-70.69473713636398,68.67485493421555,0.050447605905890786,0.00625712344740843,-0.32606401879641617,,,cuVSLAM,,
575,1761212605585,-2.747967839241028,-76.08281075954437,73.47113639116287,0.05351295335075466,0.004179320011648899,-0.3261144311838602,,,cuVSLAM,,
576,1761212605618,-4.604868590831757,-82.24952220916748,78.61406356096268,0.05745004409255232,0.0024116548913276177,-0.32446744287082535,,,cuVSLAM,,
577,1761212605651,-6.956480443477631,-89.76992964744568,83.25468003749847,0.062257468886179515,-3.24166405540719e-05,-0.323748665249174,,,cuVSLAM,,
578,1761212605685,-9.030379354953766,-97.3832756280899,87.74272352457047,0.06741045913081557,-0.0024489007689969208,-0.32223163712412045,,,cuVSLAM,,
579,1761212605718,-11.324681341648102,-105.44754564762115,91.86115115880966,0.07274011990665957,-0.004699668568506594,-0.32058338639150896,,,cuVSLAM,,
580,1761212605751,-14.142625033855438,-113.73946070671082,95.60181200504303,0.07809921913579698,-0.007552641083426884,-0.3157567923200052,,,cuVSLAM,,
581,1761212605785,-17.080970108509064,-121.57443165779114,98.8030731678009,0.08232787589281455,-0.01101688601038923,-0.31282686731502524,,,cuVSLAM,,
582,1761212605818,-20.533300936222076,-129.02116775512695,101.09417885541916,0.08560838537519574,-0.015155629893531588,-0.3146697437381506,,,cuVSLAM,,
583,1761212605851,-23.899085819721222,-136.63867115974426,102.83913463354111,0.08887877714728394,-0.01891233314001005,-0.3256119183635316,,,cuVSLAM,,
584,1761212605884,-27.306310832500458,-143.73159408569336,104.84408587217331,0.09222966601659537,-0.02246587377225891,-0.333207728406747,,,cuVSLAM,,
585,1761212605918,-30.811689794063568,-150.45000612735748,106.48570209741592,0.09504050397530871,-0.026073307795628387,-0.33720198893479925,,,cuVSLAM,,
586,1761212605951,-34.05497223138809,-157.05084800720215,107.57870227098465,0.09701606078828298,-0.02928717778675222,-0.3411482087789971,,,cuVSLAM,,
587,1761212605984,-36.62543743848801,-163.88839483261108,108.78769308328629,0.09807466952417833,-0.031044230584845015,-0.3455994227251006,,,cuVSLAM,,
588,1761212606018,-37.66665607690811,-169.88295316696167,109.14113372564316,0.09840620647801544,-0.031424698713737015,-0.35143533010083383,,,cuVSLAM,,
589,1761212606051,-37.69604116678238,-176.17496848106384,109.34250801801682,0.09793047045408522,-0.030057801066462088,-0.3605651352215831,,,cuVSLAM,,
590,1761212606084,-37.04557567834854,-182.9356849193573,108.70494693517685,0.09660684947630295,-0.02725382320084276,-0.3711401212773491,,,cuVSLAM,,
591,1761212606118,-35.90036183595657,-189.6945834159851,108.05594176054001,0.09630787787330375,-0.024615017404340567,-0.3784149460996668,,,cuVSLAM,,
592,1761212606151,-34.13823992013931,-196.6995894908905,107.52447694540024,0.0968415845120388,-0.021963178746684655,-0.3850945051462563,,,cuVSLAM,,
593,1761212606184,-32.553113996982574,-204.26693558692932,107.33485966920853,0.09812510552642893,-0.019139375224186312,-0.39083017157396643,,,cuVSLAM,,
594,1761212606217,-31.190283596515656,-210.79033613204956,107.05012828111649,0.09956939266905435,-0.01713209301186799,-0.3893723135608431,,,cuVSLAM,,
595,1761212606251,-30.127577483654022,-217.95204281806946,106.75963759422302,0.10122610379216827,-0.01609005325443592,-0.392656585453793,,,cuVSLAM,,
596,1761212606284,-29.57410365343094,-225.2584993839264,106.68915510177612,0.10317073791461183,-0.016021278129886934,-0.3949950736009873,,,cuVSLAM,,
597,1761212606317,-29.15901690721512,-233.09725522994995,107.150137424469,0.10583897684010325,-0.016357675276244574,-0.395546751522363,,,cuVSLAM,,
598,1761212606351,-28.691299259662628,-240.48131704330444,107.25752264261246,0.1087423539387225,-0.01765240983154696,-0.39785829034303744,,,cuVSLAM,,
599,1761212606384,-27.876146137714386,-248.4259307384491,107.48978704214096,0.11253388654419647,-0.018407954163255642,-0.4012996126815761,,,cuVSLAM,,
600,1761212606417,-26.64705365896225,-256.81930780410767,107.53489285707474,0.11725266857117918,-0.019095055320587553,-0.40341234324501524,,,cuVSLAM,,
601,1761212606451,-25.027982890605927,-264.93510603904724,107.32170939445496,0.12104870277737026,-0.019417905463237906,-0.4084079927679462,,,cuVSLAM,,
602,1761212606484,-22.369392216205597,-272.87623286247253,107.38275200128555,0.12399936117486443,-0.018321987552572014,-0.415465754754634,,,cuVSLAM,,
603,1761212606517,-18.898434937000275,-279.7313630580902,107.01210051774979,0.12598081816281945,-0.016371874581970473,-0.41919032719637167,,,cuVSLAM,,
604,1761212606550,-14.462269842624664,-285.8268916606903,107.01679438352585,0.12725905775366983,-0.013019211483838599,-0.4248526670915361,,,cuVSLAM,,
605,1761212606584,-9.351253509521484,-291.04819893836975,106.84048384428024,0.12786066202076363,-0.009203435739539426,-0.4283528633311401,,,cuVSLAM,,
606,1761212606617,-3.656044602394104,-295.430988073349,106.40057176351547,0.1279928700766988,-0.00499820472881325,-0.4284152620651221,,,cuVSLAM,,
607,1761212606650,2.169974148273468,-300.4673421382904,106.38131946325302,0.12826121678643648,-0.0002226847495783969,-0.43114035179142457,,,cuVSLAM,,
608,1761212606684,8.09614360332489,-304.7812283039093,106.39820247888565,0.12895307764870675,0.0038141773176003134,-0.4326813445763666,,,cuVSLAM,,
609,1761212606717,13.870038092136383,-309.440016746521,105.33513873815536,0.12981400152481015,0.0071060767479087985,-0.4377249111471871,,,cuVSLAM,,
610,1761212606750,19.357353448867798,-314.2014443874359,104.18310016393661,0.13113807085479715,0.010049777877402867,-0.44306204841528457,,,cuVSLAM,,
611,1761212606784,24.986587464809418,-318.2834982872009,102.94878482818604,0.13381564109383629,0.012293243249985188,-0.4432826542573573,,,cuVSLAM,,
612,1761212606817,30.545853078365326,-322.7759599685669,101.49067640304565,0.1376625903587304,0.014605836381270011,-0.44341186070115896,,,cuVSLAM,,
613,1761212606850,36.500826478004456,-327.0553648471832,99.64141249656677,0.14255111791444897,0.016996166625011973,-0.44491004555443336,,,cuVSLAM,,
614,1761212606884,43.36736351251602,-330.4555118083954,97.89038449525833,0.14855425591321056,0.019767082926856545,-0.445694764358766,,,cuVSLAM,,
615,1761212606917,50.65126344561577,-333.0335319042206,96.01247310638428,0.15589064229124813,0.02270701011964994,-0.4405181822159958,,,cuVSLAM,,
616,1761212606950,58.4469735622406,-334.5586359500885,93.301922082901,0.1631978537313951,0.025447184059696242,-0.4350167497686118,,,cuVSLAM,,
617,1761212606984,67.27100908756256,-335.46769618988037,91.78344160318375,0.16944998926215302,0.029494724996780762,-0.42935280060567854,,,cuVSLAM,,
618,1761212607017,76.8752247095108,-335.0800573825836,90.15829116106033,0.1741429908680838,0.033500782025875635,-0.4176851069770909,,,cuVSLAM,,
619,1761212607051,87.15910464525223,-333.07504653930664,88.1519466638565,0.17739226021627344,0.03796603506951195,-0.40443476843227166,,,cuVSLAM,,
620,1761212607084,97.96614944934845,-329.66843247413635,85.60233563184738,0.17866576373912593,0.04307443571165208,-0.3933352997553399,,,cuVSLAM,,
621,1761212607117,108.76672714948654,-325.6257474422455,84.15590226650238,0.17758834115489192,0.04956555969855421,-0.38259579714277464,,,cuVSLAM,,
622,1761212607151,119.75843459367752,-319.42102313041687,82.82685279846191,0.17512721107319892,0.05531760416092596,-0.3673617768915985,,,cuVSLAM,,
623,1761212607184,130.04036247730255,-313.01096081733704,81.95216208696365,0.1714406633583559,0.06090156902070019,-0.35269002273555144,,,cuVSLAM,,
624,1761212607217,139.6188586950302,-306.16363883018494,81.10401034355164,0.16687236429903976,0.06569846835314457,-0.3387037346309109,,,cuVSLAM,,
625,1761212607251,148.2623815536499,-298.7649738788605,80.25845140218735,0.1624442611716051,0.06920566226504668,-0.32423947548005616,,,cuVSLAM,,
626,1761212607284,155.98048269748688,-292.0038402080536,79.94776964187622,0.15840734283150218,0.0724346187254837,-0.31177647616145493,,,cuVSLAM,,
627,1761212607317,163.19730877876282,-285.03236174583435,79.72782105207443,0.15519284272128656,0.075198241617848,-0.29962499923499814,,,cuVSLAM,,
628,1761212607351,169.3027913570404,-278.1926095485687,79.63577657938004,0.15325365966384746,0.07734755908460857,-0.2834956929200357,,,cuVSLAM,,
629,1761212607384,174.8971939086914,-271.5106010437012,79.25290614366531,0.15155056941453024,0.07953876027556747,-0.27040431078271954,,,cuVSLAM,,
630,1761212607417,180.41515350341797,-264.6699547767639,79.12400364875793,0.15022840677787236,0.0822390806735072,-0.2590207658795894,,,cuVSLAM,,
631,1761212607451,185.39169430732727,-257.27757811546326,78.57277244329453,0.14938144439967435,0.08447849831703089,-0.2467501291309251,,,cuVSLAM,,
632,1761212607484,189.71648812294006,-249.76477026939392,78.17394286394119,0.14878849402965866,0.08644572965348743,-0.23532125579985708,,,cuVSLAM,,
633,1761212607517,193.62518191337585,-242.0336902141571,77.3431584239006,0.1485042296419979,0.08816277488931426,-0.2230650320715931,,,cuVSLAM,,
634,1761212607551,196.91215455532074,-235.02182960510254,76.24513655900955,0.14845729815332573,0.09024792185467573,-0.21202483484252452,,,cuVSLAM,,
635,1761212607584,200.3980129957199,-226.50083899497986,75.8804976940155,0.14874499694647123,0.09276442749559825,-0.19700774415315944,,,cuVSLAM,,
636,1761212607617,203.37021350860596,-218.0248200893402,75.22139698266983,0.14889068069989858,0.09595759512021781,-0.18156266841715976,,,cuVSLAM,,
637,1761212607651,206.55101537704468,-209.04064178466797,74.4965672492981,0.14884337833326616,0.1000889805562261,-0.16741620235797447,,,cuVSLAM,,
638,1761212607684,209.00708436965942,-199.55897331237793,73.28314334154129,0.14827360994592892,0.1046135925810122,-0.15273451712830333,,,cuVSLAM,,
639,1761212607718,209.6300721168518,-192.0168399810791,71.01952284574509,0.14682619957416684,0.10943064118398335,-0.1394519852777981,,,cuVSLAM,,
640,1761212607751,212.04781532287598,-181.7719042301178,69.63732093572617,0.14441600320025413,0.11533417879857548,-0.1309129539776795,,,cuVSLAM,,
641,1761212607784,214.3998146057129,-169.94816064834595,68.05355101823807,0.14126264951200213,0.12102693076235814,-0.12187210371473384,,,cuVSLAM,,
642,1761212607818,216.05829894542694,-158.134326338768,66.35066866874695,0.13755681235659223,0.1263380717587504,-0.11289881088815616,,,cuVSLAM,,
643,1761212607851,217.46042370796204,-145.855650305748,64.799964427948,0.1331290882562406,0.13143968107781914,-0.1088644405694248,,,cuVSLAM,,
644,1761212607884,218.49505603313446,-132.75769352912903,63.58547508716583,0.12855899187078815,0.13583320276021127,-0.10450842886517712,,,cuVSLAM,,
645,1761212607918,218.60533952713013,-119.16854232549667,62.65943497419357,0.12388985528423867,0.13902553575425844,-0.0957763234335878,,,cuVSLAM,,
646,1761212607951,218.31321716308594,-105.92480003833771,62.437187880277634,0.11819972401633956,0.14200192332204012,-0.09101210768073249,,,cuVSLAM,,
647,1761212607984,218.04095804691315,-91.08609706163406,62.13758885860443,0.1111649394430253,0.1438932894285174,-0.08452074787245303,,,cuVSLAM,,
648,1761212608018,217.38041937351227,-75.82694292068481,61.868324875831604,0.10269222387719217,0.14535252113308209,-0.07642225574467144,,,cuVSLAM,,
649,1761212608051,216.32660925388336,-60.97479164600372,61.583325266838074,0.0925144396021105,0.14646250799080984,-0.06984398299750404,,,cuVSLAM,,
650,1761212608084,215.24527668952942,-45.52355408668518,61.41598895192146,0.08041388462944081,0.14732563685991257,-0.0658635786770968,,,cuVSLAM,,
651,1761212608118,214.18963372707367,-29.602110385894775,61.1070916056633,0.0669150522095242,0.14792381872431493,-0.06392177519067462,,,cuVSLAM,,
652,1761212608151,212.92777359485626,-13.238877058029175,61.32473796606064,0.05305525152784326,0.14823498625304257,-0.05940368254099554,,,cuVSLAM,,
653,1761212608185,211.2450897693634,2.2659599781036377,61.616189777851105,0.037696956118272104,0.14829906923727024,-0.05852172742122464,,,cuVSLAM,,
654,1761212608218,209.7373604774475,18.650993704795837,61.97614222764969,0.021101165655209416,0.14788616010796468,-0.059524050084786895,,,cuVSLAM,,
655,1761212608251,207.79752731323242,35.19390523433685,62.34905123710632,0.004009475047726284,0.14703675899927687,-0.05646730913912602,,,cuVSLAM,,
656,1761212608285,206.15383982658386,52.3848682641983,62.34424188733101,-0.013747796922477339,0.1459402419794831,-0.053078084848378865,,,cuVSLAM,,
657,1761212608318,204.0477693080902,68.44672560691833,62.41544336080551,-0.03259022344013721,0.145221421814158,-0.05107756540947848,,,cuVSLAM,,
658,1761212608351,202.1205872297287,85.2198600769043,61.99950352311134,-0.052288128448739236,0.14474360664993394,-0.048513095467518676,,,cuVSLAM,,
659,1761212608385,199.85833764076233,101.49848461151123,61.31788715720177,-0.07276245864771552,0.1443205771171718,-0.04605651612265992,,,cuVSLAM,,
660,1761212608418,197.72875308990479,117.80312657356262,59.546034783124924,-0.09460408473198366,0.14375732937244276,-0.04567016119925648,,,cuVSLAM,,
661,1761212608451,195.98206877708435,134.22438502311707,57.19621852040291,-0.11725508690432418,0.14346576652841667,-0.047802137093240146,,,cuVSLAM,,
662,1761212608485,194.18488442897797,150.08190274238586,54.14528027176857,-0.140328577666515,0.1433471394248053,-0.0496620069922774,,,cuVSLAM,,
663,1761212608518,192.79980659484863,165.36161303520203,51.11164599657059,-0.16371962288537037,0.14401896131247136,-0.05207345574116076,,,cuVSLAM,,
664,1761212608551,191.96000695228577,180.61873316764832,47.052692621946335,-0.18791099253804064,0.14462473111272517,-0.057005950443060865,,,cuVSLAM,,
665,1761212608585,191.15862250328064,195.07765769958496,43.13810542225838,-0.21202936706843453,0.14594848179658046,-0.05984399268222844,,,cuVSLAM,,
666,1761212608618,190.85818529129028,208.5680067539215,38.101084530353546,-0.2365533530565163,0.14699551118606208,-0.06430453811255733,,,cuVSLAM,,
667,1761212608652,190.60900807380676,221.25482559204102,33.15979614853859,-0.26104508300180074,0.1484372298863841,-0.0704655320793525,,,cuVSLAM,,
668,1761212608685,190.6050145626068,232.97998309135437,27.376044541597366,-0.28529830596067407,0.14951783635572527,-0.07844754241642196,,,cuVSLAM,,
669,1761212608718,190.44457376003265,243.38418245315552,21.589454263448715,-0.30850102847483307,0.150736091658969,-0.08566889118878789,,,cuVSLAM,,
670,1761212608751,190.4848963022232,252.57718563079834,16.395531594753265,-0.3303008912522234,0.152180164847002,-0.09516322616960371,,,cuVSLAM,,
671,1761212608785,190.80819189548492,260.6537938117981,9.70117375254631,-0.35145862986524556,0.1518853650338694,-0.11048677987440941,,,cuVSLAM,,
672,1761212608818,190.6237155199051,267.2486901283264,4.362262785434723,-0.3693611329179359,0.15235569901343224,-0.1223652011272556,,,cuVSLAM,,
673,1761212608851,190.5694305896759,272.00981974601746,-0.20839273929595947,-0.3847371315158686,0.15301466355888718,-0.13400207221597107,,,cuVSLAM,,
674,1761212608885,190.46443700790405,275.6411135196686,-4.839189350605011,-0.39848658882305965,0.1518007690122633,-0.15195965583918586,,,cuVSLAM,,
675,1761212608918,190.00354409217834,278.7993550300598,-8.952729403972626,-0.4101326884745245,0.15055218352830832,-0.16780120322153716,,,cuVSLAM,,
676,1761212608951,189.27457928657532,280.67177534103394,-13.44878226518631,-0.4210467714237964,0.14860732410373884,-0.1836106653601372,,,cuVSLAM,,
677,1761212608985,189.60776925086975,282.67765045166016,-17.51946657896042,-0.43098191654184104,0.1467138739089381,-0.20306906483516257,,,cuVSLAM,,
678,1761212609018,189.10333514213562,283.53214263916016,-21.240852773189545,-0.4395961872839412,0.14596136271021454,-0.21714615656559194,,,cuVSLAM,,
679,1761212609051,189.35179710388184,283.63561630249023,-24.388842284679413,-0.4477392210659046,0.1454760119013673,-0.23394350346677767,,,cuVSLAM,,
680,1761212609085,189.874067902565,283.5460305213928,-29.066145420074463,-0.4551639962504483,0.1441324346591706,-0.2527742574518299,,,cuVSLAM,,
681,1761212609118,190.3415322303772,282.49797224998474,-32.06070512533188,-0.46072426790286913,0.14519494410596537,-0.2664133304457436,,,cuVSLAM,,
682,1761212609151,191.6106939315796,281.1979651451111,-35.51151603460312,-0.46567060715978714,0.1464640574824879,-0.2815268477351498,,,cuVSLAM,,
683,1761212609185,192.916139960289,279.3959677219391,-38.78193348646164,-0.4694085890194067,0.14837685921897387,-0.29629885831514546,,,cuVSLAM,,
684,1761212609218,195.41138410568237,277.6629328727722,-40.94337671995163,-0.4713992800994634,0.15127801344725225,-0.3120128640111342,,,cuVSLAM,,
685,1761212609251,197.52977788448334,274.4784951210022,-43.385930359363556,-0.47213050460473943,0.15344246698956,-0.32837939314514486,,,cuVSLAM,,
686,1761212609285,200.04625618457794,271.59544825553894,-45.22523283958435,-0.47155913885756245,0.15522127761791982,-0.34648002752438434,,,cuVSLAM,,
687,1761212609318,201.48542523384094,267.93092489242554,-46.41102999448776,-0.46969841901566106,0.15748889970557742,-0.36120266055541117,,,cuVSLAM,,
688,1761212609351,203.76178622245789,264.5750045776367,-47.73808270692825,-0.46763500983544387,0.16015714453050348,-0.37574117407523594,,,cuVSLAM,,
689,1761212609384,205.65645396709442,260.8754634857178,-49.39402639865875,-0.4651537277160128,0.16223284783034922,-0.3909062988314076,,,cuVSLAM,,
690,1761212609418,206.72665536403656,256.53982162475586,-50.67760497331619,-0.46238768896441484,0.16419719139474634,-0.40413027150456293,,,cuVSLAM,,
691,1761212609451,208.68141949176788,253.99723649024963,-52.55484580993652,-0.460035843641055,0.16620364189712508,-0.41690314458291927,,,cuVSLAM,,
692,1761212609484,209.2844843864441,250.15315413475037,-54.010070860385895,-0.45772540134797146,0.16791666276700892,-0.42678303631515524,,,cuVSLAM,,
693,1761212609518,210.3292942047119,247.8492259979248,-56.38102442026138,-0.4556855355317152,0.16892727465057222,-0.4361042121455195,,,cuVSLAM,,
694,1761212609551,210.77077090740204,245.48739194869995,-57.679109275341034,-0.45425922778755334,0.1700682237925709,-0.4429353188753264,,,cuVSLAM,,
695,1761212609584,210.98095178604126,243.38755011558533,-58.70429426431656,-0.452984538146733,0.1711032561769971,-0.4485087044944665,,,cuVSLAM,,
696,1761212609618,210.80222725868225,241.06687307357788,-59.91796404123306,-0.4517886872484481,0.17178598515233773,-0.4530024962122007,,,cuVSLAM,,
697,1761212609651,210.4932814836502,239.15493488311768,-60.17569452524185,-0.4504922907454877,0.17257355089131884,-0.4563956429211523,,,cuVSLAM,,
698,1761212609684,209.26600694656372,236.1103594303131,-59.941522777080536,-0.44879885751458043,0.17287528536685895,-0.4569071901032326,,,cuVSLAM,,
699,1761212609718,208.10182392597198,234.12588238716125,-58.95627290010452,-0.44619469792206984,0.17286147847301908,-0.4576744066866414,,,cuVSLAM,,
700,1761212609751,205.8275192975998,231.26459121704102,-56.59184604883194,-0.4425575254441576,0.17232642617223815,-0.4564959068668558,,,cuVSLAM,,
701,1761212609784,203.24760675430298,227.82737016677856,-53.440771996974945,-0.4378758102173616,0.17148876092254375,-0.45423432629592536,,,cuVSLAM,,
702,1761212609818,200.23904740810394,224.03192520141602,-50.0229150056839,-0.43282436567304516,0.1693883222086307,-0.45505630075285813,,,cuVSLAM,,
703,1761212609851,196.4939385652542,219.82237696647644,-45.9456667304039,-0.4272887151475361,0.16668629650757188,-0.4568722070250806,,,cuVSLAM,,
704,1761212609885,192.23737716674805,214.95264768600464,-42.096205055713654,-0.42031760796022266,0.16413909074573674,-0.45472443448689487,,,cuVSLAM,,
705,1761212609918,187.18799948692322,209.34045314788818,-38.79553824663162,-0.4127280104610451,0.16059718415866317,-0.45319136454204745,,,cuVSLAM,,
706,1761212609951,182.25626647472382,203.2729983329773,-35.12566536664963,-0.40401063629972706,0.15707640984462085,-0.4523962568931248,,,cuVSLAM,,
707,1761212609985,176.517054438591,195.94630599021912,-30.9881791472435,-0.39401426125811473,0.15401689001634836,-0.449544033519025,,,cuVSLAM,,
708,1761212610018,170.73702812194824,187.40132451057434,-26.824988424777985,-0.38274082671834336,0.15090451291741266,-0.4472939800530099,,,cuVSLAM,,
709,1761212610051,165.02340137958527,178.2945692539215,-22.278882563114166,-0.37054603625526067,0.14708839984062028,-0.45122605251563946,,,cuVSLAM,,
710,1761212610085,158.44039618968964,167.56078600883484,-17.67938584089279,-0.3563927720892068,0.14266936963020393,-0.45311784671702937,,,cuVSLAM,,
711,1761212610118,151.55482292175293,156.71071410179138,-12.521632015705109,-0.3404602398337028,0.13797002157150598,-0.4540502617617374,,,cuVSLAM,,
712,1761212610151,143.87886226177216,144.97783780097961,-7.79319554567337,-0.3235516894964091,0.13143372628824013,-0.45525100245567984,,,cuVSLAM,,
713,1761212610185,135.33273339271545,133.74245166778564,-3.8288310170173645,-0.30570936539865873,0.12370509864523997,-0.45313007801516836,,,cuVSLAM,,
714,1761212610218,126.05200707912445,122.15480208396912,1.167401671409607,-0.28784129438794825,0.11570697328714018,-0.4496354403498825,,,cuVSLAM,,
715,1761212610252,116.67662113904953,111.00834608078003,6.051011383533478,-0.2706197264878576,0.10668178591726683,-0.4512628365441472,,,cuVSLAM,,
716,1761212610285,106.7824512720108,99.82657432556152,8.808128535747528,-0.2535324342240428,0.09649108961648883,-0.45154082850162164,,,cuVSLAM,,
717,1761212610318,97.39206731319427,89.20586109161377,12.417308986186981,-0.23707057882105156,0.08747055192891094,-0.45194908733460665,,,cuVSLAM,,
718,1761212610352,88.41572701931,78.45664024353027,15.252821147441864,-0.2208352311206051,0.0789820525314074,-0.45420952774555573,,,cuVSLAM,,
719,1761212610385,80.18025755882263,68.11049580574036,17.35292747616768,-0.20532643005787468,0.0712498575514602,-0.4631245898923662,,,cuVSLAM,,
720,1761212610418,72.19390571117401,56.847766041755676,19.39791440963745,-0.18997558598195693,0.06496670445376716,-0.4711572028237944,,,cuVSLAM,,
721,1761212610452,64.88257646560669,45.43311893939972,21.27588540315628,-0.17460302848475123,0.060458809805685014,-0.4782635944085553,,,cuVSLAM,,
722,1761212610485,55.608902126550674,28.69953215122223,22.69783616065979,-0.15856519799856303,0.056629327577620014,-0.482209887411602,,,cuVSLAM,,
723,1761212610518,49.76590722799301,16.315646469593048,24.680577218532562,-0.1432420666730398,0.05552814915992489,-0.4878030260973319,,,cuVSLAM,,
724,1761212610552,44.374026358127594,3.492899239063263,26.3032428920269,-0.1277353067459047,0.05632837743913752,-0.48779555296539695,,,cuVSLAM,,
725,1761212610585,40.01157730817795,-9.537801146507263,27.637679129838943,-0.11341791251651759,0.05828234414798104,-0.4957386427407286,,,cuVSLAM,,
726,1761212610619,35.38872301578522,-23.33790436387062,28.745776042342186,-0.09898240150473525,0.060441225018711214,-0.502383534518873,,,cuVSLAM,,
727,1761212610652,30.62043897807598,-36.49962693452835,29.442820698022842,-0.08342927176380012,0.0618231095414396,-0.49882319697188615,,,cuVSLAM,,
728,1761212610685,25.66792070865631,-49.697086215019226,30.58522939682007,-0.06786551065432948,0.06251266690863201,-0.49537234083817133,,,cuVSLAM,,
729,1761212610719,20.450718700885773,-63.17663937807083,31.76426887512207,-0.052628181901292474,0.062375251398992027,-0.4961373132575386,,,cuVSLAM,,
730,1761212610752,15.07033035159111,-75.45419037342072,32.38654136657715,-0.037664880105882335,0.061377027140372686,-0.49064058028799096,,,cuVSLAM,,
731,1761212610786,9.811867028474808,-87.81467378139496,33.25461596250534,-0.02331237017000377,0.060408053878272513,-0.4864449701029643,,,cuVSLAM,,
732,1761212610819,4.688743501901627,-99.76863861083984,33.75031799077988,-0.009259697124303246,0.05909345012027171,-0.4846306503561412,,,cuVSLAM,,
733,1761212610853,-0.2824254333972931,-111.65499687194824,34.60707888007164,0.004948876379820583,0.05777400868477365,-0.48117521854445616,,,cuVSLAM,,
734,1761212610886,-5.046095699071884,-123.10867011547089,35.0218266248703,0.019682623008770724,0.05623246388392485,-0.4764250073590107,,,cuVSLAM,,
735,1761212610920,-9.606238454580307,-134.8121464252472,35.03517806529999,0.03473279713971965,0.054808451610269225,-0.47182458349321604,,,cuVSLAM,,
736,1761212610953,-13.785477727651596,-146.35725319385529,34.674834460020065,0.04912253223472402,0.05358486269344097,-0.47153918390679345,,,cuVSLAM,,
737,1761212610986,-17.63344183564186,-157.55786001682281,33.92411023378372,0.06297653424373607,0.05222460293559075,-0.46955938974800554,,,cuVSLAM,,
738,1761212611020,-21.279912441968918,-168.76211762428284,33.101439476013184,0.07672287790953626,0.05126733149829963,-0.4642575020305659,,,cuVSLAM,,
739,1761212611053,-24.813663214445114,-179.76178228855133,31.766772270202637,0.08989073595476872,0.049930731043677304,-0.4614717470693696,,,cuVSLAM,,
740,1761212611087,-28.174158185720444,-190.8196210861206,30.17714060842991,0.10359763361764054,0.0481282318556293,-0.4595159993230091,,,cuVSLAM,,
741,1761212611120,-31.526420265436172,-202.1227329969406,28.888210654258728,0.1181725171952845,0.046344904929468994,-0.4562692523336478,,,cuVSLAM,,
742,1761212611154,-35.59150919318199,-213.57300877571106,28.24704349040985,0.1354982531293779,0.0420637559152441,-0.4484280750900895,,,cuVSLAM,,
743,1761212611187,-39.46486487984657,-225.40925443172455,27.91041135787964,0.15294546199569517,0.039396576926619235,-0.44483450692046395,,,cuVSLAM,,
744,1761212611221,-43.25232282280922,-237.494096159935,26.202186942100525,0.17024013207106928,0.03690735581978986,-0.4436822923544645,,,cuVSLAM,,
745,1761212611254,-46.77484557032585,-249.9588280916214,24.727828800678253,0.18737834576188153,0.035016156951446255,-0.44133609925867895,,,cuVSLAM,,
746,1761212611288,-49.091871827840805,-261.6614103317261,22.86691963672638,0.20403977829286218,0.034596540308156155,-0.44053068530049677,,,cuVSLAM,,
747,1761212611321,-51.22731253504753,-273.8221287727356,20.37447690963745,0.22021108112426532,0.03432567553749481,-0.44046651435198647,,,cuVSLAM,,
748,1761212611354,-53.12198027968407,-286.518394947052,19.06118169426918,0.23707540382471676,0.03394377153590288,-0.4394065911661309,,,cuVSLAM,,
749,1761212611388,-54.35776337981224,-298.7978458404541,16.725707799196243,0.2529064305444486,0.034783612916773725,-0.4381629412593473,,,cuVSLAM,,
750,1761212611421,-54.89247664809227,-310.68164110183716,14.483097940683365,0.26740293645195234,0.03691759957071727,-0.4356716094398905,,,cuVSLAM,,
751,1761212611455,-55.03759905695915,-322.3820924758911,13.036135584115982,0.28131910199429594,0.039874626916912716,-0.4365658652133194,,,cuVSLAM,,
752,1761212611488,-54.58032712340355,-333.42427015304565,10.657105594873428,0.2942051614464746,0.04334624759674649,-0.4391262266288643,,,cuVSLAM,,
753,1761212611522,-53.94068732857704,-343.87457370758057,8.217088878154755,0.3058434553561676,0.04655290724711925,-0.4422273951113997,,,cuVSLAM,,
754,1761212611555,-52.87408456206322,-353.38133573532104,5.771622061729431,0.31573653529554235,0.04990251159999059,-0.44643723646768496,,,cuVSLAM,,
755,1761212611589,-51.275115460157394,-362.3321056365967,3.5942569375038147,0.3247551499547354,0.053921684968159536,-0.45139677392435734,,,cuVSLAM,,
756,1761212611622,-49.696747213602066,-370.63276767730713,1.441963016986847,0.33316383963420704,0.057698336056688775,-0.45309367841946696,,,cuVSLAM,,
757,1761212611656,-47.626759856939316,-378.0295252799988,-0.7647797465324402,0.3402831236324312,0.06152532895667665,-0.4549981375762028,,,cuVSLAM,,
758,1761212611689,-45.365627855062485,-384.4776153564453,-2.523675560951233,0.346627461829339,0.06510918039373086,-0.45438855963352526,,,cuVSLAM,,
759,1761212611722,-43.09743270277977,-389.69194889068604,-4.528261721134186,0.3519031093332674,0.06843520857048578,-0.4539561452289775,,,cuVSLAM,,
760,1761212611756,-40.667954832315445,-395.1845169067383,-5.784183740615845,0.35651577646470084,0.07273593900331328,-0.45572357983087614,,,cuVSLAM,,
761,1761212611789,-37.97098621726036,-398.97340536117554,-6.888836622238159,0.36094073640132623,0.07636207199434843,-0.4564429398328154,,,cuVSLAM,,
762,1761212611822,-35.394828766584396,-401.9598960876465,-7.371753454208374,0.3651889240907679,0.07976310102499973,-0.45619489538932756,,,cuVSLAM,,
763,1761212611856,-33.33468362689018,-405.96121549606323,-8.646726608276367,0.369487454048703,0.08276572759695305,-0.45608718187281755,,,cuVSLAM,,
764,1761212611889,-31.613606959581375,-409.86156463623047,-10.434828698635101,0.37395854340603796,0.08471623648018962,-0.45475754798836726,,,cuVSLAM,,
765,1761212611922,-30.298803001642227,-413.68043422698975,-11.994428932666779,0.378609800374704,0.08630589433412215,-0.452589676279743,,,cuVSLAM,,
766,1761212611956,-29.03177961707115,-417.6340103149414,-13.769544661045074,0.38321449146321446,0.08808409977127116,-0.4514003419443055,,,cuVSLAM,,
767,1761212611989,-27.70153060555458,-421.6940999031067,-15.290282666683197,0.38787240726478767,0.09029113705202826,-0.4516082276872927,,,cuVSLAM,,
768,1761212612022,-26.334840804338455,-426.0106086730957,-17.360374331474304,0.39181383644965645,0.09264132247435837,-0.45332590789812016,,,cuVSLAM,,
769,1761212612056,-24.230580776929855,-429.31950092315674,-18.53317767381668,0.3941048274347113,0.09634533570670838,-0.455783854653743,,,cuVSLAM,,
770,1761212612089,-21.75026759505272,-431.6306710243225,-18.963254988193512,0.39430027183778016,0.10072430585016878,-0.4581772256237798,,,cuVSLAM,,
771,1761212612122,-18.887486308813095,-432.47002363204956,-18.262729048728943,0.3923781417347223,0.10499964495703847,-0.4612505129924054,,,cuVSLAM,,
772,1761212612156,-15.752803534269333,-431.7024350166321,-16.18107408285141,0.3889322824509025,0.10921095901848227,-0.4655657186855997,,,cuVSLAM,,
773,1761212612189,-13.059314340353012,-429.45265769958496,-12.834832072257996,0.38408918968989353,0.11177747573155408,-0.4668322337747398,,,cuVSLAM,,
774,1761212612222,-10.06932184100151,-425.1475930213928,-9.039759635925293,0.3774381675032249,0.11309314408467155,-0.4680234762752309,,,cuVSLAM,,
775,1761212612255,-7.022630423307419,-420.3560948371887,-3.1849145889282227,0.36969366096809725,0.11533523245598068,-0.4683927705077574,,,cuVSLAM,,
776,1761212612289,-3.9194636046886444,-413.64216804504395,2.963908016681671,0.36020306401806895,0.11653734025378497,-0.46545021839299855,,,cuVSLAM,,
777,1761212612322,-0.28760358691215515,-405.93433380126953,9.19795036315918,0.3488239985030416,0.11847486174484773,-0.46381875726651356,,,cuVSLAM,,
778,1761212612355,3.898490220308304,-397.5675106048584,15.145115554332733,0.3362166058325664,0.121219478845324,-0.4637260153816311,,,cuVSLAM,,
779,1761212612389,8.470121771097183,-388.3160948753357,21.417252719402313,0.32187172358695976,0.12480015427958698,-0.4662587037973903,,,cuVSLAM,,
780,1761212612422,13.531360775232315,-378.26257944107056,27.588743716478348,0.3056252821781978,0.1290425619428717,-0.4691069867221136,,,cuVSLAM,,
781,1761212612455,19.261736422777176,-367.5191402435303,33.32386165857315,0.28795979805013056,0.13406853046187553,-0.4710708822584391,,,cuVSLAM,,
782,1761212612489,25.418389588594437,-355.6780815124512,38.653746247291565,0.2688001430491288,0.13933239067670128,-0.4726261806363086,,,cuVSLAM,,
783,1761212612522,31.643632799386978,-343.3866500854492,43.67774352431297,0.24864866581813613,0.144986047617595,-0.4756038729186766,,,cuVSLAM,,
784,1761212612555,37.92068734765053,-330.9052586555481,47.87004739046097,0.22805934857007507,0.15063746712382323,-0.48093444897775994,,,cuVSLAM,,
785,1761212612589,43.667782098054886,-318.31103563308716,51.25095322728157,0.20833980403459798,0.15461027641233216,-0.48159687338237006,,,cuVSLAM,,
786,1761212612622,49.32243004441261,-306.0014247894287,54.42380532622337,0.18920336527459755,0.15866427462318952,-0.483562747400523,,,cuVSLAM,,
787,1761212612655,54.42257598042488,-294.1672205924988,56.67442083358765,0.17037192629523867,0.16234966663526335,-0.4887739239138742,,,cuVSLAM,,
788,1761212612689,58.86926129460335,-282.57566690444946,58.107275515794754,0.1524920704085798,0.1648272267934817,-0.49184502042799066,,,cuVSLAM,,
789,1761212612722,62.96075880527496,-271.1166739463806,59.74616855382919,0.1358106081835255,0.1667915854250966,-0.49226392476393926,,,cuVSLAM,,
790,1761212612755,66.6998028755188,-260.1392865180969,61.251044273376465,0.1199608596910601,0.168549529479294,-0.4927231868430018,,,cuVSLAM,,
791,1761212612789,69.94377076625824,-249.31691586971283,62.25377693772316,0.10468989153247389,0.1693987153692003,-0.49229401760993663,,,cuVSLAM,,
792,1761212612822,73.00394773483276,-238.46034705638885,63.031747937202454,0.08926330347106683,0.16993044840249097,-0.4899103239065146,,,cuVSLAM,,
793,1761212612855,76.0788768529892,-226.61329805850983,63.371747732162476,0.07372465334865204,0.17026156599960945,-0.48447500827481504,,,cuVSLAM,,
794,1761212612889,79.04703915119171,-214.27027881145477,63.34616243839264,0.056211375108186384,0.17070404215186405,-0.48025074770436216,,,cuVSLAM,,
795,1761212612922,82.71056413650513,-201.05335116386414,62.576740980148315,0.035856736622251154,0.1717443537011074,-0.48187422798408314,,,cuVSLAM,,
796,1761212612955,86.7343544960022,-186.69849634170532,61.14388629794121,0.013830770132039543,0.17313222658651772,-0.48265223870342044,,,cuVSLAM,,
797,1761212612989,91.38138592243195,-171.32847011089325,59.21340733766556,-0.010264641303923027,0.17518335749608602,-0.48287373067329364,,,cuVSLAM,,
798,1761212613022,96.25288844108582,-155.4916799068451,56.538090109825134,-0.035679662557330453,0.1778156838879358,-0.4843687636850531,,,cuVSLAM,,
799,1761212613055,101.45922750234604,-139.17213678359985,53.28180640935898,-0.0611386170796973,0.18082488461251053,-0.485143711759905,,,cuVSLAM,,
800,1761212613089,106.94963485002518,-122.53586947917938,49.34825003147125,-0.08698687069430545,0.18399355729480082,-0.4848834525843457,,,cuVSLAM,,
801,1761212613122,112.80732601881027,-106.2730997800827,45.24150863289833,-0.11210602120236417,0.1878360608971613,-0.4837747244095573,,,cuVSLAM,,
802,1761212613155,118.71802806854248,-90.25463461875916,40.841735899448395,-0.13582544673011385,0.19190929378286645,-0.48231939230103094,,,cuVSLAM,,
803,1761212613189,124.55491721630096,-74.61579144001007,36.14180535078049,-0.1593181254125437,0.19573114120103197,-0.4831995398918809,,,cuVSLAM,,
804,1761212613222,129.93469834327698,-59.46057289838791,31.27291426062584,-0.18165055690675067,0.19895515998590754,-0.4828826755416182,,,cuVSLAM,,
805,1761212613255,134.7782462835312,-44.8014959692955,26.45297721028328,-0.20199986002396889,0.2015737115086112,-0.47830769630050424,,,cuVSLAM,,
806,1761212613289,139.20694589614868,-30.572116374969482,21.67513594031334,-0.22137895879493083,0.20318006981008777,-0.47505921149433594,,,cuVSLAM,,
807,1761212613322,142.55279302597046,-17.460446804761887,17.147360369563103,-0.2391935923253547,0.20332422980915033,-0.47345631436484603,,,cuVSLAM,,
808,1761212613355,145.26864886283875,-5.080662667751312,13.180405832827091,-0.25466041566534314,0.20273208591861192,-0.46995682169555913,,,cuVSLAM,,
809,1761212613388,147.2368836402893,6.439853459596634,9.646015241742134,-0.26715163335859937,0.20187164881933606,-0.4631358523443569,,,cuVSLAM,,
810,1761212613422,148.30850064754486,16.54452085494995,6.557108834385872,-0.27699554962055045,0.20059107607757956,-0.4566628180286065,,,cuVSLAM,,
811,1761212613455,148.90974760055542,25.884170085191727,3.6189649254083633,-0.2850547844848257,0.19851222559897438,-0.4516267857943754,,,cuVSLAM,,
812,1761212613488,148.99322390556335,34.22514349222183,1.1311247944831848,-0.2911129716194303,0.19628959834286686,-0.4443489729355449,,,cuVSLAM,,
813,1761212613522,148.75862002372742,41.99083149433136,-0.9149722754955292,-0.2962181944933304,0.19372356919361722,-0.43816558607355943,,,cuVSLAM,,
814,1761212613555,148.05816113948822,49.190349876880646,-3.398928791284561,-0.30104789559679046,0.19058798936197038,-0.43323398747200015,,,cuVSLAM,,
815,1761212613588,147.46049046516418,56.10470846295357,-5.594465881586075,-0.30532996621360387,0.1880023117930003,-0.42800629116476674,,,cuVSLAM,,
816,1761212613622,146.94371819496155,62.55674362182617,-7.754702121019363,-0.30976458363276094,0.18535426658559973,-0.4246822671555683,,,cuVSLAM,,
817,1761212613655,146.6330587863922,68.97400319576263,-9.596031159162521,-0.31437279612671004,0.18345316576120174,-0.42091523561030536,,,cuVSLAM,,
818,1761212613688,145.9740251302719,74.93805885314941,-11.780224740505219,-0.3192938398146648,0.18186522112972242,-0.41698405564331414,,,cuVSLAM,,
819,1761212613722,145.45194804668427,80.6022360920906,-13.71029019355774,-0.32486485368853607,0.18068459564764278,-0.4145943006825998,,,cuVSLAM,,
820,1761212613755,145.1750546693802,86.09694242477417,-15.860669314861298,-0.33051146076277166,0.18014782273909904,-0.4117190668785966,,,cuVSLAM,,
821,1761212613789,144.99764144420624,91.11328423023224,-17.286520451307297,-0.3353259501280322,0.18050393550885985,-0.40929954502771093,,,cuVSLAM,,
822,1761212613822,144.31288838386536,95.15911340713501,-18.367357552051544,-0.3399730587818125,0.18028525715576196,-0.4099155450775618,,,cuVSLAM,,
823,1761212613855,144.0063863992691,99.00075197219849,-18.9659520983696,-0.34316620880341253,0.17993167609903787,-0.41093218166430273,,,cuVSLAM,,
824,1761212613889,142.9600566625595,101.74306482076645,-19.05035972595215,-0.3440183751088161,0.17929906013729102,-0.4102805457071699,,,cuVSLAM,,
825,1761212613922,141.060009598732,103.4831553697586,-18.30212026834488,-0.3425337983495864,0.17826185721422183,-0.40876227693168027,,,cuVSLAM,,
826,1761212613955,139.02053236961365,104.44025695323944,-16.805298626422882,-0.3400013444400706,0.17683572284286875,-0.4077657445866145,,,cuVSLAM,,
827,1761212613989,136.44789159297943,104.85849529504776,-14.393940567970276,-0.33612249309861447,0.1749648326153263,-0.4062852899849385,,,cuVSLAM,,
828,1761212614022,133.4628313779831,104.20362651348114,-11.371910572052002,-0.33048018797795436,0.17219574630008994,-0.4046535486935556,,,cuVSLAM,,
829,1761212614056,128.8175731897354,102.19650715589523,-7.535664364695549,-0.32270552113010037,0.16832761650753883,-0.4016665895781446,,,cuVSLAM,,
830,1761212614089,123.63637983798981,99.26887601613998,-3.0644144862890244,-0.312274482817169,0.16358296547312648,-0.39634163986643967,,,cuVSLAM,,
831,1761212614122,116.93333089351654,94.1508486866951,2.296077087521553,-0.2988144497372759,0.1580700549121652,-0.3890306392756605,,,cuVSLAM,,
832,1761212614156,109.703429043293,87.14384585618973,8.213680237531662,-0.2830465210276433,0.15153352581581622,-0.3864323633024011,,,cuVSLAM,,
833,1761212614189,101.78600251674652,78.30215990543365,13.597384095191956,-0.2646764136697065,0.1436654874618489,-0.38527380435873776,,,cuVSLAM,,
834,1761212614222,93.65753829479218,68.06132197380066,19.728930667042732,-0.24416981288107498,0.1357535000077156,-0.38409774944039377,,,cuVSLAM,,
835,1761212614256,85.13911068439484,56.48363381624222,25.545518845319748,-0.22213018745289376,0.12684194051068054,-0.38250520411035044,,,cuVSLAM,,
836,1761212614289,76.26618444919586,44.20039802789688,31.46582469344139,-0.1995075955521622,0.11777448419387546,-0.38296213109003147,,,cuVSLAM,,
837,1761212614323,67.37948954105377,31.484253704547882,36.674030125141144,-0.1769483267627671,0.10884404338754307,-0.3842853003711352,,,cuVSLAM,,
838,1761212614356,58.66842344403267,18.484346568584442,41.274599730968475,-0.15503676014033385,0.1000208825271353,-0.38726358627154356,,,cuVSLAM,,
839,1761212614389,50.50789192318916,5.430642515420914,45.82302272319794,-0.1331989541371455,0.09202624174318681,-0.3894489331824609,,,cuVSLAM,,
840,1761212614423,42.52348095178604,-8.11775028705597,50.19044876098633,-0.11139651287053629,0.0845681060779374,-0.39213479293272696,,,cuVSLAM,,
841,1761212614456,34.825701266527176,-22.04383909702301,54.08862233161926,-0.08899719459938306,0.07708540824453965,-0.39563811361859763,,,cuVSLAM,,
842,1761212614489,27.059420943260193,-36.80301457643509,58.37295576930046,-0.06517293979713859,0.07000997946629654,-0.39743008722178264,,,cuVSLAM,,
843,1761212614523,19.261643290519714,-51.46300047636032,61.62289157509804,-0.040147722783847636,0.062173079031186664,-0.39792609104496757,,,cuVSLAM,,
844,1761212614556,11.201363056898117,-66.77064299583435,64.73013758659363,-0.014909467543216913,0.05360064239444418,-0.3993715802923716,,,cuVSLAM,,
845,1761212614590,2.613253891468048,-81.9106325507164,67.36535578966141,0.010152380628879756,0.04428269371298522,-0.4026511773436969,,,cuVSLAM,,
846,1761212614623,-6.0245580971241,-97.10344672203064,69.18942928314209,0.035396461659745464,0.03438517670264156,-0.404703747323778,,,cuVSLAM,,
847,1761212614656,-14.324117451906204,-111.65009438991547,70.37477940320969,0.06087939722526809,0.024374557334650035,-0.40642624007716727,,,cuVSLAM,,
848,1761212614690,-21.85216173529625,-125.84280967712402,71.74919545650482,0.08656627986819526,0.01469498516386484,-0.4063748970108464,,,cuVSLAM,,
849,1761212614723,-29.574763029813766,-139.79412615299225,73.31561297178268,0.11222235633114731,0.005221978734758507,-0.40208832640906034,,,cuVSLAM,,
850,1761212614756,-37.18977048993111,-153.4663438796997,74.4125172495842,0.13732409705922888,-0.004088176601965713,-0.3992869340142175,,,cuVSLAM,,
851,1761212614790,-44.79200020432472,-166.60992801189423,74.19022917747498,0.1620831177238788,-0.01418678491207028,-0.39566900831685947,,,cuVSLAM,,
852,1761212614823,-52.011240273714066,-179.06653881072998,73.98355007171631,0.18567541355946787,-0.02420245692816435,-0.39190347921406105,,,cuVSLAM,,
853,1761212614856,-58.78611281514168,-190.6948685646057,73.22335988283157,0.20780030180365144,-0.03390351989850852,-0.3874549661876406,,,cuVSLAM,,
854,1761212614890,-65.26806950569153,-201.92719995975494,71.9638541340828,0.22840159441866376,-0.04287198696128579,-0.38248699140525266,,,cuVSLAM,,
855,1761212614923,-70.88002562522888,-211.83542907238007,69.53679770231247,0.24751080010322518,-0.05137655170028521,-0.3780402482258347,,,cuVSLAM,,
856,1761212614956,-75.47461986541748,-221.58075869083405,67.38325953483582,0.26486628034406773,-0.05801571610277526,-0.3724390235756213,,,cuVSLAM,,
857,1761212614990,-78.87127995491028,-229.9392968416214,65.08244574069977,0.2802292727542728,-0.06311813679231949,-0.3667810428215615,,,cuVSLAM,,
858,1761212615023,-81.7965418100357,-237.64951527118683,63.28585743904114,0.2943491816634013,-0.06695206370541187,-0.36071474272203363,,,cuVSLAM,,
859,1761212615056,-83.45581591129303,-243.40860545635223,60.06632745265961,0.3059045321047401,-0.07060462634894218,-0.3567911038752807,,,cuVSLAM,,
860,1761212615090,-85.46881377696991,-249.4911104440689,57.01623484492302,0.315547570613301,-0.07311441729059855,-0.35685318354906437,,,cuVSLAM,,
861,1761212615123,-86.91403269767761,-254.0307641029358,54.8589751124382,0.3240222546239693,-0.07612651661057153,-0.3533706001595027,,,cuVSLAM,,
862,1761212615156,-89.20033276081085,-259.887158870697,52.75578051805496,0.3320204965815903,-0.07899458443943022,-0.350785314961216,,,cuVSLAM,,
863,1761212615190,-91.51776134967804,-264.878511428833,49.43092539906502,0.33965105178147625,-0.08274872681634199,-0.35060156812682164,,,cuVSLAM,,
864,1761212615223,-93.91438961029053,-268.8475251197815,46.71253263950348,0.3477671544851796,-0.08740437510084997,-0.34738087845913795,,,cuVSLAM,,
865,1761212615256,-96.54328227043152,-273.490309715271,43.539147824048996,0.356503562074975,-0.09225926672476828,-0.3470413529990371,,,cuVSLAM,,
866,1761212615290,-99.50070083141327,-279.3118953704834,40.93458503484726,0.36670720080295743,-0.09684195353081271,-0.34721159493186493,,,cuVSLAM,,
867,1761212615323,-102.49285399913788,-285.1843237876892,37.951577454805374,0.3782060287477245,-0.10185015084221992,-0.34585209445120313,,,cuVSLAM,,
868,1761212615356,-104.37890142202377,-288.2530987262726,31.84012696146965,0.39105326961235753,-0.1087193508818052,-0.34678354947466367,,,cuVSLAM,,
869,1761212615390,-106.58237338066101,-295.12715339660645,28.70778739452362,0.40584103281993045,-0.11257525296139109,-0.3457662511541459,,,cuVSLAM,,
870,1761212615423,-109.13430899381638,-303.57781052589417,24.44935217499733,0.42175120390016224,-0.11643681150540094,-0.34312651423271195,,,cuVSLAM,,
871,1761212615456,-111.32621020078659,-312.1674656867981,19.845839589834213,0.4378820871475957,-0.1197512381751507,-0.34180234768235707,,,cuVSLAM,,
872,1761212615490,-113.03121596574783,-321.20922207832336,15.746643766760826,0.4545888813580863,-0.12181220078622987,-0.3418838622039821,,,cuVSLAM,,
873,1761212615523,-113.97988349199295,-329.2934000492096,10.993791744112968,0.47084340409171577,-0.12365085765282315,-0.34160768289933874,,,cuVSLAM,,
874,1761212615556,-114.56289887428284,-337.3335897922516,6.767762824892998,0.48625045211360435,-0.12442159598988628,-0.34002566240453896,,,cuVSLAM,,
875,1761212615590,-114.97816443443298,-345.2792763710022,3.3778492361307144,0.49986603174543554,-0.12427729053005919,-0.33694635996915956,,,cuVSLAM,,
876,1761212615623,-114.64528739452362,-351.4275848865509,-0.32480061054229736,0.510593009380281,-0.12431009107691322,-0.3330148171474508,,,cuVSLAM,,
877,1761212615656,-113.81462961435318,-356.2420606613159,-2.700943499803543,0.5182426820885657,-0.12316638532761653,-0.3275959069164869,,,cuVSLAM,,
878,1761212615690,-112.527035176754,-359.9840998649597,-4.786890000104904,0.5230007951104769,-0.12133582405057891,-0.32069720477244285,,,cuVSLAM,,
879,1761212615723,-110.65152287483215,-362.6987338066101,-6.6369324922561646,0.5260105034265511,-0.11922673994310795,-0.3132598031379982,,,cuVSLAM,,
880,1761212615756,-108.20408165454865,-365.12839794158936,-7.44088739156723,0.5287036658799907,-0.1157880235861309,-0.30632773734435687,,,cuVSLAM,,
881,1761212615790,-105.60311377048492,-366.8655753135681,-8.827034384012222,0.5305023002007274,-0.11194482615476631,-0.3012179160422746,,,cuVSLAM,,
882,1761212615823,-102.73338109254837,-368.28675866127014,-8.925605565309525,0.5315723182619131,-0.10758200684902947,-0.29586192581908793,,,cuVSLAM,,
883,1761212615856,-99.57464039325714,-369.1618740558624,-9.073592722415924,0.5316037776860717,-0.10249591212744294,-0.29225225799127236,,,cuVSLAM,,
884,1761212615890,-95.92443704605103,-370.7137107849121,-8.600376546382904,0.5312276463973379,-0.09447769160258646,-0.29589146578988734,,,cuVSLAM,,
885,1761212615923,-91.39320999383926,-369.9715733528137,-7.202215492725372,0.5295007625248094,-0.08748612379245828,-0.29583367404970806,,,cuVSLAM,,
886,1761212615956,-86.79662644863129,-369.31511759757996,-5.715165287256241,0.526565048314697,-0.08069032698185165,-0.292237136999673,,,cuVSLAM,,
887,1761212615990,-82.11979269981384,-367.63784289360046,-3.166813403367996,0.522050198975683,-0.07279749747311648,-0.2921669173103576,,,cuVSLAM,,
888,1761212616023,-76.95741951465607,-364.74770307540894,0.020638108253479004,0.5151990334212246,-0.06469446091935784,-0.29307804264867554,,,cuVSLAM,,
889,1761212616056,-71.66876643896103,-360.441654920578,4.390757530927658,0.5054826433643967,-0.056726101516388336,-0.29251538896516927,,,cuVSLAM,,
890,1761212616090,-66.22865796089172,-354.5196056365967,9.145200252532959,0.4928678610295073,-0.04963335300017783,-0.2896988844921691,,,cuVSLAM,,
891,1761212616123,-60.759611427783966,-347.14099764823914,14.085778966546059,0.4773405936014624,-0.04259348903547022,-0.2873403939897206,,,cuVSLAM,,
892,1761212616156,-55.03004416823387,-338.0834758281708,19.197920337319374,0.4585857194388432,-0.03507165051904051,-0.28625479648535335,,,cuVSLAM,,
893,1761212616190,-49.28252100944519,-327.7592062950134,24.394534528255463,0.4366478956415619,-0.027152205910418066,-0.28672604991757783,,,cuVSLAM,,
894,1761212616223,-43.42455416917801,-315.574049949646,29.404819011688232,0.4129480293762567,-0.020837161005435076,-0.2854756619929198,,,cuVSLAM,,
895,1761212616256,-38.217104971408844,-302.72799730300903,34.54900532960892,0.38885644703623484,-0.016386867062260727,-0.2803532728409165,,,cuVSLAM,,
896,1761212616290,-33.468782901763916,-289.58016633987427,39.69404101371765,0.36469314847497525,-0.012143369889382053,-0.2770805376646946,,,cuVSLAM,,
897,1761212616323,-29.282040894031525,-275.2780020236969,44.04374957084656,0.34032220366104404,-0.009766802968177996,-0.26972954560527346,,,cuVSLAM,,
898,1761212616356,-25.576017796993256,-260.89346408843994,47.94800281524658,0.3161437583420008,-0.008031810074670596,-0.26419778572236907,,,cuVSLAM,,
899,1761212616390,-22.008761763572693,-246.34811282157898,51.60269886255264,0.29212545894748393,-0.006366288863190507,-0.2592513062409267,,,cuVSLAM,,
900,1761212616423,-18.850751221179962,-231.74668848514557,54.16589230298996,0.26859957145620095,-0.005174720642053736,-0.25318166472764975,,,cuVSLAM,,
901,1761212616456,-15.835411846637726,-217.64877438545227,56.740134954452515,0.24567851369610563,-0.0031399555859565505,-0.24773158885100316,,,cuVSLAM,,
902,1761212616490,-13.134315609931946,-204.2374312877655,58.71418118476868,0.2233048207252049,-0.0007586204840869936,-0.24575217616874911,,,cuVSLAM,,
903,1761212616523,-11.035002768039703,-191.0606324672699,59.70771610736847,0.20148566639687432,0.0008987685163624679,-0.24382398459807617,,,cuVSLAM,,
904,1761212616556,-8.352361619472504,-178.03868651390076,60.93205511569977,0.18078352185533939,0.00256333954778066,-0.2405565609624269,,,cuVSLAM,,
905,1761212616590,-5.956314504146576,-166.2352830171585,61.67178973555565,0.16046424986762545,0.0048756479438624946,-0.23923643654750834,,,cuVSLAM,,
906,1761212616623,-3.5015717148780823,-154.87410128116608,61.470743268728256,0.14024820866406906,0.007479408644006896,-0.23998600741796255,,,cuVSLAM,,
907,1761212616656,-0.9183213114738464,-144.193634390831,61.39818578958511,0.12042936880670643,0.011374913160885763,-0.24181619743773972,,,cuVSLAM,,
908,1761212616690,2.604849636554718,-133.61303508281708,60.56831777095795,0.100820706651,0.016256802619649274,-0.24283527201254534,,,cuVSLAM,,
909,1761212616723,7.554210722446442,-123.1299638748169,59.66464430093765,0.08203784698323303,0.02330754981419597,-0.24530817762359583,,,cuVSLAM,,
910,1761212616756,13.132639229297638,-113.89343440532684,58.118466287851334,0.06453122307002986,0.032322599568211895,-0.2468725214108447,,,cuVSLAM,,
911,1761212616790,19.84737068414688,-106.00195825099945,56.932758539915085,0.048282420268368265,0.0438734152713843,-0.2526042799296851,,,cuVSLAM,,
912,1761212616823,27.917422354221344,-98.50844740867615,55.488646030426025,0.033146379344163666,0.05686998749391447,-0.26171945902486116,,,cuVSLAM,,
913,1761212616856,36.23201698064804,-91.67748689651489,52.551496773958206,0.01918951441142807,0.07027961501107935,-0.26903865953729816,,,cuVSLAM,,
914,1761212616890,44.73832994699478,-85.81502735614777,50.422634929418564,0.005995094395014276,0.08524565678545279,-0.27795034812761465,,,cuVSLAM,,
915,1761212616923,53.1051829457283,-80.40449023246765,47.249455004930496,-0.007392309609766433,0.09971016764949256,-0.2878690798253135,,,cuVSLAM,,
916,1761212616956,62.08626180887222,-74.44579899311066,44.17870566248894,-0.019677114138515403,0.1142323896809411,-0.29517159317488717,,,cuVSLAM,,
917,1761212616990,71.54709845781326,-68.77580285072327,40.98249599337578,-0.03142614454904064,0.12932728817226063,-0.3007488224012657,,,cuVSLAM,,
918,1761212617023,80.74817806482315,-64.62670862674713,37.748534232378006,-0.04245491945955164,0.14581351463546877,-0.30524699740603234,,,cuVSLAM,,
919,1761212617056,90.61945229768753,-60.69329380989075,34.11491587758064,-0.05161197006357966,0.1637181296929735,-0.307886681511464,,,cuVSLAM,,
920,1761212617090,101.4326885342598,-57.800039649009705,30.58553859591484,-0.05931773397044686,0.18304845054825072,-0.31197635700721754,,,cuVSLAM,,
921,1761212617123,112.52433806657791,-56.01167678833008,27.489017695188522,-0.06600937275191372,0.20326239375300675,-0.31809979256725623,,,cuVSLAM,,
922,1761212617156,123.37515503168106,-54.902225732803345,23.990783840417862,-0.07130408868119621,0.22368057306689904,-0.3234541532792023,,,cuVSLAM,,
923,1761212617190,133.87316465377808,-54.419100284576416,20.811494439840317,-0.0749878034143294,0.24413134927329808,-0.32671624143872574,,,cuVSLAM,,
924,1761212617223,144.3338394165039,-54.25363779067993,17.50456914305687,-0.07782906130290365,0.2638701194369,-0.3307902380250089,,,cuVSLAM,,
925,1761212617256,153.46792340278625,-55.37809431552887,14.39746841788292,-0.07981261169441368,0.282341249829512,-0.33463470256587724,,,cuVSLAM,,
926,1761212617290,161.98837757110596,-55.99921941757202,10.386984795331955,-0.08134052693511942,0.2978973219068493,-0.3373074551517411,,,cuVSLAM,,
927,1761212617323,169.38656568527222,-56.34455382823944,7.129255682229996,-0.08139865948794658,0.3114963760759924,-0.33770672715144295,,,cuVSLAM,,
928,1761212617356,175.65539479255676,-56.277960538864136,3.618840128183365,-0.07905670747346673,0.3230692390967266,-0.3304374594029487,,,cuVSLAM,,
929,1761212617390,180.96718192100525,-55.429309606552124,0.7483847439289093,-0.07878543463321208,0.3330532088297698,-0.32481368592083576,,,cuVSLAM,,
930,1761212617423,185.66185235977173,-53.656190633773804,-2.6331953704357147,-0.07963687748240923,0.34103703673602276,-0.31793616319902707,,,cuVSLAM,,
931,1761212617456,189.75552916526794,-51.88019573688507,-5.839627236127853,-0.08190448161968429,0.34795697634535583,-0.3137329359510575,,,cuVSLAM,,
932,1761212617490,194.21395659446716,-49.31838810443878,-8.636649698019028,-0.08514501825644194,0.35477932598626,-0.3128326389632673,,,cuVSLAM,,
933,1761212617523,198.46653938293457,-46.8616783618927,-12.28966936469078,-0.0882509505850896,0.36128091605985474,-0.3097431838650722,,,cuVSLAM,,
934,1761212617556,203.16526293754578,-44.43085193634033,-15.932749956846237,-0.0916993878756487,0.36904141322380757,-0.30679054084382223,,,cuVSLAM,,
935,1761212617590,208.2315981388092,-41.98545217514038,-20.27915045619011,-0.09558754564516704,0.37774360662848877,-0.3048093887965334,,,cuVSLAM,,
936,1761212617623,213.85544538497925,-39.35825824737549,-24.538811296224594,-0.09936968109500378,0.3876745202395126,-0.3023878587275933,,,cuVSLAM,,
937,1761212617656,219.27288174629211,-37.190914154052734,-29.027726501226425,-0.10362984618126093,0.3985208881206553,-0.29918958340310303,,,cuVSLAM,,
938,1761212617690,225.14137625694275,-35.146236419677734,-33.53159502148628,-0.10778035188853807,0.41017565176643445,-0.29730520872898947,,,cuVSLAM,,
939,1761212617723,230.39093613624573,-33.152759075164795,-37.860456854104996,-0.11148640133842001,0.4213567502054908,-0.29575711293048335,,,cuVSLAM,,
940,1761212617756,235.32363772392273,-31.185179948806763,-41.79001227021217,-0.11510424853149719,0.43160179507757856,-0.2941417992454485,,,cuVSLAM,,
941,1761212617790,241.06985330581665,-28.381139039993286,-45.06382718682289,-0.11809518153291765,0.4412718351431247,-0.293288787011839,,,cuVSLAM,,
942,1761212617823,244.1946268081665,-27.063488960266113,-47.559794038534164,-0.11999577174323894,0.44826737753499624,-0.29191335651810013,,,cuVSLAM,,
943,1761212617856,246.14867568016052,-25.554269552230835,-49.78718236088753,-0.12099731988903259,0.45144145703052285,-0.2911307908883022,,,cuVSLAM,,
944,1761212617890,247.1388876438141,-23.620545864105225,-51.51010677218437,-0.12098353866899317,0.4520230431592945,-0.2882891062783351,,,cuVSLAM,,
945,1761212617923,247.78373539447784,-22.45229482650757,-49.872446805238724,-0.11960354792059809,0.4542126723239958,-0.28220222060447253,,,cuVSLAM,,
946,1761212617956,247.46978282928467,-21.726414561271667,-50.20643025636673,-0.11776744282890574,0.4542412532082511,-0.27707775052257483,,,cuVSLAM,,
947,1761212617990,246.8521147966385,-21.096911281347275,-50.688669085502625,-0.11584597999641813,0.4543686537576956,-0.27315300174377,,,cuVSLAM,,
948,1761212618023,245.48110365867615,-21.26857079565525,-51.10752955079079,-0.11249053144947724,0.45401964513260157,-0.2689351436369257,,,cuVSLAM,,
949,1761212618056,243.70011687278748,-22.21100777387619,-51.30008980631828,-0.10750701640849153,0.45261886923049155,-0.26556553449471404,,,cuVSLAM,,
950,1761212618089,241.36795103549957,-24.532677605748177,-50.224144011735916,-0.10032355581068259,0.44959383612305365,-0.2630794287762869,,,cuVSLAM,,
951,1761212618123,238.03144693374634,-28.824085369706154,-48.08604344725609,-0.09009704629367522,0.4443099608397511,-0.26091059756742263,,,cuVSLAM,,
952,1761212618156,234.07308757305145,-34.19710695743561,-44.614750891923904,-0.07594130799721464,0.43804831340405387,-0.2561469030459162,,,cuVSLAM,,
953,1761212618189,228.60586643218994,-41.93505272269249,-40.84807634353638,-0.058756993948050645,0.4294402541898547,-0.25371777029836123,,,cuVSLAM,,
954,1761212618223,222.14150428771973,-52.03596502542496,-36.28988564014435,-0.037695565535669925,0.419381711998054,-0.2525268756311149,,,cuVSLAM,,
955,1761212618256,215.00933170318604,-63.91265243291855,-31.894002109766006,-0.012901349567517378,0.4080978393988755,-0.24938275759568915,,,cuVSLAM,,
956,1761212618289,208.02754163742065,-78.07985693216324,-27.872644364833832,0.014475453694612783,0.3970733214516447,-0.24817909534449573,,,cuVSLAM,,
957,1761212618323,201.74814760684967,-93.89691799879074,-24.784456938505173,0.043953602128514915,0.3877603224674751,-0.2491504180770941,,,cuVSLAM,,
958,1761212618356,196.8453824520111,-111.22964322566986,-22.993192076683044,0.07396736428543595,0.3817236266056185,-0.25480945869499266,,,cuVSLAM,,
959,1761212618389,194.00376081466675,-129.3683648109436,-22.498654201626778,0.10535058482862575,0.379991008475265,-0.26131292977136084,,,cuVSLAM,,
960,1761212618423,193.18558275699615,-147.6673036813736,-23.555267602205276,0.13567513883507554,0.38332987416449543,-0.27032080479004655,,,cuVSLAM,,
961,1761212618456,194.21450793743134,-164.5471751689911,-26.292990893125534,0.1635476809900455,0.39068836147775543,-0.2775375615110787,,,cuVSLAM,,
962,1761212618489,196.5431123971939,-180.8176338672638,-29.94489297270775,0.1878398533560583,0.4016082111565429,-0.28729583513623425,,,cuVSLAM,,
963,1761212618523,200.35898685455322,-195.89342176914215,-34.40403565764427,0.20762167745342186,0.41531952101386155,-0.3000642226860079,,,cuVSLAM,,
964,1761212618556,204.64594662189484,-209.74382758140564,-39.05903920531273,0.22367304477322836,0.4308875499531403,-0.31512151893632295,,,cuVSLAM,,
965,1761212618589,208.7981104850769,-221.95148468017578,-43.99840161204338,0.23735296632428748,0.44613130799121353,-0.3291577671763855,,,cuVSLAM,,
966,1761212618623,211.93495392799377,-233.65892469882965,-48.673324286937714,0.24807260208171167,0.46052401844310553,-0.3437466376452731,,,cuVSLAM,,
967,1761212618656,213.5806530714035,-244.02309954166412,-54.322078824043274,0.2575980746768577,0.4706572407132676,-0.3553810205519859,,,cuVSLAM,,
968,1761212618689,214.2072468996048,-253.36015224456787,-58.32872539758682,0.26616627971354917,0.47833791335864306,-0.3654750368765054,,,cuVSLAM,,
969,1761212618723,214.06030654907227,-261.7288827896118,-61.33603677153587,0.2749503322360917,0.48312803576066105,-0.37377699114427804,,,cuVSLAM,,
970,1761212618756,212.53302693367004,-269.4239318370819,-63.036613166332245,0.2850234341470739,0.48540593308234237,-0.3777450253879876,,,cuVSLAM,,
971,1761212618790,210.51950752735138,-276.1077582836151,-64.37624990940094,0.2941201761658741,0.48602793465673155,-0.3818225178682035,,,cuVSLAM,,
972,1761212618823,208.6893916130066,-282.02176094055176,-64.71656262874603,0.30303822504397043,0.4866087972166035,-0.38476416430185806,,,cuVSLAM,,
973,1761212618856,206.61555230617523,-287.3246669769287,-65.70769846439362,0.3102626773085454,0.4876215652921196,-0.3878068508802399,,,cuVSLAM,,
974,1761212618890,204.75992560386658,-292.306125164032,-67.08429753780365,0.3156413718291296,0.48983462683721757,-0.39326551226561796,,,cuVSLAM,,
975,1761212618923,203.82817089557648,-297.1001863479614,-68.44428181648254,0.31919615390962813,0.4945452245075707,-0.402798892142571,,,cuVSLAM,,
976,1761212618956,203.64581048488617,-302.0855486392975,-70.55553048849106,0.32151876659572703,0.5013271745001157,-0.4166546344066752,,,cuVSLAM,,
977,1761212618990,203.6324143409729,-306.70544505119324,-73.04246723651886,0.32620012117366454,0.5076692732618088,-0.42498798917542113,,,cuVSLAM,,
978,1761212619023,203.3643126487732,-311.87137961387634,-75.53499937057495,0.33218029485502165,0.5137546888594935,-0.4323705674761349,,,cuVSLAM,,
979,1761212619056,203.09075713157654,-317.5163269042969,-78.41189205646515,0.33848930851991665,0.5193471397082611,-0.44320156573553254,,,cuVSLAM,,
980,1761212619090,202.81854271888733,-323.16815853118896,-80.79670369625092,0.3465611450660204,0.5239200421402989,-0.4518347340933276,,,cuVSLAM,,
981,1761212619123,202.08528637886047,-328.9455473423004,-84.04618501663208,0.35518801066452776,0.5275330010048778,-0.46037259174146794,,,cuVSLAM,,
982,1761212619156,201.1413276195526,-334.98767018318176,-88.0025178194046,0.36383754135177837,0.5311612618758157,-0.46993136625885357,,,cuVSLAM,,
983,1761212619190,200.68129897117615,-340.96449613571167,-91.93942695856094,0.37294384651260987,0.5363140130322485,-0.48047930852965,,,cuVSLAM,,
984,1761212619223,201.04987919330597,-347.03510999679565,-96.08545899391174,0.382452779233176,0.5439889053183986,-0.4914439077015573,,,cuVSLAM,,
985,1761212619256,202.1283358335495,-353.5679578781128,-101.394884288311,0.3918524107321084,0.5536060433621057,-0.5018084677402271,,,cuVSLAM,,
986,1761212619290,204.23734188079834,-359.6736192703247,-106.69754445552826,0.40056167475809357,0.5656515085061421,-0.5101135376830994,,,cuVSLAM,,
987,1761212619323,206.95219933986664,-365.54592847824097,-112.10064589977264,0.40852481189300327,0.5792243006272988,-0.5164393418926762,,,cuVSLAM,,
988,1761212619356,210.06718277931213,-370.05144357681274,-117.27871000766754,0.41457319637662143,0.5926832262757198,-0.5228575046910225,,,cuVSLAM,,
989,1761212619390,212.80479431152344,-372.4174201488495,-123.64105880260468,0.4175495110614261,0.6033109959972751,-0.5305169367794087,,,cuVSLAM,,
990,1761212619423,214.24540877342224,-375.02533197402954,-127.41754949092865,0.41830800631458104,0.6122676477887602,-0.5375996434732068,,,cuVSLAM,,
991,1761212619456,214.59360420703888,-376.47154927253723,-129.8357993364334,0.4181650472709079,0.6171142240235482,-0.544894209675089,,,cuVSLAM,,
992,1761212619490,213.89098465442657,-377.1391808986664,-130.90205192565918,0.41851469117474865,0.6179386541709206,-0.5499729380613708,,,cuVSLAM,,
993,1761212619523,212.25614845752716,-377.6324689388275,-130.84879517555237,0.4183864783670137,0.6164682187885707,-0.5547560737047732,,,cuVSLAM,,
994,1761212619557,210.34139394760132,-377.73415446281433,-130.15156984329224,0.41799808539346944,0.6142113977489668,-0.5595420669021671,,,cuVSLAM,,
995,1761212619590,208.52290093898773,-377.5799870491028,-128.95211577415466,0.4173886436540591,0.612614656925542,-0.5639247996077017,,,cuVSLAM,,
996,1761212619623,207.59694278240204,-376.76286697387695,-127.34392285346985,0.4157430700852262,0.6119451831009014,-0.5671843579123663,,,cuVSLAM,,
997,1761212619657,206.84193074703217,-375.68214535713196,-125.67897140979767,0.4128504687976708,0.6124240636428645,-0.5707832583724474,,,cuVSLAM,,
998,1761212619690,206.36850595474243,-374.20228123664856,-124.14051592350006,0.4096255218635521,0.6137782021710622,-0.5754317523349334,,,cuVSLAM,,
999,1761212619723,206.29215240478516,-372.0533847808838,-121.90259993076324,0.40572561878346525,0.6150339539598958,-0.5779170667001529,,,cuVSLAM,,
1000,1761212619757,206.23721182346344,-368.6465919017792,-119.09092962741852,0.3990528643867548,0.6156714943156664,-0.5794788596028146,,,cuVSLAM,,
1001,1761212619790,206.46676421165466,-364.05614018440247,-115.72686582803726,0.3907157480539154,0.6149472818282284,-0.576996984772653,,,cuVSLAM,,
1002,1761212619823,207.2300910949707,-358.3179712295532,-112.28528618812561,0.3798234874606946,0.6147990448006861,-0.5742028998373772,,,cuVSLAM,,
1003,1761212619857,208.76692235469818,-351.6402542591095,-109.33908820152283,0.3667259627555436,0.6164477576727067,-0.5713183132087496,,,cuVSLAM,,
1004,1761212619890,211.41694486141205,-344.43870186805725,-107.21517354249954,0.3515716935502868,0.6208223469090348,-0.5696831362590888,,,cuVSLAM,,
1005,1761212619923,215.68681299686432,-336.84080839157104,-106.09972476959229,0.3346600385448441,0.6287809252069783,-0.56903011730599,,,cuVSLAM,,
1006,1761212619957,221.24598920345306,-329.0303945541382,-106.43351078033447,0.31627341571819484,0.6404350665078404,-0.5692013371834365,,,cuVSLAM,,
1007,1761212619990,227.80722379684448,-321.29186391830444,-107.92015492916107,0.2987158685538188,0.6543020418081613,-0.5666186269874095,,,cuVSLAM,,
1008,1761212620023,235.07869243621826,-313.48514556884766,-110.30589044094086,0.2838797112238302,0.6691882758483919,-0.5582121420945808,,,cuVSLAM,,
1009,1761212620057,242.31800436973572,-306.46708607673645,-113.2650077342987,0.2721587217910001,0.6847996562726573,-0.5459780334181218,,,cuVSLAM,,
1010,1761212620090,249.07729029655457,-300.5440831184387,-116.52852594852448,0.2633923231772713,0.7000887888175644,-0.5329408477186124,,,cuVSLAM,,
1011,1761212620123,253.17680835723877,-295.8316206932068,-117.63911694288254,0.25902436677092805,0.7064356648800377,-0.5190006551114313,,,cuVSLAM,,
1012,1761212620157,255.1191747188568,-291.35170578956604,-117.34424531459808,0.25549813937458676,0.7070770835666386,-0.511310818897275,,,cuVSLAM,,
1013,1761212620190,257.1183443069458,-286.9133651256561,-117.83760040998459,0.25220915263705673,0.7096097471707397,-0.5026517211364985,,,cuVSLAM,,
1014,1761212620223,259.9688768386841,-281.9552421569824,-118.84971708059311,0.2476600468666946,0.7135787070932644,-0.4947143163867766,,,cuVSLAM,,
1015,1761212620257,263.04513216018677,-276.7672836780548,-119.88674104213715,0.24299417060276932,0.7175946714775573,-0.4852697353810098,,,cuVSLAM,,
1016,1761212620290,266.36144518852234,-271.21177315711975,-121.0474967956543,0.23755295819466352,0.7217359124923877,-0.47526281005100246,,,cuVSLAM,,
1017,1761212620323,270.64311504364014,-264.5772695541382,-122.6114109158516,0.2307732463286408,0.7277072393014474,-0.4623465098048972,,,cuVSLAM,,
1018,1761212620357,275.35146474838257,-256.28525018692017,-124.35857951641083,0.2248061046959165,0.7332152248971645,-0.44159257212724295,,,cuVSLAM,,
1019,1761212620390,279.71938252449036,-247.90149927139282,-126.28193199634552,0.2170340832132386,0.7383455730482896,-0.42009542321892746,,,cuVSLAM,,
1020,1761212620423,284.13522243499756,-238.55823278427124,-127.94230878353119,0.20786254276284447,0.742884752857522,-0.3992631860658996,,,cuVSLAM,,
1021,1761212620457,288.11901807785034,-228.24843227863312,-129.3332427740097,0.19886547197131374,0.7458858938689378,-0.3771081835458699,,,cuVSLAM,,
1022,1761212620490,291.80413484573364,-217.96900033950806,-130.6249350309372,0.18867032353361615,0.7491567341476192,-0.356070414931592,,,cuVSLAM,,
1023,1761212620523,295.49646377563477,-207.553893327713,-131.93956017494202,0.1774434008306969,0.7530795613677116,-0.33670378088747566,,,cuVSLAM,,
1024,1761212620556,299.30269718170166,-196.45969569683075,-133.2114189863205,0.16561920540890349,0.7571866798988415,-0.3190816668723777,,,cuVSLAM,,
1025,1761212620590,302.52277851104736,-185.38708984851837,-134.26801562309265,0.1555344833639664,0.7605857963971105,-0.2976627024392993,,,cuVSLAM,,
1026,1761212620623,305.3334951400757,-172.43033647537231,-135.42717695236206,0.14613992225860017,0.7628651266198253,-0.27568269501387893,,,cuVSLAM,,
1027,1761212620656,308.30854177474976,-160.53849458694458,-136.13846898078918,0.13495138908969287,0.765392169957612,-0.2577238386204797,,,cuVSLAM,,
1028,1761212620690,310.9094798564911,-148.82509410381317,-136.98020577430725,0.1223269027458943,0.7677659602272751,-0.24371417435728276,,,cuVSLAM,,
1029,1761212620723,313.32623958587646,-137.09963858127594,-137.78212666511536,0.11009733507659697,0.770452854781148,-0.2292201383311947,,,cuVSLAM,,
1030,1761212620756,315.8382177352905,-124.16300177574158,-138.55108618736267,0.09821929956796305,0.7727147662280562,-0.21388576006232185,,,cuVSLAM,,
1031,1761212620790,317.77817010879517,-112.14038729667664,-139.117494225502,0.08669006862781152,0.7748445979164619,-0.197424570899293,,,cuVSLAM,,
1032,1761212620823,319.7896182537079,-100.4587858915329,-139.4573152065277,0.07499800484819887,0.7770354647920431,-0.1783145444155459,,,cuVSLAM,,
1033,1761212620856,320.9616541862488,-87.44297921657562,-139.9420201778412,0.06372177834139388,0.77833560250563,-0.15888720484740076,,,cuVSLAM,,
1034,1761212620890,322.05140590667725,-74.69342648983002,-140.58388769626617,0.0525790806902731,0.7795869156044346,-0.1395387344793203,,,cuVSLAM,,
1035,1761212620923,323.5045373439789,-62.1320903301239,-141.3230150938034,0.03964789624083325,0.7817765743310715,-0.12418521618237029,,,cuVSLAM,,
1036,1761212620956,324.91859793663025,-49.64832589030266,-142.33794808387756,0.025518576853113904,0.7840334479197872,-0.11186445867901229,,,cuVSLAM,,
1037,1761212620990,326.1123597621918,-37.36294060945511,-143.45407485961914,0.013773519691043377,0.7862442132924806,-0.09662158525484116,,,cuVSLAM,,
1038,1761212621023,327.62324810028076,-25.5654975771904,-144.70545947551727,0.001306617068043264,0.789122444054659,-0.08555460743726759,,,cuVSLAM,,
1039,1761212621056,328.66066694259644,-14.510907232761383,-146.1046189069748,-0.010202615877549686,0.7918510408769441,-0.0745739663624314,,,cuVSLAM,,
1040,1761212621090,329.822301864624,-3.698982298374176,-147.5358009338379,-0.019383669484298413,0.7947308536206896,-0.06187327011900972,,,cuVSLAM,,
1041,1761212621123,330.4910659790039,5.493782460689545,-149.1549015045166,-0.02786986093768676,0.7976853689824225,-0.04893503296934325,,,cuVSLAM,,
1042,1761212621156,331.62328600883484,14.59452509880066,-151.1092334985733,-0.035896427598841846,0.8011394882598222,-0.03756162505755552,,,cuVSLAM,,
1043,1761212621190,332.7399790287018,22.19925820827484,-153.12914550304413,-0.04325752294317004,0.8042295422113108,-0.028391796775772356,,,cuVSLAM,,
1044,1761212621223,333.9562714099884,27.811691164970398,-155.4405242204666,-0.051789934937992464,0.8069590400817722,-0.02777110580878039,,,cuVSLAM,,
1045,1761212621256,335.32270789146423,31.240656971931458,-157.7119380235672,-0.0588331342357651,0.8090628200186449,-0.03360128909712029,,,cuVSLAM,,
1046,1761212621290,336.2689018249512,31.523481011390686,-159.68486666679382,-0.06265683884228601,0.80975111272967,-0.04342012080181166,,,cuVSLAM,,
1047,1761212621323,337.2200131416321,28.824329376220703,-161.15537285804749,-0.0621778040458832,0.8103978042280149,-0.05551289584784567,,,cuVSLAM,,
1048,1761212621356,338.3944034576416,23.719273507595062,-162.26352751255035,-0.05553282614826979,0.8113189469536793,-0.06629983432401419,,,cuVSLAM,,
1049,1761212621390,339.5202159881592,15.634894371032715,-162.69665956497192,-0.043227623302882046,0.812386780411256,-0.07644892661470512,,,cuVSLAM,,
1050,1761212621423,340.2947783470154,5.146898329257965,-162.74896264076233,-0.026750012609301252,0.8134050567255388,-0.08583021858287215,,,cuVSLAM,,
1051,1761212621456,341.12080931663513,-7.012322545051575,-162.85189986228943,-0.007609720244560744,0.8144724292049218,-0.09563101460560403,,,cuVSLAM,,
1052,1761212621490,341.6937589645386,-20.410075783729553,-163.08557987213135,0.013018362355930103,0.8154249350863698,-0.10596247305031685,,,cuVSLAM,,
1053,1761212621523,342.4384891986847,-34.647464752197266,-163.73972594738007,0.03252754697592197,0.8166116090880091,-0.1199931904418121,,,cuVSLAM,,
1054,1761212621556,342.7063822746277,-49.21537637710571,-164.5182967185974,0.049517118362409906,0.8169264813665037,-0.13812948529731162,,,cuVSLAM,,
1055,1761212621590,342.5966501235962,-64.0123263001442,-165.11760652065277,0.06484413536390755,0.8159341828550952,-0.158272672273695,,,cuVSLAM,,
1056,1761212621623,341.53565764427185,-79.34767007827759,-165.61409831047058,0.08002239995247394,0.8145061568677268,-0.17894418500736048,,,cuVSLAM,,
1057,1761212621656,339.68716859817505,-95.31611949205399,-166.12689197063446,0.09560434653458949,0.8126956297034963,-0.19994394945459443,,,cuVSLAM,,
1058,1761212621690,337.4757766723633,-111.56917363405228,-166.54092073440552,0.11105434863588474,0.8106998700344307,-0.22169075888104411,,,cuVSLAM,,
1059,1761212621723,334.3481421470642,-127.94852256774902,-166.9861227273941,0.12635221198896482,0.8076216539851269,-0.24397727124460344,,,cuVSLAM,,
1060,1761212621756,330.71169257164,-144.239604473114,-167.09072887897491,0.1418391533347474,0.8040215771214462,-0.26527641592192736,,,cuVSLAM,,
1061,1761212621790,326.3295888900757,-160.23951768875122,-166.79301857948303,0.15803032307365023,0.7999623765370569,-0.28421288525089794,,,cuVSLAM,,
1062,1761212621823,321.5153217315674,-175.9362518787384,-166.22906923294067,0.17563822366399917,0.7952502867897856,-0.298928172748004,,,cuVSLAM,,
1063,1761212621857,316.28793478012085,-191.07329845428467,-165.21452367305756,0.1924539573265306,0.7898509895798768,-0.31307096806700657,,,cuVSLAM,,
1064,1761212621890,310.72238087654114,-205.7500183582306,-163.69149088859558,0.20867222635576468,0.7839007500719841,-0.3273306663016167,,,cuVSLAM,,
1065,1761212621924,304.58033084869385,-220.28875350952148,-161.69562935829163,0.22522087279768613,0.777264482619897,-0.3408783487335887,,,cuVSLAM,,
1066,1761212621957,297.85192012786865,-234.75323617458344,-159.60896015167236,0.24235920620021936,0.7700590533182348,-0.3552306942357635,,,cuVSLAM,,
1067,1761212621990,290.79508781433105,-248.64305555820465,-157.41710364818573,0.26021712228203453,0.7620456626127441,-0.36818225404081223,,,cuVSLAM,,
1068,1761212622024,283.2178771495819,-262.97813653945923,-155.13955056667328,0.27587734682142184,0.754582280784064,-0.3846174043692718,,,cuVSLAM,,
1069,1761212622057,275.3992974758148,-276.7904996871948,-153.19178998470306,0.28995996259751633,0.747107832821839,-0.404329227986839,,,cuVSLAM,,
1070,1761212622091,267.9045498371124,-289.6186113357544,-151.15313231945038,0.30400450360724063,0.7397119644242096,-0.42306278932012026,,,cuVSLAM,,
1071,1761212622124,260.09583473205566,-301.9118309020996,-149.10300076007843,0.31786397262719246,0.7320806118654912,-0.43829842840551525,,,cuVSLAM,,
1072,1761212622157,252.4099349975586,-314.7905170917511,-147.34716713428497,0.3297847345262838,0.7253077218244521,-0.4544389960790177,,,cuVSLAM,,
1073,1761212622191,244.57253515720367,-326.7088234424591,-145.68741619586945,0.3399808013179336,0.718934374811741,-0.47434065975692274,,,cuVSLAM,,
1074,1761212622224,237.03552782535553,-338.74040842056274,-144.35312151908875,0.35100821175478253,0.7129441701067739,-0.49077798212427987,,,cuVSLAM,,
1075,1761212622258,229.97809946537018,-350.36787390708923,-143.30101013183594,0.3640804314780013,0.7063676060213845,-0.5011058962512972,,,cuVSLAM,,
1076,1761212622291,222.46015071868896,-361.6301715373993,-142.3657387495041,0.3794601903878248,0.6979476011109379,-0.5051328450669005,,,cuVSLAM,,
1077,1761212622325,214.75546061992645,-372.7942407131195,-141.7713761329651,0.39208150177012846,0.6911389833335683,-0.5180287285315194,,,cuVSLAM,,
1078,1761212622358,207.41690695285797,-384.4582140445709,-141.53993129730225,0.4034087487502953,0.6858108280679776,-0.5361950153581019,,,cuVSLAM,,
1079,1761212622391,199.9991536140442,-395.9278464317322,-141.63653552532196,0.41521967824215344,0.6810953323220298,-0.5557795974075224,,,cuVSLAM,,
1080,1761212622425,193.1263506412506,-407.1834087371826,-141.7873352766037,0.4277881327122581,0.6765183818632298,-0.574332192818673,,,cuVSLAM,,
1081,1761212622458,185.95832586288452,-417.30207204818726,-141.63681864738464,0.4402297242828799,0.670939618999852,-0.590438041623461,,,cuVSLAM,,
1082,1761212622492,178.89365553855896,-426.45955085754395,-141.48524403572083,0.45246867340221,0.6647028749854793,-0.6033606463997249,,,cuVSLAM,,
1083,1761212622525,172.26535081863403,-435.0696802139282,-141.14530384540558,0.46326688010007777,0.6597031981471815,-0.617841154289902,,,cuVSLAM,,
1084,1761212622558,166.2789136171341,-442.63923168182373,-139.9722695350647,0.4700888125960341,0.6542213698786774,-0.6336885478692655,,,cuVSLAM,,
1085,1761212622592,161.537766456604,-448.6798048019409,-138.16995918750763,0.47454231875025094,0.6495715876148114,-0.6491543413917945,,,cuVSLAM,,
1086,1761212622625,157.77571499347687,-453.77495884895325,-136.72736287117004,0.47819388805677593,0.6464993401971514,-0.6630233665292975,,,cuVSLAM,,
1087,1761212622659,154.80074286460876,-458.1826329231262,-135.43899357318878,0.48222972264700353,0.6432137462802515,-0.6723509464541685,,,cuVSLAM,,
1088,1761212622692,152.85822749137878,-461.6093635559082,-134.13754105567932,0.4873895707242223,0.6387534252203154,-0.6737607615655604,,,cuVSLAM,,
1089,1761212622726,152.54032611846924,-463.95501494407654,-133.28075408935547,0.4902054015257736,0.6357603980759579,-0.6719710398058002,,,cuVSLAM,,
1090,1761212622759,154.05920147895813,-464.8910164833069,-132.93151557445526,0.4922630281444676,0.6334267098611658,-0.6638290067849728,,,cuVSLAM,,
1091,1761212622792,157.3413908481598,-465.528666973114,-133.59525799751282,0.4914059904779485,0.6354279619079007,-0.6579742028896736,,,cuVSLAM,,
1092,1761212622825,162.2382551431656,-465.4145836830139,-135.19559800624847,0.4881777228557962,0.6404114724934589,-0.6534563737227741,,,cuVSLAM,,
1093,1761212622859,168.59851777553558,-464.2537832260132,-137.15380430221558,0.4853379578332703,0.6453443840124095,-0.6414768853989409,,,cuVSLAM,,
1094,1761212622892,176.72714591026306,-461.925208568573,-139.63721692562103,0.48122401464721426,0.6525247878937799,-0.6263287970710648,,,cuVSLAM,,
1095,1761212622925,185.63053011894226,-458.7528705596924,-142.60873198509216,0.4752543033528779,0.6615498886188836,-0.610540316395649,,,cuVSLAM,,
1096,1761212622959,195.33497095108032,-454.46208119392395,-145.643413066864,0.46838577895665484,0.6707584134169591,-0.5914128173821335,,,cuVSLAM,,
1097,1761212622992,205.50408959388733,-448.7372636795044,-148.6920565366745,0.4606137317451515,0.6802480219803716,-0.5688945588922741,,,cuVSLAM,,
1098,1761212623025,216.53681993484497,-441.6360855102539,-151.53931081295013,0.4513362544755015,0.6905848694099496,-0.5441225853068274,,,cuVSLAM,,
1099,1761212623059,227.69667208194733,-433.7417185306549,-154.5255482196808,0.43790683596965463,0.7029919024811327,-0.5282248869451814,,,cuVSLAM,,
1100,1761212623092,238.30488324165344,-425.46212673187256,-157.34520554542542,0.42452181286962715,0.7145584474232131,-0.5124421538375891,,,cuVSLAM,,
1101,1761212623125,248.4981119632721,-416.33331775665283,-159.8338782787323,0.413170759231947,0.7242253692691454,-0.4938109443887899,,,cuVSLAM,,
1102,1761212623159,257.64286518096924,-407.2515070438385,-162.04902529716492,0.4033076773264918,0.7321978348170891,-0.4755205525856033,,,cuVSLAM,,
1103,1761212623192,265.9928798675537,-398.0732560157776,-163.96714746952057,0.3954876576787759,0.7382370850561105,-0.4562923975380559,,,cuVSLAM,,
1104,1761212623225,274.2545008659363,-388.52405548095703,-165.67383706569672,0.38870324595976136,0.7437253722188822,-0.43620899712154576,,,cuVSLAM,,
1105,1761212623259,281.9768488407135,-378.82471084594727,-167.27319359779358,0.3822554503999057,0.748528584068167,-0.4146754963300333,,,cuVSLAM,,
1106,1761212623292,289.5892858505249,-368.32529306411743,-168.64798963069916,0.3754509171139739,0.753071127440742,-0.39433659418942574,,,cuVSLAM,,
1107,1761212623325,296.8237102031708,-357.7527701854706,-169.8291003704071,0.36828655126378884,0.7576516475572145,-0.37392085395843694,,,cuVSLAM,,
1108,1761212623359,303.544819355011,-346.9473123550415,-170.76236009597778,0.36109966616058464,0.7619531054153352,-0.3538451733936464,,,cuVSLAM,,
1109,1761212623392,309.97323989868164,-336.23823523521423,-171.40740156173706,0.3539955790287198,0.7659708829889788,-0.33393778042208444,,,cuVSLAM,,
1110,1761212623425,316.032737493515,-325.64982771873474,-171.64045572280884,0.34698666367213143,0.7694688461173528,-0.31443009284820483,,,cuVSLAM,,
1111,1761212623459,321.81212306022644,-314.9544298648834,-171.79664969444275,0.340340444394158,0.7726081891434444,-0.2947363535878844,,,cuVSLAM,,
1112,1761212623492,327.2785246372223,-305.05242943763733,-172.00720310211182,0.3331890981601535,0.7763430225037286,-0.2762589400214644,,,cuVSLAM,,
1113,1761212623525,332.2915732860565,-294.4418787956238,-172.43321239948273,0.32475068875221325,0.779886202320843,-0.26262587213980365,,,cuVSLAM,,
1114,1761212623559,337.1497392654419,-284.3034863471985,-173.22930693626404,0.31550168468426304,0.7839030543369778,-0.25113164509211094,,,cuVSLAM,,
1115,1761212623592,341.3943648338318,-273.4803855419159,-174.15940761566162,0.30705728018773015,0.7871825697639194,-0.23816568330986515,,,cuVSLAM,,
1116,1761212623625,345.2245593070984,-262.8926932811737,-174.6547669172287,0.29902148200069606,0.7896773376046172,-0.22502021310674764,,,cuVSLAM,,
1117,1761212623659,348.94251823425293,-252.93457508087158,-175.07579922676086,0.2911533618016396,0.7920687646823013,-0.21330499391427749,,,cuVSLAM,,
1118,1761212623692,352.0250618457794,-243.46765875816345,-175.40471255779266,0.28355386210330685,0.7942273348483088,-0.20276025751648977,,,cuVSLAM,,
1119,1761212623725,354.3660342693329,-234.61152613162994,-175.24965107440948,0.27666889891480145,0.7949268161951983,-0.1923781577270965,,,cuVSLAM,,
1120,1761212623759,356.18749260902405,-226.42061114311218,-174.8826652765274,0.27037675233273306,0.7949446025662029,-0.1831409437712864,,,cuVSLAM,,
1121,1761212623792,357.4562072753906,-218.89665722846985,-174.32190477848053,0.26452395354296926,0.7945703062595074,-0.17531274525660648,,,cuVSLAM,,
1122,1761212623825,357.6102554798126,-211.86676621437073,-173.17813634872437,0.2592619562531775,0.7924398279241986,-0.16796191692300608,,,cuVSLAM,,
1123,1761212623858,357.02022910118103,-205.7199776172638,-171.48447036743164,0.25557567252344454,0.7886489258936027,-0.16030258340429437,,,cuVSLAM,,
1124,1761212623892,355.47390580177307,-200.69828629493713,-169.2158579826355,0.25193318338838705,0.7834352113796045,-0.15699382347769514,,,cuVSLAM,,
1125,1761212623925,352.78457403182983,-196.2999403476715,-166.16371273994446,0.24904844735915485,0.775812106720837,-0.1549573159898188,,,cuVSLAM,,
1126,1761212623958,348.9811420440674,-192.55565106868744,-162.19384968280792,0.2472986523339189,0.7658076359681977,-0.15316064708929608,,,cuVSLAM,,
1127,1761212623992,344.2640006542206,-189.17401134967804,-157.38174319267273,0.24550669103819908,0.7541998199776778,-0.15358031509962342,,,cuVSLAM,,
1128,1761212624025,338.7630879878998,-185.93916296958923,-151.82332694530487,0.24422001469188714,0.7413439339207305,-0.15438950797779713,,,cuVSLAM,,
1129,1761212624058,332.5895071029663,-183.03343653678894,-145.8134949207306,0.24258027113467479,0.7278192345229028,-0.1555934912186412,,,cuVSLAM,,
1130,1761212624092,326.1294960975647,-179.99157309532166,-139.8164927959442,0.23983350010199492,0.7143442952184312,-0.15742746426549317,,,cuVSLAM,,
1131,1761212624125,319.75823640823364,-176.94194614887238,-133.925661444664,0.23600416625338966,0.7020008919617051,-0.16057121420249185,,,cuVSLAM,,
1132,1761212624158,313.10728192329407,-174.38341677188873,-128.490149974823,0.23049045726584672,0.6912977464113241,-0.1683830236806897,,,cuVSLAM,,
1133,1761212624192,306.458055973053,-172.10932075977325,-123.33326041698456,0.22468699240218623,0.6816560704980119,-0.17856455412156497,,,cuVSLAM,,
1134,1761212624225,299.85636472702026,-170.5716997385025,-118.14426630735397,0.21895786739788559,0.6726750389406074,-0.19000684877368604,,,cuVSLAM,,
1135,1761212624258,293.2513356208801,-170.03165185451508,-112.99043893814087,0.21347583997811082,0.6642322751985683,-0.2031518384445684,,,cuVSLAM,,
1136,1761212624292,286.559134721756,-170.19261419773102,-108.00383985042572,0.2086672236894619,0.6559957637336363,-0.21736871269236605,,,cuVSLAM,,
1137,1761212624325,279.9956500530243,-171.31634056568146,-102.84449905157089,0.20504136098551304,0.6482289435365225,-0.23040988135100482,,,cuVSLAM,,
1138,1761212624358,273.60013127326965,-172.62938618659973,-97.79883921146393,0.2023023897176696,0.6406732604184874,-0.24352730521420327,,,cuVSLAM,,
1139,1761212624392,267.35737919807434,-174.71861839294434,-92.96287596225739,0.1998753595524208,0.6335783793033807,-0.25804547906407194,,,cuVSLAM,,
1140,1761212624425,261.3857686519623,-177.7437925338745,-88.0555808544159,0.19818979835622388,0.6271881956073919,-0.27274026647640975,,,cuVSLAM,,
1141,1761212624458,255.28249144554138,-180.77662587165833,-83.26497673988342,0.198232232405182,0.6206940325136204,-0.2839715763300113,,,cuVSLAM,,
1142,1761212624492,249.49754774570465,-183.948814868927,-78.73251289129257,0.19842541217035828,0.6148509782403465,-0.2940047747831292,,,cuVSLAM,,
1143,1761212624525,243.87483298778534,-187.61388957500458,-74.63910430669785,0.1983208277036404,0.6099879821230468,-0.3048680663408558,,,cuVSLAM,,
1144,1761212624558,238.57364058494568,-191.41456484794617,-70.7547664642334,0.19788608129544155,0.6064489792027066,-0.3165285224366966,,,cuVSLAM,,
1145,1761212624592,233.2669049501419,-195.65606117248535,-67.48882681131363,0.19771542067756542,0.6034978763267913,-0.327975933721218,,,cuVSLAM,,
1146,1761212624625,227.87116467952728,-200.26405155658722,-64.44375216960907,0.19822373036799115,0.6008865509472486,-0.3398468859118348,,,cuVSLAM,,
1147,1761212624658,222.27013111114502,-205.50945401191711,-61.52040511369705,0.19990877242828717,0.5983687349021751,-0.35085767577068666,,,cuVSLAM,,
1148,1761212624692,216.14035964012146,-211.4274799823761,-58.95032733678818,0.20285187740541266,0.5955811142731772,-0.36102473317018285,,,cuVSLAM,,
1149,1761212624725,209.83263850212097,-218.05241703987122,-56.838251650333405,0.20597435342960657,0.5930346283024022,-0.37304299886131626,,,cuVSLAM,,
1150,1761212624758,203.3395767211914,-225.2669334411621,-55.1384761929512,0.2094744354715341,0.5904351712791016,-0.38563178480835975,,,cuVSLAM,,
1151,1761212624792,196.63524627685547,-233.25467109680176,-53.59259247779846,0.21347552687376403,0.5879627744501265,-0.39853105761775093,,,cuVSLAM,,
1152,1761212624825,189.84973430633545,-241.89217388629913,-52.717238664627075,0.21793044854915114,0.5856274378770482,-0.412476896291535,,,cuVSLAM,,
1153,1761212624858,183.38526785373688,-250.86206197738647,-52.30453610420227,0.22274455115788264,0.5839647776319097,-0.4271411186591221,,,cuVSLAM,,
1154,1761212624892,177.13801562786102,-260.09100675582886,-52.57108807563782,0.22795127895528164,0.5827012648816161,-0.44162976799575127,,,cuVSLAM,,
1155,1761212624925,171.32194340229034,-269.09586787223816,-53.22382599115372,0.23391792147926155,0.5817328313055163,-0.45458761949476406,,,cuVSLAM,,
1156,1761212624959,165.7753586769104,-278.53354811668396,-54.21896278858185,0.24025308560944406,0.5811853056794865,-0.4674169962201143,,,cuVSLAM,,
1157,1761212624992,160.4360044002533,-288.139671087265,-55.568769574165344,0.24678928895366997,0.5807156017673929,-0.48005365204429873,,,cuVSLAM,,
1158,1761212625025,155.605286359787,-297.42753505706787,-57.22803622484207,0.2535853343348195,0.5805164606482183,-0.4916738067556936,,,cuVSLAM,,
1159,1761212625059,150.89333057403564,-307.22013115882874,-59.27981436252594,0.2608936617359923,0.580386149610622,-0.5016244175182899,,,cuVSLAM,,
1160,1761212625092,146.69929444789886,-316.2804841995239,-61.92030757665634,0.2679214337958264,0.5801095922564593,-0.5117031508795437,,,cuVSLAM,,
1161,1761212625126,143.00420880317688,-325.3553807735443,-65.19926339387894,0.2745092503680653,0.5803519018641874,-0.5218193233274331,,,cuVSLAM,,
1162,1761212625159,140.3593122959137,-333.87240767478943,-69.34568285942078,0.2810185976277109,0.5814292280570688,-0.5318770306189561,,,cuVSLAM,,
1163,1761212625192,138.96620273590088,-342.17771887779236,-74.09703731536865,0.28681965157661704,0.5837442719813724,-0.542053444855949,,,cuVSLAM,,
1164,1761212625226,139.15804028511047,-349.5880961418152,-79.20392602682114,0.29145206530883067,0.5878205331571948,-0.5521879570923993,,,cuVSLAM,,
1165,1761212625259,140.952929854393,-355.69629073143005,-84.80330556631088,0.29495989179346,0.5938053351178325,-0.5607781725344113,,,cuVSLAM,,
1166,1761212625293,144.63765919208527,-360.1020276546478,-90.86230397224426,0.2983932676434492,0.6010874130010958,-0.563923145594459,,,cuVSLAM,,
1167,1761212625326,150.07278323173523,-363.14642429351807,-97.3176509141922,0.30169981137736607,0.6099951775624227,-0.563424065281835,,,cuVSLAM,,
1168,1761212625360,156.9603532552719,-365.16499519348145,-103.92504930496216,0.30463838489405143,0.6204638644892229,-0.5607960256242966,,,cuVSLAM,,
1169,1761212625393,165.24992883205414,-365.3693199157715,-110.69809645414352,0.3066149285027037,0.6320783782213156,-0.5572192798534209,,,cuVSLAM,,
1170,1761212625426,174.18977618217468,-364.1086518764496,-117.45956540107727,0.3073593891481837,0.6442956764177097,-0.5527230099668464,,,cuVSLAM,,
1171,1761212625460,183.53061378002167,-361.2520694732666,-124.06708300113678,0.3074783217096263,0.656178114553941,-0.5459706420825353,,,cuVSLAM,,
1172,1761212625493,193.27041506767273,-357.03331232070923,-130.10427355766296,0.30676003906476124,0.66754843618609,-0.5387050800270013,,,cuVSLAM,,
1173,1761212625527,203.10473442077637,-351.1851131916046,-135.6358826160431,0.305079625833484,0.6774021396463213,-0.5300937974039845,,,cuVSLAM,,
1174,1761212625560,212.70880103111267,-343.8750207424164,-140.29774069786072,0.302556280753797,0.6855077156039937,-0.5189581350805847,,,cuVSLAM,,
1175,1761212625593,222.05431759357452,-334.9800407886505,-144.02024447917938,0.2986964075640425,0.6920772338738242,-0.5067308507135637,,,cuVSLAM,,
1176,1761212625627,230.9102565050125,-324.68709349632263,-147.11147546768188,0.29292729717701554,0.6973485820655092,-0.4944333676672353,,,cuVSLAM,,
1177,1761212625660,239.3837571144104,-313.0131959915161,-149.30200576782227,0.28571633191720436,0.7011518615213594,-0.4812918483025621,,,cuVSLAM,,
1178,1761212625694,247.01419472694397,-300.5641996860504,-150.43318271636963,0.27858461574631715,0.702735570934285,-0.4654797978050296,,,cuVSLAM,,
1179,1761212625727,254.5091211795807,-287.57116198539734,-151.53881907463074,0.27064880622316445,0.7052028413045325,-0.45110681858414103,,,cuVSLAM,,
1180,1761212625760,261.513352394104,-274.7812569141388,-152.65080332756042,0.2621970384821803,0.7084591603111332,-0.4375814386036865,,,cuVSLAM,,
1181,1761212625794,267.8833603858948,-262.0067000389099,-153.16392481327057,0.2538169009824806,0.7114118151239319,-0.42471494384253333,,,cuVSLAM,,
1182,1761212625827,273.70500564575195,-249.36431646347046,-153.24032306671143,0.24603419494783205,0.7141466292404999,-0.41048260246862944,,,cuVSLAM,,
1183,1761212625860,278.5992622375488,-237.47748136520386,-152.86707878112793,0.23929339284530676,0.7169139996907702,-0.3945553696567019,,,cuVSLAM,,
1184,1761212625894,283.0560803413391,-225.6571501493454,-151.96694433689117,0.23357605589899083,0.7192875308279805,-0.37901989415990256,,,cuVSLAM,,
1185,1761212625927,286.74134612083435,-215.3368443250656,-150.5887806415558,0.22793429631231682,0.7217627562177439,-0.3662571063859499,,,cuVSLAM,,
1186,1761212625960,289.5683944225311,-205.77682554721832,-148.810014128685,0.2228932381943618,0.7238252295979645,-0.35554192921551203,,,cuVSLAM,,
1187,1761212625994,292.1221852302551,-196.40028476715088,-146.6330587863922,0.21861525018834155,0.7252994956336715,-0.3460388242641712,,,cuVSLAM,,
1188,1761212626027,293.70763897895813,-187.8046691417694,-143.98333430290222,0.21432212008401016,0.7264989289787905,-0.33784803647782446,,,cuVSLAM,,
1189,1761212626060,294.7385907173157,-179.91216480731964,-140.84570109844208,0.2110843417343843,0.7273247285467329,-0.3293357904252266,,,cuVSLAM,,
1190,1761212626094,295.49428820610046,-172.78240621089935,-137.03691959381104,0.20855468188894316,0.7278624884485462,-0.32102329052726264,,,cuVSLAM,,
1191,1761212626127,295.7814931869507,-166.82714223861694,-133.00418853759766,0.20516947271610383,0.7281713237927168,-0.31738989196082534,,,cuVSLAM,,
1192,1761212626160,295.51252722740173,-161.75542771816254,-128.65325808525085,0.20167458027703017,0.728006198768393,-0.31616140837573314,,,cuVSLAM,,
1193,1761212626193,294.4769859313965,-157.95832872390747,-124.0575835108757,0.19798256486925694,0.7274138913445802,-0.315829086138815,,,cuVSLAM,,
1194,1761212626227,292.7773892879486,-155.14452755451202,-119.46737766265869,0.1940264951440029,0.7262658608176852,-0.3162106564140101,,,cuVSLAM,,
1195,1761212626260,291.0774052143097,-153.3006876707077,-114.74554240703583,0.1890737469081724,0.7253432020961658,-0.3201227004793578,,,cuVSLAM,,
1196,1761212626293,288.91128301620483,-152.6591032743454,-109.55624282360077,0.1854362924678603,0.723934263260028,-0.32306013775664677,,,cuVSLAM,,
1197,1761212626327,286.1110270023346,-153.4653753042221,-104.16583716869354,0.18342084870543637,0.722174027318709,-0.3245915346778607,,,cuVSLAM,,
1198,1761212626360,283.11240673065186,-155.48039972782135,-98.8597720861435,0.18180951615404714,0.720450470254078,-0.3293679046813079,,,cuVSLAM,,
1199,1761212626393,279.52706813812256,-158.96335244178772,-93.72276067733765,0.18190038537686212,0.7180474165167808,-0.33489466674188983,,,cuVSLAM,,
1200,1761212626427,275.5940854549408,-163.76090049743652,-89.10244703292847,0.18221780786912253,0.7153698465746631,-0.3435919826894484,,,cuVSLAM,,
1201,1761212626460,271.5257406234741,-169.3815141916275,-84.73119139671326,0.1834380243270566,0.7125585520613864,-0.35257352210412507,,,cuVSLAM,,
1202,1761212626493,266.8614685535431,-175.8897602558136,-81.11929148435593,0.18585312573153084,0.7092651638220486,-0.36080146767797233,,,cuVSLAM,,
1203,1761212626527,262.22723722457886,-183.21043252944946,-77.93239504098892,0.18779034377903417,0.7068010328740034,-0.3719206969090469,,,cuVSLAM,,
1204,1761212626560,257.6844096183777,-191.02880358695984,-75.0332847237587,0.18976279701770304,0.7048644694841258,-0.3835321531507456,,,cuVSLAM,,
1205,1761212626593,253.22651863098145,-199.51538741588593,-72.30260968208313,0.1919843826155616,0.703650558292021,-0.39463146517961367,,,cuVSLAM,,
1206,1761212626627,248.50493669509888,-208.17135274410248,-69.80635970830917,0.19435360387717776,0.7026023241341924,-0.4062947075584795,,,cuVSLAM,,
1207,1761212626660,243.22551488876343,-217.20419824123383,-67.68397986888885,0.19742078607341904,0.7007952387564206,-0.4176498826677344,,,cuVSLAM,,
1208,1761212626693,238.02068829536438,-227.21031308174133,-65.96636772155762,0.20084291017591108,0.6990844119660327,-0.43058825116104144,,,cuVSLAM,,
1209,1761212626726,232.48499631881714,-237.61002719402313,-64.62397426366806,0.2055843134933347,0.696934677487695,-0.44170349727371033,,,cuVSLAM,,
1210,1761212626760,226.98844969272614,-248.38787317276,-64.20226395130157,0.21131547099793127,0.6947815814515336,-0.4527417494081791,,,cuVSLAM,,
1211,1761212626793,221.64680063724518,-259.4318687915802,-64.67340886592865,0.2180851136185368,0.6927635644433482,-0.46378334392132253,,,cuVSLAM,,
1212,1761212626827,217.0407623052597,-270.90439200401306,-65.98298251628876,0.2254082823391567,0.6915370281662003,-0.4750570804721766,,,cuVSLAM,,
1213,1761212626860,212.9373997449875,-282.0401191711426,-68.2816207408905,0.23265464288192592,0.6914238354952985,-0.4870250566610937,,,cuVSLAM,,
1214,1761212626894,209.69972014427185,-293.0161952972412,-71.80224359035492,0.23948792934096572,0.6930056955874747,-0.4997379926736486,,,cuVSLAM,,
1215,1761212626927,207.25667476654053,-303.52798104286194,-76.078861951828,0.2457961360440466,0.6960951445335865,-0.5125346644463264,,,cuVSLAM,,
1216,1761212626960,205.894336104393,-313.272088766098,-80.97945153713226,0.2512809885662321,0.7002134020887957,-0.5247400612203379,,,cuVSLAM,,
1217,1761212626994,204.97819781303406,-321.4464783668518,-86.07649058103561,0.2565021679097046,0.7042105465876064,-0.5341283154364396,,,cuVSLAM,,
1218,1761212627027,204.42324876785278,-328.2811939716339,-91.52110666036606,0.261119364467788,0.707378518360988,-0.5402011735543074,,,cuVSLAM,,
1219,1761212627061,204.74232733249664,-333.7131440639496,-96.67008370161057,0.26436573931382124,0.7100760206748714,-0.5454372285005225,,,cuVSLAM,,
1220,1761212627094,205.5540233850479,-337.6685082912445,-101.21768712997437,0.2669858427472797,0.7112383987468428,-0.5474247862339584,,,cuVSLAM,,
1221,1761212627128,206.9385051727295,-339.6402597427368,-105.15177249908447,0.26895909431433934,0.7110371126996694,-0.546948551982264,,,cuVSLAM,,
1222,1761212627161,208.60812067985535,-340.324342250824,-108.62171649932861,0.2701604442077246,0.7101868434952144,-0.5453321893670795,,,cuVSLAM,,
1223,1761212627195,210.60624718666077,-339.8902118206024,-111.86608672142029,0.2708187197234735,0.7086370361469487,-0.5413439823755148,,,cuVSLAM,,
1224,1761212627228,212.7874195575714,-337.9982113838196,-114.21255767345428,0.2705329332553572,0.7061876803585313,-0.5375230794603075,,,cuVSLAM,,
1225,1761212627261,214.79226648807526,-334.78790521621704,-116.39408767223358,0.27052742854669426,0.7024638000273128,-0.5305758096025451,,,cuVSLAM,,
1226,1761212627295,217.36010909080505,-330.35069704055786,-118.20840835571289,0.2701629783615121,0.6991469815220969,-0.5217362741875557,,,cuVSLAM,,
1227,1761212627328,220.13583779335022,-325.0806927680969,-119.4707453250885,0.2684987894938302,0.6957658720932869,-0.5135700508596054,,,cuVSLAM,,
1228,1761212627362,223.11866283416748,-318.9948499202728,-120.07630616426468,0.2657468367744115,0.6922731475805219,-0.5063441353320298,,,cuVSLAM,,
1229,1761212627395,225.83819925785065,-311.7887079715729,-120.06587535142899,0.2635900450041871,0.6875718586808295,-0.494664033606974,,,cuVSLAM,,
1230,1761212627429,228.6086082458496,-303.4129738807678,-119.39002573490143,0.260765190778832,0.6823974186948283,-0.4820413560536332,,,cuVSLAM,,
1231,1761212627462,231.047123670578,-294.5779263973236,-118.10452491044998,0.25712727738380803,0.6767303104772715,-0.4698473027113474,,,cuVSLAM,,
1232,1761212627496,233.02921652793884,-285.5716645717621,-116.02777242660522,0.2546852809247571,0.6696904080497903,-0.4544104368279435,,,cuVSLAM,,
1233,1761212627529,234.6494495868683,-276.435524225235,-113.20975422859192,0.25280544956024176,0.6614051322116047,-0.43630285627341636,,,cuVSLAM,,
1234,1761212627563,236.3596260547638,-266.5380537509918,-109.93987321853638,0.2505975766781726,0.6521373941535642,-0.4181395244353565,,,cuVSLAM,,
1235,1761212627596,237.66739666461945,-256.53916597366333,-106.47997260093689,0.2468690864984999,0.642199626190688,-0.4030183384392084,,,cuVSLAM,,
1236,1761212627629,238.9259934425354,-246.74604833126068,-102.80060768127441,0.24259771924211043,0.6320589476423959,-0.38797212211568155,,,cuVSLAM,,
1237,1761212627663,240.08014798164368,-237.37342655658722,-99.54187273979187,0.23814488300501127,0.6215927874285421,-0.370932874213551,,,cuVSLAM,,
1238,1761212627696,241.20831489562988,-227.96082496643066,-95.78701108694077,0.2332977222290154,0.6122076808016547,-0.35442422793101597,,,cuVSLAM,,
1239,1761212627730,241.95058643817902,-218.87792646884918,-92.29433536529541,0.22874898193876142,0.603250441365394,-0.33707967825973095,,,cuVSLAM,,
1240,1761212627763,242.12008714675903,-210.20308136940002,-88.70953321456909,0.22528273507345772,0.5946590295476557,-0.3169734427049875,,,cuVSLAM,,
1241,1761212627797,241.90759658813477,-202.10979878902435,-85.14508605003357,0.22167329048110337,0.5870641447427216,-0.29766004364701626,,,cuVSLAM,,
1242,1761212627830,241.7580783367157,-194.30960714817047,-81.43091946840286,0.21687183501222,0.5805435949861517,-0.28194853954817456,,,cuVSLAM,,
1243,1761212627863,240.47112464904785,-187.0398074388504,-77.78811454772949,0.2107449861052478,0.5739152708626245,-0.26890005694000874,,,cuVSLAM,,
1244,1761212627896,238.3914738893509,-179.76701259613037,-73.83191585540771,0.20433311215211256,0.5664191415607276,-0.2558475512326924,,,cuVSLAM,,
1245,1761212627930,235.8248382806778,-172.84885048866272,-69.45231556892395,0.19675405718605146,0.5581160864861213,-0.24642203072128818,,,cuVSLAM,,
1246,1761212627963,232.2690188884735,-167.0624017715454,-65.2136281132698,0.18586059515890527,0.5491813176293054,-0.2483147604265619,,,cuVSLAM,,
1247,1761212627996,228.0595749616623,-161.5975797176361,-60.88897958397865,0.17507343690338661,0.5383286717563195,-0.25370432251910563,,,cuVSLAM,,
1248,1761212628030,222.9166179895401,-157.2548747062683,-56.218259036540985,0.16504870911997122,0.5259688984590299,-0.2628403710003281,,,cuVSLAM,,
1249,1761212628063,217.10288524627686,-153.16739678382874,-51.69771611690521,0.15668649030008638,0.5123190745774063,-0.2701351608607922,,,cuVSLAM,,
1250,1761212628096,210.9575718641281,-149.55846965312958,-47.478966414928436,0.1505287027678623,0.49823837621875033,-0.2759209091440904,,,cuVSLAM,,
1251,1761212628130,205.13921976089478,-146.5589553117752,-43.77073794603348,0.14650514548465296,0.48504669697494834,-0.28025979712265064,,,cuVSLAM,,
1252,1761212628163,199.75370168685913,-144.22690868377686,-40.65457731485367,0.14442294213496015,0.47322928539048725,-0.283686254374267,,,cuVSLAM,,
1253,1761212628196,194.80618834495544,-142.70934462547302,-38.345951586961746,0.1434317017849829,0.46331826403717563,-0.28901826554088933,,,cuVSLAM,,
1254,1761212628230,190.4653012752533,-141.5543258190155,-36.49608790874481,0.1435791085078736,0.4548965972625208,-0.2949140326990033,,,cuVSLAM,,
1255,1761212628263,186.43693625926971,-140.56873321533203,-34.54802185297012,0.144278413611144,0.44706029999010133,-0.3002096605526653,,,cuVSLAM,,
1256,1761212628296,182.7574521303177,-139.2667442560196,-32.58625417947769,0.1448946474488442,0.43906124478477976,-0.30491582071570505,,,cuVSLAM,,
1257,1761212628330,179.04582619667053,-137.45491206645966,-30.51672875881195,0.1449532980287768,0.43071704138720507,-0.3083764870737417,,,cuVSLAM,,
1258,1761212628363,174.93866384029388,-135.35721600055695,-28.958097100257874,0.14316428105801685,0.4216971570196352,-0.3139109263306564,,,cuVSLAM,,
1259,1761212628396,170.76826095581055,-132.9837441444397,-27.588821947574615,0.13990066921846905,0.412060247016539,-0.32004496654850223,,,cuVSLAM,,
1260,1761212628430,166.09063744544983,-130.00205159187317,-26.243068277835846,0.13555043461497962,0.40174337192362847,-0.3249085428611031,,,cuVSLAM,,
1261,1761212628463,161.422461271286,-126.37500464916229,-25.248028337955475,0.13030297428362594,0.3908801841924944,-0.32895426988500254,,,cuVSLAM,,
1262,1761212628496,156.3582569360733,-122.75364995002747,-23.491814732551575,0.12467689147628064,0.3800389684235825,-0.33169338467879655,,,cuVSLAM,,
1263,1761212628529,150.99020302295685,-118.7191903591156,-21.467529237270355,0.11937124036024635,0.36873507748169904,-0.3310135467569367,,,cuVSLAM,,
1264,1761212628563,145.67838609218597,-114.64402079582214,-19.34732496738434,0.11447179987788382,0.35746999596871915,-0.32804088734285375,,,cuVSLAM,,
1265,1761212628596,140.46308398246765,-110.96684634685516,-17.118610441684723,0.10950960106904317,0.3468731062944436,-0.3259767142598628,,,cuVSLAM,,
1266,1761212628629,135.45173406600952,-107.06155002117157,-15.870921313762665,0.10463138432820625,0.33673133904186586,-0.3257007673491406,,,cuVSLAM,,
1267,1761212628663,131.01035356521606,-102.91828215122223,-14.991626143455505,0.1004820212071303,0.3277657088839371,-0.32356506574168364,,,cuVSLAM,,
1268,1761212628696,127.09027528762817,-98.99543225765228,-14.083713293075562,0.09717026456451842,0.32012830090004146,-0.31859491836428055,,,cuVSLAM,,
1269,1761212628729,123.27007949352264,-95.18463909626007,-13.84495198726654,0.09436749114730929,0.3131050531220838,-0.31284444807914347,,,cuVSLAM,,
1270,1761212628763,119.40094083547592,-91.36098623275757,-14.205120503902435,0.09184443041145593,0.30620536197714965,-0.306420016100469,,,cuVSLAM,,
1271,1761212628796,116.26895517110825,-87.17679977416992,-14.611810445785522,0.08874124553048542,0.3000990303347264,-0.3009925405713734,,,cuVSLAM,,
1272,1761212628829,113.01104724407196,-83.47822725772858,-15.104956924915314,0.08557524902065156,0.29468334097229854,-0.29578604394838914,,,cuVSLAM,,
1273,1761212628863,110.09584367275238,-79.8545628786087,-15.635721385478973,0.08284004210641888,0.28943441332367437,-0.29145079664137025,,,cuVSLAM,,
1274,1761212628896,107.62852430343628,-76.33213698863983,-15.790306031703949,0.07971949531486384,0.2847372208530771,-0.2908096545351111,,,cuVSLAM,,
1275,1761212628929,104.76550459861755,-73.63550364971161,-16.09012484550476,0.07701963538267215,0.27974628801861817,-0.29186640529789315,,,cuVSLAM,,
1276,1761212628963,102.12469100952148,-71.32069766521454,-16.079887747764587,0.0749453428733368,0.274820592571254,-0.2943880425987643,,,cuVSLAM,,
1277,1761212628996,99.2594063282013,-69.18193399906158,-15.697434544563293,0.07335175316387116,0.2692738499288126,-0.2969922824289738,,,cuVSLAM,,
1278,1761212629030,96.14001214504242,-67.30492413043976,-14.989510178565979,0.0731266895973992,0.26273474986258755,-0.2968453276621887,,,cuVSLAM,,
1279,1761212629063,93.10829639434814,-66.09031558036804,-13.898387551307678,0.07403300520514138,0.2564352987535071,-0.29709914672613996,,,cuVSLAM,,
1280,1761212629096,89.96935188770294,-65.01568853855133,-12.798339128494263,0.07527672735974694,0.25003284981230267,-0.2963810494739288,,,cuVSLAM,,
1281,1761212629130,86.50222420692444,-63.49785625934601,-12.419283390045166,0.07729532845877511,0.24249061659429366,-0.2895644186980718,,,cuVSLAM,,
1282,1761212629163,83.28992128372192,-61.765626072883606,-12.005127966403961,0.07903949280984691,0.23531060439013882,-0.2807340925274933,,,cuVSLAM,,
1283,1761212629197,80.19822835922241,-59.939250349998474,-11.07439398765564,0.08046976981648792,0.22845547323123003,-0.27177586550215976,,,cuVSLAM,,
1284,1761212629230,76.9062340259552,-57.96651542186737,-10.675325989723206,0.08135598680635975,0.22113996741726205,-0.26139450385739454,,,cuVSLAM,,
1285,1761212629263,74.07420873641968,-56.05579912662506,-10.391637682914734,0.08122973200685167,0.21420880054462085,-0.25514400628974887,,,cuVSLAM,,
1286,1761212629297,71.61986827850342,-53.65411937236786,-10.067522525787354,0.08037482568838289,0.20761278655772633,-0.24789861357481566,,,cuVSLAM,,
1287,1761212629330,69.33021545410156,-50.892993807792664,-10.047011077404022,0.07837178052821465,0.20138395019792646,-0.23998521338400766,,,cuVSLAM,,
1288,1761212629363,66.94266200065613,-48.850953578948975,-9.960077702999115,0.07552091029886766,0.19601558226998156,-0.2342009658098328,,,cuVSLAM,,
1289,1761212629397,65.35474956035614,-46.12980782985687,-9.444989264011383,0.07186432599913228,0.1917430636464288,-0.23106756710522058,,,cuVSLAM,,
1290,1761212629430,64.53731656074524,-43.421581387519836,-8.730113506317139,0.06806496584281592,0.18856475747247228,-0.22917629975599893,,,cuVSLAM,,
1291,1761212629464,63.70237469673157,-41.22646152973175,-8.428394794464111,0.06454378436002181,0.18617545472376387,-0.22931342092535237,,,cuVSLAM,,
1292,1761212629497,63.42625617980957,-39.71703350543976,-7.450386881828308,0.061860745464585684,0.18505232325677448,-0.2277237237356995,,,cuVSLAM,,
1293,1761212629530,63.26949596405029,-38.396403193473816,-6.56263530254364,0.0598605111447404,0.184447725322531,-0.22541748639032722,,,cuVSLAM,,
1294,1761212629564,63.37593495845795,-37.032634019851685,-5.941540002822876,0.057900550604654245,0.18430153179798728,-0.22637941452384436,,,cuVSLAM,,
1295,1761212629597,63.42311203479767,-36.428019404411316,-4.770994186401367,0.05658302927222758,0.18456198574841554,-0.22777560564095423,,,cuVSLAM,,
1296,1761212629630,63.58225643634796,-35.16532480716705,-4.317909479141235,0.05552160032127933,0.18372930344904365,-0.22972209763289525,,,cuVSLAM,,
1297,1761212629664,63.32704424858093,-34.15839374065399,-2.8456375002861023,0.05514382348975125,0.182622716798741,-0.22990207382974356,,,cuVSLAM,,
1298,1761212629697,62.66270577907562,-33.03943574428558,-2.3332014679908752,0.054291119474227864,0.18040803883264872,-0.23020688553396815,,,cuVSLAM,,
1299,1761212629731,61.53397262096405,-32.22326934337616,-1.6103759407997131,0.05356133653916453,0.17754601064928316,-0.2321952742013314,,,cuVSLAM,,
1300,1761212629764,60.25952100753784,-31.199291348457336,-1.1759847402572632,0.05270984501660667,0.17413541804163463,-0.2346481070572235,,,cuVSLAM,,
1301,1761212629797,59.09983813762665,-29.895678162574768,-0.9138733148574829,0.05137873202164389,0.17059754024561782,-0.23731147910093564,,,cuVSLAM,,
1302,1761212629831,57.41335451602936,-28.63265573978424,-1.3165175914764404,0.04978917034934284,0.16659708237809076,-0.24037363075744156,,,cuVSLAM,,
1303,1761212629864,55.85895478725433,-27.38434076309204,-1.491159200668335,0.04831984119950821,0.16294719514123318,-0.24403383821099145,,,cuVSLAM,,
1304,1761212629897,54.53617870807648,-26.050493121147156,-1.765035092830658,0.046544652346158726,0.15934155810595613,-0.24831331487180153,,,cuVSLAM,,
1305,1761212629931,52.81209945678711,-24.858638644218445,-2.434089779853821,0.044658871770314336,0.15543676545287713,-0.25216764666583935,,,cuVSLAM,,
1306,1761212629964,50.982579588890076,-23.385122418403625,-3.2055601477622986,0.042732283684869934,0.15104102552501672,-0.25352086582365174,,,cuVSLAM,,
1307,1761212629997,49.37615990638733,-21.726563572883606,-3.413468599319458,0.04102656728556148,0.14674733014902613,-0.25182809967887043,,,cuVSLAM,,
1308,1761212630031,47.238051891326904,-19.84618604183197,-4.42223995923996,0.0388719652907398,0.14205257584891945,-0.24468976746944324,,,cuVSLAM,,
1309,1761212630064,45.46552896499634,-17.40415394306183,-4.74722683429718,0.03541163898685222,0.13763674567074163,-0.23789256810536719,,,cuVSLAM,,
1310,1761212630097,43.87027025222778,-14.768794178962708,-4.1439831256866455,0.031059347914843185,0.13330105428938557,-0.23223711630059982,,,cuVSLAM,,
1311,1761212630130,42.50673949718475,-12.316703796386719,-3.6621615290641785,0.02706515093730666,0.12957921820118076,-0.22773299057273685,,,cuVSLAM,,
1312,1761212630164,41.402027010917664,-10.545819997787476,-3.101639449596405,0.02426896517605737,0.12603753771672024,-0.22708795695628517,,,cuVSLAM,,
1313,1761212630197,40.22771120071411,-10.586246848106384,-2.5997385382652283,0.02369715130736442,0.12270969404032427,-0.2291325497290167,,,cuVSLAM,,
1314,1761212630230,39.724498987197876,-11.285141110420227,-1.8714666366577148,0.025263390624386907,0.12001687206062477,-0.23169861923060484,,,cuVSLAM,,
1315,1761212630264,38.65230083465576,-13.596758246421814,-1.5788823366165161,0.028151280570354587,0.11731879364626843,-0.23372375587848218,,,cuVSLAM,,
1316,1761212630297,38.11998665332794,-16.297563910484314,-0.8789077401161194,0.031870881555040476,0.11521739602543252,-0.23674491171697978,,,cuVSLAM,,
1317,1761212630330,36.824196577072144,-19.74530518054962,-1.036614179611206,0.035914870217662674,0.11241224668476667,-0.24002585380165548,,,cuVSLAM,,
1318,1761212630364,36.82330250740051,-23.42955768108368,-0.18741190433502197,0.04018160543843155,0.11137610675416013,-0.2449431234815633,,,cuVSLAM,,
1319,1761212630397,37.02455759048462,-26.528194546699524,-1.0264217853546143,0.04328089958406018,0.11050524429564344,-0.2509147338538873,,,cuVSLAM,,
1320,1761212630430,36.667823791503906,-30.566558241844177,-2.5196820497512817,0.046268584241683494,0.10981708777935961,-0.2544317558306055,,,cuVSLAM,,
1321,1761212630464,36.42082214355469,-34.10184383392334,-3.742627799510956,0.04903873052802287,0.10901879824186068,-0.2567787096081713,,,cuVSLAM,,
1322,1761212630497,35.40909290313721,-36.99071705341339,-2.9347017407417297,0.05358737823851463,0.10593876805016131,-0.25332414520712637,,,cuVSLAM,,
1323,1761212630530,33.32732617855072,-38.52634131908417,-2.4202391505241394,0.05555377854495938,0.10144747568627485,-0.24984169903666426,,,cuVSLAM,,
1324,1761212630563,30.565202236175537,-38.97996246814728,-1.8080994486808777,0.055267969409357014,0.0954075972551973,-0.24411412822257714,,,cuVSLAM,,
1325,1761212630597,26.84122323989868,-38.21028769016266,-1.2384206056594849,0.05270578695258787,0.08748673231969276,-0.23957089298063666,,,cuVSLAM,,
1326,1761212630630,23.516535758972168,-35.946935415267944,-0.6354749202728271,0.04797690265031713,0.08009240037763485,-0.23519021184306227,,,cuVSLAM,,
1327,1761212630663,20.090624690055847,-33.023908734321594,-1.3494789600372314,0.0423763237781222,0.07165032604168617,-0.23647840408254028,,,cuVSLAM,,
1328,1761212630697,17.900288105010986,-30.382588505744934,-0.948004424571991,0.036372345285033705,0.06565769874231275,-0.24077952470536249,,,cuVSLAM,,
1329,1761212630730,16.348406672477722,-27.488812804222107,-1.6673505306243896,0.030942177779116904,0.06117762063173128,-0.2443341356255309,,,cuVSLAM,,
1330,1761212630763,15.378639101982117,-25.464341044425964,-2.5996118783950806,0.026358590460595827,0.058130722592698796,-0.24685740833119663,,,cuVSLAM,,
1331,1761212630797,16.06905460357666,-23.46000075340271,-2.7088597416877747,0.02245276720938641,0.05686753093111943,-0.25126942069672986,,,cuVSLAM,,
1332,1761212630830,17.56976544857025,-21.496132016181946,-2.6539042592048645,0.01939870199868446,0.057997258802750744,-0.2530994171953738,,,cuVSLAM,,
1333,1761212630863,19.188329577445984,-19.8221355676651,-3.0764713883399963,0.015683806594957692,0.05900002340115101,-0.25461496004523965,,,cuVSLAM,,
1334,1761212630897,21.532773971557617,-18.70766282081604,-3.277912735939026,0.01262844133443324,0.06184748956312639,-0.25962153685651823,,,cuVSLAM,,
1335,1761212630930,24.17828142642975,-18.52954924106598,-3.665708005428314,0.011991807592166967,0.06575734869705788,-0.26243610649398114,,,cuVSLAM,,
1336,1761212630963,26.001974940299988,-19.22568678855896,-4.161514341831207,0.011906137195201012,0.06948812084263617,-0.2635234929999504,,,cuVSLAM,,
1337,1761212630996,28.016269207000732,-19.215568900108337,-5.038067698478699,0.01057702596475396,0.07268161568377965,-0.2662881152754948,,,cuVSLAM,,
1338,1761212631030,29.983848333358765,-19.72585916519165,-5.858324468135834,0.009711826581946633,0.07541304923989213,-0.26909307751012046,,,cuVSLAM,,
1339,1761212631063,31.461656093597412,-19.981086254119873,-6.362579762935638,0.008781133120816059,0.0775508135222148,-0.2674112055633017,,,cuVSLAM,,
1340,1761212631096,32.507047057151794,-19.784778356552124,-7.219031453132629,0.007568237494963157,0.07815264430643537,-0.2613701869535671,,,cuVSLAM,,
1341,1761212631130,33.3455353975296,-19.115373492240906,-7.993556559085846,0.005677926962834291,0.07830988212936732,-0.253101975301836,,,cuVSLAM,,
1342,1761212631163,33.56534242630005,-18.808647990226746,-8.689582347869873,0.004097802093124717,0.07736894389586471,-0.24459537929164643,,,cuVSLAM,,
1343,1761212631196,33.548176288604736,-18.62865686416626,-9.077854454517365,0.0024978086584466997,0.07638839924663796,-0.2435585526498559,,,cuVSLAM,,
1344,1761212631230,33.24562311172485,-18.266230821609497,-8.992426097393036,0.0017516560689654962,0.07456866736594009,-0.24268876245446386,,,cuVSLAM,,
1345,1761212631263,32.95612335205078,-17.54482090473175,-9.076684713363647,0.000985735646614287,0.07264961356286201,-0.2407118131130235,,,cuVSLAM,,
1346,1761212631296,32.841309905052185,-16.131475567817688,-8.835464715957642,1.3320279582314126e-05,0.07122013616640115,-0.23788758442896876,,,cuVSLAM,,
1347,1761212631330,32.81982243061066,-14.259293675422668,-8.61530750989914,-0.0013124538587966207,0.06995652213097915,-0.2331504977893055,,,cuVSLAM,,
1348,1761212631363,32.58945047855377,-11.49091124534607,-9.382322430610657,-0.0036740297543614246,0.06810414108566411,-0.22719985865327075,,,cuVSLAM,,
1349,1761212631396,32.926589250564575,-8.28830897808075,-9.966537356376648,-0.0067730478296379485,0.06645726340279613,-0.22138633717466408,,,cuVSLAM,,
1350,1761212631429,33.172786235809326,-4.394009709358215,-10.819107294082642,-0.010539346525846774,0.06448276552413218,-0.2156059864180379,,,cuVSLAM,,
1351,1761212631463,33.668652176856995,0.08563697338104248,-12.14677095413208,-0.015856275290674272,0.06223670749310005,-0.21699772107785956,,,cuVSLAM,,
1352,1761212631496,33.18725526332855,3.6295801401138306,-12.546777725219727,-0.021329571048805684,0.06026359441390543,-0.21473234756617884,,,cuVSLAM,,
1353,1761212631529,32.38131105899811,7.900908589363098,-12.364394962787628,-0.027222057526810433,0.058125162294793295,-0.20999814365037187,,,cuVSLAM,,
1354,1761212631563,31.199201941490173,11.949971318244934,-13.235583901405334,-0.03317513888231562,0.05463271935517289,-0.20819128753133959,,,cuVSLAM,,
1355,1761212631596,29.090749099850655,14.117136597633362,-6.818223744630814,-0.03922484295049808,0.0568741472547844,-0.19850537348873265,,,cuVSLAM,,
1356,1761212631629,28.140591457486153,18.558930605649948,-8.510859683156013,-0.04674809612027537,0.05366808599425646,-0.19296075041772817,,,cuVSLAM,,
1357,1761212631663,27.577245607972145,23.601561784744263,-9.462587535381317,-0.05491326131003546,0.05144830834352314,-0.18769680863645896,,,cuVSLAM,,
1358,1761212631696,26.825767010450363,28.26608344912529,-9.709535166621208,-0.060859382394581205,0.049094365268380284,-0.17843965803008993,,,cuVSLAM,,
1359,1761212631729,26.430832222104073,32.316260039806366,-10.01439243555069,-0.06650209542092078,0.0474698149308688,-0.1750616705278346,,,cuVSLAM,,
1360,1761212631762,26.151759549975395,35.31987965106964,-10.050538927316666,-0.07085215833452747,0.04682391104473286,-0.17351065843746,,,cuVSLAM,,
1361,1761212631796,26.713620871305466,37.64497861266136,-10.565533302724361,-0.07365840284331437,0.046960121386518665,-0.1733915663537781,,,cuVSLAM,,
1362,1761212631829,27.845576405525208,37.90543973445892,-10.552800260484219,-0.07387379560741791,0.04802394338234429,-0.1780769685179274,,,cuVSLAM,,
1363,1761212631862,29.47824075818062,36.71210631728172,-10.632064193487167,-0.0721164117035628,0.04992402273403345,-0.18149446139593778,,,cuVSLAM,,
1364,1761212631896,31.41944482922554,34.21778231859207,-11.15291379392147,-0.06863469519027135,0.05249244974642075,-0.18501015177713506,,,cuVSLAM,,
1365,1761212631929,33.599432557821274,29.909048229455948,-10.862769559025764,-0.06345241649761718,0.0568363584147641,-0.18941836050691982,,,cuVSLAM,,
1366,1761212631962,36.04796901345253,25.082435458898544,-10.22354606539011,-0.056966857185237744,0.06206686380349181,-0.1921367767780977,,,cuVSLAM,,
1367,1761212631996,38.64786773920059,20.09652368724346,-10.02923958003521,-0.04997733321607349,0.06675232391896338,-0.19559199240618558,,,cuVSLAM,,
1368,1761212632029,40.69950804114342,15.105255879461765,-9.631052613258362,-0.0433258687370176,0.07096157092505669,-0.19769822853937308,,,cuVSLAM,,
1369,1761212632062,42.40589961409569,11.217691004276276,-9.002485312521458,-0.037715983774811175,0.07380119960864495,-0.19904208782574076,,,cuVSLAM,,
1370,1761212632096,43.192435055971146,7.581688463687897,-8.993363939225674,-0.03350531522995689,0.07385039242341335,-0.2016705510225274,,,cuVSLAM,,
1371,1761212632129,43.22589933872223,5.518261343240738,-9.221230633556843,-0.030976895688073373,0.07183566833412819,-0.20248244251618305,,,cuVSLAM,,
1372,1761212632162,42.03273355960846,3.855198621749878,-9.81481559574604,-0.029602686695793752,0.06735989821595448,-0.20395163813050554,,,cuVSLAM,,
1373,1761212632196,39.84927386045456,3.0222060158848763,-9.184134192764759,-0.02925205009534077,0.061714435202584614,-0.2076464126730802,,,cuVSLAM,,
1374,1761212632229,36.61143779754639,2.86940298974514,-9.055715054273605,-0.030078020992133397,0.05396282911332226,-0.2110827228252474,,,cuVSLAM,,
1375,1761212632262,33.1108532845974,3.8941381499171257,-9.186683222651482,-0.03191384948704201,0.044627530007957716,-0.21551281477364978,,,cuVSLAM,,
1376,1761212632295,30.28782457113266,5.331235006451607,-8.767790161073208,-0.03370086749623523,0.03772975268990297,-0.2197412373308558,,,cuVSLAM,,
1377,1761212632329,28.81481871008873,6.169065833091736,-8.658611215651035,-0.03514612438598775,0.035829637888518256,-0.22180642225852576,,,cuVSLAM,,
1378,1761212632362,28.6718737334013,7.002189755439758,-8.895616978406906,-0.036322599525737666,0.0352044178998619,-0.22348465611561685,,,cuVSLAM,,
1379,1761212632395,29.93563562631607,6.79495744407177,-8.967248722910881,-0.03707182877118061,0.03728676275445169,-0.22612374437590171,,,cuVSLAM,,
1380,1761212632429,32.99287706613541,6.017713807523251,-9.371072053909302,-0.03707731630979868,0.04142021648307173,-0.23354975093756555,,,cuVSLAM,,
1381,1761212632462,37.49099373817444,4.418043419718742,-9.413051418960094,-0.036313916682438975,0.04791463446664092,-0.2450180666615412,,,cuVSLAM,,
1382,1761212632495,43.094418942928314,1.146961934864521,-10.21086797118187,-0.03416659638285061,0.055710024172045465,-0.2630529814277912,,,cuVSLAM,,
1383,1761212632529,49.21036213636398,-2.954140305519104,-10.767383500933647,-0.03050837368011182,0.06470440842745186,-0.27694324021580635,,,cuVSLAM,,
1384,1761212632562,55.15347421169281,-8.534390479326248,-11.295745149254799,-0.02479886399253441,0.07479649152555233,-0.2843864448573275,,,cuVSLAM,,
1385,1761212632595,60.768261551856995,-13.940634205937386,-11.861927807331085,-0.018498985945476946,0.08425180423033622,-0.2905931637615872,,,cuVSLAM,,
1386,1761212632628,65.99105894565582,-20.233839750289917,-12.282224372029305,-0.011206263840224447,0.09317597193818507,-0.2997028238277052,,,cuVSLAM,,
1387,1761212632662,70.28287649154663,-27.14284136891365,-12.614629231393337,-0.002736596727699738,0.10117576373956466,-0.3055169248612276,,,cuVSLAM,,
1388,1761212632695,73.9205852150917,-34.27230939269066,-12.961147353053093,0.0067370489431811615,0.10802384180187917,-0.31201110900415535,,,cuVSLAM,,
1389,1761212632728,76.70894265174866,-42.04858839511871,-13.894916512072086,0.016952527774566784,0.11340728093722044,-0.31953968342592154,,,cuVSLAM,,
1390,1761212632762,78.81398499011993,-49.87442493438721,-14.208247885107994,0.027812764475822954,0.118196212223875,-0.3232219066567675,,,cuVSLAM,,
1391,1761212632795,80.88328689336777,-57.22978711128235,-14.732417650520802,0.038430329440203505,0.12300148902049433,-0.325509962026928,,,cuVSLAM,,
1392,1761212632828,82.29152858257294,-64.4145980477333,-15.210451558232307,0.04862873689460068,0.12706267474204402,-0.3280205220747412,,,cuVSLAM,,
1393,1761212632862,83.27654749155045,-71.06144726276398,-15.408990904688835,0.05833658490807732,0.1300219899853279,-0.3303322232035136,,,cuVSLAM,,
1394,1761212632895,83.36960524320602,-77.38181948661804,-15.681121498346329,0.06745827837529592,0.13173173388505435,-0.3321987214856166,,,cuVSLAM,,
1395,1761212632928,83.0560252070427,-82.8527882695198,-15.64188301563263,0.07560635619525036,0.13268679329450303,-0.3349950321725837,,,cuVSLAM,,
1396,1761212632962,82.65629410743713,-87.70795911550522,-15.767097473144531,0.0826152288756745,0.13340230137658324,-0.33678422682555226,,,cuVSLAM,,
1397,1761212632995,82.55023509263992,-91.64842963218689,-15.61498362571001,0.08827866860797262,0.1345197319375036,-0.3393655840052289,,,cuVSLAM,,
1398,1761212633028,82.61393755674362,-95.05274891853333,-16.328182071447372,0.09232396690725418,0.13523155719449415,-0.3445839995196623,,,cuVSLAM,,
1399,1761212633061,83.19776505231857,-97.42612391710281,-16.99676737189293,0.09501496699962109,0.13639536532205945,-0.35179799845694276,,,cuVSLAM,,
1400,1761212633095,83.91620218753815,-99.52732175588608,-17.085101455450058,0.09690181769083775,0.13831243924922207,-0.35764390499073184,,,cuVSLAM,,
1401,1761212633128,85.02836525440216,-100.50062835216522,-17.064666375517845,0.09832280500466047,0.14034790956589446,-0.36016888382055795,,,cuVSLAM,,
1402,1761212633161,85.7369527220726,-102.02785581350327,-17.49597303569317,0.09913601725927096,0.1418230286402449,-0.36582223342631087,,,cuVSLAM,,
1403,1761212633195,86.19022369384766,-102.8968095779419,-17.525285482406616,0.09972614384247137,0.14304009820443306,-0.369866304695432,,,cuVSLAM,,
1404,1761212633228,86.06323599815369,-103.42513769865036,-17.664864659309387,0.10025938026599868,0.14305201664544612,-0.36983981922845055,,,cuVSLAM,,
1405,1761212633261,85.12262254953384,-103.77658158540726,-17.262179404497147,0.10049058801257393,0.14188327352728142,-0.3742037781657983,,,cuVSLAM,,
1406,1761212633295,83.01007747650146,-104.02855277061462,-16.96712151169777,0.10059714872138964,0.13878924424599634,-0.3775485814978609,,,cuVSLAM,,
1407,1761212633328,80.325186252594,-103.60798239707947,-16.259292140603065,0.10003580551732479,0.13461498310738057,-0.38131509368019534,,,cuVSLAM,,
1408,1761212633361,77.05448567867279,-102.47374325990677,-15.536351129412651,0.09886848397857341,0.129179701784896,-0.3834571545377218,,,cuVSLAM,,
1409,1761212633395,73.7941712141037,-100.75927525758743,-14.281590469181538,0.09694291726145396,0.12386979769856715,-0.38448567774079606,,,cuVSLAM,,
1410,1761212633428,71.1146593093872,-98.2142835855484,-13.925217092037201,0.09382119383660133,0.11866601661029484,-0.3840595756815566,,,cuVSLAM,,
1411,1761212633461,69.75475698709488,-94.92486715316772,-13.820106163620949,0.08856516880435188,0.11567884740053451,-0.388838582640488,,,cuVSLAM,,
1412,1761212633494,68.22708994150162,-91.93629771471024,-12.990260496735573,0.08396939022694651,0.11073021023875641,-0.39424787995729454,,,cuVSLAM,,
1413,1761212633528,66.09251350164413,-89.20033276081085,-12.414589524269104,0.07826735702882322,0.1038030382871692,-0.40240865398525294,,,cuVSLAM,,
1414,1761212633561,63.393376767635345,-86.00291609764099,-11.612648144364357,0.07445343143247667,0.09616011863154156,-0.4040420173758307,,,cuVSLAM,,
1415,1761212633594,59.62926149368286,-83.22915434837341,-10.985095985233784,0.07203218395807577,0.08844394717819087,-0.4031002585391002,,,cuVSLAM,,
1416,1761212633628,55.30137196183205,-81.26041293144226,-9.946295991539955,0.07145084268378955,0.08038347277126538,-0.3997169272055861,,,cuVSLAM,,
1417,1761212633661,51.62438005208969,-79.10703122615814,-9.418230503797531,0.07072921848853568,0.07272979426639166,-0.39764927930693683,,,cuVSLAM,,
1418,1761212633694,48.76339063048363,-77.56329327821732,-8.731599897146225,0.07018130209659121,0.067972777219877,-0.39450761464876655,,,cuVSLAM,,
1419,1761212633728,46.771034598350525,-76.16715878248215,-8.893400430679321,0.06996091881633147,0.06414948298116953,-0.39117903236301643,,,cuVSLAM,,
1420,1761212633761,45.26316374540329,-75.2992108464241,-8.094659075140953,0.06923006528592564,0.061007371784341714,-0.3931387295241824,,,cuVSLAM,,
1421,1761212633794,44.66007649898529,-74.04368370771408,-8.114839904010296,0.06831206766660941,0.05778993897044841,-0.39437574615914783,,,cuVSLAM,,
1422,1761212633828,44.68866437673569,-72.73150235414505,-8.005990646779537,0.06692600107583752,0.055625580925113924,-0.3923044130090998,,,cuVSLAM,,
1423,1761212633861,45.29976844787598,-71.32718712091446,-8.181006647646427,0.06496703888960852,0.05364173463363232,-0.39483601072423385,,,cuVSLAM,,
1424,1761212633894,46.34372144937515,-70.04471868276596,-8.096346631646156,0.0642227321054638,0.05268265065211614,-0.3965959548761761,,,cuVSLAM,,
1425,1761212633927,47.16259241104126,-69.08312439918518,-8.311406709253788,0.06376354712742033,0.0517362674864693,-0.39567799838006473,,,cuVSLAM,,
1426,1761212633961,48.02969843149185,-67.91333109140396,-7.582074962556362,0.06431741652266416,0.05109198944672478,-0.39320494204678774,,,cuVSLAM,,
1427,1761212633994,48.68192970752716,-67.00260192155838,-7.193693425506353,0.06489312032137896,0.0496448769554224,-0.3935369436948125,,,cuVSLAM,,
1428,1761212634027,49.30460453033447,-66.14763289690018,-7.498481776565313,0.06515417319761067,0.04833135029805587,-0.3946917769029236,,,cuVSLAM,,
1429,1761212634061,50.22941529750824,-65.44369459152222,-7.149527780711651,0.06436748671288738,0.04866973475755353,-0.39609370465019506,,,cuVSLAM,,
1430,1761212634094,51.676638424396515,-65.23091346025467,-7.385332137346268,0.062482039678354,0.050497602196232214,-0.4013836034041596,,,cuVSLAM,,
1431,1761212634127,53.478360176086426,-64.7079274058342,-8.024880662560463,0.05947023966307778,0.053198617656972556,-0.4041418300492751,,,cuVSLAM,,
1432,1761212634161,55.48619106411934,-64.44241851568222,-8.483931422233582,0.05636290114210055,0.05759713233494999,-0.4062564906664406,,,cuVSLAM,,
1433,1761212634194,57.50556290149689,-64.33460861444473,-8.098680526018143,0.055355743131251016,0.06208284892662327,-0.4087696441728194,,,cuVSLAM,,
1434,1761212634227,58.7683841586113,-64.29877132177353,-8.250338025391102,0.05545048950690357,0.06529984969648976,-0.40665782358292973,,,cuVSLAM,,
1435,1761212634261,60.29568612575531,-63.961952924728394,-8.419662714004517,0.0548036160752145,0.06862763087811236,-0.40573038224994096,,,cuVSLAM,,
1436,1761212634294,61.83262914419174,-63.91851603984833,-8.546998724341393,0.054223709912839604,0.0716142377576618,-0.4090915611829038,,,cuVSLAM,,
1437,1761212634327,63.486918807029724,-63.67870420217514,-8.82907584309578,0.053247902907115154,0.07425081003848218,-0.4144072942118243,,,cuVSLAM,,
1438,1761212634360,65.09514898061752,-63.828691840171814,-9.133698418736458,0.05225859989434687,0.07734990700139442,-0.42447233225310127,,,cuVSLAM,,
1439,1761212634394,66.04703515768051,-63.698768615722656,-9.12489090114832,0.050639582749604325,0.08043124325189256,-0.43125098781207855,,,cuVSLAM,,
1440,1761212634427,66.82629138231277,-63.46104294061661,-9.202990680932999,0.04824119838364335,0.08345278827986902,-0.43530725734120296,,,cuVSLAM,,
1441,1761212634460,68.17431002855301,-63.47905099391937,-10.031186044216156,0.04420768164998683,0.08750435633409488,-0.4464064309177423,,,cuVSLAM,,
1442,1761212634494,70.0090304017067,-63.004426658153534,-11.199649423360825,0.039496253250485024,0.09264804854176692,-0.45476376420954895,,,cuVSLAM,,
1443,1761212634527,71.85879349708557,-62.11317330598831,-12.55982555449009,0.03558808059433126,0.09860990157168907,-0.45113639570401504,,,cuVSLAM,,
1444,1761212634560,73.49105179309845,-62.43908405303955,-13.130118139088154,0.03134010645453544,0.10372373446029395,-0.45510397498103344,,,cuVSLAM,,
1445,1761212634594,74.4367390871048,-63.27486038208008,-13.564737513661385,0.029923946043247846,0.10684685859076685,-0.4592218156531176,,,cuVSLAM,,
1446,1761212634627,73.26783239841461,-64.87846374511719,-12.96908874064684,0.03339502807187865,0.10521912333888282,-0.45799939885381663,,,cuVSLAM,,
1447,1761212634660,71.11751288175583,-66.31983816623688,-12.802906334400177,0.037308247789412496,0.10170191709159641,-0.4542528021357805,,,cuVSLAM,,
1448,1761212634694,68.44376772642136,-68.12238693237305,-11.826470494270325,0.04120110594590272,0.09786439123458054,-0.4538181095050523,,,cuVSLAM,,
1449,1761212634727,65.24396687746048,-70.19645720720291,-11.702558025717735,0.04542880476302607,0.09328665313946269,-0.4543193971079552,,,cuVSLAM,,
1450,1761212634760,62.384940683841705,-71.64043933153152,-10.887039825320244,0.048965367234451815,0.08880677702098771,-0.4555668644803927,,,cuVSLAM,,
1451,1761212634793,59.5412440598011,-73.26499372720718,-10.771529749035835,0.052232263981940585,0.08479602559621105,-0.4577577240256417,,,cuVSLAM,,
1452,1761212634827,57.05218017101288,-74.30396974086761,-10.408015921711922,0.054763075122962704,0.08107911919933225,-0.45741249097915315,,,cuVSLAM,,
1453,1761212634860,55.00097572803497,-74.9310702085495,-10.391874238848686,0.05624501484007045,0.077817082755964,-0.45741173955121267,,,cuVSLAM,,
1454,1761212634893,54.24723029136658,-75.15494525432587,-10.242288932204247,0.05702144554988822,0.07652022810849977,-0.4561453844420528,,,cuVSLAM,,
1455,1761212634927,54.234579205513,-74.86569881439209,-10.021763853728771,0.05646815167092365,0.07647230259374645,-0.4552431250663422,,,cuVSLAM,,
1456,1761212634960,54.75522205233574,-73.89646768569946,-10.146692395210266,0.05500896741932759,0.07681230221415054,-0.45356797005517957,,,cuVSLAM,,
1457,1761212634993,55.590249598026276,-72.63582944869995,-10.452627204358578,0.052941715145661344,0.07774864247860024,-0.45018084536833447,,,cuVSLAM,,
1458,1761212635027,57.111404836177826,-70.86878269910812,-10.154718533158302,0.04994934562538522,0.07960583700450438,-0.44842893487302765,,,cuVSLAM,,
1459,1761212635060,58.50140005350113,-68.60633194446564,-10.523702017962933,0.04676631126509191,0.08083847540912427,-0.4438157888968938,,,cuVSLAM,,
1460,1761212635093,59.707678854465485,-66.2449449300766,-10.800567455589771,0.043099217186569845,0.08166674438277643,-0.44016272515139515,,,cuVSLAM,,
1461,1761212635127,60.33001095056534,-63.49027156829834,-10.515105910599232,0.03926763242448135,0.08194741788097616,-0.43418807863647507,,,cuVSLAM,,
1462,1761212635160,60.563310980796814,-60.02097576856613,-10.650582611560822,0.03534475397146248,0.0810761461202113,-0.4262408561422351,,,cuVSLAM,,
1463,1761212635193,60.32168120145798,-56.72680586576462,-10.283181443810463,0.03112345326391822,0.08000794404344459,-0.4213337191162583,,,cuVSLAM,,
1464,1761212635227,59.67414379119873,-53.29989641904831,-10.006505995988846,0.027063559519867643,0.07834388326541064,-0.414262319425903,,,cuVSLAM,,
1465,1761212635260,58.74669924378395,-50.078682601451874,-9.816553443670273,0.023117509878023947,0.07616960265953551,-0.40820800922716133,,,cuVSLAM,,
1466,1761212635293,57.84503370523453,-46.73239588737488,-9.222885593771935,0.019074462410396818,0.07406297571888198,-0.4039380727755387,,,cuVSLAM,,
1467,1761212635326,56.36938661336899,-43.85723918676376,-9.273873642086983,0.015368725855649712,0.07125748747468562,-0.397565974013607,,,cuVSLAM,,
1468,1761212635360,54.971255362033844,-41.010282933712006,-8.990352042019367,0.011481422711847511,0.06862567882627357,-0.39363851304364733,,,cuVSLAM,,
1469,1761212635393,53.782299160957336,-37.97078877687454,-8.730718865990639,0.0079106438313659,0.0661170765944958,-0.39040963160828407,,,cuVSLAM,,
1470,1761212635426,52.62875556945801,-35.055339336395264,-9.301507845520973,0.004475974646299991,0.06333506078159523,-0.3845513083030788,,,cuVSLAM,,
1471,1761212635460,51.48451775312424,-32.30682015419006,-8.56243260204792,0.0015970360921708797,0.061163255030137795,-0.38082282158982356,,,cuVSLAM,,
1472,1761212635493,50.0202402472496,-30.340127646923065,-8.887057192623615,-0.0008545116709014217,0.058243248404829924,-0.37795243881499047,,,cuVSLAM,,
1473,1761212635526,48.26783388853073,-28.886646032333374,-8.943398483097553,-0.0024296413734615314,0.055523312182894316,-0.3728772875393368,,,cuVSLAM,,
1474,1761212635560,46.48002237081528,-28.033766895532608,-9.34587512165308,-0.003374088542947829,0.05243461084961355,-0.36977373511664563,,,cuVSLAM,,
1475,1761212635593,44.07438635826111,-27.496814727783203,-8.662907406687737,-0.0036454280164960164,0.04921871018058039,-0.36860348516555275,,,cuVSLAM,,
1476,1761212635626,40.52038490772247,-26.749059557914734,-8.609523996710777,-0.003299950860361146,0.04378690193253408,-0.3642572725994811,,,cuVSLAM,,
1477,1761212635660,35.642970353364944,-26.266776025295258,-8.098935708403587,-0.002571278541745822,0.036720312930237434,-0.35835828852975815,,,cuVSLAM,,
1478,1761212635693,30.223460868000984,-25.362320244312286,-7.003800477832556,-0.0020115273828198916,0.028544630431985428,-0.3565490174302136,,,cuVSLAM,,
1479,1761212635726,23.913096636533737,-24.084705859422684,-6.755666341632605,-0.0018496688796102235,0.018726038427305653,-0.35083277095159854,,,cuVSLAM,,
1480,1761212635760,17.963064834475517,-22.407211363315582,-6.8823350593447685,-0.0027459141059926035,0.009077561753760406,-0.34652985185157265,,,cuVSLAM,,
1481,1761212635793,13.037888333201408,-20.504407584667206,-5.992006976157427,-0.004593318918168899,0.0013093227277799987,-0.3478549831293104,,,cuVSLAM,,
1482,1761212635826,8.386300876736641,-18.26995238661766,-6.356410216540098,-0.007227820612937503,-0.006239821671921938,-0.346336218640639,,,cuVSLAM,,
1483,1761212635860,5.242379382252693,-14.96855914592743,-5.9697492979466915,-0.010931071945965818,-0.011520224480883709,-0.34348572070543537,,,cuVSLAM,,
1484,1761212635893,3.302205353975296,-11.990191414952278,-6.258668843656778,-0.01554637668157045,-0.015085287609505185,-0.3444308129811785,,,cuVSLAM,,
1485,1761212635926,2.9920805245637894,-8.055634796619415,-6.350317504256964,-0.02104069544988966,-0.016756222996938932,-0.346374947379408,,,cuVSLAM,,
1486,1761212635959,3.496335819363594,-4.041634500026703,-6.65136706084013,-0.027657270574580287,-0.016959912555046495,-0.345778347609555,,,cuVSLAM,,
1487,1761212635993,4.36859205365181,0.6547421216964722,-6.3789039850234985,-0.03471529646601414,-0.01610525974053204,-0.34481235176920827,,,cuVSLAM,,
1488,1761212636026,5.602572113275528,5.359839648008347,-7.018858566880226,-0.04205878920125435,-0.015658296099544184,-0.3429302542742644,,,cuVSLAM,,
1489,1761212636059,6.704455241560936,10.256292298436165,-7.929325103759766,-0.04932633877548248,-0.015118770465063647,-0.3390611114878081,,,cuVSLAM,,
1490,1761212636093,7.5776707381010056,14.36056662350893,-8.099008351564407,-0.05613329129074097,-0.014006012703055598,-0.3351298253679541,,,cuVSLAM,,
1491,1761212636126,8.600210770964622,18.296005204319954,-9.158819913864136,-0.06219064408616661,-0.013651913545493775,-0.33310566323980856,,,cuVSLAM,,
1492,1761212636159,9.073106572031975,20.99750190973282,-9.38294269144535,-0.06646773142739161,-0.013286459972008,-0.3303073061263714,,,cuVSLAM,,
1493,1761212636193,9.360071271657944,22.95435220003128,-8.661509491503239,-0.06844203609106995,-0.012369887668581414,-0.32468172610208335,,,cuVSLAM,,
1494,1761212636226,9.326644241809845,23.91299232840538,-9.062329307198524,-0.06920775048458698,-0.01236090810316795,-0.31562730314087106,,,cuVSLAM,,
1495,1761212636259,8.314207196235657,23.872708901762962,-9.17903520166874,-0.06883139464981503,-0.012886774501684415,-0.3064656797379969,,,cuVSLAM,,
1496,1761212636293,6.2332917004823685,23.859204724431038,-8.752933703362942,-0.06770153381215567,-0.015104861220539402,-0.29929559856458954,,,cuVSLAM,,
1497,1761212636326,3.3360235393047333,25.318721309304237,-8.56416393071413,-0.06848380567900524,-0.02029646207210788,-0.3010733781438706,,,cuVSLAM,,
1498,1761212636359,-0.256584957242012,25.566376745700836,-8.344156667590141,-0.06914865403084118,-0.025983994199367637,-0.30530071704249806,,,cuVSLAM,,
1499,1761212636392,-3.2237786799669266,25.4200492054224,-8.305240422487259,-0.06761743820150119,-0.03083192939055622,-0.30580340810369266,,,cuVSLAM,,
1500,1761212636426,-5.577785894274712,24.530041962862015,-7.816741243004799,-0.06653625417041871,-0.034207462754711426,-0.3099683613732692,,,cuVSLAM,,
1501,1761212636459,-6.68148510158062,24.0333192050457,-7.825749926269054,-0.06659136942805771,-0.03686386658065936,-0.32352223441777617,,,cuVSLAM,,
1502,1761212636492,-6.549762561917305,23.02788384258747,-7.9742902889847755,-0.06572809716790635,-0.03715767955152685,-0.33266214647056724,,,cuVSLAM,,
1503,1761212636526,-6.2638018280267715,21.151017397642136,-7.640937343239784,-0.06399348458952105,-0.03631043727898032,-0.34075284446643633,,,cuVSLAM,,
1504,1761212636559,-5.884701386094093,19.662149250507355,-7.991171441972256,-0.06276604459080126,-0.03697129430860376,-0.3562175371076379,,,cuVSLAM,,
1505,1761212636592,-6.371213123202324,18.633315339684486,-7.64806242659688,-0.060449570537962086,-0.03794787722694025,-0.35971838136961504,,,cuVSLAM,,
1506,1761212636626,-8.557433262467384,15.176033601164818,-6.862787529826164,-0.05646120271879347,-0.040297649438752796,-0.3696382597240184,,,cuVSLAM,,
1507,1761212636659,-11.111920699477196,11.768586933612823,-7.2792102582752705,-0.0514665918146641,-0.04439975980011978,-0.37801229206529097,,,cuVSLAM,,
1508,1761212636692,-14.2888855189085,8.80604051053524,-6.757013965398073,-0.0454058860886631,-0.048136379264131744,-0.3743618207397257,,,cuVSLAM,,
1509,1761212636726,-17.323335632681847,5.036717280745506,-6.479831878095865,-0.0388206101468721,-0.051805407399122275,-0.37526881290971353,,,cuVSLAM,,
1510,1761212636759,-19.69185657799244,1.4572404325008392,-5.993843078613281,-0.03224434992445524,-0.054885360095305945,-0.3784762409743044,,,cuVSLAM,,
1511,1761212636792,-22.005250677466393,-3.026176244020462,-6.011641584336758,-0.02591257572636792,-0.056722958072661644,-0.37607549396430956,,,cuVSLAM,,
1512,1761212636825,-22.73230068385601,-7.511865347623825,-5.643085576593876,-0.019177940219654875,-0.05663336730101533,-0.378483670213049,,,cuVSLAM,,
1513,1761212636859,-22.75472693145275,-11.823745444417,-5.202390719205141,-0.01289702611602243,-0.055324981586592534,-0.3808141555351006,,,cuVSLAM,,
1514,1761212636892,-22.749075666069984,-15.89546725153923,-5.276629701256752,-0.007526539928103293,-0.053886264506901344,-0.37849448273942315,,,cuVSLAM,,
1515,1761212636925,-22.156095132231712,-18.674660474061966,-4.980230703949928,-0.0033227701326275865,-0.05224671666534505,-0.37919825398808293,,,cuVSLAM,,
1516,1761212636959,-21.443909034132957,-20.60561627149582,-5.380169954150915,-0.0005308216772683224,-0.0510284527022644,-0.3835369734314032,,,cuVSLAM,,
1517,1761212636992,-20.488319918513298,-21.86427265405655,-5.0794994458556175,0.0007804308868454863,-0.049477145425694466,-0.38796288586296773,,,cuVSLAM,,
1518,1761212637025,-19.84713412821293,-22.015616297721863,-4.801270551979542,0.0009312242146219075,-0.04845629898434729,-0.39033499685021483,,,cuVSLAM,,
1519,1761212637059,-19.06430535018444,-21.346915513277054,-4.7097960487008095,-0.00016598731471591377,-0.047820389815591446,-0.3937807131785697,,,cuVSLAM,,
1520,1761212637092,-18.748825415968895,-20.422592759132385,-4.532941617071629,-0.002077035632065031,-0.047152239423175375,-0.3923946052566289,,,cuVSLAM,,
1521,1761212637125,-17.362596467137337,-18.359016627073288,-4.4517298229038715,-0.004782503809380732,-0.045795431782545394,-0.3928547800985606,,,cuVSLAM,,
1522,1761212637159,-15.538057312369347,-16.476640477776527,-4.90329135209322,-0.008162815130194073,-0.04374145116657286,-0.3924878679524498,,,cuVSLAM,,
1523,1761212637192,-13.366667553782463,-14.97928611934185,-5.025485064834356,-0.011429508338357342,-0.040754106100591984,-0.3921396251025223,,,cuVSLAM,,
1524,1761212637225,-11.274697259068489,-14.077361673116684,-5.736350547522306,-0.01427208400824151,-0.0378766939379712,-0.39393997331043895,,,cuVSLAM,,
1525,1761212637259,-8.457565680146217,-12.827649712562561,-5.614360794425011,-0.016201998937738604,-0.03418970057647436,-0.3941439373652629,,,cuVSLAM,,
1526,1761212637292,-5.887618288397789,-12.462176382541656,-5.6845988146960735,-0.017102894607327807,-0.030475097994730672,-0.39189206403510835,,,cuVSLAM,,
1527,1761212637325,-3.545215353369713,-12.9789337515831,-6.1895097605884075,-0.01664653087988974,-0.027135876956145385,-0.39243623508961245,,,cuVSLAM,,
1528,1761212637358,-1.4905352145433426,-14.052972197532654,-6.431475281715393,-0.015714203879045454,-0.02382407205013854,-0.39247240782148424,,,cuVSLAM,,
1529,1761212637392,0.3811810165643692,-14.94809240102768,-6.239378824830055,-0.01454568488287812,-0.020691380626675603,-0.38988861746992426,,,cuVSLAM,,
1530,1761212637425,1.7492976039648056,-15.704074874520302,-6.085658445954323,-0.013322239700476461,-0.018329428407649465,-0.3918212975095618,,,cuVSLAM,,
1531,1761212637458,2.7750153094530106,-16.043439507484436,-6.238501984626055,-0.012846386221688854,-0.017346630788474877,-0.39443855332319006,,,cuVSLAM,,
1532,1761212637492,3.017948940396309,-15.781102702021599,-5.641111172735691,-0.013086009707381838,-0.017258754813320783,-0.3960880245871808,,,cuVSLAM,,
1533,1761212637525,2.318216487765312,-15.81626944243908,-5.726849660277367,-0.013673701465806489,-0.01819602839188775,-0.4000819622081424,,,cuVSLAM,,
1534,1761212637558,2.469753846526146,-15.712803229689598,-5.314862821251154,-0.014171688895153035,-0.018376359934259835,-0.40751325055825366,,,cuVSLAM,,
1535,1761212637592,2.8651952743530273,-15.703244134783745,-5.867710802704096,-0.014640191299002759,-0.01832004668445175,-0.4100505252295447,,,cuVSLAM,,
1536,1761212637625,2.839997410774231,-16.499442979693413,-6.436418741941452,-0.014793474108598647,-0.01761823498682618,-0.41008858079645943,,,cuVSLAM,,
1537,1761212637658,4.658671095967293,-15.949243679642677,-5.569932051002979,-0.015106922408404949,-0.015430901608802611,-0.414120433165876,,,cuVSLAM,,
1538,1761212637692,5.6837741285562515,-15.727326273918152,-5.7419296354055405,-0.015873545767516914,-0.014304437115185314,-0.4164230109042097,,,cuVSLAM,,
1539,1761212637725,5.760662257671356,-15.695486217737198,-6.474712863564491,-0.017513703207076185,-0.013907208329315844,-0.41517592214585997,,,cuVSLAM,,
1540,1761212637758,6.880143657326698,-13.523133471608162,-6.800211034715176,-0.020136029419685283,-0.013212890820541598,-0.4151523678744918,,,cuVSLAM,,
1541,1761212637791,8.055958896875381,-10.81077940762043,-6.171547807753086,-0.02355202775298567,-0.012180250524686227,-0.416646154998992,,,cuVSLAM,,
1542,1761212637825,8.41539353132248,-8.704988285899162,-7.234807591885328,-0.027707264696308298,-0.012661566314613891,-0.4175950920999567,,,cuVSLAM,,
1543,1761212637858,9.018244221806526,-5.290083587169647,-7.309844251722097,-0.03258631294369434,-0.012679354386661927,-0.4161365937468404,,,cuVSLAM,,
1544,1761212637891,9.361432865262032,-2.0982101559638977,-7.51169491559267,-0.037611837081232224,-0.013091102751459327,-0.41460044533709994,,,cuVSLAM,,
1545,1761212637925,9.70778800547123,1.1000968515872955,-7.490223273634911,-0.042542080971388764,-0.01353155118982301,-0.4168291788523685,,,cuVSLAM,,
1546,1761212637958,9.836358949542046,3.8770856335759163,-7.703416049480438,-0.04720654451536994,-0.013748099358941423,-0.41473478095242267,,,cuVSLAM,,
1547,1761212637992,10.47155074775219,7.4070291593670845,-7.886340841650963,-0.05101406791158089,-0.013430927398425179,-0.4042363232568025,,,cuVSLAM,,
1548,1761212638025,10.379007086157799,8.681384846568108,-7.773234508931637,-0.053660444901693354,-0.013445564236716206,-0.40333045549609275,,,cuVSLAM,,
1549,1761212638058,9.91378165781498,8.378945291042328,-8.598478510975838,-0.054702033467178536,-0.014547939962759323,-0.41104825612350043,,,cuVSLAM,,
1550,1761212638092,9.79231484234333,8.57521966099739,-7.915886119008064,-0.05418725581295682,-0.015179245432724801,-0.41460791711331585,,,cuVSLAM,,
1551,1761212638125,9.016541764140129,7.672980427742004,-7.952028885483742,-0.05284295803898098,-0.016348116590227394,-0.416900048985214,,,cuVSLAM,,
1552,1761212638158,8.182015269994736,6.725782062858343,-8.162861689925194,-0.05155595462228117,-0.01748809908715161,-0.4199823188761585,,,cuVSLAM,,
1553,1761212638192,7.6565127819776535,5.91280497610569,-7.903816178441048,-0.05094759164669641,-0.018158896089819625,-0.42394486370842327,,,cuVSLAM,,
1554,1761212638225,7.537189871072769,5.653958767652512,-8.187820203602314,-0.05067061219012805,-0.01893200340073767,-0.42834835742175703,,,cuVSLAM,,
1555,1761212638258,7.670355960726738,5.514306016266346,-7.52628780901432,-0.05043416182798227,-0.018639737042007685,-0.4304376735318711,,,cuVSLAM,,
1556,1761212638292,7.780931890010834,5.689384415745735,-7.936141453683376,-0.050647288226664644,-0.018944088343518788,-0.4340059282911785,,,cuVSLAM,,
1557,1761212638325,7.928844541311264,6.017647683620453,-7.635984569787979,-0.05085563336096793,-0.019172578662434905,-0.43659332720881405,,,cuVSLAM,,
1558,1761212638358,7.323209196329117,5.648721009492874,-7.924194447696209,-0.050847595378465275,-0.02014113366862725,-0.4402641612795573,,,cuVSLAM,,
1559,1761212638392,10.995465330779552,8.443040773272514,-0.896473356988281,-0.04962522830052069,-0.01590547308536164,-0.44866785077852117,,,cuVSLAM,,
1560,1761212638425,11.034853756427765,8.28729011118412,-0.9999871253967285,-0.04921862090937804,-0.01613719562618937,-0.45058332962146247,,,cuVSLAM,,
1561,1761212638459,11.065086349844933,8.107179775834084,-1.0329998331144452,-0.049065647604757866,-0.016180556278608788,-0.4514360883728232,,,cuVSLAM,,
1562,1761212638492,11.371595785021782,7.53408158197999,-0.8164827013388276,-0.04901127683223878,-0.015914151721130008,-0.4591183791984028,,,cuVSLAM,,
1563,1761212638525,11.833840981125832,7.03064352273941,-1.401162939146161,-0.04900364386076042,-0.015954344298778303,-0.46629404343086284,,,cuVSLAM,,
1564,1761212638559,12.246273458003998,7.0591033436357975,-1.380740199238062,-0.04904842733222309,-0.015492260718461978,-0.4677521858377766,,,cuVSLAM,,
1565,1761212638592,12.453898787498474,6.705630104988813,-1.4118502149358392,-0.0489631785752931,-0.01498363765167421,-0.4691865277888226,,,cuVSLAM,,
1566,1761212638625,12.972677126526833,6.600053049623966,-1.203608699142933,-0.04881158216730481,-0.01439714400382577,-0.470998157188141,,,cuVSLAM,,
1567,1761212638659,12.958850711584091,6.6666752099990845,-1.1504043359309435,-0.048506215813866,-0.013815519730113803,-0.46334052003813264,,,cuVSLAM,,
1568,1761212638692,12.755454517900944,6.72120600938797,-1.3014449505135417,-0.04813500822428851,-0.013441509572401387,-0.45425620074098133,,,cuVSLAM,,
1569,1761212638725,12.78932485729456,6.56478526070714,-1.1037737131118774,-0.04799709920576692,-0.01324977962146324,-0.4551258345369706,,,cuVSLAM,,
1570,1761212638759,12.967568822205067,6.512639112770557,-1.1818415950983763,-0.04807709461553282,-0.013268909460274775,-0.4588071419886423,,,cuVSLAM,,
1571,1761212638792,12.7307940274477,7.306857034564018,-1.195654971525073,-0.048014034669482425,-0.012905592977736451,-0.4458408289956597,,,cuVSLAM,,
1572,1761212638826,12.392937205731869,7.333517540246248,-0.9609477128833532,-0.047766200050414785,-0.012341858256526644,-0.4331974169137239,,,cuVSLAM,,
1573,1761212638859,12.275271117687225,7.5709642842411995,-0.7901955978013575,-0.04754530428627868,-0.012042758418593603,-0.427242334852071,,,cuVSLAM,,
1574,1761212638892,11.883918195962906,7.912737317383289,-0.5970698548480868,-0.04730382899727128,-0.011790978884465512,-0.41531528609693963,,,cuVSLAM,,
1575,1761212638926,11.252814903855324,8.263406343758106,-0.6343540735542774,-0.0469618337335692,-0.011984206115838239,-0.40395395717988886,,,cuVSLAM,,
1576,1761212638959,10.867426171898842,8.593959733843803,-0.23008312564343214,-0.0465273586467377,-0.012257658041642971,-0.3973766099114639,,,cuVSLAM,,
1577,1761212638992,10.23132260888815,9.601890109479427,0.10950438445433974,-0.04612174085809817,-0.012588254474879303,-0.38235295428647426,,,cuVSLAM,,
1578,1761212639025,9.085146710276604,10.397456586360931,0.32178667606785893,-0.04527856492184374,-0.01305155954005744,-0.3599704439700761,,,cuVSLAM,,
1579,1761212639059,7.725960575044155,10.778568685054779,0.23772736312821507,-0.04454558843391628,-0.01367818164367906,-0.341393539439715,,,cuVSLAM,,
1580,1761212639092,6.933585274964571,11.184459552168846,0.656988297123462,-0.04404767366046486,-0.013776046795372934,-0.32612872248927754,,,cuVSLAM,,
1581,1761212639125,6.504575721919537,12.980101630091667,0.8781924261711538,-0.043963528196774404,-0.013395174145072256,-0.3036652100713653,,,cuVSLAM,,
1582,1761212639159,5.461693275719881,13.749360106885433,0.3948098164983094,-0.04364396923637244,-0.013350834287699294,-0.27795790459358266,,,cuVSLAM,,
1583,1761212639192,4.903866909444332,14.695505611598492,-0.03308383747935295,-0.04362361970028755,-0.01322592785159624,-0.25797797968596203,,,cuVSLAM,,
1584,1761212639225,4.045501817017794,15.718333423137665,0.42767595732584596,-0.0433777670982168,-0.012535908691299153,-0.23496964449000202,,,cuVSLAM,,
1585,1761212639259,3.27542657032609,16.33133739233017,0.8700818871147931,-0.0429285138770775,-0.011910501662056604,-0.211877386548361,,,cuVSLAM,,
1586,1761212639292,2.2936351597309113,17.154179513454437,0.49555423902347684,-0.042711179109525946,-0.01185338707842837,-0.1886848087452549,,,cuVSLAM,,
1587,1761212639325,1.313033513724804,18.80260929465294,1.6874570865184069,-0.042370896010829204,-0.010814235843800526,-0.15830587924327094,,,cuVSLAM,,
1588,1761212639359,-0.23617688566446304,21.651022136211395,-0.09882420999929309,-0.04261346554854108,-0.01161469027669634,-0.12671772392001054,,,cuVSLAM,,
1589,1761212639392,-2.4390453472733498,18.543696030974388,-0.24953269166871905,-0.04164948494349428,-0.011397733699821935,-0.10300844219539217,,,cuVSLAM,,
1590,1761212639425,-2.9239384457468987,17.65688881278038,0.4856059676967561,-0.040902776518041535,-0.01061752124773895,-0.09526597707840227,,,cuVSLAM,,
1591,1761212639459,-3.3302726224064827,17.319651320576668,0.5311957211233675,-0.04104387604646437,-0.010413925280963876,-0.0919860709371642,,,cuVSLAM,,
1592,1761212639492,-3.361361101269722,17.891775816679,0.9990001562982798,-0.04121938677515567,-0.010322216296920792,-0.08854588142260936,,,cuVSLAM,,
1593,1761212639525,-3.429966978728771,17.567824572324753,0.9367023012600839,-0.04098083292580558,-0.010622427759985512,-0.09052579850172016,,,cuVSLAM,,
1594,1761212639559,-2.7411803603172302,17.026230692863464,0.30252482974901795,-0.04057095253191932,-0.011469809271524247,-0.1062416735366345,,,cuVSLAM,,
1595,1761212639592,-0.864093191921711,15.518151223659515,3.786572255194187,-0.04003831567714344,-0.009557268731713883,-0.13596383545078686,,,cuVSLAM,,
1596,1761212639625,0.4835892468690872,14.592701569199562,3.226639237254858,-0.04059968261004871,-0.01007756616486561,-0.1733344063724444,,,cuVSLAM,,
1597,1761212639658,3.0716871842741966,14.322686940431595,4.194667097181082,-0.04094772974109679,-0.009730863857761531,-0.21655835218761915,,,cuVSLAM,,
1598,1761212639692,4.8453668132424355,12.495268136262894,3.8406592793762684,-0.041359160152066574,-0.010761434727431983,-0.26677835972579106,,,cuVSLAM,,
1599,1761212639725,7.052420172840357,10.965010151267052,2.904533874243498,-0.04185184355157285,-0.011942848363353593,-0.3193065386877734,,,cuVSLAM,,
1600,1761212639758,8.023345842957497,6.70434907078743,2.2347895428538322,-0.04209297947550084,-0.012659222662381812,-0.36301524320627543,,,cuVSLAM,,
1601,1761212639792,7.837327197194099,1.763720065355301,1.879401272162795,-0.04201415991372978,-0.013494271832840308,-0.40659275681613377,,,cuVSLAM,,
1602,1761212639825,8.358762599527836,-2.707701176404953,-0.14762155478820205,-0.04204530802171236,-0.015349613656438794,-0.4589157436397304,,,cuVSLAM,,
1603,1761212639858,10.262521915137768,-5.320402793586254,-1.5419339761137962,-0.04259732192743356,-0.016414842843162802,-0.5115449267469222,,,cuVSLAM,,
1604,1761212639892,10.769725777208805,-8.552178740501404,-1.60445726942271,-0.04312084830059289,-0.017092688318668486,-0.5654423706056975,,,cuVSLAM,,
1605,1761212639925,16.243038699030876,-2.2272763308137655,0.10552429012022913,-0.045175630313425,-0.016374682443170686,-0.6288053863946754,,,cuVSLAM,,
1606,1761212639958,18.149815499782562,-4.346165806055069,-1.0578377405181527,-0.04618542401759195,-0.018008477674939204,-0.6853448167175864,,,cuVSLAM,,
1607,1761212639992,19.004754722118378,-6.820693612098694,-0.8879317902028561,-0.04672145688168217,-0.018840796171922126,-0.7351299562918049,,,cuVSLAM,,
1608,1761212640025,20.632395520806313,-8.458406664431095,-1.7037458019331098,-0.04719445402518618,-0.020136022900325967,-0.7825190758388837,,,cuVSLAM,,
1609,1761212640058,21.934615448117256,-10.516239330172539,-1.8142963526770473,-0.04741637147716632,-0.020561044008874266,-0.8247625979158929,,,cuVSLAM,,
1610,1761212640092,22.063197568058968,-12.855255976319313,-2.0296049769967794,-0.047785180893546,-0.021223385503087437,-0.8630188420178961,,,cuVSLAM,,
1611,1761212640125,20.66480740904808,-16.34499803185463,0.31098377075977623,-0.04775590573290636,-0.0205202386290309,-0.899710691977569,,,cuVSLAM,,
1612,1761212640158,20.877655595541,-18.481869250535965,1.263941521756351,-0.04811755168651117,-0.02040468810655561,-0.9353754210040012,,,cuVSLAM,,
1613,1761212640192,20.609518513083458,-21.0455060005188,1.2746284483000636,-0.04835808347958834,-0.020919733113409063,-0.9693843608854097,,,cuVSLAM,,
1614,1761212640225,19.20449174940586,-22.48118445277214,1.514966948889196,-0.0491004065111191,-0.021360143095033368,-1.0050566722276935,,,cuVSLAM,,
1615,1761212640258,18.41794326901436,-23.95724132657051,-0.171301158843562,-0.04955049802418094,-0.023117220891752107,-1.0435006540316523,,,cuVSLAM,,
1616,1761212640292,17.972659319639206,-26.047274470329285,-0.24227923131547868,-0.04979410101796412,-0.023687609267972365,-1.0819300677906034,,,cuVSLAM,,
1617,1761212640325,18.223296850919724,-28.800377622246742,0.0034763070289045572,-0.04973657977582169,-0.024099773793112088,-1.1185516069351535,,,cuVSLAM,,
1618,1761212640358,17.849206924438477,-30.699212104082108,0.11700528557412326,-0.05028573652071633,-0.02469166594524464,-1.155755495457553,,,cuVSLAM,,
1619,1761212640391,17.684105783700943,-33.457156270742416,-0.2071518829325214,-0.05017788396549282,-0.025526231690610003,-1.190685021526318,,,cuVSLAM,,
1620,1761212640425,17.700456082820892,-35.58194637298584,-0.2547136682551354,-0.05050640904030209,-0.026031847628527355,-1.2242477271927492,,,cuVSLAM,,
1621,1761212640458,17.08769053220749,-37.21722215414047,-0.15146458463277668,-0.05085137741822228,-0.026605295884053703,-1.2588510067148433,,,cuVSLAM,,
1622,1761212640491,16.95539802312851,-38.49278390407562,-0.5824759136885405,-0.05112509243992271,-0.027438751023387855,-1.2906866240022274,,,cuVSLAM,,
1623,1761212640525,16.457142308354378,-39.534829556941986,-0.8298854809254408,-0.05138904791207,-0.02820107875358028,-1.3164037819754515,,,cuVSLAM,,
1624,1761212640558,16.232265159487724,-40.57328402996063,-0.6358313839882612,-0.051507077785166805,-0.02831806054905476,-1.3389922591351093,,,cuVSLAM,,
1625,1761212640591,16.394011676311493,-41.732415556907654,-1.1430855374783278,-0.05138939615158045,-0.02838202787083284,-1.3565172007578254,,,cuVSLAM,,
1626,1761212640625,15.73191024363041,-42.61007532477379,-0.8940422558225691,-0.05125400023981977,-0.02765692378419853,-1.3642669316323477,,,cuVSLAM,,
1627,1761212640658,16.148237511515617,-42.762160301208496,-0.9979484602808952,-0.051204121820481945,-0.02726893522073693,-1.3643665753900338,,,cuVSLAM,,
1628,1761212640691,16.388840973377228,-42.34771430492401,-1.1037959484383464,-0.05128232119485884,-0.02714329635304166,-1.3594619586066947,,,cuVSLAM,,
1629,1761212640725,16.04023389518261,-41.86013340950012,-0.8117413381114602,-0.05134164413744251,-0.02694565206725724,-1.345892799813605,,,cuVSLAM,,
1630,1761212640758,16.423972323536873,-41.13449528813362,-0.4880590131506324,-0.051432430884255,-0.026410798817881248,-1.322042564710444,,,cuVSLAM,,
1631,1761212640791,16.589773818850517,-39.58249092102051,-0.5697261658497155,-0.05159150937649864,-0.026143109027583426,-1.2913637946312884,,,cuVSLAM,,
1632,1761212640825,17.426837235689163,-37.40644082427025,-0.4912458243779838,-0.05155565983057507,-0.02562631056238677,-1.2565028767836848,,,cuVSLAM,,
1633,1761212640858,17.717795446515083,-35.17412766814232,-0.8182998280972242,-0.05147920068593387,-0.025563168719352304,-1.2188144970184756,,,cuVSLAM,,
1634,1761212640891,16.94589853286743,-33.16507861018181,-0.25675937649793923,-0.051245778591806436,-0.025801793880157683,-1.1861084290427473,,,cuVSLAM,,
1635,1761212640925,18.168719485402107,-31.053639948368073,-0.4808990051969886,-0.05105868360700001,-0.02596639951271237,-1.1512177631499454,,,cuVSLAM,,
1636,1761212640958,18.618686124682426,-28.113866224884987,-0.5335427704267204,-0.050414192637151994,-0.025290507590602338,-1.1068843727668378,,,cuVSLAM,,
1637,1761212640991,18.753698095679283,-25.75317770242691,0.08404041000176221,-0.050000520084378317,-0.024088930000134717,-1.0612166199375346,,,cuVSLAM,,
1638,1761212641025,19.9408158659935,-21.760903298854828,-0.5995286628603935,-0.04985656994653065,-0.02353462005150736,-1.0122310843685398,,,cuVSLAM,,
1639,1761212641058,18.529174849390984,-19.40886303782463,-1.3181593967601657,-0.049190608061765985,-0.022934764561454442,-0.9524109133147048,,,cuVSLAM,,
1640,1761212641092,19.015168771147728,-16.623128205537796,-0.8073235512711108,-0.04860972378836999,-0.021978037986401574,-0.8929484417074016,,,cuVSLAM,,
1641,1761212641125,15.804633498191833,-14.55572433769703,-0.5717289168387651,-0.04802798673738074,-0.021705578214508643,-0.8345581010965182,,,cuVSLAM,,
1642,1761212641158,13.644911348819733,-11.842526495456696,1.6750033246353269,-0.04719937480855244,-0.019734385784621302,-0.7718794456231018,,,cuVSLAM,,
1643,1761212641192,13.446502387523651,-8.856361731886864,1.417874125763774,-0.04705975003440905,-0.01914023283771606,-0.7152483151036845,,,cuVSLAM,,
1644,1761212641225,13.551746495068073,-5.483418237417936,-0.24885626044124365,-0.046967459106741896,-0.019388364885612977,-0.6683862141617277,,,cuVSLAM,,
1645,1761212641258,11.950860731303692,-3.853448200970888,0.40331081254407763,-0.04646267745327877,-0.018225265266332256,-0.620367123889822,,,cuVSLAM,,
1646,1761212641292,12.164630927145481,-0.4824432544410229,0.28036488220095634,-0.04615258344445482,-0.017251965791130336,-0.5700391255251993,,,cuVSLAM,,
1647,1761212641325,9.703774005174637,0.4445030353963375,0.28819573344662786,-0.04554408305687597,-0.016805516238569584,-0.5199505438233559,,,cuVSLAM,,
1648,1761212641358,8.418966084718704,2.859069500118494,0.16374513506889343,-0.04509197060655209,-0.016477473238866835,-0.4704600726789507,,,cuVSLAM,,
1649,1761212641392,5.720923654735088,3.0562267638742924,0.8263353956863284,-0.044307682212524166,-0.015703686089321413,-0.42112546760823594,,,cuVSLAM,,
1650,1761212641425,3.9734523743391037,4.403332713991404,0.9231464937329292,-0.04386619306323101,-0.01509944749431066,-0.37337089895971437,,,cuVSLAM,,
1651,1761212641459,3.9931824430823326,9.33479517698288,0.3567964886315167,-0.04376169064695783,-0.014609371012740612,-0.326310799086658,,,cuVSLAM,,
1652,1761212641492,3.3494653180241585,13.48922774195671,0.09221700020134449,-0.04356540911467265,-0.013854909278092978,-0.27564773629897826,,,cuVSLAM,,
1653,1761212641525,1.3186438009142876,14.815280213952065,-0.761625706218183,-0.04305046095030714,-0.013615322377063048,-0.22740690945240966,,,cuVSLAM,,
1654,1761212641559,-0.5813417956233025,16.33310876786709,-0.8911588229238987,-0.04233538426618417,-0.012976437270327846,-0.17986650920116753,,,cuVSLAM,,
1655,1761212641592,-1.6780057922005653,21.063227206468582,-0.8791047148406506,-0.041861477836051764,-0.01233763443151593,-0.13300597573550482,,,cuVSLAM,,
1656,1761212641625,-5.076703615486622,18.722988665103912,-1.5055646654218435,-0.04104189579841433,-0.012172730665244966,-0.08276029939332194,,,cuVSLAM,,
1657,1761212641659,-7.28235486894846,19.296152517199516,-2.451626118272543,-0.04047724597443545,-0.012059444997148103,-0.03463861367390228,,,cuVSLAM,,
1658,1761212641692,-10.178159922361374,18.692119047045708,-2.4128358345478773,-0.040211074788016936,-0.011386849448676082,0.01423890864072069,,,cuVSLAM,,
1659,1761212641725,-11.734348721802235,19.77856457233429,-1.3787331990897655,-0.03934794700363653,-0.010014098302730106,0.05683146209954125,,,cuVSLAM,,
1660,1761212641759,-12.732043862342834,21.433841437101364,-1.364280586130917,-0.03851571028547663,-0.009467937215611214,0.08864474371463194,,,cuVSLAM,,
1661,1761212641792,-13.667802326381207,21.933939307928085,-2.3761598858982325,-0.038072443191839375,-0.009642106344838629,0.11465787234185429,,,cuVSLAM,,
1662,1761212641826,-14.781496487557888,22.762944921851158,-2.889213850721717,-0.03786758416059471,-0.009631830299611033,0.13526946320941555,,,cuVSLAM,,
1663,1761212641859,-15.777816995978355,23.51687289774418,-3.0131572857499123,-0.03775043724667583,-0.009559678900206767,0.15060449315434357,,,cuVSLAM,,
1664,1761212641892,-16.45589992403984,23.97475205361843,-2.743756864219904,-0.03767039696907222,-0.009398785935138475,0.16207531721341545,,,cuVSLAM,,
1665,1761212641926,-16.793882474303246,24.045441299676895,-2.694631228223443,-0.03755826035063665,-0.009417013755181074,0.16738803182413212,,,cuVSLAM,,
1666,1761212641959,-16.798153519630432,23.909302428364754,-3.016413887962699,-0.0374598948183746,-0.009783837268942639,0.1660642279705626,,,cuVSLAM,,
1667,1761212641993,-16.427218914031982,23.85833114385605,-2.9192697256803513,-0.03748790041373723,-0.009899370402018288,0.15790568339720415,,,cuVSLAM,,
1668,1761212642026,-15.849610790610313,23.452354595065117,-3.059126203879714,-0.03784434678848896,-0.010036172138209374,0.1466311834036519,,,cuVSLAM,,
1669,1761212642059,-14.997955411672592,22.48459681868553,-2.6897366624325514,-0.03763382294964451,-0.010036096203680893,0.12949642937594488,,,cuVSLAM,,
1670,1761212642093,-13.652097433805466,21.062463521957397,-2.0398523192852736,-0.037369886856642394,-0.009802407992149079,0.1010208581450818,,,cuVSLAM,,
1671,1761212642126,-12.677986174821854,21.72461897134781,-2.9978072270751,-0.038120807035061,-0.01057494973564782,0.07466605779210833,,,cuVSLAM,,
1672,1761212642160,-11.024048551917076,19.711516797542572,-2.6995253283530474,-0.03836128836545855,-0.010606437154128236,0.04746318588654416,,,cuVSLAM,,
1673,1761212642193,-9.436910971999168,17.2063447535038,-2.109119901433587,-0.037986841039937366,-0.010646988561085792,0.008780092380753675,,,cuVSLAM,,
1674,1761212642226,-7.094558794051409,14.67172708362341,-1.4854813925921917,-0.037966875664687816,-0.010388062936208172,-0.037069142365603366,,,cuVSLAM,,
1675,1761212642260,-4.62765246629715,15.61293751001358,-0.022112857550382614,-0.0382569684213803,-0.009506138095705921,-0.08150122277250345,,,cuVSLAM,,
1676,1761212642293,-3.274286165833473,12.567569501698017,1.1474876664578915,-0.03856497454153207,-0.009216205284055732,-0.12469111298168627,,,cuVSLAM,,
1677,1761212642327,-1.9045555964112282,9.225759655237198,0.2553020603954792,-0.03868053616664938,-0.010408756659999237,-0.1697608935543865,,,cuVSLAM,,
1678,1761212642360,0.018747523427009583,8.834823966026306,-0.6589002441614866,-0.03944508458055634,-0.011416816608479314,-0.2106919480474639,,,cuVSLAM,,
1679,1761212642394,2.9413490556180477,11.560757644474506,-0.469349353807047,-0.04052233922718773,-0.011639973269076865,-0.2469776298048774,,,cuVSLAM,,
1680,1761212642427,3.7440131418406963,9.851332753896713,-0.5286876112222672,-0.04082484961366873,-0.01233743557708888,-0.28046500211616016,,,cuVSLAM,,
1681,1761212642460,5.100633017718792,8.792138658463955,-0.4724657628685236,-0.0412097787414975,-0.012966398591735574,-0.3201701545676291,,,cuVSLAM,,
1682,1761212642494,6.436480209231377,6.933480501174927,-1.252249930985272,-0.04171716611481598,-0.014067835911475908,-0.36324880929737524,,,cuVSLAM,,
1683,1761212642527,7.904363796114922,5.40692824870348,-1.5062830643728375,-0.042371301694985396,-0.014713067112942955,-0.4060195519865123,,,cuVSLAM,,
1684,1761212642561,9.593075141310692,4.014570266008377,-1.0211783228442073,-0.04310906147053761,-0.015064356768171491,-0.4524183722619211,,,cuVSLAM,,
1685,1761212642594,11.114371940493584,2.822430804371834,-1.5094517730176449,-0.04382273740396056,-0.016220607954747286,-0.5022095123759629,,,cuVSLAM,,
1686,1761212642627,11.428436264395714,-0.029394403100013733,0.08323884685523808,-0.04422169210941404,-0.016305660066682742,-0.5539644158500562,,,cuVSLAM,,
1687,1761212642661,12.116309255361557,-2.7015618979930878,1.6757312696427107,-0.04473711915883112,-0.016311741024392326,-0.6073238363740415,,,cuVSLAM,,
1688,1761212642694,12.106359004974365,-6.062713451683521,0.9186379611492157,-0.04522538059791363,-0.017985819983364605,-0.6621889009842005,,,cuVSLAM,,
1689,1761212642728,13.622993603348732,-7.74033647030592,0.8695421274751425,-0.046195116011456754,-0.01874788994973379,-0.7174173236064117,,,cuVSLAM,,
1690,1761212642761,14.076119288802147,-11.493532918393612,-0.1551811583340168,-0.04651582310049202,-0.019659864008102396,-0.7629692375660139,,,cuVSLAM,,
1691,1761212642794,15.634020790457726,-12.881745584309101,-0.05835865158587694,-0.04674409145838858,-0.019328781615894818,-0.8001664514955023,,,cuVSLAM,,
1692,1761212642828,16.41269400715828,-14.999392442405224,-0.2858622174244374,-0.04680680192792655,-0.019207916071936875,-0.8292817248016524,,,cuVSLAM,,
1693,1761212642861,15.702927485108376,-16.482457518577576,-0.6846229080110788,-0.046981817435010884,-0.020063012311694602,-0.8601353800691198,,,cuVSLAM,,
1694,1761212642895,15.864033252000809,-17.99122244119644,-0.422396493377164,-0.047536843208898456,-0.02081489623516034,-0.8981590227441263,,,cuVSLAM,,
1695,1761212642928,16.49017073214054,-19.421201199293137,-0.2519060217309743,-0.0478582400571924,-0.021315484239229573,-0.9372217304114614,,,cuVSLAM,,
1696,1761212642961,17.179060727357864,-21.079689264297485,0.4246743337716907,-0.0482524862760622,-0.021574462139911908,-0.9766918676766035,,,cuVSLAM,,
1697,1761212642995,18.218424171209335,-22.51090481877327,0.6404641317203641,-0.04866948890778368,-0.022006309916457734,-1.0167952751771498,,,cuVSLAM,,
1698,1761212643028,18.906062468886375,-25.131288915872574,-0.06263682735152543,-0.04887906992880759,-0.02278027329862143,-1.0517317014816843,,,cuVSLAM,,
1699,1761212643061,19.973361864686012,-28.408365324139595,-0.35954726627096534,-0.04972785135264477,-0.02280643627077486,-1.0824996102010023,,,cuVSLAM,,
1700,1761212643095,20.258905366063118,-30.362458899617195,-0.7633480709046125,-0.04988481849765132,-0.023345676802163914,-1.1098953139857675,,,cuVSLAM,,
1701,1761212643128,20.070169121026993,-31.872034072875977,-0.1664214360062033,-0.050130286412947735,-0.023449502908430824,-1.1357654570063656,,,cuVSLAM,,
1702,1761212643162,19.74138244986534,-33.012136816978455,-0.5981452413834631,-0.05043987993083261,-0.024011523862805587,-1.1557322075500216,,,cuVSLAM,,
1703,1761212643195,19.509701058268547,-33.69641304016113,-0.8453635964542627,-0.05044789461185748,-0.02380262935914956,-1.1629478925796417,,,cuVSLAM,,
1704,1761212643228,20.1561339199543,-33.61346945166588,-0.4439242766238749,-0.05015864034010367,-0.022636637424765682,-1.1561139192460983,,,cuVSLAM,,
1705,1761212643262,20.598478615283966,-32.69847482442856,-0.2543881710153073,-0.04992163640826022,-0.021988271433749908,-1.1382675486130167,,,cuVSLAM,,
1706,1761212643295,20.91600000858307,-31.278222799301147,-0.457120593637228,-0.050017215752593346,-0.02163248931920971,-1.113123847600015,,,cuVSLAM,,
1707,1761212643328,21.238770335912704,-29.94614467024803,1.1694594286382198,-0.04997947402955215,-0.019285298768681007,-1.0745305190369052,,,cuVSLAM,,
1708,1761212643362,24.78090114891529,-25.41586197912693,-1.7448756843805313,-0.04986974764044841,-0.0195544429124077,-1.028413358042002,,,cuVSLAM,,
1709,1761212643395,22.339187562465668,-24.16161261498928,-0.1290609798161313,-0.04972277795172864,-0.017794809775729534,-0.9809546006019052,,,cuVSLAM,,
1710,1761212643428,21.941160783171654,-22.05779403448105,-0.43467796058394015,-0.0496448187939482,-0.017314389360321134,-0.938691387417859,,,cuVSLAM,,
1711,1761212643462,20.993651822209358,-20.245764404535294,-0.2729938132688403,-0.04920895518091276,-0.01656380686187392,-0.8983798977579773,,,cuVSLAM,,
1712,1761212643495,21.12826332449913,-18.073193728923798,-0.27060863794758916,-0.048800072160228296,-0.01608765637370317,-0.864721361608335,,,cuVSLAM,,
1713,1761212643529,20.363526418805122,-16.893252730369568,-0.7344951736740768,-0.04838222888163609,-0.016218487262512595,-0.8372553244972621,,,cuVSLAM,,
1714,1761212643562,20.01236006617546,-15.934079885482788,-0.38414879236370325,-0.04806163601444596,-0.015823289909049087,-0.8139610316235021,,,cuVSLAM,,
1715,1761212643595,19.865721464157104,-14.254321344196796,0.0962560879997909,-0.04758097243049023,-0.015219614048233266,-0.7861974993171814,,,cuVSLAM,,
1716,1761212643629,20.212329924106598,-12.138731777668,-0.7070587016642094,-0.047356728514093525,-0.015493067905059258,-0.7576580867245687,,,cuVSLAM,,
1717,1761212643662,19.711527973413467,-10.408518835902214,0.3766989684663713,-0.04724364812104836,-0.014764074078055143,-0.7282593243982491,,,cuVSLAM,,
1718,1761212643695,21.12688682973385,-6.439613178372383,1.813078299164772,-0.04691618319771557,-0.013184301237711095,-0.6827634433677133,,,cuVSLAM,,
1719,1761212643729,19.14231851696968,-3.9500221610069275,0.8573742234148085,-0.04642215918548621,-0.013226629292007843,-0.6237219627437243,,,cuVSLAM,,
1720,1761212643762,16.631629317998886,-3.1268130987882614,0.4469813429750502,-0.04630936227141986,-0.013242899219260194,-0.5808687992615708,,,cuVSLAM,,
1721,1761212643796,16.184989362955093,-1.203412190079689,0.8736397721804678,-0.046299719155142735,-0.012979362707924238,-0.5523754905370113,,,cuVSLAM,,
1722,1761212643829,15.367466025054455,-0.41836127638816833,1.744139939546585,-0.04635269743647132,-0.012420538955603029,-0.5296760666178598,,,cuVSLAM,,
1723,1761212643862,15.262757427990437,-0.0713597983121872,2.258805325254798,-0.0463735356990034,-0.01211155609990612,-0.5210695188526892,,,cuVSLAM,,
1724,1761212643896,15.093958005309105,-0.02601929008960724,2.465007593855262,-0.046462931945068286,-0.01197486825447555,-0.5213945239203789,,,cuVSLAM,,
1725,1761212643929,12.95524276793003,-1.986159011721611,2.1860674023628235,-0.0464069525459842,-0.012352197952232028,-0.5227152917541399,,,cuVSLAM,,
1726,1761212643962,11.589452624320984,-3.5903602838516235,2.3563739378005266,-0.04608604790829589,-0.012566032837911818,-0.5264409190989019,,,cuVSLAM,,
1727,1761212643996,11.127089150249958,-4.531204700469971,2.820009831339121,-0.04595866111904041,-0.012588841068150405,-0.5339917532356242,,,cuVSLAM,,
1728,1761212644029,12.150965631008148,-4.2387861758470535,2.323521999642253,-0.046038303024188716,-0.012875498762780045,-0.5402091560434902,,,cuVSLAM,,
1729,1761212644062,12.289016507565975,-4.37658466398716,2.718189498409629,-0.04568723066044299,-0.012609451716888546,-0.5406903857072852,,,cuVSLAM,,
1730,1761212644096,12.067392468452454,-4.525620490312576,2.7102187741547823,-0.04548101464521491,-0.012626747119907987,-0.54226864545427,,,cuVSLAM,,
1731,1761212644129,11.90003752708435,-5.148876458406448,2.9184273444116116,-0.04537518096416927,-0.012585577309605878,-0.5476129352289221,,,cuVSLAM,,
1732,1761212644162,11.845347471535206,-5.564438179135323,2.590210409834981,-0.04538403040400025,-0.01289972263825167,-0.5544858835209409,,,cuVSLAM,,
1733,1761212644196,12.383265420794487,-5.803776904940605,2.9411683790385723,-0.045456349132689255,-0.01262045300486061,-0.5609985008207433,,,cuVSLAM,,
1734,1761212644229,13.023260980844498,-5.656197667121887,3.094740677624941,-0.04554369785990547,-0.012348009218409622,-0.5655406496859848,,,cuVSLAM,,
1735,1761212644262,12.79679499566555,-5.860432982444763,2.353640040382743,-0.04564094576125736,-0.012807430534425263,-0.5669829993528778,,,cuVSLAM,,
1736,1761212644296,12.695168145000935,-6.021358072757721,2.7304477989673615,-0.045684324879924514,-0.012679015315929661,-0.5675050488762542,,,cuVSLAM,,
1737,1761212644329,12.619132176041603,-6.0104429721832275,3.101765876635909,-0.04575593258560246,-0.012672835800210504,-0.5679182676887561,,,cuVSLAM,,
1738,1761212644362,12.205881997942924,-5.956096574664116,2.3084799759089947,-0.04599171091752228,-0.013373815471605904,-0.5689241965283661,,,cuVSLAM,,
1739,1761212644396,12.06581573933363,-6.157368421554565,2.932382747530937,-0.04589632205618118,-0.013127912823252423,-0.5703743832098875,,,cuVSLAM,,
1740,1761212644429,12.183301150798798,-6.154386326670647,2.330923918634653,-0.045945247248562325,-0.013464101857130359,-0.5723483807228541,,,cuVSLAM,,
1741,1761212644462,12.64839805662632,-6.167182698845863,2.413651207461953,-0.04586064043120261,-0.013188705296898284,-0.5746445986679279,,,cuVSLAM,,
1742,1761212644495,12.347914278507233,-6.497934460639954,2.231764141470194,-0.045543991063339374,-0.013247231480267147,-0.5753416502728951,,,cuVSLAM,,
1743,1761212644529,11.929765343666077,-7.047496736049652,2.325912704691291,-0.04528806942182576,-0.013316607065909291,-0.5758974944288662,,,cuVSLAM,,
1744,1761212644562,12.064613401889801,-6.950097158551216,1.9093835726380348,-0.04511718611689712,-0.01357887850718947,-0.5778521934196834,,,cuVSLAM,,
1745,1761212644595,12.309486977756023,-7.053753361105919,2.421162324026227,-0.04459091415262369,-0.013427159798127928,-0.5806378916339812,,,cuVSLAM,,
1746,1761212644629,11.92186027765274,-7.519764825701714,2.5037075392901897,-0.044233592606494315,-0.013671174359217197,-0.5839749384345099,,,cuVSLAM,,
1747,1761212644662,12.138706631958485,-7.801670581102371,2.937763463705778,-0.04385307991722752,-0.013743649263435515,-0.5880762026444754,,,cuVSLAM,,
1748,1761212644695,11.911273002624512,-8.2718376070261,2.925298409536481,-0.04358261337131635,-0.014059874848199377,-0.5915875489785571,,,cuVSLAM,,
1749,1761212644729,12.475372292101383,-7.984820753335953,2.74579506367445,-0.04344067530872175,-0.014343579928935377,-0.5946574977196879,,,cuVSLAM,,
1750,1761212644762,12.195935472846031,-8.35876353085041,2.6203589513897896,-0.0434229195548495,-0.014403791813187232,-0.5962337094698192,,,cuVSLAM,,
1751,1761212644795,12.408689595758915,-8.261678740382195,2.640630817040801,-0.04372552801370942,-0.014189764701689122,-0.5977181527559923,,,cuVSLAM,,
1752,1761212644829,12.27427925914526,-8.640279993414879,2.94398027472198,-0.04361980043075519,-0.01391496083088454,-0.5977885181725568,,,cuVSLAM,,
1753,1761212644862,12.251794338226318,-8.691422641277313,2.945036394521594,-0.043555371132422485,-0.013877221873600007,-0.5978302183618277,,,cuVSLAM,,
1754,1761212644895,11.935236863791943,-8.787613362073898,2.916294615715742,-0.04348198891473061,-0.014063113839283409,-0.5979471153272838,,,cuVSLAM,,
1755,1761212644929,11.98621280491352,-8.671406656503677,2.8557449113577604,-0.04351327274183441,-0.014147178796189895,-0.5981301184122398,,,cuVSLAM,,
1756,1761212644962,11.943228542804718,-8.691959083080292,2.468760125339031,-0.04353947744865319,-0.014414838521149848,-0.5982051985435969,,,cuVSLAM,,
1757,1761212644996,11.890528723597527,-8.488073945045471,1.950845355167985,-0.04364424791488579,-0.01481614224845149,-0.5990272073927236,,,cuVSLAM,,
1758,1761212645029,12.170378118753433,-8.559636771678925,2.575890626758337,-0.04363113554960786,-0.014358112066713538,-0.6009344291396904,,,cuVSLAM,,
1759,1761212645062,12.569434940814972,-8.60683061182499,2.420337637886405,-0.04368061665295458,-0.014268032492406784,-0.6032317928950277,,,cuVSLAM,,
1760,1761212645096,12.820539996027946,-8.614210411906242,2.226255601271987,-0.04369042547436404,-0.014209509911708617,-0.6056253816443377,,,cuVSLAM,,
1761,1761212645129,13.017533347010612,-8.733229711651802,1.8418175168335438,-0.04374316982807486,-0.014309032178976744,-0.6081974008404923,,,cuVSLAM,,
1762,1761212645162,12.93887011706829,-9.42094437777996,2.2667606826871634,-0.04362908808437959,-0.01401841806764766,-0.6097787832369302,,,cuVSLAM,,
1763,1761212645196,13.100434094667435,-9.235762059688568,2.188075101003051,-0.04360324135342212,-0.014021181205049416,-0.6115303923340011,,,cuVSLAM,,
1764,1761212645229,13.122502714395523,-9.481210261583328,2.240797970443964,-0.04363223271228526,-0.013787486572031776,-0.6123579837030612,,,cuVSLAM,,
1765,1761212645262,13.0379106849432,-9.719107300043106,1.8963050097227097,-0.043525111401215545,-0.014011750221978078,-0.6131748245964547,,,cuVSLAM,,
1766,1761212645296,13.074712827801704,-9.607715532183647,1.822174061089754,-0.043405230388096454,-0.014130161230272296,-0.6143010533858372,,,cuVSLAM,,
1767,1761212645329,13.046273961663246,-9.789682924747467,1.5296486672013998,-0.043473478843430315,-0.014175246755038525,-0.6149178383254705,,,cuVSLAM,,
1768,1761212645363,13.066471554338932,-10.193055495619774,2.334536984562874,-0.043433107090489614,-0.013580179787069224,-0.615754022131164,,,cuVSLAM,,
1769,1761212645396,13.45476508140564,-9.646130725741386,1.8897338304668665,-0.04352037533383225,-0.013922433587074578,-0.6168018076175054,,,cuVSLAM,,
1770,1761212645429,13.100073672831059,-9.89714078605175,1.9799135625362396,-0.04339652122321119,-0.014213965133411718,-0.6165667338058484,,,cuVSLAM,,
1771,1761212645463,12.90220208466053,-9.796950966119766,1.9276333041489124,-0.04341511131307428,-0.014473822701892496,-0.6165275743761396,,,cuVSLAM,,
1772,1761212645496,12.673433870077133,-9.938979521393776,1.9391432870179415,-0.04338504220306877,-0.014377192135494085,-0.6163596470966121,,,cuVSLAM,,
1773,1761212645529,12.700604274868965,-10.069651529192924,1.5011925715953112,-0.04346876537860278,-0.014399734177892344,-0.6163182681480628,,,cuVSLAM,,
1774,1761212645563,12.941999360918999,-9.985290467739105,1.3396076392382383,-0.043528910971531894,-0.014329433983762276,-0.6164506991372544,,,cuVSLAM,,
1775,1761212645596,12.988428585231304,-10.032538324594498,1.3786437921226025,-0.04348884397102785,-0.014139219647350798,-0.6164406066906565,,,cuVSLAM,,
1776,1761212645629,13.46110925078392,-10.11914573609829,1.1779449414461851,-0.04329831272402173,-0.013762836859686258,-0.616728068509687,,,cuVSLAM,,
1777,1761212645663,13.310883194208145,-10.508736595511436,1.0668241884559393,-0.043114287677956796,-0.013499156855084918,-0.6165170104820029,,,cuVSLAM,,
1778,1761212645696,13.402163051068783,-10.66877692937851,1.6893516294658184,-0.04305779524463455,-0.013084230485070798,-0.616289299034596,,,cuVSLAM,,
1779,1761212645730,13.64041119813919,-10.348813608288765,1.4934989158064127,-0.043297448634448205,-0.013261761411413251,-0.6164411245283355,,,cuVSLAM,,
1780,1761212645763,13.719306327402592,-10.190043598413467,1.423741690814495,-0.043382863097032404,-0.013311715443763406,-0.6165192622822591,,,cuVSLAM,,
1781,1761212645796,13.778271153569221,-10.092122480273247,1.2683328241109848,-0.04340899017458557,-0.013367060441959703,-0.6165747379157981,,,cuVSLAM,,
1782,1761212645830,13.74914962798357,-10.06605476140976,1.1421225499361753,-0.0433707018157213,-0.013408361550773589,-0.6165680075419128,,,cuVSLAM,,
1783,1761212645863,13.689209707081318,-10.198129341006279,1.3861865736544132,-0.04319799565016326,-0.013264769330064412,-0.6164198686134204,,,cuVSLAM,,
1784,1761212645896,13.481960631906986,-10.315291583538055,1.7596636898815632,-0.042910410270795875,-0.013398682325619807,-0.6161983192749048,,,cuVSLAM,,
1785,1761212645930,12.702472507953644,-10.33821702003479,1.5862167347222567,-0.042872386379545234,-0.014098557853439869,-0.6167724669796582,,,cuVSLAM,,
1786,1761212645963,12.972937896847725,-9.987737983465195,1.7739308532327414,-0.04310723815622088,-0.01401894378199328,-0.618471064238259,,,cuVSLAM,,
1787,1761212645997,13.142131268978119,-9.991863742470741,1.6044573858380318,-0.04318422257379265,-0.014015537418882297,-0.6185474434012355,,,cuVSLAM,,
1788,1761212646030,13.153012841939926,-10.194307193160057,1.4003114774823189,-0.04319359599594263,-0.013976283599743691,-0.6180187908751155,,,cuVSLAM,,
1789,1761212646064,13.226489536464214,-10.076664388179779,1.666876720264554,-0.04311563851255337,-0.013988169092118134,-0.6180279344968822,,,cuVSLAM,,
1790,1761212646097,13.409310951828957,-9.720642119646072,1.6454567667096853,-0.04309898332415323,-0.014416671723257049,-0.6182756799240613,,,cuVSLAM,,
1791,1761212646130,13.37205246090889,-9.777534753084183,1.673571765422821,-0.0430349483320443,-0.01452647717850043,-0.6181261121051462,,,cuVSLAM,,
1792,1761212646164,13.068917207419872,-10.218469426035881,1.6044394578784704,-0.042771861562699895,-0.014439118436875781,-0.6172403438438469,,,cuVSLAM,,
1793,1761212646197,13.532256707549095,-10.229658335447311,1.764750573784113,-0.042371973166393836,-0.014164016023158626,-0.6151994975554739,,,cuVSLAM,,
1794,1761212646231,13.868842273950577,-9.948890656232834,1.6802120953798294,-0.04207357066302786,-0.014032007549757034,-0.6123822107233582,,,cuVSLAM,,
