Frame,Timestamp,Translation_X,Translation_Y,Translation_Z,Rotation_X,Rotation_Y,Rotation_Z,Pose_Confidence,Tracking_State,Spatial_Memory,Odometry,Tracking_Fusion
0,1761211759140,0,0,0,0,0,0,,,cuVSLAM,,
1,1761211759173,0,0,0,0,0,0,,,cuVSLAM,33,
2,1761211759207,0,0,0,0,0,0,,,cuVSLAM,34,
3,1761211759240,0,0,0,0,0,0,,,cuVSLAM,33,
4,1761211759273,0,0,0,0,0,0,,,cuVSLAM,33,
5,1761211759307,0,0,0,0,0,0,,,cuVSLAM,34,
6,1761211759340,0,0,0,0,0,0,,,cuVSLAM,33,
7,1761211759373,0,0,0,0,0,0,,,cuVSLAM,33,
8,1761211759407,0,0,0,0,0,0,,,cuVSLAM,34,
9,1761211759440,0,0,0,0,0,0,,,cuVSLAM,33,
10,1761211759474,0,0,0,0,0,0,,,cuVSLAM,34,
11,1761211759507,0,0,0,0,0,0,,,cuVSLAM,33,
12,1761211759540,0,0,0,0,0,0,,,cuVSLAM,33,
13,1761211759574,0,0,0,0,0,0,,,cuVSLAM,34,
14,1761211759607,0,0,0,0,0,0,,,cuVSLAM,33,
15,1761211759641,0,0,0,0,0,0,,,cuVSLAM,34,
16,1761211759674,0,0,0,0,0,0,,,cuVSLAM,33,
17,1761211759707,0,0,0,0,0,0,,,cuVSLAM,33,
18,1761211759741,0,0,0,0,0,0,,,cuVSLAM,34,
19,1761211759774,0,0,0,0,0,0,,,cuVSLAM,33,
20,1761211759808,0,0,0,0,0,0,,,cuVSLAM,34,
21,1761211759841,0,0,0,0,0,0,,,cuVSLAM,33,
22,1761211759874,0,0,0,0,0,0,,,cuVSLAM,33,
23,1761211759908,0.172043219208717,0.129180029034615,-0.159983057528734,-1.3522803704681E-05,0.000185430048816584,-0.000187888740399253,,,cuVSLAM,34,
24,1761211759941,0.187104567885399,0.20447003771551,-0.233271130127832,-0.000261317913354263,0.000287875493735613,-0.000166580090742908,,,cuVSLAM,33,
25,1761211759975,0.0764820433687419,0.274146033916622,-0.236707273870707,-0.000686615737026849,0.000275235589221873,-4.80934365170436E-05,,,cuVSLAM,34,
26,1761211760008,0.0545829243492335,0.246169103775173,-0.269256997853518,-0.00075505992039826,0.000194772578998635,-5.87030447171952E-05,,,cuVSLAM,33,
27,1761211760042,0.0262986104644369,0.086356041720137,-0.389227468986064,-0.000447407286081311,0.000106081364552294,-0.000174403212565574,,,cuVSLAM,34,
28,1761211760075,0.0773072097217664,-0.0368392647942528,-0.465490622445941,-0.000275194632884721,0.000123806283626528,-0.000243052949888262,,,cuVSLAM,33,
29,1761211760108,0.166801735758781,0.0219513567571994,-0.380447512725368,-0.000303417440232225,0.000267281964742087,-0.000416398217538671,,,cuVSLAM,33,
30,1761211760142,0.380352255888283,0.0861995213199407,-0.315202458295971,-0.000473140727092196,0.000308548540479928,-0.00393320951177758,,,cuVSLAM,34,
31,1761211760175,0.693709007464349,0.038372389099095,-0.452621839940548,-0.000814034073535663,0.000205119706491673,-0.0127527373629767,,,cuVSLAM,33,
32,1761211760209,1.14481395576149,-0.0154488043335732,-0.480983493616805,-0.00101983091908012,0.000205645532391448,-0.0216831768590881,,,cuVSLAM,34,
33,1761211760242,1.85911857988685,-0.35950166056864,-0.747733167372644,-0.00121926930494251,0.000336074726503681,-0.0348087856860592,,,cuVSLAM,33,
34,1761211760275,2.86972336471081,-0.553701014723629,-0.989230815321207,-0.0016201053673158,0.00053362490543004,-0.0546508973103239,,,cuVSLAM,33,
35,1761211760309,3.50230978801846,-0.963365368079394,-1.43685878720135,-0.00180864641747121,0.000270976325149399,-0.0698800096205856,,,cuVSLAM,34,
36,1761211760342,3.74847813509405,-0.957835116423667,-1.56567257363349,-0.00194672461411916,6.6496255363284E-05,-0.0784654588104058,,,cuVSLAM,33,
37,1761211760376,4.27005486562848,-1.01583602372557,-1.68072932865471,-0.00233150515850099,3.77209322653019E-05,-0.0899777228150246,,,cuVSLAM,34,
38,1761211760409,4.85295848920941,-1.26414536498487,-1.94120896048844,-0.00268543341528631,-0.000101597156801247,-0.104001605566734,,,cuVSLAM,33,
39,1761211760442,5.4924157448113,-1.38381670694798,-1.90338492393494,-0.00291474903197193,-2.17523940785625E-05,-0.117301375853729,,,cuVSLAM,33,
40,1761211760476,6.21346849948168,-1.619853079319,-2.03752680681646,-0.00312741461752075,1.62474997149657E-06,-0.133287441082209,,,cuVSLAM,34,
41,1761211760509,6.86769001185894,-2.01780581846833,-2.14335136115551,-0.00348712867392884,8.13040978411226E-06,-0.149590757984456,,,cuVSLAM,33,
42,1761211760542,7.3412423953414,-2.35428335145116,-2.37702461890876,-0.00386959647545373,-0.000187792686509374,-0.164670151006339,,,cuVSLAM,33,
43,1761211760575,8.10009613633156,-2.5107569526881,-2.70005222409964,-0.00435816364211139,-0.000354805392579703,-0.183411650688149,,,cuVSLAM,33,
44,1761211760609,9.04332008212805,-3.0733784660697,-2.78962613083422,-0.00480212408245373,-0.000308828686703361,-0.206467082534512,,,cuVSLAM,34,
45,1761211760642,9.93539951741695,-3.77736706286669,-2.94030481018126,-0.00517108689630977,-0.000289112489728919,-0.229298587036134,,,cuVSLAM,33,
46,1761211760675,10.7506904751062,-4.63278079405427,-2.91423895396292,-0.00551620135650178,-0.000201530874408982,-0.251707093064825,,,cuVSLAM,33,
47,1761211760709,11.4294793456793,-6.26272708177567,-2.65989010222256,-0.005881619738691,4.9495960396703E-06,-0.275864954882171,,,cuVSLAM,34,
48,1761211760742,12.1876960620284,-7.87783227860928,-1.88296718988568,-0.00641797993496266,0.000515363773057909,-0.300969505674874,,,cuVSLAM,33,
49,1761211760775,12.9473963752389,-8.84606782346964,-1.91658013500273,-0.00697650068127937,0.000475468206147409,-0.32491005953405,,,cuVSLAM,33,
50,1761211760809,13.7888956815004,-9.79520753026009,-2.36204988323152,-0.00741115468902461,0.000264436773996979,-0.352302058120229,,,cuVSLAM,34,
51,1761211760842,14.3770361319184,-12.251771055162,-0.959061551839113,-0.00794535452004577,0.00126139547573284,-0.378392789426403,,,cuVSLAM,33,
52,1761211760875,15.1899419724941,-12.7183208242059,-0.644976040348411,-0.00836633349475029,0.00147144021422407,-0.399601387820283,,,cuVSLAM,33,
53,1761211760909,15.9836541861296,-13.118963688612,-0.862520129885525,-0.00877344103903326,0.00136615875778094,-0.418592272853556,,,cuVSLAM,34,
54,1761211760942,16.4369828999043,-14.593462459743,-0.947820139117539,-0.00908213272484412,0.00141534507364677,-0.43938361533026,,,cuVSLAM,33,
55,1761211760975,16.9783625751734,-15.2335111051798,-0.990165630355477,-0.00945149318876396,0.0014659100644664,-0.459703681103747,,,cuVSLAM,33,
56,1761211761009,17.3573084175587,-16.0201229155064,-1.00594642572105,-0.00991182157252628,0.00153344696533879,-0.478449376097442,,,cuVSLAM,34,
57,1761211761042,17.9909691214561,-16.9097781181335,-0.673185684718192,-0.0104106965882012,0.00186560569247892,-0.497540419762804,,,cuVSLAM,33,
58,1761211761075,18.3714721351862,-18.036026507616,-0.577378028538078,-0.0109456684008339,0.00204015678188442,-0.518487679162513,,,cuVSLAM,33,
59,1761211761109,19.5277556777,-18.415167927742,-0.594269018620253,-0.0112145170587595,0.00216661812740945,-0.538056917790215,,,cuVSLAM,34,
60,1761211761142,20.6211749464273,-18.0591717362404,-0.933607807382941,-0.0115812715997503,0.0020283861504737,-0.555763144786296,,,cuVSLAM,33,
61,1761211761175,20.7414794713259,-19.7164844721556,-2.35527846962214,-0.0115900039586042,0.00117501981302283,-0.577475044062218,,,cuVSLAM,33,
62,1761211761208,21.2455280125141,-20.3976929187775,-3.70792578905821,-0.011919638416633,0.000296554929136629,-0.602859072572957,,,cuVSLAM,33,
63,1761211761242,22.2459435462952,-21.2712306529284,-3.87953477911651,-0.0123328111710571,0.000267169183437024,-0.626285376548747,,,cuVSLAM,34,
64,1761211761275,22.8752680122852,-22.2104694694281,-4.52857976779342,-0.012896061062673,2.88688038114592E-05,-0.653173119807778,,,cuVSLAM,33,
65,1761211761308,23.5025659203529,-22.9730680584908,-4.70553478226066,-0.0136668409577613,6.06886514515303E-05,-0.681939737228718,,,cuVSLAM,33,
66,1761211761342,24.452542886138,-24.1173803806305,-4.65760100632906,-0.014417936198231,0.000224588775784667,-0.70906603525073,,,cuVSLAM,34,
67,1761211761375,25.2209436148405,-25.1649785786867,-5.03334030508995,-0.0148644925974391,0.000212038757809479,-0.736632456738253,,,cuVSLAM,33,
68,1761211761408,25.6059449166059,-26.2136403471231,-5.41551038622856,-0.015040667181385,0.000258445527070633,-0.761582193838124,,,cuVSLAM,33,
69,1761211761442,26.6258642077446,-26.7528928816319,-5.70276565849781,-0.0155867841692702,0.000414488605616709,-0.788798256883294,,,cuVSLAM,34,
70,1761211761475,26.6303718090057,-28.0939433723688,-5.80617319792509,-0.0161022908576543,0.000390524508772382,-0.815455694153838,,,cuVSLAM,33,
71,1761211761508,26.5088174492121,-28.7251248955727,-5.68212335929275,-0.0164112910308556,0.00045842628743274,-0.834913795401204,,,cuVSLAM,33,
72,1761211761542,27.1028876304626,-29.0139093995094,-6.05878606438637,-0.0168415770967198,0.000528279429799454,-0.851443544213674,,,cuVSLAM,34,
73,1761211761575,28.0084796249866,-29.5247714966536,-6.45385542884469,-0.017649391053141,0.000784461689370332,-0.872266653163781,,,cuVSLAM,33,
74,1761211761608,26.707511395216,-29.9504939466715,-5.03456871956587,-0.0183662952839157,0.0024754347849049,-0.895528507238435,,,cuVSLAM,33,
75,1761211761642,26.3310298323631,-31.5118171274662,-5.3706462495029,-0.0186924204647887,0.0024663890406058,-0.921346460693769,,,cuVSLAM,34,
76,1761211761675,26.5630949288607,-32.784678041935,-5.4928557947278,-0.0191493165506648,0.00239644169415461,-0.945890097333176,,,cuVSLAM,33,
77,1761211761708,26.7095807939768,-33.5961580276489,-5.6017660535872,-0.0194938051117625,0.00225533437972127,-0.966223498843428,,,cuVSLAM,33,
78,1761211761742,26.7389547079802,-34.3561060726643,-5.80962561070919,-0.0197405442224209,0.00220948785546804,-0.983490576266421,,,cuVSLAM,34,
79,1761211761775,27.0002130419016,-35.3027880191803,-5.86767122149468,-0.0197893053959797,0.00227138366717725,-0.998974480341115,,,cuVSLAM,33,
80,1761211761808,27.1551758050919,-35.7913598418236,-5.93126052990556,-0.0200679170934062,0.00214974912984876,-1.01265843007475,,,cuVSLAM,33,
81,1761211761842,27.3620169609785,-36.0553935170174,-6.13329373300076,-0.0202439421807768,0.00192466470102635,-1.02338814505394,,,cuVSLAM,34,
82,1761211761875,27.407793328166,-36.531038582325,-6.07427675276995,-0.0204374310634983,0.00194095071185928,-1.03194688757736,,,cuVSLAM,33,
83,1761211761908,27.1552857011557,-37.3745560646057,-5.89141715317965,-0.0204566307441941,0.00203251815030257,-1.04042030460901,,,cuVSLAM,33,
84,1761211761941,27.1879341453314,-37.7313978970051,-5.88102079927921,-0.0204354653315646,0.00210880762514612,-1.04899561229044,,,cuVSLAM,33,
85,1761211761975,27.5714099407196,-37.8126539289951,-5.45174861326814,-0.0205140385589863,0.00236250305614444,-1.05539244420989,,,cuVSLAM,34,
86,1761211762008,27.3131467401981,-38.3137874305248,-5.45142218470573,-0.0207120069493945,0.00224455433982759,-1.06238076791152,,,cuVSLAM,33,
87,1761211762041,27.218846604228,-38.5917127132416,-5.44438976794481,-0.0210233538667871,0.00215795829827752,-1.07045440174026,,,cuVSLAM,33,
88,1761211762075,27.4369847029448,-38.4190380573273,-5.26886153966188,-0.021163587144563,0.00225538916292597,-1.07319592287055,,,cuVSLAM,34,
89,1761211762108,27.472659945488,-38.5275445878506,-5.04265865311027,-0.0211094828600598,0.00245616729888831,-1.07312596896251,,,cuVSLAM,33,
90,1761211762141,27.542982250452,-38.5948270559311,-5.07272174581885,-0.0210616020198323,0.00250405369445723,-1.07298691082491,,,cuVSLAM,33,
91,1761211762175,27.7541112154722,-38.5052710771561,-5.20155904814601,-0.0212177993765052,0.00245979215775367,-1.07263775195047,,,cuVSLAM,34,
92,1761211762208,27.7111865580082,-38.3384227752686,-5.22561650723219,-0.0212734626742007,0.00239931943477233,-1.06992928909399,,,cuVSLAM,33,
93,1761211762241,27.7616828680038,-38.0251854658127,-5.35084586590529,-0.021148590967053,0.00230755344526949,-1.06423270397624,,,cuVSLAM,33,
94,1761211762275,27.5995172560215,-37.6953929662704,-5.46989496797323,-0.020950408815203,0.00226002254783483,-1.05371954671626,,,cuVSLAM,34,
95,1761211762308,27.4922531098127,-36.7696173489094,-5.43953571468592,-0.0207940422924868,0.0023617436011017,-1.0366078568545,,,cuVSLAM,33,
96,1761211762341,27.8142429888248,-35.7685200870037,-5.45242242515087,-0.0204819304547696,0.00251036192268363,-1.01659747299922,,,cuVSLAM,33,
97,1761211762375,27.8281923383474,-35.1599492132664,-5.34779159352183,-0.0199126262436893,0.00275104738526014,-0.998057925629199,,,cuVSLAM,34,
98,1761211762408,27.8952810913324,-34.4023704528809,-5.27486577630043,-0.0195651709318959,0.00289948360528131,-0.980750996717687,,,cuVSLAM,33,
99,1761211762441,27.580639347434,-33.4561690688133,-5.27111487463117,-0.0193265830286812,0.00271711269899929,-0.962095486896823,,,cuVSLAM,33,
100,1761211762475,27.1527487784624,-32.515674829483,-5.30714308843017,-0.019102168191852,0.00243894456064812,-0.942806811382157,,,cuVSLAM,34,
101,1761211762508,26.964982971549,-31.4407087862492,-5.02986321225762,-0.0188618682243825,0.0024308529241585,-0.922434078069098,,,cuVSLAM,33,
102,1761211762541,26.6225691884756,-30.3363706916571,-4.93865320459008,-0.0183100023133081,0.00246482146386471,-0.900360077836022,,,cuVSLAM,33,
103,1761211762575,26.3844132423401,-29.4928383082151,-4.86336974427104,-0.0176910043169477,0.00258654842146829,-0.877807224211745,,,cuVSLAM,34,
104,1761211762608,26.269031688571,-28.4528657793999,-4.70380391925573,-0.0172568859291891,0.00267113396440093,-0.856252748466981,,,cuVSLAM,33,
105,1761211762641,26.0007809847593,-27.3024123162031,-4.84558660537005,-0.0169655488217612,0.00242169210662571,-0.834394886514298,,,cuVSLAM,33,
106,1761211762675,25.3468714654446,-26.5821311622858,-5.23457955569029,-0.0166726781608672,0.00204358966467845,-0.814029911425715,,,cuVSLAM,34,
107,1761211762708,25.4012569785118,-25.5020633339882,-5.30327809974551,-0.016308737348242,0.00193352551235125,-0.798210640947003,,,cuVSLAM,33,
108,1761211762741,24.8260404914618,-25.2577401697636,-5.0153536722064,-0.0157961266563515,0.00199025728383817,-0.786453034749718,,,cuVSLAM,33,
109,1761211762775,24.4627632200718,-25.2531506121159,-4.83465939760208,-0.0153826009771198,0.00190829445160024,-0.77864765470996,,,cuVSLAM,34,
110,1761211762808,24.2795739322901,-25.0319130718708,-4.96835401281714,-0.0152879793325556,0.00162471734628767,-0.773596030441313,,,cuVSLAM,33,
111,1761211762842,24.3267063051462,-24.1023655980825,-5.08343847468495,-0.0154642487235225,0.00121021530679326,-0.765908195392397,,,cuVSLAM,34,
112,1761211762875,24.441322311759,-22.8202994912863,-4.94240317493677,-0.0154265155175045,0.000997722046829219,-0.749914074765612,,,cuVSLAM,33,
113,1761211762908,24.1224691271782,-21.5253178030252,-4.95240837335587,-0.0151036790554122,0.00079603181339469,-0.727891140859502,,,cuVSLAM,33,
114,1761211762942,23.3182441443205,-20.9968276321888,-5.22137572988868,-0.014546535783694,0.000493728751397955,-0.705865318134651,,,cuVSLAM,34,
115,1761211762975,23.0896733701229,-19.8764652013779,-5.2186269313097,-0.0141135755100761,0.000282905269628192,-0.684456938253088,,,cuVSLAM,33,
116,1761211763008,23.5775504261255,-18.0839356034994,-4.98631224036217,-0.0138516110291196,0.000265905819287197,-0.661095004188864,,,cuVSLAM,33,
117,1761211763042,23.0306088924408,-16.5259279310703,-4.59098163992167,-0.0136025563003668,0.000339722717420083,-0.635812568405414,,,cuVSLAM,34,
118,1761211763075,21.9953246414661,-14.8986782878637,-4.92890551686287,-0.0132046293165593,-5.73642604939809E-05,-0.607361764278154,,,cuVSLAM,33,
119,1761211763108,21.6562133282423,-13.0795519798994,-4.23450209200382,-0.0126183144765805,0.000239360473588111,-0.575353707323063,,,cuVSLAM,33,
120,1761211763142,20.4858668148518,-13.0168944597244,-4.60914988070726,-0.0118642047643305,6.02970703967547E-05,-0.544074635985553,,,cuVSLAM,34,
121,1761211763175,19.715279340744,-12.2396163642406,-4.77438373491168,-0.0113227537117297,0.000105038162900147,-0.519355608654734,,,cuVSLAM,33,
122,1761211763209,19.1114917397499,-11.5250796079636,-4.30855760350823,-0.0109712457838714,0.000456035245479931,-0.49589837339682,,,cuVSLAM,34,
123,1761211763242,17.9386176168919,-10.1864039897919,-4.37077926471829,-0.0103922701898712,0.000233401888804799,-0.469689339787199,,,cuVSLAM,33,
124,1761211763275,17.3192992806435,-8.82717967033386,-4.19383589178324,-0.00989285338864296,0.00028576023784327,-0.443098962087041,,,cuVSLAM,33,
125,1761211763309,16.3773540407419,-8.98495502769947,-4.35440102592111,-0.00944743437787636,0.000220461519847253,-0.417401264023648,,,cuVSLAM,34,
126,1761211763342,15.6854558736086,-7.79339484870434,-4.10312693566084,-0.00893593221807296,0.000159252550590794,-0.391799393198904,,,cuVSLAM,33,
127,1761211763375,14.8032326251268,-7.105378434062,-3.41092422604561,-0.00851945108700186,0.000363268823769208,-0.366840566574107,,,cuVSLAM,33,
128,1761211763409,13.55573348701,-7.41511210799217,-2.59234523400664,-0.00787468453658758,0.000657347428079851,-0.345187892630691,,,cuVSLAM,34,
129,1761211763442,12.4607915058732,-7.51009956002235,-1.65101466700435,-0.00729635559057237,0.00095208059446402,-0.327277510802411,,,cuVSLAM,33,
130,1761211763475,11.2448716536164,-7.60264880955219,-1.35081238113344,-0.00652578779685093,0.00070723184987547,-0.310643251938018,,,cuVSLAM,33,
131,1761211763509,11.5552935749292,-5.38226403295994,-2.99108773469925,-0.00595416188790427,-0.000716616973755701,-0.296397982207332,,,cuVSLAM,34,
132,1761211763542,10.2570336312056,-9.11765638738871,1.28651165869087,-0.00577398128727321,0.00123691968466034,-0.27757880353017,,,cuVSLAM,33,
133,1761211763575,9.55807231366634,-8.09493288397789,1.85280339792371,-0.0056631856391636,0.00134923207842747,-0.258054929032849,,,cuVSLAM,33,
134,1761211763609,8.90093762427568,-7.04167224466801,2.43360782042146,-0.0053062395538343,0.00171622575050681,-0.235154845546318,,,cuVSLAM,34,
135,1761211763642,8.43371357768774,-6.28463039174676,2.58836383000016,-0.00472457324977164,0.00221865381987632,-0.211579108862957,,,cuVSLAM,33,
136,1761211763675,7.58170057088137,-5.76772633939981,2.79808812774718,-0.00425954555645188,0.00291067038284088,-0.188436283131055,,,cuVSLAM,33,
137,1761211763709,6.52861129492521,-5.21498685702682,3.96275753155351,-0.00377763274880771,0.00393609833745263,-0.157135439429719,,,cuVSLAM,34,
138,1761211763742,5.30098145827651,-3.65288089960814,4.61255805566907,-0.00322902703692258,0.00425921489451439,-0.120133476655331,,,cuVSLAM,33,
139,1761211763775,3.37869767099619,-3.89126688241959,2.84478813409805,-0.00239948248838433,0.00282488076335072,-0.0830087939051068,,,cuVSLAM,33,
140,1761211763809,1.53098441660404,-4.45453822612762,2.93636950664222,-0.00166457106173934,0.00255307820451769,-0.0497719054861687,,,cuVSLAM,34,
141,1761211763842,0.997045077383518,-2.53567565232515,2.29592621326447,-0.00135160117743118,0.00210102956429271,-0.0263187389837138,,,cuVSLAM,33,
142,1761211763875,0.320461578667164,-2.31505930423737,2.06703203730285,-0.000865938214854679,0.00194332751208742,-0.00964692718682172,,,cuVSLAM,33,
143,1761211763909,-0.260531902313232,-2.19442695379257,1.61775550805032,-0.000415757593090305,0.00163118880276113,0.00317665025350005,,,cuVSLAM,34,
144,1761211763942,-0.873886048793793,-2.30667600408196,1.78562919609249,-2.93400617316956E-06,0.00153404271775646,0.0147892128463115,,,cuVSLAM,33,
145,1761211763975,-1.53016671538353,-2.67590163275599,2.12631979957223,0.000275623393842973,0.00147946640591898,0.0250987722049297,,,cuVSLAM,33,
146,1761211764009,-1.84731930494308,-1.49589404463768,2.31016566976905,0.000359218350261453,0.00137499937996851,0.0354362423362027,,,cuVSLAM,34,
147,1761211764042,-2.2739339619875,0.0185584649443626,2.79048969969153,0.00058304460072919,0.00148351436729501,0.048684716093589,,,cuVSLAM,33,
148,1761211764075,-3.04673798382282,1.30667816847563,2.66187079250813,0.000841193885581579,0.00110809390554651,0.0647896439279304,,,cuVSLAM,33,
149,1761211764109,-3.98851837962866,1.41383800655603,2.9717180877924,0.00119608295865379,0.00112567577971825,0.082478675904866,,,cuVSLAM,34,
150,1761211764142,-4.6332748606801,1.64587236940861,2.73028272204101,0.00156247753155251,0.000990148896005141,0.0990929972571846,,,cuVSLAM,33,
151,1761211764175,-5.5029820650816,1.6842307522893,2.27771420031786,0.00192343054685525,0.000694491117378391,0.11566438256421,,,cuVSLAM,33,
152,1761211764209,-6.17584586143494,2.41879932582378,2.42309272289276,0.00219282713345418,0.000839435826759015,0.131700242416806,,,cuVSLAM,34,
153,1761211764242,-6.825041025877,2.74052564054728,2.50511453486979,0.00243807635346999,0.000985064631311639,0.147221662687658,,,cuVSLAM,33,
154,1761211764275,-7.42216594517231,2.63672415167093,2.71751126274467,0.00293909035599223,0.00129584665925346,0.163518585653352,,,cuVSLAM,33,
155,1761211764309,-8.21489468216896,3.52677796036005,2.13533826172352,0.00346633179528134,0.00085864968113197,0.180546408783833,,,cuVSLAM,34,
156,1761211764342,-9.00541245937347,2.56209447979927,2.57413741201162,0.00407082727330521,0.000820429589042962,0.197566505530331,,,cuVSLAM,33,
157,1761211764375,-9.92028042674065,1.57293304800987,2.06180894747376,0.00433052505017657,0.000256177380992047,0.210867197780808,,,cuVSLAM,33,
158,1761211764409,-10.5870291590691,2.7209697291255,2.36089807003736,0.0042362830227448,0.000414224055408767,0.225160824140278,,,cuVSLAM,34,
159,1761211764442,-11.4768538624048,3.84098384529352,2.54758098162711,0.00446098301242833,0.000476905924252975,0.245387481409084,,,cuVSLAM,33,
160,1761211764475,-12.7024762332439,3.11525631695986,2.6272120885551,0.00508016113753919,0.00040890870338509,0.267484499800173,,,cuVSLAM,33,
161,1761211764509,-13.5788451880217,2.61405017226934,2.65778927132487,0.00564908079885581,0.000343516596274836,0.285049744283192,,,cuVSLAM,34,
162,1761211764542,-14.4629087299109,1.75722315907478,1.64650822989643,0.00596133825743696,-0.000354479598115232,0.301534082822487,,,cuVSLAM,33,
163,1761211764575,-15.2351502329111,2.44531687349081,1.81815517134964,0.00621217077028248,-0.000348993286456774,0.320657546355955,,,cuVSLAM,33,
164,1761211764609,-16.3538549095392,5.52267860621214,2.4930676445365,0.00626557674827407,1.19704297073709E-05,0.340337189791988,,,cuVSLAM,34,
165,1761211764642,-17.4108929932117,4.92029543966055,2.64535145834088,0.00671427954465683,5.97288430227343E-05,0.361470168381175,,,cuVSLAM,33,
166,1761211764676,-18.3586794883013,6.30306545644999,2.29623750783503,0.00700530990918561,-0.000187169563120095,0.380400691808841,,,cuVSLAM,34,
167,1761211764709,-19.3118713796139,8.40059015899897,1.77733821328729,0.00720131955265677,-0.000448480744846614,0.399177997725734,,,cuVSLAM,33,
168,1761211764742,-20.4344727098942,9.44686401635408,2.00027832761407,0.00734919329895136,-0.000298126560679981,0.420946591347081,,,cuVSLAM,33,
169,1761211764776,-21.8768510967493,8.96322261542082,1.2991902185604,0.00782882022501246,-0.000815066063615062,0.445569091844835,,,cuVSLAM,34,
170,1761211764809,-22.7813813835382,9.53274872153997,1.18362193461508,0.00838790560241493,-0.000918215881429354,0.468110373139878,,,cuVSLAM,33,
171,1761211764843,-22.5701574236155,5.96766825765371,1.60670559853315,0.0094903879366315,-0.000454502386059795,0.491772290880665,,,cuVSLAM,34,
172,1761211764876,-23.6629210412502,6.11410988494754,1.7670807428658,0.00994859275001018,-0.000412610805959162,0.513892895919826,,,cuVSLAM,33,
173,1761211764910,-24.4771745055914,5.60556212440133,2.67262663692236,0.010443590994576,0.000149563338475052,0.537023832638205,,,cuVSLAM,34,
174,1761211764943,-25.515103712678,5.75396092608571,2.32524238526821,0.0108466321769758,-0.00010781610330646,0.558776036598384,,,cuVSLAM,33,
175,1761211764976,-26.3396613299847,5.57258445769548,2.21953936852515,0.0113950991519374,-0.000225764860365102,0.578656699991027,,,cuVSLAM,33,
176,1761211765010,-27.0578805357218,5.46731660142541,2.5307924952358,0.0116826510767196,-8.53423829941373E-05,0.596889744919304,,,cuVSLAM,34,
177,1761211765043,-28.072252869606,5.58066554367542,2.94855679385364,0.0120443706719291,8.31666567867296E-05,0.614976964112562,,,cuVSLAM,33,
178,1761211765077,-29.176339507103,5.72559330612421,3.48437624052167,0.0124008136540128,0.000382249727054947,0.633648135182865,,,cuVSLAM,34,
179,1761211765110,-30.2687175571918,5.78442681580782,2.66729923896492,0.0128296481851549,-0.000269266262379933,0.652329569617384,,,cuVSLAM,33,
180,1761211765143,-31.2225893139839,5.73923066258431,2.24030041135848,0.0132555975907238,-0.000705105764407986,0.668765189811572,,,cuVSLAM,33,
181,1761211765177,-31.8896323442459,5.33383106812835,2.84695858135819,0.0137302549741473,-0.000396893429214098,0.682738998983081,,,cuVSLAM,34,
182,1761211765210,-32.7121466398239,5.43122552335262,2.85861501470208,0.0139327147562372,-0.00041118293809843,0.697381409155965,,,cuVSLAM,33,
183,1761211765244,-33.8065624237061,5.38174156099558,3.16931586712599,0.0141456053180507,-0.000303968165843438,0.713791127488019,,,cuVSLAM,34,
184,1761211765277,-35.2469347417355,5.60692651197314,3.24130919761956,0.014430577230923,-0.000462907868868379,0.732466184069627,,,cuVSLAM,33,
185,1761211765310,-35.8640849590302,5.07209077477455,3.37420171126723,0.0149220693693649,-0.000524876233513121,0.751600318809914,,,cuVSLAM,33,
186,1761211765344,-36.6067960858345,4.64739929884672,3.43228224664927,0.0154274713825587,-0.000532845635880999,0.768040024495096,,,cuVSLAM,34,
187,1761211765377,-37.5028103590012,4.64511942118406,3.50329652428627,0.0157242726454191,-0.000486753417922694,0.781719674304147,,,cuVSLAM,33,
188,1761211765411,-38.211565464735,4.70303371548653,3.74265993013978,0.0157638174495535,-0.000324726647980955,0.793973495017765,,,cuVSLAM,34,
189,1761211765444,-38.8922579586506,4.48663579300046,4.29464178159833,0.0159417196803624,-0.000116578386110486,0.807310827265601,,,cuVSLAM,33,
190,1761211765477,-39.6895706653595,3.86118795722723,4.60001081228256,0.0163333524493031,-0.000174212054408793,0.824912908484668,,,cuVSLAM,33,
191,1761211765511,-40.925957262516,3.97844845429063,4.63450886309147,0.0168152628221054,-0.000292854048942354,0.843476167458974,,,cuVSLAM,34,
192,1761211765544,-41.7447909712791,3.8891457952559,4.38665552064776,0.0171626906605105,-0.000364436825559475,0.859661452893388,,,cuVSLAM,33,
193,1761211765577,-42.4950569868088,4.00850269943476,4.05510468408465,0.0172539278916444,-0.000521464446107365,0.872614280917186,,,cuVSLAM,33,
194,1761211765611,-43.0488660931587,2.9161348938942,4.47737332433462,0.0177143822679162,-0.000240268709233643,0.885571851121334,,,cuVSLAM,34,
195,1761211765644,-43.6866618692875,2.88186175748706,4.42308560013771,0.0180212953919653,-0.000298674000389131,0.896436985922852,,,cuVSLAM,33,
196,1761211765677,-44.3442985415459,2.68302229233086,4.32628346607089,0.0182997791247918,-0.000523043758296945,0.906129156520048,,,cuVSLAM,33,
197,1761211765711,-44.8621548712254,2.4691263679415,4.16659470647574,0.0186226795067591,-0.000743306319933285,0.915248355256714,,,cuVSLAM,34,
198,1761211765744,-45.3582853078842,2.34870379790664,4.10680752247572,0.0186291786506243,-0.000750449428227808,0.924806154341746,,,cuVSLAM,33,
199,1761211765777,-46.1545623838902,2.21020309254527,4.13583219051361,0.0186993180992918,-0.000751936514327449,0.936013097873069,,,cuVSLAM,33,
200,1761211765811,-46.5231575071812,2.05902848392725,4.02141362428665,0.0187482046979238,-0.000787376656877865,0.94690936943757,,,cuVSLAM,34,
201,1761211765844,-47.1582412719727,2.17120628803968,3.89567716047168,0.0188101505309566,-0.000746293324635338,0.956763970481348,,,cuVSLAM,33,
202,1761211765877,-46.7197112739086,1.9185506971553,3.94108239561319,0.0191517816921004,-0.000455743526200102,0.96093860201124,,,cuVSLAM,33,
203,1761211765910,-46.4607812464237,1.8827939638868,3.84237337857485,0.019394597386457,-0.000287126865031703,0.960873211324465,,,cuVSLAM,33,
204,1761211765944,-46.4199520647526,1.84667517896742,3.88332409784198,0.0195423618499932,-0.000136322047527186,0.960706237457206,,,cuVSLAM,34,
205,1761211765977,-46.3266521692276,1.83305516839027,3.95728135481477,0.0195309373688641,-5.35825542546898E-05,0.96060796712696,,,cuVSLAM,33,
206,1761211766010,-46.475924551487,1.97634287178516,3.89391370117664,0.0194040546089881,-7.98350408450079E-05,0.960179356176417,,,cuVSLAM,33,
207,1761211766044,-46.3743433356285,1.97888957336545,4.0354342199862,0.0192204311851214,-6.86384395475717E-05,0.956753430276997,,,cuVSLAM,34,
208,1761211766077,-45.8418540656567,2.15495703741908,4.00573620572686,0.0189706988230941,-0.000103619038260001,0.94762745341291,,,cuVSLAM,33,
209,1761211766110,-45.0599417090416,2.2723434958607,4.21606935560703,0.0186940849469372,0.000217680516199827,0.935530837273408,,,cuVSLAM,33,
210,1761211766144,-44.4088205695152,2.45316536165774,4.29444201290607,0.0183421108187732,0.000214659203219276,0.918816921301271,,,cuVSLAM,34,
211,1761211766177,-43.4550791978836,2.73124314844608,4.30169608443975,0.0180810426148902,6.14718262381412E-05,0.901131326079491,,,cuVSLAM,33,
212,1761211766210,-42.6802560687065,3.01608513109386,4.1876626200974,0.0175913879768175,-1.94025228535174E-05,0.882939947762371,,,cuVSLAM,33,
213,1761211766244,-41.3542315363884,3.05638881400228,4.22956794500351,0.0171028808667609,-0.000102389811388117,0.861774672112391,,,cuVSLAM,34,
214,1761211766277,-40.0799065828323,3.3713560551405,4.40852856263518,0.0167462007759798,-1.3224043834038E-05,0.837212462004964,,,cuVSLAM,33,
215,1761211766310,-38.4727045893669,3.53834591805935,4.56732837483287,0.0161057628444246,0.000280880064948074,0.812253270985024,,,cuVSLAM,33,
216,1761211766344,-37.2572392225265,3.6804077681154,4.73895110189915,0.0153934474769883,0.000445526689222672,0.786331106103751,,,cuVSLAM,34,
217,1761211766377,-35.6384068727493,3.75393219292164,5.10357040911913,0.0149089304575186,0.000733028233592861,0.760136331893,,,cuVSLAM,33,
218,1761211766410,-33.8992550969124,3.89794865623116,5.19977323710918,0.0145371211982445,0.000910315020016279,0.73367015641277,,,cuVSLAM,33,
219,1761211766444,-32.2972349822521,3.71489301323891,5.46010443940759,0.0141929195212694,0.00115495036612445,0.706961891113068,,,cuVSLAM,34,
220,1761211766477,-30.497869476676,3.53145413100719,5.39074605330825,0.0137773675698879,0.00121462095263166,0.67977767133439,,,cuVSLAM,33,
221,1761211766510,-29.3536130338907,3.71763063594699,5.22583210840821,0.0133568094593812,0.00101805619016314,0.652435006578262,,,cuVSLAM,33,
222,1761211766543,-28.2308403402567,3.69097106158733,4.93143685162067,0.0131753194392226,0.000849720463579146,0.626254312148983,,,cuVSLAM,33,
223,1761211766577,-27.0271990448236,3.62286856397986,4.71769040450454,0.0128800172377631,0.000892853546892161,0.604422351499837,,,cuVSLAM,34,
224,1761211766610,-26.2552555650473,4.29576821625233,4.73792478442192,0.0122048488095993,0.00110687270192835,0.583611151668222,,,cuVSLAM,33,
225,1761211766643,-24.7915387153625,4.10750973969698,4.85557597130537,0.01138046734324,0.00143217487361278,0.557866890258691,,,cuVSLAM,33,
226,1761211766677,-22.8523332625628,3.68863437324762,4.98106749728322,0.0106138472797048,0.00178008203553016,0.526790814184646,,,cuVSLAM,34,
227,1761211766710,-20.9828037768602,3.11924610286951,4.12220600992441,0.0100694098394276,0.00144594115423906,0.494408608019895,,,cuVSLAM,33,
228,1761211766743,-20.0730580836534,3.13803041353822,2.91469949297607,0.00953091219235967,0.000860556638354998,0.463155355728049,,,cuVSLAM,33,
229,1761211766777,-18.217409029603,2.61100451461971,2.55621178075671,0.00914046864691649,0.000674507298501123,0.432108663091266,,,cuVSLAM,34,
230,1761211766810,-17.3872839659452,3.76118626445532,1.43013952765614,0.00859196939285935,-0.000239611372877826,0.401947285755011,,,cuVSLAM,33,
231,1761211766843,-15.6550407409668,2.94073764234781,2.53703002817929,0.00782958083414199,0.000576928692382983,0.372792207640002,,,cuVSLAM,33,
232,1761211766877,-14.1686033457518,1.59726943820715,4.24150330945849,0.00717158443149149,0.00183384638112578,0.340217566294756,,,cuVSLAM,34,
233,1761211766910,-12.5796319916844,0.618296209722757,4.85535198822618,0.00662448407397973,0.00217986978425515,0.306559922736267,,,cuVSLAM,33,
234,1761211766943,-11.4508867263794,1.23866205103695,3.33026121370494,0.0062726467902005,0.00111816354099336,0.274272928449683,,,cuVSLAM,33,
235,1761211766977,-9.88653488457203,0.384923070669174,3.21239954791963,0.00572225797908538,0.00125524414320331,0.2417338063155,,,cuVSLAM,34,
236,1761211767010,-8.41028802096844,-0.191005412489176,2.03500874340534,0.00518512037490015,0.000554568590635635,0.2079887145131,,,cuVSLAM,33,
237,1761211767043,-6.9382693618536,-0.953728333115578,1.85932428576052,0.00468472629153267,0.000399651421083867,0.177320666758843,,,cuVSLAM,33,
238,1761211767077,-5.79051300883293,-0.946923159062862,1.90851511433721,0.00404531957910614,0.000566010327417606,0.147633027183586,,,cuVSLAM,34,
239,1761211767110,-4.71497885882854,-0.816214364022017,1.33932323660702,0.00324767817005488,0.000293289654312378,0.116638718737574,,,cuVSLAM,33,
240,1761211767143,-3.22074629366398,-1.61103019490838,1.17558799684048,0.00253754340801783,0.000302856275619895,0.0860029070475478,,,cuVSLAM,33,
241,1761211767176,-1.88015773892403,-2.5215120986104,1.12524093128741,0.00198986895476837,0.000364743529741149,0.0564870267748793,,,cuVSLAM,33,
242,1761211767210,-0.707883387804031,-2.65921419486403,1.1083441786468,0.00149827090472339,0.000553654167464534,0.0253445622375461,,,cuVSLAM,34,
243,1761211767243,0.668922439217567,-3.39461909607053,1.13748677540571,0.00102621170422155,0.000744318792549689,-0.00595553847963701,,,cuVSLAM,33,
244,1761211767276,1.9176360219717,-3.03654326125979,0.163421733304858,0.000412715862633797,0.000207845578367709,-0.0362081331373151,,,cuVSLAM,33,
245,1761211767310,3.01068462431431,-4.11482341587544,0.0122382771223784,-0.000353570790805899,0.000308132072566252,-0.0643913890479527,,,cuVSLAM,34,
246,1761211767343,4.66270931065083,-5.12218242511153,0.237452797591686,-0.00116525521257508,0.000885292538059335,-0.0973473015010291,,,cuVSLAM,33,
247,1761211767376,6.1823632568121,-5.50914974883199,0.295798992738128,-0.00173694004567592,0.00127357242255442,-0.131451174705211,,,cuVSLAM,33,
248,1761211767410,7.17712752521038,-5.17783453688026,0.379161210730672,-0.00242086136909656,0.00152207794694722,-0.16312174948157,,,cuVSLAM,34,
249,1761211767443,8.55815969407558,-8.84758122265339,2.31837085448205,-0.00309337015224779,0.00315358588024985,-0.193943239796485,,,cuVSLAM,33,
250,1761211767476,10.1502016186714,-11.1130028963089,1.98706658557057,-0.00380830393890124,0.00330145759221066,-0.230176792834071,,,cuVSLAM,33,
251,1761211767510,11.5332547575235,-12.4478153884411,1.15622731391341,-0.00453258495295784,0.00281750801380062,-0.265725823672781,,,cuVSLAM,34,
252,1761211767543,13.2843758910894,-12.1989361941814,0.201291870325804,-0.00537328639020012,0.00208420146200938,-0.300975223666627,,,cuVSLAM,33,
253,1761211767576,13.9518138021231,-12.8820557147264,-0.337789766490459,-0.00587266574311024,0.00170688490965077,-0.336986634950336,,,cuVSLAM,33,
254,1761211767610,14.8216132074595,-11.9086876511574,-0.794396037235856,-0.00646140069492148,0.00125435183543091,-0.369110685378061,,,cuVSLAM,34,
255,1761211767643,15.4582615941763,-13.1276268512011,-0.637565040960908,-0.00690157029313703,0.00120701355059276,-0.393901318812814,,,cuVSLAM,33,
256,1761211767676,16.2723939865828,-15.0816719979048,-0.604217872023582,-0.00742996032162288,0.00126464245766046,-0.420799638415745,,,cuVSLAM,33,
257,1761211767709,16.9583018869162,-14.5285967737436,1.1645097984001,-0.00842295545084984,0.00254892941991194,-0.454052611867771,,,cuVSLAM,33,
258,1761211767743,17.7910905331373,-18.2521063834429,1.0374397970736,-0.00847669154355769,0.0028812211314416,-0.478031799181148,,,cuVSLAM,34,
259,1761211767776,17.5159927457571,-16.8230962008238,-3.90786817297339,-0.0101030764405411,-2.30998456514516E-05,-0.499376094139442,,,cuVSLAM,33,
260,1761211767809,18.7665000557899,-18.5970570892096,-4.31254785507917,-0.0104732412198491,0.000449288508748434,-0.517130632508157,,,cuVSLAM,33,
261,1761211767843,19.6824725717306,-18.5501053929329,-4.0436047129333,-0.0113777353677545,0.000980578115784054,-0.536116329712315,,,cuVSLAM,34,
262,1761211767876,20.861554890871,-19.2608889192343,-3.32124019041657,-0.012555832219236,0.00161392531980943,-0.566088379599346,,,cuVSLAM,33,
263,1761211767909,20.9720432758331,-21.0401117801666,-3.79743822850287,-0.0131290832645238,0.00119625650340562,-0.602173550893855,,,cuVSLAM,33,
264,1761211767943,21.2024785578251,-22.245280444622,-4.01733256876469,-0.0128839234602361,0.000611216557985125,-0.626059968004195,,,cuVSLAM,34,
265,1761211767976,20.7228194922209,-22.595476359129,-3.36993928067386,-0.0125185080634654,0.000108426844530898,-0.631550287468145,,,cuVSLAM,33,
266,1761211768009,20.6639505922794,-23.4486535191536,-3.34377004764974,-0.0123129621316271,-0.000575417527366465,-0.635093173597445,,,cuVSLAM,33,
267,1761211768043,20.1140604913235,-23.1509711593389,-3.47412447445095,-0.0126708562426483,-0.00105596753042983,-0.640333973305585,,,cuVSLAM,34,
268,1761211768076,20.050710067153,-23.1932625174522,-3.61570832319558,-0.0131299977853521,-0.00112366772303609,-0.647983820504665,,,cuVSLAM,33,
269,1761211768109,20.2779788523912,-23.4405640512705,-3.70513717643917,-0.013595841270494,-0.000906805643886086,-0.654228013308611,,,cuVSLAM,33,
270,1761211768143,20.4896070063114,-23.2765004038811,-3.74714634381235,-0.0137836386215709,-0.000778262429321485,-0.654525882115265,,,cuVSLAM,34,
271,1761211768176,20.5723401159048,-23.5136672854424,-3.88250825926661,-0.0135036397275693,-0.000678860848685581,-0.653246853522052,,,cuVSLAM,33,
272,1761211768209,20.5854475498199,-23.5674064606428,-3.99129372090101,-0.0129527545707452,-0.000605478592317981,-0.649516320819287,,,cuVSLAM,33,
273,1761211768243,20.5348767340183,-23.6632134765387,-4.08717337995768,-0.0124954334383045,-0.000627781179987854,-0.646475596340012,,,cuVSLAM,34,
274,1761211768276,20.6374023109674,-23.5406290739775,-4.19705314561725,-0.0125549058464693,-0.00060772732478623,-0.646275417966197,,,cuVSLAM,33,
275,1761211768309,20.812364295125,-23.2331790030003,-4.24779811874032,-0.0128844871539784,-0.000616576917808922,-0.646366762112127,,,cuVSLAM,33,
276,1761211768342,20.8626799285412,-23.1328345835209,-4.17289417237043,-0.0131265548051015,-0.000460867969309209,-0.646317081551818,,,cuVSLAM,33,
277,1761211768376,20.7738801836967,-23.2951752841473,-3.94655345007777,-0.0130810613602625,-0.000299224092790505,-0.64615294279231,,,cuVSLAM,34,
278,1761211768409,20.5788537859917,-23.3566090464592,-3.95976705476642,-0.0127929053774364,-0.000590617648732231,-0.646140968353007,,,cuVSLAM,33,
279,1761211768442,20.4102043062448,-23.4736427664757,-4.10034926608205,-0.0124720735500392,-0.000747916753775774,-0.646211976962716,,,cuVSLAM,33,
280,1761211768476,20.5060690641403,-23.446012288332,-4.11648862063885,-0.0124837025652146,-0.000679477269614148,-0.646304332607492,,,cuVSLAM,34,
281,1761211768509,20.4532854259014,-23.50964397192,-4.19759657233954,-0.0127079891187141,-0.000827868327184519,-0.646105476994483,,,cuVSLAM,33,
282,1761211768542,20.5248650163412,-23.2467241585255,-4.44695353507996,-0.013042633263348,-0.000973939092632793,-0.646140670560216,,,cuVSLAM,33,
283,1761211768576,20.6463076174259,-22.9476559907198,-4.62419539690018,-0.0133338635403261,-0.000946018141168249,-0.646131284557117,,,cuVSLAM,34,
284,1761211768609,20.4718131572008,-22.7984338998795,-4.44654887542129,-0.0134043435860609,-0.00110809227924289,-0.643896649634463,,,cuVSLAM,33,
285,1761211768642,20.3579403460026,-21.7376388609409,-4.44460241124034,-0.0132357146078806,-0.00148536935443145,-0.632932548980062,,,cuVSLAM,33,
286,1761211768676,19.8430903255939,-21.1315155029297,-4.1035027243197,-0.0128687123687144,-0.00126599057880417,-0.613352024891346,,,cuVSLAM,34,
287,1761211768709,19.4664597511292,-20.3961376100779,-4.1449605487287,-0.0123996451200732,-0.00118052811879777,-0.595851248412162,,,cuVSLAM,33,
288,1761211768742,19.0891399979591,-20.0481526553631,-4.22856770455837,-0.012298068646599,-0.00126411505597052,-0.584550818408884,,,cuVSLAM,33,
289,1761211768776,18.9900379627943,-19.4959715008736,-4.36465907841921,-0.0126205864323905,-0.00141289759344094,-0.578807896971933,,,cuVSLAM,34,
290,1761211768809,18.7699738889933,-18.7190994620323,-4.24153823405504,-0.0128833571570587,-0.00166966563177941,-0.571712217102761,,,cuVSLAM,33,
291,1761211768842,18.4735748916864,-18.0736016482115,-4.48156148195267,-0.0129222491656392,-0.00199009325225088,-0.562624466604137,,,cuVSLAM,33,
292,1761211768876,18.3919165283442,-17.6706910133362,-4.40408661961556,-0.012973017169331,-0.00191540409440291,-0.555713951625202,,,cuVSLAM,34,
293,1761211768909,18.2561967521906,-17.6636539399624,-4.26838034763932,-0.0126935014339107,-0.00162674845751104,-0.549288022434812,,,cuVSLAM,33,
294,1761211768942,18.0031359195709,-17.91937276721,-4.12206863984466,-0.0124180636970966,-0.00147242568561043,-0.546317477755742,,,cuVSLAM,33,
295,1761211768975,17.6687184721231,-17.8936496376991,-4.14607208222151,-0.0122385885190383,-0.00176982634125338,-0.544703184998473,,,cuVSLAM,33,
296,1761211769009,17.5495650619268,-17.5853185355663,-4.28493693470955,-0.0124031575876181,-0.00223199348663071,-0.544852047680653,,,cuVSLAM,34,
297,1761211769042,17.1962790191174,-17.0220043510199,-4.423045553267,-0.0128486839690317,-0.00307654393631666,-0.543722825260749,,,cuVSLAM,33,
298,1761211769075,16.5736190974712,-16.5760740637779,-4.19228663668036,-0.0131266405856282,-0.0039158144928315,-0.541314983201824,,,cuVSLAM,33,
299,1761211769109,15.7146900892258,-15.6733505427837,-4.24515223130584,-0.0133378092966654,-0.00542978138541455,-0.535001565652412,,,cuVSLAM,34,
300,1761211769142,14.569653198123,-15.1324048638344,-3.7545629311353,-0.0134465135924199,-0.00672732752622627,-0.529300913908166,,,cuVSLAM,33,
301,1761211769175,13.5408760979772,-14.6250631660223,-3.94958490505815,-0.0134049073664565,-0.00839333733448619,-0.524901744261346,,,cuVSLAM,33,
302,1761211769209,12.2323352843523,-14.3703520298004,-3.86007153429091,-0.0131397619040351,-0.0101623917220777,-0.521505535765591,,,cuVSLAM,34,
303,1761211769242,10.7004772871733,-14.3159609287977,-3.71888722293079,-0.0127267115057419,-0.0122719539137412,-0.521065038223882,,,cuVSLAM,33,
304,1761211769275,9.10127535462379,-14.0690933912992,-3.81343904882669,-0.0121024339207251,-0.0150142993520495,-0.520731095566505,,,cuVSLAM,33,
305,1761211769309,6.99237920343876,-14.4784543663263,-3.27883451245725,-0.0108518529938415,-0.0175940832798641,-0.520906327836646,,,cuVSLAM,34,
306,1761211769342,5.14125637710094,-14.5840523764491,-3.51564632728696,-0.00931699255476505,-0.0208850284273715,-0.51935767312453,,,cuVSLAM,33,
307,1761211769375,2.69342679530382,-15.2845550328493,-3.16465785726905,-0.00737117894799135,-0.0240798064603231,-0.516424248494379,,,cuVSLAM,33,
308,1761211769409,0.439571216702461,-16.3891911506653,-2.94173578731716,-0.00513953841231856,-0.0268012990788555,-0.517897223241048,,,cuVSLAM,34,
309,1761211769442,-1.0634008795023,-16.5910292416811,-3.02926008589566,-0.0031984453007382,-0.0294122152520101,-0.516302094706082,,,cuVSLAM,33,
310,1761211769475,-3.00806201994419,-17.6833011209965,-2.72840680554509,-0.00120822550776595,-0.0314714015754453,-0.513874917974362,,,cuVSLAM,33,
311,1761211769508,-4.66338358819485,-18.5665562748909,-2.58990610018373,0.000952567526724047,-0.0333388875073603,-0.512105074825038,,,cuVSLAM,33,
312,1761211769542,-5.84231689572334,-19.730856642127,-2.68545909784734,0.00321938850711987,-0.0345797890956185,-0.512712915676116,,,cuVSLAM,34,
313,1761211769575,-6.47625885903835,-20.5220878124237,-2.6352503336966,0.00555487023970512,-0.0352840619637837,-0.509612306509536,,,cuVSLAM,33,
314,1761211769608,-7.55996815860271,-22.5835368037224,-2.51320470124483,0.00858167713165212,-0.0358033588686425,-0.506955722573159,,,cuVSLAM,33,
315,1761211769642,-8.36376659572125,-24.5969407260418,-2.35294178128242,0.0120835285071161,-0.0360698382324762,-0.504647200591134,,,cuVSLAM,34,
316,1761211769675,-9.06147621572018,-27.1011628210545,-2.45264847762883,0.016415803008866,-0.0361290878639811,-0.50144627170119,,,cuVSLAM,33,
317,1761211769708,-9.56614501774311,-30.4629132151604,-2.43377429433167,0.0215731684693273,-0.0355002918930864,-0.499490162091119,,,cuVSLAM,33,
318,1761211769742,-9.94065590202808,-34.4513058662415,-2.2378764115274,0.0276079057854851,-0.0342539744159039,-0.497520938461384,,,cuVSLAM,34,
319,1761211769775,-9.83181037008762,-38.8781577348709,-2.48156115412712,0.0342535517346486,-0.0323471853351814,-0.496812426675243,,,cuVSLAM,33,
320,1761211769808,-9.33522172272205,-43.7857694923878,-2.3909870069474,0.0416279475649362,-0.0297762370656662,-0.496008517025677,,,cuVSLAM,33,
321,1761211769842,-8.69055837392807,-49.2842644453049,-2.46632215566933,0.0495329433858231,-0.0265110397027433,-0.496241190323697,,,cuVSLAM,34,
322,1761211769875,-7.67933391034603,-54.5593500137329,-2.64706742018461,0.0574315355950559,-0.0228090864679388,-0.491853966729186,,,cuVSLAM,33,
323,1761211769908,-6.54590502381325,-59.752032160759,-2.67062708735466,0.065557038090272,-0.0189798069284731,-0.48238871223149,,,cuVSLAM,33,
324,1761211769942,-5.46079315245152,-64.7452101111412,-2.96798045746982,0.0737078377661122,-0.015398791790497,-0.467197609626755,,,cuVSLAM,34,
325,1761211769975,-4.37049567699432,-70.3815817832947,-3.29993199557066,0.0819695197884099,-0.0115987498802362,-0.455012853478962,,,cuVSLAM,33,
326,1761211770008,-2.67467088997364,-75.0498548150063,-3.70399095118046,0.0898185063473932,-0.00770875424413309,-0.446649224675867,,,cuVSLAM,33,
327,1761211770042,-1.37274526059628,-80.0413861870766,-4.10614022985101,0.0973637681667735,-0.00384793598347579,-0.436461830731371,,,cuVSLAM,34,
328,1761211770075,0.057632103562355,-84.5340937376022,-5.007388535887,0.10451441523161,-0.00022355557158739,-0.427979509998613,,,cuVSLAM,33,
329,1761211770108,1.47753767669201,-89.0023335814476,-5.29384892433882,0.111177314282899,0.00361609687975492,-0.417110946366386,,,cuVSLAM,33,
330,1761211770141,3.47665883600712,-92.79665350914,-6.13335426896811,0.117317012318915,0.00710045451479042,-0.409419825895662,,,cuVSLAM,33,
331,1761211770175,4.93188761174679,-96.2433442473412,-6.79314229637384,0.123077021813282,0.0101708170037239,-0.401818556435891,,,cuVSLAM,34,
332,1761211770208,6.06729835271835,-99.5111092925072,-6.43817661330104,0.128472643953748,0.0128680986854381,-0.389116640046399,,,cuVSLAM,33,
333,1761211770241,6.29964098334312,-102.991096675396,-7.01663317158818,0.133973961625437,0.0143857872110038,-0.378162934303437,,,cuVSLAM,33,
334,1761211770275,6.417291238904,-106.071636080742,-6.94686826318502,0.139347110229523,0.0155896047571634,-0.368931647020675,,,cuVSLAM,34,
335,1761211770308,6.20375014841557,-109.290421009064,-6.96694618090987,0.144914070273885,0.0159150615970594,-0.357772665009235,,,cuVSLAM,33,
336,1761211770341,5.37344068288803,-112.499207258224,-7.57861183956265,0.150551723772168,0.0154895349220048,-0.348988843204844,,,cuVSLAM,33,
337,1761211770375,4.34119813144207,-115.637630224228,-7.82046094536781,0.156415374171249,0.0145029214422302,-0.337407316780712,,,cuVSLAM,34,
338,1761211770408,3.28764505684376,-119.121171534061,-8.13329219818115,0.162295459464026,0.0136235114492132,-0.328985254655997,,,cuVSLAM,33,
339,1761211770441,2.36455164849758,-122.813604772091,-8.21765977889299,0.16814907963181,0.0130987481756768,-0.324316224533573,,,cuVSLAM,33,
340,1761211770475,0.971706584095955,-126.603379845619,-8.63512232899666,0.174135550767283,0.0122041859803748,-0.318303999063462,,,cuVSLAM,34,
341,1761211770508,0.380733981728554,-129.670336842537,-9.34143923223019,0.179931727289503,0.0113582796626319,-0.313505326110334,,,cuVSLAM,33,
342,1761211770541,-0.30960701406002,-133.222430944443,-9.49426274746656,0.185634441937241,0.0112483073983322,-0.310070621805012,,,cuVSLAM,33,
343,1761211770575,-0.629344955086708,-136.743187904358,-9.85786505043507,0.191432281786505,0.0116090217029826,-0.309215856193922,,,cuVSLAM,34,
344,1761211770608,-0.410871580243111,-139.969930052757,-9.96786169707775,0.197203739722036,0.01239008177285,-0.30606830616465,,,cuVSLAM,33,
345,1761211770641,-0.157946720719337,-143.659636378288,-10.7865072786808,0.203199549190596,0.0133815266526172,-0.302573078506645,,,cuVSLAM,33,
346,1761211770675,0.393113121390343,-147.800475358963,-11.4386826753616,0.20925816685577,0.0152406943253501,-0.300478799703427,,,cuVSLAM,34,
347,1761211770708,1.1500921100378,-151.968225836754,-12.1734943240881,0.215335855614848,0.0174221325758475,-0.297529118776637,,,cuVSLAM,33,
348,1761211770742,2.64846719801426,-155.915126204491,-12.7116870135069,0.221355845875743,0.0198293694436739,-0.292475758044911,,,cuVSLAM,34,
349,1761211770775,4.04267199337482,-159.202575683594,-13.8006135821342,0.227313357201494,0.0218721425106046,-0.28551565232748,,,cuVSLAM,33,
350,1761211770808,5.52734173834324,-162.926867604256,-14.2044294625521,0.233020251261667,0.0248597581579228,-0.279550917843909,,,cuVSLAM,33,
351,1761211770842,7.05149210989475,-166.450500488281,-14.9796064943075,0.238508958783793,0.0276349312951678,-0.273376987189281,,,cuVSLAM,34,
352,1761211770875,8.39784555137157,-170.214474201202,-15.9671399742365,0.243923676694495,0.0302698138867439,-0.268059647143864,,,cuVSLAM,33,
353,1761211770908,9.69330035150051,-173.388972878456,-17.0178264379501,0.249181609647,0.0323031810292638,-0.262533595810937,,,cuVSLAM,33,
354,1761211770942,10.7175391167402,-176.823005080223,-17.7923124283552,0.254320115669605,0.0342434574018649,-0.257796752185123,,,cuVSLAM,34,
355,1761211770975,11.5773286670446,-179.813921451569,-18.7608413398266,0.259526039863792,0.0355885469768063,-0.252722192689312,,,cuVSLAM,33,
356,1761211771008,12.4791022390127,-183.693513274193,-19.6105055510998,0.265140730678913,0.0375624857040985,-0.24912496311023,,,cuVSLAM,33,
357,1761211771042,13.8145517557859,-187.183186411858,-20.6075105816126,0.270994093092431,0.0398578582468022,-0.245627233887786,,,cuVSLAM,34,
358,1761211771075,15.1701550930738,-190.689012408257,-21.1890079081058,0.276942733343746,0.0424954014306804,-0.241629616292423,,,cuVSLAM,33,
359,1761211771109,16.5019165724516,-195.079073309898,-21.9576694071293,0.283169127296321,0.0453392788064256,-0.237884296776386,,,cuVSLAM,34,
360,1761211771142,18.0912371724844,-198.777452111244,-23.4438125044107,0.289486718474382,0.0478392888422799,-0.23527873171307,,,cuVSLAM,33,
361,1761211771175,19.4413792341948,-203.012213110924,-24.5784483850002,0.295860918822647,0.0506469104206137,-0.233200092459387,,,cuVSLAM,33,
362,1761211771209,20.8355840295553,-207.228973507881,-25.6581604480743,0.302186930455929,0.0534931142768288,-0.2311845471942,,,cuVSLAM,34,
363,1761211771242,22.3996322602034,-211.32218837738,-26.4996122568846,0.30847089922895,0.0567353008622196,-0.229018239547182,,,cuVSLAM,33,
364,1761211771275,23.7411763519049,-215.87347984314,-27.7868211269379,0.314835513362674,0.0598582551374949,-0.226894599021006,,,cuVSLAM,33,
365,1761211771309,25.9137284010649,-219.618514180183,-29.0926638990641,0.32096194334598,0.0633461817143461,-0.226649261217433,,,cuVSLAM,34,
366,1761211771342,27.826426550746,-223.584055900574,-30.244829133153,0.326998278321556,0.0669472876535859,-0.224830940427607,,,cuVSLAM,33,
367,1761211771376,29.7290589660406,-227.830767631531,-31.1743430793285,0.332960441724419,0.0710685417867495,-0.223966367138509,,,cuVSLAM,34,
368,1761211771409,31.6240936517715,-231.507331132889,-32.6186046004295,0.338379054820627,0.0749824142068977,-0.224620181520608,,,cuVSLAM,33,
369,1761211771442,34.1465249657631,-234.618619084358,-34.2186763882637,0.343525082205426,0.078500573439067,-0.223855320964646,,,cuVSLAM,33,
370,1761211771476,36.1729264259338,-238.217070698738,-35.0666381418705,0.348388798264779,0.0826799464737333,-0.222724889435823,,,cuVSLAM,34,
371,1761211771509,38.2620319724083,-240.926995873451,-36.6508886218071,0.353034972469481,0.0862916764611282,-0.222582948942257,,,cuVSLAM,33,
372,1761211771542,40.2871146798134,-244.438290596008,-37.3245216906071,0.357642208374001,0.0901790418206198,-0.220448770999069,,,cuVSLAM,33,
373,1761211771576,42.0621111989021,-246.970057487488,-38.9499887824059,0.362163545186261,0.0930356708335464,-0.218881208148028,,,cuVSLAM,34,
374,1761211771609,43.7815114855766,-249.619618058205,-40.0791428983212,0.366548059550024,0.0959592548539511,-0.217959439571159,,,cuVSLAM,33,
375,1761211771642,45.5585792660713,-252.35652923584,-41.398648172617,0.37116358787886,0.0984214460587991,-0.215402601646174,,,cuVSLAM,33,
376,1761211771676,46.6015785932541,-255.995035171509,-42.8545773029327,0.376152108813541,0.100855323627624,-0.212700614120059,,,cuVSLAM,34,
377,1761211771709,48.1405034661293,-259.333044290543,-43.776486068964,0.381138069732715,0.104378724707982,-0.2140256707426,,,cuVSLAM,33,
378,1761211771742,50.0501543283463,-262.47164607048,-45.432735234499,0.386516462393476,0.107301963749211,-0.214369150371771,,,cuVSLAM,33,
379,1761211771776,51.5740886330605,-266.563594341278,-46.4154295623302,0.392547386643747,0.110551405065244,-0.211712787050611,,,cuVSLAM,34,
380,1761211771809,53.6734759807587,-270.25306224823,-47.8595234453678,0.398374215445428,0.114052586325591,-0.210709284178844,,,cuVSLAM,33,
381,1761211771842,55.5306375026703,-274.071723222733,-49.4674779474735,0.404215370469986,0.117678256463397,-0.209325809670506,,,cuVSLAM,33,
382,1761211771876,57.4393421411514,-278.00926566124,-50.9880483150482,0.410513014137426,0.120933917007755,-0.204558818327643,,,cuVSLAM,34,
383,1761211771909,59.8064959049225,-281.388133764267,-52.6514314115047,0.416710430253664,0.124380236916122,-0.201996417402854,,,cuVSLAM,33,
384,1761211771942,61.4824965596199,-285.030633211136,-54.5099824666977,0.422989425162424,0.127621512835055,-0.200854004266047,,,cuVSLAM,33,
385,1761211771976,63.1613507866859,-289.018332958221,-56.7896328866482,0.429461418108375,0.130283739859343,-0.198176051098397,,,cuVSLAM,34,
386,1761211772009,64.5504668354988,-293.223321437836,-57.911466807127,0.436331468909184,0.133186985322767,-0.193781635351085,,,cuVSLAM,33,
387,1761211772042,66.0879239439964,-297.373563051224,-59.6331842243671,0.443303640405773,0.135778948890656,-0.190447173410783,,,cuVSLAM,33,
388,1761211772075,67.6114782691002,-301.981627941132,-61.4413395524025,0.450431100063034,0.139045738841085,-0.188826125873978,,,cuVSLAM,33,
389,1761211772109,69.6065574884415,-305.758684873581,-63.8786256313324,0.457739533756181,0.142088404606334,-0.187020299558964,,,cuVSLAM,34,
390,1761211772142,71.6435089707375,-310.188680887222,-66.2389323115349,0.465109405160061,0.145734705589642,-0.184816759002584,,,cuVSLAM,33,
391,1761211772175,73.6487060785294,-315.099030733109,-68.1526735424995,0.472597373176592,0.15049225598237,-0.184388506602138,,,cuVSLAM,33,
392,1761211772209,76.1526376008987,-319.639176130295,-70.5429092049599,0.480177681111155,0.155292275293925,-0.184591063826208,,,cuVSLAM,34,
393,1761211772242,78.5784646868706,-324.256539344788,-73.0529800057411,0.487879092281935,0.159847001416361,-0.183438712178122,,,cuVSLAM,33,
394,1761211772275,80.7405710220337,-328.787475824356,-76.1530846357346,0.495821128238731,0.16381454744807,-0.181300433561609,,,cuVSLAM,33,
395,1761211772309,83.1864252686501,-333.05224776268,-78.8375809788704,0.503626150366021,0.168095366394854,-0.179857679514498,,,cuVSLAM,34,
396,1761211772342,85.4224264621735,-337.594240903854,-81.652894616127,0.511055644371451,0.17242379097862,-0.179063786427255,,,cuVSLAM,33,
397,1761211772375,87.3858332633972,-342.146098613739,-84.0373337268829,0.518338675890962,0.176494368641209,-0.177407458014468,,,cuVSLAM,33,
398,1761211772409,89.1119539737701,-346.379399299622,-86.4257514476776,0.525231127966703,0.1799953667463,-0.175478158384144,,,cuVSLAM,34,
399,1761211772442,91.0880267620087,-349.793344736099,-88.2121846079826,0.531829697454137,0.183148521037922,-0.173498925644674,,,cuVSLAM,33,
400,1761211772475,92.2027379274368,-353.710651397705,-90.2078598737717,0.537995875272098,0.185691557534025,-0.170675087934617,,,cuVSLAM,33,
401,1761211772509,93.2453945279121,-356.757611036301,-91.9087305665016,0.543518355237164,0.187685007511653,-0.168677478884351,,,cuVSLAM,34,
402,1761211772542,94.2016169428825,-359.416455030441,-93.6421453952789,0.548568294167324,0.189137353109225,-0.167564747322448,,,cuVSLAM,33,
403,1761211772575,94.7270169854164,-362.028211355209,-94.7233289480209,0.552894531145984,0.190656676190963,-0.1667342309903,,,cuVSLAM,33,
404,1761211772609,95.5553352832794,-366.82978272438,-93.8187390565872,0.556299772306776,0.193109221456416,-0.164172820124764,,,cuVSLAM,34,
405,1761211772642,95.8711206912994,-368.743658065796,-94.3906083703041,0.559055214550319,0.194146604971886,-0.164132184302285,,,cuVSLAM,33,
406,1761211772675,95.7710295915604,-369.681537151337,-95.6151261925697,0.560817310413025,0.194074447911643,-0.165061954012078,,,cuVSLAM,33,
407,1761211772709,95.6367179751396,-370.41848897934,-95.6403240561485,0.561452794385678,0.194470348335924,-0.166551139731141,,,cuVSLAM,34,
408,1761211772742,95.4140052199364,-370.3493475914,-95.4691842198372,0.561083518080633,0.194443024662376,-0.167874336424979,,,cuVSLAM,33,
409,1761211772775,95.2124819159508,-369.290798902512,-94.467855989933,0.559419485712783,0.194068924740141,-0.168266488282063,,,cuVSLAM,33,
410,1761211772809,94.9562042951584,-367.382824420929,-93.8380807638168,0.556408440430857,0.193065126040105,-0.168740726303478,,,cuVSLAM,34,
411,1761211772842,94.6320816874504,-365.489929914474,-92.6137045025826,0.552003599889316,0.192504634056213,-0.170641547874219,,,cuVSLAM,33,
412,1761211772875,94.2168384790421,-362.184524536133,-90.5741080641747,0.546125718262893,0.191561211573029,-0.172114467901415,,,cuVSLAM,33,
413,1761211772909,93.7474742531776,-358.19536447525,-87.9930108785629,0.539249915234652,0.189778893232571,-0.170802056956078,,,cuVSLAM,34,
414,1761211772942,93.3972075581551,-353.260844945908,-85.2667912840843,0.531193796442938,0.187935487917036,-0.170511550518971,,,cuVSLAM,33,
415,1761211772975,92.7727445960045,-347.791403532028,-82.4509188532829,0.521841917585152,0.185862563734386,-0.170919395583516,,,cuVSLAM,33,
416,1761211773009,92.089906334877,-341.683387756348,-79.0785700082779,0.511642052783236,0.18331541753519,-0.169445107686871,,,cuVSLAM,34,
417,1761211773042,91.4777219295502,-334.908366203308,-75.6067410111427,0.500533138855302,0.180790917618118,-0.168543937166954,,,cuVSLAM,33,
418,1761211773075,90.9015610814095,-328.067660331726,-72.4177062511444,0.488533805093864,0.178608441376225,-0.169414772280346,,,cuVSLAM,33,
419,1761211773109,90.3358310461044,-320.449471473694,-68.6377584934235,0.476134764193121,0.175829892641869,-0.167255323131114,,,cuVSLAM,34,
420,1761211773142,89.7289738059044,-312.254965305328,-64.9264380335808,0.463172426063628,0.172606474189251,-0.163910322704278,,,cuVSLAM,33,
421,1761211773175,89.3092006444931,-303.822636604309,-61.3952055573463,0.44953689900204,0.170000505549801,-0.162883080893891,,,cuVSLAM,33,
422,1761211773209,88.8862758874893,-295.282512903213,-57.529516518116,0.435528897207829,0.167761889810163,-0.161839497570054,,,cuVSLAM,34,
423,1761211773242,88.3120372891426,-286.346018314362,-53.975373506546,0.421342716191054,0.164883624442946,-0.158202318786598,,,cuVSLAM,33,
424,1761211773275,88.1548821926117,-277.13805437088,-50.1616783440113,0.406710796443011,0.162640106400923,-0.15578060957866,,,cuVSLAM,33,
425,1761211773308,87.8741294145584,-267.861783504486,-47.0874272286892,0.391974878051793,0.160260241277253,-0.154220274416338,,,cuVSLAM,33,
426,1761211773342,87.4728858470917,-258.271753787994,-43.5833409428597,0.377285009259087,0.157735096390552,-0.151195300197609,,,cuVSLAM,34,
427,1761211773375,86.9097858667374,-249.047636985779,-40.2259193360806,0.362722597128036,0.155140178233525,-0.148029258610726,,,cuVSLAM,33,
428,1761211773408,86.197666823864,-239.933341741562,-37.0270535349846,0.348597186391703,0.152304914674284,-0.145217747645949,,,cuVSLAM,33,
429,1761211773442,85.0945860147476,-230.87577521801,-34.1456532478333,0.334721519358397,0.148930183711402,-0.143256836923266,,,cuVSLAM,34,
430,1761211773475,83.3523944020271,-222.428888082504,-31.3085466623306,0.321457463012311,0.144979591267793,-0.139349544917355,,,cuVSLAM,33,
431,1761211773508,81.6297084093094,-213.849693536758,-28.5006910562515,0.308571921254076,0.140819422029726,-0.135874926315011,,,cuVSLAM,33,
432,1761211773542,79.7113180160522,-205.506443977356,-26.1224806308746,0.29590043489408,0.136484206181777,-0.132941545902877,,,cuVSLAM,34,
433,1761211773575,77.8343677520752,-197.14318215847,-23.9058211445808,0.283394492370113,0.132167457285086,-0.130416459830999,,,cuVSLAM,33,
434,1761211773608,75.8538842201233,-188.78473341465,-21.9152048230171,0.270924718588285,0.127703290375893,-0.127365145566383,,,cuVSLAM,33,
435,1761211773642,73.9229619503021,-180.299192667007,-19.62760835886,0.258244097649076,0.123582107130965,-0.123911990065698,,,cuVSLAM,34,
436,1761211773675,72.0449388027191,-171.778529882431,-17.6258310675621,0.245410602508445,0.119581914321201,-0.121428942712964,,,cuVSLAM,33,
437,1761211773708,70.2673494815826,-162.9958152771,-16.0156935453415,0.2323160981128,0.115478290098728,-0.119549003958116,,,cuVSLAM,33,
438,1761211773742,68.541556596756,-153.641879558563,-13.9140337705612,0.218972848989035,0.111642272294168,-0.116521982698197,,,cuVSLAM,34,
439,1761211773775,66.7743310332298,-144.522711634636,-12.7329975366592,0.205234653759238,0.107609132092856,-0.11433302626564,,,cuVSLAM,33,
440,1761211773808,65.1269257068634,-135.104984045029,-10.905884206295,0.191154742048076,0.104268272525053,-0.110719291920687,,,cuVSLAM,33,
441,1761211773842,63.8515055179596,-125.022694468498,-9.29059088230133,0.176544221779485,0.101287759300637,-0.104633134754984,,,cuVSLAM,34,
442,1761211773875,62.7721101045609,-115.151643753052,-7.59895145893097,0.16192315739964,0.0988899554571072,-0.0979932023474314,,,cuVSLAM,33,
443,1761211773908,61.9356371462345,-104.612678289413,-6.41751289367676,0.146885654078108,0.0966759608369505,-0.090920642361804,,,cuVSLAM,33,
444,1761211773942,61.233825981617,-93.7255024909973,-4.91204112768173,0.131448293167622,0.0949188032108394,-0.0829708354468385,,,cuVSLAM,34,
445,1761211773975,60.3336207568646,-82.7897191047668,-4.29399311542511,0.115480246884538,0.0926652817344898,-0.0749123827668629,,,cuVSLAM,33,
446,1761211774008,59.2783913016319,-71.2778866291046,-3.41740250587463,0.0990502006764742,0.0905724673669368,-0.0676839665056794,,,cuVSLAM,33,
447,1761211774042,57.9319447278976,-60.1032078266144,-2.81171500682831,0.0822816731618686,0.0880890590092659,-0.0614943553221943,,,cuVSLAM,34,
448,1761211774075,56.2509000301361,-48.8311052322388,-2.22235172986984,0.0653216780573383,0.0854678627292383,-0.0564032769562763,,,cuVSLAM,33,
449,1761211774108,54.9128800630569,-37.4796390533447,-1.14793330430985,0.0484352219730726,0.0832559289741762,-0.0499884886589341,,,cuVSLAM,33,
450,1761211774142,53.4539595246315,-25.813490152359,-1.74421072006226,0.0313645183689984,0.0802221919963779,-0.0445781827946927,,,cuVSLAM,34,
451,1761211774175,51.4944866299629,-15.3360068798065,-2.97572463750839,0.0146364124373882,0.0769944502587233,-0.0400822384164695,,,cuVSLAM,33,
452,1761211774208,50.3905192017555,-4.17017936706543,-3.53030860424042,-0.00188223694323049,0.0749141872608548,-0.0362162220370412,,,cuVSLAM,33,
453,1761211774242,49.6504008769989,6.23145699501038,-4.08525764942169,-0.0175873073761451,0.0738211592239275,-0.0344036011032719,,,cuVSLAM,34,
454,1761211774275,49.6390014886856,16.1038637161255,-5.03157824277878,-0.0324026421433641,0.0736265245735084,-0.0327763823236274,,,cuVSLAM,33,
455,1761211774308,50.1750707626343,25.3998339176178,-6.0018002986908,-0.0462406023308123,0.0745518418182685,-0.0285514254379918,,,cuVSLAM,33,
456,1761211774342,51.0918200016022,33.9353084564209,-6.99945539236069,-0.059092202566367,0.0762877348616902,-0.0249062864288398,,,cuVSLAM,34,
457,1761211774375,52.380308508873,41.5585935115814,-7.82018899917603,-0.071004795215549,0.0788641167192512,-0.022634050735292,,,cuVSLAM,33,
458,1761211774408,54.1355982422829,48.8952696323395,-8.85666906833649,-0.082088675310411,0.0817999675176177,-0.0197843006964994,,,cuVSLAM,33,
459,1761211774441,55.7128936052322,55.7108223438263,-10.6813907623291,-0.0923461573927577,0.0842733483033048,-0.0160022099758699,,,cuVSLAM,33,
460,1761211774475,57.5041919946671,61.9389414787293,-11.3632827997208,-0.10172434156443,0.0874482718327154,-0.0125703408495336,,,cuVSLAM,34,
461,1761211774508,58.8786229491234,68.0674612522125,-12.678362429142,-0.110437594373452,0.0899959179442046,-0.00878459235079938,,,cuVSLAM,33,
462,1761211774541,59.5422312617302,73.4377205371857,-13.8775035738945,-0.118471370015303,0.0920778399589118,-0.00336506019179553,,,cuVSLAM,33,
463,1761211774575,60.0100308656693,78.8020193576813,-15.2938961982727,-0.126271166311399,0.0936167639977183,0.00151407666982822,,,cuVSLAM,34,
464,1761211774608,60.9457641839981,85.0200951099396,-17.0879065990448,-0.133968213569297,0.0944520527268031,0.0051170701708326,,,cuVSLAM,33,
465,1761211774641,60.9754547476769,90.5095636844635,-18.3580368757248,-0.141750617775924,0.0947850266589188,0.00876585159322179,,,cuVSLAM,33,
466,1761211774675,60.4706481099129,96.00630402565,-19.2983001470566,-0.149516127626627,0.0944704386380407,0.0131222620766417,,,cuVSLAM,34,
467,1761211774708,59.5452636480331,101.866781711578,-21.0714340209961,-0.157711030177571,0.0931588603782144,0.0178448767313698,,,cuVSLAM,33,
468,1761211774741,58.2046136260033,107.515871524811,-22.1629738807678,-0.166267011318119,0.0919493658717469,0.0220242945543892,,,cuVSLAM,33,
469,1761211774775,56.630052626133,113.282084465027,-22.5846320390701,-0.175246368476118,0.0911058910811064,0.0267627711536775,,,cuVSLAM,34,
470,1761211774808,55.228054523468,119.522750377655,-24.2315828800201,-0.184645385525471,0.0895401411482122,0.0314994939152516,,,cuVSLAM,33,
471,1761211774841,53.2932281494141,125.192999839783,-25.0738710165024,-0.194487153864744,0.0885558473307111,0.0369316282465802,,,cuVSLAM,33,
472,1761211774875,51.9105792045593,131.947249174118,-26.7660617828369,-0.204602406740717,0.0873500810132541,0.0424301152848331,,,cuVSLAM,34,
473,1761211774908,50.1951053738594,138.362854719162,-28.420552611351,-0.214993606536111,0.0865107218155861,0.0495731821318327,,,cuVSLAM,33,
474,1761211774941,49.0072891116142,146.1600959301,-30.769407749176,-0.225568872210769,0.0857018181927328,0.0570621562006383,,,cuVSLAM,33,
475,1761211774975,47.6011484861374,153.582781553268,-32.6470136642456,-0.236188823853144,0.0855113151352331,0.065610318178869,,,cuVSLAM,34,
476,1761211775008,46.0092797875404,160.478681325912,-35.0151509046555,-0.246819811429767,0.0851861537729683,0.0743904777663496,,,cuVSLAM,33,
477,1761211775041,44.608898460865,167.397350072861,-37.2624844312668,-0.25728456460225,0.0854150650007536,0.0847887895664916,,,cuVSLAM,33,
478,1761211775075,43.3399677276611,174.111515283585,-39.1147881746292,-0.267803940335281,0.0860713798602846,0.094407990978488,,,cuVSLAM,34,
479,1761211775108,41.9812947511673,180.623859167099,-41.5709167718887,-0.278219428708736,0.0865321452634127,0.103944933621159,,,cuVSLAM,33,
480,1761211775141,40.6991615891457,188.084572553635,-43.950080871582,-0.288196842922861,0.0876097920504844,0.115577013214762,,,cuVSLAM,33,
481,1761211775175,39.049319922924,194.156974554062,-45.6970483064652,-0.297790983488711,0.0890204809103175,0.127789895418247,,,cuVSLAM,34,
482,1761211775208,37.8952100872993,201.038330793381,-47.1336245536804,-0.306950667547824,0.0908791660480886,0.139757145592534,,,cuVSLAM,33,
483,1761211775241,36.3474041223526,206.409066915512,-50.8881956338882,-0.315941858033024,0.0909482483108733,0.149427039129632,,,cuVSLAM,33,
484,1761211775275,35.444088280201,212.03151345253,-53.0910789966583,-0.323973850804977,0.0921803575828238,0.158587825345333,,,cuVSLAM,34,
485,1761211775308,33.8673293590546,217.667654156685,-54.74504083395,-0.330675421290947,0.0936341997553876,0.166326705738904,,,cuVSLAM,33,
486,1761211775341,32.9893231391907,220.678418874741,-56.2573149800301,-0.336698810667319,0.0944576403934454,0.173970966487878,,,cuVSLAM,33,
487,1761211775375,31.8662635982037,224.843472242355,-57.4727430939674,-0.342266625142839,0.0957201848166492,0.182145657228418,,,cuVSLAM,34,
488,1761211775408,30.5716283619404,228.578001260757,-59.088796377182,-0.346887469993487,0.0967975203673518,0.193006736587157,,,cuVSLAM,33,
489,1761211775441,29.0435627102852,231.44955933094,-60.6368556618691,-0.35087513486358,0.0976476047813043,0.204335095332137,,,cuVSLAM,33,
490,1761211775475,27.6785381138325,234.228447079658,-61.6120807826519,-0.354570219279672,0.0986202006162557,0.214959823239538,,,cuVSLAM,34,
491,1761211775508,25.6507806479931,237.084433436394,-63.0364567041397,-0.357575967126268,0.10005609224474,0.232131285973586,,,cuVSLAM,33,
492,1761211775541,23.199699819088,239.686727523804,-63.959538936615,-0.360407015983316,0.101391783077776,0.250072587168401,,,cuVSLAM,33,
493,1761211775575,20.7735970616341,241.720288991928,-64.8293346166611,-0.363111869625604,0.101924022099774,0.264872833637363,,,cuVSLAM,34,
494,1761211775608,18.379982560873,243.607193231583,-65.4094219207764,-0.365609802733133,0.102667023158498,0.279763516460633,,,cuVSLAM,33,
495,1761211775641,15.9739051014185,245.670899748802,-66.096268594265,-0.368067880744493,0.103078503352106,0.294017907142359,,,cuVSLAM,33,
496,1761211775675,13.4809818118811,247.395887970924,-67.1551898121834,-0.370601758286717,0.102883696614542,0.306714148809534,,,cuVSLAM,34,
497,1761211775708,11.145306751132,250.445246696472,-68.2627633213997,-0.37324685514126,0.103458061083404,0.320376881957709,,,cuVSLAM,33,
498,1761211775741,8.81315022706986,252.375602722168,-68.8493847846985,-0.375624811713035,0.104343406632126,0.334923173051296,,,cuVSLAM,33,
499,1761211775775,6.66777603328228,254.378885030746,-69.579616189003,-0.377864591157976,0.105306142637939,0.348453255160713,,,cuVSLAM,34,
500,1761211775808,4.92662936449051,256.072759628296,-70.502370595932,-0.380175853784471,0.106190189660081,0.35962470314115,,,cuVSLAM,33,
501,1761211775842,3.64173017442226,257.689267396927,-70.9089115262032,-0.382331732617824,0.108006266070471,0.37104486072081,,,cuVSLAM,34,
502,1761211775875,2.63318605720997,259.331196546555,-71.608193218708,-0.384316219339799,0.110658204278016,0.384630605317057,,,cuVSLAM,33,
503,1761211775908,1.92045420408249,261.876672506332,-72.8897079825401,-0.386586648892455,0.113875740627698,0.397889112187762,,,cuVSLAM,33,
504,1761211775942,1.65339559316635,263.084948062897,-74.0577802062035,-0.389094614724941,0.117551755523326,0.410385005245251,,,cuVSLAM,34,
505,1761211775975,2.38549709320068,265.663981437683,-75.3073319792748,-0.391947498441743,0.122322932033615,0.419379364528039,,,cuVSLAM,33,
506,1761211776008,4.10058349370956,268.216520547867,-77.022522687912,-0.395299533584867,0.127589514333696,0.424997533207167,,,cuVSLAM,33,
507,1761211776042,6.91093876957893,270.951449871063,-78.520879149437,-0.398842671894789,0.134458259844476,0.429069551320517,,,cuVSLAM,34,
508,1761211776075,10.5397701263428,274.048268795013,-81.1568424105644,-0.402554635668832,0.142563961641055,0.434479094818004,,,cuVSLAM,33,
509,1761211776109,15.2737200260162,277.569025754929,-83.1512436270714,-0.406294266339535,0.152279016999363,0.437038630378523,,,cuVSLAM,34,
510,1761211776142,20.7530595362186,280.969351530075,-85.7510343194008,-0.410540135276195,0.162332686611613,0.435992843064042,,,cuVSLAM,33,
511,1761211776175,26.9533917307854,284.947335720062,-88.856652379036,-0.414923094194524,0.173196831218354,0.434488821447082,,,cuVSLAM,33,
512,1761211776209,33.6335524916649,289.165675640106,-92.1405106782913,-0.4197942528096,0.184776821985469,0.432408749826338,,,cuVSLAM,34,
513,1761211776242,40.20856320858,293.416917324066,-95.9339961409569,-0.424966630315031,0.196913009436961,0.431597841094139,,,cuVSLAM,33,
514,1761211776276,47.1094585955143,298.035353422165,-99.6041893959045,-0.430479189768939,0.209987179211125,0.431376751412125,,,cuVSLAM,34,
515,1761211776309,54.0779307484627,302.784204483032,-103.30543667078,-0.436573436992578,0.223567146704861,0.431574931023365,,,cuVSLAM,33,
516,1761211776342,60.779444873333,307.542204856873,-107.46693611145,-0.443173622294061,0.237312989981396,0.432957441793702,,,cuVSLAM,33,
517,1761211776376,67.3442557454109,312.873363494873,-112.769365310669,-0.450190160910369,0.250725737999871,0.43424470186992,,,cuVSLAM,34,
518,1761211776409,73.8718211650848,318.373918533325,-117.511905729771,-0.457786352928891,0.264756877681803,0.435819717948617,,,cuVSLAM,33,
519,1761211776442,79.9728631973267,324.529141187668,-122.463203966618,-0.465444025903423,0.278780634536746,0.436936109296007,,,cuVSLAM,33,
520,1761211776476,86.3266810774803,330.026477575302,-127.588078379631,-0.473576390475928,0.292193390115347,0.436989931751689,,,cuVSLAM,34,
521,1761211776509,92.4092009663582,335.565745830536,-132.959648966789,-0.482112749908005,0.304884710873459,0.435894106312111,,,cuVSLAM,33,
522,1761211776543,98.0251580476761,341.051995754242,-138.233810663223,-0.49058359225157,0.317130979569467,0.43506773132481,,,cuVSLAM,34,
523,1761211776576,103.17625105381,346.509426832199,-143.636643886566,-0.499099971042186,0.328302959018944,0.433654563668145,,,cuVSLAM,33,
524,1761211776609,107.656106352806,351.450473070145,-148.916468024254,-0.507479085433206,0.338115447994695,0.43182858826292,,,cuVSLAM,33,
525,1761211776643,111.597239971161,356.19843006134,-153.95025908947,-0.515583783496467,0.346904987049558,0.430137373854529,,,cuVSLAM,34,
526,1761211776676,114.954993128777,360.532969236374,-158.354461193085,-0.522926475266682,0.354736058863608,0.429003141343075,,,cuVSLAM,33,
527,1761211776710,117.797553539276,364.153236150742,-161.919057369232,-0.529418945735553,0.361400592627347,0.427578484230954,,,cuVSLAM,34,
528,1761211776743,120.220392942429,367.276251316071,-164.917930960655,-0.534963818164329,0.366637754480936,0.425389372985303,,,cuVSLAM,33,
529,1761211776777,122.253388166428,369.663000106812,-167.479619383812,-0.538966957404532,0.371056281878478,0.42451419458004,,,cuVSLAM,34,
530,1761211776810,124.067686498165,371.264159679413,-169.48889195919,-0.541690391830037,0.375195894128055,0.424450326317354,,,cuVSLAM,33,
531,1761211776843,125.857621431351,372.115463018417,-170.907825231552,-0.543166771343134,0.378548328793949,0.423736784323341,,,cuVSLAM,33,
532,1761211776877,127.712577581406,372.671276330948,-171.741425991058,-0.543692210232058,0.381922041932338,0.423014162550539,,,cuVSLAM,34,
533,1761211776910,129.166021943092,372.629582881927,-172.925740480423,-0.543282329813434,0.385022316978285,0.424634497251956,,,cuVSLAM,33,
534,1761211776944,130.495920777321,372.576624155045,-173.414468765259,-0.541953790916008,0.388715462774586,0.428171121916807,,,cuVSLAM,34,
535,1761211776977,131.744161248207,372.29859828949,-173.526346683502,-0.539387902099289,0.393161293376517,0.434049599760456,,,cuVSLAM,33,
536,1761211777010,133.145943284035,371.765613555908,-173.561722040176,-0.536313901843643,0.397845614680038,0.44066801325783,,,cuVSLAM,33,
537,1761211777044,134.553179144859,371.014058589935,-173.246800899506,-0.53253790580227,0.402478470163776,0.44781127954051,,,cuVSLAM,34,
538,1761211777077,135.862469673157,369.735509157181,-172.710612416267,-0.528020552605695,0.407062458771879,0.455767368684657,,,cuVSLAM,33,
539,1761211777111,137.399271130562,368.399441242218,-171.846479177475,-0.522650421817457,0.412257296865783,0.464531302314909,,,cuVSLAM,34,
540,1761211777144,139.125630259514,366.648644208908,-171.065375208855,-0.51701248630839,0.416881096098519,0.472009153623983,,,cuVSLAM,33,
541,1761211777178,141.109138727188,364.567935466766,-170.221865177155,-0.511158944176054,0.421462646891633,0.478411178014209,,,cuVSLAM,34,
542,1761211777211,143.332839012146,362.531542778015,-169.224172830582,-0.504739113228353,0.426626353231475,0.485176389165412,,,cuVSLAM,33,
543,1761211777244,146.133497357368,360.062390565872,-168.299734592438,-0.497735799047538,0.432237879095455,0.491855771779699,,,cuVSLAM,33,
544,1761211777278,149.217531085014,357.41463303566,-167.76442527771,-0.490555938691809,0.437986665690924,0.497445147311123,,,cuVSLAM,34,
545,1761211777311,153.099119663239,354.727655649185,-167.126938700676,-0.483323771096499,0.444296629879929,0.501230644091364,,,cuVSLAM,33,
546,1761211777345,157.511919736862,352.001994848251,-166.81419312954,-0.476473657131092,0.450786013465384,0.502395253120219,,,cuVSLAM,34,
547,1761211777378,162.340506911278,349.151074886322,-167.07156598568,-0.469782696294719,0.45753806821761,0.5030988882162,,,cuVSLAM,33,
548,1761211777411,167.445242404938,346.835285425186,-166.80109500885,-0.462942657697515,0.465329658929434,0.504094335842182,,,cuVSLAM,33,
549,1761211777445,172.767639160156,344.32315826416,-167.070373892784,-0.456565308744974,0.472899615970175,0.503786006296692,,,cuVSLAM,34,
550,1761211777478,178.357601165771,341.731041669846,-167.492538690567,-0.450746262121267,0.480514995665663,0.502063719613548,,,cuVSLAM,33,
551,1761211777512,183.665335178375,339.345663785934,-168.22125017643,-0.445068025488135,0.487991408883317,0.500675613734413,,,cuVSLAM,34,
552,1761211777545,188.845992088318,337.23109960556,-169.16660964489,-0.439738502264203,0.495555632993155,0.499748996681093,,,cuVSLAM,33,
553,1761211777578,194.174110889435,335.233151912689,-170.055404305458,-0.435010308756966,0.503103967469012,0.497771052012778,,,cuVSLAM,33,
554,1761211777612,199.135348200798,333.22274684906,-171.490252017975,-0.430968044363374,0.509775649801619,0.495279963299577,,,cuVSLAM,34,
555,1761211777645,203.890055418015,331.602156162262,-172.45802283287,-0.427506092228278,0.516474997122754,0.492123238558128,,,cuVSLAM,33,
556,1761211777678,208.666354417801,329.862594604492,-173.572584986687,-0.42437620985266,0.522909885658593,0.488356797677749,,,cuVSLAM,33,
557,1761211777711,213.522747159004,328.193426132202,-174.828588962555,-0.421564686384653,0.529046061813354,0.483153567441174,,,cuVSLAM,33,
558,1761211777745,219.317823648453,327.636957168579,-174.845054745674,-0.419704646253476,0.535865421573291,0.474873570134994,,,cuVSLAM,34,
559,1761211777778,223.864689469337,326.166957616806,-176.243022084236,-0.41771629478301,0.541621584079934,0.469689007700777,,,cuVSLAM,33,
560,1761211777811,228.100091218948,325.092315673828,-177.686408162117,-0.415445962050611,0.547375184011536,0.465850860959144,,,cuVSLAM,33,
561,1761211777845,232.347026467323,324.001789093018,-179.239898920059,-0.413179447788927,0.553426315748481,0.462257561436416,,,cuVSLAM,34,
562,1761211777878,236.884832382202,322.735607624054,-180.979073047638,-0.410919777296926,0.55991838129967,0.458656809019069,,,cuVSLAM,33,
563,1761211777911,241.762548685074,321.503937244415,-182.711333036423,-0.408367196190792,0.566900665025969,0.454711079940471,,,cuVSLAM,33,
564,1761211777945,246.609747409821,320.065796375275,-184.725180268288,-0.405583375499786,0.574239766078227,0.451440142247057,,,cuVSLAM,34,
565,1761211777978,251.567125320435,318.781495094299,-186.775878071785,-0.402490076148371,0.582194262231487,0.44911551720829,,,cuVSLAM,33,
566,1761211778011,256.581634283066,317.422538995743,-188.781946897507,-0.399399240830148,0.590144392729767,0.44691523672059,,,cuVSLAM,33,
567,1761211778045,261.44415140152,315.884709358215,-190.90136885643,-0.396516482662256,0.597459918289129,0.443788903454053,,,cuVSLAM,34,
568,1761211778078,266.20477437973,314.050644636154,-192.658960819244,-0.393747847488595,0.603886516539812,0.438780384738531,,,cuVSLAM,33,
569,1761211778111,270.53627371788,311.886250972748,-193.834841251373,-0.390589125657183,0.608852731012129,0.433184637445123,,,cuVSLAM,33,
570,1761211778145,274.344623088837,309.109687805176,-194.176763296127,-0.386957676149081,0.612407078795249,0.426495525731913,,,cuVSLAM,34,
571,1761211778178,277.841150760651,305.702805519104,-194.126859307289,-0.382315657029378,0.614896887454242,0.41976858969411,,,cuVSLAM,33,
572,1761211778211,281.001389026642,301.591813564301,-193.229973316193,-0.376631420053809,0.616049335676685,0.412680962291527,,,cuVSLAM,33,
573,1761211778245,283.841073513031,296.885401010513,-191.663131117821,-0.370142241736578,0.616092276351267,0.405314559496731,,,cuVSLAM,34,
574,1761211778278,286.318778991699,292.126685380936,-189.772069454193,-0.362723227399005,0.615659814751408,0.399155116600356,,,cuVSLAM,33,
575,1761211778311,288.391888141632,286.867052316666,-187.520280480385,-0.353958028008983,0.615118671748155,0.395622113776683,,,cuVSLAM,33,
576,1761211778345,290.315628051758,281.194180250168,-185.093030333519,-0.344097162802416,0.614763113391038,0.393846476596825,,,cuVSLAM,34,
577,1761211778378,292.293757200241,275.274395942688,-182.557687163353,-0.333909278049812,0.614215328254244,0.391345512416492,,,cuVSLAM,33,
578,1761211778411,294.148772954941,269.213765859604,-179.795414209366,-0.32316014757709,0.613359539998897,0.389105786822173,,,cuVSLAM,33,
579,1761211778445,295.75788974762,263.116836547852,-176.773935556412,-0.311716572938571,0.612430871705407,0.388564022862099,,,cuVSLAM,34,
580,1761211778478,297.195971012115,256.491333246231,-173.707664012909,-0.30001265845881,0.61113096716523,0.387968847286157,,,cuVSLAM,33,
581,1761211778511,298.744440078735,249.60233271122,-170.824229717255,-0.288840033909342,0.609344237256383,0.384971985258035,,,cuVSLAM,33,
582,1761211778545,300.085127353668,242.566466331482,-167.765364050865,-0.277199540481858,0.607361457373792,0.382596182897924,,,cuVSLAM,34,
583,1761211778578,301.395714282989,235.496580600739,-164.482310414314,-0.265159513771485,0.605276471452807,0.380705322873785,,,cuVSLAM,33,
584,1761211778611,302.350431680679,228.211283683777,-161.188885569572,-0.253356697831772,0.60258405053261,0.378245155476542,,,cuVSLAM,33,
585,1761211778645,302.899360656738,221.236482262611,-157.818526029587,-0.241474609870936,0.599423371948761,0.376502429331697,,,cuVSLAM,34,
586,1761211778678,303.328603506088,213.873356580734,-154.311269521713,-0.229546357527165,0.596259768542695,0.375990150627065,,,cuVSLAM,33,
587,1761211778711,303.711235523224,206.860288977623,-151.049569249153,-0.217713387793771,0.593045657054307,0.374595310439773,,,cuVSLAM,33,
588,1761211778745,304.084181785583,199.495643377304,-147.781953215599,-0.205959605610581,0.589519136711531,0.372310587943619,,,cuVSLAM,34,
589,1761211778778,304.361462593079,191.996589303017,-144.518479704857,-0.194536270277257,0.58575825452959,0.369477811342715,,,cuVSLAM,33,
590,1761211778811,304.402619600296,184.71647799015,-141.399085521698,-0.183400906201935,0.581518352815806,0.366110332396775,,,cuVSLAM,33,
591,1761211778844,304.404079914093,177.371233701706,-138.086631894112,-0.17186049558302,0.577468493960467,0.362941297596056,,,cuVSLAM,33,
592,1761211778878,304.357260465622,169.844150543213,-134.89206135273,-0.160669553784846,0.573252578962781,0.359288445964832,,,cuVSLAM,34,
593,1761211778911,304.277688264847,162.315770983696,-131.789088249207,-0.149720708935316,0.568839920887596,0.355062040583287,,,cuVSLAM,33,
594,1761211778944,304.171741008759,154.668509960175,-128.925085067749,-0.138660714255906,0.564445577551573,0.350371865723767,,,cuVSLAM,33,
595,1761211778978,304.132282733917,146.525859832764,-126.149445772171,-0.127567151131148,0.560043868072217,0.344720217318748,,,cuVSLAM,34,
596,1761211779011,304.040819406509,138.546541333199,-123.555302619934,-0.116446083392814,0.555518208722372,0.338427443714229,,,cuVSLAM,33,
597,1761211779044,303.945571184158,130.433812737465,-120.915487408638,-0.105050669690225,0.551182189081262,0.331483676650452,,,cuVSLAM,33,
598,1761211779078,304.163694381714,121.840745210648,-118.375785648823,-0.0933654302762807,0.547142858281462,0.324001001332953,,,cuVSLAM,34,
599,1761211779111,304.545283317566,112.629771232605,-115.804754197598,-0.0815790951991696,0.543343136651205,0.315810465789122,,,cuVSLAM,33,
600,1761211779144,304.914653301239,103.253722190857,-113.562770187855,-0.0694327287360376,0.539553462900755,0.307150374104165,,,cuVSLAM,33,
601,1761211779178,305.515676736832,93.394085764885,-111.591145396233,-0.0567990254782973,0.536086805397724,0.297871174206112,,,cuVSLAM,34,
602,1761211779211,306.153237819672,84.0075314044952,-109.984487295151,-0.0440054950124919,0.532965072913491,0.287266915055275,,,cuVSLAM,33,
603,1761211779244,307.128071784973,73.9120543003082,-108.314715325832,-0.0308144287455185,0.530558766248808,0.277025281387113,,,cuVSLAM,33,
604,1761211779278,308.191955089569,63.8952851295471,-107.176251709461,-0.0173698517670935,0.528466581041059,0.266186919947717,,,cuVSLAM,34,
605,1761211779311,309.735894203186,53.1729161739349,-105.692610144615,-0.00305394414394225,0.527380353000225,0.256856689666934,,,cuVSLAM,33,
606,1761211779344,311.116546392441,42.795717716217,-104.771457612515,0.0117857611019706,0.526441622885591,0.248593787036313,,,cuVSLAM,33,
607,1761211779378,312.436670064926,32.2007536888123,-104.334481060505,0.0273960268535528,0.525486789932984,0.24276266750451,,,cuVSLAM,34,
608,1761211779411,313.530206680298,21.3699638843536,-104.207225143909,0.0437424877865368,0.524401731349883,0.23844676493129,,,cuVSLAM,33,
609,1761211779444,314.3330514431,10.8926296234131,-103.882178664207,0.0596519744375374,0.52333099266094,0.23248401850691,,,cuVSLAM,33,
610,1761211779478,315.110623836517,0.0169575214385986,-103.573717176914,0.0752384321917936,0.522012067789145,0.226645232587464,,,cuVSLAM,34,
611,1761211779511,315.429151058197,-9.78624820709229,-103.230014443398,0.0900169590613344,0.520415085233629,0.221661908179632,,,cuVSLAM,33,
612,1761211779544,315.725266933441,-20.0486481189728,-103.161618113518,0.104286249371871,0.518847712648497,0.215839486267747,,,cuVSLAM,33,
613,1761211779578,316.17146730423,-29.7399759292603,-103.177830576897,0.11725377218709,0.517426938832949,0.207966185770438,,,cuVSLAM,34,
614,1761211779611,316.253662109375,-38.5102033615112,-103.025421500206,0.128908259083274,0.515943261143395,0.20123065518519,,,cuVSLAM,33,
615,1761211779644,316.06662273407,-46.3502705097199,-102.806732058525,0.139702725650498,0.514357098458602,0.194830186950569,,,cuVSLAM,33,
616,1761211779678,316.078126430511,-54.5311868190765,-103.225231170654,0.149761777108662,0.512726902363143,0.186500134519565,,,cuVSLAM,34,
617,1761211779711,316.08459353447,-62.3145401477814,-103.483229875565,0.158425811357627,0.511500539368874,0.175762855255751,,,cuVSLAM,33,
618,1761211779744,315.8198595047,-69.7242319583893,-103.316299617291,0.166788338284439,0.510117461313718,0.166374110771752,,,cuVSLAM,33,
619,1761211779778,315.319657325745,-77.1345794200897,-103.373534977436,0.175328639818375,0.508341517027596,0.157090239161098,,,cuVSLAM,34,
620,1761211779811,314.645707607269,-84.3491554260254,-103.403612971306,0.183290991940839,0.506541046379171,0.146857514170438,,,cuVSLAM,33,
621,1761211779844,313.733905553818,-91.1018848419189,-103.337660431862,0.191137098938311,0.504377502490496,0.1367764186639,,,cuVSLAM,33,
622,1761211779878,312.160104513168,-97.408801317215,-103.344656527042,0.199041159138257,0.501411933455702,0.127084442361557,,,cuVSLAM,34,
623,1761211779911,310.648411512375,-103.958129882813,-102.919608354568,0.206863292753925,0.498584484812448,0.117980168256569,,,cuVSLAM,33,
624,1761211779944,309.042185544968,-111.121982336044,-102.596178650856,0.214975317953128,0.495504422322639,0.109604364516603,,,cuVSLAM,33,
625,1761211779977,307.33722448349,-118.494629859924,-102.456480264664,0.223252895035047,0.492376674157895,0.100685831288439,,,cuVSLAM,33,
626,1761211780011,305.347919464111,-125.33038854599,-102.850064635277,0.231070415870375,0.488898342798853,0.090659712959182,,,cuVSLAM,34,
627,1761211780044,304.939270019531,-134.011313319206,-100.075490772724,0.240953497258115,0.488771184813777,0.0822905036942494,,,cuVSLAM,33,
628,1761211780077,303.178757429123,-141.517400741577,-100.552275776863,0.249139899072287,0.486001664095455,0.0729156225898513,,,cuVSLAM,33,
629,1761211780111,301.775097846985,-148.804485797882,-100.940100848675,0.256446665574575,0.484285476306067,0.0597415456659537,,,cuVSLAM,34,
630,1761211780144,300.383925437927,-155.912056565285,-101.542830467224,0.264195417449471,0.482129555052495,0.048795941269019,,,cuVSLAM,33,
631,1761211780177,298.418700695038,-162.329569458962,-102.477245032787,0.272330730740869,0.478899641060209,0.0389867489024494,,,cuVSLAM,33,
632,1761211780211,296.170115470886,-169.784158468246,-102.802693843842,0.280185902059496,0.476179368043479,0.0276557888988345,,,cuVSLAM,34,
633,1761211780244,293.912321329117,-177.290976047516,-103.133715689182,0.287943323548116,0.473477391025065,0.01486114638552,,,cuVSLAM,33,
634,1761211780277,291.428864002228,-184.616193175316,-103.57178747654,0.296090575731373,0.470430354718815,0.00287010481757957,,,cuVSLAM,33,
635,1761211780311,288.880556821823,-192.29844212532,-104.228831827641,0.304462775047715,0.467506127533559,-0.0094827191639709,,,cuVSLAM,34,
636,1761211780344,286.471545696259,-199.938386678696,-104.86014187336,0.313107886681034,0.464784661434188,-0.0215846269397431,,,cuVSLAM,33,
637,1761211780377,283.92818570137,-207.619488239288,-106.052733957767,0.322370210852183,0.461451917911064,-0.0315309292885307,,,cuVSLAM,33,
638,1761211780411,281.379789113998,-215.10899066925,-107.133343815804,0.332341260662132,0.458346704096073,-0.0398304316449271,,,cuVSLAM,34,
639,1761211780444,278.738141059875,-223.082333803177,-108.733080327511,0.342693207436196,0.455402492837623,-0.0484834309534167,,,cuVSLAM,33,
640,1761211780477,276.20804309845,-231.33796453476,-110.078692436218,0.353345557756048,0.45292535263123,-0.0577496171748041,,,cuVSLAM,33,
641,1761211780511,273.485898971558,-239.699348807335,-111.57350987196,0.364497347525344,0.450225001990282,-0.0664728940614625,,,cuVSLAM,34,
642,1761211780544,270.697444677353,-247.88361787796,-112.877063453197,0.375773407441213,0.447650947538855,-0.0752245365687242,,,cuVSLAM,33,
643,1761211780577,267.80903339386,-256.308168172836,-114.653207361698,0.387506016637273,0.444673590298307,-0.0825937111906326,,,cuVSLAM,33,
644,1761211780611,264.753609895706,-264.313757419586,-116.168446838856,0.399085634872001,0.441668094858833,-0.090129617535888,,,cuVSLAM,34,
645,1761211780644,261.290073394775,-272.335350513458,-117.833338677883,0.410288967971769,0.437884130368386,-0.0970294988549507,,,cuVSLAM,33,
646,1761211780678,257.531493902206,-279.732525348663,-119.125738739967,0.42085134270142,0.433804159754376,-0.104287245443749,,,cuVSLAM,34,
647,1761211780711,253.916501998901,-286.376893520355,-119.634285569191,0.430704338462368,0.429840783678229,-0.110466269575048,,,cuVSLAM,33,
648,1761211780744,249.679982662201,-292.612731456757,-120.90040743351,0.440083292007976,0.424363157966425,-0.115356313893029,,,cuVSLAM,33,
649,1761211780778,245.706662535667,-298.610121011734,-120.412081480026,0.447914137096938,0.419968480611734,-0.121819428457103,,,cuVSLAM,34,
650,1761211780811,241.049543023109,-303.714632987976,-120.807260274887,0.454997321298513,0.413976269708144,-0.12844585802657,,,cuVSLAM,33,
651,1761211780844,235.906451940536,-308.07900428772,-120.418228209019,0.46144777960035,0.407024204357219,-0.133373812812701,,,cuVSLAM,33,
652,1761211780878,230.504140257835,-312.115073204041,-119.336672127247,0.467175334333699,0.399435453742152,-0.138124075817888,,,cuVSLAM,34,
653,1761211780911,224.662333726883,-315.744161605835,-118.220403790474,0.471947204496526,0.391128298741863,-0.1441127839763,,,cuVSLAM,33,
654,1761211780945,218.241795897484,-318.924069404602,-117.324359714985,0.476126243387153,0.381635979038333,-0.149480958820055,,,cuVSLAM,34,
655,1761211780978,211.704671382904,-321.640849113464,-115.455023944378,0.479522202537869,0.371885794100521,-0.15404247364525,,,cuVSLAM,33,
656,1761211781011,204.688549041748,-323.441922664642,-113.563597202301,0.48198120315077,0.361651512454464,-0.160483466511913,,,cuVSLAM,33,
657,1761211781045,197.581142187119,-325.504392385483,-110.997259616852,0.483695363820802,0.351193511728865,-0.166471025624586,,,cuVSLAM,34,
658,1761211781078,190.040975809097,-326.95609331131,-108.486995100975,0.484666350814184,0.339826198914218,-0.171911829847534,,,cuVSLAM,33,
659,1761211781111,182.512253522873,-327.240288257599,-105.569794774055,0.484675971947448,0.328299509718248,-0.177625686929042,,,cuVSLAM,33,
660,1761211781145,174.977511167526,-327.422648668289,-102.624677121639,0.484117339584733,0.316703352634296,-0.183179163839699,,,cuVSLAM,34,
661,1761211781178,167.425528168678,-327.20410823822,-99.9671220779419,0.482734838392395,0.304883294263136,-0.188355234479331,,,cuVSLAM,33,
662,1761211781212,159.898221492767,-326.693713665009,-97.4789708852768,0.480823494263344,0.292900969098039,-0.192734651591793,,,cuVSLAM,34,
663,1761211781245,152.48891711235,-325.056731700897,-94.6532487869263,0.478077491672917,0.280989149829097,-0.196990686750115,,,cuVSLAM,33,
664,1761211781278,145.412176847458,-322.813928127289,-91.1788195371628,0.474923244048286,0.269465047945223,-0.199076817168839,,,cuVSLAM,33,
665,1761211781312,138.516828417778,-320.2965259552,-87.9376754164696,0.471266651410308,0.257853393639495,-0.200037837754875,,,cuVSLAM,34,
666,1761211781345,131.837248802185,-316.956162452698,-84.4418331980705,0.466939548146844,0.246406275847113,-0.200361178793871,,,cuVSLAM,33,
667,1761211781378,125.675350427628,-313.982903957367,-81.1886265873909,0.461883120473298,0.235536126303254,-0.200455253715808,,,cuVSLAM,33,
668,1761211781412,119.466587901115,-310.340881347656,-77.8573304414749,0.456159012284854,0.224816424687517,-0.201328421950191,,,cuVSLAM,34,
669,1761211781445,113.408893346787,-306.367009878159,-74.3199288845062,0.449947172336821,0.214089841289369,-0.200782768394549,,,cuVSLAM,33,
670,1761211781479,107.383653521538,-301.331281661987,-70.7178264856339,0.443029772187215,0.203351372430884,-0.200213472320227,,,cuVSLAM,34,
671,1761211781512,101.369604468346,-296.070545911789,-66.8346285820007,0.435563495228224,0.192586726382871,-0.198954346945461,,,cuVSLAM,33,
672,1761211781545,95.2718406915665,-290.898859500885,-62.9467517137527,0.427623923843363,0.181675082621874,-0.197470290739674,,,cuVSLAM,33,
673,1761211781579,89.22079205513,-285.487771034241,-59.1235384345055,0.419129655374834,0.170715375274,-0.196100784828128,,,cuVSLAM,34,
674,1761211781612,82.6064795255661,-279.201984405518,-55.7109266519547,0.410044829086427,0.159105616277265,-0.19515098216755,,,cuVSLAM,33,
675,1761211781645,76.1160254478455,-272.731512784958,-51.7856031656265,0.400365675785797,0.147608477094898,-0.194468272868688,,,cuVSLAM,33,
676,1761211781679,69.479763507843,-265.758365392685,-48.0262264609337,0.390231748389109,0.135575681336894,-0.192861084978335,,,cuVSLAM,34,
677,1761211781712,62.6863390207291,-258.61644744873,-43.9867526292801,0.379747134303061,0.123004141042433,-0.186651886056807,,,cuVSLAM,33,
678,1761211781746,55.8239817619324,-250.918209552765,-41.4166450500488,0.368890626973109,0.110095775251008,-0.182020383468738,,,cuVSLAM,34,
679,1761211781779,49.4031608104706,-243.17929148674,-37.8761030733585,0.357365469413495,0.0987286582849089,-0.181887721229401,,,cuVSLAM,33,
680,1761211781812,43.0126190185547,-235.514044761658,-33.7963029742241,0.345715558812927,0.0877891830996565,-0.181848041267662,,,cuVSLAM,33,
681,1761211781846,36.575049161911,-227.08848118782,-30.4784178733826,0.334111297156821,0.0764679392654126,-0.180562073651779,,,cuVSLAM,34,
682,1761211781879,30.5074155330658,-219.515770673752,-27.3350775241852,0.322661230638656,0.065806271888669,-0.178046905423152,,,cuVSLAM,33,
683,1761211781912,24.7175693511963,-212.014466524124,-24.9666720628738,0.311650577943818,0.055654305730666,-0.177523706531262,,,cuVSLAM,33,
684,1761211781946,19.159346818924,-204.645350575447,-22.2912430763245,0.300919306478367,0.046234038067528,-0.17718749378653,,,cuVSLAM,34,
685,1761211781979,13.9708518981934,-197.395771741867,-20.0850069522858,0.290566775232416,0.0369627135699913,-0.176236128070689,,,cuVSLAM,33,
686,1761211782013,8.93208384513855,-191.172003746033,-17.7806615829468,0.280662207956177,0.0285261841813371,-0.175233231358288,,,cuVSLAM,34,
687,1761211782046,4.18755412101746,-184.940010309219,-16.0325095057488,0.271347901632452,0.0203199531060403,-0.174593139858543,,,cuVSLAM,33,
688,1761211782079,-0.244945287704468,-179.030880331993,-14.2119750380516,0.26229814392039,0.0126063763079412,-0.173333944751645,,,cuVSLAM,33,
689,1761211782113,-4.43735718727112,-173.063352704048,-11.9396522641182,0.253426221448342,0.00544930410741315,-0.17075054296691,,,cuVSLAM,34,
690,1761211782146,-8.41456651687622,-166.532129049301,-10.9130293130875,0.244729397338433,-0.00198514132816748,-0.166933248733904,,,cuVSLAM,33,
691,1761211782179,-12.1047794818878,-160.33998131752,-9.47938859462738,0.23593878642755,-0.00851921012452761,-0.163583180988506,,,cuVSLAM,33,
692,1761211782213,-15.6501233577728,-154.343008995056,-8.72417539358139,0.227471503288213,-0.0152523007511042,-0.157699993362744,,,cuVSLAM,34,
693,1761211782246,-18.7495946884155,-148.003742098808,-7.32538104057312,0.218708046515385,-0.0210975003959038,-0.151904803180462,,,cuVSLAM,33,
694,1761211782280,-21.8424797058105,-142.454564571381,-6.15677237510681,0.210074681151121,-0.0264171377379039,-0.146418824456537,,,cuVSLAM,34,
695,1761211782313,-24.1254270076752,-136.669769883156,-4.55529242753983,0.201402211719494,-0.0307681613742453,-0.140668684945798,,,cuVSLAM,33,
696,1761211782346,-26.7797410488129,-131.020843982697,-4.53182309865952,0.192919093780318,-0.0357994515262925,-0.134061545076248,,,cuVSLAM,33,
697,1761211782380,-28.8975536823273,-125.114321708679,-3.49008291959763,0.184036139117559,-0.0398407800722836,-0.127133315483648,,,cuVSLAM,34,
698,1761211782413,-31.1448574066162,-117.436170578003,-4.09945100545883,0.174716022465815,-0.0446336174615966,-0.120439324635312,,,cuVSLAM,33,
699,1761211782447,-32.1470201015472,-110.458672046661,-2.37931311130524,0.164893780919478,-0.0472073910187753,-0.112127512472457,,,cuVSLAM,34,
700,1761211782480,-32.9256653785706,-103.701308369637,-0.487402081489563,0.154444932293376,-0.0489895065648405,-0.102272655314535,,,cuVSLAM,33,
701,1761211782513,-34.2051982879639,-96.5762734413147,-0.957392156124115,0.143541471126709,-0.0516639936769782,-0.0920756145694238,,,cuVSLAM,33,
702,1761211782547,-34.1530442237854,-88.3986353874207,0.752814114093781,0.13165446463455,-0.0523370423795481,-0.0791076743682806,,,cuVSLAM,34,
703,1761211782580,-34.3587696552277,-79.7023251652718,0.866398215293884,0.119126016796888,-0.0532895660723005,-0.0665173647067499,,,cuVSLAM,33,
704,1761211782613,-34.4609022140503,-70.1560452580452,-0.0211820006370544,0.10605781563807,-0.0541699487210019,-0.0555460029897575,,,cuVSLAM,33,
705,1761211782647,-34.0046584606171,-59.9319562315941,0.186875462532043,0.0917962711380762,-0.0539567357456253,-0.0408742769857285,,,cuVSLAM,34,
706,1761211782680,-33.2873463630676,-49.7775673866272,1.27869099378586,0.0770551993143579,-0.0527444985118189,-0.0260346498897784,,,cuVSLAM,33,
707,1761211782713,-32.7064990997314,-39.3527969717979,1.38475745916367,0.0618408315942605,-0.0518521770758101,-0.0121050103526026,,,cuVSLAM,33,
708,1761211782747,-32.1385264396667,-28.4180790185928,1.75157934427261,0.0459743111165806,-0.050454721833598,0.00237995535609479,,,cuVSLAM,34,
709,1761211782780,-32.0076048374176,-17.7808701992035,1.29073113203049,0.0299890950072282,-0.0494920160218218,0.0177008162444484,,,cuVSLAM,33,
710,1761211782813,-31.8370759487152,-6.70857727527618,0.853545963764191,0.0136970667904415,-0.0481622300819713,0.0353476392536631,,,cuVSLAM,33,
711,1761211782847,-31.4194858074188,5.75251877307892,0.195868313312531,-0.00289701628139708,-0.0465697369357737,0.0523874612892463,,,cuVSLAM,34,
712,1761211782880,-31.3499271869659,16.5906846523285,-0.231333076953888,-0.0192403257117586,-0.0445487772729201,0.0703169038603478,,,cuVSLAM,33,
713,1761211782913,-32.4416160583496,26.6142934560776,-2.67516821622848,-0.0351131478754915,-0.043616168053828,0.090255431870721,,,cuVSLAM,33,
714,1761211782947,-34.7740948200226,36.134734749794,1.17380637675524,-0.0507497655975637,-0.0366517344157778,0.107413923946227,,,cuVSLAM,34,
715,1761211782980,-34.3012921512127,46.8457862734795,-0.690196640789509,-0.0660022558614902,-0.0339288796259667,0.123761200644136,,,cuVSLAM,33,
716,1761211783013,-33.7475314736366,57.1333169937134,-1.36071955785155,-0.080614195065218,-0.0297179390344524,0.142534992752487,,,cuVSLAM,33,
717,1761211783047,-32.6744578778744,66.4282292127609,-3.30341281369328,-0.0943113209986227,-0.0257989767313494,0.15559709646998,,,cuVSLAM,34,
718,1761211783080,-31.4313173294067,74.9520808458328,-5.24299964308739,-0.106911506864903,-0.0214121272423078,0.168451830951499,,,cuVSLAM,33,
719,1761211783113,-30.0485007464886,82.9004123806953,-6.74611981958151,-0.118443696359109,-0.0165165352847942,0.182522241800403,,,cuVSLAM,33,
720,1761211783147,-28.422899544239,89.7537991404533,-8.11260938644409,-0.128566300482446,-0.0117998792726102,0.191196007520813,,,cuVSLAM,34,
721,1761211783180,-26.6050007194281,95.8554148674011,-9.57681611180306,-0.137366991998837,-0.00733477207584477,0.197156323265142,,,cuVSLAM,33,
722,1761211783213,-24.9761417508125,101.257354021072,-10.4140313342214,-0.144821875057492,-0.00249007183743765,0.206309899164977,,,cuVSLAM,33,
723,1761211783247,-23.4363786876202,105.717293918133,-12.1114756911993,-0.15098123883856,0.00154216811667655,0.215206401813495,,,cuVSLAM,34,
724,1761211783280,-21.6944050043821,109.567612409592,-13.3511777967215,-0.155862992746616,0.00536689112497621,0.222509105504553,,,cuVSLAM,33,
725,1761211783313,-20.5802600830793,112.596593797207,-14.1228782013059,-0.15979741712467,0.00885462749174576,0.231252410898678,,,cuVSLAM,33,
726,1761211783347,-19.836500287056,114.297889173031,-14.2128225415945,-0.162489056222081,0.0116743887707635,0.23678608655954,,,cuVSLAM,34,
727,1761211783380,-18.8969187438488,115.333490073681,-14.8040605708957,-0.163810366818711,0.0131855529172819,0.23762510010321,,,cuVSLAM,33,
728,1761211783413,-18.3111727237701,115.128479897976,-14.1261918470263,-0.163457346551738,0.0142909191657716,0.236494075961087,,,cuVSLAM,33,
729,1761211783446,-18.0710405111313,113.775417208672,-14.2127275466919,-0.161267848387498,0.0137513066875373,0.233857325433569,,,cuVSLAM,33,
730,1761211783480,-17.997607588768,110.602095723152,-13.2026355713606,-0.156911113151139,0.0129372001449242,0.230025216630226,,,cuVSLAM,34,
731,1761211783513,-18.0789530277252,106.532014906406,-12.319945730269,-0.150571676336969,0.0113653242220293,0.225358297556261,,,cuVSLAM,33,
732,1761211783546,-18.2238295674324,101.085044443607,-10.8515694737434,-0.142389588279483,0.00968281432176383,0.222133050799075,,,cuVSLAM,33,
733,1761211783580,-18.8026446849108,94.4249778985977,-9.537891484797,-0.132282819453302,0.00734442145154006,0.220297465012691,,,cuVSLAM,34,
734,1761211783613,-19.2497223615646,86.6050645709038,-7.62075092643499,-0.120678805798874,0.00489448498497222,0.216372702268013,,,cuVSLAM,33,
735,1761211783646,-19.5684507489204,78.3322006464005,-5.80511149019003,-0.10770386698904,0.00212881284211566,0.210415674697507,,,cuVSLAM,33,
736,1761211783680,-20.2686358243227,68.0966675281525,-4.06703632324934,-0.0932991661992704,-0.00101746546400699,0.204354078651647,,,cuVSLAM,34,
737,1761211783713,-20.6100344657898,57.7495768666267,-2.32060300186276,-0.0779899403333261,-0.00430215111424115,0.194814439927155,,,cuVSLAM,33,
738,1761211783746,-21.0769791156054,46.4118495583534,-0.413574045524001,-0.0621221109206273,-0.0076710703785001,0.183500776595719,,,cuVSLAM,33,
739,1761211783780,-21.7977073043585,35.1298898458481,1.16172572597861,-0.0458716518158263,-0.0111790868035098,0.171711801544278,,,cuVSLAM,34,
740,1761211783813,-22.4653594195843,23.3164858072996,2.49042361974716,-0.0292887397920558,-0.0146104486179547,0.160769025294528,,,cuVSLAM,33,
741,1761211783846,-23.3010239899158,11.742340400815,4.08142898231745,-0.0124403487017467,-0.0178179679908541,0.151070960849502,,,cuVSLAM,33,
742,1761211783880,-24.2240354418755,0.202622264623642,5.09629305452108,0.00424203774639198,-0.0211059512320164,0.142892591060841,,,cuVSLAM,34,
743,1761211783913,-25.1514334231615,-11.0826231539249,6.00372580811381,0.0205090548622899,-0.0240939338793529,0.135264088702672,,,cuVSLAM,33,
744,1761211783946,-25.9434413164854,-21.5284116566181,6.91100489348173,0.0359972300683287,-0.0265611422797938,0.125871018053954,,,cuVSLAM,33,
745,1761211783980,-26.4424160122871,-31.8193435668945,7.60654220357537,0.0508098428726269,-0.0284843458163301,0.117310611327519,,,cuVSLAM,34,
746,1761211784013,-26.6410503536463,-40.8335328102112,7.37866852432489,0.0645174363033149,-0.030292660964101,0.107309392622656,,,cuVSLAM,33,
747,1761211784046,-26.3378210365772,-49.7473031282425,7.76968616992235,0.0776211301941326,-0.0308262957419775,0.0923189555948017,,,cuVSLAM,33,
748,1761211784080,-25.9583629667759,-58.1893995404244,7.72288953885436,0.089868619192699,-0.0311045954478039,0.0776751402623323,,,cuVSLAM,34,
749,1761211784113,-25.3510549664497,-66.0069137811661,7.34799169003964,0.101405683819573,-0.0309725490343808,0.0612117803510209,,,cuVSLAM,33,
750,1761211784146,-24.5041362941265,-73.9000514149666,7.23369605839253,0.112485444689748,-0.0300171318654312,0.0450768857843547,,,cuVSLAM,33,
751,1761211784180,-23.2471935451031,-81.2918245792389,7.85125978291035,0.123116595101113,-0.0278763137490756,0.02760137716033,,,cuVSLAM,34,
752,1761211784213,-21.7766538262367,-88.7812227010727,7.56667135283351,0.133520653772527,-0.0256859852311732,0.0107158383522676,,,cuVSLAM,33,
753,1761211784246,-19.8956057429314,-96.1324423551559,7.36412359401584,0.143940186699173,-0.0225518356856927,-0.00648383385637584,,,cuVSLAM,33,
754,1761211784280,-17.524927854538,-103.800296783447,6.78908079862595,0.154310837430089,-0.0186603892363127,-0.0237790685300879,,,cuVSLAM,34,
755,1761211784313,-14.5992860198021,-111.438184976578,6.70026149600744,0.164692149177691,-0.0133641468176379,-0.0414087815539351,,,cuVSLAM,33,
756,1761211784346,-10.8907334506512,-119.232669472694,6.01960858330131,0.175292383393496,-0.00692867078755409,-0.0598383691220387,,,cuVSLAM,33,
757,1761211784380,-6.53553381562233,-127.536579966545,5.45415980741382,0.18608774455184,0.0008709142663206,-0.0769686058359234,,,cuVSLAM,34,
758,1761211784413,-1.4316514134407,-135.435700416565,5.13700069859624,0.197090387116379,0.0102254272294071,-0.0940085747630632,,,cuVSLAM,33,
759,1761211784446,4.49550151824951,-143.507778644562,3.86341055855155,0.208409304034623,0.0207979975108677,-0.112601961629112,,,cuVSLAM,33,
760,1761211784480,11.0878571867943,-153.000429272652,2.11247708648443,0.220102047959119,0.0325872432359078,-0.129654505381138,,,cuVSLAM,34,
761,1761211784513,18.5693651437759,-162.420779466629,0.583364628255367,0.231882517695502,0.0464676821373993,-0.150106784650615,,,cuVSLAM,33,
762,1761211784546,26.3765826821327,-171.374425292015,-1.70353800058365,0.243711107784936,0.0605906203668664,-0.165185801937899,,,cuVSLAM,33,
763,1761211784580,34.648634493351,-179.686769843102,-4.17887326329947,0.255278357855226,0.0757604599764477,-0.180533977257753,,,cuVSLAM,34,
764,1761211784613,43.4572249650955,-188.18923830986,-7.32375960797071,0.266063258075176,0.0920189124515774,-0.199780642816445,,,cuVSLAM,33,
765,1761211784646,52.1402209997177,-197.509720921516,-10.6190778315067,0.276397274058791,0.108122497853327,-0.212895979782888,,,cuVSLAM,33,
766,1761211784680,60.2069050073624,-204.87055182457,-14.2980050295591,0.286534075890068,0.122449167031611,-0.219630507177458,,,cuVSLAM,34,
767,1761211784713,68.2078897953033,-212.71850168705,-16.9486775994301,0.295711054908108,0.137190537422174,-0.227000660299527,,,cuVSLAM,33,
768,1761211784746,75.6068676710129,-219.101920723915,-19.79860663414,0.304255253165426,0.150483489081245,-0.230958311951938,,,cuVSLAM,33,
769,1761211784780,82.3971554636955,-224.891290068626,-22.9835510253906,0.312237022497071,0.162127768612621,-0.230898177056353,,,cuVSLAM,34,
770,1761211784813,89.1367495059967,-229.794159531593,-25.1097790896893,0.319526802266112,0.17364196653665,-0.22945426923524,,,cuVSLAM,33,
771,1761211784846,95.255970954895,-234.843984246254,-28.1200930476189,0.326461986996843,0.18389255504275,-0.226737798298412,,,cuVSLAM,33,
772,1761211784880,101.147174835205,-239.493116736412,-30.0767794251442,0.332977570238083,0.194263330880081,-0.223539216554952,,,cuVSLAM,34,
773,1761211784913,106.60257935524,-243.858739733696,-33.9328274130821,0.339525761190245,0.203215242679677,-0.221483024482842,,,cuVSLAM,33,
774,1761211784946,112.022414803505,-249.205961823463,-38.376372307539,0.345984620205874,0.212111734354214,-0.220640271176478,,,cuVSLAM,33,
775,1761211784980,117.635190486908,-253.923296928406,-42.314313352108,0.352200103700804,0.221850512664202,-0.222590345002514,,,cuVSLAM,34,
776,1761211785013,123.472392559052,-258.160173892975,-44.7597727179527,0.358203151919033,0.232744878760931,-0.224505773612838,,,cuVSLAM,33,
777,1761211785046,129.678279161453,-263.421714305878,-47.9841716587544,0.364430740533241,0.243950660162645,-0.226558018109631,,,cuVSLAM,33,
778,1761211785079,135.921254754066,-268.236994743347,-51.9791357219219,0.370654233995155,0.255074504461513,-0.227783400513047,,,cuVSLAM,33,
779,1761211785113,142.693176865578,-272.432386875153,-55.1315732300282,0.37649395805315,0.266929688990856,-0.226282723311206,,,cuVSLAM,34,
780,1761211785146,149.735003709793,-277.356147766113,-59.2295043170452,0.381600458414372,0.279195632753337,-0.225720199562843,,,cuVSLAM,33,
781,1761211785179,157.207369804382,-280.619263648987,-63.0283653736115,0.385460607638985,0.292576614320742,-0.228430837081457,,,cuVSLAM,33,
782,1761211785213,164.867162704468,-283.965945243835,-66.9076517224312,0.388784253799305,0.306329976494041,-0.229759083960382,,,cuVSLAM,34,
783,1761211785246,172.758758068085,-285.921812057495,-71.1270645260811,0.391686660241842,0.319822498377721,-0.229808238284543,,,cuVSLAM,33,
784,1761211785279,180.739670991898,-287.780821323395,-75.7311582565308,0.394080075671136,0.33327094376122,-0.229194724848919,,,cuVSLAM,33,
785,1761211785313,189.052745699883,-289.719939231873,-79.9902752041817,0.396127978943834,0.34730111143151,-0.227884876486932,,,cuVSLAM,34,
786,1761211785346,197.432711720467,-290.842890739441,-83.8819667696953,0.397526575002502,0.361171653670727,-0.22555759721564,,,cuVSLAM,33,
787,1761211785379,205.604180693626,-291.5078997612,-88.1948620080948,0.398273780905783,0.374680326329837,-0.223871885283995,,,cuVSLAM,33,
788,1761211785413,213.545963168144,-291.555225849152,-92.4495384097099,0.39833678061865,0.387895481886581,-0.222451427260715,,,cuVSLAM,34,
789,1761211785446,221.172630786896,-291.092991828918,-96.391074359417,0.398121709429826,0.400401972194885,-0.21995403121924,,,cuVSLAM,33,
790,1761211785479,228.483766317368,-290.533781051636,-99.8967811465263,0.397473841117075,0.41249251967106,-0.217277798718983,,,cuVSLAM,33,
791,1761211785513,235.085636377335,-289.969682693481,-104.702427983284,0.396322340964764,0.423061300537254,-0.216059072577722,,,cuVSLAM,34,
792,1761211785546,241.347700357437,-289.010047912598,-108.717784285545,0.394505586853763,0.433278389890543,-0.215154590251767,,,cuVSLAM,33,
793,1761211785579,247.3503947258,-287.19174861908,-111.101359128952,0.392553686022359,0.443235527059539,-0.213018948640877,,,cuVSLAM,33,
794,1761211785613,252.71674990654,-285.636901855469,-113.939128816128,0.390031406244996,0.452002814264568,-0.21195530159027,,,cuVSLAM,34,
795,1761211785646,258.087396621704,-284.584641456604,-115.152046084404,0.386527464842341,0.461479537620281,-0.212529761760499,,,cuVSLAM,33,
796,1761211785679,269.031256437302,-278.156161308289,-112.666249275208,0.381713764192008,0.472751250009125,-0.215300907804596,,,cuVSLAM,33,
797,1761211785713,273.217856884003,-276.517927646637,-114.069096744061,0.377690688714879,0.479823778664509,-0.21471933292505,,,cuVSLAM,34,
798,1761211785746,277.525693178177,-274.004727602005,-115.470387041569,0.371172135208052,0.487607731528443,-0.22080365557606,,,cuVSLAM,33,
799,1761211785779,281.626492738724,-270.414352416992,-117.344722151756,0.363244691266739,0.494786417308092,-0.227990979901377,,,cuVSLAM,33,
800,1761211785813,286.149650812149,-265.938311815262,-118.359096348286,0.354917052446936,0.501846309363253,-0.231348897537818,,,cuVSLAM,34,
801,1761211785846,290.892690420151,-260.701984167099,-119.189947843552,0.345811476579126,0.508880102460964,-0.232787613916698,,,cuVSLAM,33,
802,1761211785879,295.742571353912,-255.32341003418,-120.044037699699,0.334644867347577,0.516824996525269,-0.236458607336352,,,cuVSLAM,33,
803,1761211785913,300.911486148834,-248.737826943398,-121.183276176453,0.323238728052384,0.52407887668577,-0.236226264636626,,,cuVSLAM,34,
804,1761211785946,306.322634220123,-241.360604763031,-121.980279684067,0.310332831955171,0.531862597551846,-0.236761440194022,,,cuVSLAM,33,
805,1761211785979,311.793059110641,-233.46421122551,-123.146638274193,0.295923220666286,0.539705991138581,-0.238767737400782,,,cuVSLAM,33,
806,1761211786013,317.359775304794,-224.901810288429,-123.834550380707,0.281477715017656,0.547212894727254,-0.237696227687192,,,cuVSLAM,34,
807,1761211786046,322.549641132355,-216.113418340683,-124.428018927574,0.266144847197887,0.554460382300863,-0.237916187849297,,,cuVSLAM,33,
808,1761211786079,327.681541442871,-206.774726510048,-124.752849340439,0.251177663381537,0.560790535574662,-0.236447650274587,,,cuVSLAM,33,
809,1761211786113,332.044363021851,-197.647422552109,-124.508678913116,0.237170909419593,0.566078914552694,-0.231599976914025,,,cuVSLAM,34,
810,1761211786146,335.85649728775,-188.653975725174,-125.030279159546,0.221632540187617,0.570705342719577,-0.23245481651771,,,cuVSLAM,33,
811,1761211786179,339.307129383087,-180.111944675446,-124.966531991959,0.206249558149725,0.574924698928512,-0.234358268489575,,,cuVSLAM,33,
812,1761211786213,342.171311378479,-171.650156378746,-124.784909188747,0.192617159597591,0.577836363054745,-0.233158137429213,,,cuVSLAM,34,
813,1761211786246,344.628095626831,-163.794189691544,-124.838098883629,0.178855580980738,0.580443484481628,-0.234200303975676,,,cuVSLAM,33,
814,1761211786279,346.74870967865,-156.238198280334,-124.729678034782,0.165958208970712,0.582530289136886,-0.234186017720242,,,cuVSLAM,33,
815,1761211786313,348.646342754364,-148.667424917221,-124.707512557507,0.153527723316384,0.584183211552708,-0.23382657164669,,,cuVSLAM,34,
816,1761211786346,350.45850276947,-141.334787011147,-124.638333916664,0.140997303971034,0.585712198334107,-0.234409885008977,,,cuVSLAM,33,
817,1761211786379,352.047652006149,-133.971199393272,-124.241426587105,0.128618341122526,0.586991887216328,-0.23465437606509,,,cuVSLAM,33,
818,1761211786413,353.582620620728,-126.761317253113,-123.993188142776,0.115817997354692,0.588051498247706,-0.236431246161937,,,cuVSLAM,34,
819,1761211786446,354.694366455078,-119.601368904114,-124.481692910194,0.102642814473023,0.588344200938113,-0.239649477438729,,,cuVSLAM,33,
820,1761211786479,355.895966291428,-112.415283918381,-124.10506606102,0.0895174190327696,0.589086805840254,-0.24243304954578,,,cuVSLAM,33,
821,1761211786513,356.800973415375,-105.293542146683,-123.669937252998,0.0764551371266956,0.589108142532001,-0.245570780568794,,,cuVSLAM,34,
822,1761211786546,357.161313295364,-98.1047749519348,-123.327784240246,0.0632001712979743,0.587794727333883,-0.25017296561705,,,cuVSLAM,33,
823,1761211786579,356.557011604309,-91.2103205919266,-122.295379638672,0.0518570137268923,0.585216905502406,-0.249345052618453,,,cuVSLAM,33,
824,1761211786613,355.677247047424,-84.2671692371368,-121.361501514912,0.0405332925145018,0.581915089928989,-0.250138152299082,,,cuVSLAM,34,
825,1761211786646,354.432642459869,-77.2944092750549,-120.185568928719,0.0293527577641458,0.577946146410148,-0.251010762840272,,,cuVSLAM,33,
826,1761211786679,352.930068969727,-70.5148875713348,-118.512451648712,0.0174621173970245,0.573453966259191,-0.254031747438233,,,cuVSLAM,33,
827,1761211786713,350.752890110016,-63.5708421468735,-117.106705904007,0.00689159565011082,0.567746362463902,-0.252909958705005,,,cuVSLAM,34,
828,1761211786746,348.478019237518,-56.163415312767,-115.088917315006,-0.00309036194009731,0.562053578285757,-0.248673322764114,,,cuVSLAM,33,
829,1761211786780,346.002757549286,-48.3907759189606,-113.39870095253,-0.0139168223994376,0.555844921702854,-0.24547072554159,,,cuVSLAM,34,
830,1761211786813,343.280345201492,-40.2008891105652,-111.763633787632,-0.0249933443006387,0.549356469283552,-0.24162088060952,,,cuVSLAM,33,
831,1761211786846,340.431213378906,-31.6445529460907,-110.055774450302,-0.0371655290594274,0.542462567753763,-0.238821504936398,,,cuVSLAM,33,
832,1761211786880,337.642461061478,-22.8447020053864,-108.253203332424,-0.050835990228257,0.535580373108677,-0.238465038357451,,,cuVSLAM,34,
833,1761211786913,334.562331438065,-13.7026906013489,-106.798268854618,-0.065711187754938,0.528336365477053,-0.239259870824258,,,cuVSLAM,33,
834,1761211786947,331.572204828262,-3.67170572280884,-105.790518224239,-0.0816594953400677,0.520732611588442,-0.240992370992552,,,cuVSLAM,34,
835,1761211786980,328.723400831223,6.73308968544006,-104.629412293434,-0.0988597178329486,0.51317555267601,-0.245194790442563,,,cuVSLAM,33,
836,1761211787014,325.748682022095,17.0965492725372,-103.897757828236,-0.116486451257933,0.505490491725072,-0.24961930537107,,,cuVSLAM,34,
837,1761211787047,322.831809520721,27.3131728172302,-104.000173509121,-0.134693183076301,0.497526252875744,-0.256582820016261,,,cuVSLAM,33,
838,1761211787080,320.291697978973,37.4966859817505,-103.84451597929,-0.152777705524739,0.490317175595382,-0.263358928485043,,,cuVSLAM,33,
839,1761211787114,318.000942468643,47.1221506595612,-104.184180498123,-0.1718677956155,0.482917895264456,-0.27535330970427,,,cuVSLAM,34,
840,1761211787147,316.129148006439,56.1294555664063,-105.014525353909,-0.192946474057156,0.474833168037985,-0.296728876986434,,,cuVSLAM,33,
841,1761211787181,314.203798770905,64.5196735858917,-105.081342160702,-0.211426127192162,0.467999962682799,-0.310424378415985,,,cuVSLAM,34,
842,1761211787214,312.401652336121,72.8351473808289,-106.861367821693,-0.230096086656585,0.459569397136241,-0.330295618901686,,,cuVSLAM,33,
843,1761211787247,311.078697443008,79.7818303108215,-107.67687857151,-0.248811963737151,0.452005693636805,-0.353121239345667,,,cuVSLAM,33,
844,1761211787281,310.416430234909,86.9312584400177,-108.239382505417,-0.26608051444983,0.445748148693167,-0.371817268558372,,,cuVSLAM,34,
845,1761211787314,309.787660837173,93.6149060726166,-109.547644853592,-0.282545326953723,0.439383517971856,-0.39296927335642,,,cuVSLAM,33,
846,1761211787348,309.635072946548,99.8123288154602,-110.75846105814,-0.298860856402516,0.433654415551254,-0.415131860951756,,,cuVSLAM,34,
847,1761211787381,309.623777866364,105.166643857956,-112.061567604542,-0.312939225280224,0.429200356251895,-0.430692275853663,,,cuVSLAM,33,
848,1761211787414,309.692889451981,109.936833381653,-113.948598504066,-0.327184491263369,0.423788380487756,-0.450484262904103,,,cuVSLAM,33,
849,1761211787448,310.196220874786,114.99285697937,-115.65974354744,-0.340823599257225,0.418767329870143,-0.469635658727886,,,cuVSLAM,34,
850,1761211787481,309.994786977768,119.661718606949,-117.424294352531,-0.352863326671837,0.414099693444197,-0.482865718170092,,,cuVSLAM,33,
851,1761211787515,309.940814971924,123.900502920151,-118.754386901855,-0.365460694814698,0.408852462211633,-0.499666703775859,,,cuVSLAM,34,
852,1761211787548,309.773445129395,128.318607807159,-119.618035852909,-0.377008075269196,0.40417242142254,-0.513429619764575,,,cuVSLAM,33,
853,1761211787581,309.450417757034,132.920295000076,-120.728731155396,-0.386762346147948,0.399552402947168,-0.522884449495901,,,cuVSLAM,33,
854,1761211787615,308.83252620697,137.083232402802,-121.690943837166,-0.395844141863771,0.394560295128835,-0.531637958443665,,,cuVSLAM,34,
855,1761211787648,307.812094688416,141.453385353088,-122.255504131317,-0.402329990154322,0.390436001749469,-0.53385131210261,,,cuVSLAM,33,
856,1761211787681,305.906891822815,144.840180873871,-122.867815196514,-0.406575496976542,0.386184795727894,-0.531380926725627,,,cuVSLAM,33,
857,1761211787715,303.800076246262,148.341983556747,-122.774705290794,-0.408412029252753,0.383180505498716,-0.522608563265867,,,cuVSLAM,34,
858,1761211787748,301.134139299393,151.282846927643,-122.588723897934,-0.408596691895111,0.379823857077764,-0.512547270927706,,,cuVSLAM,33,
859,1761211787781,297.740340232849,153.780490159988,-123.934365808964,-0.403126101637595,0.378201232362461,-0.485967145439573,,,cuVSLAM,33,
860,1761211787815,294.071614742279,155.970573425293,-121.659711003304,-0.396712949276578,0.379985687599719,-0.45437840653783,,,cuVSLAM,34,
861,1761211787848,291.102051734924,157.780081033707,-122.529901564121,-0.388530426992857,0.380346347575995,-0.422502896036689,,,cuVSLAM,33,
862,1761211787881,288.626402616501,159.771621227264,-123.219110071659,-0.379854242305961,0.381870354403324,-0.389425327227285,,,cuVSLAM,33,
863,1761211787915,286.419779062271,160.126700997353,-122.493036091328,-0.370196753872732,0.384961501680901,-0.357098833168528,,,cuVSLAM,34,
864,1761211787948,284.308731555939,159.988611936569,-120.64366042614,-0.3597275919499,0.389450106261785,-0.32427522802131,,,cuVSLAM,33,
865,1761211787981,282.887756824493,159.024149179459,-119.623236358166,-0.348987848349685,0.393517946640604,-0.294634343851615,,,cuVSLAM,33,
866,1761211788015,281.847804784775,157.157763838768,-118.106596171856,-0.33930202190094,0.397089635545807,-0.273096015203738,,,cuVSLAM,34,
867,1761211788048,280.984193086624,154.830083250999,-116.803452372551,-0.328847430390648,0.400621340715262,-0.250976132781479,,,cuVSLAM,33,
868,1761211788081,279.883116483688,151.890859007835,-115.035466849804,-0.316326506763428,0.405539557200173,-0.223456395733062,,,cuVSLAM,33,
869,1761211788115,278.925180435181,148.24278652668,-113.629668951035,-0.303337052506425,0.409772000867457,-0.197388498835129,,,cuVSLAM,34,
870,1761211788148,278.156787157059,144.581347703934,-111.564680933952,-0.290242845295239,0.41402737252109,-0.173330482310706,,,cuVSLAM,33,
871,1761211788181,277.546167373657,140.85865020752,-109.951503574848,-0.276618098803774,0.417857641222824,-0.148944413310657,,,cuVSLAM,33,
872,1761211788214,276.701778173447,136.968389153481,-107.862792909145,-0.261956246759913,0.421781461757047,-0.122336798713674,,,cuVSLAM,33,
873,1761211788248,275.748997926712,132.629498839378,-105.766676366329,-0.246898785455527,0.425067302052885,-0.0960962500310141,,,cuVSLAM,34,
874,1761211788281,274.754554033279,127.815276384354,-103.812232613564,-0.232005479405159,0.427781261899656,-0.0714504931735281,,,cuVSLAM,33,
875,1761211788314,273.5875248909,123.126611113548,-101.75895690918,-0.216757891264988,0.430182528396221,-0.0459248002896033,,,cuVSLAM,33,
876,1761211788348,272.536277770996,118.633754551411,-99.5840132236481,-0.201012872252553,0.432548517767178,-0.0195355118910002,,,cuVSLAM,34,
877,1761211788381,271.598756313324,113.14931511879,-97.6631790399551,-0.186762431342558,0.433805524276443,-0.000443336959507459,,,cuVSLAM,33,
878,1761211788414,270.769506692886,108.255907893181,-95.6466123461723,-0.171333555770145,0.435242889538866,0.0220809878094731,,,cuVSLAM,33,
879,1761211788448,269.416958093643,103.253223001957,-93.405082821846,-0.155294027479229,0.436566127406538,0.0467289750093717,,,cuVSLAM,34,
880,1761211788481,268.407881259918,97.4129438400269,-91.3167223334312,-0.140414446715255,0.437204742032595,0.0665238541184737,,,cuVSLAM,33,
881,1761211788514,267.384231090546,92.6167815923691,-90.0569409132004,-0.124579066203506,0.437809100679776,0.0911827595693434,,,cuVSLAM,33,
882,1761211788548,266.113698482513,85.8737677335739,-88.0384296178818,-0.109444205917215,0.438169138491432,0.115052824239157,,,cuVSLAM,34,
883,1761211788581,265.085339546204,80.7590186595917,-86.7512598633766,-0.0962163510099517,0.43758052893603,0.133449208392933,,,cuVSLAM,33,
884,1761211788614,263.818830251694,76.3714537024498,-85.381031036377,-0.082938642013406,0.436934603266336,0.154059694750073,,,cuVSLAM,33,
885,1761211788648,262.434929609299,71.5736672282219,-83.3517536520958,-0.0701656034134748,0.436559455894683,0.175192888098471,,,cuVSLAM,34,
886,1761211788681,261.35927438736,67.6843449473381,-81.8077549338341,-0.0598156367467291,0.435543714274464,0.190489627501852,,,cuVSLAM,33,
887,1761211788714,260.336518287659,63.4571015834808,-80.3881734609604,-0.0507758120921555,0.434402774187622,0.203355623136014,,,cuVSLAM,33,
888,1761211788748,259.136945009232,60.3939890861511,-79.3480798602104,-0.0417390448541488,0.433305636696953,0.21859053337945,,,cuVSLAM,34,
889,1761211788781,258.124500513077,57.571642100811,-78.3227533102036,-0.0332306452160324,0.432457567466679,0.234081656250198,,,cuVSLAM,33,
890,1761211788814,257.045060396194,55.5279105901718,-77.3602575063705,-0.0249792096674167,0.431678779987013,0.251141609348957,,,cuVSLAM,33,
891,1761211788848,255.98281621933,53.7446588277817,-76.7724514007568,-0.0173664288181688,0.430688604905755,0.268452510455871,,,cuVSLAM,34,
892,1761211788881,255.322873592377,52.1137192845345,-76.1108845472336,-0.0112469807942107,0.430359901193183,0.281395834558776,,,cuVSLAM,33,
893,1761211788914,255.178481340408,50.4898726940155,-75.6293386220932,-0.00647596550239961,0.430664659540183,0.290169075198331,,,cuVSLAM,33,
894,1761211788948,255.421161651611,49.2506772279739,-75.8146643638611,-0.00316367297686704,0.431180910293433,0.295566126215809,,,cuVSLAM,34,
895,1761211788981,255.989849567413,48.0869710445404,-76.1832594871521,-0.000467555281108354,0.431917643421705,0.299911603062732,,,cuVSLAM,33,
896,1761211789014,256.999492645264,46.563595533371,-77.2050991654396,-0.000314388817765662,0.432677538290578,0.293310389699584,,,cuVSLAM,33,
897,1761211789048,258.159339427948,48.7930774688721,-79.8942074179649,-0.00808727952758426,0.432749401957349,0.251090890466438,,,cuVSLAM,34,
898,1761211789081,262.367397546768,45.8391830325127,-80.4037824273109,-0.0157728881391813,0.436509686352207,0.213543300292902,,,cuVSLAM,33,
899,1761211789114,266.076028347015,44.3558357656002,-81.810362637043,-0.0218339367582888,0.439456851366729,0.180275506604476,,,cuVSLAM,33,
900,1761211789147,270.344287157059,41.8758019804955,-84.1758251190186,-0.0317343513785879,0.44187923193621,0.129836259587325,,,cuVSLAM,33,
901,1761211789181,273.667335510254,39.8565828800201,-86.1055254936218,-0.037402675208755,0.444637503127276,0.0972651641640716,,,cuVSLAM,34,
902,1761211789214,275.652468204498,37.5934801995754,-88.1541892886162,-0.0403771301280005,0.445194983858378,0.0738115135419233,,,cuVSLAM,33,
903,1761211789247,277.812212705612,34.3212522566319,-88.4548500180244,-0.0440717943360475,0.446017660574272,0.0463868678277036,,,cuVSLAM,33,
904,1761211789281,278.992712497711,32.3475524783134,-88.6457189917564,-0.0461829620774699,0.445845920556842,0.0231151224077477,,,cuVSLAM,34,
905,1761211789314,279.642581939697,29.4881388545036,-88.1914421916008,-0.0470902811371276,0.445310817467815,0.00387524285514577,,,cuVSLAM,33,
906,1761211789347,280.331075191498,26.1621624231338,-88.3077383041382,-0.0491581704581145,0.444070887072589,-0.021926461057238,,,cuVSLAM,33,
907,1761211789381,280.477851629257,23.6830022186041,-88.0884528160095,-0.0493847542821126,0.44294207404441,-0.0413420258429237,,,cuVSLAM,34,
908,1761211789414,280.584782361984,19.9300814419985,-88.0246907472611,-0.0476218849629659,0.441263173306623,-0.0563471660966857,,,cuVSLAM,33,
909,1761211789447,280.768036842346,15.3343565762043,-87.6321867108345,-0.0473861231057537,0.439817956835132,-0.0815111317341796,,,cuVSLAM,33,
910,1761211789481,280.551850795746,10.6525421142578,-87.2006863355637,-0.0447204947222328,0.43820028521932,-0.0990298949537404,,,cuVSLAM,34,
911,1761211789514,279.776215553284,3.9670467376709,-87.5314846634865,-0.0404441794763097,0.435201913040043,-0.114445696590064,,,cuVSLAM,33,
912,1761211789547,278.868168592453,-2.36966088414192,-86.0253721475601,-0.0364754070144203,0.433177166672162,-0.136659355642117,,,cuVSLAM,33,
913,1761211789581,277.967810630798,-8.75797122716904,-85.0830152630806,-0.0314454746333129,0.430149991164177,-0.157732729977152,,,cuVSLAM,34,
914,1761211789614,275.952935218811,-16.5367498993874,-83.4661424160004,-0.025671167580204,0.426811574790836,-0.178671899021864,,,cuVSLAM,33,
915,1761211789647,273.843824863434,-24.3425294756889,-81.8260833621025,-0.0187868614098911,0.42282914989805,-0.198994853684448,,,cuVSLAM,33,
916,1761211789681,271.133422851562,-32.1993604302406,-79.1355669498444,-0.0114616973876362,0.419134729928701,-0.220141986083203,,,cuVSLAM,34,
917,1761211789714,268.187820911407,-40.0611832737923,-76.3074979186058,-0.00302849651268063,0.415076041419848,-0.237632185475467,,,cuVSLAM,33,
918,1761211789747,264.792770147324,-48.2723787426949,-73.4382346272469,0.00508774376324099,0.410762061758506,-0.257860179760557,,,cuVSLAM,33,
919,1761211789781,261.068373918533,-56.878998875618,-72.3874717950821,0.0127583020361674,0.405003744343487,-0.281596124818775,,,cuVSLAM,34,
920,1761211789814,257.364451885223,-65.9266859292984,-70.4088807106018,0.0194477889400419,0.400212736018192,-0.308360558972424,,,cuVSLAM,33,
921,1761211789847,253.983914852142,-73.4123662114143,-68.0129677057266,0.0272795450844343,0.3958248689173,-0.328771646680379,,,cuVSLAM,33,
922,1761211789880,250.448733568192,-80.6909203529358,-65.4455050826073,0.0347748647256549,0.392027737350133,-0.348818392720184,,,cuVSLAM,33,
923,1761211789914,246.54495716095,-87.4683409929276,-64.1841590404511,0.042736198408147,0.387188146974115,-0.366099994400674,,,cuVSLAM,34,
924,1761211789947,242.467373609543,-94.1708981990814,-62.8926753997803,0.0526554803328116,0.382017852090586,-0.371786714044704,,,cuVSLAM,33,
925,1761211789980,237.556248903275,-100.005283951759,-61.9776397943497,0.063517782086525,0.375635199279415,-0.372113883571621,,,cuVSLAM,33,
926,1761211790014,232.272058725357,-105.617642402649,-60.7439056038857,0.0750075634969053,0.368274098551909,-0.366434716373722,,,cuVSLAM,34,
927,1761211790047,226.562008261681,-110.596179962158,-58.2340508699417,0.0874297851994966,0.360379630185837,-0.352159788702635,,,cuVSLAM,33,
928,1761211790080,219.81580555439,-114.455230534077,-56.0179017484188,0.101202578830887,0.350676347128665,-0.329450582842973,,,cuVSLAM,33,
929,1761211790114,212.899014353752,-118.333324790001,-54.1166327893734,0.115207991506839,0.339646656342915,-0.299682305840402,,,cuVSLAM,34,
930,1761211790147,206.160575151443,-121.180109679699,-51.7662763595581,0.127959042866032,0.328811959202246,-0.269975902637579,,,cuVSLAM,33,
931,1761211790180,199.36603307724,-123.847782611847,-48.9733852446079,0.138741508937597,0.318168234590996,-0.243777082156536,,,cuVSLAM,33,
932,1761211790214,192.336976528168,-125.38605928421,-46.2964028120041,0.149694452655803,0.30642658983407,-0.208986200693713,,,cuVSLAM,34,
933,1761211790247,185.740306973457,-126.591816544533,-44.2404337227345,0.157337533938215,0.295186741714792,-0.187763964772565,,,cuVSLAM,33,
934,1761211790280,179.15865778923,-127.459391951561,-41.3600839674473,0.163426417571912,0.284385756700647,-0.169315629208898,,,cuVSLAM,33,
935,1761211790314,172.555297613144,-127.54237651825,-38.3906587958336,0.168281353650168,0.273525028624622,-0.150371400571829,,,cuVSLAM,34,
936,1761211790347,165.924236178398,-127.822890877724,-36.1344590783119,0.172483032018232,0.262411160142026,-0.130909507710735,,,cuVSLAM,33,
937,1761211790380,159.855604171753,-127.357795834541,-33.9192748069763,0.174557881019678,0.252327990228818,-0.117948170262649,,,cuVSLAM,33,
938,1761211790414,153.903514146805,-126.169577240944,-31.6569432616234,0.176576508439876,0.24234196598355,-0.0976231256970409,,,cuVSLAM,34,
939,1761211790447,148.393541574478,-123.693034052849,-29.4573623687029,0.177888674484732,0.232635962731109,-0.0745343430668884,,,cuVSLAM,33,
940,1761211790480,143.655076622963,-121.780946850777,-28.064988553524,0.176744981281324,0.224681640733643,-0.0644861344330878,,,cuVSLAM,33,
941,1761211790514,139.053761959076,-118.890143930912,-26.5543516725302,0.176477119396399,0.216510029729982,-0.0415099601233377,,,cuVSLAM,34,
942,1761211790547,134.408012032509,-115.367896854877,-24.5913974940777,0.176464225184736,0.208190406525639,-0.0131804737371851,,,cuVSLAM,33,
943,1761211790580,129.757016897202,-114.415630698204,-23.1287591159344,0.174906367474247,0.200871474518905,0.00222617707897438,,,cuVSLAM,33,
944,1761211790613,125.06340444088,-109.871774911881,-21.4061178267002,0.173107667756075,0.192627923822422,0.0200777051154457,,,cuVSLAM,33,
945,1761211790647,119.361042976379,-107.685670256615,-20.0429037213325,0.171609987537445,0.183267120758794,0.0376522358176782,,,cuVSLAM,34,
946,1761211790680,113.1551861763,-105.388060212135,-17.9528631269932,0.169553937302722,0.173540397100258,0.0487727088873544,,,cuVSLAM,33,
947,1761211790713,106.130383908749,-103.719763457775,-15.8439576625824,0.167555615133626,0.162517171248275,0.0559062099800354,,,cuVSLAM,33,
948,1761211790747,98.2041880488396,-102.413587272167,-14.0960365533829,0.166172009461016,0.15017268101521,0.0634457865009391,,,cuVSLAM,34,
949,1761211790780,89.5332098007202,-101.466186344624,-12.1395997703075,0.165369519381953,0.136490808262714,0.0720366777062302,,,cuVSLAM,33,
950,1761211790813,80.3237408399582,-101.222313940525,-9.66858863830566,0.164791615073009,0.122212833546809,0.0749701236495542,,,cuVSLAM,33,
951,1761211790847,69.8334872722626,-101.590119302273,-8.46058502793312,0.164886668216164,0.105771656785757,0.0792635839436731,,,cuVSLAM,34,
952,1761211790880,58.6449950933456,-102.725431323051,-7.28636607527733,0.165663535395854,0.0884798199857745,0.0820208595095199,,,cuVSLAM,33,
953,1761211790913,47.0044016838074,-104.266911745071,-6.02640956640244,0.166850170806567,0.0704998855580378,0.0847298742779718,,,cuVSLAM,33,
954,1761211790947,35.4838520288467,-105.29513657093,-3.85190919041634,0.168501655948591,0.052762988179678,0.0883674447186546,,,cuVSLAM,34,
955,1761211790980,24.0650027990341,-106.400594115257,-1.56011059880257,0.170280799009911,0.035460413417393,0.0904900411741942,,,cuVSLAM,33,
956,1761211791013,12.3841166496277,-108.322009444237,-0.642836093902588,0.172089883066805,0.0176519751881461,0.093261783762934,,,cuVSLAM,33,
957,1761211791047,1.18209421634674,-110.041253268719,-0.0106431543827057,0.173897927182812,0.000339176782596374,0.0977223495397138,,,cuVSLAM,34,
958,1761211791080,-9.20386612415314,-112.005420029163,0.734906643629074,0.175509364017497,-0.0153836764526342,0.0996307296336802,,,cuVSLAM,33,
959,1761211791113,-18.6094790697098,-112.772904336452,0.991616398096085,0.176746593118116,-0.0302763799593056,0.100751985393151,,,cuVSLAM,33,
960,1761211791147,-27.2776931524277,-114.209555089474,1.70562043786049,0.177964535839687,-0.0432925016290751,0.105327417341008,,,cuVSLAM,34,
961,1761211791180,-34.9608510732651,-115.711763501167,2.85140797495842,0.179120672612654,-0.054436827141092,0.110805284589229,,,cuVSLAM,33,
962,1761211791213,-41.5552705526352,-116.409234702587,2.42574512958527,0.179899809078271,-0.0645861584866208,0.112785291205312,,,cuVSLAM,33,
963,1761211791247,-47.1300631761551,-116.890788078308,1.71772018074989,0.180425550136226,-0.0736531524458528,0.116291665173146,,,cuVSLAM,34,
964,1761211791280,-51.6571551561356,-116.932727396488,2.60014832019806,0.180706457983754,-0.0806137240592759,0.122068980071524,,,cuVSLAM,33,
965,1761211791313,-56.1405271291733,-117.601215839386,2.10009515285492,0.18091790840503,-0.0873530715754299,0.12684593919877,,,cuVSLAM,33,
966,1761211791347,-59.5955699682236,-117.56232380867,1.72634050250053,0.180764487644334,-0.0925466223592069,0.128612088950874,,,cuVSLAM,34,
967,1761211791380,-62.2905641794205,-117.908738553524,2.45493277907372,0.18048815479195,-0.0962601653662247,0.132367577822878,,,cuVSLAM,33,
968,1761211791413,-64.610555768013,-117.629073560238,2.25807353854179,0.179842898960579,-0.0999229293209193,0.137508397488575,,,cuVSLAM,33,
969,1761211791446,-66.2489980459213,-118.318349123001,0.854730606079102,0.179262633974359,-0.102503301840067,0.137695544215765,,,cuVSLAM,33,
970,1761211791480,-66.1845058202744,-117.210902273655,0.83453580737114,0.17843107374586,-0.102600188224997,0.1374423354031,,,cuVSLAM,34,
971,1761211791513,-64.9651736021042,-117.158897221088,2.6281513273716,0.177578902502209,-0.0998675199849059,0.138003594713994,,,cuVSLAM,33,
972,1761211791546,-62.3842030763626,-115.173399448395,2.12407484650612,0.175836519549445,-0.0964616006351299,0.136547349120982,,,cuVSLAM,33,
973,1761211791580,-58.9165538549423,-114.58695679903,2.42326036095619,0.174152671340193,-0.0907786004191019,0.136310138332124,,,cuVSLAM,34,
974,1761211791613,-53.8767427206039,-112.26150393486,2.3309551179409,0.171850002655659,-0.0834155096203353,0.134844745413863,,,cuVSLAM,33,
975,1761211791646,-47.5801080465317,-110.300086438656,2.71925702691078,0.16917568334821,-0.073645922126889,0.131621306833136,,,cuVSLAM,33,
976,1761211791680,-40.2967780828476,-108.06842893362,3.08484211564064,0.166291023354525,-0.0622951415789247,0.1251091368368,,,cuVSLAM,34,
977,1761211791713,-32.6023250818253,-106.270581483841,3.31534445285797,0.16336695787327,-0.0499661009240262,0.114701488269957,,,cuVSLAM,33,
978,1761211791746,-24.8811542987823,-103.931337594986,2.92767584323883,0.160326532353933,-0.0380733389453641,0.107502921466895,,,cuVSLAM,33,
979,1761211791780,-16.743466258049,-102.532863616943,2.82679870724678,0.157753294416327,-0.0252307073099151,0.0926926735294187,,,cuVSLAM,34,
980,1761211791813,-8.20845365524292,-101.338684558868,2.34092399477959,0.155199473232487,-0.0120089101267673,0.0697501066317236,,,cuVSLAM,33,
981,1761211791846,-0.155523419380188,-100.315287709236,2.42897868156433,0.153136331191926,0.000697886399820233,0.0546828659770678,,,cuVSLAM,33,
982,1761211791880,7.45902955532074,-100.338861346245,1.52835994958878,0.151744232900376,0.0125768689371611,0.0392041255146837,,,cuVSLAM,34,
983,1761211791913,15.6226009130478,-100.677728652954,0.95774233341217,0.150561601558814,0.0254570186533996,0.0151577768335774,,,cuVSLAM,33,
984,1761211791946,24.2330431938171,-100.724458694458,-0.254277139902115,0.149663177020569,0.0382023743904276,-0.00829681308167675,,,cuVSLAM,33,
985,1761211791980,32.4766933917999,-101.802363991737,-1.83260068297386,0.149214686588105,0.050753727228662,-0.0280989052642472,,,cuVSLAM,34,
986,1761211792013,41.3000136613846,-102.646023035049,-2.93080881237984,0.148568032990771,0.0643189308667939,-0.0544862367277145,,,cuVSLAM,33,
987,1761211792046,49.6198683977127,-104.676008224487,-4.91359084844589,0.147781465526298,0.077733347468845,-0.0820404538149965,,,cuVSLAM,33,
988,1761211792080,57.9476356506348,-105.615802109241,-6.68242946267128,0.147080293110172,0.0904116040013043,-0.103167127883691,,,cuVSLAM,34,
989,1761211792113,66.022664308548,-107.133269309998,-7.99103081226349,0.145590823165559,0.103487996983264,-0.12819514592343,,,cuVSLAM,33,
990,1761211792146,74.1723924875259,-107.278123497963,-9.23177227377892,0.143338981684151,0.116064445178265,-0.151872822448699,,,cuVSLAM,33,
991,1761211792180,81.2518447637558,-106.996141374111,-10.6383748352528,0.140841066122711,0.127130770345512,-0.167908120000528,,,cuVSLAM,34,
992,1761211792213,88.1488174200058,-107.33687877655,-11.6675347089767,0.13731532464579,0.138243971878055,-0.187171779732551,,,cuVSLAM,33,
993,1761211792246,94.7372764348984,-106.191009283066,-13.5136470198631,0.132739058216681,0.147983742393568,-0.208180538294772,,,cuVSLAM,33,
994,1761211792279,100.59866309166,-104.686617851257,-14.0885375440121,0.127918329178193,0.157126217662989,-0.220612797576012,,,cuVSLAM,33,
995,1761211792313,106.099650263786,-102.257534861565,-15.5800059437752,0.122874098585526,0.164819282658924,-0.232219613594028,,,cuVSLAM,34,
996,1761211792346,111.054129898548,-100.75356066227,-17.0994028449059,0.116976508793589,0.172161072051652,-0.245299148542906,,,cuVSLAM,33,
997,1761211792379,116.011656820774,-97.6803451776505,-17.7415423095226,0.111193786706119,0.179447520763223,-0.250512234126929,,,cuVSLAM,33,
998,1761211792413,120.746031403542,-94.7089195251465,-18.6376720666885,0.105467478853076,0.186320293525673,-0.251565900704657,,,cuVSLAM,34,
999,1761211792446,125.559449195862,-91.487318277359,-19.8557786643505,0.0991925925736866,0.19320912004121,-0.252521891352904,,,cuVSLAM,33,
1000,1761211792479,130.654573440552,-87.6214131712914,-21.0436657071114,0.0926392238618315,0.200240765329773,-0.251275418558766,,,cuVSLAM,33,
1001,1761211792513,135.886788368225,-83.1576287746429,-22.251795977354,0.0857113796843947,0.207101534584266,-0.248636058159496,,,cuVSLAM,34,
1002,1761211792546,140.268012881279,-78.8929015398026,-23.7287543714046,0.0786807009011641,0.213081476464551,-0.244393028997095,,,cuVSLAM,33,
1003,1761211792579,144.190534949303,-74.1389319300652,-24.6754474937916,0.0714578204970481,0.218479390368604,-0.23712335190807,,,cuVSLAM,33,
1004,1761211792613,147.335290908813,-68.4797316789627,-25.0676944851875,0.0642618281644971,0.222710652912864,-0.227817475773689,,,cuVSLAM,34,
1005,1761211792646,149.631485342979,-62.5449046492577,-25.4236049950123,0.0561776873866036,0.225340111422417,-0.220683338339247,,,cuVSLAM,33,
1006,1761211792679,150.75820684433,-56.289404630661,-25.7245395332575,0.0482081110547512,0.226123179511233,-0.211186782284771,,,cuVSLAM,33,
1007,1761211792713,150.55675804615,-49.8424842953682,-24.947402998805,0.0401547518566628,0.225534675200441,-0.198394258853818,,,cuVSLAM,34,
1008,1761211792746,149.291127920151,-43.5138791799545,-24.3663527071476,0.0311071102236304,0.223257433097701,-0.191704561828081,,,cuVSLAM,33,
1009,1761211792780,147.396564483643,-36.8451103568077,-24.1655446588993,0.0215803870379139,0.219645109673052,-0.184677220756164,,,cuVSLAM,34,
1010,1761211792813,145.531311631203,-29.0622338652611,-23.9466764032841,0.011471116233884,0.215745302863858,-0.176407744365157,,,cuVSLAM,33,
1011,1761211792846,143.686056137085,-21.0638269782066,-23.9278674125671,0.000544477769321248,0.212028793274927,-0.169541443192023,,,cuVSLAM,33,
1012,1761211792880,142.176061868668,-12.4787017703056,-23.8349214196205,-0.0109756317614703,0.209325298391657,-0.160622692192652,,,cuVSLAM,34,
1013,1761211792913,141.136437654495,-3.65940481424332,-23.8624103367329,-0.0233596575420945,0.207608057892963,-0.150413479077677,,,cuVSLAM,33,
1014,1761211792946,140.556082129478,5.49818575382233,-24.4971551001072,-0.0363335554771481,0.206520985628499,-0.140214669013058,,,cuVSLAM,33,
1015,1761211792980,140.316784381866,15.4992267489433,-25.2950638532639,-0.0499158700527107,0.206190062075119,-0.130270389723135,,,cuVSLAM,34,
1016,1761211793013,140.175268054008,25.2807065844536,-26.462234556675,-0.0642434202898025,0.206180510196458,-0.121576534487583,,,cuVSLAM,33,
1017,1761211793047,140.215486288071,35.4249402880669,-27.6919063180685,-0.0785312010226201,0.206456315446866,-0.112098751776187,,,cuVSLAM,34,
1018,1761211793080,140.317976474762,45.5342009663582,-29.2837750166655,-0.0925421360474848,0.206766811134822,-0.101900310887874,,,cuVSLAM,33,
1019,1761211793113,140.37911593914,55.3659871220589,-30.582532286644,-0.106399547732309,0.207606820716263,-0.0919246972465985,,,cuVSLAM,33,
1020,1761211793147,140.113532543182,64.6603778004646,-32.2370566427708,-0.119739151563017,0.208130698218743,-0.0825369125594501,,,cuVSLAM,34,
1021,1761211793180,139.876469969749,73.9259645342827,-34.1870002448559,-0.132586361030834,0.208235140286172,-0.0742329749671831,,,cuVSLAM,33,
1022,1761211793213,139.357268810272,88.8497680425644,-35.6899984180927,-0.144224056842553,0.208546835886343,-0.0720425056787768,,,cuVSLAM,33,
1023,1761211793247,138.493701815605,96.5449139475822,-36.9260720908642,-0.155260796773987,0.208034651271923,-0.0639417306764096,,,cuVSLAM,34,
1024,1761211793280,137.106716632843,103.63657772541,-38.2708571851254,-0.165281863789783,0.206564567368143,-0.056905082594015,,,cuVSLAM,33,
1025,1761211793313,135.48444211483,109.969131648541,-39.1156598925591,-0.174384588735478,0.204659090741099,-0.0516002288277577,,,cuVSLAM,33,
1026,1761211793347,133.597820997238,115.661092102528,-39.870098233223,-0.182348327434347,0.202418630857638,-0.0459786649299231,,,cuVSLAM,34,
1027,1761211793380,131.432265043259,120.687395334244,-40.4792353510857,-0.188958067071377,0.200109605923608,-0.038853277067294,,,cuVSLAM,33,
1028,1761211793414,129.500702023506,125.250369310379,-41.1971285939217,-0.194979664547506,0.197864305355543,-0.0327454261657582,,,cuVSLAM,34,
1029,1761211793447,127.651631832123,129.223018884659,-41.9291406869888,-0.200303505498127,0.195809749112545,-0.0267353096035232,,,cuVSLAM,33,
1030,1761211793480,125.846296548843,133.231580257416,-42.4145758152008,-0.205017742517712,0.194293132629584,-0.0186556948924683,,,cuVSLAM,33,
1031,1761211793514,123.918913304806,136.941984295845,-43.1167371571064,-0.20924577876772,0.193007027285555,-0.00831372922957953,,,cuVSLAM,34,
1032,1761211793547,122.238419950008,140.652030706406,-43.5803197324276,-0.213549655295526,0.192313341061979,0.00183749058970212,,,cuVSLAM,33,
1033,1761211793580,120.838671922684,144.230872392654,-44.190488755703,-0.217948235107378,0.192120225007109,0.0122301054656477,,,cuVSLAM,33,
1034,1761211793614,119.661338627338,147.959291934967,-45.1802015304565,-0.222029197168349,0.192488616867557,0.0245702381516614,,,cuVSLAM,34,
1035,1761211793647,118.735268712044,151.697754859924,-46.2835691869259,-0.225911494078482,0.193579648781786,0.0381563745109608,,,cuVSLAM,33,
1036,1761211793681,118.271134793758,155.038177967072,-47.0575168728828,-0.229321643133537,0.195476745946261,0.0503527312205499,,,cuVSLAM,34,
1037,1761211793714,118.498452007771,157.587587833405,-48.2834726572037,-0.231843161046587,0.1972418482273,0.0593791157851302,,,cuVSLAM,33,
1038,1761211793748,118.959747254848,158.814832568169,-48.4837926924229,-0.232482176368673,0.199986151897136,0.06847767164346,,,cuVSLAM,34,
1039,1761211793781,119.712524116039,158.891662955284,-48.7859025597572,-0.230606302704734,0.203460657602977,0.0809365260635697,,,cuVSLAM,33,
1040,1761211793814,121.475219726563,157.600790262222,-48.4590418636799,-0.226632786552,0.208129747431222,0.091126775424864,,,cuVSLAM,33,
1041,1761211793848,124.714627861977,154.32545542717,-48.6420691013336,-0.221483342728262,0.212875225248958,0.0914759452623634,,,cuVSLAM,34,
1042,1761211793881,129.350930452347,149.925172328949,-48.2809394598007,-0.214199159228233,0.219863068918692,0.0911547832135643,,,cuVSLAM,33,
1043,1761211793915,135.004863142967,144.342839717865,-48.3224838972092,-0.204047791726668,0.228910686920147,0.0956894572937287,,,cuVSLAM,34,
1044,1761211793948,141.784831881523,137.870997190475,-48.3584702014923,-0.192734372173383,0.239372413882685,0.0977332993077331,,,cuVSLAM,33,
1045,1761211793981,149.720132350922,130.33127784729,-48.7852394580841,-0.180406655686129,0.251516157299664,0.0982044395128885,,,cuVSLAM,33,
1046,1761211794015,158.460825681686,122.65408039093,-49.3741370737553,-0.167073134558031,0.265317670755541,0.101623552228092,,,cuVSLAM,34,
1047,1761211794048,167.50556230545,115.124508738518,-50.4580549895763,-0.153720514487481,0.279439142181254,0.104866623557015,,,cuVSLAM,33,
1048,1761211794082,176.753476262093,107.339888811111,-51.7960637807846,-0.141506902108793,0.293476958080796,0.103439549005063,,,cuVSLAM,34,
1049,1761211794115,185.256645083427,100.362338125706,-54.0352165699005,-0.129905385073763,0.306417675009683,0.104190786239377,,,cuVSLAM,33,
1050,1761211794148,193.138122558594,94.1674783825874,-55.430069565773,-0.119193936856946,0.318692901550865,0.105638333774321,,,cuVSLAM,33,
1051,1761211794182,200.340941548347,88.0257189273834,-56.5206259489059,-0.110105310404836,0.329953371450349,0.10487854202331,,,cuVSLAM,34,
1052,1761211794215,206.743597984314,83.167664706707,-58.3619251847267,-0.102181291408879,0.339866066500783,0.105511291797358,,,cuVSLAM,33,
1053,1761211794249,212.665230035782,79.5186460018158,-60.0973591208458,-0.0949605023139541,0.349731962908209,0.108441277601498,,,cuVSLAM,34,
1054,1761211794282,218.839406967163,76.3779580593109,-61.9702041149139,-0.0892695710374136,0.35970085828961,0.109641911339983,,,cuVSLAM,33,
1055,1761211794316,224.946230649948,73.8863125443459,-64.3454343080521,-0.0845520200126786,0.369742511631663,0.111394255691664,,,cuVSLAM,34,
1056,1761211794349,231.182768940926,72.1637457609177,-66.9603645801544,-0.0804484213360376,0.380292748601078,0.114207783769985,,,cuVSLAM,33,
1057,1761211794382,237.727329134941,70.7042515277863,-69.8896646499634,-0.0772681997834785,0.39130727388087,0.116474101646529,,,cuVSLAM,33,
1058,1761211794416,244.240313768387,69.6509331464767,-73.2056498527527,-0.0748452281308804,0.402355461093144,0.117872733045754,,,cuVSLAM,34,
1059,1761211794449,250.863492488861,68.7961205840111,-76.7800658941269,-0.0726862891933606,0.413698058497193,0.119660566101924,,,cuVSLAM,33,
1060,1761211794483,257.58695602417,68.3836564421654,-79.8244476318359,-0.0712003520016682,0.425276493676309,0.12009054460432,,,cuVSLAM,34,
1061,1761211794516,263.955593109131,68.0119022727013,-82.6661139726639,-0.0702651493995509,0.43621281318636,0.119454366407946,,,cuVSLAM,33,
1062,1761211794549,269.593477249145,67.5786584615707,-85.7986658811569,-0.069189950453323,0.446000038470693,0.11992035047159,,,cuVSLAM,33,
1063,1761211794583,274.564623832703,67.1822279691696,-88.7240245938301,-0.0680370596575916,0.454556500498517,0.120231003254954,,,cuVSLAM,34,
1064,1761211794616,279.07383441925,66.7157173156738,-90.5642509460449,-0.0670355807994665,0.46243983671588,0.119638446841448,,,cuVSLAM,33,
1065,1761211794650,282.904744148254,66.2011951208115,-92.2829732298851,-0.0660800798579981,0.468964710379353,0.118399755011032,,,cuVSLAM,34,
1066,1761211794683,286.137104034424,65.263144671917,-93.759223818779,-0.0651577885980806,0.474203279693355,0.115278617936983,,,cuVSLAM,33,
1067,1761211794716,288.907587528229,63.8078451156616,-94.9178040027618,-0.0638196003626211,0.478549939946345,0.111450401945306,,,cuVSLAM,33,
1068,1761211794750,291.27824306488,62.1293000876904,-96.1195230484009,-0.0618291034288896,0.482118610583569,0.108196600539501,,,cuVSLAM,34,
1069,1761211794783,293.151557445526,60.0849762558937,-96.664160490036,-0.0594940242008965,0.484893507491548,0.104218879590749,,,cuVSLAM,33,
1070,1761211794817,294.283926486969,57.4004240334034,-96.6662913560867,-0.0570470692902474,0.48596671575374,0.097967567569172,,,cuVSLAM,34,
1071,1761211794850,294.346153736114,54.151676595211,-96.2812155485153,-0.0537791188341549,0.485080891196656,0.0919323255057563,,,cuVSLAM,33,
1072,1761211794883,293.55177283287,50.1991100609303,-95.0893014669418,-0.0491322282909861,0.482742423550991,0.0864683771744451,,,cuVSLAM,33,
1073,1761211794917,291.79859161377,45.2996045351028,-93.4289693832397,-0.04298521989183,0.478609643611933,0.0815838113287627,,,cuVSLAM,34,
1074,1761211794950,289.330840110779,39.5659692585468,-91.0464376211166,-0.0350340863360896,0.47331244922071,0.0780234120331236,,,cuVSLAM,33,
1075,1761211794984,286.476671695709,33.0072045326233,-88.2947370409966,-0.0252460249591019,0.467297321527795,0.0751602188896991,,,cuVSLAM,34,
1076,1761211795017,283.524096012115,25.3279283642769,-85.3878259658814,-0.0137682996976932,0.461207659971134,0.0737590738173387,,,cuVSLAM,33,
1077,1761211795050,280.465364456177,16.9882252812386,-83.1504389643669,-0.000873430063049799,0.455097664608881,0.0734911312175548,,,cuVSLAM,33,
1078,1761211795084,278.080105781555,8.18291306495667,-81.0368806123734,0.0130460734727533,0.450099939091062,0.0732896345848213,,,cuVSLAM,34,
1079,1761211795117,276.378601789474,-1.11418217420578,-79.0549367666245,0.0274766192077309,0.446448287711159,0.072068538706094,,,cuVSLAM,33,
1080,1761211795151,275.113165378571,-11.037141084671,-77.9267996549606,0.0428865763291091,0.443544263083185,0.072337153687472,,,cuVSLAM,34,
1081,1761211795184,274.242997169495,-21.0425853729248,-77.1733224391937,0.0590561646342873,0.441205959145184,0.0734387760240832,,,cuVSLAM,33,
1082,1761211795217,273.644894361496,-31.3282907009125,-76.5004605054855,0.0755635349528865,0.439604578704578,0.0745704952983751,,,cuVSLAM,33,
1083,1761211795251,272.951185703278,-41.6724979877472,-76.1749148368835,0.0921907318392383,0.437840829261033,0.0755515378040999,,,cuVSLAM,34,
1084,1761211795284,272.085130214691,-52.0572513341904,-75.7045298814774,0.108905545186572,0.435735944326547,0.0772522562313997,,,cuVSLAM,33,
1085,1761211795318,270.939409732819,-62.2674524784088,-75.5424499511719,0.125159766022152,0.433150748792457,0.0779961210639914,,,cuVSLAM,34,
1086,1761211795351,269.804358482361,-72.5405663251877,-75.2902925014496,0.140696738729643,0.430568486158454,0.0769552540500373,,,cuVSLAM,33,
1087,1761211795384,268.366396427155,-82.711473107338,-75.3128528594971,0.156450480744239,0.427585943305001,0.0776529317127099,,,cuVSLAM,33,
1088,1761211795418,266.778081655502,-92.4526900053024,-75.1835107803345,0.171838863940077,0.424375981363439,0.0787692111749194,,,cuVSLAM,34,
1089,1761211795451,264.965116977692,-102.063670754433,-75.4929333925247,0.186755438790885,0.420724481047125,0.0792717095589266,,,cuVSLAM,33,
1090,1761211795485,263.254344463348,-111.315444111824,-75.484074652195,0.201153650737303,0.417482402141098,0.0792820136428205,,,cuVSLAM,34,
1091,1761211795518,261.450946331024,-120.32313644886,-75.3627941012383,0.215452516333628,0.414028803569447,0.0805676588580493,,,cuVSLAM,33,
1092,1761211795551,259.651303291321,-129.280254244804,-75.4768401384354,0.229569105899148,0.410379658355153,0.0822387806189294,,,cuVSLAM,33,
1093,1761211795585,257.769733667374,-137.869343161583,-75.967475771904,0.243445615777379,0.406681190284995,0.0827888633126865,,,cuVSLAM,34,
1094,1761211795618,255.76913356781,-146.749600768089,-76.7925605177879,0.257517079318385,0.402854119801057,0.0843176321041019,,,cuVSLAM,33,
1095,1761211795651,253.620505332947,-155.865237116814,-77.9972970485687,0.271102986017435,0.398888865689116,0.0839310682593607,,,cuVSLAM,33,
1096,1761211795685,251.540511846542,-164.877101778984,-78.9237469434738,0.284552593979422,0.395135211747935,0.0829082133709195,,,cuVSLAM,34,
1097,1761211795718,249.36605989933,-173.900231719017,-79.8069834709168,0.298157294884705,0.391255196114226,0.0827462537552787,,,cuVSLAM,33,
1098,1761211795751,246.937841176987,-182.488188147545,-80.9978917241097,0.311639820551453,0.386757722357582,0.082820269573425,,,cuVSLAM,33,
1099,1761211795785,244.355380535126,-191.390857100487,-81.5296694636345,0.324789629473773,0.382573737232183,0.0816325982035274,,,cuVSLAM,34,
1100,1761211795818,241.359800100327,-200.205340981483,-82.4851840734482,0.337304692647458,0.377573420145727,0.0791943381438799,,,cuVSLAM,33,
1101,1761211795851,239.611491560936,-206.884294748306,-79.2593061923981,0.347806424989382,0.374272699327118,0.0766849773188698,,,cuVSLAM,33,
1102,1761211795885,235.356777906418,-214.828118681908,-79.3478712439537,0.35989025636587,0.367063324742078,0.0766378970139291,,,cuVSLAM,34,
1103,1761211795918,230.680406093597,-222.432017326355,-79.3391987681389,0.371109025287751,0.359208322598695,0.0753019667959713,,,cuVSLAM,33,
1104,1761211795951,225.620567798614,-229.893699288368,-79.4514268636704,0.381798043959085,0.350804013604247,0.0734669035192687,,,cuVSLAM,33,
1105,1761211795985,220.400363206863,-236.89977824688,-79.4252753257751,0.391865837851467,0.34239079795245,0.0707617994100236,,,cuVSLAM,34,
1106,1761211796018,215.051248669624,-243.855446577072,-79.3865323066711,0.401667691899058,0.333771322696344,0.0683848465697522,,,cuVSLAM,33,
1107,1761211796051,209.430545568466,-250.435501337051,-79.3165415525436,0.411056507118995,0.324832609140859,0.0652612983956545,,,cuVSLAM,33,
1108,1761211796085,203.393787145615,-257.252335548401,-79.9275636672974,0.419733072945832,0.315333304986763,0.0608897920769112,,,cuVSLAM,34,
1109,1761211796118,197.377994656563,-263.300329446793,-79.2667344212532,0.427716545654884,0.305929359361766,0.057465277161005,,,cuVSLAM,33,
1110,1761211796151,190.790638327599,-268.363177776337,-78.7683874368668,0.434872728954008,0.295329238904252,0.0558991770188814,,,cuVSLAM,33,
1111,1761211796184,183.878615498543,-272.689938545227,-77.9832452535629,0.440393894098926,0.284595884044438,0.0522363888445355,,,cuVSLAM,33,
1112,1761211796218,176.707074046135,-276.390790939331,-76.5614882111549,0.444360343025456,0.273626806232977,0.048129301317139,,,cuVSLAM,34,
1113,1761211796251,169.121965765953,-278.961449861526,-74.6279209852219,0.44692334900961,0.261814911185435,0.0450158364677769,,,cuVSLAM,33,
1114,1761211796284,161.211401224136,-280.557990074158,-72.5283920764923,0.447688754045249,0.249766651234494,0.0407097867704835,,,cuVSLAM,33,
1115,1761211796318,153.04496884346,-281.37081861496,-70.4993456602097,0.447000126652979,0.237030475769023,0.0361610335884755,,,cuVSLAM,34,
1116,1761211796351,144.502803683281,-281.11720085144,-67.1638324856758,0.44501023352227,0.224016897099086,0.0335323239524208,,,cuVSLAM,33,
1117,1761211796384,135.708034038544,-279.877156019211,-64.0188679099083,0.441743572135558,0.21033514371178,0.0314178899698243,,,cuVSLAM,33,
1118,1761211796418,126.883953809738,-277.915477752686,-61.2299740314484,0.437112370465584,0.196496697113723,0.0281603199850964,,,cuVSLAM,34,
1119,1761211796451,118.334174156189,-274.963319301605,-58.147706091404,0.431505182922478,0.182861578805725,0.0265306340288207,,,cuVSLAM,33,
1120,1761211796484,111.143782734871,-270.999819040298,-54.222360253334,0.424556602209435,0.171288946226821,0.0256926181589756,,,cuVSLAM,33,
1121,1761211796518,105.120778083801,-266.687572002411,-51.4254346489906,0.416530833089265,0.162056880604425,0.0224797297676007,,,cuVSLAM,34,
