Frame,Timestamp,Translation_X,Translation_Y,Translation_Z,Rotation_X,Rotation_Y,Rotation_Z,Pose_Confidence,Tracking_State,Spatial_Memory,Odometry,Tracking_Fusion
0,1761213120763,0.0,0.0,0.0,0.0,0.0,0.0,,,cuVSLAM,,
1,1761213120796,1.7645834013819695,7.252074778079987,-0.6890473887324333,-0.009159929719472838,0.0032780615455686294,-0.0062949012854932275,,,cuVSLAM,,
2,1761213120830,3.2920942176133394,14.260053634643555,-2.170698018744588,-0.01780303210110999,0.005651274910841732,-0.00999146247146811,,,cuVSLAM,,
3,1761213120863,4.789798520505428,20.75837180018425,-3.4819776192307472,-0.0253642656864222,0.00797705699470429,-0.012683721909522286,,,cuVSLAM,,
4,1761213120897,6.332189776003361,26.081716641783714,-4.823491908609867,-0.031878872943060306,0.010104974852742313,-0.017580516728599647,,,cuVSLAM,,
5,1761213120930,7.814553566277027,30.702080577611923,-6.210759747773409,-0.03708004721279113,0.011979348614111176,-0.020287232041745464,,,cuVSLAM,,
6,1761213120963,9.064948186278343,34.58569943904877,-7.057374343276024,-0.04085564502928822,0.01441555495639863,-0.01884430516404726,,,cuVSLAM,,
7,1761213120997,10.424893349409103,37.721894681453705,-8.555866777896881,-0.04401272869711426,0.016265840206011954,-0.021215560308698065,,,cuVSLAM,,
8,1761213121030,11.316531337797642,39.937928318977356,-9.614923968911171,-0.04653225444824017,0.017503773730520245,-0.02225559788497991,,,cuVSLAM,,
9,1761213121064,11.586304754018784,41.498467326164246,-10.24021115154028,-0.04832052823156808,0.018021073644618888,-0.0207324817017795,,,cuVSLAM,,
10,1761213121097,11.547092348337173,41.82736203074455,-10.72076614946127,-0.04954720286418512,0.018150822299318102,-0.021794674391923043,,,cuVSLAM,,
11,1761213121130,11.319820769131184,41.17483273148537,-10.738612152636051,-0.04915484918059898,0.017833727340979925,-0.02150783010122295,,,cuVSLAM,,
12,1761213121164,10.444608516991138,38.94592449069023,-10.256457142531872,-0.04692103767931793,0.01707008036544194,-0.01698961404385072,,,cuVSLAM,,
13,1761213121197,9.289257228374481,35.43621674180031,-9.746411815285683,-0.04267382690613358,0.01581521330150791,-0.011982003950968436,,,cuVSLAM,,
14,1761213121231,8.086656220257282,30.35840578377247,-8.900612592697144,-0.036282137300655916,0.014401969155116967,-0.008225895922264857,,,cuVSLAM,,
15,1761213121264,6.890241056680679,23.68016168475151,-8.183560334146023,-0.027500087539996096,0.012844718340237872,-0.005274299430359567,,,cuVSLAM,,
16,1761213121297,5.702956113964319,15.334734693169594,-7.137618027627468,-0.015933513230599463,0.011906631835915381,0.0008215669007393055,,,cuVSLAM,,
17,1761213121331,4.721703473478556,6.0308147221803665,-6.394155323505402,-0.0023675343781390714,0.0107230145378663,0.007150555976493538,,,cuVSLAM,,
18,1761213121364,3.964991308748722,-4.775325767695904,-5.983627401292324,0.01219135107593181,0.00927858343523972,0.010479576502358416,,,cuVSLAM,,
19,1761213121398,3.2237600535154343,-16.445035114884377,-5.689817946404219,0.027047140992764764,0.007372736562325038,0.011941206103755719,,,cuVSLAM,,
20,1761213121431,2.2880425676703453,-28.62929180264473,-5.7266512885689735,0.041930556558344254,0.004532032049523751,0.01395021272319541,,,cuVSLAM,,
21,1761213121465,1.2875646352767944,-41.68200120329857,-6.03817030787468,0.05685416315585931,0.0014906081803588984,0.014822214267124776,,,cuVSLAM,,
22,1761213121498,0.08459389209747314,-55.31058460474014,-6.390105001628399,0.07186914547494978,-0.0015242812146016675,0.014353383439502217,,,cuVSLAM,,
23,1761213121531,-1.3112890301272273,-69.54631209373474,-6.9401441141963005,0.08694314826502264,-0.00438275590723893,0.012088480868281105,,,cuVSLAM,,
24,1761213121565,-2.916783094406128,-84.03122425079346,-7.915176451206207,0.10171537723339316,-0.007226019029728609,0.00966550421672142,,,cuVSLAM,,
25,1761213121598,-4.8200334422290325,-99.13856536149979,-9.167838841676712,0.11625101498821874,-0.01004292459414709,0.006930509631004528,,,cuVSLAM,,
26,1761213121632,-6.922587752342224,-114.81397598981857,-10.888809338212013,0.13174825518721997,-0.012796491174440797,0.0058820319537822505,,,cuVSLAM,,
27,1761213121665,-8.983501233160496,-131.08377158641815,-13.000279664993286,0.14802583077051032,-0.014952698216703628,0.004338006269422545,,,cuVSLAM,,
28,1761213121698,-10.934497229754925,-147.9073464870453,-15.469195321202278,0.16446965657150772,-0.016607683225631078,-0.0018173827019374112,,,cuVSLAM,,
29,1761213121732,-13.306346721947193,-165.5501425266266,-18.788505345582962,0.18176034427074128,-0.01920414210931577,-0.004848433875390543,,,cuVSLAM,,
30,1761213121765,-15.78364148736,-182.98952281475067,-21.979553624987602,0.19954189934370276,-0.021927226472164045,-0.007214040821662447,,,cuVSLAM,,
31,1761213121798,-17.998218536376953,-201.01092755794525,-26.354622095823288,0.2180133003048945,-0.024550655776337166,-0.012318254906395919,,,cuVSLAM,,
32,1761213121832,-20.11948451399803,-218.87017786502838,-30.676348134875298,0.23669072784139056,-0.026748029418799054,-0.016699255083297455,,,cuVSLAM,,
33,1761213121865,-22.370612248778343,-237.1653914451599,-35.49044579267502,0.2561998283835997,-0.029319313182315353,-0.01798165510027003,,,cuVSLAM,,
34,1761213121898,-24.43663217127323,-254.92334365844727,-40.835075080394745,0.27565499547803446,-0.03125509984275818,-0.020215183553273872,,,cuVSLAM,,
35,1761213121931,-26.273876428604126,-272.04492688179016,-46.48222029209137,0.2941234827253911,-0.03222936654517614,-0.026285285106655457,,,cuVSLAM,,
36,1761213121965,-27.83859148621559,-289.43249583244324,-51.96325108408928,0.3125124982428715,-0.03294128713379218,-0.030810411937997464,,,cuVSLAM,,
37,1761213121998,-29.54339049756527,-305.4879903793335,-57.65243247151375,0.3307875399204162,-0.033994353510454704,-0.03422691774589608,,,cuVSLAM,,
38,1761213122031,-31.35709837079048,-321.42770290374756,-63.452720642089844,0.3487002514094508,-0.035200727911829606,-0.036370303491608434,,,cuVSLAM,,
39,1761213122065,-33.23815017938614,-336.46613359451294,-69.58066672086716,0.365444421983263,-0.03658931351498812,-0.04007665397714992,,,cuVSLAM,,
40,1761213122098,-35.38058698177338,-349.5486378669739,-75.43487101793289,0.3807014778447086,-0.038742001198181275,-0.04265777047191913,,,cuVSLAM,,
41,1761213122131,-37.69064322113991,-362.66112327575684,-81.93331211805344,0.3950658951032823,-0.04165129959999262,-0.04360352368373381,,,cuVSLAM,,
42,1761213122165,-39.88613188266754,-375.486820936203,-87.45713531970978,0.40841900857544233,-0.04329464646905167,-0.04716737566107615,,,cuVSLAM,,
43,1761213122198,-42.26595163345337,-387.4053359031677,-93.52733939886093,0.42057502222732807,-0.045540084119343426,-0.049594776767684416,,,cuVSLAM,,
44,1761213122231,-44.60819438099861,-399.5697498321533,-99.76635873317719,0.4328295047643083,-0.047824361401849924,-0.0517493486529284,,,cuVSLAM,,
45,1761213122265,-47.05136641860008,-411.96590662002563,-106.28648102283478,0.4453726245206284,-0.050016026393126266,-0.05541771952640079,,,cuVSLAM,,
46,1761213122298,-49.43974316120148,-424.8872101306915,-113.41199278831482,0.45828572673836504,-0.05242456652672169,-0.058355076791493286,,,cuVSLAM,,
47,1761213122331,-52.17527970671654,-436.80539727211,-120.09947001934052,0.47147821980692006,-0.05454924495769796,-0.06295696618671728,,,cuVSLAM,,
48,1761213122365,-55.046405643224716,-447.9930102825165,-127.03660130500793,0.4849024621312715,-0.057615768857730724,-0.06623847583604316,,,cuVSLAM,,
49,1761213122398,-57.6823353767395,-460.8073830604553,-135.62211394309998,0.49926232190611686,-0.06147088294362175,-0.06789757973667061,,,cuVSLAM,,
50,1761213122431,-60.32274663448334,-472.5308418273926,-143.66276562213898,0.514290460460199,-0.06399803407273655,-0.07223141845694843,,,cuVSLAM,,
51,1761213122465,-62.46094033122063,-485.17683148384094,-152.43209898471832,0.530054218619736,-0.06529279710889983,-0.0797866424865302,,,cuVSLAM,,
52,1761213122498,-64.49583917856216,-497.33397364616394,-161.8342250585556,0.5462827639674347,-0.06870905146374122,-0.08167855161044542,,,cuVSLAM,,
53,1761213122531,-66.44124537706375,-508.58747959136963,-171.03305459022522,0.5623899816953875,-0.07168268469367862,-0.0848892105209478,,,cuVSLAM,,
54,1761213122564,-68.15929710865021,-519.920289516449,-180.05777895450592,0.578225359086902,-0.07296674114639343,-0.09124701502886887,,,cuVSLAM,,
55,1761213122598,-69.60839778184891,-531.4732193946838,-189.1733855009079,0.5939912707241083,-0.07512421190609767,-0.09313101118264476,,,cuVSLAM,,
56,1761213122631,-71.18159532546997,-541.9892072677612,-198.69652390480042,0.609318027473143,-0.07777790302382499,-0.09548001589643373,,,cuVSLAM,,
57,1761213122664,-72.79617339372635,-552.0246028900146,-207.87742733955383,0.6240948154243529,-0.0804887659711976,-0.09821191158398557,,,cuVSLAM,,
58,1761213122698,-74.32509958744049,-561.1223578453064,-217.35231578350067,0.6375610595123078,-0.08402023639077336,-0.10118189594055622,,,cuVSLAM,,
59,1761213122731,-76.0398581624031,-569.5825219154358,-226.1926829814911,0.6501225605740393,-0.08714717824700675,-0.10580134439623842,,,cuVSLAM,,
60,1761213122764,-77.8893455862999,-577.5403380393982,-233.27212035655975,0.6620448618429391,-0.08947955470472321,-0.10989971647841022,,,cuVSLAM,,
61,1761213122798,-79.07943427562714,-584.2107534408569,-242.73893237113953,0.6738219772798835,-0.09328085911558073,-0.11435280205070038,,,cuVSLAM,,
62,1761213122831,-80.19428700208664,-591.2967324256897,-252.05373764038086,0.6850880052994103,-0.09633780357948117,-0.1189454428327482,,,cuVSLAM,,
63,1761213122864,-81.0713991522789,-598.9270806312561,-260.731965303421,0.6965154073390504,-0.09855190635856434,-0.12234429260105621,,,cuVSLAM,,
64,1761213122898,-81.76729083061218,-605.1223874092102,-270.3382968902588,0.7089494960152214,-0.10336101092043473,-0.12057159438964972,,,cuVSLAM,,
65,1761213122931,-82.25373178720474,-611.3193035125732,-280.2160084247589,0.7215871832265773,-0.10896357359779806,-0.11620101065544747,,,cuVSLAM,,
66,1761213122964,-82.40561187267303,-617.5877451896667,-289.03675079345703,0.7340980068682922,-0.11038156469291503,-0.11856048626282063,,,cuVSLAM,,
67,1761213122998,-81.5526470541954,-624.3016123771667,-299.34564232826233,0.7454843641300535,-0.11064284120640233,-0.12275275870722045,,,cuVSLAM,,
68,1761213123031,-80.29605448246002,-630.1596760749817,-310.99897623062134,0.7560752478579871,-0.1116542696399668,-0.12569899607827523,,,cuVSLAM,,
69,1761213123064,-79.05002683401108,-635.47682762146,-321.4860260486603,0.7664815984838793,-0.11034731352650144,-0.1311511051262205,,,cuVSLAM,,
70,1761213123098,-77.2896409034729,-641.1324739456177,-331.69224858283997,0.7768250350481268,-0.10823477665784283,-0.13608560403679176,,,cuVSLAM,,
71,1761213123131,-75.3183513879776,-646.9528079032898,-342.0427143573761,0.787233967742365,-0.10540866333063352,-0.1400086441485448,,,cuVSLAM,,
72,1761213123164,-73.39324057102203,-651.8872976303101,-351.67545080184937,0.7979522474636015,-0.10216313708036211,-0.14159603703084322,,,cuVSLAM,,
73,1761213123197,-70.8208978176117,-656.6089987754822,-361.9590997695923,0.808771220283109,-0.09856874482250792,-0.14353125880978207,,,cuVSLAM,,
74,1761213123231,-68.33889335393906,-661.2915992736816,-370.8816170692444,0.818806784541861,-0.09424844177138512,-0.14441951972558234,,,cuVSLAM,,
75,1761213123264,-65.86410105228424,-665.2974486351013,-379.8406422138214,0.8283266529080836,-0.09068693939075613,-0.14415287264563972,,,cuVSLAM,,
76,1761213123297,-63.752248883247375,-668.554425239563,-388.0532681941986,0.8376329453837438,-0.08760554901761475,-0.14308744481500738,,,cuVSLAM,,
77,1761213123331,-61.46728992462158,-671.9487309455872,-396.3412940502167,0.8464024261157859,-0.08574041355032504,-0.14012063028471022,,,cuVSLAM,,
78,1761213123364,-59.448543936014175,-675.7012009620667,-404.153972864151,0.8546694106063651,-0.08527250414229466,-0.1346161138373142,,,cuVSLAM,,
79,1761213123397,-58.11261385679245,-677.8966188430786,-410.5100929737091,0.8622825873192245,-0.08452557171580971,-0.1314129562854529,,,cuVSLAM,,
80,1761213123431,-56.732214987277985,-680.8630228042603,-416.22331738471985,0.8695849366137505,-0.08417622548783646,-0.12784142167455373,,,cuVSLAM,,
81,1761213123464,-55.57715147733688,-683.7391257286072,-420.5569326877594,0.8763150365463876,-0.0843866655738314,-0.12367648334606764,,,cuVSLAM,,
82,1761213123497,-54.58953231573105,-686.4100694656372,-423.60126972198486,0.8819724394135768,-0.0860516280557184,-0.1171193415950054,,,cuVSLAM,,
83,1761213123531,-54.13368716835976,-688.3010864257812,-425.2033531665802,0.885924977303877,-0.08813036838761995,-0.11024148065993947,,,cuVSLAM,,
84,1761213123564,-53.37384715676308,-689.9001002311707,-425.32873153686523,0.8885168819959189,-0.08847994995702685,-0.10586869553911375,,,cuVSLAM,,
85,1761213123597,-52.53154784440994,-690.4263496398926,-423.78750443458557,0.8895856404542483,-0.08804330672727194,-0.10239550971521776,,,cuVSLAM,,
86,1761213123631,-51.70147866010666,-690.2939677238464,-419.9903607368469,0.8877826155641061,-0.08716683638737634,-0.09854665675614876,,,cuVSLAM,,
87,1761213123664,-51.06010288000107,-688.9281272888184,-414.2643213272095,0.8829201108736038,-0.08673788163322298,-0.09366804034614537,,,cuVSLAM,,
88,1761213123697,-50.653088837862015,-685.4522824287415,-406.82682394981384,0.8746237770742872,-0.08722365965707249,-0.08887778240997646,,,cuVSLAM,,
89,1761213123731,-50.22105947136879,-680.729866027832,-398.0639576911926,0.8635063591714116,-0.0874284461118533,-0.0858076958263786,,,cuVSLAM,,
90,1761213123764,-50.068654119968414,-675.2517223358154,-387.55497336387634,0.8504260639007599,-0.08633289455580215,-0.08456135791970458,,,cuVSLAM,,
91,1761213123797,-49.39689487218857,-669.3357825279236,-376.78393721580505,0.8360843864045785,-0.0852195139513907,-0.08410013771913905,,,cuVSLAM,,
92,1761213123831,-49.26138371229172,-661.9663238525391,-364.9788200855255,0.8212495049147231,-0.08374620252873397,-0.08522099399628998,,,cuVSLAM,,
93,1761213123864,-48.841409385204315,-654.5268893241882,-353.47968339920044,0.8060035627907992,-0.08345925189787218,-0.08406900783261079,,,cuVSLAM,,
94,1761213123897,-49.13174360990524,-646.2852358818054,-340.8813774585724,0.7906175422036194,-0.0836186486220192,-0.08214383944493646,,,cuVSLAM,,
95,1761213123931,-49.37049746513367,-637.4546885490417,-328.88317108154297,0.7757025338396552,-0.08471312412116477,-0.0802573798752648,,,cuVSLAM,,
96,1761213123964,-50.086650997400284,-628.2687187194824,-316.52963161468506,0.7606775168394815,-0.08663469114746332,-0.07579459940117811,,,cuVSLAM,,
97,1761213123997,-51.06265842914581,-618.9787983894348,-304.1723966598511,0.7457666260413301,-0.08936831699257494,-0.06892930580840537,,,cuVSLAM,,
98,1761213124031,-51.95840448141098,-609.1167330741882,-291.7562425136566,0.7311953331771562,-0.09189281484729571,-0.06289179100467397,,,cuVSLAM,,
99,1761213124064,-52.658811211586,-599.4496941566467,-279.818594455719,0.7169150612333375,-0.09467086099987825,-0.05607066669212278,,,cuVSLAM,,
100,1761213124098,-53.66590619087219,-590.3686285018921,-267.58459210395813,0.7030186600722027,-0.09633863758303556,-0.049433014077203075,,,cuVSLAM,,
101,1761213124131,-54.0672168135643,-581.4527273178101,-256.8679451942444,0.6897671410318968,-0.09855121987956524,-0.04218061857511394,,,cuVSLAM,,
102,1761213124164,-54.415907710790634,-571.7625617980957,-245.8617240190506,0.6759727529135244,-0.09970922922645142,-0.03637778905629207,,,cuVSLAM,,
103,1761213124198,-54.981764405965805,-561.3353848457336,-234.1262549161911,0.6619307232075088,-0.10005173544686721,-0.030202203153994713,,,cuVSLAM,,
104,1761213124231,-54.79694530367851,-551.8220067024231,-223.6182540655136,0.647813983392509,-0.10018171779840455,-0.022989162946895413,,,cuVSLAM,,
105,1761213124264,-54.536473006010056,-540.6120419502258,-212.87325024604797,0.6330869440749578,-0.09938733282860483,-0.0182112136033047,,,cuVSLAM,,
106,1761213124298,-53.977906703948975,-530.7194590568542,-203.17725837230682,0.6187317381761693,-0.09873122963999387,-0.0118078457172368,,,cuVSLAM,,
107,1761213124331,-53.73743921518326,-519.8374390602112,-193.1469738483429,0.6046418982765865,-0.09829544709277321,-0.005403180981911115,,,cuVSLAM,,
108,1761213124365,-53.44236269593239,-508.46320390701294,-183.16948413848877,0.5901696171332662,-0.09764248023865421,0.00024599812018720766,,,cuVSLAM,,
109,1761213124398,-53.226545453071594,-497.15352058410645,-173.61587285995483,0.5756203263418426,-0.09796751167591047,0.008867620375452138,,,cuVSLAM,,
110,1761213124431,-53.244393318891525,-485.19378900527954,-163.5120064020157,0.5609543348362774,-0.09779536468326715,0.015925235200809244,,,cuVSLAM,,
111,1761213124465,-53.36802452802658,-472.9183614253998,-153.99077534675598,0.5458176818040148,-0.09784962922142498,0.02251175146914605,,,cuVSLAM,,
112,1761213124498,-53.99066582322121,-461.4924490451813,-144.68149840831757,0.5309947870896485,-0.09815905349207057,0.030146690811825808,,,cuVSLAM,,
113,1761213124531,-54.7059141099453,-449.5115876197815,-135.04774868488312,0.5165568072307994,-0.0983721179366964,0.03687067873884753,,,cuVSLAM,,
114,1761213124565,-55.69599196314812,-436.655730009079,-125.41021406650543,0.5020583593251858,-0.09909639725713976,0.044039230741329476,,,cuVSLAM,,
115,1761213124598,-57.12428316473961,-423.85461926460266,-116.59721285104752,0.48741920014039825,-0.1008498008000223,0.05445800409918431,,,cuVSLAM,,
116,1761213124631,-58.18253383040428,-412.3890995979309,-109.60480570793152,0.47282244463842066,-0.10193500762095209,0.06227172577359384,,,cuVSLAM,,
117,1761213124665,-59.18280780315399,-399.73026514053345,-101.77150368690491,0.4583337933731591,-0.101302061378644,0.06560653892420999,,,cuVSLAM,,
118,1761213124698,-60.491904616355896,-386.3441050052643,-94.55608576536179,0.4437630346185616,-0.10165543014896913,0.07318928446579015,,,cuVSLAM,,
119,1761213124731,-61.831455677747726,-372.53379821777344,-87.36784756183624,0.4288864022337294,-0.10190463211397466,0.08387574624947512,,,cuVSLAM,,
120,1761213124765,-62.97938525676727,-358.9857816696167,-81.30167424678802,0.4128601509846009,-0.10150765436969102,0.08929757212339154,,,cuVSLAM,,
121,1761213124798,-63.8948529958725,-344.53654289245605,-75.38408041000366,0.39591825918715645,-0.10110196885847977,0.09381289227399874,,,cuVSLAM,,
122,1761213124831,-64.59449231624603,-330.34035563468933,-69.10227984189987,0.37907750408456853,-0.10003288825216618,0.10066868516201576,,,cuVSLAM,,
123,1761213124865,-64.81039524078369,-314.93011116981506,-64.38907235860825,0.36231007710192875,-0.09901770228005516,0.10503873044119624,,,cuVSLAM,,
124,1761213124898,-64.87730145454407,-301.852822303772,-59.19338017702103,0.3463082571597159,-0.09663217754425214,0.10947111270728169,,,cuVSLAM,,
125,1761213124931,-64.885713160038,-288.62640261650085,-54.40341681241989,0.3310941423876472,-0.09458809765167399,0.11621242586680884,,,cuVSLAM,,
126,1761213124965,-64.72666561603546,-276.24011039733887,-49.35426265001297,0.31720466957625554,-0.09181382435761178,0.12592553629934317,,,cuVSLAM,,
127,1761213124998,-64.22487646341324,-264.0348970890045,-45.69440707564354,0.3043071514914196,-0.08892478671528027,0.1312586978011791,,,cuVSLAM,,
128,1761213125031,-63.888706266880035,-252.5891363620758,-42.794954031705856,0.29256541965925403,-0.08658507985141328,0.13960066104930013,,,cuVSLAM,,
129,1761213125065,-63.21078538894653,-241.7965829372406,-40.2982234954834,0.2821528419863618,-0.08389838702659537,0.14684969700422065,,,cuVSLAM,,
130,1761213125098,-62.64221668243408,-232.35729336738586,-38.606908172369,0.2732399730339849,-0.08135283532409215,0.15321691029537673,,,cuVSLAM,,
131,1761213125131,-61.614491045475006,-222.9025959968567,-37.54868358373642,0.2654396898941471,-0.07908896810390557,0.158007389078559,,,cuVSLAM,,
132,1761213125165,-60.88674068450928,-213.86465430259705,-37.11968660354614,0.2588696550634414,-0.07752645843649945,0.16438931236396334,,,cuVSLAM,,
133,1761213125198,-60.17685681581497,-205.88555932044983,-36.60687804222107,0.25298991176905966,-0.07570941458474671,0.17188915612275113,,,cuVSLAM,,
134,1761213125231,-59.20404940843582,-198.02863895893097,-37.11014986038208,0.24700757332120335,-0.07376490529392157,0.17580334607710535,,,cuVSLAM,,
135,1761213125265,-58.19408223032951,-190.83485007286072,-37.734102457761765,0.24136928536660096,-0.07128815217288655,0.1796258771772614,,,cuVSLAM,,
136,1761213125298,-56.9535568356514,-183.70871245861053,-38.57108578085899,0.23591464513097818,-0.06862951863654845,0.18411443729767207,,,cuVSLAM,,
137,1761213125331,-55.46922981739044,-176.1878877878189,-39.2632782459259,0.22975896321400227,-0.06536545365628364,0.18632328127424364,,,cuVSLAM,,
138,1761213125365,-54.00390177965164,-168.68381202220917,-40.56577384471893,0.22327882147305353,-0.06209103622234994,0.18888749943253647,,,cuVSLAM,,
139,1761213125398,-52.30069160461426,-160.8295887708664,-42.43781417608261,0.21650483286994623,-0.0584287983592154,0.19199638959069082,,,cuVSLAM,,
140,1761213125431,-50.35175010561943,-153.08409929275513,-44.310107827186584,0.2084177517939068,-0.053292247182332816,0.19230082400106152,,,cuVSLAM,,
141,1761213125465,-47.92150855064392,-144.59598064422607,-46.644411981105804,0.19943906486272267,-0.04766222557726016,0.1917783981081261,,,cuVSLAM,,
142,1761213125498,-45.25120556354523,-136.13513112068176,-48.58865216374397,0.1903296032926604,-0.04149867354835943,0.19344065551740017,,,cuVSLAM,,
143,1761213125531,-42.49078780412674,-127.85808742046356,-51.197487860918045,0.1808034210547173,-0.03533602378598766,0.19356480305083915,,,cuVSLAM,,
144,1761213125565,-39.67924416065216,-120.2065497636795,-53.5716749727726,0.1714753756567019,-0.0292103971252664,0.19186435725828133,,,cuVSLAM,,
145,1761213125598,-36.84880957007408,-112.99236118793488,-56.23757839202881,0.16272472671049076,-0.024128449088127828,0.1922732283762433,,,cuVSLAM,,
146,1761213125631,-33.9290052652359,-106.86114430427551,-58.65137651562691,0.15425208029858403,-0.01882156706627409,0.18977025180912468,,,cuVSLAM,,
147,1761213125665,-30.88146820664406,-101.39141976833344,-61.037831008434296,0.1465333480657464,-0.013964059586627494,0.18611842623368385,,,cuVSLAM,,
148,1761213125698,-28.236769139766693,-97.75862097740173,-63.25651705265045,0.14005708159252536,-0.009775188746714309,0.18337693074207426,,,cuVSLAM,,
149,1761213125731,-25.766707956790924,-94.73182260990143,-65.30642509460449,0.13462386968819814,-0.006776451181993009,0.18025463065262848,,,cuVSLAM,,
150,1761213125764,-23.294679820537567,-93.27566623687744,-66.71496480703354,0.1311228018524785,-0.004448837395268515,0.177246831582967,,,cuVSLAM,,
151,1761213125798,-20.978979766368866,-93.5707837343216,-67.67222285270691,0.13016617147409326,-0.0022051836631706524,0.17530108528751373,,,cuVSLAM,,
152,1761213125831,-18.5466930270195,-95.53955495357513,-68.49125027656555,0.13170832991311007,7.613017568649434e-05,0.17354774495172423,,,cuVSLAM,,
153,1761213125864,-15.797711908817291,-99.00902211666107,-68.31127405166626,0.13587410684892523,0.0030022503126750037,0.1709242308101476,,,cuVSLAM,,
154,1761213125898,-13.349615037441254,-104.87374663352966,-67.66824424266815,0.14269605683460976,0.006021396610218469,0.16737867721194213,,,cuVSLAM,,
155,1761213125931,-11.167027056217194,-111.78067326545715,-66.16433709859848,0.1520116026405831,0.008600861449420774,0.16481667193549926,,,cuVSLAM,,
156,1761213125964,-9.799107909202576,-119.8582649230957,-65.0232657790184,0.1625932975840409,0.009725950346883495,0.16295513164985664,,,cuVSLAM,,
157,1761213125998,-8.829288184642792,-128.34393978118896,-63.65541368722916,0.1740679523069856,0.009839100148017432,0.16005805170462367,,,cuVSLAM,,
158,1761213126031,-8.869219571352005,-137.76399195194244,-62.66191601753235,0.18566246298651626,0.008675001878380988,0.15550909148498485,,,cuVSLAM,,
159,1761213126064,-9.69858467578888,-147.25933969020844,-61.882562935352325,0.1965070144046852,0.006469295022109515,0.15232739989744368,,,cuVSLAM,,
160,1761213126098,-11.152543127536774,-156.57787024974823,-61.22875213623047,0.20683021171296145,0.0033405400019698994,0.1500763125344784,,,cuVSLAM,,
161,1761213126131,-13.1048783659935,-166.4843112230301,-60.25732308626175,0.2163409525801072,0.0002567247910926122,0.14683477888537527,,,cuVSLAM,,
162,1761213126164,-15.216339379549026,-176.05970799922943,-59.08120796084404,0.2243874543653969,-0.0028480602100514657,0.1429273816123789,,,cuVSLAM,,
163,1761213126198,-17.393968999385834,-185.3632628917694,-58.00684168934822,0.23155102419745865,-0.005707409444783381,0.13820077201170955,,,cuVSLAM,,
164,1761213126231,-19.559986889362335,-194.98777389526367,-57.00801685452461,0.23883812797611206,-0.007965726948362816,0.1326237504133251,,,cuVSLAM,,
165,1761213126264,-21.48463949561119,-203.929603099823,-55.88710308074951,0.24601960489570227,-0.009734911672737318,0.1279785087224921,,,cuVSLAM,,
166,1761213126298,-23.336872458457947,-213.04982900619507,-55.264029651880264,0.2537657288114685,-0.01119220749989721,0.12395561436215745,,,cuVSLAM,,
167,1761213126331,-24.819936603307724,-222.6409614086151,-54.78319525718689,0.26208426951611563,-0.011788568023318263,0.11997279223731072,,,cuVSLAM,,
168,1761213126364,-25.638874620199203,-231.95336759090424,-54.80770021677017,0.27073594900660347,-0.01097664285403241,0.11784979409952305,,,cuVSLAM,,
169,1761213126398,-25.489982217550278,-241.38303101062775,-54.68577519059181,0.27995651097806745,-0.0075842351864349985,0.11400909073433728,,,cuVSLAM,,
170,1761213126431,-24.53332394361496,-250.8283257484436,-54.63811010122299,0.28952263904354153,-0.0034062677059273354,0.11147295895789781,,,cuVSLAM,,
171,1761213126464,-22.980984300374985,-259.8249614238739,-54.951999336481094,0.2987830204656595,0.0011199437629222184,0.11081331058580166,,,cuVSLAM,,
172,1761213126498,-20.62951773405075,-268.7920928001404,-55.14489859342575,0.30827756763318315,0.00642931846943232,0.11113900472796408,,,cuVSLAM,,
173,1761213126531,-17.790965735912323,-277.7688801288605,-55.31340092420578,0.3177840061345787,0.011848564451918177,0.11288014029010368,,,cuVSLAM,,
174,1761213126564,-14.569524675607681,-285.8806252479553,-55.495671927928925,0.3265821846198157,0.01650645110628335,0.11550183793289727,,,cuVSLAM,,
175,1761213126598,-11.33650541305542,-294.04598474502563,-55.6609183549881,0.3351358673124644,0.02047640499311334,0.1185689919656399,,,cuVSLAM,,
176,1761213126631,-7.951706647872925,-301.7559349536896,-56.394949555397034,0.34335605566910643,0.023739091413523514,0.1222414645190743,,,cuVSLAM,,
177,1761213126664,-4.295952618122101,-309.28918719291687,-57.02606216073036,0.35187427929959286,0.027227489049233077,0.1276848439279679,,,cuVSLAM,,
178,1761213126698,-0.352419912815094,-316.7533278465271,-58.367833495140076,0.3610066755885613,0.030927751454545904,0.13241923836108366,,,cuVSLAM,,
179,1761213126731,3.773413598537445,-324.651837348938,-60.09090691804886,0.3708000945989237,0.03507770573874963,0.13785737411609997,,,cuVSLAM,,
180,1761213126764,8.318677544593811,-332.6369822025299,-62.096208333969116,0.3810529100135026,0.03986816392298497,0.14274252271662158,,,cuVSLAM,,
181,1761213126797,13.007879257202148,-340.33289551734924,-64.77341055870056,0.3912730727503923,0.04491150375147548,0.14736745952400804,,,cuVSLAM,,
182,1761213126831,17.863094806671143,-347.6533591747284,-67.72200763225555,0.4012171078213536,0.050146213045569224,0.15312562751414255,,,cuVSLAM,,
183,1761213126864,22.830955684185028,-354.70131039619446,-71.83132320642471,0.41016662966288125,0.05552375867757983,0.15602656045721958,,,cuVSLAM,,
184,1761213126897,27.984969317913055,-360.8683943748474,-75.82656294107437,0.41789651456967347,0.06179722593525819,0.15894277451105981,,,cuVSLAM,,
185,1761213126931,33.30638259649277,-366.4907217025757,-80.24753630161285,0.42507949532810546,0.06870384752520674,0.16202598481907135,,,cuVSLAM,,
186,1761213126964,39.02978450059891,-371.4730143547058,-85.25227755308151,0.4313865106025184,0.07643157020689083,0.16263331830483982,,,cuVSLAM,,
187,1761213126997,45.18665373325348,-376.24675035476685,-90.72551131248474,0.43713027942434884,0.08478539159909057,0.16246805434853265,,,cuVSLAM,,
188,1761213127031,51.63872241973877,-380.8925151824951,-96.30050510168076,0.4428017431527568,0.09415058143194316,0.1632912766236282,,,cuVSLAM,,
189,1761213127064,58.339156210422516,-384.6094012260437,-102.72178798913956,0.44835924644411385,0.10343789991679304,0.16448094005361047,,,cuVSLAM,,
190,1761213127097,65.2783066034317,-389.20438289642334,-108.94419252872467,0.4540397269242656,0.11343511891040761,0.16620282198085157,,,cuVSLAM,,
191,1761213127131,72.35546410083771,-392.4253284931183,-116.48096889257431,0.4600963484310175,0.1223015118832538,0.1676076784159247,,,cuVSLAM,,
192,1761213127164,79.6625018119812,-396.1682319641113,-124.39720332622528,0.46703629728061097,0.1316413875610838,0.16934916375159081,,,cuVSLAM,,
193,1761213127197,87.30676770210266,-399.7898995876312,-132.44646787643433,0.4746129608243274,0.14134855038876223,0.17159754047781386,,,cuVSLAM,,
194,1761213127231,94.99485790729523,-402.6701748371124,-141.07322692871094,0.4825488914513468,0.15073636122932946,0.17428080100619503,,,cuVSLAM,,
195,1761213127264,102.91287302970886,-405.735045671463,-149.89492297172546,0.4904610153471057,0.16079711790008866,0.17581940795034245,,,cuVSLAM,,
196,1761213127297,110.70491373538971,-408.2528054714203,-159.10091996192932,0.49845483997019174,0.1702077728457015,0.17884206067160321,,,cuVSLAM,,
197,1761213127331,118.3205097913742,-410.1502299308777,-168.2416796684265,0.507107128840262,0.17895339303209915,0.1822059063941957,,,cuVSLAM,,
198,1761213127364,125.52587687969208,-411.97240352630615,-178.2040297985077,0.5162996392903028,0.18686441226330483,0.1852260073866007,,,cuVSLAM,,
199,1761213127397,132.35346972942352,-413.02603483200073,-188.60751390457153,0.5254856591727939,0.19388924534758542,0.19019013542830795,,,cuVSLAM,,
200,1761213127431,139.3476277589798,-414.1537547111511,-198.39420914649963,0.5338043403864052,0.20258640162818037,0.19243163464592059,,,cuVSLAM,,
201,1761213127464,146.8486487865448,-416.84117913246155,-206.99457824230194,0.5411267519582212,0.21309177502359558,0.19378143294125583,,,cuVSLAM,,
202,1761213127497,153.15383672714233,-417.838454246521,-216.43514931201935,0.5480120414173757,0.22135548302160277,0.19514065964999933,,,cuVSLAM,,
203,1761213127531,158.6371660232544,-418.3932840824127,-225.9223759174347,0.5539768702841462,0.22842812609241525,0.19627858220977354,,,cuVSLAM,,
204,1761213127564,163.87376189231873,-419.0157353878021,-233.91681909561157,0.558838331762789,0.23577462602760865,0.1962325772371568,,,cuVSLAM,,
205,1761213127597,168.30620169639587,-419.3227291107178,-241.70416593551636,0.5630887544882707,0.24201136837293594,0.19555516481514884,,,cuVSLAM,,
206,1761213127631,172.26609587669373,-419.2325472831726,-249.05894696712494,0.5666885915663216,0.24811279475063136,0.19383111007768933,,,cuVSLAM,,
207,1761213127664,175.56968331336975,-419.0651774406433,-256.0676336288452,0.5703177212269159,0.2534797979344365,0.1931216049881654,,,cuVSLAM,,
208,1761213127697,178.1604439020157,-418.75070333480835,-263.18278908729553,0.5737533042239044,0.2577416963396976,0.19280868930262934,,,cuVSLAM,,
209,1761213127731,180.21950125694275,-418.1087613105774,-269.8480486869812,0.5759912538242383,0.2617029222499202,0.19013918942198213,,,cuVSLAM,,
210,1761213127764,181.80671334266663,-417.3770248889923,-275.77975392341614,0.5774656975484421,0.26500800728918744,0.18731844401907005,,,cuVSLAM,,
211,1761213127797,183.07238817214966,-416.6207015514374,-281.76769614219666,0.5786265406547128,0.2682246035575426,0.18396674038735017,,,cuVSLAM,,
212,1761213127831,184.2077523469925,-415.9921705722809,-287.8473401069641,0.5800861756445892,0.2719897066298085,0.17913569622674452,,,cuVSLAM,,
213,1761213127864,185.1734220981598,-415.87862372398376,-293.8997447490692,0.5829918515829464,0.2752202117076706,0.17567258121397566,,,cuVSLAM,,
214,1761213127897,186.01180613040924,-416.1805212497711,-299.1873621940613,0.5867318269142245,0.2789747368215699,0.17421347877699372,,,cuVSLAM,,
215,1761213127930,186.28883361816406,-416.2530303001404,-305.3417205810547,0.591211770370292,0.28178936763612933,0.17375140057153357,,,cuVSLAM,,
216,1761213127964,185.89703738689423,-416.38240218162537,-311.14184856414795,0.5956396424189393,0.2842826313626248,0.17296258620306404,,,cuVSLAM,,
217,1761213127997,184.90132689476013,-416.3959324359894,-316.4612054824829,0.5986623949902692,0.28670445014708046,0.16931645842033302,,,cuVSLAM,,
218,1761213128030,182.962104678154,-416.21920466423035,-321.17003202438354,0.6005034712686468,0.28850635096569893,0.16442325750897663,,,cuVSLAM,,
219,1761213128064,179.5133352279663,-415.0915741920471,-325.2910077571869,0.601003292644703,0.2879861404025099,0.16061527742900075,,,cuVSLAM,,
220,1761213128097,174.99198019504547,-414.04929757118225,-328.7475109100342,0.5989593015537561,0.2867197117756237,0.1540036250912786,,,cuVSLAM,,
221,1761213128130,169.20334100723267,-412.0510220527649,-331.6456973552704,0.5956213587420832,0.28375123430356525,0.14462349371925345,,,cuVSLAM,,
222,1761213128164,162.32450306415558,-410.23412346839905,-333.4224224090576,0.5915056826138391,0.27954479577877894,0.1359876747426081,,,cuVSLAM,,
223,1761213128197,154.54493463039398,-408.4782004356384,-334.59383249282837,0.5870699065402576,0.27457652577330055,0.12625459953891915,,,cuVSLAM,,
224,1761213128230,145.7110345363617,-406.48308396339417,-335.3612422943115,0.5829296496636227,0.2676221232323795,0.11627892662547866,,,cuVSLAM,,
225,1761213128264,136.42340898513794,-404.8336446285248,-335.33018827438354,0.5786141203860742,0.2607108274932024,0.10518264364552694,,,cuVSLAM,,
226,1761213128297,126.75359845161438,-403.9613604545593,-334.84432101249695,0.5746993709140246,0.25395590622889713,0.09327001012547881,,,cuVSLAM,,
227,1761213128330,116.24553054571152,-402.7095437049866,-334.0855538845062,0.5713539477158773,0.24580610665890631,0.08069764675196205,,,cuVSLAM,,
228,1761213128364,105.36333173513412,-401.58215165138245,-333.3960175514221,0.5678805295967339,0.23711488551661242,0.06770351082626881,,,cuVSLAM,,
229,1761213128397,94.55150365829468,-401.1476933956146,-332.36148953437805,0.5644225297173703,0.23009253485264422,0.050626283313189996,,,cuVSLAM,,
230,1761213128430,83.56162160634995,-400.0984728336334,-331.0226500034332,0.5616266022151558,0.2230799794585851,0.03473915886961182,,,cuVSLAM,,
231,1761213128464,72.80926406383514,-399.7710943222046,-329.29378747940063,0.55901784320853,0.21769215186571125,0.01999703702099621,,,cuVSLAM,,
232,1761213128497,62.452301383018494,-399.8449146747589,-327.18920707702637,0.5568215359229218,0.21297623395759868,0.00588135071695561,,,cuVSLAM,,
233,1761213128530,52.124813199043274,-399.48153495788574,-325.30930638313293,0.55447650093552,0.20794805817979803,-0.008190281779554448,,,cuVSLAM,,
234,1761213128564,42.01238602399826,-399.08045530319214,-323.02987575531006,0.5518502106973834,0.2028262650790647,-0.019531752129573383,,,cuVSLAM,,
235,1761213128597,32.35828876495361,-398.5719084739685,-320.63037157058716,0.5496711118205916,0.19796981132850755,-0.02930602576138209,,,cuVSLAM,,
236,1761213128630,23.492708802223206,-398.22930097579956,-318.70150566101074,0.5472809959438852,0.1951226701514081,-0.04163730308684023,,,cuVSLAM,,
237,1761213128664,15.279099345207214,-397.865355014801,-316.8576657772064,0.5447852338203498,0.194321329251955,-0.05709643428136728,,,cuVSLAM,,
238,1761213128697,7.343024015426636,-397.27136492729187,-315.4352903366089,0.5424224837673971,0.1932463836581891,-0.07057045751265653,,,cuVSLAM,,
239,1761213128730,-0.737503170967102,-395.4446613788605,-314.45586681365967,0.5417060373009662,0.1894661679252783,-0.07374261303852016,,,cuVSLAM,,
240,1761213128764,-8.107319474220276,-394.8115408420563,-313.6821985244751,0.5413646161231463,0.1875382752630692,-0.07715626839605404,,,cuVSLAM,,
241,1761213128797,-15.102937817573547,-394.18140053749084,-312.83414363861084,0.5414091178467879,0.18653394767031975,-0.08055565262750605,,,cuVSLAM,,
242,1761213128830,-21.733686327934265,-393.6384618282318,-312.8823935985565,0.5415592382506571,0.1854206396239159,-0.08563981875353811,,,cuVSLAM,,
243,1761213128864,-28.146415948867798,-393.2669758796692,-312.6016855239868,0.5418518017889915,0.18431409503967267,-0.08935110026885379,,,cuVSLAM,,
244,1761213128897,-34.33786332607269,-392.74245500564575,-312.457412481308,0.542854333405131,0.18227305478088607,-0.0886579817662426,,,cuVSLAM,,
245,1761213128931,-40.03134369850159,-393.0794894695282,-311.8968605995178,0.5434682576220037,0.18215753167774337,-0.09007597947490217,,,cuVSLAM,,
246,1761213128964,-45.477405190467834,-393.60955357551575,-311.7387294769287,0.5438330022644712,0.18373063264916575,-0.09531008050982519,,,cuVSLAM,,
247,1761213128997,-50.761595368385315,-393.69550347328186,-311.3419711589813,0.5455641433837629,0.18320083853325383,-0.08976577629762188,,,cuVSLAM,,
248,1761213129031,-54.94984984397888,-394.62724328041077,-310.03355979919434,0.5470760129401997,0.1849215039349072,-0.08368175480678833,,,cuVSLAM,,
249,1761213129064,-58.15470218658447,-396.53900265693665,-307.3940873146057,0.5487093128370149,0.18903596617713472,-0.07703851440126469,,,cuVSLAM,,
250,1761213129097,-60.750558972358704,-397.73815870285034,-303.86969447135925,0.5518292117078057,0.19103713047678872,-0.062469860382188006,,,cuVSLAM,,
251,1761213129131,-62.224820256233215,-400.68763494491577,-299.5486259460449,0.553109330957437,0.19672741183783055,-0.06294336857478677,,,cuVSLAM,,
252,1761213129164,-63.550665974617004,-403.54979038238525,-295.512855052948,0.5541428032800761,0.19836299950832365,-0.05977713837604471,,,cuVSLAM,,
253,1761213129198,-65.02974033355713,-406.00794553756714,-289.47368264198303,0.55599460249524,0.19559820181382526,-0.047307504303980806,,,cuVSLAM,,
254,1761213129231,-65.60610234737396,-410.02997756004333,-283.1445336341858,0.5553871646218645,0.19679333232819823,-0.0516404803753171,,,cuVSLAM,,
255,1761213129264,-66.34427607059479,-412.4676585197449,-276.56927704811096,0.5545329129217058,0.1946946683717231,-0.05088978331203547,,,cuVSLAM,,
256,1761213129298,-66.67816638946533,-415.8783257007599,-268.8344717025757,0.5538080971521725,0.19172006026483923,-0.04749002202904328,,,cuVSLAM,,
257,1761213129331,-65.8719390630722,-419.72678899765015,-261.30324602127075,0.5512073015291157,0.19357322692735524,-0.06045559181962587,,,cuVSLAM,,
258,1761213129364,-65.95903635025024,-421.618789434433,-253.77818942070007,0.551064848488555,0.1887161876861711,-0.05085364946431773,,,cuVSLAM,,
259,1761213129398,-64.95991349220276,-424.4854152202606,-245.25591731071472,0.5508193692127884,0.1846817330089796,-0.041016786735419274,,,cuVSLAM,,
260,1761213129431,-62.48892843723297,-427.7956187725067,-237.46463656425476,0.5475230948170838,0.18708328789004314,-0.055051939742998934,,,cuVSLAM,,
261,1761213129465,-60.309454798698425,-430.15745282173157,-229.18105125427246,0.5457093407421718,0.18422094467808106,-0.049025143071077394,,,cuVSLAM,,
262,1761213129498,-56.80227279663086,-432.0627450942993,-220.20655870437622,0.5437022160607307,0.18160961506783613,-0.0411386040709361,,,cuVSLAM,,
263,1761213129531,-50.86882412433624,-435.8025789260864,-213.4205400943756,0.5386365186922009,0.18765523736014267,-0.06643450844932078,,,cuVSLAM,,
264,1761213129565,-44.54796016216278,-437.0884299278259,-204.5406699180603,0.5339490295208218,0.19111099287702407,-0.07948586442265082,,,cuVSLAM,,
265,1761213129598,-37.63338923454285,-438.2983446121216,-196.15766406059265,0.5289695659625236,0.19242514725263984,-0.07979745081323485,,,cuVSLAM,,
266,1761213129631,-29.26291525363922,-439.1748607158661,-188.1752759218216,0.5210980797791409,0.19772654956097002,-0.0919897129060988,,,cuVSLAM,,
267,1761213129665,-21.920382976531982,-438.49924206733704,-179.9531877040863,0.5150390506709582,0.19727096675625538,-0.08307522354701113,,,cuVSLAM,,
268,1761213129698,-14.11999762058258,-436.4556074142456,-172.0590740442276,0.5086113003469289,0.1964484964051929,-0.07348719345191104,,,cuVSLAM,,
269,1761213129732,-5.641385912895203,-435.1102113723755,-165.06564617156982,0.5001221567949554,0.2011404057794529,-0.08116755292835505,,,cuVSLAM,,
270,1761213129765,1.4305859804153442,-431.8874180316925,-159.4107151031494,0.49414635091822834,0.200740887120787,-0.07446473167842999,,,cuVSLAM,,
271,1761213129798,8.711442351341248,-428.6313056945801,-152.78360247612,0.48966066786044293,0.19878710216582962,-0.061267208283672436,,,cuVSLAM,,
272,1761213129832,16.143545508384705,-425.60023069381714,-147.5893259048462,0.48367260918923227,0.20068602825050988,-0.0675715571456978,,,cuVSLAM,,
273,1761213129865,22.415101528167725,-422.238290309906,-144.29700374603271,0.48069681160030475,0.1986124486804764,-0.06485504521533089,,,cuVSLAM,,
274,1761213129899,28.15701812505722,-418.729305267334,-140.92247188091278,0.48115760557439136,0.1927239450522137,-0.0470149916321629,,,cuVSLAM,,
275,1761213129932,34.38922017812729,-414.85095024108887,-137.72796094417572,0.4806702479874652,0.18992515753957578,-0.043092761964410954,,,cuVSLAM,,
276,1761213129966,40.42907804250717,-410.93575954437256,-136.1350268125534,0.48097444114902244,0.18768269657946784,-0.043084388983318476,,,cuVSLAM,,
277,1761213129999,46.300098299980164,-406.8393409252167,-135.44316589832306,0.48285783348320765,0.18489540715651348,-0.03808616934117693,,,cuVSLAM,,
278,1761213130032,52.53582447767258,-402.4931490421295,-135.18168032169342,0.48567463073707057,0.1826315520776015,-0.030080083472947473,,,cuVSLAM,,
279,1761213130066,58.9844286441803,-397.44898676872253,-135.7962191104889,0.48822427467240986,0.18246323710140352,-0.020096595542990946,,,cuVSLAM,,
280,1761213130099,65.77752530574799,-392.18899607658386,-137.50550150871277,0.49083256287289645,0.18339911594935893,-0.009010071616709168,,,cuVSLAM,,
281,1761213130133,72.91406393051147,-387.2627019882202,-139.8286521434784,0.49330754768451973,0.1866044587696982,0.0006212628907679659,,,cuVSLAM,,
282,1761213130166,80.38970082998276,-381.9418251514435,-142.8431272506714,0.494659306964752,0.192352910542839,0.00800331329237415,,,cuVSLAM,,
283,1761213130199,87.81323581933975,-375.89776515960693,-146.51259779930115,0.49533700241328915,0.1994129235758079,0.014838445056160667,,,cuVSLAM,,
284,1761213130233,95.0780138373375,-369.2142367362976,-150.87948739528656,0.4950378582460524,0.20653225490719687,0.02207596915990244,,,cuVSLAM,,
285,1761213130266,102.36091166734695,-362.40896582603455,-154.9835503101349,0.4945234050814939,0.21430475006063884,0.03109374874560026,,,cuVSLAM,,
286,1761213130300,109.87529158592224,-355.61996698379517,-159.27842259407043,0.49272769812036715,0.2243202743065685,0.03593406281786046,,,cuVSLAM,,
287,1761213130333,117.03716218471527,-348.23501110076904,-163.75896334648132,0.4902355142504342,0.2342928133193902,0.04019418472805457,,,cuVSLAM,,
288,1761213130367,123.73413890600204,-340.89404344558716,-167.78838634490967,0.48871752447691374,0.2421548639360807,0.0514744097485224,,,cuVSLAM,,
289,1761213130400,130.27414679527283,-333.75778794288635,-172.25073277950287,0.48580470763605893,0.2513945909112707,0.054555617766457454,,,cuVSLAM,,
290,1761213130433,135.9860748052597,-325.8301913738251,-176.8401861190796,0.48273118265555903,0.2587950717865314,0.056310293527544755,,,cuVSLAM,,
291,1761213130467,141.02743566036224,-318.0791735649109,-181.05560541152954,0.4812095299089445,0.2632150166619317,0.0641319240651159,,,cuVSLAM,,
292,1761213130500,145.59978246688843,-310.37455797195435,-185.4490488767624,0.4804025028896993,0.26718032523183566,0.07221071771328505,,,cuVSLAM,,
293,1761213130534,149.91408586502075,-303.05951833724976,-189.9498701095581,0.4803446467702071,0.271640449077276,0.0793817380895295,,,cuVSLAM,,
294,1761213130567,153.64722907543182,-296.09984159469604,-195.132315158844,0.4811989989351448,0.2756274990811346,0.08440464120432747,,,cuVSLAM,,
295,1761213130600,156.74544870853424,-289.13626074790955,-200.4503756761551,0.482612430151135,0.27932791890726655,0.08943660371034412,,,cuVSLAM,,
296,1761213130634,159.10792350769043,-282.34994411468506,-206.1932533979416,0.4845346927771571,0.2828012466392983,0.09434678961381406,,,cuVSLAM,,
297,1761213130667,160.57588160037994,-275.24811029434204,-212.17593550682068,0.4870870631512821,0.2848140429829782,0.10155910329503909,,,cuVSLAM,,
298,1761213130701,161.593958735466,-268.8370645046234,-217.9628312587738,0.4892316372601267,0.2872943223791532,0.10557742882745884,,,cuVSLAM,,
299,1761213130734,161.64053976535797,-262.3116970062256,-223.92815351486206,0.49171649597242495,0.2886852103273561,0.11158874280562478,,,cuVSLAM,,
300,1761213130767,160.83598136901855,-256.03556632995605,-230.08383810520172,0.49367424186977343,0.28958700284680994,0.11739399526502677,,,cuVSLAM,,
301,1761213130801,159.32607650756836,-250.20897388458252,-235.63522100448608,0.4952865912611244,0.2907892506851376,0.12200979578796657,,,cuVSLAM,,
302,1761213130834,156.7506343126297,-244.59511041641235,-241.0530149936676,0.49759641664025445,0.29064986722464714,0.12574785850420367,,,cuVSLAM,,
303,1761213130867,152.95478701591492,-238.7324571609497,-246.07837200164795,0.4998188337275157,0.2889579467922506,0.1329707673449679,,,cuVSLAM,,
304,1761213130901,148.58478307724,-232.56216943264008,-251.15734338760376,0.5006305737197139,0.28809690307541513,0.1365057902485673,,,cuVSLAM,,
305,1761213130934,143.85375380516052,-226.8092930316925,-255.7327151298523,0.5005929535981667,0.2876161764560959,0.13477420317589253,,,cuVSLAM,,
306,1761213130967,138.63325119018555,-220.76000273227692,-259.5827579498291,0.49962212279144397,0.28699948524349195,0.13373118563131195,,,cuVSLAM,,
307,1761213131001,133.1619918346405,-215.17521142959595,-263.9467418193817,0.49835338363573817,0.28663899538254967,0.13315545000433016,,,cuVSLAM,,
308,1761213131034,127.39220261573792,-208.84233713150024,-267.1889066696167,0.4970882298251285,0.28713331182086466,0.13110082854162555,,,cuVSLAM,,
309,1761213131067,121.40854448080063,-202.65169441699982,-270.3157365322113,0.49465395589357325,0.2881898783848369,0.12626175074644239,,,cuVSLAM,,
310,1761213131101,114.74156379699707,-196.6417282819748,-273.4282612800598,0.4930659107022722,0.286861005025905,0.12437894914809039,,,cuVSLAM,,
311,1761213131134,107.46190696954727,-190.98301231861115,-275.8246064186096,0.4929389312142895,0.2832019725425021,0.12398134841798934,,,cuVSLAM,,
312,1761213131167,99.92022812366486,-185.477152466774,-278.0420482158661,0.49266237724804657,0.2787860930324841,0.12537754379381777,,,cuVSLAM,,
313,1761213131200,92.11231023073196,-180.6342601776123,-279.7728180885315,0.49289407156243614,0.274511904975939,0.12642016491668326,,,cuVSLAM,,
314,1761213131234,84.17751640081406,-176.21909081935883,-280.4769277572632,0.49429142745443994,0.269163662092682,0.12814930322725587,,,cuVSLAM,,
315,1761213131267,76.06728374958038,-172.09595441818237,-280.9072732925415,0.494061258501035,0.2643731511635065,0.12701320249236908,,,cuVSLAM,,
316,1761213131300,67.8936243057251,-168.39604079723358,-280.68217635154724,0.49364428967533674,0.25985698301358223,0.12482455611479368,,,cuVSLAM,,
317,1761213131334,59.345461428165436,-165.23346304893494,-280.1736891269684,0.49447773127417544,0.2542714272383193,0.12499250241326745,,,cuVSLAM,,
318,1761213131367,50.75758695602417,-162.44478523731232,-279.0811359882355,0.49479256865205035,0.24939168255884311,0.12554431093735058,,,cuVSLAM,,
319,1761213131400,42.68905520439148,-159.83912348747253,-277.407169342041,0.4951710107922363,0.24628394104593151,0.1211694567452944,,,cuVSLAM,,
320,1761213131434,34.62847322225571,-158.2072228193283,-275.23791790008545,0.4964486550124951,0.2417308160617166,0.12200665997960097,,,cuVSLAM,,
321,1761213131467,26.889756321907043,-156.1489999294281,-272.3272740840912,0.49643933135020446,0.23611668394662289,0.12670561702384292,,,cuVSLAM,,
322,1761213131500,19.685983657836914,-154.85188364982605,-269.21048760414124,0.4955686562652758,0.23133515244810907,0.12877823548405226,,,cuVSLAM,,
323,1761213131534,13.1426602602005,-154.53103184700012,-265.70889353752136,0.4955826381856317,0.22772970154654573,0.13141808263278787,,,cuVSLAM,,
324,1761213131567,7.152855396270752,-154.68160808086395,-261.5818381309509,0.4970445616323774,0.22486305145071278,0.13707215785577093,,,cuVSLAM,,
325,1761213131600,1.439511775970459,-155.5989682674408,-257.38221406936646,0.4991450276203847,0.22220015958780792,0.14240560796984184,,,cuVSLAM,,
326,1761213131634,-3.708586096763611,-156.92618489265442,-252.56532430648804,0.5018179907277522,0.2196828986444581,0.14832736543255354,,,cuVSLAM,,
327,1761213131667,-7.676213979721069,-159.33465957641602,-248.16954135894775,0.5041203953409406,0.22183269192410296,0.13981636024196853,,,cuVSLAM,,
328,1761213131700,-10.608196258544922,-161.92470490932465,-243.07812750339508,0.5074434571425946,0.22583966394398194,0.1315805593345371,,,cuVSLAM,,
329,1761213131734,-14.091432094573975,-164.31935131549835,-237.45347559452057,0.5132292387340193,0.226135353753285,0.1408403776374299,,,cuVSLAM,,
330,1761213131767,-17.129674553871155,-166.62515699863434,-231.16110265254974,0.5185420335516716,0.22476848730567228,0.15160496598093934,,,cuVSLAM,,
331,1761213131800,-19.576549530029297,-169.5317178964615,-224.87279772758484,0.5201875053864762,0.2244057232687392,0.14588713399362588,,,cuVSLAM,,
332,1761213131834,-23.815929889678955,-171.79860174655914,-218.9730852842331,0.5224101353511224,0.21503062514066207,0.15591930414988323,,,cuVSLAM,,
333,1761213131867,-27.275368571281433,-173.23905229568481,-209.9657505750656,0.5231182070227948,0.20511962880553883,0.16416608531655102,,,cuVSLAM,,
334,1761213131900,-31.395524740219116,-175.48024654388428,-201.950341463089,0.5213548707481199,0.19546706023645974,0.165387611222041,,,cuVSLAM,,
335,1761213131934,-35.66679358482361,-177.20679938793182,-193.10685992240906,0.5197313367086295,0.18438062898759364,0.1737540914496236,,,cuVSLAM,,
336,1761213131967,-39.29892182350159,-179.00483310222626,-183.44467878341675,0.5171615352045051,0.1759708894392638,0.1790469945558058,,,cuVSLAM,,
337,1761213132000,-42.552053928375244,-180.42246997356415,-173.50178956985474,0.5129175718380936,0.16858425159020682,0.18322578172381354,,,cuVSLAM,,
338,1761213132034,-45.51984369754791,-181.62807822227478,-163.03619742393494,0.5080174270124295,0.16021252556954785,0.19199082164088793,,,cuVSLAM,,
339,1761213132067,-47.47083783149719,-182.688370347023,-151.98716521263123,0.5016512497688372,0.15388775266559251,0.19277573086795963,,,cuVSLAM,,
340,1761213132100,-49.1640567779541,-183.3508312702179,-140.64273238182068,0.49387021158988176,0.14792048311062864,0.19256940149052193,,,cuVSLAM,,
341,1761213132134,-50.53567886352539,-183.15184116363525,-128.699392080307,0.48584881357876863,0.1418541270420173,0.19309274663929127,,,cuVSLAM,,
342,1761213132167,-51.64791643619537,-184.27038192749023,-116.71294271945953,0.4788158602175571,0.13643915608366575,0.1889932733160337,,,cuVSLAM,,
343,1761213132200,-52.699461579322815,-185.29249727725983,-104.6203225851059,0.4727594127362412,0.1298451635112153,0.18830658268999437,,,cuVSLAM,,
344,1761213132234,-53.45827341079712,-186.3415688276291,-92.44979918003082,0.46708322106678346,0.1241184884624451,0.18783503528695247,,,cuVSLAM,,
345,1761213132267,-54.45815622806549,-187.82544136047363,-80.7320773601532,0.462805403313004,0.11778992237076959,0.18878091027471477,,,cuVSLAM,,
346,1761213132300,-55.029213428497314,-189.25413489341736,-68.91396641731262,0.45955032384052785,0.11082898352896485,0.19462514466547,,,cuVSLAM,,
347,1761213132334,-54.30150032043457,-191.81233644485474,-57.97220766544342,0.455634578531233,0.10879811557090216,0.18690895868076973,,,cuVSLAM,,
348,1761213132367,-52.82577872276306,-192.6305890083313,-47.71381616592407,0.45240841275289856,0.10680416489394884,0.18361000183426715,,,cuVSLAM,,
349,1761213132400,-50.48927664756775,-193.17661225795746,-37.36892342567444,0.44982230913970167,0.1043360352124309,0.19105868173128776,,,cuVSLAM,,
350,1761213132433,-46.539321541786194,-194.14132833480835,-27.84647047519684,0.44650875230207193,0.10656989889999294,0.18786170520608286,,,cuVSLAM,,
351,1761213132467,-41.21720790863037,-194.43966448307037,-18.887698650360107,0.4432266059618436,0.11146100811188141,0.1843125968433092,,,cuVSLAM,,
352,1761213132500,-35.57591140270233,-193.50051879882812,-11.740505695343018,0.4408170910263686,0.11528527428322147,0.18821321234604235,,,cuVSLAM,,
353,1761213132533,-28.99123728275299,-192.52891838550568,-5.338519811630249,0.43885594656434446,0.12002760835049585,0.19286128554589965,,,cuVSLAM,,
354,1761213132567,-21.276280283927917,-191.1981701850891,0.20363926887512207,0.4373067990633851,0.12562448842317425,0.19250455060485094,,,cuVSLAM,,
355,1761213132600,-12.790903449058533,-190.01451134681702,4.7224462032318115,0.4361239208170199,0.1317887215892087,0.1914985305813006,,,cuVSLAM,,
356,1761213132633,-4.370927810668945,-187.9059225320816,7.645785808563232,0.4366355724516076,0.13530126628362066,0.2009117217487407,,,cuVSLAM,,
357,1761213132667,4.127174615859985,-186.43812835216522,9.521424770355225,0.43925618109600023,0.13633555642885622,0.22057312363097004,,,cuVSLAM,,
358,1761213132700,14.755427837371826,-184.99059975147247,10.595053434371948,0.44105742252430263,0.1410534847118739,0.23115901697550878,,,cuVSLAM,,
359,1761213132733,25.596797466278076,-183.65484476089478,9.999960660934448,0.44194661242852784,0.14895998999721202,0.23408980531206416,,,cuVSLAM,,
360,1761213132767,37.31417655944824,-181.3182234764099,7.395833730697632,0.442872926640148,0.15948852895397927,0.23110005499589045,,,cuVSLAM,,
361,1761213132800,49.698539078235626,-178.7942349910736,3.110438585281372,0.4446654817262968,0.17190213820938635,0.22437715238316697,,,cuVSLAM,,
362,1761213132833,61.99748069047928,-175.07189512252808,-1.725912094116211,0.4486989884205318,0.18279505084719105,0.2294122853163252,,,cuVSLAM,,
363,1761213132867,75.2447098493576,-172.85872995853424,-7.701486349105835,0.4538881238022171,0.196156599072646,0.23613633883433097,,,cuVSLAM,,
364,1761213132900,88.81843835115433,-170.0151562690735,-14.915764331817627,0.458403328705317,0.2117300793536791,0.2360188445137939,,,cuVSLAM,,
365,1761213132933,102.5797575712204,-167.16893017292023,-22.1395343542099,0.4639127120689723,0.22677962909590035,0.2414615106217516,,,cuVSLAM,,
366,1761213132967,115.9743145108223,-163.9297902584076,-30.85613250732422,0.46882565004400983,0.24164060643611013,0.24164510908309303,,,cuVSLAM,,
367,1761213133000,128.9534866809845,-160.62039136886597,-39.4187867641449,0.4733191175001377,0.2561751962982431,0.2417044213596319,,,cuVSLAM,,
368,1761213133033,140.89283347129822,-156.58164024353027,-48.89997839927673,0.47770877413105783,0.26892620073702267,0.24392181441442978,,,cuVSLAM,,
369,1761213133067,151.95304155349731,-152.67857909202576,-57.915449142456055,0.4814002942302369,0.2809889652083545,0.24670016514832172,,,cuVSLAM,,
370,1761213133100,161.75834834575653,-147.95874059200287,-67.11438298225403,0.4837435972734689,0.2910655082099424,0.24913134874277199,,,cuVSLAM,,
371,1761213133133,169.90411281585693,-142.96290278434753,-77.04392075538635,0.4832999500270768,0.3006800523647254,0.24570404232548484,,,cuVSLAM,,
372,1761213133167,177.01759934425354,-137.33725249767303,-86.407870054245,0.4820201574250415,0.30868463138996766,0.24333272783549062,,,cuVSLAM,,
373,1761213133200,183.2958310842514,-131.75690174102783,-95.83981335163116,0.4816187990564937,0.31475070638180586,0.24417785103352724,,,cuVSLAM,,
374,1761213133233,189.24444913864136,-126.56527757644653,-105.61642050743103,0.48037508562375947,0.3225750835443299,0.24058675729063803,,,cuVSLAM,,
375,1761213133267,194.47016716003418,-121.20764702558517,-115.19557237625122,0.4800705396264971,0.32963805540723523,0.23966721160872131,,,cuVSLAM,,
376,1761213133300,199.12144541740417,-116.09717458486557,-124.79183077812195,0.48032832508756595,0.33652592595970665,0.2389997428233296,,,cuVSLAM,,
377,1761213133333,203.4609466791153,-111.77755892276764,-134.2039704322815,0.48049704491240036,0.34455203171709503,0.23613703180300125,,,cuVSLAM,,
378,1761213133367,206.80560171604156,-107.17333108186722,-143.99980008602142,0.48281551043527887,0.3501246542212539,0.2360995513272643,,,cuVSLAM,,
379,1761213133400,209.39822494983673,-103.41431200504303,-153.33500504493713,0.486118857394576,0.35485004823170213,0.2394635739709819,,,cuVSLAM,,
380,1761213133433,211.72089874744415,-99.67303276062012,-162.602961063385,0.4885288928736999,0.36070442120131463,0.2377719323901479,,,cuVSLAM,,
381,1761213133467,213.10076117515564,-96.02782875299454,-171.9496250152588,0.49311144357162373,0.3643927868073969,0.23847260429702669,,,cuVSLAM,,
382,1761213133500,213.87305855751038,-92.92776137590408,-181.1034232378006,0.49662915951729625,0.36801298472746957,0.23693362527484163,,,cuVSLAM,,
383,1761213133533,213.80971372127533,-89.79736268520355,-189.59340453147888,0.5011103866080063,0.3701876629320585,0.23714530467706105,,,cuVSLAM,,
384,1761213133566,212.29541301727295,-89.16135877370834,-201.57577097415924,0.508154532861258,0.36798484628580325,0.24116094371159633,,,cuVSLAM,,
385,1761213133600,210.31586825847626,-86.42219752073288,-209.04742181301117,0.513013538861332,0.36797182243683146,0.2429378238148709,,,cuVSLAM,,
386,1761213133633,207.6139897108078,-84.05942469835281,-215.98729491233826,0.5165101348409096,0.36758193762715397,0.24187186209080966,,,cuVSLAM,,
387,1761213133666,203.8210928440094,-81.85437321662903,-222.2997546195984,0.5206378932055598,0.36611596019460557,0.2415982949402029,,,cuVSLAM,,
388,1761213133700,198.94744455814362,-79.51726019382477,-228.29973697662354,0.5235095696927277,0.36404324809975797,0.24108459224440446,,,cuVSLAM,,
389,1761213133733,193.4831440448761,-77.49345898628235,-234.21335220336914,0.5252140905416292,0.36238397893148677,0.2367308469357931,,,cuVSLAM,,
390,1761213133767,187.05472350120544,-75.69807022809982,-239.81763422489166,0.5283407117117839,0.3593148107101605,0.23549322307159432,,,cuVSLAM,,
391,1761213133800,179.61730062961578,-73.49352538585663,-245.2044039964676,0.5308711235900839,0.35569079547336974,0.23559644680830502,,,cuVSLAM,,
392,1761213133833,171.81119322776794,-71.62442803382874,-250.50386786460876,0.5321812410492425,0.35311755714352494,0.23066096459358967,,,cuVSLAM,,
393,1761213133867,163.2721722126007,-69.6289986371994,-255.25492429733276,0.5339043246640168,0.34950323761403435,0.22719258111594165,,,cuVSLAM,,
394,1761213133900,153.8037657737732,-67.29854643344879,-259.3902349472046,0.5339469680220131,0.344677694603705,0.22566762595516157,,,cuVSLAM,,
395,1761213133934,144.02006566524506,-64.96542692184448,-262.748658657074,0.5334558348641797,0.34056270172498054,0.22359666827275634,,,cuVSLAM,,
396,1761213133967,133.91922414302826,-62.912680208683014,-265.1452422142029,0.5341532166368583,0.3357115264120556,0.22356378641077568,,,cuVSLAM,,
397,1761213134000,123.00223112106323,-60.75427308678627,-266.80681109428406,0.5337282418806086,0.32925889735957464,0.22538007788298153,,,cuVSLAM,,
398,1761213134034,111.76729947328568,-58.87241289019585,-267.945796251297,0.5328566276949902,0.3239586632802597,0.2279402864782328,,,cuVSLAM,,
399,1761213134067,100.55306553840637,-57.141341269016266,-268.534392118454,0.5314413224344126,0.31974993572696125,0.22645839040665997,,,cuVSLAM,,
400,1761213134101,88.73891830444336,-55.53141236305237,-268.2366669178009,0.5311946470635576,0.3123659094895928,0.2334670974855875,,,cuVSLAM,,
401,1761213134134,77.69294083118439,-54.274652153253555,-267.7292823791504,0.5285571814474082,0.3081966123484648,0.23085238219896909,,,cuVSLAM,,
402,1761213134167,66.85011088848114,-53.24336886405945,-266.73150062561035,0.5259595807545879,0.3032704830091663,0.23090473297947126,,,cuVSLAM,,
403,1761213134201,56.22680485248566,-51.988907158374786,-265.0710642337799,0.5227032427844098,0.2982017418165176,0.23173621521875454,,,cuVSLAM,,
404,1761213134234,46.22359573841095,-51.05702206492424,-263.2319927215576,0.5179028056555526,0.29495497330423004,0.2271309962972188,,,cuVSLAM,,
405,1761213134268,36.197155714035034,-50.23910105228424,-261.2053453922272,0.5132878123476632,0.29053935171084266,0.22409886853904767,,,cuVSLAM,,
406,1761213134301,26.182040572166443,-49.44456368684769,-258.6957812309265,0.5101425460185536,0.2843906445087587,0.22941047646646626,,,cuVSLAM,,
407,1761213134334,16.606971621513367,-49.11987483501434,-256.36404752731323,0.5071573276892937,0.2794462928379183,0.23193391104617028,,,cuVSLAM,,
408,1761213134368,7.345095276832581,-49.3648499250412,-254.1879117488861,0.5043844874806803,0.27480667957382593,0.23227668288825523,,,cuVSLAM,,
409,1761213134401,-2.028554677963257,-49.48700964450836,-251.62893533706665,0.5037141242298695,0.26764491241455285,0.2420361131644866,,,cuVSLAM,,
410,1761213134435,-10.83877682685852,-50.87394639849663,-248.8311529159546,0.504069574077928,0.2605312893424485,0.2509672579589283,,,cuVSLAM,,
411,1761213134468,-19.142240285873413,-53.20867523550987,-246.06168270111084,0.5044516501731654,0.25400314661624923,0.25540298716350085,,,cuVSLAM,,
412,1761213134501,-27.098238468170166,-55.85890635848045,-242.70367622375488,0.5060743448557421,0.2462545001729809,0.26599198106085253,,,cuVSLAM,,
413,1761213134535,-34.76683795452118,-59.36208739876747,-238.8039231300354,0.5090142630337597,0.23772131595432525,0.2824849510773188,,,cuVSLAM,,
414,1761213134568,-41.52902960777283,-63.81186097860336,-234.99605059623718,0.5106248767894518,0.23175886637761417,0.2881056219255027,,,cuVSLAM,,
415,1761213134602,-47.66681790351868,-68.67313385009766,-230.773463845253,0.5117541244561592,0.22582713950428254,0.2886834258559601,,,cuVSLAM,,
416,1761213134635,-53.88560891151428,-73.93723726272583,-226.165771484375,0.5137965091326789,0.21756724390243895,0.29279934306919936,,,cuVSLAM,,
417,1761213134668,-59.72564220428467,-79.88494634628296,-221.4728593826294,0.5150114038932759,0.21002177445571124,0.2899902325355331,,,cuVSLAM,,
418,1761213134702,-65.64489006996155,-86.163230240345,-216.97157621383667,0.5163035945414113,0.20076585306127032,0.28564821417937614,,,cuVSLAM,,
419,1761213134735,-71.69303297996521,-92.75177121162415,-212.58674561977386,0.5176336897436408,0.19003286464512786,0.2813752798387455,,,cuVSLAM,,
420,1761213134769,-77.51721143722534,-99.58763420581818,-208.16200971603394,0.5180858617600312,0.18052449459939224,0.2733990422478754,,,cuVSLAM,,
421,1761213134802,-83.52625370025635,-105.91857135295868,-203.6668211221695,0.5183309700245889,0.1699186262848628,0.2710654606631378,,,cuVSLAM,,
422,1761213134835,-89.27494287490845,-112.48325556516647,-199.07531142234802,0.5187111554801561,0.16008247395745415,0.2671348071028136,,,cuVSLAM,,
423,1761213134869,-94.63942050933838,-119.05616521835327,-194.91420686244965,0.5186408592430503,0.15197821622099467,0.2583628607156459,,,cuVSLAM,,
424,1761213134902,-99.9232530593872,-125.35865604877472,-190.3507560491562,0.518482127952869,0.14274184254521557,0.2557910943061109,,,cuVSLAM,,
425,1761213134936,-104.9262285232544,-132.10108876228333,-185.88469922542572,0.5175248966606496,0.1346150752933396,0.24900371467985882,,,cuVSLAM,,
426,1761213134969,-109.36728119850159,-138.2197141647339,-181.75438046455383,0.5153091038325853,0.1271707008583078,0.23998983215473035,,,cuVSLAM,,
427,1761213135002,-113.56043815612793,-143.73423159122467,-177.01895534992218,0.5123910170578846,0.11915179018937641,0.23717085206460636,,,cuVSLAM,,
428,1761213135036,-116.8433129787445,-149.4753658771515,-171.8865931034088,0.5089330322660753,0.11299821708588882,0.22986601171156967,,,cuVSLAM,,
429,1761213135069,-119.83457207679749,-155.15436232089996,-166.395902633667,0.5052274523626188,0.10707042992596842,0.22254073632321517,,,cuVSLAM,,
430,1761213135103,-122.26846814155579,-160.7627272605896,-160.9535664319992,0.5007309907914731,0.10125617468634886,0.21572312696649096,,,cuVSLAM,,
431,1761213135136,-123.75172972679138,-166.7674034833908,-155.4517149925232,0.49629684863146595,0.09654960426961931,0.20548658914486878,,,cuVSLAM,,
432,1761213135169,-125.01433491706848,-172.76161909103394,-149.8539298772812,0.4929168661817739,0.09042636556892425,0.20405820113875114,,,cuVSLAM,,
433,1761213135203,-125.47814846038818,-179.21583354473114,-145.15763521194458,0.4905862037731992,0.08663733499655671,0.19788275527541246,,,cuVSLAM,,
434,1761213135236,-125.4405677318573,-185.63932180404663,-140.36276936531067,0.4894957796759568,0.08322926148720361,0.19229750710453386,,,cuVSLAM,,
435,1761213135270,-125.80713629722595,-191.25941395759583,-136.70647144317627,0.48974486741580814,0.07418425096047532,0.19806985133409089,,,cuVSLAM,,
436,1761213135303,-124.961256980896,-199.1528570652008,-132.50617682933807,0.48984933333099984,0.07081419695005482,0.18497454118301024,,,cuVSLAM,,
437,1761213135336,-124.61826205253601,-205.68543672561646,-129.52323257923126,0.4913209864080281,0.06517384407890955,0.18016262971678526,,,cuVSLAM,,
438,1761213135370,-124.77120757102966,-212.53716945648193,-126.64903700351715,0.4943122264028242,0.05699153497370718,0.18455704071595158,,,cuVSLAM,,
439,1761213135403,-124.16189908981323,-220.7142412662506,-124.40463155508041,0.4979303565942715,0.05142950794435016,0.17641811131815693,,,cuVSLAM,,
440,1761213135437,-123.92792105674744,-228.0697524547577,-122.39238619804382,0.502114708079492,0.045353397723009545,0.17028965631141038,,,cuVSLAM,,
441,1761213135470,-123.89668822288513,-236.0161542892456,-120.32423913478851,0.5065536637097494,0.03841377866519284,0.16949385230951586,,,cuVSLAM,,
442,1761213135503,-123.7054169178009,-243.91204118728638,-119.3835511803627,0.5103626537981875,0.03227711538131066,0.16176423854291844,,,cuVSLAM,,
443,1761213135537,-123.41025471687317,-251.69456005096436,-118.76070499420166,0.5137123770855702,0.026136050895258348,0.15350277921011876,,,cuVSLAM,,
444,1761213135570,-123.71078133583069,-258.7150037288666,-118.74498426914215,0.5162249131554365,0.019100392447882295,0.14820737371600984,,,cuVSLAM,,
445,1761213135604,-124.0280270576477,-266.74342155456543,-119.37694996595383,0.5185390783206082,0.0137839851772941,0.14019550838895986,,,cuVSLAM,,
446,1761213135637,-124.86368417739868,-273.57327938079834,-121.0770457983017,0.5201849857043251,0.006464786618614048,0.13742909983134172,,,cuVSLAM,,
447,1761213135670,-126.20961666107178,-278.3973515033722,-122.56626784801483,0.5210684331022266,0.00041588656105059907,0.12627238582778957,,,cuVSLAM,,
448,1761213135704,-127.51597166061401,-284.1198444366455,-124.43993985652924,0.5222492511974683,-0.00658857166168013,0.11775192642968182,,,cuVSLAM,,
449,1761213135737,-129.43413853645325,-290.5227541923523,-126.70882046222687,0.5234130888712175,-0.01590990531110963,0.11814785162741578,,,cuVSLAM,,
450,1761213135770,-130.91188669204712,-296.52902483940125,-128.73704731464386,0.523624000401683,-0.021910543565148006,0.10985606992051451,,,cuVSLAM,,
451,1761213135804,-132.03966617584229,-302.1356165409088,-130.36058843135834,0.5229276575988204,-0.026918481979120706,0.1009777727758873,,,cuVSLAM,,
452,1761213135837,-132.9922378063202,-307.1261942386627,-131.8242996931076,0.5215638453788717,-0.0317719870171958,0.09629522701668544,,,cuVSLAM,,
453,1761213135870,-133.30477476119995,-312.10246682167053,-133.16719233989716,0.5203878006280875,-0.03424073829298974,0.08700774419103906,,,cuVSLAM,,
454,1761213135904,-133.69321823120117,-317.17345118522644,-134.64121520519257,0.519535045318924,-0.03725776287296224,0.08144466447935096,,,cuVSLAM,,
455,1761213135937,-134.02897119522095,-321.5826749801636,-135.73205471038818,0.5186638325364936,-0.04034295111371272,0.07700088761412625,,,cuVSLAM,,
456,1761213135970,-133.91485810279846,-327.0534574985504,-136.8023306131363,0.5185052112755465,-0.0424940213845822,0.06847054511641301,,,cuVSLAM,,
457,1761213136004,-134.30890440940857,-331.6456079483032,-137.49320805072784,0.5184207665203184,-0.04663541840678454,0.0677192323073983,,,cuVSLAM,,
458,1761213136037,-135.13189554214478,-336.14110946655273,-139.39955830574036,0.518099177523437,-0.051671922816168586,0.06825045337174407,,,cuVSLAM,,
459,1761213136070,-135.33052802085876,-341.6963219642639,-140.20326733589172,0.5178456396789063,-0.054620483035812205,0.06323138511391681,,,cuVSLAM,,
460,1761213136104,-136.7064118385315,-345.3148901462555,-141.25798642635345,0.517116001952283,-0.060021929064164425,0.06305768284738086,,,cuVSLAM,,
461,1761213136137,-137.53312826156616,-350.20914673805237,-142.20866560935974,0.5163820843044039,-0.06397571993452854,0.06082442101687384,,,cuVSLAM,,
462,1761213136170,-138.69759440422058,-354.767769575119,-142.48895645141602,0.5147675847577207,-0.0686792805091461,0.06255934052832778,,,cuVSLAM,,
463,1761213136204,-139.9438977241516,-360.2389395236969,-144.23832297325134,0.5138352463930174,-0.07280887122463799,0.0628032764587353,,,cuVSLAM,,
464,1761213136237,-140.9376859664917,-367.135614156723,-146.8845158815384,0.5133733308600915,-0.0768527203507051,0.0658076215842057,,,cuVSLAM,,
465,1761213136270,-142.1336531639099,-371.2582588195801,-149.20081198215485,0.5127603594755378,-0.08066654750978812,0.06824944970103403,,,cuVSLAM,,
466,1761213136303,-143.08162033557892,-376.51997804641724,-151.16630494594574,0.5125590254642076,-0.08249214799668539,0.06542437874214924,,,cuVSLAM,,
467,1761213136337,-144.25230026245117,-381.7591667175293,-153.53569388389587,0.51281958129888,-0.08535189588992238,0.06672288423036503,,,cuVSLAM,,
468,1761213136370,-145.12185752391815,-386.8533670902252,-156.1085283756256,0.513275690838333,-0.08789007763905805,0.06843022005065157,,,cuVSLAM,,
469,1761213136403,-145.5000936985016,-391.72112941741943,-158.59350562095642,0.5138444443715459,-0.08894470638550961,0.06711385746875007,,,cuVSLAM,,
470,1761213136437,-145.45951783657074,-396.9855606555939,-161.11737489700317,0.5146223104574105,-0.0888506887492619,0.06587183328024468,,,cuVSLAM,,
471,1761213136470,-145.1328694820404,-402.16583013534546,-163.962259888649,0.51549763400035,-0.0886216890577545,0.06734576799224434,,,cuVSLAM,,
472,1761213136503,-144.53329145908356,-406.8529009819031,-166.63670539855957,0.516499034161048,-0.08754757791930777,0.06725439216271159,,,cuVSLAM,,
473,1761213136537,-143.65197718143463,-412.0527505874634,-169.19946670532227,0.5175472715319037,-0.08591797902803862,0.06706749359265138,,,cuVSLAM,,
474,1761213136570,-142.5190418958664,-416.37495160102844,-171.6592013835907,0.5176874222398157,-0.08462322140677662,0.06931607458057376,,,cuVSLAM,,
475,1761213136603,-141.3165032863617,-420.74984312057495,-174.06879365444183,0.5174106334451813,-0.08311749542426539,0.07063061591372789,,,cuVSLAM,,
476,1761213136637,-140.19280672073364,-425.22943019866943,-176.91540718078613,0.5168477311485263,-0.08282093308160533,0.07334793608247367,,,cuVSLAM,,
477,1761213136670,-138.9828622341156,-429.97148633003235,-179.88505959510803,0.5159067875503541,-0.08242965872757194,0.07463987479955456,,,cuVSLAM,,
478,1761213136703,-137.669637799263,-433.2142174243927,-182.668998837471,0.514556687040634,-0.08333613460247445,0.0781052880707058,,,cuVSLAM,,
479,1761213136736,-136.3670974969864,-437.32261657714844,-185.46941876411438,0.5132537026916469,-0.08422784212817591,0.08334399999155348,,,cuVSLAM,,
480,1761213136770,-135.03322005271912,-440.9118890762329,-188.72413039207458,0.5115689681519531,-0.08525767056031516,0.08824381263288701,,,cuVSLAM,,
481,1761213136803,-133.26236605644226,-444.9210464954376,-191.54848158359528,0.5098245613143685,-0.08528478252252633,0.09279316338221955,,,cuVSLAM,,
482,1761213136837,-131.47343695163727,-448.50724935531616,-195.07601857185364,0.5078451592926316,-0.08445428527095589,0.0955732185817417,,,cuVSLAM,,
483,1761213136870,-129.30063903331757,-452.1227478981018,-198.15056025981903,0.5057727531361791,-0.08266408199881552,0.09812312385258021,,,cuVSLAM,,
484,1761213136904,-127.05598771572113,-454.9967646598816,-202.04108953475952,0.5035502842497297,-0.08071957910750963,0.0985901737352544,,,cuVSLAM,,
485,1761213136937,-124.27813559770584,-457.9680860042572,-206.76259696483612,0.5016754823015624,-0.07673448493840582,0.09402025685513728,,,cuVSLAM,,
486,1761213136970,-121.46686762571335,-460.30810475349426,-211.61431074142456,0.5000554156043885,-0.07238852777821453,0.09000816363266928,,,cuVSLAM,,
487,1761213137004,-118.76754462718964,-462.6511037349701,-217.1480655670166,0.49842049880274225,-0.0688725885162528,0.08759731158066879,,,cuVSLAM,,
488,1761213137037,-116.29052460193634,-464.9006724357605,-222.47695922851562,0.4964134641924132,-0.06636351520761176,0.08771141261965881,,,cuVSLAM,,
489,1761213137071,-114.13376033306122,-467.32157468795776,-227.88739204406738,0.4943263103333503,-0.06462380085552721,0.08602715353295916,,,cuVSLAM,,
490,1761213137104,-111.97413504123688,-469.4709777832031,-234.29983854293823,0.4923617209831428,-0.0642873816886449,0.08402652739491465,,,cuVSLAM,,
491,1761213137138,-109.84162241220474,-471.5419411659241,-240.6555712223053,0.49082162299546833,-0.06453813189102253,0.08416141032895424,,,cuVSLAM,,
492,1761213137171,-108.03115367889404,-473.51858019828796,-247.3304271697998,0.4898479977053781,-0.06569744489855765,0.08592645488102992,,,cuVSLAM,,
493,1761213137205,-106.20510578155518,-475.7598042488098,-253.9963722229004,0.48953628821605694,-0.06647232136415944,0.08556574864452939,,,cuVSLAM,,
494,1761213137238,-104.36797142028809,-477.92014479637146,-261.08604669570923,0.49005345852886617,-0.0670860904385159,0.0843643754487395,,,cuVSLAM,,
495,1761213137271,-102.64089703559875,-480.3576469421387,-267.8542137145996,0.4917923391606631,-0.06836836244112648,0.08653116426159246,,,cuVSLAM,,
496,1761213137305,-101.00902616977692,-482.80590772628784,-274.58760142326355,0.4940903866780714,-0.0696438201188779,0.0872971420649668,,,cuVSLAM,,
497,1761213137338,-99.12054240703583,-485.7211709022522,-281.22013807296753,0.49686176279226024,-0.07055089415262165,0.08748492339888254,,,cuVSLAM,,
498,1761213137372,-97.20716625452042,-488.4268343448639,-288.13064098358154,0.5001724553887205,-0.0715519697054113,0.08900881016850758,,,cuVSLAM,,
499,1761213137405,-95.07228434085846,-490.9467101097107,-294.54317688941956,0.50388795664465,-0.07130220351485307,0.08918888651517277,,,cuVSLAM,,
500,1761213137439,-92.72699803113937,-493.38361620903015,-301.37842893600464,0.5080396738226853,-0.07072139739527337,0.0899584791692038,,,cuVSLAM,,
501,1761213137472,-90.13573080301285,-495.6252872943878,-308.2226514816284,0.5128363774808753,-0.06930033323825328,0.08979852351972265,,,cuVSLAM,,
502,1761213137506,-87.27028220891953,-497.95618653297424,-315.3762221336365,0.5177471106238849,-0.06710586976551326,0.08953732660506057,,,cuVSLAM,,
503,1761213137539,-84.10143107175827,-499.8416006565094,-322.99983501434326,0.5226727867853705,-0.06448948622873199,0.08870265007265672,,,cuVSLAM,,
504,1761213137572,-80.88310807943344,-501.40881538391113,-330.2966058254242,0.5278508512762461,-0.062136258129147706,0.09018521412662386,,,cuVSLAM,,
505,1761213137606,-77.42881774902344,-502.8083324432373,-337.82750368118286,0.532896446747985,-0.059511120704475694,0.09083079761477447,,,cuVSLAM,,
506,1761213137639,-73.86180758476257,-503.8822889328003,-345.42524814605713,0.5377785840503768,-0.057079682247163886,0.0929722485890289,,,cuVSLAM,,
507,1761213137673,-70.4280212521553,-504.7670006752014,-352.54502296447754,0.5426426483481287,-0.05472823182650182,0.09572366064283257,,,cuVSLAM,,
508,1761213137706,-66.97273254394531,-505.1378607749939,-360.34029722213745,0.5465322263234089,-0.05328430721875919,0.09930391470901295,,,cuVSLAM,,
509,1761213137740,-63.60220909118652,-504.6747922897339,-367.2633767127991,0.5498911458485809,-0.050444235823941405,0.09993189344895274,,,cuVSLAM,,
510,1761213137773,-60.03286689519882,-504.34404611587524,-374.9370574951172,0.553007166906615,-0.04772974336106996,0.10049161820248746,,,cuVSLAM,,
511,1761213137806,-56.37428164482117,-503.41111421585083,-382.715106010437,0.5555922665077078,-0.04524858908703325,0.1024057777160472,,,cuVSLAM,,
512,1761213137840,-52.433013916015625,-502.7756094932556,-390.3149366378784,0.5577615344006965,-0.040865098863099435,0.10102423294450659,,,cuVSLAM,,
513,1761213137873,-48.39658737182617,-501.3061761856079,-398.2424736022949,0.559320250664313,-0.03669207940315039,0.09829600880423543,,,cuVSLAM,,
514,1761213137906,-44.655486941337585,-499.14243817329407,-405.7328701019287,0.5606992120331682,-0.03340801725125317,0.09994771501704244,,,cuVSLAM,,
515,1761213137940,-40.74515402317047,-497.04450368881226,-413.3809208869934,0.5621825820313899,-0.029145261724927513,0.10064143310510777,,,cuVSLAM,,
516,1761213137973,-36.39862686395645,-495.7337975502014,-419.9894070625305,0.5639147273541194,-0.021868746919839848,0.09550562266223732,,,cuVSLAM,,
517,1761213138006,-31.98949247598648,-493.89901757240295,-427.35934257507324,0.5664078342032175,-0.014623395519448325,0.09041061829430844,,,cuVSLAM,,
518,1761213138040,-27.486830949783325,-493.01499128341675,-434.55666303634644,0.5700723103367012,-0.006176354904494352,0.08656472350714889,,,cuVSLAM,,
519,1761213138073,-22.831305861473083,-491.74964427948,-442.25627183914185,0.5738428714016133,0.003426141294725334,0.07733585205536501,,,cuVSLAM,,
520,1761213138106,-18.750473856925964,-490.97147583961487,-449.2947459220886,0.5781279082596047,0.012053357765446242,0.0721321417130539,,,cuVSLAM,,
521,1761213138139,-14.38361406326294,-489.55538868904114,-457.8126072883606,0.5821446134744531,0.022765137267665134,0.05523753674094434,,,cuVSLAM,,
522,1761213138173,-9.601607918739319,-489.02618885040283,-465.8764600753784,0.5858539870250005,0.03464736612521218,0.03636920723278692,,,cuVSLAM,,
523,1761213138206,-6.195574998855591,-489.08889293670654,-473.23107719421387,0.5904921359645531,0.04444044643506064,0.026208409525048954,,,cuVSLAM,,
524,1761213138239,-1.905873417854309,-489.32674527168274,-482.17248916625977,0.5943114222569186,0.057036618167706936,0.0025732918620237828,,,cuVSLAM,,
525,1761213138273,1.685217022895813,-489.5018935203552,-487.91277408599854,0.597468391021846,0.07187730415882868,-0.02166271190918749,,,cuVSLAM,,
526,1761213138306,4.900455474853516,-490.7000660896301,-494.759202003479,0.6003424881192212,0.08347353055358638,-0.03850855650521163,,,cuVSLAM,,
527,1761213138339,8.09316337108612,-492.12968349456787,-501.58965587615967,0.6031013252945862,0.09647488919590679,-0.06118291214515467,,,cuVSLAM,,
528,1761213138373,10.423451662063599,-492.98974871635437,-506.6765546798706,0.6067957232168182,0.10909360771164793,-0.08186244582250518,,,cuVSLAM,,
529,1761213138406,11.974632740020752,-495.3046441078186,-512.4266147613525,0.6120583257928895,0.11856243244970396,-0.095754159484413,,,cuVSLAM,,
530,1761213138439,13.11558485031128,-499.60988759994507,-517.7632570266724,0.6177354300682094,0.12827430981769972,-0.10921077138982657,,,cuVSLAM,,
531,1761213138473,14.295626431703568,-505.5077075958252,-523.2442021369934,0.6246683150022667,0.13701827302545438,-0.12014766230202824,,,cuVSLAM,,
532,1761213138506,15.024702064692974,-508.98152589797974,-529.3313264846802,0.6324791045639494,0.14299429920891366,-0.1282208046921769,,,cuVSLAM,,
533,1761213138539,15.230176039040089,-512.7622485160828,-535.2534651756287,0.6404417214497414,0.14857198330412189,-0.13641462643573213,,,cuVSLAM,,
534,1761213138572,14.880766160786152,-516.3934230804443,-540.7035946846008,0.6480314113345053,0.15244774020529803,-0.14314825890433286,,,cuVSLAM,,
535,1761213138606,14.287036843597889,-519.8670625686646,-545.3092455863953,0.6558883678829862,0.1543522394480555,-0.14242048094717596,,,cuVSLAM,,
536,1761213138639,13.768786564469337,-523.392379283905,-548.7427115440369,0.6623897894412185,0.15780668764479602,-0.14598762020980782,,,cuVSLAM,,
537,1761213138672,13.213364407420158,-527.0902514457703,-550.3572225570679,0.6672457439481873,0.16071243390902154,-0.15005217985619934,,,cuVSLAM,,
538,1761213138706,12.193012051284313,-530.7658314704895,-550.0892400741577,0.6712661123537678,0.16202992852244777,-0.14888681277059093,,,cuVSLAM,,
539,1761213138739,11.104823090136051,-534.2734456062317,-548.035204410553,0.6743443580235382,0.1636095693138373,-0.1472582495710214,,,cuVSLAM,,
540,1761213138772,9.821165353059769,-537.6147627830505,-544.4374680519104,0.6756301282672951,0.16469488251180242,-0.14593198959770515,,,cuVSLAM,,
541,1761213138806,8.347123861312866,-541.3346290588379,-539.3214821815491,0.6765923952258784,0.16594397744295025,-0.1437745652048979,,,cuVSLAM,,
542,1761213138839,6.869710981845856,-545.2649593353271,-533.6366295814514,0.677474268489883,0.1687463335989748,-0.14449913973445194,,,cuVSLAM,,
543,1761213138872,5.418328568339348,-548.9029288291931,-526.5424847602844,0.678292466827132,0.17093908260272722,-0.1431939713640159,,,cuVSLAM,,
544,1761213138906,3.9470884948968887,-553.2000660896301,-518.5679793357849,0.6801152456694075,0.17275880093251977,-0.1378891258672271,,,cuVSLAM,,
545,1761213138939,3.0480148270726204,-558.1215620040894,-510.3902220726013,0.6815636157948065,0.17927559638334134,-0.14234560848515213,,,cuVSLAM,,
546,1761213138972,2.2385399788618088,-562.956690788269,-501.467227935791,0.6826461038043319,0.1850510482823103,-0.14499368492283207,,,cuVSLAM,,
547,1761213139005,1.2639658525586128,-567.6510334014893,-491.5347099304199,0.6848933608029861,0.18810752679576714,-0.13796483972844012,,,cuVSLAM,,
548,1761213139039,0.8009225130081177,-572.2781419754028,-481.8660616874695,0.6861277472354068,0.19450010852253707,-0.13728659100543977,,,cuVSLAM,,
549,1761213139072,-0.007766298949718475,-575.9965181350708,-472.0430374145508,0.687398539818226,0.1992903571794505,-0.13212367651484266,,,cuVSLAM,,
550,1761213139105,-1.046590507030487,-579.1361331939697,-461.7600440979004,0.6888419445738073,0.20208179904860474,-0.1227119729946992,,,cuVSLAM,,
551,1761213139139,-2.2548604756593704,-582.1660757064819,-451.67267322540283,0.6896737266540186,0.2057428603730317,-0.11713276649636328,,,cuVSLAM,,
552,1761213139172,-3.8793999701738358,-585.2410793304443,-441.0046339035034,0.6909128576321173,0.20810673646829697,-0.10895350484162057,,,cuVSLAM,,
553,1761213139205,-5.6885164231061935,-587.8757238388062,-430.81459403038025,0.6923559608939217,0.20915355137402178,-0.1008667408619199,,,cuVSLAM,,
554,1761213139239,-7.6225921511650085,-590.8271074295044,-420.5303490161896,0.692926957490996,0.2120110020053478,-0.09825400348837705,,,cuVSLAM,,
555,1761213139272,-9.951809421181679,-593.4880971908569,-410.4365110397339,0.6936070592228463,0.21312573420167277,-0.09485997223923524,,,cuVSLAM,,
556,1761213139305,-12.643912807106972,-596.324622631073,-400.2442955970764,0.6944844767454905,0.2123574070825653,-0.08884688938148018,,,cuVSLAM,,
557,1761213139339,-15.146048739552498,-599.4886755943298,-390.61179757118225,0.6946364534113941,0.21360580670725673,-0.08893895503159546,,,cuVSLAM,,
558,1761213139372,-17.71000400185585,-602.2074222564697,-381.1435401439667,0.694712929376242,0.2147236600117568,-0.08816199801858154,,,cuVSLAM,,
559,1761213139405,-20.348768681287766,-604.9845218658447,-371.70010805130005,0.6944461974461082,0.2163239340142865,-0.08681378378233742,,,cuVSLAM,,
560,1761213139438,-23.039307445287704,-607.7947020530701,-362.5508248806,0.6942165293201626,0.21782198062621455,-0.08446170551115159,,,cuVSLAM,,
561,1761213139472,-25.298643857240677,-610.792875289917,-353.73836755752563,0.6929436537962238,0.22241692725580467,-0.08749646247142356,,,cuVSLAM,,
562,1761213139505,-26.798725128173828,-613.6656403541565,-346.068412065506,0.6908131479938766,0.23098832744847786,-0.09830488394286371,,,cuVSLAM,,
563,1761213139538,-28.10930833220482,-616.3822412490845,-337.9833698272705,0.6898055736804609,0.23788335634216673,-0.10187348644712446,,,cuVSLAM,,
564,1761213139572,-28.78652513027191,-619.6862459182739,-330.075740814209,0.6888644318257399,0.2448426815836062,-0.10467800100630086,,,cuVSLAM,,
565,1761213139605,-28.605803847312927,-622.7821707725525,-323.17572832107544,0.6869523891510418,0.25389387748383296,-0.11273614857224283,,,cuVSLAM,,
566,1761213139638,-27.93591096997261,-625.5781650543213,-316.2064254283905,0.68620462355674,0.26162395147604856,-0.11299546506773483,,,cuVSLAM,,
567,1761213139672,-26.333987712860107,-628.8833022117615,-309.36750769615173,0.6860260921664851,0.27015613326010607,-0.11054132733705195,,,cuVSLAM,,
568,1761213139705,-24.086374789476395,-631.6976547241211,-303.7894368171692,0.6849422914754699,0.2804799675949337,-0.11274041374972174,,,cuVSLAM,,
569,1761213139738,-21.17011696100235,-634.920060634613,-297.17040061950684,0.6845280854312142,0.29042238605697124,-0.10903790720446727,,,cuVSLAM,,
570,1761213139771,-18.1613527238369,-637.769341468811,-291.3796901702881,0.6845788940299986,0.2989800922345632,-0.10407099422236213,,,cuVSLAM,,
571,1761213139805,-15.035847201943398,-640.9934759140015,-285.53587198257446,0.6845519357019042,0.30759175478170586,-0.1009713051391251,,,cuVSLAM,,
572,1761213139838,-11.829059571027756,-643.3809995651245,-280.44164180755615,0.6844868070050684,0.315697313957951,-0.09792669689011267,,,cuVSLAM,,
573,1761213139871,-8.173055946826935,-646.0955142974854,-275.35808086395264,0.6842664532844259,0.3248740332942876,-0.09571404970907661,,,cuVSLAM,,
574,1761213139905,-4.746502265334129,-648.6847400665283,-270.26674151420593,0.6857577706726372,0.33142043001383686,-0.08753631364702705,,,cuVSLAM,,
575,1761213139938,-1.5314724296331406,-649.6007442474365,-266.05287194252014,0.6872774376037607,0.3375882828287824,-0.08003445508974712,,,cuVSLAM,,
576,1761213139971,1.9590873271226883,-651.9203782081604,-261.7242634296417,0.6881757037126814,0.3463119975536672,-0.07627050165634579,,,cuVSLAM,,
577,1761213140005,4.631388932466507,-653.4547209739685,-257.5550675392151,0.6905331445922724,0.3511067006516236,-0.0670563755620807,,,cuVSLAM,,
578,1761213140038,7.1952491998672485,-654.8316478729248,-254.3466091156006,0.6918026839271654,0.35597052135437585,-0.06241252535585964,,,cuVSLAM,,
579,1761213140071,9.664855897426605,-656.9812297821045,-251.8990933895111,0.6924668017238933,0.36335204271323374,-0.06377524770326835,,,cuVSLAM,,
580,1761213140105,12.134667485952377,-658.5697531700134,-249.79731440544128,0.6956808822909499,0.3691888290525089,-0.05870279722726595,,,cuVSLAM,,
581,1761213140138,14.408818446099758,-659.6308946609497,-248.3290135860443,0.6980508158172455,0.37503149490600923,-0.05338908394999143,,,cuVSLAM,,
582,1761213140171,16.890617087483406,-660.9509587287903,-247.11865186691284,0.6991801580784993,0.38235934663026505,-0.05288610728972059,,,cuVSLAM,,
583,1761213140204,19.10865679383278,-661.8597507476807,-246.5985119342804,0.7011734752767804,0.388166807663662,-0.050851194676950665,,,cuVSLAM,,
584,1761213140238,20.591413602232933,-661.852240562439,-246.20577692985535,0.7034446917963509,0.3922234580103208,-0.046195486058273394,,,cuVSLAM,,
585,1761213140271,21.381331607699394,-661.0994338989258,-246.55544757843018,0.7042094218544023,0.3960616650959392,-0.045362662452565206,,,cuVSLAM,,
586,1761213140304,20.892664790153503,-658.8765382766724,-247.01321125030518,0.7022414104956274,0.3988153033679677,-0.051206008434928445,,,cuVSLAM,,
587,1761213140338,19.059529528021812,-655.8688879013062,-245.64522504806519,0.700116043763659,0.39362009610882887,-0.049684148683436076,,,cuVSLAM,,
588,1761213140371,15.636526048183441,-650.7735848426819,-244.38035488128662,0.6953189216521434,0.3819814493174845,-0.04873035722568329,,,cuVSLAM,,
589,1761213140404,11.79606281220913,-645.0783014297485,-242.5764501094818,0.6882140312362292,0.36946463171245925,-0.0508044732713491,,,cuVSLAM,,
590,1761213140438,7.925901561975479,-638.4690999984741,-239.42407965660095,0.6806699169876071,0.3561445904661074,-0.047976703253486394,,,cuVSLAM,,
591,1761213140471,3.7246979773044586,-629.5468807220459,-236.36943101882935,0.6718653629511557,0.34117911006052043,-0.04232852487448394,,,cuVSLAM,,
592,1761213140504,0.16801338642835617,-619.6224689483643,-233.13957452774048,0.6597319987662709,0.3283124843028173,-0.04266956322394775,,,cuVSLAM,,
593,1761213140538,-2.713579684495926,-608.5291504859924,-228.7384271621704,0.6464913847994703,0.3152517008278599,-0.03918727888968448,,,cuVSLAM,,
594,1761213140571,-5.109820514917374,-596.2421894073486,-224.34964776039124,0.6328666718529468,0.3023778828672501,-0.03255871459721334,,,cuVSLAM,,
595,1761213140604,-6.714226678013802,-582.9684734344482,-220.10624408721924,0.6189550878074381,0.29134587876674295,-0.02792056450752227,,,cuVSLAM,,
596,1761213140637,-7.735338062047958,-570.1501965522766,-215.39998054504395,0.6055288338602045,0.2823598464023599,-0.025870112347946533,,,cuVSLAM,,
597,1761213140671,-8.304987102746964,-557.784914970398,-210.1813554763794,0.5935136188179821,0.274204851472992,-0.020728598354884043,,,cuVSLAM,,
598,1761213140704,-8.627083152532578,-545.154333114624,-205.09305596351624,0.5822209884786872,0.2670661468398107,-0.01652149966057807,,,cuVSLAM,,
599,1761213140737,-8.984318003058434,-532.4551463127136,-199.95808601379395,0.5718648774235829,0.259555466648712,-0.010411472452264682,,,cuVSLAM,,
600,1761213140771,-9.350711479783058,-520.0749635696411,-194.14818286895752,0.5609840741051266,0.25274410511795437,-0.004012478789601885,,,cuVSLAM,,
601,1761213140804,-10.004710406064987,-506.90150260925293,-188.4176731109619,0.5493883356423471,0.24526165533701197,0.003497385331281106,,,cuVSLAM,,
602,1761213140837,-10.697158053517342,-493.8257336616516,-181.46979808807373,0.5365357447053534,0.23858274424320935,0.011658104297818894,,,cuVSLAM,,
603,1761213140871,-11.72102615237236,-481.04333877563477,-174.92657899856567,0.5223010923103556,0.23228079090358206,0.018482092442456185,,,cuVSLAM,,
604,1761213140904,-13.245958834886551,-466.2010073661804,-168.76322031021118,0.5069931871189958,0.22533097418606107,0.023212285892090512,,,cuVSLAM,,
605,1761213140937,-15.277016907930374,-452.10903882980347,-162.43696212768555,0.4917498286981948,0.21768996923637393,0.029702937644089027,,,cuVSLAM,,
606,1761213140971,-17.74386316537857,-437.9162788391113,-155.77563643455505,0.475827422184119,0.2098245584781059,0.03622794928734441,,,cuVSLAM,,
607,1761213141004,-20.544953644275665,-423.28566312789917,-149.67983961105347,0.4586712864261682,0.20244408701164507,0.038505325331717535,,,cuVSLAM,,
608,1761213141037,-23.786727339029312,-408.821165561676,-143.45267415046692,0.44126421675424876,0.1948132655492845,0.0411210034727463,,,cuVSLAM,,
609,1761213141070,-27.49665081501007,-393.7358856201172,-137.72103190422058,0.4233466115216038,0.1856017123376692,0.04603836768526484,,,cuVSLAM,,
610,1761213141104,-31.062327325344086,-379.3262839317322,-131.76769018173218,0.404650757978111,0.17773674987256002,0.04746786453032275,,,cuVSLAM,,
611,1761213141137,-34.741368144750595,-364.69799280166626,-126.39802694320679,0.38654052804900196,0.16997564506636426,0.048608196281587406,,,cuVSLAM,,
612,1761213141170,-38.175035268068314,-350.2187430858612,-120.43744325637817,0.3698283715883052,0.16220065896510188,0.052681706562712934,,,cuVSLAM,,
613,1761213141204,-41.77214950323105,-336.83860301971436,-115.19333720207214,0.35374012938793575,0.15472970740240796,0.05304849321858669,,,cuVSLAM,,
614,1761213141237,-45.32542824745178,-323.2990801334381,-109.01159048080444,0.33903353823366456,0.14749380450768723,0.05427094625893863,,,cuVSLAM,,
615,1761213141270,-48.94823953509331,-310.06258726119995,-104.87598180770874,0.32538377360614207,0.13839097345954346,0.060183945294086466,,,cuVSLAM,,
616,1761213141304,-52.45576426386833,-297.8754937648773,-100.17621517181396,0.31213100611251865,0.13058155940729407,0.06403943195694026,,,cuVSLAM,,
617,1761213141337,-55.54703250527382,-285.5907380580902,-95.75659036636353,0.2995492209310242,0.12298484617761843,0.06629412101618251,,,cuVSLAM,,
618,1761213141370,-58.616455644369125,-273.42554926872253,-91.68577194213867,0.2884188832164876,0.11482626741756273,0.07033838971431117,,,cuVSLAM,,
619,1761213141404,-61.78252026438713,-261.92736625671387,-88.12785148620605,0.27815525128507385,0.10691237961277404,0.0755346673817408,,,cuVSLAM,,
620,1761213141437,-64.16018307209015,-250.5033314228058,-84.28448438644409,0.26894881737771664,0.10052256111350683,0.08075508862830687,,,cuVSLAM,,
621,1761213141470,-66.71088933944702,-238.92343044281006,-82.16989040374756,0.2598944759469587,0.0937671519303684,0.08841598501191955,,,cuVSLAM,,
622,1761213141503,-68.16892325878143,-227.09646821022034,-79.60933446884155,0.25004967715712345,0.08876160092172457,0.09356184593708125,,,cuVSLAM,,
623,1761213141537,-69.0200924873352,-215.3230905532837,-77.31848955154419,0.24006077901958578,0.08507594670368858,0.09712264299372927,,,cuVSLAM,,
624,1761213141570,-69.81916725635529,-203.28256487846375,-76.14299654960632,0.23014439590941993,0.08198840920053012,0.10270753394623876,,,cuVSLAM,,
625,1761213141603,-69.97998058795929,-191.7625069618225,-74.78028535842896,0.21980927990299878,0.0803940593354244,0.10363166945177307,,,cuVSLAM,,
626,1761213141637,-69.92468237876892,-179.92544174194336,-73.8418698310852,0.20982328733782205,0.07832284793291108,0.10849319142023695,,,cuVSLAM,,
627,1761213141670,-69.82183456420898,-169.14057731628418,-72.17907905578613,0.20004380245878844,0.0771447802042362,0.11322719354790235,,,cuVSLAM,,
628,1761213141703,-69.70091164112091,-158.52227807044983,-71.10503315925598,0.18960953671535571,0.07588521044108129,0.11601544757533777,,,cuVSLAM,,
629,1761213141737,-70.80108672380447,-146.5948224067688,-68.9118281006813,0.17946241180407943,0.07534671644231078,0.11894074083647177,,,cuVSLAM,,
630,1761213141770,-71.3978186249733,-136.1514925956726,-69.19248402118683,0.16919320161028775,0.0725329130099192,0.12210041861828715,,,cuVSLAM,,
631,1761213141803,-72.24670797586441,-126.35985016822815,-69.36094164848328,0.1601880007351074,0.0696701588155031,0.1253079870841542,,,cuVSLAM,,
632,1761213141837,-73.31855595111847,-116.77641421556473,-69.61885094642639,0.15293005951227187,0.06639919294807611,0.12982946838725512,,,cuVSLAM,,
633,1761213141870,-74.78886842727661,-108.26477408409119,-70.42129337787628,0.1470244205744784,0.0626451407400856,0.13714247150264777,,,cuVSLAM,,
634,1761213141903,-76.10885053873062,-100.18696635961533,-71.7974305152893,0.14146851101958582,0.0589370582170455,0.1415667427583611,,,cuVSLAM,,
635,1761213141936,-77.60070264339447,-92.55146980285645,-73.57939332723618,0.13659917212779632,0.05478967575904385,0.14654381480591003,,,cuVSLAM,,
636,1761213141970,-79.12291586399078,-85.51809191703796,-75.40087401866913,0.13221160961278278,0.05066425898840063,0.15280698156945763,,,cuVSLAM,,
637,1761213142003,-80.76124638319016,-79.42232489585876,-77.49722898006439,0.12833937128397196,0.04658345534062689,0.15647892919900205,,,cuVSLAM,,
638,1761213142036,-82.56185054779053,-74.13426786661148,-79.15271818637848,0.12562189878156077,0.042376667760639655,0.16110444208476823,,,cuVSLAM,,
639,1761213142070,-84.63079482316971,-70.18161565065384,-80.5259719491005,0.1239071387574074,0.03777806772219918,0.16522033891221333,,,cuVSLAM,,
640,1761213142103,-87.12028712034225,-67.97456741333008,-82.05955475568771,0.12353166594988417,0.03246540487231195,0.16818975856416557,,,cuVSLAM,,
641,1761213142136,-90.22865444421768,-67.91450083255768,-82.92184770107269,0.12524623939409815,0.026674517515457866,0.17135622213974758,,,cuVSLAM,,
642,1761213142170,-93.86739879846573,-70.2393651008606,-83.62685143947601,0.12921065113653443,0.020266424048992163,0.17200921941629682,,,cuVSLAM,,
643,1761213142203,-97.97586500644684,-74.90236312150955,-83.98899435997009,0.1360949858898971,0.013247839212474603,0.1717670863633512,,,cuVSLAM,,
644,1761213142236,-102.60725021362305,-81.9169208407402,-85.01836657524109,0.14587557919135777,0.005434982934948748,0.17245979790667584,,,cuVSLAM,,
645,1761213142270,-107.5390875339508,-91.3047045469284,-85.78049391508102,0.15850297220786347,-0.0018322814586202035,0.17217807658760345,,,cuVSLAM,,
646,1761213142303,-112.97936737537384,-103.05248200893402,-86.66117489337921,0.1742966972351467,-0.009298075098584607,0.17291756690564788,,,cuVSLAM,,
647,1761213142336,-118.69965493679047,-116.11056327819824,-87.98548579216003,0.19213698575284138,-0.017544387175931493,0.17358211921502248,,,cuVSLAM,,
648,1761213142369,-124.68653172254562,-131.39459490776062,-89.2355889081955,0.21164234802401913,-0.02598312795057585,0.17198140921410057,,,cuVSLAM,,
649,1761213142403,-130.63129782676697,-147.33527600765228,-90.48949927091599,0.23230571380263237,-0.03462059362228387,0.17275369331042537,,,cuVSLAM,,
650,1761213142436,-136.34830713272095,-164.58944976329803,-92.51007437705994,0.253706685298377,-0.043453232514821596,0.17404169784543722,,,cuVSLAM,,
651,1761213142469,-141.5100395679474,-182.16010928153992,-95.16692161560059,0.2760393580736781,-0.05181004839855824,0.1738085461169095,,,cuVSLAM,,
652,1761213142503,-146.3433802127838,-199.90849494934082,-97.70533442497253,0.2990455643204442,-0.059142211914613746,0.1745322922403697,,,cuVSLAM,,
653,1761213142536,-150.61289072036743,-218.13170611858368,-100.5009338259697,0.3221725619444878,-0.0656301306038967,0.17564282645293955,,,cuVSLAM,,
654,1761213142569,-154.63975071907043,-237.05582320690155,-103.67923974990845,0.34576099153967127,-0.07206151562642595,0.1770400328550352,,,cuVSLAM,,
655,1761213142603,-158.05605053901672,-255.25975227355957,-107.49175399541855,0.36928757570130366,-0.0779109253478612,0.17845308646330213,,,cuVSLAM,,
656,1761213142636,-161.220982670784,-273.6910581588745,-112.32146620750427,0.3923437409900501,-0.08276419807865973,0.17900497720509304,,,cuVSLAM,,
657,1761213142669,-164.11572694778442,-291.9629216194153,-117.41179972887039,0.4155677896784775,-0.08743206543011946,0.178951335775189,,,cuVSLAM,,
658,1761213142703,-166.85956716537476,-309.66347455978394,-123.26246500015259,0.4385487427190123,-0.09234075421696898,0.17884871546413378,,,cuVSLAM,,
659,1761213142736,-169.55119371414185,-327.49056816101074,-129.6813040971756,0.4613913307369864,-0.09758257813890571,0.17984924771926772,,,cuVSLAM,,
660,1761213142769,-172.2853183746338,-344.642698764801,-137.54042983055115,0.48369955778408935,-0.10358979600897084,0.17926195739760523,,,cuVSLAM,,
661,1761213142802,-174.75199699401855,-361.01675033569336,-145.59349417686462,0.5049391230094449,-0.10949380355562807,0.17903982047174,,,cuVSLAM,,
662,1761213142836,-177.21828818321228,-376.7329454421997,-154.41378951072693,0.5249550547558708,-0.11598362426517127,0.18126713125179003,,,cuVSLAM,,
663,1761213142869,-179.15144562721252,-391.4676904678345,-163.81603479385376,0.5444895468690016,-0.12192452811000103,0.18232374937327736,,,cuVSLAM,,
664,1761213142902,-180.73990941047668,-406.0724675655365,-173.22072386741638,0.5642582865757776,-0.12665755548911314,0.1834115755876502,,,cuVSLAM,,
665,1761213142936,-182.24583566188812,-420.1546609401703,-182.52032995224,0.5841449329459305,-0.1315992884732014,0.18668882596208394,,,cuVSLAM,,
666,1761213142969,-183.33670496940613,-434.0163767337799,-192.65350699424744,0.6046850371884164,-0.13647412740883183,0.18867949098242742,,,cuVSLAM,,
667,1761213143002,-184.37035381793976,-447.56972789764404,-204.44637537002563,0.6257814675410415,-0.14201351596965087,0.19162059709039292,,,cuVSLAM,,
668,1761213143036,-185.2654218673706,-461.1929953098297,-216.70207381248474,0.6474914076935557,-0.14857532888507027,0.19874782981136965,,,cuVSLAM,,
669,1761213143069,-185.92312932014465,-474.1397798061371,-229.2192280292511,0.6694086994975837,-0.15437253169488274,0.202667056241232,,,cuVSLAM,,
670,1761213143102,-186.56444549560547,-485.3953719139099,-242.64580011367798,0.6912602807336081,-0.16055959886577711,0.20502619030431424,,,cuVSLAM,,
671,1761213143136,-186.8869960308075,-496.12611532211304,-256.5334737300873,0.7125583717675993,-0.16706505800659432,0.2089220079568303,,,cuVSLAM,,
672,1761213143169,-186.6515874862671,-506.08718395233154,-269.99473571777344,0.7336970459881362,-0.17104842647906615,0.20891367372268552,,,cuVSLAM,,
673,1761213143202,-186.02558970451355,-515.7276391983032,-283.4613621234894,0.7536064551908002,-0.17488891475025456,0.21171511646885696,,,cuVSLAM,,
674,1761213143235,-185.08905172348022,-523.0835676193237,-297.64917492866516,0.7706656261235659,-0.17889587432413112,0.21452835381417878,,,cuVSLAM,,
675,1761213143269,-183.55733156204224,-529.3274521827698,-308.4443211555481,0.7843653245217036,-0.1788905660675504,0.21206910963236533,,,cuVSLAM,,
676,1761213143302,-181.64661526679993,-534.0777635574341,-318.7410235404968,0.7946794726185274,-0.17950996192467522,0.21170256336552187,,,cuVSLAM,,
677,1761213143335,-179.47962880134583,-537.5939607620239,-325.361967086792,0.802259005631581,-0.17674659901193193,0.20868773549844186,,,cuVSLAM,,
678,1761213143369,-176.7837554216385,-539.7257804870605,-331.59181475639343,0.806775753236064,-0.17341790239890403,0.20464719476500332,,,cuVSLAM,,
679,1761213143402,-174.19570684432983,-539.6528840065002,-335.47282218933105,0.8089603886260517,-0.16931843047202144,0.20061934490000383,,,cuVSLAM,,
680,1761213143435,-170.82542181015015,-539.9927496910095,-336.69358491897583,0.8082661442550173,-0.16315292339163526,0.1988642685772663,,,cuVSLAM,,
681,1761213143469,-167.46878623962402,-538.1103754043579,-335.57742834091187,0.8041444659156308,-0.1568508925669446,0.197160262365291,,,cuVSLAM,,
682,1761213143502,-164.48935866355896,-533.6505174636841,-332.85096287727356,0.7955803110588585,-0.15116735152851027,0.19580961269295855,,,cuVSLAM,,
683,1761213143535,-161.4627093076706,-527.3876190185547,-328.6755681037903,0.7831905844900486,-0.14510283377612523,0.19349627676860828,,,cuVSLAM,,
684,1761213143568,-158.93979370594025,-518.7853574752808,-322.7746784687042,0.7676679516360173,-0.13912352301476588,0.1901757167578295,,,cuVSLAM,,
685,1761213143602,-156.7617654800415,-509.39154624938965,-315.7297670841217,0.7501706343133129,-0.1341485159862173,0.1900169258528395,,,cuVSLAM,,
686,1761213143635,-155.26199340820312,-497.8407025337219,-307.9780042171478,0.7313936460195559,-0.12933591556010432,0.18859197427050342,,,cuVSLAM,,
687,1761213143668,-153.9222002029419,-485.8933687210083,-301.11899971961975,0.7115522280247265,-0.1252760299584449,0.18632800544137923,,,cuVSLAM,,
688,1761213143702,-153.39037775993347,-472.62826561927795,-293.41498017311096,0.6906464853613495,-0.12108896685906309,0.18198317933993385,,,cuVSLAM,,
689,1761213143735,-153.3667892217636,-459.3243598937988,-285.74398159980774,0.6695374555336331,-0.11707139148674206,0.17783558245264403,,,cuVSLAM,,
690,1761213143768,-153.6344587802887,-445.68169116973877,-278.5526216030121,0.6487308321908121,-0.11345946814401232,0.17327499540170285,,,cuVSLAM,,
691,1761213143802,-154.3501317501068,-432.26730823516846,-272.01586961746216,0.6289040256714937,-0.11066534655675568,0.16829272495451517,,,cuVSLAM,,
692,1761213143835,-155.57247400283813,-419.33363676071167,-265.7361030578613,0.6101832821182784,-0.10868333668681884,0.16492485963989284,,,cuVSLAM,,
693,1761213143868,-157.1398675441742,-405.61598539352417,-260.40393114089966,0.5924617637792936,-0.10817101217846163,0.16114388042922817,,,cuVSLAM,,
694,1761213143902,-158.6250364780426,-393.14302802085876,-254.3974220752716,0.5757120324618067,-0.10666871650837914,0.15543203631373353,,,cuVSLAM,,
695,1761213143935,-159.98956561088562,-381.1034560203552,-249.74119663238525,0.5597895184337586,-0.10506790916798742,0.14877096396978617,,,cuVSLAM,,
696,1761213143968,-161.0153615474701,-369.09687519073486,-246.03798985481262,0.544906604505555,-0.10349645697766206,0.14399041108777133,,,cuVSLAM,,
697,1761213144001,-161.39623522758484,-357.52180218696594,-241.50177836418152,0.5305894575986333,-0.09973273191322132,0.13670381980922142,,,cuVSLAM,,
698,1761213144035,-161.18207573890686,-345.82632780075073,-238.12633752822876,0.5166344130879034,-0.09591010713885609,0.12828776797002592,,,cuVSLAM,,
699,1761213144068,-160.67202389240265,-335.56288480758667,-234.63574051856995,0.5032868490339563,-0.09141408324106821,0.11993879677016017,,,cuVSLAM,,
700,1761213144101,-159.51871871948242,-323.275089263916,-232.59258270263672,0.4896860196544389,-0.08803963986120941,0.10539170379377717,,,cuVSLAM,,
701,1761213144135,-158.90184044837952,-312.77889013290405,-230.2393913269043,0.4767638758076466,-0.08787987555197067,0.10118416954191745,,,cuVSLAM,,
702,1761213144168,-158.49676728248596,-301.87731981277466,-229.2776107788086,0.4649891728832752,-0.0895466175938457,0.09724882542040687,,,cuVSLAM,,
703,1761213144201,-158.10327231884003,-292.4818992614746,-228.88723015785217,0.45437539917794617,-0.09112660969285434,0.08649920308132075,,,cuVSLAM,,
704,1761213144235,-158.32988917827606,-283.2116484642029,-228.59719395637512,0.4452626337092319,-0.09654996568183298,0.08686223660130778,,,cuVSLAM,,
705,1761213144268,-158.6376428604126,-274.7998237609863,-230.2093803882599,0.438283734386203,-0.102985548326072,0.08419568534883866,,,cuVSLAM,,
706,1761213144301,-159.23398733139038,-267.5037980079651,-231.67836666107178,0.4331353694372595,-0.10951316895797948,0.07813858484864342,,,cuVSLAM,,
707,1761213144335,-160.6057584285736,-261.10586524009705,-234.03000831604004,0.42959357044485874,-0.1185741752828421,0.08306787367890013,,,cuVSLAM,,
708,1761213144368,-161.81184351444244,-255.54487109184265,-238.1204068660736,0.42799583860351514,-0.1266999652326427,0.08229149590590311,,,cuVSLAM,,
709,1761213144401,-163.65677118301392,-250.49838423728943,-242.00454354286194,0.4278895705496044,-0.13466396542023204,0.07903218259824266,,,cuVSLAM,,
710,1761213144434,-165.85773229599,-245.62521278858185,-246.93146347999573,0.4280570451759603,-0.1446506188841326,0.08308041729266186,,,cuVSLAM,,
711,1761213144468,-168.28656196594238,-241.5115237236023,-251.81391835212708,0.42852796513639274,-0.15293824155468483,0.08345925756772167,,,cuVSLAM,,
712,1761213144501,-171.1781620979309,-236.85595393180847,-257.3072910308838,0.42817404723055974,-0.16198974593535578,0.08464517556253699,,,cuVSLAM,,
713,1761213144534,-174.55247044563293,-231.36165738105774,-262.53536343574524,0.42627915340936284,-0.17098449325874154,0.08601560162250037,,,cuVSLAM,,
714,1761213144568,-178.68094146251678,-226.71645879745483,-268.3694660663605,0.4236801953899829,-0.18008497391354478,0.08399802785530552,,,cuVSLAM,,
715,1761213144601,-183.43386054039001,-221.82394564151764,-274.68717098236084,0.42062495235270353,-0.19042918652316101,0.08202454769207328,,,cuVSLAM,,
716,1761213144634,-188.7357532978058,-216.60667657852173,-280.9429466724396,0.41762376662638173,-0.20162815994753683,0.08392566554345854,,,cuVSLAM,,
717,1761213144668,-194.48494911193848,-211.57699823379517,-286.9444787502289,0.4157345911451699,-0.21242855508695208,0.08085488979108742,,,cuVSLAM,,
718,1761213144701,-201.43207907676697,-207.48794078826904,-293.27917098999023,0.4141030744730696,-0.22561673953669853,0.08003272517915336,,,cuVSLAM,,
719,1761213144734,-208.67647230625153,-208.07287096977234,-305.0876259803772,0.41274821882998314,-0.24316508960556277,0.08483994217335004,,,cuVSLAM,,
720,1761213144768,-216.59639477729797,-204.9931287765503,-311.3495111465454,0.4130967311077721,-0.2575963927272111,0.08497189250253866,,,cuVSLAM,,
721,1761213144801,-224.91107881069183,-201.75811648368835,-318.2626962661743,0.41324719764855483,-0.2725536736706719,0.08397082807168355,,,cuVSLAM,,
722,1761213144834,-233.16198587417603,-199.26050305366516,-325.00383257865906,0.4145767127264922,-0.28615952201154543,0.07900308448495548,,,cuVSLAM,,
723,1761213144867,-241.35087430477142,-197.92525470256805,-331.3296139240265,0.4172537125451278,-0.2989326531249935,0.07464488130331932,,,cuVSLAM,,
724,1761213144901,-249.26608800888062,-196.8589425086975,-337.69485354423523,0.4208776206469718,-0.3114157703722466,0.07088781828797934,,,cuVSLAM,,
725,1761213144934,-256.8691074848175,-196.77424430847168,-343.1609272956848,0.42520926333570636,-0.3223138056956723,0.0679970331632322,,,cuVSLAM,,
726,1761213144967,-263.4032070636749,-196.2784379720688,-348.6746549606323,0.42958813935688633,-0.33137554069782044,0.062356547461069035,,,cuVSLAM,,
727,1761213145001,-269.3614363670349,-196.51225209236145,-353.41885685920715,0.43324734707451484,-0.33850983319500383,0.05821346726667987,,,cuVSLAM,,
728,1761213145034,-274.38434958457947,-197.13841378688812,-358.1402897834778,0.4363611391977048,-0.3442990131439606,0.05473749782438976,,,cuVSLAM,,
729,1761213145067,-277.952641248703,-197.9832649230957,-360.853374004364,0.43883800840526427,-0.3472751151927363,0.04781448415976011,,,cuVSLAM,,
730,1761213145101,-280.80978989601135,-199.30776953697205,-363.3277416229248,0.44018635516670823,-0.3499429910485421,0.04353945656826276,,,cuVSLAM,,
731,1761213145134,-282.34389424324036,-200.47515630722046,-364.15600776672363,0.44079816898203156,-0.3517053954144261,0.04215915685836469,,,cuVSLAM,,
732,1761213145167,-282.971054315567,-203.0794620513916,-363.12082409858704,0.44164146995425796,-0.3506103773735697,0.038568959496150454,,,cuVSLAM,,
733,1761213145201,-282.22668170928955,-206.06733858585358,-362.0092272758484,0.44214923758155206,-0.349081271356245,0.03607164573558983,,,cuVSLAM,,
734,1761213145234,-280.97349405288696,-209.82512831687927,-358.6871027946472,0.4421686035123251,-0.34642336328294604,0.0394467585202221,,,cuVSLAM,,
735,1761213145267,-278.9062559604645,-214.39670026302338,-355.06632924079895,0.4430333288182567,-0.34138096537621654,0.039586067567460755,,,cuVSLAM,,
736,1761213145300,-275.96351504325867,-219.58871185779572,-350.7887125015259,0.44486879707474214,-0.33555355547633653,0.04287006706876464,,,cuVSLAM,,
737,1761213145334,-272.74981141090393,-226.3951450586319,-346.414178609848,0.4483631587001815,-0.3285354158238408,0.045207783681866884,,,cuVSLAM,,
738,1761213145367,-269.0669894218445,-233.70902240276337,-342.0969545841217,0.45239261547064036,-0.3207848198431842,0.046407682955432066,,,cuVSLAM,,
739,1761213145400,-265.142947435379,-242.7433729171753,-337.33007311820984,0.45722425805220324,-0.31212217308605633,0.050011866788041766,,,cuVSLAM,,
740,1761213145434,-260.85177063941956,-251.9972324371338,-333.05689692497253,0.4628706168483115,-0.3033429095008661,0.05373309578639922,,,cuVSLAM,,
741,1761213145467,-256.5312087535858,-262.4311149120331,-327.9336094856262,0.46994582679613656,-0.2930366375942799,0.05678347828867201,,,cuVSLAM,,
742,1761213145500,-252.31483578681946,-273.481160402298,-323.2150077819824,0.47831427856211267,-0.2823416029225809,0.06270796851312951,,,cuVSLAM,,
743,1761213145534,-247.86430597305298,-284.3763828277588,-318.6693489551544,0.4874006926686422,-0.27102258478837216,0.0664929297263387,,,cuVSLAM,,
744,1761213145567,-243.08526515960693,-295.2190637588501,-314.5924508571625,0.49714864704529643,-0.2578779934103503,0.0660357474421808,,,cuVSLAM,,
745,1761213145600,-238.20677399635315,-306.1179220676422,-310.7790946960449,0.507263580652201,-0.24373873894271766,0.06334822226273337,,,cuVSLAM,,
746,1761213145634,-233.62413048744202,-316.6976869106293,-307.8113794326782,0.5173369027460699,-0.2302750970934595,0.05975901034564197,,,cuVSLAM,,
747,1761213145667,-229.41578924655914,-326.65687799453735,-304.57788705825806,0.5266002661675726,-0.21714570413003656,0.05482404094331667,,,cuVSLAM,,
748,1761213145700,-225.43534636497498,-335.56440472602844,-302.4439215660095,0.5349241132526303,-0.20587230748011617,0.05284758295243492,,,cuVSLAM,,
749,1761213145733,-221.83558344841003,-343.74913573265076,-301.25296115875244,0.5428036665436764,-0.19520875379023506,0.04984220800728837,,,cuVSLAM,,
750,1761213145767,-218.39354932308197,-351.32819414138794,-300.70292949676514,0.5504519940005057,-0.18376704603798982,0.042477795921144576,,,cuVSLAM,,
751,1761213145800,-215.11399745941162,-358.71660709381104,-300.60964822769165,0.5575830937874945,-0.17233765272569115,0.03497848268642742,,,cuVSLAM,,
752,1761213145834,-212.2478485107422,-365.2058243751526,-300.5463182926178,0.5646582679359241,-0.1620220817444079,0.029014996550170574,,,cuVSLAM,,
753,1761213145867,-209.61302518844604,-371.08105421066284,-301.18682980537415,0.5717615001775074,-0.15220919217277779,0.024106431450643354,,,cuVSLAM,,
754,1761213145900,-207.2819024324417,-376.7423629760742,-302.3209273815155,0.5789591300545668,-0.14295252838564673,0.019568311959669165,,,cuVSLAM,,
755,1761213145934,-205.3135484457016,-381.85185194015503,-304.9459755420685,0.5863498108454609,-0.13578265764557898,0.01611532649893068,,,cuVSLAM,,
756,1761213145967,-203.5747468471527,-386.6431415081024,-308.6037039756775,0.5939628377817854,-0.1293896411985159,0.008865556039566905,,,cuVSLAM,,
757,1761213146000,-202.33596861362457,-391.4755582809448,-313.0289912223816,0.6020868188318542,-0.12349975196908267,-0.0009603730876381102,,,cuVSLAM,,
758,1761213146034,-201.94536447525024,-396.7553675174713,-317.9931342601776,0.6104893918162605,-0.11858735532352957,-0.011346305912363066,,,cuVSLAM,,
759,1761213146067,-202.58331298828125,-401.3236165046692,-323.71988892555237,0.6194085725482483,-0.11643913962477924,-0.020991043661022044,,,cuVSLAM,,
760,1761213146100,-203.34486663341522,-405.54511547088623,-330.81352710723877,0.6294867063070989,-0.11287805084942053,-0.041092170326972724,,,cuVSLAM,,
761,1761213146134,-204.25580441951752,-410.71850061416626,-338.6651277542114,0.6398549134381877,-0.10682178179069475,-0.06789935726746617,,,cuVSLAM,,
762,1761213146167,-205.87322115898132,-414.99871015548706,-346.2246358394623,0.649228014392524,-0.10124738967217808,-0.09079393500635174,,,cuVSLAM,,
763,1761213146200,-206.59133791923523,-419.6697473526001,-354.817271232605,0.6575420594857923,-0.09160573902489616,-0.1246845767461338,,,cuVSLAM,,
764,1761213146234,-207.9443484544754,-425.78792572021484,-359.3260943889618,0.6649990266931087,-0.07789491732286156,-0.1570866577527873,,,cuVSLAM,,
765,1761213146267,-209.26199853420258,-430.3988516330719,-365.17640948295593,0.6719630455510914,-0.065000749450915,-0.18514776137996977,,,cuVSLAM,,
766,1761213146300,-210.35470068454742,-434.0880513191223,-369.806706905365,0.6781558472138333,-0.050902994110653715,-0.21182044848026793,,,cuVSLAM,,
767,1761213146334,-210.65306663513184,-436.208039522171,-374.95529651641846,0.6828062391259841,-0.03771613875509313,-0.23689590539838914,,,cuVSLAM,,
768,1761213146367,-210.5073779821396,-439.62374329566956,-382.33622908592224,0.6861663169543532,-0.023212989698147113,-0.26258333263030964,,,cuVSLAM,,
769,1761213146401,-210.18944680690765,-443.56217980384827,-389.0739977359772,0.6882876913727329,-0.005748106586980369,-0.29151342126853697,,,cuVSLAM,,
770,1761213146434,-209.4070017337799,-444.6001648902893,-393.2197093963623,0.690230485742054,0.00929256595481733,-0.31143932102887284,,,cuVSLAM,,
771,1761213146467,-207.75404572486877,-446.5031027793884,-399.58837628364563,0.6920811436015096,0.026138166307164024,-0.3342701258445805,,,cuVSLAM,,
772,1761213146501,-206.38470351696014,-450.2003788948059,-406.77833557128906,0.69278367156215,0.04111554313025229,-0.3500076205335048,,,cuVSLAM,,
773,1761213146534,-204.47301864624023,-450.5842924118042,-413.01167011260986,0.6941420678798327,0.05104731740538473,-0.35482853678240145,,,cuVSLAM,,
774,1761213146567,-202.02887058258057,-450.58101415634155,-419.3795323371887,0.6951462489552492,0.061106839834923724,-0.35947753139217964,,,cuVSLAM,,
775,1761213146601,-199.599951505661,-449.84209537506104,-422.74704575538635,0.6944703549751673,0.07155417204274829,-0.3615584209006725,,,cuVSLAM,,
776,1761213146634,-197.00826704502106,-448.29997420310974,-425.77701807022095,0.6918785502937741,0.07835330595462033,-0.3546107659976333,,,cuVSLAM,,
777,1761213146667,-194.41421329975128,-445.9855258464813,-427.1884858608246,0.6869412161888302,0.08561627086568627,-0.3481131985142937,,,cuVSLAM,,
778,1761213146701,-190.67496061325073,-441.69288873672485,-429.95864152908325,0.6794624846830436,0.09009257433399206,-0.34381536801710616,,,cuVSLAM,,
779,1761213146734,-188.6277049779892,-437.2601807117462,-431.01921677589417,0.6703244830132568,0.09011434343247543,-0.33227268774571916,,,cuVSLAM,,
780,1761213146767,-187.31321394443512,-431.87642097473145,-431.64485692977905,0.6584344815555391,0.08762586570766259,-0.32098632924904336,,,cuVSLAM,,
781,1761213146801,-186.6227239370346,-425.1120686531067,-432.0588409900665,0.6438086429348376,0.08373553381270464,-0.3133250872955861,,,cuVSLAM,,
782,1761213146834,-186.4105463027954,-417.2436594963074,-431.85240030288696,0.6277119769392012,0.07760815430076554,-0.3038957207606955,,,cuVSLAM,,
783,1761213146867,-186.89265847206116,-408.8647961616516,-431.0263395309448,0.6105456639818175,0.0700789704491058,-0.29136622887402525,,,cuVSLAM,,
784,1761213146901,-187.34116852283478,-400.17300844192505,-430.4158687591553,0.5923698308344737,0.06354259495959906,-0.2832793407002249,,,cuVSLAM,,
785,1761213146934,-187.37687170505524,-390.97729325294495,-429.09690737724304,0.5744444309994057,0.05762168431516397,-0.2742592210980349,,,cuVSLAM,,
786,1761213146967,-187.3561143875122,-382.4422061443329,-427.4669885635376,0.5569582104156305,0.05259590169325806,-0.261102173044084,,,cuVSLAM,,
787,1761213147001,-186.57375872135162,-374.29699301719666,-425.70313811302185,0.5384825496620173,0.05148564660008582,-0.25487216578470584,,,cuVSLAM,,
788,1761213147034,-185.29470264911652,-365.35578966140747,-424.1817593574524,0.5187622375996834,0.05047347729075265,-0.24578611211760712,,,cuVSLAM,,
789,1761213147067,-183.9926242828369,-356.3551902770996,-422.21635580062866,0.49830234342776286,0.05003439406528729,-0.2320430174576587,,,cuVSLAM,,
790,1761213147101,-182.09019303321838,-346.9788432121277,-420.6942319869995,0.47615613403751017,0.051415350405504684,-0.22473757168611405,,,cuVSLAM,,
791,1761213147134,-179.85577881336212,-337.2665047645569,-418.86845231056213,0.4522694159291814,0.05377157051188861,-0.21711415296568154,,,cuVSLAM,,
792,1761213147167,-177.13892459869385,-326.89887285232544,-415.97843170166016,0.42674477012034673,0.05727673212337703,-0.20471448689413263,,,cuVSLAM,,
793,1761213147201,-173.54494333267212,-315.6881034374237,-412.8057658672333,0.3990892873298342,0.06323137776772278,-0.19607261720012092,,,cuVSLAM,,
794,1761213147234,-169.1371202468872,-303.8952946662903,-409.5541834831238,0.3693105340341763,0.07185604790562106,-0.19308130555982717,,,cuVSLAM,,
795,1761213147267,-164.29570317268372,-290.88273644447327,-406.3449203968048,0.3379867147883157,0.08100541312471862,-0.18642881194078503,,,cuVSLAM,,
796,1761213147301,-158.79423916339874,-276.74195170402527,-402.8930962085724,0.3054897768804713,0.09161370433028335,-0.1824848110080285,,,cuVSLAM,,
797,1761213147334,-152.41189301013947,-263.0748450756073,-400.1500904560089,0.27200921085777247,0.10475665953398237,-0.1895861945707889,,,cuVSLAM,,
798,1761213147367,-145.35842835903168,-249.15741384029388,-398.18075299263,0.24113122500187065,0.11808544790214198,-0.19361499537562232,,,cuVSLAM,,
799,1761213147400,-138.7835443019867,-236.2443208694458,-395.67169547080994,0.21585779208477,0.13107589501590783,-0.18504116478353355,,,cuVSLAM,,
800,1761213147434,-132.19015300273895,-225.01444816589355,-394.0337896347046,0.1945130869308919,0.14362564744324804,-0.178758271570738,,,cuVSLAM,,
801,1761213147467,-125.92875957489014,-215.19404649734497,-392.02091097831726,0.1780970138371082,0.1550494833040804,-0.16749047448638782,,,cuVSLAM,,
802,1761213147500,-119.59550529718399,-205.9796154499054,-390.3232514858246,0.16902317544194376,0.1635864580768854,-0.14628484811262515,,,cuVSLAM,,
803,1761213147534,-114.35442417860031,-199.28425550460815,-387.4640464782715,0.16538722859013905,0.17034279844511974,-0.12353835191751289,,,cuVSLAM,,
804,1761213147567,-110.34086346626282,-192.74485111236572,-383.35809111595154,0.16671755189210807,0.17400962807864678,-0.09555456616397401,,,cuVSLAM,,
805,1761213147600,-107.28509724140167,-186.6185963153839,-379.7486424446106,0.17232853585793,0.1735608988550921,-0.06358172996120735,,,cuVSLAM,,
806,1761213147634,-104.94205355644226,-181.40727281570435,-377.16346979141235,0.1807122055090146,0.16894357142888575,-0.030417626655441444,,,cuVSLAM,,
807,1761213147667,-104.04743254184723,-176.44017934799194,-373.7509548664093,0.19029592004983775,0.16174876075856298,0.003090030372009281,,,cuVSLAM,,
808,1761213147700,-104.22700643539429,-171.31537199020386,-370.49683928489685,0.19964411042070865,0.15185444677862633,0.035756483967565,,,cuVSLAM,,
809,1761213147734,-105.30120134353638,-167.1554446220398,-367.6358461380005,0.20842869113558304,0.1401707372466485,0.0664797356810346,,,cuVSLAM,,
810,1761213147767,-107.23823308944702,-161.8638038635254,-363.6757433414459,0.2182449432113593,0.127751404406859,0.09649740790531126,,,cuVSLAM,,
811,1761213147800,-110.0105494260788,-155.32329678535461,-358.8155210018158,0.22967235237409434,0.11332266642215033,0.1305622197647539,,,cuVSLAM,,
812,1761213147834,-112.71028220653534,-148.91093969345093,-356.376975774765,0.2410887329781142,0.09557847997599753,0.16152056932985784,,,cuVSLAM,,
813,1761213147867,-115.31445384025574,-145.56674659252167,-352.38519310951233,0.2548701578102432,0.0784516609564342,0.1936301082732401,,,cuVSLAM,,
814,1761213147900,-119.39795315265656,-142.21592247486115,-347.83658385276794,0.2697199740447604,0.06131824225626406,0.22556231932276924,,,cuVSLAM,,
815,1761213147934,-123.38860332965851,-140.7075673341751,-343.82396936416626,0.28476881344084265,0.04408193477842894,0.2505491634511584,,,cuVSLAM,,
816,1761213147967,-127.8466284275055,-139.60057497024536,-339.680016040802,0.30136198331257114,0.026498056002412854,0.2749907011220193,,,cuVSLAM,,
817,1761213148000,-132.5317919254303,-140.5077576637268,-336.32925152778625,0.31855799975775806,0.008296817595780265,0.3015707992597473,,,cuVSLAM,,
818,1761213148033,-136.53112947940826,-141.29091799259186,-333.8136076927185,0.3353812122109173,-0.009574061909444901,0.32034844233743187,,,cuVSLAM,,
819,1761213148067,-140.08347690105438,-142.68259704113007,-330.3282558917999,0.3530259418923199,-0.025472091689721595,0.3375229691071458,,,cuVSLAM,,
820,1761213148100,-144.2592442035675,-145.163893699646,-326.7442584037781,0.3705541381693068,-0.04006099410209506,0.35788349993124957,,,cuVSLAM,,
821,1761213148133,-147.26701378822327,-148.17240834236145,-323.74903559684753,0.38753875658126596,-0.05301594467453894,0.37056155763469945,,,cuVSLAM,,
822,1761213148167,-149.81484413146973,-150.87348222732544,-320.83916664123535,0.40450078024994224,-0.06392167866913849,0.3761847004121238,,,cuVSLAM,,
823,1761213148200,-152.20601856708527,-154.05713021755219,-317.41976737976074,0.42174367250338574,-0.07408874082390819,0.38631229591646243,,,cuVSLAM,,
824,1761213148233,-153.66363525390625,-158.1263691186905,-315.7442510128021,0.4394306939348096,-0.0835032936904968,0.3916223259175398,,,cuVSLAM,,
825,1761213148267,-154.01458740234375,-162.81931102275848,-314.71845507621765,0.45846982846780426,-0.09044877392686035,0.3903718819542345,,,cuVSLAM,,
826,1761213148300,-154.28167581558228,-167.80945658683777,-313.5375380516052,0.47913777674816616,-0.09718963404135923,0.39622929289937114,,,cuVSLAM,,
827,1761213148333,-153.79267930984497,-173.2959747314453,-313.1365776062012,0.5009652541272299,-0.10379698426748342,0.4022016074195388,,,cuVSLAM,,
828,1761213148367,-152.6193618774414,-180.50029873847961,-313.6589229106903,0.5244520797381281,-0.10856216911202894,0.40297172088645505,,,cuVSLAM,,
829,1761213148400,-150.78815817832947,-188.06211650371552,-315.42304158210754,0.5485101129240811,-0.1131855167869767,0.40267113465534876,,,cuVSLAM,,
830,1761213148433,-148.91302585601807,-195.8097368478775,-316.52289628982544,0.5728557453310424,-0.117342395921271,0.40438534942083715,,,cuVSLAM,,
831,1761213148467,-146.59444987773895,-203.9581835269928,-318.3704912662506,0.5971568435167028,-0.12116441312371586,0.40594924995818815,,,cuVSLAM,,
832,1761213148500,-143.87771487236023,-211.1259251832962,-321.86347246170044,0.6208227377591738,-0.1255620859565194,0.4049585737247306,,,cuVSLAM,,
833,1761213148533,-141.50723814964294,-219.47336196899414,-326.0265588760376,0.6436232142717849,-0.1300452374780774,0.4055234717993249,,,cuVSLAM,,
834,1761213148567,-138.82730901241302,-227.46431827545166,-330.8141231536865,0.6647571914285543,-0.13295672784212498,0.4031188668937321,,,cuVSLAM,,
835,1761213148600,-135.8373612165451,-234.02412235736847,-337.2281789779663,0.6833060925693194,-0.13525195063040468,0.39799602562838093,,,cuVSLAM,,
836,1761213148633,-132.53863155841827,-241.0249412059784,-343.70988607406616,0.6993144679141212,-0.13451724505660154,0.38926756362175124,,,cuVSLAM,,
837,1761213148666,-129.03760373592377,-246.93366885185242,-349.3201732635498,0.7121383204423253,-0.13158445448912776,0.38039904759827403,,,cuVSLAM,,
838,1761213148700,-125.10120868682861,-251.49354338645935,-355.12059926986694,0.7197957533456976,-0.12594625384039915,0.3673644514530075,,,cuVSLAM,,
839,1761213148733,-120.84521353244781,-255.35014271736145,-360.720694065094,0.7229084924617212,-0.11789089629067005,0.3528623387933835,,,cuVSLAM,,
840,1761213148766,-116.42566323280334,-257.81524181365967,-365.2602732181549,0.7218926585290378,-0.10615565671185904,0.3339208436496373,,,cuVSLAM,,
841,1761213148800,-111.56483739614487,-259.7307562828064,-370.13307213783264,0.7171411722331805,-0.09180096682705671,0.31229440009455833,,,cuVSLAM,,
842,1761213148833,-106.42089694738388,-260.600209236145,-374.8745024204254,0.7100319821996691,-0.07585499781730429,0.29000910618314035,,,cuVSLAM,,
843,1761213148866,-101.49591416120529,-260.590136051178,-379.4514238834381,0.7006837494847923,-0.05959500410951842,0.2692484222902646,,,cuVSLAM,,
844,1761213148900,-96.41534835100174,-260.8760893344879,-383.42031836509705,0.6897356749926101,-0.04212494469646696,0.24866677015667674,,,cuVSLAM,,
845,1761213148933,-91.34361147880554,-260.9314024448395,-387.6201808452606,0.678169271170535,-0.02494320642363251,0.22720132971392448,,,cuVSLAM,,
846,1761213148966,-86.5834578871727,-260.8391046524048,-391.48199558258057,0.6656381123332403,-0.009017539811611576,0.20987544517938142,,,cuVSLAM,,
847,1761213149000,-82.23406970500946,-261.263370513916,-394.90434527397156,0.6530806797971141,0.007787683633807613,0.19226169676858698,,,cuVSLAM,,
848,1761213149033,-78.13751697540283,-261.1808478832245,-398.9710509777069,0.6409935605975189,0.023799325794071947,0.1720528032093217,,,cuVSLAM,,
849,1761213149066,-74.66484606266022,-260.9778642654419,-403.8330912590027,0.6286294443682017,0.03637187745282691,0.15513428648392183,,,cuVSLAM,,
850,1761213149100,-72.1856877207756,-261.20519638061523,-407.80797600746155,0.6169924893461808,0.04771697880112388,0.14225667975947973,,,cuVSLAM,,
851,1761213149133,-69.93690878152847,-261.5246772766113,-411.16413474082947,0.6060035346425299,0.06045259020832631,0.12664376029146993,,,cuVSLAM,,
852,1761213149166,-67.65192747116089,-261.94655895233154,-415.4989719390869,0.5958211639258385,0.07189168663827135,0.11378640293803079,,,cuVSLAM,,
853,1761213149200,-66.24850630760193,-262.7882659435272,-419.54824328422546,0.5880174041266087,0.08128416596679432,0.10676114924442924,,,cuVSLAM,,
854,1761213149233,-65.21053612232208,-263.9750838279724,-423.22325706481934,0.5821178312622322,0.09047600372237337,0.10044683869968117,,,cuVSLAM,,
855,1761213149266,-64.75844234228134,-265.5080556869507,-426.89359188079834,0.5770472899430656,0.09933655165108336,0.09282201605396416,,,cuVSLAM,,
856,1761213149299,-64.82797861099243,-267.1053409576416,-430.01651763916016,0.5730173345795436,0.10653062182205121,0.08643360971595301,,,cuVSLAM,,
857,1761213149333,-65.37310779094696,-268.2386040687561,-432.97845125198364,0.5687818852356014,0.11277399679224645,0.07826185708220353,,,cuVSLAM,,
858,1761213149366,-66.64294749498367,-269.4324851036072,-435.72622537612915,0.5642552567640174,0.11766441881459218,0.07111111492538605,,,cuVSLAM,,
859,1761213149399,-68.50143522024155,-269.67233419418335,-438.4301006793976,0.560012987160681,0.12144041647057872,0.0618693994265009,,,cuVSLAM,,
860,1761213149433,-71.00221514701843,-269.9768543243408,-441.21500849723816,0.556339363091418,0.12496684798451677,0.05058826752849954,,,cuVSLAM,,
861,1761213149466,-73.3746588230133,-270.44665813446045,-444.9278712272644,0.5531833409225884,0.12733992436015962,0.038090438947764316,,,cuVSLAM,,
862,1761213149499,-76.0674774646759,-270.84964513778687,-447.85141944885254,0.5504941693674126,0.12916944092291374,0.0268927764741192,,,cuVSLAM,,
863,1761213149533,-78.1823918223381,-270.63679695129395,-451.6506493091583,0.5474905304669528,0.1312906683589066,0.012162668500236968,,,cuVSLAM,,
864,1761213149566,-79.80774343013763,-270.5491781234741,-455.1023244857788,0.5436222851008449,0.13401996572706518,-0.003695602762654175,,,cuVSLAM,,
865,1761213149599,-80.86603879928589,-270.04528045654297,-458.16466212272644,0.5389704353236573,0.13676028237551163,-0.016935910010612988,,,cuVSLAM,,
866,1761213149633,-80.8819979429245,-268.36830377578735,-461.54695749282837,0.5325755524239474,0.140045670148967,-0.030559689776441818,,,cuVSLAM,,
867,1761213149666,-80.40157705545425,-266.34129881858826,-465.01457691192627,0.5261134424829669,0.14329891415468926,-0.040990290446518036,,,cuVSLAM,,
868,1761213149699,-79.100102186203,-264.21886682510376,-468.4104919433594,0.5189609531666292,0.1485136674819354,-0.055602909496494865,,,cuVSLAM,,
869,1761213149733,-77.10614055395126,-261.76637411117554,-471.63480520248413,0.5114664172754563,0.15399990980583517,-0.0676542422197059,,,cuVSLAM,,
870,1761213149766,-74.46691393852234,-258.9302659034729,-474.92530941963196,0.5038323561646995,0.16019800583134727,-0.07781328807378496,,,cuVSLAM,,
871,1761213149799,-70.67776471376419,-255.9964656829834,-478.3848524093628,0.4949313751984851,0.16890011131049226,-0.09170613450632283,,,cuVSLAM,,
872,1761213149833,-65.95407426357269,-252.2837221622467,-481.1834692955017,0.4845148790684357,0.1786706000872026,-0.10183992700614457,,,cuVSLAM,,
873,1761213149866,-60.22762879729271,-248.5935240983963,-483.8808476924896,0.4726505992438797,0.1905397063741836,-0.1114587813345521,,,cuVSLAM,,
874,1761213149900,-53.4273236989975,-245.0021505355835,-486.36120557785034,0.45873036481815677,0.20470376325726294,-0.1214329895275702,,,cuVSLAM,,
875,1761213149933,-45.822873711586,-240.54470658302307,-488.67228627204895,0.4433044437410598,0.22077804311061672,-0.13030658765050884,,,cuVSLAM,,
876,1761213149967,-37.644024938344955,-236.69950664043427,-490.7713234424591,0.42779913198492014,0.23863241162966525,-0.1363498557610344,,,cuVSLAM,,
877,1761213150000,-28.806082904338837,-231.2334179878235,-493.4792220592499,0.4112844282743429,0.2572877242626366,-0.14247098800802085,,,cuVSLAM,,
878,1761213150033,-20.33906616270542,-224.78312253952026,-496.7600703239441,0.3944282073718217,0.27470969357719177,-0.14377629771356962,,,cuVSLAM,,
879,1761213150067,-11.302687227725983,-217.100128531456,-499.82985854148865,0.3770144404300736,0.2924707015577416,-0.14427129426241503,,,cuVSLAM,,
880,1761213150100,-3.0034445226192474,-208.96515250205994,-504.12291288375854,0.3595619729845812,0.31035794009786344,-0.14577762146256104,,,cuVSLAM,,
881,1761213150134,4.938941448926926,-200.2107799053192,-508.2774758338928,0.34436932039777157,0.32750499420210555,-0.1410255867515733,,,cuVSLAM,,
882,1761213150167,12.355495244264603,-191.48927927017212,-513.0488276481628,0.330142905153587,0.34427240725064334,-0.13951770791587542,,,cuVSLAM,,
883,1761213150201,19.07716691493988,-182.9899549484253,-517.2734260559082,0.31887257720626316,0.35918362925619207,-0.13268885547897166,,,cuVSLAM,,
884,1761213150234,25.087852030992508,-174.5336651802063,-521.8537449836731,0.3103315075049445,0.37197046060694383,-0.12222467077958918,,,cuVSLAM,,
885,1761213150268,30.5403433740139,-166.37678444385529,-525.9476900100708,0.3030427661052358,0.3840735773417797,-0.11399205510028239,,,cuVSLAM,,
886,1761213150301,35.19270196557045,-158.39940309524536,-529.9614071846008,0.29781926839656886,0.3939768332332607,-0.10646058520633966,,,cuVSLAM,,
887,1761213150334,39.13014009594917,-151.04658901691437,-533.1111550331116,0.2956390231422077,0.4018212181097001,-0.09485774460955754,,,cuVSLAM,,
888,1761213150368,42.463142424821854,-144.39621567726135,-536.0078811645508,0.294931235601384,0.4086687721870702,-0.08514983360162694,,,cuVSLAM,,
889,1761213150401,45.506421476602554,-138.3277177810669,-538.1032228469849,0.2971427613014893,0.4145421061622522,-0.07287016856672414,,,cuVSLAM,,
890,1761213150435,47.914404422044754,-132.94503092765808,-540.3096675872803,0.301435640477352,0.41920281808087,-0.05910523671686232,,,cuVSLAM,,
891,1761213150468,50.372760742902756,-128.29595804214478,-541.571319103241,0.3063397465263957,0.42399174779787796,-0.046910119287244666,,,cuVSLAM,,
892,1761213150502,52.05779895186424,-124.41989779472351,-542.1072840690613,0.3113538875605662,0.42773153178452483,-0.032962768999834656,,,cuVSLAM,,
893,1761213150535,53.52126061916351,-119.51957643032074,-542.7249073982239,0.3188041797656109,0.4284634654350797,-0.009863571744837736,,,cuVSLAM,,
894,1761213150569,55.590298026800156,-114.42282050848007,-542.3080921173096,0.3261559704268398,0.4307342613950286,0.011996803674603772,,,cuVSLAM,,
895,1761213150602,57.56006762385368,-109.05049741268158,-541.6625142097473,0.33355912218469175,0.4326914027417849,0.03363330828934565,,,cuVSLAM,,
896,1761213150635,59.22258272767067,-102.92017459869385,-539.7065877914429,0.34449120464748567,0.4324870761712012,0.06804429964485567,,,cuVSLAM,,
897,1761213150669,61.74742430448532,-98.37351739406586,-537.7116799354553,0.3531912009651044,0.4345969427833038,0.09241220169777745,,,cuVSLAM,,
898,1761213150702,64.34673070907593,-93.10533106327057,-534.6724987030029,0.3629068510238542,0.4361730468497535,0.11735612246837004,,,cuVSLAM,,
899,1761213150736,66.79046899080276,-88.44288438558578,-531.2818884849548,0.37529199105199873,0.4355120007111894,0.15290117910146375,,,cuVSLAM,,
900,1761213150769,70.96247375011444,-84.0013176202774,-526.9964337348938,0.3853930440220887,0.4379377893300108,0.17954384062734835,,,cuVSLAM,,
901,1761213150803,74.44947957992554,-78.96247506141663,-522.4169492721558,0.3955701371849804,0.43990246131687527,0.20686094988627002,,,cuVSLAM,,
902,1761213150836,77.36243307590485,-72.58269190788269,-517.8951621055603,0.40679951365022426,0.44105893588720635,0.23470336365809782,,,cuVSLAM,,
903,1761213150869,81.37019723653793,-68.35250556468964,-512.7817392349243,0.417164713097661,0.4437706984992169,0.26199120855558133,,,cuVSLAM,,
904,1761213150903,85.13042330741882,-64.131960272789,-506.9715976715088,0.4278899116672097,0.44658482405700295,0.2897513151330559,,,cuVSLAM,,
905,1761213150936,89.26244080066681,-60.614123940467834,-501.2162923812866,0.43777410722121435,0.44968908180701406,0.31599890275894993,,,cuVSLAM,,
906,1761213150969,92.24767982959747,-56.32244795560837,-495.06112933158875,0.4493857527321795,0.4512719911839374,0.3477443621836715,,,cuVSLAM,,
907,1761213151003,95.14012187719345,-52.258703857660294,-488.9256954193115,0.46175793597377923,0.45257125036297696,0.3817997327321788,,,cuVSLAM,,
908,1761213151036,99.02054816484451,-49.524687230587006,-483.34917426109314,0.4727385078398233,0.4550845814348043,0.4125706048084251,,,cuVSLAM,,
909,1761213151070,102.40736603736877,-46.03538289666176,-478.37236523628235,0.4818614572526435,0.458121044585538,0.44042373482064456,,,cuVSLAM,,
910,1761213151103,105.56627810001373,-43.17382350564003,-473.9896059036255,0.4915472386551585,0.4605049894934383,0.47247379627818586,,,cuVSLAM,,
911,1761213151136,109.14719849824905,-39.959073066711426,-469.8016047477722,0.5001911221459019,0.46352777008164175,0.5005623855133735,,,cuVSLAM,,
912,1761213151170,112.6074492931366,-37.04466298222542,-466.36807918548584,0.5080453248437644,0.4666717397739241,0.5261124587266011,,,cuVSLAM,,
913,1761213151203,116.56151711940765,-35.04360467195511,-463.6502265930176,0.5165869526223335,0.4696082558615336,0.5516968480073039,,,cuVSLAM,,
914,1761213151236,120.57244032621384,-33.10150280594826,-461.4030122756958,0.5253297713444606,0.47219841434642584,0.5752639871572701,,,cuVSLAM,,
915,1761213151270,124.81032311916351,-31.63778781890869,-459.50689911842346,0.5344488478744708,0.47423822365639984,0.596721766050897,,,cuVSLAM,,
916,1761213151303,128.91897559165955,-30.51888756453991,-458.4115445613861,0.5438196064586931,0.47559855732594414,0.6154328080505213,,,cuVSLAM,,
917,1761213151336,132.92139768600464,-29.94156815111637,-457.59478211402893,0.5540729701475887,0.4757507630637789,0.635470803415899,,,cuVSLAM,,
918,1761213151370,136.57723367214203,-29.641034081578255,-457.08492398262024,0.566500833846471,0.4729913772338919,0.6603119714961307,,,cuVSLAM,,
919,1761213151403,141.96111261844635,-30.67098744213581,-455.6456506252289,0.57970282792268,0.47113489184868346,0.6842443417006022,,,cuVSLAM,,
920,1761213151437,145.31467854976654,-31.541794538497925,-455.85647225379944,0.5945699207253935,0.46617992327598723,0.7065518736144265,,,cuVSLAM,,
921,1761213151470,148.33109080791473,-33.30688178539276,-456.57220482826233,0.6123879458684349,0.4583310078304894,0.732834717840154,,,cuVSLAM,,
922,1761213151503,151.14066004753113,-35.37062555551529,-457.83641934394836,0.6291512735643379,0.4502575399734961,0.7522136388227236,,,cuVSLAM,,
923,1761213151537,154.05693650245667,-38.10539096593857,-459.6090614795685,0.6458703039848142,0.4422147403684706,0.7667755541307912,,,cuVSLAM,,
924,1761213151570,156.52011334896088,-41.464246809482574,-461.913138628006,0.6643442860435714,0.43335925650748375,0.7806614598707289,,,cuVSLAM,,
925,1761213151603,158.904030919075,-45.50626873970032,-464.74313735961914,0.6823848344836165,0.42535400246159805,0.790670705916389,,,cuVSLAM,,
926,1761213151637,161.21724247932434,-49.96449500322342,-468.0381417274475,0.6995969722511545,0.41807779536526635,0.7974325417877738,,,cuVSLAM,,
927,1761213151670,163.11366856098175,-55.08563667535782,-471.6341197490692,0.7154503799656944,0.41234972819902993,0.800876569357277,,,cuVSLAM,,
928,1761213151704,164.60470855236053,-60.661762952804565,-475.5350649356842,0.7306440393652728,0.40704029438252864,0.8044704805261034,,,cuVSLAM,,
929,1761213151737,165.71713984012604,-66.68805330991745,-479.9596965312958,0.7425354804867282,0.40511276122842615,0.7998916494217676,,,cuVSLAM,,
930,1761213151770,166.24248027801514,-73.01690429449081,-484.82465744018555,0.7527179888853144,0.4044430921525929,0.7924585923226027,,,cuVSLAM,,
931,1761213151804,166.10783338546753,-79.96957004070282,-490.1750683784485,0.7630446235754506,0.4050258199579002,0.7817815805900499,,,cuVSLAM,,
932,1761213151837,166.716068983078,-88.32389861345291,-496.20383977890015,0.7728859838463261,0.4078990990321877,0.7656960696282268,,,cuVSLAM,,
933,1761213151870,167.62584447860718,-97.56741672754288,-502.33566761016846,0.784248378301594,0.41091331938117437,0.7503189737139857,,,cuVSLAM,,
934,1761213151904,168.52080821990967,-107.9113557934761,-508.29243659973145,0.7960556312775344,0.41476588542750403,0.7341665274310346,,,cuVSLAM,,
935,1761213151937,169.44760084152222,-117.5631433725357,-515.1375532150269,0.8049315401081669,0.42029643069111194,0.713554220430811,,,cuVSLAM,,
936,1761213151971,170.0184941291809,-126.96453928947449,-522.080659866333,0.8121338149807119,0.4271524264178658,0.6931308550420426,,,cuVSLAM,,
937,1761213152004,170.26397585868835,-135.66797971725464,-529.2043685913086,0.8176465738836449,0.4341708751523907,0.6731540052208989,,,cuVSLAM,,
938,1761213152037,170.75413465499878,-144.08452808856964,-536.0643267631531,0.8211686952496203,0.4426899782276065,0.6539768023196516,,,cuVSLAM,,
939,1761213152071,171.4155673980713,-151.6588032245636,-543.3757901191711,0.8221637459695478,0.45434441551558175,0.6313525582110685,,,cuVSLAM,,
940,1761213152104,172.5422888994217,-159.03154015541077,-550.4827499389648,0.8230219264465684,0.4663982968789374,0.6127961298917334,,,cuVSLAM,,
941,1761213152138,173.28213155269623,-166.52143001556396,-557.9972863197327,0.821651126593056,0.480143435262781,0.5921312786798584,,,cuVSLAM,,
942,1761213152171,174.97065663337708,-172.13335633277893,-564.7230744361877,0.8162020778273752,0.4988002371108297,0.5625870501026663,,,cuVSLAM,,
943,1761213152205,177.92776226997375,-178.1032681465149,-571.8415975570679,0.8111528131669884,0.5182988347852633,0.5360946305867597,,,cuVSLAM,,
944,1761213152238,180.2586168050766,-183.6608350276947,-578.2169103622437,0.8066100148360557,0.5361173990619316,0.5143182244763264,,,cuVSLAM,,
945,1761213152271,182.26014077663422,-189.46003913879395,-585.604190826416,0.7993694204620194,0.5558397183453863,0.4858979625477572,,,cuVSLAM,,
946,1761213152305,185.06892025470734,-196.34220004081726,-592.8522348403931,0.7900337079058424,0.5778032062700483,0.4533662626437974,,,cuVSLAM,,
947,1761213152338,186.64395809173584,-201.02526247501373,-598.8604426383972,0.7828136787601518,0.5943848473066332,0.4285614387048668,,,cuVSLAM,,
948,1761213152372,187.25359439849854,-205.4164707660675,-604.7967672348022,0.7741917652643292,0.6093130067680427,0.4043027438612971,,,cuVSLAM,,
949,1761213152405,187.81214952468872,-209.99571681022644,-611.6213202476501,0.7614405023824496,0.6264064965441389,0.3710063406290021,,,cuVSLAM,,
950,1761213152438,188.63551318645477,-213.77414464950562,-616.7047023773193,0.748600639006354,0.6412020053091858,0.34333590606915293,,,cuVSLAM,,
951,1761213152472,189.38316404819489,-216.9714868068695,-619.1604137420654,0.7341227718034227,0.6560187749574178,0.31577906366044195,,,cuVSLAM,,
952,1761213152505,189.22483921051025,-219.26598250865936,-621.9562888145447,0.7149853649346981,0.6715065017964013,0.27875639620976034,,,cuVSLAM,,
953,1761213152539,189.01163339614868,-221.8749076128006,-626.5742182731628,0.6969675853918296,0.6834741422905817,0.24640920171235375,,,cuVSLAM,,
954,1761213152572,187.82125413417816,-223.720520734787,-627.5144219398499,0.680076566328484,0.6934631184975797,0.2181271374744112,,,cuVSLAM,,
955,1761213152605,186.5372359752655,-225.63153505325317,-628.101110458374,0.6592342421540852,0.7052607338364002,0.18049028510434115,,,cuVSLAM,,
956,1761213152639,185.94858050346375,-227.09642350673676,-629.6152472496033,0.6396202628342395,0.7142584550535258,0.1460647105576751,,,cuVSLAM,,
957,1761213152672,185.07325649261475,-229.26919162273407,-629.0299296379089,0.6242840584998078,0.7211389457550917,0.11818626313151241,,,cuVSLAM,,
958,1761213152706,183.49243700504303,-232.09631443023682,-629.0997862815857,0.6085152776254341,0.7275649566042853,0.08761427631695637,,,cuVSLAM,,
959,1761213152739,182.71569907665253,-232.99290239810944,-628.0525326728821,0.593687210597587,0.7314476108508228,0.06244489599402198,,,cuVSLAM,,
960,1761213152772,181.8215399980545,-234.31290686130524,-626.4769434928894,0.5807666196942478,0.7344160417652316,0.04017320260805524,,,cuVSLAM,,
961,1761213152806,181.36879801750183,-236.09218001365662,-624.0231394767761,0.5657874165875181,0.7395642121075837,0.01591821826716751,,,cuVSLAM,,
962,1761213152839,180.82596361637115,-237.09484934806824,-621.7181086540222,0.5509730695099103,0.7431930080976235,-0.004898123400080528,,,cuVSLAM,,
963,1761213152873,180.50968647003174,-238.26263844966888,-619.2745566368103,0.5371845779558604,0.7450762003336052,-0.022794988758031577,,,cuVSLAM,,
964,1761213152906,180.83088099956512,-239.31539058685303,-615.5012845993042,0.5216306654102318,0.747951323413997,-0.04202027512306779,,,cuVSLAM,,
965,1761213152939,181.87850713729858,-238.40774595737457,-610.1433634757996,0.5042854234082282,0.7515044506489691,-0.06078165961765074,,,cuVSLAM,,
966,1761213152973,182.12275207042694,-237.6907914876938,-606.359601020813,0.48535958489915865,0.7532681683791869,-0.07850109968042164,,,cuVSLAM,,
967,1761213153006,182.18792974948883,-236.79016530513763,-603.032112121582,0.4632464903551688,0.7555237693194558,-0.09967318313563299,,,cuVSLAM,,
968,1761213153039,183.35683643817902,-234.33592915534973,-599.3630886077881,0.4399387246060167,0.758376075019612,-0.11891845588312783,,,cuVSLAM,,
969,1761213153073,184.36352908611298,-231.86936974525452,-595.5797433853149,0.4180806658248541,0.760748878516338,-0.13422821294298753,,,cuVSLAM,,
970,1761213153106,185.05758047103882,-228.75577211380005,-592.578649520874,0.39270657286875216,0.7638448788609528,-0.15599853460082283,,,cuVSLAM,,
971,1761213153139,185.65639853477478,-225.28037428855896,-589.1087055206299,0.37121346360082946,0.7650858732013069,-0.16921833628148408,,,cuVSLAM,,
972,1761213153173,187.15551495552063,-221.42750024795532,-585.4525566101074,0.3524387682945355,0.765636542299712,-0.177548045076219,,,cuVSLAM,,
973,1761213153206,189.9898648262024,-218.26057136058807,-582.0398330688477,0.3305232318733538,0.7692347002140205,-0.19531217449001517,,,cuVSLAM,,
974,1761213153240,193.16302239894867,-214.68837559223175,-577.8282284736633,0.313477441793277,0.7720870212144287,-0.20650656429595973,,,cuVSLAM,,
975,1761213153273,196.28335535526276,-210.61158180236816,-573.9505290985107,0.2979926862197982,0.7732839072927862,-0.21427514930816746,,,cuVSLAM,,
976,1761213153306,199.41332936286926,-206.28298819065094,-569.9155330657959,0.2809459985947173,0.773987424082143,-0.22570844041080432,,,cuVSLAM,,
977,1761213153340,202.4122178554535,-201.3607919216156,-565.4796361923218,0.26688739826881125,0.7725277469066679,-0.2308801787989388,,,cuVSLAM,,
978,1761213153373,205.69966733455658,-195.83533704280853,-560.8544945716858,0.25363427852157744,0.7700785678067943,-0.23409207722417924,,,cuVSLAM,,
979,1761213153406,208.63264799118042,-189.54364955425262,-556.587278842926,0.237578199139146,0.7675249858265846,-0.2428563134138966,,,cuVSLAM,,
980,1761213153440,211.73202991485596,-182.63939023017883,-551.9847869873047,0.22439534485672552,0.7638971698316902,-0.24392192959917028,,,cuVSLAM,,
981,1761213153473,214.75040912628174,-175.5240261554718,-547.5329160690308,0.2086845363042528,0.7612832086096374,-0.24948180275038984,,,cuVSLAM,,
982,1761213153507,217.7501916885376,-167.819082736969,-543.3686971664429,0.19338058062784133,0.7581947338666286,-0.25492262652973713,,,cuVSLAM,,
983,1761213153540,221.29078209400177,-159.86765921115875,-538.3094549179077,0.18506287417138978,0.7539701837352365,-0.24766499514941145,,,cuVSLAM,,
984,1761213153573,223.77212345600128,-151.86582505702972,-532.9720377922058,0.18302388825214277,0.7482575239491263,-0.22668539810460234,,,cuVSLAM,,
985,1761213153607,226.99442505836487,-144.08108592033386,-527.9107093811035,0.17872119982447723,0.7455382497887653,-0.21381549505219266,,,cuVSLAM,,
986,1761213153640,229.88705337047577,-135.3294402360916,-522.3472118377686,0.1817344252597051,0.74122176825337,-0.18670485740771234,,,cuVSLAM,,
987,1761213153673,231.41352832317352,-127.39698588848114,-517.0642137527466,0.18446281415721474,0.7363788172507484,-0.16268659198524807,,,cuVSLAM,,
988,1761213153707,232.7553927898407,-119.14782971143723,-512.5629305839539,0.18522159390268125,0.7314695414428695,-0.14447177107499354,,,cuVSLAM,,
989,1761213153740,228.99369895458221,-112.1319830417633,-508.61281156539917,0.20019835750016757,0.7202505763762228,-0.09999219994024217,,,cuVSLAM,,
990,1761213153773,229.14627194404602,-103.49637269973755,-503.3212900161743,0.2127011720238401,0.7122309908288508,-0.05590255293637064,,,cuVSLAM,,
991,1761213153807,228.56655716896057,-96.48508578538895,-498.72663617134094,0.21913514273344312,0.7062969949905252,-0.03243861433373607,,,cuVSLAM,,
992,1761213153840,225.0947207212448,-90.47957509756088,-493.3232069015503,0.239673944546653,0.6950458178098057,0.02059230358931419,,,cuVSLAM,,
993,1761213153873,227.19167172908783,-83.32563936710358,-484.71054434776306,0.2540548067164063,0.688819443268078,0.06616292217606798,,,cuVSLAM,,
994,1761213153907,227.61958837509155,-78.20148020982742,-478.1481623649597,0.2602419558217885,0.6833339033357324,0.08153941331594994,,,cuVSLAM,,
995,1761213153940,228.98206114768982,-71.96246832609177,-468.7843322753906,0.27530460354322267,0.675828743981601,0.11970294788203632,,,cuVSLAM,,
996,1761213153973,224.89890456199646,-66.50163978338242,-463.89859914779663,0.29331536521508195,0.6619254746843422,0.163373636751693,,,cuVSLAM,,
997,1761213154007,223.0089157819748,-62.70993500947952,-459.1974914073944,0.3008653456659582,0.6536520169584451,0.1710553478168042,,,cuVSLAM,,
998,1761213154040,222.10347652435303,-59.76853147149086,-450.9553611278534,0.31413344853161146,0.6445106695982167,0.19640045333526193,,,cuVSLAM,,
999,1761213154073,219.80620920658112,-58.34994092583656,-442.7715539932251,0.3318003951219556,0.6329214493928796,0.232352665277697,,,cuVSLAM,,
1000,1761213154107,216.18549525737762,-56.18571490049362,-438.9687776565552,0.3467340977297248,0.6193427475901796,0.257568366408278,,,cuVSLAM,,
1001,1761213154140,218.92449259757996,-62.152888625860214,-430.2010238170624,0.3638906992959217,0.6132295045295576,0.2866885916299866,,,cuVSLAM,,
1002,1761213154173,216.47192537784576,-62.26113438606262,-421.1960732936859,0.38567784658413806,0.6004598028721773,0.3285722588046631,,,cuVSLAM,,
1003,1761213154207,211.84344589710236,-61.68109551072121,-413.13400864601135,0.40815817662207304,0.5853293098957357,0.3704181296805286,,,cuVSLAM,,
1004,1761213154240,209.3620002269745,-63.673682510852814,-408.4031581878662,0.4244512389907428,0.5730477685991078,0.3936687466065192,,,cuVSLAM,,
1005,1761213154273,207.161545753479,-66.05800241231918,-402.0102620124817,0.4439129140228166,0.5596338374028952,0.4246363370057666,,,cuVSLAM,,
1006,1761213154307,203.24714481830597,-68.88069212436676,-396.618127822876,0.4636536541468107,0.5439407193788739,0.4571981588481989,,,cuVSLAM,,
1007,1761213154340,197.12911546230316,-69.95894014835358,-397.961288690567,0.4766850706060873,0.5276558231518983,0.47082059890047234,,,cuVSLAM,,
1008,1761213154373,199.23613965511322,-79.40894365310669,-389.82054591178894,0.49515535572269986,0.5232974024987497,0.48241580068272466,,,cuVSLAM,,
1009,1761213154407,197.33528792858124,-84.59112048149109,-387.9946768283844,0.5145101778308547,0.5122834187477678,0.5011189950095725,,,cuVSLAM,,
1010,1761213154440,199.04403388500214,-92.2786146402359,-383.7507367134094,0.531548061410282,0.5083325722329676,0.5093409084003658,,,cuVSLAM,,
1011,1761213154473,200.65002143383026,-100.18784552812576,-383.0868601799011,0.5475830811404245,0.5043348038922623,0.5130266551580471,,,cuVSLAM,,
1012,1761213154507,199.2219239473343,-106.94880783557892,-383.123904466629,0.5665989676763292,0.4969094931286965,0.5255637184408003,,,cuVSLAM,,
1013,1761213154540,200.2979964017868,-113.94260078668594,-382.4257552623749,0.582211396111906,0.4935710387907603,0.5284376243456903,,,cuVSLAM,,
1014,1761213154573,200.8187174797058,-121.64917588233948,-384.0862512588501,0.5969028908166898,0.48939361672289095,0.5304031824827665,,,cuVSLAM,,
1015,1761213154607,201.6361802816391,-129.4160783290863,-385.333389043808,0.6110966158695915,0.48697677654436927,0.5314628663606621,,,cuVSLAM,,
1016,1761213154640,202.81711220741272,-136.93521916866302,-387.9021108150482,0.6223732503167637,0.48751933085852345,0.5239112692665989,,,cuVSLAM,,
1017,1761213154673,204.7080397605896,-145.38416266441345,-391.2314772605896,0.6326060013952538,0.48959270279707506,0.513646337725474,,,cuVSLAM,,
1018,1761213154707,205.97770810127258,-153.40891480445862,-395.09809017181396,0.6429884431163438,0.49138260458295013,0.5030184016975117,,,cuVSLAM,,
1019,1761213154740,208.73227715492249,-162.47986257076263,-400.14731884002686,0.6505219811326072,0.496762729142989,0.4837739380567327,,,cuVSLAM,,
1020,1761213154773,209.48512852191925,-170.26472091674805,-406.01620078086853,0.6569885540325883,0.5013491053366312,0.4627369905413795,,,cuVSLAM,,
1021,1761213154807,210.831880569458,-178.72273921966553,-412.31122612953186,0.664463371883197,0.5050579248978609,0.44760290737891684,,,cuVSLAM,,
1022,1761213154840,212.94009685516357,-185.6667697429657,-420.0919270515442,0.6662510851698858,0.5134917295590364,0.41760266868228374,,,cuVSLAM,,
1023,1761213154873,208.65723490715027,-189.86676633358002,-431.2785565853119,0.6648139636665381,0.515563279798534,0.38944762108530634,,,cuVSLAM,,
1024,1761213154907,209.6376121044159,-196.34220004081726,-439.61653113365173,0.6671970839461139,0.5212631687274757,0.36844983251939073,,,cuVSLAM,,
1025,1761213154940,211.14422380924225,-203.9778083562851,-446.9483494758606,0.663349285158405,0.5329925117459011,0.3352760123707845,,,cuVSLAM,,
1026,1761213154973,212.42070198059082,-209.00994539260864,-451.52953267097473,0.6597790750423557,0.543586424472477,0.30745727323980654,,,cuVSLAM,,
1027,1761213155007,213.94065022468567,-213.47229182720184,-455.2650451660156,0.6568355058231119,0.5536659597028581,0.2848571847108633,,,cuVSLAM,,
1028,1761213155040,214.26287293434143,-216.80256724357605,-461.1944258213043,0.651707594852572,0.5635644439857185,0.26076899124854863,,,cuVSLAM,,
1029,1761213155073,216.94986522197723,-222.11261093616486,-467.0712351799011,0.6442861171367875,0.5784464016706097,0.23084848685170511,,,cuVSLAM,,
1030,1761213155106,220.40370106697083,-229.23427820205688,-471.16342186927795,0.6377129991064266,0.5933666819543311,0.20426535472993299,,,cuVSLAM,,
1031,1761213155140,221.6195911169052,-235.5516403913498,-476.785808801651,0.6314120343063528,0.604677652913844,0.17722430899575722,,,cuVSLAM,,
1032,1761213155173,221.51733934879303,-240.88388681411743,-483.9755892753601,0.6215868412663937,0.6157316678590394,0.14054741275841964,,,cuVSLAM,,
1033,1761213155206,222.60181605815887,-250.95981359481812,-485.0914180278778,0.6146831817218129,0.6273464236025571,0.11346866761141307,,,cuVSLAM,,
1034,1761213155240,220.1085090637207,-254.19586896896362,-492.83450841903687,0.6073551728254181,0.6306997396098519,0.08378133798372155,,,cuVSLAM,,
1035,1761213155273,216.05075895786285,-252.83020734786987,-497.3394274711609,0.5933865370883079,0.6360912522203884,0.04048781351789608,,,cuVSLAM,,
1036,1761213155306,216.95120632648468,-265.1168704032898,-497.26593494415283,0.5838864816169271,0.646922169424332,0.00799472326840978,,,cuVSLAM,,
1037,1761213155340,214.25814926624298,-271.33673429489136,-500.1722574234009,0.5774224344395755,0.6501674426720723,-0.018484231916843792,,,cuVSLAM,,
1038,1761213155373,211.10489964485168,-276.8247425556183,-504.3871998786926,0.5677992372006955,0.6548493871134027,-0.05227745205143549,,,cuVSLAM,,
1039,1761213155406,208.51609110832214,-283.4528386592865,-507.2322487831116,0.5557924287731771,0.661533952919703,-0.08947944692348034,,,cuVSLAM,,
1040,1761213155440,206.2404453754425,-288.0300283432007,-508.11970233917236,0.5462774622407912,0.6653676645490016,-0.11623240211351304,,,cuVSLAM,,
1041,1761213155473,203.49620282649994,-291.9944226741791,-510.48988103866577,0.5337948808680643,0.6702600111925093,-0.14956317385594894,,,cuVSLAM,,
1042,1761213155506,200.5346417427063,-296.5551018714905,-512.1776461601257,0.5158982103776293,0.6767788543511347,-0.19040234509453563,,,cuVSLAM,,
1043,1761213155540,198.50705564022064,-298.80353808403015,-511.81066036224365,0.5000686426800688,0.6794501091837216,-0.2201916646741716,,,cuVSLAM,,
1044,1761213155573,195.94170153141022,-301.1280298233032,-512.2112035751343,0.48254312601796623,0.6818630012204809,-0.25110851956653085,,,cuVSLAM,,
1045,1761213155606,192.2663450241089,-304.2021691799164,-511.5196704864502,0.4623361544429079,0.6849974776756941,-0.28537942296045526,,,cuVSLAM,,
1046,1761213155640,188.8120472431183,-305.4955005645752,-511.1304521560669,0.44313588717727714,0.6845799785154164,-0.310512929644344,,,cuVSLAM,,
1047,1761213155673,185.62671542167664,-308.394193649292,-509.85509157180786,0.424009484051145,0.6849974628017214,-0.33712303339905597,,,cuVSLAM,,
1048,1761213155706,181.10322952270508,-311.08447909355164,-508.51839780807495,0.40482449215438754,0.6830460634579851,-0.36245868747395094,,,cuVSLAM,,
1049,1761213155740,176.9675463438034,-310.65985560417175,-507.39651918411255,0.3893796473513501,0.6787199307382682,-0.38133937886349034,,,cuVSLAM,,
1050,1761213155773,174.66852068901062,-310.58189272880554,-504.2274594306946,0.3745338002239634,0.6765677447981433,-0.3986968879280459,,,cuVSLAM,,
1051,1761213155806,172.183096408844,-311.0352158546448,-501.5111565589905,0.35796694105886073,0.675334333305034,-0.4224013510738453,,,cuVSLAM,,
1052,1761213155840,169.50814425945282,-308.8374137878418,-497.6823031902313,0.3463705624060956,0.670324921356016,-0.4325621492475391,,,cuVSLAM,,
1053,1761213155873,169.09725964069366,-307.53085017204285,-492.23992228507996,0.3362352827063207,0.6664852549609014,-0.43497551761679776,,,cuVSLAM,,
1054,1761213155906,168.3937907218933,-305.15581369400024,-487.6408278942108,0.3199593070432719,0.6646130082825408,-0.4507946325149088,,,cuVSLAM,,
1055,1761213155940,167.76640713214874,-301.2823462486267,-482.4727773666382,0.3050995704638057,0.6607468860211394,-0.4590960268970797,,,cuVSLAM,,
1056,1761213155973,167.4693077802658,-296.50968313217163,-476.95061564445496,0.29108129879594324,0.6558071906646812,-0.4611105156168709,,,cuVSLAM,,
1057,1761213156006,166.9507622718811,-291.2563681602478,-471.2543189525604,0.27424244974734824,0.651710479362672,-0.46735823818042366,,,cuVSLAM,,
1058,1761213156040,166.0427749156952,-283.40449929237366,-465.62036871910095,0.2608134312234299,0.6441099560086252,-0.4624403339934493,,,cuVSLAM,,
1059,1761213156073,166.49912297725677,-277.1866023540497,-457.73619413375854,0.24917722752811686,0.6361543573024738,-0.45016505784809563,,,cuVSLAM,,
1060,1761213156106,165.60375690460205,-269.25331354141235,-450.8619010448456,0.23733967026259298,0.6265295865707317,-0.4425240646422397,,,cuVSLAM,,
1061,1761213156140,163.5781228542328,-259.870320558548,-443.5691237449646,0.22982982110500427,0.6144710356688704,-0.424632427450774,,,cuVSLAM,,
1062,1761213156173,163.16750645637512,-250.9162724018097,-436.3410770893097,0.22765039220539116,0.6007232121103877,-0.39128069474793575,,,cuVSLAM,,
1063,1761213156206,161.5370213985443,-241.28742516040802,-429.6374022960663,0.2235618108287241,0.5889225028280748,-0.3680870374457141,,,cuVSLAM,,
1064,1761213156240,161.3515466451645,-232.16910660266876,-422.5618243217468,0.2222587577433878,0.578832428026554,-0.3402220145199235,,,cuVSLAM,,
1065,1761213156273,161.08250617980957,-221.68363630771637,-413.8951003551483,0.22989063765962003,0.5665066048808033,-0.28730760606850986,,,cuVSLAM,,
1066,1761213156306,158.24778378009796,-213.86805176734924,-410.2121889591217,0.23058648979277552,0.5558703605966875,-0.26143117153146317,,,cuVSLAM,,
1067,1761213156339,157.48809278011322,-205.58257400989532,-403.30567955970764,0.2339281030956092,0.5484786819189775,-0.23252772553717346,,,cuVSLAM,,
1068,1761213156373,158.35896134376526,-195.2897608280182,-396.27256989479065,0.24540043734550707,0.5380960841787742,-0.1830216466667663,,,cuVSLAM,,
1069,1761213156406,158.4893763065338,-188.54135274887085,-389.2194330692291,0.2515274217649369,0.5318016784267953,-0.15499376996825318,,,cuVSLAM,,
1070,1761213156439,158.5686057806015,-179.53738570213318,-385.77112555503845,0.25601676067683565,0.5242812957909188,-0.13922400368216553,,,cuVSLAM,,
1071,1761213156473,156.58292174339294,-173.78804087638855,-380.13675808906555,0.2684939520604282,0.5146937990524114,-0.10113572120132455,,,cuVSLAM,,
1072,1761213156506,156.5263867378235,-169.81592774391174,-376.07041001319885,0.2806604802856412,0.5059719239807963,-0.07110718474208685,,,cuVSLAM,,
1073,1761213156539,156.24798834323883,-164.87984359264374,-372.3209798336029,0.2878197138469618,0.4996673207665501,-0.05972783596809259,,,cuVSLAM,,
1074,1761213156573,154.86304461956024,-161.26999258995056,-368.73167753219604,0.2996940894084827,0.4901937725565759,-0.033273825855836506,,,cuVSLAM,,
1075,1761213156606,154.92373704910278,-159.22217071056366,-365.35006761550903,0.31047624367603127,0.48262452693775776,-0.015303342096618882,,,cuVSLAM,,
1076,1761213156639,155.9377908706665,-158.32610428333282,-362.2831702232361,0.3169387523164673,0.4778833747447661,-0.009722582531855983,,,cuVSLAM,,
1077,1761213156673,156.65261447429657,-157.06071257591248,-359.6477210521698,0.32507962534713325,0.4709004234654537,0.0022075669008991476,,,cuVSLAM,,
1078,1761213156706,159.03447568416595,-156.5621793270111,-356.7396104335785,0.33346752549756764,0.4650992830837205,0.0118177518918035,,,cuVSLAM,,
1079,1761213156739,162.04585134983063,-157.25693106651306,-354.36588525772095,0.33867628078503687,0.4609309437572875,0.009931008446309933,,,cuVSLAM,,
1080,1761213156773,164.53376412391663,-157.2447568178177,-352.7257740497589,0.344288321123439,0.4533599727125331,0.01047837397643501,,,cuVSLAM,,
1081,1761213156806,167.68522560596466,-157.94211626052856,-350.8988618850708,0.3517516562523776,0.44385599486834926,0.015892330597465587,,,cuVSLAM,,
1082,1761213156839,170.40391266345978,-159.12528336048126,-350.29810667037964,0.3562364425162791,0.43361887352375317,0.012459382049411692,,,cuVSLAM,,
1083,1761213156873,173.5764443874359,-160.31503677368164,-349.5255708694458,0.35995692308328203,0.4220826484415384,0.00753024459147368,,,cuVSLAM,,
1084,1761213156906,175.92144012451172,-161.36416792869568,-348.3703136444092,0.3678319507041455,0.4064337436773961,0.01971148373401683,,,cuVSLAM,,
1085,1761213156939,178.99827659130096,-162.39987313747406,-348.15219044685364,0.37229876946284224,0.39295535186402203,0.016210682190065245,,,cuVSLAM,,
1086,1761213156973,182.64706432819366,-164.0576869249344,-347.7226793766022,0.3754134260495748,0.3814616047369486,0.007487930072100175,,,cuVSLAM,,
1087,1761213157006,185.37083268165588,-165.55777192115784,-346.9046354293823,0.3809980326352702,0.36694408153832336,0.011164185592219227,,,cuVSLAM,,
1088,1761213157039,187.841534614563,-167.25750267505646,-346.12593054771423,0.384476351941187,0.3524987857847808,0.00774416401351014,,,cuVSLAM,,
1089,1761213157073,189.81903791427612,-169.17137801647186,-344.8358476161957,0.3875537251118943,0.3380114863628306,0.004346748329325363,,,cuVSLAM,,
1090,1761213157106,191.34722650051117,-171.57459259033203,-343.1427776813507,0.38978895343752346,0.3233899961374488,-0.003324924272898712,,,cuVSLAM,,
1091,1761213157139,192.13809072971344,-173.7535297870636,-340.69785475730896,0.39171503851166756,0.3075420843126168,-0.009313710918935255,,,cuVSLAM,,
1092,1761213157173,192.0953094959259,-176.131010055542,-337.3558819293976,0.3936216205272002,0.29065191651509265,-0.015827255310432352,,,cuVSLAM,,
1093,1761213157206,191.65948033332825,-178.5205900669098,-333.67621898651123,0.39333395806559934,0.2742579849371524,-0.02998734422416836,,,cuVSLAM,,
1094,1761213157239,190.1303231716156,-180.8253824710846,-329.7569751739502,0.39439248364609303,0.2569433499917198,-0.03941421907771653,,,cuVSLAM,,
1095,1761213157273,187.27514147758484,-184.2474341392517,-325.0221014022827,0.39738246229593893,0.2382072096763651,-0.04404037361178219,,,cuVSLAM,,
1096,1761213157306,184.42970514297485,-187.20752000808716,-321.31868600845337,0.40011031416877213,0.21961982369266753,-0.05091084941210758,,,cuVSLAM,,
1097,1761213157339,181.68102204799652,-190.97520411014557,-316.05106592178345,0.40459858901416196,0.20257868561131065,-0.04828168117729857,,,cuVSLAM,,
1098,1761213157373,179.0187656879425,-194.08833980560303,-312.41708993911743,0.4095119157423189,0.18643112353481972,-0.05335348806213266,,,cuVSLAM,,
1099,1761213157406,176.80874466896057,-196.7131644487381,-309.3857765197754,0.4152921411222136,0.1719168659892477,-0.057234921918648304,,,cuVSLAM,,
1100,1761213157439,174.75885152816772,-200.03239810466766,-306.9891333580017,0.42218879052808356,0.15865110098424945,-0.0550777062514645,,,cuVSLAM,,
1101,1761213157473,172.56847023963928,-202.36410200595856,-307.38329887390137,0.429832109362505,0.14485901945575555,-0.053673818085393114,,,cuVSLAM,,
1102,1761213157506,171.12934589385986,-206.08147978782654,-306.3163459300995,0.43745087187671167,0.13621430528754366,-0.05744065173866678,,,cuVSLAM,,
1103,1761213157539,169.69552636146545,-209.62265133857727,-305.64507842063904,0.4451701298840799,0.12866360241715463,-0.057237152953601225,,,cuVSLAM,,
1104,1761213157573,167.46211051940918,-212.79370784759521,-306.5846860408783,0.45433199933813806,0.1205556987218811,-0.053275460356982544,,,cuVSLAM,,
1105,1761213157606,164.58512842655182,-215.72032570838928,-308.32335352897644,0.46334906779603474,0.11263761084527789,-0.0524250288748091,,,cuVSLAM,,
1106,1761213157640,160.46778857707977,-219.33628618717194,-309.29017066955566,0.4727127882299536,0.10325893266538409,-0.04366674945105114,,,cuVSLAM,,
1107,1761213157673,155.7554304599762,-223.55784475803375,-309.50266122817993,0.4815725786765413,0.09556496548562365,-0.04228757824922284,,,cuVSLAM,,
1108,1761213157706,149.83785152435303,-226.0749340057373,-313.33789229393005,0.48948278694688824,0.0851002443584843,-0.05263391705449383,,,cuVSLAM,,
1109,1761213157740,143.35425198078156,-230.12429475784302,-314.26429748535156,0.49724651316013685,0.07588040929080846,-0.060260428350760536,,,cuVSLAM,,
1110,1761213157773,134.98131930828094,-232.13276267051697,-317.64084100723267,0.5053878585532018,0.06151509943010226,-0.06166196523977457,,,cuVSLAM,,
1111,1761213157806,126.12327933311462,-234.66628789901733,-320.28621435165405,0.5116587382635509,0.04876226365530612,-0.06923392976589132,,,cuVSLAM,,
1112,1761213157840,116.72896146774292,-236.64115369319916,-322.0843970775604,0.5154387024553362,0.03441973739006587,-0.07232808386809138,,,cuVSLAM,,
1113,1761213157873,106.3661277294159,-237.07011342048645,-323.29437136650085,0.517754793347096,0.01685562725867341,-0.06469956003690269,,,cuVSLAM,,
1114,1761213157906,96.22984379529953,-236.63997650146484,-325.1991271972656,0.5168715455675623,0.004557139830409285,-0.07177239101065065,,,cuVSLAM,,
1115,1761213157940,86.75926923751831,-235.71082949638367,-326.63995027542114,0.5130037716799984,-0.003987254194905863,-0.08230303258222167,,,cuVSLAM,,
1116,1761213157973,77.16002315282822,-233.82601141929626,-327.3997902870178,0.5083453970600357,-0.011028411084006758,-0.08824455756810641,,,cuVSLAM,,
1117,1761213158006,67.8369402885437,-230.2882969379425,-329.8978805541992,0.5018031444801152,-0.014464548604460344,-0.10534895709326253,,,cuVSLAM,,
1118,1761213158039,59.53049659729004,-227.98991203308105,-329.6825587749481,0.4946666325315817,-0.01507649693345318,-0.11485047060265155,,,cuVSLAM,,
1119,1761213158073,49.90290105342865,-224.4665026664734,-330.4656744003296,0.4891160233219114,-0.020266920367422152,-0.10735561783581575,,,cuVSLAM,,
1120,1761213158106,40.6867116689682,-220.9084928035736,-332.9503834247589,0.4828424801338072,-0.019771095032544164,-0.1206569216800301,,,cuVSLAM,,
1121,1761213158139,31.581304967403412,-216.5096253156662,-336.088091135025,0.4766701629085158,-0.020598995314627746,-0.12813915872319423,,,cuVSLAM,,
1122,1761213158173,21.42864465713501,-213.27713131904602,-338.07551860809326,0.4732845101391699,-0.023342571959581657,-0.11858399335894096,,,cuVSLAM,,
1123,1761213158206,12.252241373062134,-209.49645340442657,-340.7265245914459,0.4700055478963928,-0.020905144421700887,-0.12206776385061821,,,cuVSLAM,,
1124,1761213158239,3.204450011253357,-208.0499231815338,-342.66525506973267,0.46879878722523477,-0.015221343362626845,-0.12690013734241568,,,cuVSLAM,,
1125,1761213158273,-6.200075149536133,-205.12399077415466,-346.5037941932678,0.4708602308734625,-0.014549961600123233,-0.11887544054258006,,,cuVSLAM,,
1126,1761213158306,-15.029177069664001,-201.54553651809692,-350.4611551761627,0.471272838657823,-0.012296899936262037,-0.11446635868956653,,,cuVSLAM,,
1127,1761213158339,-22.07230031490326,-197.21363484859467,-354.4055223464966,0.4700735417641282,-0.0065217416472089845,-0.11720365046022545,,,cuVSLAM,,
1128,1761213158373,-28.348803520202637,-193.4116929769516,-357.35514760017395,0.4689109122677188,0.0012572857597470978,-0.12386405495370702,,,cuVSLAM,,
1129,1761213158406,-34.1697633266449,-189.19873237609863,-359.60716009140015,0.46516467855470844,0.007987456826216965,-0.1269415821615475,,,cuVSLAM,,
1130,1761213158439,-39.71147537231445,-183.51350724697113,-362.737238407135,0.4601042820158682,0.013881048047330978,-0.1305688634442027,,,cuVSLAM,,
1131,1761213158473,-45.43408751487732,-179.37880754470825,-365.7887578010559,0.45746717365717937,0.018927597176671678,-0.13715302989384073,,,cuVSLAM,,
1132,1761213158506,-52.393391728401184,-175.36276578903198,-369.07947063446045,0.4560843416767907,0.01880030081857046,-0.13642501710891236,,,cuVSLAM,,
1133,1761213158539,-59.788599610328674,-171.7395782470703,-372.04110622406006,0.45572725072547116,0.017691036634835594,-0.134847459870404,,,cuVSLAM,,
1134,1761213158573,-67.81898438930511,-168.61097514629364,-374.75425004959106,0.45694373253692455,0.015348885837591397,-0.13554731741663767,,,cuVSLAM,,
1135,1761213158606,-76.19985938072205,-165.52399098873138,-377.0762085914612,0.4595051695433854,0.010430971521894462,-0.13188645742768373,,,cuVSLAM,,
1136,1761213158639,-84.9088728427887,-162.52905130386353,-379.4451951980591,0.46192186244673583,0.0044322288476073765,-0.12614401030730504,,,cuVSLAM,,
1137,1761213158673,-92.51564741134644,-159.56106781959534,-380.94446063041687,0.46363794960124843,-0.000843918376265685,-0.12193913773406977,,,cuVSLAM,,
1138,1761213158706,-98.70532155036926,-156.79383277893066,-382.17541575431824,0.4640356752912305,-0.0053130626637484385,-0.1206728950138962,,,cuVSLAM,,
1139,1761213158739,-103.04123163223267,-154.658243060112,-382.574200630188,0.46288460219178823,-0.008911345096942329,-0.12006720282085684,,,cuVSLAM,,
1140,1761213158773,-105.51699995994568,-152.49565243721008,-382.86954164505005,0.4613379213047238,-0.012055043209799053,-0.1181925240018368,,,cuVSLAM,,
1141,1761213158806,-105.51607608795166,-151.3780653476715,-382.51444697380066,0.4592275429381321,-0.013081805995343506,-0.12325214827918042,,,cuVSLAM,,
1142,1761213158839,-103.8186252117157,-151.33096277713776,-381.8762004375458,0.45722126904998495,-0.015796796420720228,-0.12542665419705099,,,cuVSLAM,,
1143,1761213158873,-100.71846842765808,-151.82828903198242,-380.8996081352234,0.45590797476431605,-0.018837128526108332,-0.12365567484336065,,,cuVSLAM,,
1144,1761213158906,-95.86253762245178,-153.27808260917664,-379.6677887439728,0.4555760358917542,-0.018831755329693972,-0.12734050234039992,,,cuVSLAM,,
1145,1761213158939,-90.82959592342377,-155.18566966056824,-378.7435293197632,0.45696806808390106,-0.021481259936031557,-0.12112787542685254,,,cuVSLAM,,
1146,1761213158972,-84.7722738981247,-156.88064694404602,-377.54613161087036,0.45797128873103704,-0.02478622916290976,-0.11652230151498173,,,cuVSLAM,,
1147,1761213159006,-78.301802277565,-159.86451506614685,-376.878023147583,0.45882750273246387,-0.027738672832159358,-0.11817556961020229,,,cuVSLAM,,
1148,1761213159039,-71.81955873966217,-162.67134249210358,-375.9043216705322,0.46085136106204844,-0.03132930753798808,-0.11379871046685945,,,cuVSLAM,,
1149,1761213159072,-65.27732312679291,-165.65175354480743,-374.7716248035431,0.46328325387470737,-0.03411792335656253,-0.11313988107761092,,,cuVSLAM,,
1150,1761213159106,-58.35831165313721,-169.1376119852066,-372.3699450492859,0.46564461155016545,-0.03688874332275958,-0.11440974414338839,,,cuVSLAM,,
1151,1761213159139,-52.00284719467163,-172.55514860153198,-370.8812892436981,0.46831020773696713,-0.042734673069489984,-0.1078757239216438,,,cuVSLAM,,
1152,1761213159172,-45.391932129859924,-176.3681024312973,-368.3539032936096,0.47110500586081056,-0.046830634230745696,-0.10538328615859559,,,cuVSLAM,,
1153,1761213159206,-39.28634524345398,-180.06734549999237,-366.62745475769043,0.473118419066917,-0.05246009897060524,-0.10413532771740362,,,cuVSLAM,,
1154,1761213159239,-33.049970865249634,-183.16297233104706,-363.10431361198425,0.4734490931976078,-0.05793161042156599,-0.10305818328710747,,,cuVSLAM,,
1155,1761213159272,-27.060404419898987,-186.6295039653778,-359.84697937965393,0.4733196989538703,-0.06368156110221439,-0.10262405032364473,,,cuVSLAM,,
1156,1761213159306,-21.37143909931183,-189.320370554924,-357.41689801216125,0.473478460329649,-0.07125545376603247,-0.10219848511981197,,,cuVSLAM,,
1157,1761213159339,-15.774041414260864,-191.0778284072876,-355.0392687320709,0.4738618541013912,-0.08006335539917507,-0.09717665954739359,,,cuVSLAM,,
1158,1761213159372,-9.850859642028809,-192.86593794822693,-352.56093740463257,0.4747755245139334,-0.08831828031585977,-0.0913693165967666,,,cuVSLAM,,
1159,1761213159406,-3.919363021850586,-196.36043906211853,-349.91544485092163,0.47648544972856693,-0.09420150318213505,-0.09293804677066733,,,cuVSLAM,,
1160,1761213159439,1.7750859260559082,-199.49881732463837,-348.23837876319885,0.47867422958353484,-0.100395370506917,-0.09478133645651993,,,cuVSLAM,,
1161,1761213159472,6.845146417617798,-200.4852592945099,-347.34055399894714,0.48086232028399944,-0.10899751064728014,-0.09188660436241261,,,cuVSLAM,,
1162,1761213159506,11.449843645095825,-202.68088579177856,-345.55962681770325,0.4834743256406734,-0.11599979282486761,-0.09352135994877932,,,cuVSLAM,,
1163,1761213159539,15.686586499214172,-205.41653037071228,-342.01106429100037,0.4860449219348585,-0.12183042226604689,-0.0917139171776919,,,cuVSLAM,,
1164,1761213159572,18.252983689308167,-206.63076639175415,-343.4940576553345,0.48866309311309086,-0.13171479648540602,-0.08902869477395664,,,cuVSLAM,,
1165,1761213159606,20.85864543914795,-208.30465853214264,-341.9349491596222,0.4908269706440385,-0.13794113176671044,-0.08632900919635349,,,cuVSLAM,,
1166,1761213159639,23.394465446472168,-210.1646065711975,-340.01389145851135,0.49296597023652183,-0.1412748598969108,-0.08736831657233342,,,cuVSLAM,,
1167,1761213159672,25.035321712493896,-212.96337246894836,-339.40309286117554,0.4948851225505812,-0.1449384965032327,-0.0857712489352466,,,cuVSLAM,,
1168,1761213159706,26.655852794647217,-215.0735706090927,-337.4236524105072,0.49641437822462753,-0.14755491251079964,-0.08149276290222372,,,cuVSLAM,,
1169,1761213159739,28.151512145996094,-216.73071384429932,-336.1334502696991,0.4981271023298949,-0.14857523906044617,-0.0790906456166999,,,cuVSLAM,,
1170,1761213159772,29.72009778022766,-218.23006868362427,-335.03490686416626,0.5001215613721053,-0.14655718167452988,-0.079009767825074,,,cuVSLAM,,
1171,1761213159806,30.671261250972748,-219.02884542942047,-334.8446190357208,0.5029657811195026,-0.14411220524463478,-0.0717506207679368,,,cuVSLAM,,
1172,1761213159839,31.207025051116943,-220.2577441930771,-335.14919877052307,0.5063533006591834,-0.13789599905345878,-0.07081195279577804,,,cuVSLAM,,
1173,1761213159872,31.099364161491394,-220.6975370645523,-336.00932359695435,0.5090051070191329,-0.1321222632510648,-0.06890473531342133,,,cuVSLAM,,
1174,1761213159905,29.706060886383057,-220.3749120235443,-338.14993500709534,0.5109413957494998,-0.12798596603350731,-0.06069816506831575,,,cuVSLAM,,
1175,1761213159939,27.620092034339905,-219.3535417318344,-342.12198853492737,0.5137681246971978,-0.12148035957932421,-0.06125879101887861,,,cuVSLAM,,
1176,1761213159972,25.646284222602844,-219.5373922586441,-342.04235672950745,0.5162486291362354,-0.11169816059746202,-0.06435091466371576,,,cuVSLAM,,
1177,1761213160005,21.65883779525757,-218.33789348602295,-345.01340985298157,0.516256142254262,-0.10747644696288053,-0.059372819187700585,,,cuVSLAM,,
1178,1761213160039,17.24568009376526,-215.64513444900513,-348.16092252731323,0.5162629888391996,-0.10244721487629171,-0.057259462977996244,,,cuVSLAM,,
1179,1761213160072,11.923462152481079,-212.0455801486969,-352.31441259384155,0.5164231122150538,-0.0994384940485743,-0.060702686335614944,,,cuVSLAM,,
1180,1761213160105,5.276098847389221,-209.91362631320953,-355.1333546638489,0.5155566388109878,-0.0987196928135145,-0.05361763885995768,,,cuVSLAM,,
1181,1761213160139,-2.6107877492904663,-209.61982011795044,-358.1353425979614,0.5150781829164701,-0.09567397793321264,-0.05067507619143329,,,cuVSLAM,,
1182,1761213160172,-11.238321661949158,-207.18124508857727,-363.1019592285156,0.5145442413022869,-0.09586116627570175,-0.05158906052075291,,,cuVSLAM,,
1183,1761213160205,-20.119234919548035,-204.88962531089783,-368.2173788547516,0.5129554679707264,-0.09757359481159482,-0.04944996732551191,,,cuVSLAM,,
1184,1761213160239,-28.341159224510193,-203.62870395183563,-371.5868592262268,0.5121285351847855,-0.09346266953686505,-0.05684162449250266,,,cuVSLAM,,
1185,1761213160272,-35.60802340507507,-203.1903713941574,-372.1640110015869,0.5126513772540576,-0.0879337799179287,-0.058395128372726056,,,cuVSLAM,,
1186,1761213160305,-45.31602934002876,-206.83515071868896,-376.5718936920166,0.5122222626810577,-0.08234124651449323,-0.05542534722943771,,,cuVSLAM,,
1187,1761213160339,-52.28466913104057,-205.95629513263702,-381.64418935775757,0.512830838064454,-0.07622405831280664,-0.061152281096146434,,,cuVSLAM,,
1188,1761213160372,-58.72499942779541,-205.2163928747177,-385.14968752861023,0.5139827881935296,-0.06961273668090164,-0.06505891841098,,,cuVSLAM,,
1189,1761213160405,-65.39119780063629,-204.60696518421173,-388.48719000816345,0.5144896368277622,-0.06473652349608547,-0.06301621628297045,,,cuVSLAM,,
1190,1761213160439,-71.6162845492363,-204.72228527069092,-391.70488715171814,0.5150838284789949,-0.0577827596746941,-0.06533925794803626,,,cuVSLAM,,
1191,1761213160472,-77.50644534826279,-204.15222644805908,-394.69194412231445,0.5170055637873625,-0.051870811983497106,-0.06634979496186698,,,cuVSLAM,,
1192,1761213160505,-83.24256539344788,-202.9174417257309,-397.92901277542114,0.5177410862977915,-0.04716341523777757,-0.0676249780614235,,,cuVSLAM,,
1193,1761213160539,-88.2997214794159,-201.23080909252167,-400.76398849487305,0.5167046439106728,-0.04166709521452771,-0.07300585651346184,,,cuVSLAM,,
1194,1761213160572,-93.11480075120926,-199.15807247161865,-403.4910500049591,0.5156474319131071,-0.03929888108493179,-0.07318542790773537,,,cuVSLAM,,
1195,1761213160605,-97.68063575029373,-196.27152383327484,-405.84784746170044,0.5126230881378526,-0.03924708225852039,-0.07273881088615727,,,cuVSLAM,,
1196,1761213160639,-101.71212255954742,-193.19243729114532,-407.4138104915619,0.5078439155450056,-0.039858113754690186,-0.07542575303224235,,,cuVSLAM,,
1197,1761213160672,-105.03315925598145,-190.77545404434204,-407.9954922199249,0.5038693497497221,-0.04142096895633923,-0.0769313195302255,,,cuVSLAM,,
1198,1761213160705,-107.67220705747604,-188.96454572677612,-407.67139196395874,0.5005049392049684,-0.04314460449095333,-0.08027821406223352,,,cuVSLAM,,
1199,1761213160739,-110.02197861671448,-187.32887506484985,-406.855046749115,0.4976138320585165,-0.04630781299096029,-0.08153890677272334,,,cuVSLAM,,
1200,1761213160772,-112.00085282325745,-186.26216053962708,-405.2349328994751,0.4960540666867225,-0.04914014010377794,-0.08009073088318107,,,cuVSLAM,,
1201,1761213160805,-113.27487230300903,-185.1598620414734,-403.9264917373657,0.49595150320839043,-0.05062799320838317,-0.08444696053320805,,,cuVSLAM,,
1202,1761213160839,-114.62026834487915,-183.50937962532043,-402.28408575057983,0.49675743539200534,-0.05374868062312173,-0.08308101239643449,,,cuVSLAM,,
1203,1761213160872,-115.6461238861084,-181.1142861843109,-400.5186855792999,0.49739160499214413,-0.05676312872795258,-0.08327406018368523,,,cuVSLAM,,
1204,1761213160905,-116.41083657741547,-177.80809104442596,-398.44468235969543,0.49779062347671077,-0.060258184383848765,-0.0816661012218651,,,cuVSLAM,,
1205,1761213160938,-116.88284575939178,-173.4384298324585,-395.5562710762024,0.4978578759451971,-0.06460029691205176,-0.07552928558418856,,,cuVSLAM,,
1206,1761213160972,-116.86192452907562,-168.36166381835938,-391.9313848018646,0.4974792741392483,-0.06807414453767462,-0.0719610422670315,,,cuVSLAM,,
1207,1761213161005,-116.55686795711517,-162.78815269470215,-387.63076066970825,0.49718124865398533,-0.07149385263897062,-0.06845909179950636,,,cuVSLAM,,
1208,1761213161038,-116.47342145442963,-156.4895361661911,-383.1336200237274,0.497251024459457,-0.07696399237877705,-0.058109500193047,,,cuVSLAM,,
1209,1761213161072,-116.18728935718536,-149.6230661869049,-378.14074754714966,0.4976201265120395,-0.08159997842679895,-0.05199256758317489,,,cuVSLAM,,
1210,1761213161105,-116.1988377571106,-142.82703399658203,-372.6344108581543,0.4989673934264167,-0.08663072125685381,-0.045664494521063095,,,cuVSLAM,,
1211,1761213161138,-116.30143225193024,-135.33934950828552,-367.1535849571228,0.5012399974823067,-0.09360269397599429,-0.03410782874258586,,,cuVSLAM,,
1212,1761213161172,-116.40483140945435,-127.91812419891357,-361.64844036102295,0.50421528223451,-0.10007910834719452,-0.025319822978184806,,,cuVSLAM,,
1213,1761213161205,-116.79196357727051,-120.89104950428009,-354.81250286102295,0.5077052095155555,-0.1062650558738043,-0.014224775930102355,,,cuVSLAM,,
1214,1761213161238,-116.67527258396149,-113.47697675228119,-348.938912153244,0.5114928474259639,-0.1135411937398053,0.0009312304836298767,,,cuVSLAM,,
1215,1761213161272,-115.74862897396088,-105.79286515712738,-343.67796778678894,0.5153692735642551,-0.11893926674134012,0.011286092492288595,,,cuVSLAM,,
1216,1761213161305,-114.74460363388062,-98.19529205560684,-337.8213942050934,0.5194037719005867,-0.12252771391459688,0.01794561116114461,,,cuVSLAM,,
1217,1761213161338,-113.68110775947571,-90.10070562362671,-332.2109580039978,0.5232251856006102,-0.12790707078241983,0.02993256010860125,,,cuVSLAM,,
1218,1761213161372,-112.35244572162628,-82.211434841156,-326.6880512237549,0.5269317175623581,-0.1323378724707756,0.04151772213122687,,,cuVSLAM,,
1219,1761213161405,-111.2821102142334,-74.311763048172,-321.22448086738586,0.5298987989402869,-0.136255818421616,0.0535622189227137,,,cuVSLAM,,
1220,1761213161438,-110.6535941362381,-66.1412924528122,-315.1954710483551,0.5317870341654017,-0.14005280453056312,0.06663007131458479,,,cuVSLAM,,
1221,1761213161472,-109.37806963920593,-55.948406457901,-310.0488781929016,0.5326032333168712,-0.1446764603704579,0.07674023763135074,,,cuVSLAM,,
1222,1761213161505,-109.40468311309814,-46.75471782684326,-303.88104915618896,0.5326076994424538,-0.14897093850337267,0.08696685327286052,,,cuVSLAM,,
1223,1761213161538,-110.06265878677368,-38.041070103645325,-299.0208864212036,0.5319150473816042,-0.1547317955050861,0.09679977420401234,,,cuVSLAM,,
1224,1761213161572,-111.03048920631409,-28.521299362182617,-293.3659255504608,0.5305936651385267,-0.16055321861272978,0.10532264982338875,,,cuVSLAM,,
1225,1761213161605,-113.44622075557709,-20.88642120361328,-287.31977939605713,0.5287540480838572,-0.1662202728600532,0.116507169198579,,,cuVSLAM,,
1226,1761213161638,-115.91383814811707,-12.793093919754028,-282.0201516151428,0.5267796841646458,-0.17292152810027786,0.12858228928725834,,,cuVSLAM,,
1227,1761213161672,-117.53454804420471,-3.9004385471343994,-277.77227759361267,0.5253641205961863,-0.180013583119199,0.13850657194353463,,,cuVSLAM,,
1228,1761213161705,-119.81944739818573,2.852708101272583,-273.5597789287567,0.5244575005680914,-0.185500863080547,0.14659206486444723,,,cuVSLAM,,
1229,1761213161738,-121.8804270029068,9.271010756492615,-269.3002223968506,0.5236868972164247,-0.19064548071875892,0.15766794794939787,,,cuVSLAM,,
1230,1761213161772,-123.2716292142868,15.820786356925964,-265.89226722717285,0.5231740012962204,-0.19519450298127042,0.1666277560757899,,,cuVSLAM,,
1231,1761213161805,-125.53051114082336,20.09919285774231,-262.57550716400146,0.5226434527766262,-0.1986901910740733,0.17427950076361856,,,cuVSLAM,,
1232,1761213161838,-127.49868631362915,23.95080029964447,-260.21015644073486,0.5217395809306776,-0.2020553938304794,0.18032991805286713,,,cuVSLAM,,
1233,1761213161872,-129.29552793502808,26.799514889717102,-258.32265615463257,0.5211362394157322,-0.20369163475569887,0.18229937278626118,,,cuVSLAM,,
1234,1761213161905,-131.16872310638428,28.406500816345215,-256.0601830482483,0.5208913438607127,-0.20482473436691703,0.1863056896176558,,,cuVSLAM,,
1235,1761213161938,-132.36816227436066,29.091835021972656,-255.29631972312927,0.5204977156740442,-0.20619557655470988,0.19162110870869628,,,cuVSLAM,,
1236,1761213161971,-133.05015861988068,28.322458267211914,-255.1659643650055,0.5199839718618569,-0.20535363894618303,0.19123434883043938,,,cuVSLAM,,
1237,1761213162005,-133.08647274971008,26.850298047065735,-255.5815577507019,0.5193475961416159,-0.2037144088770213,0.18854186237869294,,,cuVSLAM,,
1238,1761213162038,-132.7744722366333,24.050608277320862,-257.13202357292175,0.5187543752120549,-0.20194496194795225,0.18821377032650818,,,cuVSLAM,,
1239,1761213162071,-131.9333016872406,19.750148057937622,-259.1243386268616,0.5188884223439902,-0.19776237212554862,0.1827099500941591,,,cuVSLAM,,
1240,1761213162105,-130.4703652858734,14.4435316324234,-262.744665145874,0.5191650904742829,-0.1943948494579425,0.17668656349721887,,,cuVSLAM,,
1241,1761213162138,-128.62727046012878,8.471399545669556,-266.08604192733765,0.5191218007063244,-0.19045600643521396,0.1713400833021565,,,cuVSLAM,,
1242,1761213162171,-126.52885913848877,1.2912601232528687,-269.5436477661133,0.5191657182360616,-0.18503175630363033,0.16161170916299852,,,cuVSLAM,,
1243,1761213162205,-123.81596863269806,-6.091177463531494,-275.1193344593048,0.5186872936146284,-0.18205280432830756,0.1534584737977105,,,cuVSLAM,,
1244,1761213162238,-121.14174664020538,-14.125272631645203,-278.8802683353424,0.5174401481308393,-0.17748441495029457,0.14652364085512878,,,cuVSLAM,,
1245,1761213162271,-117.81138181686401,-22.39319682121277,-282.9478979110718,0.5157919975101832,-0.17230050722874743,0.1381392219510206,,,cuVSLAM,,
1246,1761213162305,-114.32032287120819,-30.728772282600403,-288.0737781524658,0.5129783793311689,-0.16916516605782722,0.13399159310737854,,,cuVSLAM,,
1247,1761213162338,-111.3361269235611,-39.69345986843109,-291.8727695941925,0.5090794662637109,-0.1671730670093884,0.13987668165135317,,,cuVSLAM,,
1248,1761213162371,-108.0598533153534,-49.51825737953186,-295.1766550540924,0.5053011373556101,-0.16294863670999907,0.1406209864611162,,,cuVSLAM,,
1249,1761213162405,-104.79278862476349,-59.43287909030914,-299.1243302822113,0.5002919594370304,-0.159504679677647,0.13973367071421777,,,cuVSLAM,,
1250,1761213162438,-102.39587724208832,-69.83810663223267,-302.9520511627197,0.4942042070453228,-0.15729508653667248,0.1430354320663111,,,cuVSLAM,,
1251,1761213162471,-100.58311372995377,-80.99377155303955,-306.25659227371216,0.4880486952725736,-0.15387794043483463,0.13954083161689468,,,cuVSLAM,,
1252,1761213162505,-100.02410411834717,-93.22883933782578,-309.9813163280487,0.4812960365550448,-0.15089508880244556,0.13101360125258016,,,cuVSLAM,,
1253,1761213162538,-100.29861330986023,-106.25337809324265,-314.78244066238403,0.4752804178152258,-0.15034038667169047,0.12581616097094975,,,cuVSLAM,,
1254,1761213162571,-101.35573148727417,-120.65392732620239,-319.6304738521576,0.4710286474495617,-0.15013408710395587,0.12036354674407376,,,cuVSLAM,,
1255,1761213162605,-102.76161879301071,-135.24577021598816,-324.24330711364746,0.46718126029822554,-0.15053105251066393,0.11579977537754818,,,cuVSLAM,,
1256,1761213162638,-104.0940210223198,-150.8156657218933,-328.5277485847473,0.46456864142864485,-0.1504718783137557,0.11147289973412712,,,cuVSLAM,,
1257,1761213162671,-104.61193323135376,-166.259303689003,-333.21332931518555,0.4629070131591626,-0.14958835180949454,0.10515448474119761,,,cuVSLAM,,
1258,1761213162705,-104.78949546813965,-182.57680535316467,-337.3803496360779,0.46136392827032285,-0.14800545669769935,0.10441153427842427,,,cuVSLAM,,
1259,1761213162738,-103.97805273532867,-198.48671555519104,-341.18205308914185,0.4606422763881853,-0.14432312140561485,0.10331705150882614,,,cuVSLAM,,
1260,1761213162771,-102.58015990257263,-214.43012356758118,-345.112681388855,0.4598139038735048,-0.1385629672982006,0.10118861010394009,,,cuVSLAM,,
1261,1761213162805,-100.84288567304611,-230.00052571296692,-349.528968334198,0.45920980992277655,-0.13305916010659505,0.09979642816932657,,,cuVSLAM,,
1262,1761213162838,-99.51034188270569,-245.9212988615036,-353.66591811180115,0.45916871428881445,-0.12800112732562458,0.09903685120981881,,,cuVSLAM,,
1263,1761213162871,-98.5526442527771,-261.99570298194885,-358.2492172718048,0.4604002667914523,-0.12350666723628624,0.09338945743838509,,,cuVSLAM,,
1264,1761213162904,-98.43572974205017,-278.42557430267334,-363.1690740585327,0.463450476238828,-0.12177776727964672,0.0858791323721463,,,cuVSLAM,,
1265,1761213162938,-99.45794939994812,-294.78228092193604,-368.7121570110321,0.46673948905387264,-0.12359553018940957,0.08066454561206472,,,cuVSLAM,,
1266,1761213162971,-101.66558623313904,-311.3412857055664,-374.153733253479,0.470841087463049,-0.1283925628794827,0.07905313142170974,,,cuVSLAM,,
1267,1761213163004,-104.3298989534378,-327.9442489147186,-379.44096326828003,0.4756468273270066,-0.13445416418397152,0.07816186404604522,,,cuVSLAM,,
1268,1761213163038,-107.01504349708557,-343.8299298286438,-383.5603892803192,0.4797812674795244,-0.13918185201237948,0.07511581430030724,,,cuVSLAM,,
1269,1761213163071,-109.54061150550842,-358.85459184646606,-388.17766308784485,0.48306511040218103,-0.14416827984225306,0.07189469252134022,,,cuVSLAM,,
1270,1761213163104,-112.17881739139557,-373.13705682754517,-391.52881503105164,0.4853457624253769,-0.14769938046793446,0.06582170882612438,,,cuVSLAM,,
1271,1761213163138,-113.99844288825989,-386.8054449558258,-395.776242017746,0.4861803627250257,-0.15064998775038388,0.05968585764430994,,,cuVSLAM,,
1272,1761213163171,-115.56574702262878,-399.9305069446564,-400.2223014831543,0.48547803567177966,-0.15262842578172348,0.057258437595810195,,,cuVSLAM,,
1273,1761213163204,-116.6011095046997,-411.8444323539734,-404.49902415275574,0.4837054289040217,-0.1524618968689101,0.048711523923882574,,,cuVSLAM,,
1274,1761213163238,-117.13773012161255,-422.86044359207153,-408.7043106555939,0.4813606832495382,-0.15159902795976615,0.04292840134983238,,,cuVSLAM,,
1275,1761213163271,-117.37106740474701,-434.18893218040466,-412.7635657787323,0.47906644213116933,-0.14960120003225466,0.03691964244134722,,,cuVSLAM,,
1276,1761213163304,-117.54679679870605,-443.7587261199951,-416.78017377853394,0.4772179289129309,-0.14828999500700343,0.030344285112787375,,,cuVSLAM,,
1277,1761213163338,-117.48681962490082,-452.88902521133423,-420.5200672149658,0.4759863794220471,-0.14696566853994086,0.025942330594633564,,,cuVSLAM,,
1278,1761213163371,-116.90445244312286,-461.13136410713196,-423.7120449542999,0.4754021084522401,-0.14329116800727873,0.01572744905614434,,,cuVSLAM,,
1279,1761213163404,-115.25025963783264,-470.4010486602783,-427.5263547897339,0.4760397818464729,-0.13930149160454258,0.007867990230296116,,,cuVSLAM,,
1280,1761213163438,-113.58765512704849,-475.8729040622711,-425.90826749801636,0.4759558232584283,-0.13272500173249757,0.007266958543050708,,,cuVSLAM,,
1281,1761213163471,-111.11034452915192,-479.041188955307,-427.697092294693,0.47534344348877494,-0.12547063714678222,-0.0030528454742556966,,,cuVSLAM,,
1282,1761213163504,-108.42902958393097,-480.4718494415283,-428.5801649093628,0.4740749697281533,-0.11883029144422169,-0.008447215696942394,,,cuVSLAM,,
1283,1761213163538,-105.69720715284348,-479.913204908371,-428.89028787612915,0.4720812912334878,-0.11366630268803894,-0.007588932464957165,,,cuVSLAM,,
1284,1761213163571,-102.62271761894226,-478.47244143486023,-428.53978276252747,0.46995489845883703,-0.10773120894356707,-0.008551454373697418,,,cuVSLAM,,
1285,1761213163604,-99.63516145944595,-475.0436246395111,-427.60732769966125,0.46871569145349534,-0.10308186507745173,-0.008829949874317117,,,cuVSLAM,,
1286,1761213163638,-96.93592041730881,-470.3335165977478,-426.0520040988922,0.46778542879842455,-0.09986342354228495,-0.008100593942405941,,,cuVSLAM,,
1287,1761213163671,-94.37847137451172,-464.9113416671753,-423.81414771080017,0.4679427002421883,-0.09643856656879993,-0.012887742546620451,,,cuVSLAM,,
1288,1761213163704,-92.24215149879456,-458.17428827285767,-420.8577275276184,0.46949490292853546,-0.09491909865670745,-0.009752027378176776,,,cuVSLAM,,
1289,1761213163738,-90.14914929866791,-450.6205916404724,-417.0202612876892,0.4725539463720009,-0.09280347338478824,-0.006685653610253731,,,cuVSLAM,,
1290,1761213163771,-87.84474432468414,-442.1062469482422,-412.63359785079956,0.4765679542460266,-0.08982948604688916,-0.010072982198325111,,,cuVSLAM,,
1291,1761213163804,-86.34433895349503,-431.9007992744446,-407.9972207546234,0.4802073461477363,-0.09083418034770943,-0.00154090369774883,,,cuVSLAM,,
1292,1761213163838,-85.12759953737259,-420.4856753349304,-402.1570682525635,0.4838859781556474,-0.09246778515094195,0.011393286415454347,,,cuVSLAM,,
1293,1761213163871,-83.48671346902847,-408.3159863948822,-395.87053656578064,0.4869800365072121,-0.09129646708309234,0.010671702873551793,,,cuVSLAM,,
1294,1761213163904,-82.26429671049118,-394.92067694664,-389.6418809890747,0.4897071720463826,-0.09294185144659321,0.011941241710669123,,,cuVSLAM,,
1295,1761213163937,-81.56044781208038,-381.41322135925293,-382.76389241218567,0.49332377040891634,-0.0958987239718462,0.0192523054711936,,,cuVSLAM,,
1296,1761213163971,-80.48619329929352,-367.432564496994,-375.2908408641815,0.497045591265717,-0.09628008374379468,0.016667624138155628,,,cuVSLAM,,
1297,1761213164004,-80.39410412311554,-353.00034284591675,-367.68075823783875,0.50047280077569,-0.10068255651652631,0.02253437382863591,,,cuVSLAM,,
1298,1761213164037,-80.8979719877243,-338.0258083343506,-359.7639203071594,0.5034875544349902,-0.10711256005178253,0.033676366638588195,,,cuVSLAM,,
1299,1761213164071,-81.16744458675385,-322.43573665618896,-351.62869095802307,0.5058456174860079,-0.1119781466604377,0.03807528980221534,,,cuVSLAM,,
1300,1761213164104,-81.94476366043091,-306.47799372673035,-342.53478050231934,0.5075287763378917,-0.11775095641584286,0.04568379758517248,,,cuVSLAM,,
1301,1761213164137,-82.90579169988632,-289.2087697982788,-333.5364758968353,0.5078097058212657,-0.12540584611466796,0.05923119425403186,,,cuVSLAM,,
1302,1761213164171,-83.7436243891716,-271.69036865234375,-324.58218932151794,0.5066696238322456,-0.13188152845054849,0.06945737700738593,,,cuVSLAM,,
1303,1761213164204,-84.76117253303528,-253.9687156677246,-315.29557704925537,0.504784327844255,-0.1374808028110381,0.07582629082269635,,,cuVSLAM,,
1304,1761213164237,-86.13170683383942,-236.02305352687836,-305.8969974517822,0.5022604375065829,-0.14381552208876888,0.08647305421028756,,,cuVSLAM,,
1305,1761213164271,-87.47310936450958,-218.75926852226257,-296.2896227836609,0.5004288756279718,-0.14845099476666535,0.09275290011721204,,,cuVSLAM,,
1306,1761213164304,-89.55952525138855,-201.62123441696167,-286.7497205734253,0.4994988171179713,-0.15521992271680207,0.10384684282692917,,,cuVSLAM,,
1307,1761213164337,-91.62257611751556,-184.76662039756775,-278.7262201309204,0.49870298756869275,-0.16436393843170788,0.12035798393085317,,,cuVSLAM,,
1308,1761213164371,-93.92915666103363,-170.10730504989624,-269.91331577301025,0.4985384068271728,-0.1719290278075897,0.1355556851122609,,,cuVSLAM,,
1309,1761213164404,-96.03938460350037,-156.53428435325623,-260.76799631118774,0.49925715108763846,-0.17816350094885142,0.15091976111689165,,,cuVSLAM,,
1310,1761213164437,-97.88701683282852,-140.83093404769897,-252.35015153884888,0.49945509638007574,-0.18575768057384706,0.17166505642164478,,,cuVSLAM,,
1311,1761213164471,-98.81008416414261,-123.51924180984497,-243.43256652355194,0.4989879552710377,-0.19222363647851276,0.19449015409485654,,,cuVSLAM,,
1312,1761213164504,-99.30327534675598,-110.0861132144928,-234.7251921892166,0.4979815335785196,-0.1947127748986637,0.2133755008402638,,,cuVSLAM,,
1313,1761213164537,-98.68839383125305,-93.43922138214111,-226.45841538906097,0.4956514081744172,-0.197687595232253,0.23490189191998193,,,cuVSLAM,,
1314,1761213164571,-97.22817689180374,-79.89075779914856,-219.1247195005417,0.49269286850040267,-0.19877173154054134,0.258309491255341,,,cuVSLAM,,
1315,1761213164604,-95.55485844612122,-69.02101635932922,-211.09093725681305,0.4894257020934753,-0.196882474726455,0.27967037568225306,,,cuVSLAM,,
1316,1761213164637,-93.92884373664856,-58.936454355716705,-204.9321085214615,0.485482847292106,-0.19613356052782369,0.3031623583531806,,,cuVSLAM,,
1317,1761213164671,-91.31638705730438,-44.29422318935394,-197.43764400482178,0.48295623631542256,-0.19562192988178626,0.3211818038622001,,,cuVSLAM,,
1318,1761213164704,-89.43934738636017,-31.437594443559647,-191.62902235984802,0.47942235237851466,-0.19590254422919992,0.3372972350448105,,,cuVSLAM,,
1319,1761213164737,-88.36209028959274,-18.660902976989746,-186.06604635715485,0.4754029691513359,-0.19740057726999527,0.35739948683121703,,,cuVSLAM,,
1320,1761213164771,-87.5239148736,-9.93126630783081,-181.2264323234558,0.47191980763596925,-0.1972724387975442,0.3749973692813293,,,cuVSLAM,,
1321,1761213164804,-86.79741621017456,-1.2440532445907593,-178.40737104415894,0.4679607947487042,-0.19811659095915307,0.38813537101710266,,,cuVSLAM,,
1322,1761213164837,-86.91960573196411,7.730551064014435,-173.88774454593658,0.4636657083993336,-0.19913863468385626,0.40370692681854253,,,cuVSLAM,,
1323,1761213164871,-87.03650534152985,13.32872360944748,-171.45979404449463,0.45950801727166246,-0.19923916761035784,0.4118477532755735,,,cuVSLAM,,
1324,1761213164904,-87.24787831306458,19.508585333824158,-169.6840524673462,0.4550301866684736,-0.19889926308667188,0.4133650857000265,,,cuVSLAM,,
1325,1761213164937,-87.47351169586182,23.85956048965454,-170.525461435318,0.45009696629788865,-0.20072641235341626,0.42185835614604206,,,cuVSLAM,,
1326,1761213164971,-87.23918348550797,27.383953332901,-170.7107573747635,0.4459257311704172,-0.19915139065559653,0.4232347210712478,,,cuVSLAM,,
1327,1761213165004,-86.69939637184143,27.930818498134613,-170.61778903007507,0.4414413826680625,-0.19497058501287887,0.4207408893593738,,,cuVSLAM,,
1328,1761213165038,-85.73907613754272,28.449110686779022,-172.662615776062,0.43620722606537965,-0.19284791349728775,0.4241989525049939,,,cuVSLAM,,
1329,1761213165071,-83.7748795747757,28.157435357570648,-173.25162887573242,0.43171861112315024,-0.18563561961626487,0.4172890292132167,,,cuVSLAM,,
1330,1761213165104,-81.29963278770447,24.101220071315765,-176.67965590953827,0.4276588726031717,-0.17905178023248086,0.405025919362462,,,cuVSLAM,,
1331,1761213165138,-79.2585015296936,19.250206649303436,-179.79080975055695,0.42364607083568273,-0.17460581622487228,0.3987418768532125,,,cuVSLAM,,
1332,1761213165171,-77.02222466468811,12.206055223941803,-181.92562460899353,0.42028024095443445,-0.16822694124931226,0.38665283088564906,,,cuVSLAM,,
1333,1761213165205,-75.21834969520569,4.384167492389679,-185.00971794128418,0.41679107306224333,-0.1634219390812047,0.37122679341530146,,,cuVSLAM,,
1334,1761213165238,-74.0850642323494,-4.0203481912612915,-188.2193386554718,0.4130670386221778,-0.16035093088357127,0.36018611842597265,,,cuVSLAM,,
1335,1761213165271,-72.90403544902802,-12.92584091424942,-189.44023549556732,0.40932803751953567,-0.15546492452635943,0.34751527505060514,,,cuVSLAM,,
1336,1761213165305,-71.85888290405273,-22.685043513774872,-192.77432560920715,0.4049527905622044,-0.15103110807045622,0.3289941282364121,,,cuVSLAM,,
1337,1761213165338,-70.6234872341156,-32.1798175573349,-198.29677045345306,0.40009635729498594,-0.1482599732566519,0.3145295809629897,,,cuVSLAM,,
1338,1761213165372,-69.51025873422623,-41.51318967342377,-200.52239298820496,0.3964285476491065,-0.14326219853816868,0.3050230598904344,,,cuVSLAM,,
1339,1761213165405,-67.65051186084747,-52.55238339304924,-203.71395349502563,0.39395638371755076,-0.13685657140366042,0.2890490048844359,,,cuVSLAM,,
1340,1761213165438,-65.58752059936523,-63.612647354602814,-207.73018896579742,0.3920816213353543,-0.13097864530038464,0.2775428607674705,,,cuVSLAM,,
1341,1761213165472,-62.705330550670624,-74.60300624370575,-211.54436469078064,0.3918884973491462,-0.12382268027039442,0.26443128439996344,,,cuVSLAM,,
1342,1761213165505,-59.7885362803936,-87.34935522079468,-215.54595232009888,0.39334107701218823,-0.115653751770439,0.2469241149724716,,,cuVSLAM,,
1343,1761213165539,-57.19080567359924,-97.71482646465302,-220.45396268367767,0.3952284751799207,-0.10999911619417954,0.23113813512979878,,,cuVSLAM,,
1344,1761213165572,-55.01500517129898,-110.67147552967072,-225.46982765197754,0.39894413759818204,-0.10491084819073121,0.21619788679886426,,,cuVSLAM,,
1345,1761213165605,-53.364723920822144,-123.11960756778717,-230.96203804016113,0.40369271316227245,-0.10139769135417698,0.20298953294343575,,,cuVSLAM,,
1346,1761213165639,-52.32492834329605,-135.45849919319153,-236.7609739303589,0.409460627635941,-0.09940754250568298,0.19077758070252604,,,cuVSLAM,,
1347,1761213165672,-51.476649940013885,-148.37351441383362,-242.02699959278107,0.41627304553872885,-0.09745307175289561,0.17882824543083548,,,cuVSLAM,,
1348,1761213165706,-50.84079131484032,-160.53715348243713,-247.74593114852905,0.42336861339122683,-0.09610962057066148,0.16859732905197927,,,cuVSLAM,,
1349,1761213165739,-50.55618658661842,-172.6873815059662,-252.33766436576843,0.43017502217809195,-0.09406615186619631,0.16018544237112683,,,cuVSLAM,,
1350,1761213165773,-50.15069991350174,-184.91268157958984,-256.4702332019806,0.43651227908827855,-0.0915363495841869,0.15170623881845358,,,cuVSLAM,,
1351,1761213165806,-49.690306186676025,-195.47438621520996,-260.90532541275024,0.44239838756069916,-0.0895474506458547,0.14483104411960993,,,cuVSLAM,,
1352,1761213165839,-49.23560470342636,-205.2709460258484,-264.3371522426605,0.4476211673640433,-0.08607925192381435,0.13653770383857486,,,cuVSLAM,,
1353,1761213165873,-48.86246472597122,-213.9367163181305,-268.3647871017456,0.45212106948830794,-0.08425470177580355,0.13233372298622467,,,cuVSLAM,,
1354,1761213165906,-48.92697185277939,-222.09563851356506,-271.7307209968567,0.4556480951186595,-0.08280365838587449,0.12838123752527597,,,cuVSLAM,,
1355,1761213165939,-49.00912195444107,-229.38627004623413,-274.90538358688354,0.45846224605668806,-0.08133509719591794,0.12091392256184279,,,cuVSLAM,,
1356,1761213165973,-49.345456063747406,-235.58223247528076,-278.32281589508057,0.46162161710778615,-0.08130630664282332,0.1168688769776274,,,cuVSLAM,,
1357,1761213166006,-49.94926229119301,-241.77071452140808,-281.40580654144287,0.46494509841441695,-0.08175383954504409,0.11503014995378391,,,cuVSLAM,,
1358,1761213166040,-50.44715479016304,-246.7367649078369,-284.8226726055145,0.4684158708589362,-0.08232178798899545,0.1110975093864732,,,cuVSLAM,,
1359,1761213166073,-51.060378551483154,-251.66621804237366,-287.9953682422638,0.47195668472297864,-0.08356557081502775,0.11140979433296622,,,cuVSLAM,,
1360,1761213166106,-51.900409162044525,-256.53523206710815,-290.709525346756,0.47516485876281617,-0.08579990691116404,0.11641842560224014,,,cuVSLAM,,
1361,1761213166140,-52.60620638728142,-260.2047324180603,-292.81294345855713,0.4780592330863416,-0.0867043910333759,0.11464459841784715,,,cuVSLAM,,
1362,1761213166173,-53.27873304486275,-262.98075914382935,-295.0553297996521,0.4812204590265508,-0.08802692790657075,0.11419337265489775,,,cuVSLAM,,
1363,1761213166206,-53.75300347805023,-265.7230794429779,-296.86740040779114,0.48350538325928677,-0.08948411548869395,0.11627549043936364,,,cuVSLAM,,
1364,1761213166240,-53.85061353445053,-268.25717091560364,-297.9216277599335,0.4846743169337304,-0.08897213640005378,0.11266335439791848,,,cuVSLAM,,
1365,1761213166273,-53.883522748947144,-270.19551396369934,-298.9479899406433,0.4856003634947661,-0.08913675548898839,0.11206953213952883,,,cuVSLAM,,
1366,1761213166306,-53.906988352537155,-271.11274003982544,-299.5404899120331,0.48580862247609286,-0.08951044859176538,0.1136119497668833,,,cuVSLAM,,
1367,1761213166340,-53.967028856277466,-271.9876170158386,-299.58808422088623,0.48534677081045163,-0.0891946007651135,0.11340778151363068,,,cuVSLAM,,
1368,1761213166373,-53.967028856277466,-271.9876170158386,-299.58808422088623,0.4853461958843085,-0.08919439780068024,0.11340798199583149,,,cuVSLAM,,
1369,1761213166406,-54.31117117404938,-271.70103788375854,-299.2405295372009,0.48308131473239174,-0.08881140450161736,0.11093394132082798,,,cuVSLAM,,
1370,1761213166440,-54.61890622973442,-271.16769552230835,-299.2530167102814,0.4813512623990886,-0.08911508982920018,0.10947051779681649,,,cuVSLAM,,
1371,1761213166473,-54.90795522928238,-271.1797058582306,-299.2849349975586,0.48018692222813186,-0.08942433401772494,0.11034176060871029,,,cuVSLAM,,
1372,1761213166507,-55.103495717048645,-271.0820734500885,-299.58993196487427,0.4793919283703857,-0.08982329664497471,0.1118753833671545,,,cuVSLAM,,
1373,1761213166540,-55.25630712509155,-271.15851640701294,-299.713134765625,0.4788404464645402,-0.08944713166486311,0.1099211106100113,,,cuVSLAM,,
1374,1761213166573,-55.27322739362717,-271.748811006546,-300.539493560791,0.4787684712150685,-0.08964200146067834,0.10919718859839783,,,cuVSLAM,,
1375,1761213166607,-55.27322739362717,-271.748811006546,-300.539493560791,0.4787677966569486,-0.089641816438813,0.1091973513301789,,,cuVSLAM,,
1376,1761213166640,-55.32844364643097,-273.0167806148529,-302.35767364501953,0.47965055322554806,-0.09000616993725676,0.10948840280508516,,,cuVSLAM,,
1377,1761213166673,-55.4879754781723,-273.8388478755951,-303.3069372177124,0.48024763486357314,-0.09026856413581652,0.10674118362300626,,,cuVSLAM,,
1378,1761213166707,-56.01085349917412,-274.84330534935,-304.12572622299194,0.48122907524085873,-0.09155408698345126,0.10800339713285273,,,cuVSLAM,,
1379,1761213166740,-56.49004131555557,-275.5480110645294,-305.13519048690796,0.4820094050996854,-0.09219405405110795,0.10687198589185129,,,cuVSLAM,,
1380,1761213166774,-56.99170380830765,-276.6478359699249,-305.79787492752075,0.4827136274121909,-0.09281066507809438,0.10503694722867395,,,cuVSLAM,,
1381,1761213166807,-57.85481259226799,-277.34115719795227,-307.07550048828125,0.4836170263410251,-0.09438118321677606,0.10512545882754935,,,cuVSLAM,,
1382,1761213166840,-58.530375361442566,-278.354674577713,-308.0722391605377,0.4845114262576433,-0.09546794783421822,0.10421524430719198,,,cuVSLAM,,
1383,1761213166874,-59.45809185504913,-279.5601487159729,-308.94407629966736,0.48605913402331247,-0.09646453077170213,0.1019202423019725,,,cuVSLAM,,
1384,1761213166907,-60.57417392730713,-281.41579031944275,-309.7379505634308,0.4881855790343993,-0.09733063400008275,0.10012851082572331,,,cuVSLAM,,
1385,1761213166940,-61.77353486418724,-283.65015983581543,-310.46348810195923,0.49104057156175424,-0.09868011014458193,0.09925621411302954,,,cuVSLAM,,
1386,1761213166974,-63.06295841932297,-285.6886088848114,-311.63468956947327,0.49434553721825447,-0.10076821657034588,0.09732927941653927,,,cuVSLAM,,
1387,1761213167007,-64.31438028812408,-288.2310450077057,-312.3672604560852,0.49747568180505186,-0.10284617708481952,0.09732621084480143,,,cuVSLAM,,
1388,1761213167040,-65.53532183170319,-291.39119386672974,-312.8564953804016,0.501223508240999,-0.10458861902135494,0.0976822068712206,,,cuVSLAM,,
1389,1761213167074,-66.72969460487366,-294.085830450058,-314.0295147895813,0.5058588637337599,-0.10738959366540553,0.09910310136263795,,,cuVSLAM,,
1390,1761213167107,-68.21133196353912,-296.4250147342682,-314.5655393600464,0.5101407965091024,-0.11001619756580258,0.09934904386768982,,,cuVSLAM,,
1391,1761213167140,-69.71140205860138,-298.12300205230713,-317.84722208976746,0.5137609589365525,-0.11429413603101529,0.09827682461718003,,,cuVSLAM,,
1392,1761213167174,-70.08186727762222,-304.69799041748047,-319.10136342048645,0.5180069601496172,-0.11644731220513273,0.10298477892660025,,,cuVSLAM,,
1393,1761213167207,-71.4353546500206,-306.65072798728943,-320.0869560241699,0.5224481145774693,-0.12022886347679386,0.10922820234547657,,,cuVSLAM,,
1394,1761213167240,-72.83009588718414,-308.3534836769104,-321.91646099090576,0.5258940491496544,-0.12414558337015932,0.11373943009759578,,,cuVSLAM,,
1395,1761213167273,-74.61187243461609,-309.35513973236084,-322.6945102214813,0.5279363901464308,-0.12928385437854076,0.12551819449604426,,,cuVSLAM,,
1396,1761213167307,-76.65015757083893,-309.7470700740814,-323.4764337539673,0.5289434663412198,-0.1360942344205123,0.14185068577323998,,,cuVSLAM,,
1397,1761213167340,-79.56304401159286,-309.0924322605133,-323.76936078071594,0.5287343528502998,-0.1456962942095923,0.16613537083213215,,,cuVSLAM,,
1398,1761213167373,-83.09099078178406,-308.12156200408936,-324.37387108802795,0.5270908178331952,-0.15729280750771876,0.19691727729110348,,,cuVSLAM,,
1399,1761213167407,-87.00330555438995,-307.37683176994324,-324.85491037368774,0.5242652632023158,-0.16928885946962705,0.23060904952708455,,,cuVSLAM,,
1400,1761213167440,-90.76433628797531,-307.07094073295593,-325.3641128540039,0.5213730565942042,-0.17996632012024308,0.2597382961158648,,,cuVSLAM,,
1401,1761213167473,-96.22056782245636,-305.2160441875458,-323.8464295864105,0.5179720439361405,-0.19044295410275183,0.29141803922421466,,,cuVSLAM,,
1402,1761213167507,-101.0611355304718,-302.52495408058167,-324.43150877952576,0.5132916671268453,-0.20434198746339435,0.3319125788311927,,,cuVSLAM,,
1403,1761213167540,-104.5372262597084,-302.48433351516724,-325.4238963127136,0.5082979568947278,-0.2154305212034535,0.36603723228913654,,,cuVSLAM,,
1404,1761213167573,-108.61379653215408,-300.5739450454712,-325.21769404411316,0.5026239096812919,-0.2244901439294618,0.39333841476562925,,,cuVSLAM,,
1405,1761213167607,-112.49157786369324,-298.4957695007324,-325.91283321380615,0.49502590003408525,-0.23521381212819611,0.4277597484268343,,,cuVSLAM,,
1406,1761213167640,-114.95655030012131,-297.0445454120636,-326.4758884906769,0.4877869471052016,-0.24081262569384476,0.4477848200830407,,,cuVSLAM,,
1407,1761213167673,-117.27254092693329,-294.90208625793457,-325.6129026412964,0.480499929124389,-0.24277646528217425,0.4585368916939621,,,cuVSLAM,,
1408,1761213167707,-118.68074536323547,-292.354553937912,-324.82555508613586,0.47348112337603526,-0.24305528940424448,0.4641262835604446,,,cuVSLAM,,
