Frame,Timestamp,Translation_X,Translation_Y,Translation_Z,Rotation_X,Rotation_Y,Rotation_Z,Pose_Confidence,Tracking_State,Spatial_Memory,Odometry,Tracking_Fusion
0,1761212579049,0.0,0.0,0.0,0.0,0.0,0.0,100,OK,INITIALIZING,OK,INERTIAL
1,1761212579066,0.0,0.0,0.0,0.0,0.0,0.0,100,OK,INITIALIZING,OK,INERTIAL
2,1761212579082,0.0,0.0,0.0,0.0,0.0,0.0,100,OK,INITIALIZING,OK,VISUAL_INERTIAL
3,1761212579099,0.025961351639125496,-0.05438715379568748,0.017632370145292953,5.010235690861009e-05,2.043040694843512e-05,6.7854080043616705e-06,100,OK,INITIALIZING,OK,VISUAL_INERTIAL
4,1761212579116,-0.005457602583192056,-0.02565110662544612,0.0518322667630855,6.430968642234802e-05,1.2197302567074075e-05,2.409854278084822e-05,100,OK,INITIALIZING,OK,VISUAL_INERTIAL
5,1761212579132,-0.026987450837623328,-0.006711239166179439,0.08786281250650063,0.00011706911027431488,2.3460897864424624e-05,6.0460824897745624e-05,100,OK,INITIALIZING,OK,VISUAL_INERTIAL
6,1761212579149,-0.05472648990689777,0.019258854081272148,0.1186868321383372,0.00016558170318603516,3.077052679145709e-05,0.00010015503357863054,100,OK,INITIALIZING,OK,VISUAL_INERTIAL
7,1761212579166,-0.06920802843524143,0.03180380372214131,0.15333897317759693,0.0002064080908894539,3.331550396978855e-05,0.00011458069639047608,100,OK,INITIALIZING,OK,VISUAL_INERTIAL
8,1761212579182,-0.0883566535776481,0.053934636525809765,0.18280796939507127,0.00021553132683038712,2.5742878278833814e-05,0.00011928129242733121,100,OK,INITIALIZING,OK,VISUAL_INERTIAL
9,1761212579199,-0.08503151912009344,0.0684656624798663,0.20800506172236055,0.00021337345242500305,1.3643239981320221e-05,0.00010461304918862879,100,OK,INITIALIZING,OK,VISUAL_INERTIAL
10,1761212579216,-0.06924347690073773,0.06391422357410192,0.20938494708389044,0.0001996811479330063,-1.8972486941493116e-06,4.673898729379289e-05,100,OK,INITIALIZING,OK,VISUAL_INERTIAL
11,1761212579232,-0.06924347690073773,0.06391422357410192,0.20938494708389044,0.0001996811479330063,-1.8972486941493116e-06,4.673898729379289e-05,100,OK,INITIALIZING,OK,VISUAL_INERTIAL
12,1761212579249,-0.04731827357318252,0.005368757683754666,0.1549392327433452,0.00018928106874227524,-8.805148354440462e-06,-1.2470562069211155e-05,100,OK,INITIALIZING,OK,VISUAL_INERTIAL
13,1761212579266,-0.013660857803188264,-0.0006847912459306826,0.13648807362187654,0.0001737978309392929,1.4798930578763247e-06,-1.7595373719814233e-05,100,OK,INITIALIZING,OK,VISUAL_INERTIAL
14,1761212579282,-0.009127106750383973,0.01309023627982242,0.11843472020700574,0.00014159921556711197,2.3313300516747404e-06,-7.343226570810657e-06,100,OK,INITIALIZING,OK,VISUAL_INERTIAL
15,1761212579299,-0.007174916390795261,0.02847160430974327,0.10322519665351138,0.00010766461491584778,8.174881259037647e-06,1.3195540304877795e-05,100,OK,INITIALIZING,OK,VISUAL_INERTIAL
16,1761212579316,-0.01222222090291325,0.053014573495602235,0.08411378803430125,8.041225373744965e-05,1.9001445252797566e-05,3.94878770748619e-05,100,OK,INITIALIZING,OK,VISUAL_INERTIAL
17,1761212579332,-0.01222222090291325,0.053014573495602235,0.08411378803430125,8.041225373744965e-05,1.9001445252797566e-05,3.94878770748619e-05,100,OK,INITIALIZING,OK,VISUAL_INERTIAL
18,1761212579349,-0.04180904579698108,0.05343785960576497,0.11420201190048829,0.0001233899820363149,1.1285494110779837e-05,4.756819544127211e-05,100,OK,INITIALIZING,OK,VISUAL_INERTIAL
19,1761212579366,-0.052547351515386254,0.045464348659152165,0.12536367285065353,0.00014658551663160324,1.3373570254771039e-05,4.421331323101185e-05,100,OK,INITIALIZING,OK,VISUAL_INERTIAL
20,1761212579382,-0.04957461351295933,0.06576245505129918,0.13431027764454484,0.00013604106788989156,3.026065678568557e-05,3.661130176624283e-05,100,OK,INITIALIZING,OK,VISUAL_INERTIAL
21,1761212579399,-0.03019267023773864,0.05862824764335528,0.1397932501276955,0.00014269165694713593,5.096929453429766e-05,2.2776137484470382e-05,100,OK,INITIALIZING,OK,VISUAL_INERTIAL
22,1761212579416,-0.00422110360887018,0.07305647159228101,0.1392687117913738,0.00013249274343252182,6.715300696669146e-05,1.4256666872825008e-05,100,OK,INITIALIZING,OK,VISUAL_INERTIAL
23,1761212579432,0.0036730650663230335,0.05216303179622628,0.13116189802531153,0.00012681072985287756,5.473257624544203e-05,7.171805918915197e-06,100,OK,INITIALIZING,OK,VISUAL_INERTIAL
24,1761212579449,0.017277065126108937,0.038505422708112746,0.11484850256238133,0.00010744575411081314,4.2461437260499224e-05,6.061332896933891e-06,100,OK,INITIALIZING,OK,VISUAL_INERTIAL
25,1761212579466,0.027929852876695804,0.03586761886253953,0.103925442090258,8.778087794780731e-05,3.534182906150818e-05,-2.768514832496294e-06,100,OK,INITIALIZING,OK,VISUAL_INERTIAL
26,1761212579482,0.02726878665271215,0.04887423710897565,0.0888333743205294,6.749667227268219e-05,4.157232615398243e-05,-1.7290700498051592e-06,100,OK,INITIALIZING,OK,VISUAL_INERTIAL
27,1761212579499,0.027844851501868106,0.05214075281401165,0.0854454337968491,7.08485022187233e-05,5.620231240754947e-05,6.49251614959212e-06,100,OK,INITIALIZING,OK,VISUAL_INERTIAL
28,1761212579516,-0.0020007485090900445,0.05608729406958446,0.10732840746641159,0.00010404828935861588,6.757384107913822e-05,4.053100201417692e-05,100,OK,INITIALIZING,OK,VISUAL_INERTIAL
29,1761212579532,-0.055230932048289105,0.04516321496339515,0.1378100860165432,0.0001528365392005071,5.574884926318191e-05,7.39569150027819e-05,100,OK,INITIALIZING,OK,VISUAL_INERTIAL
30,1761212579549,-0.05552489164983854,0.0500182322866749,0.1790064270608127,0.0001975344493985176,6.350117473630235e-05,8.165001781890169e-05,100,OK,INITIALIZING,OK,VISUAL_INERTIAL
31,1761212579566,-0.06587861571460962,0.06608373223571107,0.1995848142541945,0.0002024015411734581,6.493870751000941e-05,7.700995774939656e-05,100,OK,INITIALIZING,OK,VISUAL_INERTIAL
32,1761212579582,-0.06026212577125989,0.06486284109996632,0.22358857677318156,0.00020137149840593338,6.527278310386464e-05,6.09665694355499e-05,100,OK,INITIALIZING,OK,VISUAL_INERTIAL
33,1761212579599,-0.024243367079179734,0.07341415039263666,0.21714085596613586,0.0001904582604765892,8.157575939549133e-05,6.031206066836603e-05,100,OK,INITIALIZING,OK,VISUAL_INERTIAL
34,1761212579616,-0.03455971818766557,0.10363759793108329,0.21131183893885463,0.0001650061458349228,8.374849858228117e-05,6.835889507783577e-05,100,OK,INITIALIZING,OK,VISUAL_INERTIAL
35,1761212579632,-0.03454683974268846,0.1158062441390939,0.20142139692325145,0.00015668757259845734,9.466903429711238e-05,7.744348840788007e-05,100,OK,INITIALIZING,OK,VISUAL_INERTIAL
36,1761212579649,-0.03454683974268846,0.1158062441390939,0.20142139692325145,0.00015668757259845734,9.466903429711238e-05,7.744348840788007e-05,100,OK,INITIALIZING,OK,VISUAL_INERTIAL
37,1761212579666,-0.019469644030323252,0.06597788888029754,0.19438265007920563,0.00017219316214323044,0.00010488516272744164,6.63740502204746e-05,100,OK,INITIALIZING,OK,VISUAL_INERTIAL
38,1761212579682,0.00541252802577219,0.0683147445670329,0.18298006034456193,0.00015580561012029648,0.00010544277029111981,4.633977005141787e-05,100,OK,INITIALIZING,OK,VISUAL_INERTIAL
39,1761212579699,0.02352872434130404,0.0692621833877638,0.1754295954015106,0.0001472504809498787,0.0001009894476737827,3.2587573514319956e-05,100,OK,INITIALIZING,OK,VISUAL_INERTIAL
40,1761212579716,0.028830889277742244,0.01806829277484212,0.1571292959852144,0.00019360985606908798,9.611775021767244e-05,1.9132989109493792e-05,100,OK,INITIALIZING,OK,VISUAL_INERTIAL
41,1761212579732,0.009617055184207857,0.05438146399683319,0.14540688425768167,0.00018456857651472092,7.881491910666227e-05,4.117107891943306e-06,100,OK,INITIALIZING,OK,VISUAL_INERTIAL
42,1761212579749,-0.0035758712328970432,0.032134812499862164,0.14645500050392002,0.00021373014897108078,7.384011405520141e-05,-2.525317995605292e-06,100,OK,INITIALIZING,OK,VISUAL_INERTIAL
43,1761212579766,-0.013198921806178987,0.04187530794297345,0.15124058700166643,0.0002192435786128044,8.18755361251533e-05,1.586558937560767e-05,100,OK,INITIALIZING,OK,VISUAL_INERTIAL
44,1761212579782,-0.016082023648777977,0.03772337004193105,0.15335032367147505,0.0002151690423488617,8.064715075306594e-05,2.2096133761806414e-05,100,OK,INITIALIZING,OK,VISUAL_INERTIAL
45,1761212579799,-0.014889941667206585,0.034641005186131224,0.1665632298681885,0.00021199228649493307,8.003712719073519e-05,3.131984703941271e-05,100,OK,INITIALIZING,OK,VISUAL_INERTIAL
46,1761212579816,-0.012335847713984549,0.055625780078116804,0.178941831109114,0.00019227713346481323,9.530020179226995e-05,4.01784127461724e-05,100,OK,INITIALIZING,OK,VISUAL_INERTIAL
47,1761212579832,-0.022256306692725047,0.09011576912598684,0.18612061103340238,0.00015858840197324753,9.210895223077387e-05,5.735298327635974e-05,100,OK,INITIALIZING,OK,VISUAL_INERTIAL
48,1761212579849,-0.01664885894570034,0.09301822137786075,0.18157693557441235,0.00015492364764213562,9.96660819509998e-05,7.266423926921561e-05,100,OK,INITIALIZING,OK,VISUAL_INERTIAL
49,1761212579866,-0.023588911062688567,0.09161299385596067,0.16967191186267883,0.00014436990022659302,0.00010126947745447978,7.679223926970735e-05,100,OK,INITIALIZING,OK,VISUAL_INERTIAL
50,1761212579882,-0.03423290036153048,0.1007494138320908,0.1582356489961967,0.00013026129454374313,9.803708962863311e-05,8.103952131932601e-05,100,OK,INITIALIZING,OK,VISUAL_INERTIAL
51,1761212579899,-0.040301416447618976,0.09979005699278787,0.14560118142981082,0.00011686607467709109,9.618575859349221e-05,7.723685121163726e-05,100,OK,INITIALIZING,OK,VISUAL_INERTIAL
52,1761212579916,-0.027873682483914308,0.07088596612447873,0.13278248661663383,0.00011759530752897263,0.00010043508518720046,6.260852387640625e-05,100,OK,INITIALIZING,OK,VISUAL_INERTIAL
53,1761212579932,-0.01944308496604208,0.0782236602390185,0.1337148860329762,0.00010133905743714422,0.00010240223491564393,5.840454832650721e-05,100,OK,INITIALIZING,OK,VISUAL_INERTIAL
54,1761212579949,-0.014786231986363418,0.09298080112785101,0.11629894288489595,7.948558049974963e-05,9.20256570680067e-05,3.980732071795501e-05,100,OK,INITIALIZING,OK,VISUAL_INERTIAL
55,1761212579966,-0.01270395932806423,0.08742858335608616,0.09973003034247085,7.710140198469162e-05,7.794537668814883e-05,2.1426507373689674e-05,100,OK,INITIALIZING,OK,VISUAL_INERTIAL
56,1761212579982,0.002903043423430063,0.07719781569903716,0.09355912334285676,8.038710802793503e-05,7.336942508118227e-05,-1.0250931154587306e-05,100,OK,INITIALIZING,OK,VISUAL_INERTIAL
57,1761212579999,0.03096792715950869,0.07606114377267659,0.0811440622783266,7.57100060582161e-05,7.611471664858982e-05,-3.359751281095669e-05,100,OK,INITIALIZING,OK,VISUAL_INERTIAL
58,1761212580016,0.03272567846579477,0.0722253680578433,0.07170418393798172,7.070135325193405e-05,6.800206756452098e-05,-5.216446879785508e-05,100,OK,INITIALIZING,OK,VISUAL_INERTIAL
59,1761212580032,0.06361760461004451,0.06364178261719644,0.0778808825998567,6.195808964548633e-05,8.146767504513264e-05,-5.4656080465065315e-05,100,OK,INITIALIZING,OK,VISUAL_INERTIAL
60,1761212580049,0.05168731149751693,0.08902638364816085,0.06632474105572328,2.3100523321772926e-05,9.690092701930553e-05,-3.6263747460907325e-05,100,OK,INITIALIZING,OK,VISUAL_INERTIAL
61,1761212580066,0.015316309145418927,0.07186310540419072,0.05196654819883406,2.645794302225113e-05,0.00010597961954772472,6.623865829169517e-06,100,OK,INITIALIZING,OK,VISUAL_INERTIAL
62,1761212580082,-0.04051860742038116,0.09628081897972152,0.0659360084682703,2.592149940028321e-05,0.00010024964285548776,6.986881635384634e-05,100,OK,INITIALIZING,OK,VISUAL_INERTIAL
63,1761212580099,-0.08042098488658667,0.07589511369587854,0.0962444391916506,8.655711280880496e-05,9.97269235085696e-05,0.0001448296825401485,100,OK,INITIALIZING,OK,VISUAL_INERTIAL
64,1761212580116,-0.11844105029013008,0.07888863910920918,0.12743333354592323,0.00013007037341594696,9.54477654886432e-05,0.00019819242879748344,100,OK,INITIALIZING,OK,VISUAL_INERTIAL
65,1761212580132,-0.14248698425944895,0.07942283991724253,0.13309737551026046,0.00015124399214982986,8.454125054413453e-05,0.00021582313638646156,100,OK,INITIALIZING,OK,VISUAL_INERTIAL
66,1761212580149,-0.1230424823006615,0.07914848538348451,0.12339951354078948,0.00013073159789200872,8.414305921178311e-05,0.00017644927720539272,100,OK,INITIALIZING,OK,VISUAL_INERTIAL
67,1761212580166,-0.08164377504726872,0.06869338540127501,0.09902619785862043,7.055886089801788e-05,8.825359691400081e-05,0.000107497391582001,100,OK,INITIALIZING,OK,VISUAL_INERTIAL
68,1761212580182,-0.019981482182629406,0.0676014315104112,0.05861018507857807,-1.6317701010848396e-05,8.785586396697909e-05,2.427604704280384e-05,100,OK,INITIALIZING,OK,VISUAL_INERTIAL
69,1761212580199,0.06661639781668782,0.04112833630642854,0.015101766621228307,-7.299333083210513e-05,0.0001010734704323113,-5.626269557978958e-05,100,OK,INITIALIZING,OK,VISUAL_INERTIAL
70,1761212580216,0.11685583012877032,0.06568750541191548,-0.020961830159649253,-0.00012163817882537842,0.00010194002243224531,-9.276291530113667e-05,100,OK,INITIALIZING,OK,VISUAL_INERTIAL
71,1761212580232,0.1378347078571096,0.09450247307540849,-0.0288755472865887,-0.00013103894889354706,0.00010265945456922054,-8.785095269558951e-05,100,OK,INITIALIZING,OK,VISUAL_INERTIAL
72,1761212580249,0.11434138286858797,0.10016115993494168,-0.024472556106047705,-9.25706626730971e-05,0.00011031590111088008,-4.961341983289458e-05,100,OK,INITIALIZING,OK,VISUAL_INERTIAL
73,1761212580266,0.07199483661679551,0.1281321601709351,-0.015267478374880739,-4.9822963774204254e-05,0.00012415253149811178,1.1202717359992675e-05,100,OK,INITIALIZING,OK,VISUAL_INERTIAL
74,1761212580282,0.024413413484580815,0.12473846436478198,0.013454143299895804,1.3159587979316711e-06,0.00013044822844676673,6.997805030550808e-05,100,OK,INITIALIZING,OK,VISUAL_INERTIAL
75,1761212580299,0.008507749043928925,0.12137872545281425,0.05312050780048594,3.1402334570884705e-05,0.0001412483979947865,0.0001074433748726733,100,OK,INITIALIZING,OK,VISUAL_INERTIAL
76,1761212580316,-0.02697964373510331,0.13023945211898535,0.06705817941110581,2.3671425879001617e-05,0.00012574615539051592,0.0001220807316713035,100,OK,INITIALIZING,OK,VISUAL_INERTIAL
77,1761212580332,-0.042387644498376176,0.10900321649387479,0.07008525426499546,2.3700295059825294e-05,0.00010886486415984109,0.00010012121492763981,100,OK,INITIALIZING,OK,VISUAL_INERTIAL
78,1761212580349,-0.048353278543800116,0.07288590859388933,0.06686148117296398,3.950018435716629e-05,8.688064554007724e-05,5.80881314817816e-05,100,OK,INITIALIZING,OK,VISUAL_INERTIAL
79,1761212580366,-0.030819064704701304,0.05743655128753744,0.05862917168997228,4.2844563722610474e-05,7.762391760479659e-05,1.3046958883933257e-05,100,OK,INITIALIZING,OK,VISUAL_INERTIAL
80,1761212580382,-0.028075872251065448,0.0621833823970519,0.04737775816465728,3.1263567507267e-05,6.983069761190563e-05,-2.602461063361261e-05,100,OK,INITIALIZING,OK,VISUAL_INERTIAL
81,1761212580399,0.02759944436547812,0.07476678001694381,0.018280574295204133,-4.461035132408142e-06,9.367126767756417e-05,-5.4341289796866477e-05,100,OK,INITIALIZING,OK,VISUAL_INERTIAL
82,1761212580416,0.064920648583211,0.08132593939080834,0.003678090024550329,-3.864336395054124e-05,0.00010717597615439445,-7.361049938481301e-05,100,OK,INITIALIZING,OK,VISUAL_INERTIAL
83,1761212580432,0.061910606746096164,0.07722463487880304,-0.011792036275437567,-5.55962287762668e-05,0.00011105515295639634,-7.684832962695509e-05,100,OK,INITIALIZING,OK,VISUAL_INERTIAL
84,1761212580449,0.07739292777841911,0.0814581653685309,-0.009394338121637702,-5.4134055972099304e-05,0.00012110774696338922,-6.992290582275018e-05,100,OK,INITIALIZING,OK,VISUAL_INERTIAL
85,1761212580466,0.07134069892344996,0.054400745284510776,-0.022177926439326257,-3.6481767892837524e-05,0.0001135071215685457,-7.067462138365954e-05,100,OK,INITIALIZING,OK,VISUAL_INERTIAL
86,1761212580482,0.079560253652744,0.050774084229487926,-0.01956948108272627,-3.7969090044498444e-05,0.00012604022049345076,-5.723857611883432e-05,100,OK,INITIALIZING,OK,VISUAL_INERTIAL
87,1761212580499,0.0791467318776995,0.026916544811683707,-0.02099924131471198,-3.7604939279844984e-05,0.00012879411224275827,-6.125832442194223e-05,100,OK,INITIALIZING,OK,VISUAL_INERTIAL
88,1761212580516,0.08062034612521529,0.021805233700433746,-0.009660299838287756,-5.245581269264221e-05,0.00011726489901775494,-8.232795516960323e-05,100,OK,INITIALIZING,OK,VISUAL_INERTIAL
89,1761212580532,0.10382886830484495,0.008634350706415717,-0.020324452634667978,-5.9281475841999054e-05,0.00011853241448989138,-0.00011107753380201757,100,OK,INITIALIZING,OK,VISUAL_INERTIAL
90,1761212580549,0.11215604899916798,0.016954900274868123,-0.017772259525372647,-6.431527435779572e-05,0.00010500865028006956,-0.0001474206947023049,100,OK,INITIALIZING,OK,VISUAL_INERTIAL
91,1761212580566,0.12870467617176473,0.043460418964968994,-0.009431704711460043,-5.963072180747986e-05,8.598822023486719e-05,-0.00018424673180561513,100,OK,INITIALIZING,OK,VISUAL_INERTIAL
92,1761212580582,0.14986019232310355,0.06403004954336211,-0.0008350112921107211,-4.898570477962494e-05,7.234978693304583e-05,-0.00019866431830450892,100,OK,INITIALIZING,OK,VISUAL_INERTIAL
93,1761212580599,0.15956461720634252,0.07799144077580422,-0.003645212018454913,-4.571862154989503e-05,6.211309664649889e-05,-0.00019594082550611347,100,OK,INITIALIZING,OK,VISUAL_INERTIAL
94,1761212580616,0.17409260908607394,0.0845799659145996,-0.009652143489802256,-6.627291440963745e-05,5.864972990821116e-05,-0.00020762847270816565,100,OK,INITIALIZING,OK,VISUAL_INERTIAL
95,1761212580632,0.19079577759839594,0.07526534318458289,-0.010794634363264777,-7.924716919660568e-05,4.660346530727111e-05,-0.00022103128139860928,100,OK,INITIALIZING,OK,VISUAL_INERTIAL
96,1761212580649,0.219767025555484,0.07787015056237578,-0.020250990928616375,-9.638536721467972e-05,3.4938268072437495e-05,-0.00022921711206436157,100,OK,INITIALIZING,OK,VISUAL_INERTIAL
97,1761212580666,0.2218857844127342,0.10538512287894264,-0.028828857466578484,-0.00011215078848181292,1.492922365287086e-05,-0.00023949178284965456,100,OK,INITIALIZING,OK,VISUAL_INERTIAL
98,1761212580682,0.2296708698850125,0.09436674736207351,-0.015001002793724183,-7.554050534963608e-05,4.092769813723862e-06,-0.0002495369699317962,100,OK,INITIALIZING,OK,VISUAL_INERTIAL
99,1761212580699,0.218676621443592,0.10380358435213566,0.0026348966457589995,-6.166752427816391e-05,-3.7614788652717834e-06,-0.00025015146820805967,100,OK,INITIALIZING,OK,VISUAL_INERTIAL
100,1761212580716,0.21753774490207434,0.07778951112413779,0.012591161066666245,-5.292612695484422e-05,5.110112397233024e-06,-0.00024525937624275684,100,OK,INITIALIZING,OK,VISUAL_INERTIAL
101,1761212580732,0.22715760860592127,0.05555927782552317,0.012111603609810118,-5.539971971302293e-05,3.19862192554865e-05,-0.00023212796077132225,100,OK,INITIALIZING,OK,VISUAL_INERTIAL
102,1761212580749,0.21345067943912,0.06588258111150935,-0.014777677279198542,-8.59508290886879e-05,5.028104715165682e-05,-0.00021448955521918833,100,OK,INITIALIZING,OK,VISUAL_INERTIAL
103,1761212580766,0.19922046340070665,0.040068887756206095,-0.03545836443663575,-0.00010363943874835968,6.93455440341495e-05,-0.00019217551744077355,100,OK,INITIALIZING,OK,VISUAL_INERTIAL
104,1761212580782,0.20563026191666722,0.05227606379776262,-0.06340249092318118,-0.000141758457175456,8.327467367053032e-05,-0.0001778713776730001,100,OK,INITIALIZING,OK,VISUAL_INERTIAL
105,1761212580799,0.19103156228084117,0.08075591176748276,-0.09299648809246719,-0.00018649175763130188,7.402246410492808e-05,-0.00017589109484106302,100,OK,INITIALIZING,OK,VISUAL_INERTIAL
106,1761212580816,0.1844294893089682,0.08323235670104623,-0.11087846360169351,-0.00020563509315252304,5.810953371110372e-05,-0.00018853145593311638,100,OK,INITIALIZING,OK,VISUAL_INERTIAL
107,1761212580832,0.18365419236943126,0.06959642632864416,-0.12347256415523589,-0.00020193029195070267,4.715668546850793e-05,-0.000207048055017367,100,OK,INITIALIZING,OK,VISUAL_INERTIAL
108,1761212580849,0.20439067156985402,0.05227268047747202,-0.10143830149900168,-0.0001722751185297966,6.37401026324369e-05,-0.00021538422151934355,100,OK,INITIALIZING,OK,VISUAL_INERTIAL
109,1761212580866,0.19800683367066085,0.06860223948024213,-0.07184366404544562,-0.00013595631753560156,8.333398000104353e-05,-0.00018675766477826983,100,OK,INITIALIZING,OK,VISUAL_INERTIAL
110,1761212580882,0.166788071510382,0.06918526923982427,-0.033412019547540694,-8.059665560722351e-05,8.432546019321308e-05,-0.00013817768194712698,100,OK,INITIALIZING,OK,VISUAL_INERTIAL
111,1761212580899,0.12105108180548996,0.09325123392045498,0.007951535735628568,-3.284309059381485e-05,8.492678171023726e-05,-7.337566057685763e-05,100,OK,INITIALIZING,OK,VISUAL_INERTIAL
112,1761212580916,0.0742336196708493,0.06874592509120703,0.04620268737198785,2.4784356355667114e-05,8.566137694288045e-05,-2.6899753720499575e-05,100,OK,INITIALIZING,OK,VISUAL_INERTIAL
113,1761212580932,0.042552765080472454,0.05448353840620257,0.08410825103055686,6.336624937830493e-05,8.388884452870116e-05,-9.168556061922573e-06,100,OK,INITIALIZING,OK,VISUAL_INERTIAL
114,1761212580949,0.06341621337924153,0.03662779272417538,0.09494594996795058,8.25813040137291e-05,8.61932203406468e-05,-3.293086410849355e-05,100,OK,INITIALIZING,OK,VISUAL_INERTIAL
115,1761212580966,0.06942938489373773,0.05053005224908702,0.08614388207206503,6.460118311224505e-05,6.675811164313927e-05,-7.867659587645903e-05,100,OK,INITIALIZING,OK,VISUAL_INERTIAL
116,1761212580982,0.08333619916811585,0.049730508180800825,0.07191391341621056,5.412846803665161e-05,4.9159709305968136e-05,-0.0001340130838798359,100,OK,INITIALIZING,OK,VISUAL_INERTIAL
117,1761212580999,0.10425911023048684,0.06446012412197888,0.0578275321458932,2.1102838218212128e-05,3.263204052927904e-05,-0.0001794233248801902,100,OK,INITIALIZING,OK,VISUAL_INERTIAL
118,1761212581016,0.12198971671750769,0.07242542778840289,0.05171286829863675,-8.745118975639343e-07,3.236996053601615e-05,-0.0002081720158457756,100,OK,INITIALIZING,OK,VISUAL_INERTIAL
119,1761212581032,0.14630121586378664,0.07143281982280314,0.0432652814197354,-5.122274160385132e-08,4.588769661495462e-05,-0.00021414471848402172,100,OK,INITIALIZING,OK,VISUAL_INERTIAL
120,1761212581049,0.16043098003137857,0.06629477138631046,0.022610664018429816,1.1994503438472748e-05,6.911887612659484e-05,-0.00021804243442602456,100,OK,INITIALIZING,OK,VISUAL_INERTIAL
121,1761212581066,0.15678045747336,0.09024495375342667,0.0401796969526913,2.8721988201141357e-06,7.649078906979412e-05,-0.0002061106206383556,100,OK,INITIALIZING,OK,VISUAL_INERTIAL
122,1761212581082,0.1781328028300777,0.06584985385416076,0.05700662950403057,2.597272214188706e-05,9.130149555858225e-05,-0.00018684996757656336,100,OK,INITIALIZING,OK,VISUAL_INERTIAL
123,1761212581099,0.19689492182806134,0.0816805477370508,0.09140765178017318,2.5614162950660102e-05,0.00010391335672466084,-0.00017089303582906723,100,OK,INITIALIZING,OK,VISUAL_INERTIAL
124,1761212581116,0.1961280358955264,0.05746625902247615,0.09699031215859577,5.3009018301963806e-05,0.00010480436321813613,-0.00014793069567531347,100,OK,INITIALIZING,OK,VISUAL_INERTIAL
125,1761212581132,0.19416816940065473,0.029182619982748292,0.10114094766322523,8.457618969259784e-05,0.0001024159137159586,-0.0001352766848867759,100,OK,INITIALIZING,OK,VISUAL_INERTIAL
126,1761212581149,0.1865440863184631,-0.2158012066502124,0.14122322318144143,-0.0013149235164746642,7.942671800265089e-05,-0.0005910955369472504,100,OK,INITIALIZING,OK,VISUAL_INERTIAL
127,1761212581166,0.1914962485898286,-0.26191113283857703,0.11301891936454922,-0.0018883945886045694,7.998187356861308e-05,-0.0008116826065815985,100,OK,INITIALIZING,OK,VISUAL_INERTIAL
128,1761212581182,0.18434427329339087,-0.18287137208972126,0.07896620081737638,-0.0020147287286818027,6.64499239064753e-05,-0.0008934721699915826,100,OK,INITIALIZING,OK,VISUAL_INERTIAL
129,1761212581199,0.18069770885631442,-0.06486701022367924,0.07233590440591797,-0.00199411204084754,5.831594535266049e-05,-0.0008968529873527586,100,OK,INITIALIZING,OK,VISUAL_INERTIAL
130,1761212581216,0.17885389388538897,0.03706877396325581,0.0823566151666455,-0.001961893867701292,6.545240466948599e-05,-0.0008568228804506361,100,OK,INITIALIZING,OK,VISUAL_INERTIAL
131,1761212581233,0.1892275467980653,0.11570565402507782,0.10046663373941556,-0.0019459243630990386,7.082328374963254e-05,-0.000830130185931921,100,OK,INITIALIZING,OK,VISUAL_INERTIAL
132,1761212581249,0.17523205315228552,0.1275225222343579,0.11121125135105103,-0.0019160642987117171,6.792746717110276e-05,-0.0008184568723663688,100,OK,INITIALIZING,OK,VISUAL_INERTIAL
133,1761212581266,0.13834325363859534,0.14934534556232393,0.14674921112600714,-0.001899565802887082,5.6064691307256e-05,-0.000795756233856082,100,OK,INITIALIZING,OK,VISUAL_INERTIAL
134,1761212581282,0.12351069017313421,0.11394195462344214,0.1449409464839846,-0.001870334381237626,5.681503898813389e-05,-0.0007829124224372208,100,OK,INITIALIZING,OK,VISUAL_INERTIAL
135,1761212581299,0.12040510773658752,0.06530239625135437,0.14250603271648288,-0.0018410879420116544,5.2567302191164345e-05,-0.0007832139963284135,100,OK,INITIALIZING,OK,VISUAL_INERTIAL
136,1761212581316,0.09817206591833383,0.06334565841825679,0.13929151464253664,-0.0018508435459807515,3.897040369338356e-05,-0.0007759137661196291,100,OK,INITIALIZING,OK,VISUAL_INERTIAL
137,1761212581332,0.10954379104077816,0.06376466626534238,0.14787814870942384,-0.0018768461886793375,4.110579175176099e-05,-0.0007961876690387726,100,OK,INITIALIZING,OK,VISUAL_INERTIAL
138,1761212581349,0.14281882613431662,0.06519308954011649,0.12509750376921147,-0.0019056027522310615,5.0057744374498725e-05,-0.000817584921605885,100,OK,INITIALIZING,OK,VISUAL_INERTIAL
139,1761212581366,0.15848808106966317,0.058858742704615,0.09987888915929943,-0.001937133725732565,5.088039688416757e-05,-0.0008456747164018452,100,OK,INITIALIZING,OK,VISUAL_INERTIAL
140,1761212581382,0.17445042612962425,0.07866149098845199,0.08370692376047373,-0.001964523922652006,5.6056374887702987e-05,-0.0008505807491019368,100,OK,INITIALIZING,OK,VISUAL_INERTIAL
141,1761212581399,0.18303439719602466,0.07457708852598444,0.07715400715824217,-0.0019520088098943233,7.177008228609338e-05,-0.0008459302480332553,100,OK,INITIALIZING,OK,VISUAL_INERTIAL
142,1761212581416,0.14582049334421754,0.059921123465755954,0.10427231609355658,-0.001908704056404531,7.214993820525706e-05,-0.000799104105681181,100,OK,INITIALIZING,OK,VISUAL_INERTIAL
143,1761212581432,0.10317408305127174,0.015336730939452536,0.1265153696294874,-0.0018212377326563,6.91675886628218e-05,-0.0007280160789377987,100,OK,INITIALIZING,OK,VISUAL_INERTIAL
144,1761212581449,0.038472251617349684,-0.004243303010298405,0.1566941646160558,-0.0017665289342403412,4.9952479457715526e-05,-0.0006539536407217383,100,OK,INITIALIZING,OK,VISUAL_INERTIAL
145,1761212581466,-0.014112347344052978,-0.024774923076620325,0.1740848965710029,-0.0017353611765429378,4.300648652133532e-05,-0.0006053373217582703,100,OK,INITIALIZING,OK,VISUAL_INERTIAL
146,1761212581482,-0.016499754565302283,-0.0580858213652391,0.17449809820391238,-0.0017223207978531718,5.10443132952787e-05,-0.0005867585423402488,100,OK,INITIALIZING,OK,VISUAL_INERTIAL
147,1761212581499,0.0025081571948248893,-0.0932397015276365,0.15435871318913996,-0.0017410246655344963,4.372921830508858e-05,-0.0006169518455862999,100,OK,INITIALIZING,OK,VISUAL_INERTIAL
148,1761212581516,0.021948953872197308,-0.04837646338273771,0.12376296217553318,-0.0018273770110681653,1.4063426533539314e-05,-0.0006943219341337681,100,OK,INITIALIZING,OK,VISUAL_INERTIAL
149,1761212581532,0.062244020227808505,-0.04368452209746465,0.08670728129800409,-0.001870160223916173,-4.387409262562869e-06,-0.0007839958416298032,100,OK,INITIALIZING,OK,VISUAL_INERTIAL
150,1761212581549,0.12009365309495479,-0.048988713388098404,0.07020158955128863,-0.00187120889313519,-1.6124259900607285e-06,-0.0008474706555716693,100,OK,INITIALIZING,OK,VISUAL_INERTIAL
151,1761212581566,0.15253220044542104,0.0011929756738027208,0.06962181214476004,-0.0018867956241592765,-1.2495996770667261e-06,-0.0008778951014392078,100,OK,INITIALIZING,OK,VISUAL_INERTIAL
152,1761212581582,0.17796916654333472,-0.023146491002989933,0.06576246960321441,-0.0018454297678545117,1.8521348465583287e-05,-0.0008657238213345408,100,OK,INITIALIZING,OK,VISUAL_INERTIAL
153,1761212581599,0.16921757196541876,-0.00975166040007025,0.08182904275599867,-0.0018418536055833101,2.0280873286537826e-05,-0.0008450165041722357,100,OK,INITIALIZING,OK,VISUAL_INERTIAL
154,1761212581616,0.15677392366342247,0.004051639734825585,0.1094576800824143,-0.0018493246752768755,2.7949166906182654e-05,-0.0008271989645436406,100,OK,INITIALIZING,OK,VISUAL_INERTIAL
155,1761212581632,0.14510159962810576,0.012567121302708983,0.119119904411491,-0.0018693956080824137,3.17268495564349e-05,-0.0007871249690651894,100,OK,INITIALIZING,OK,VISUAL_INERTIAL
156,1761212581649,0.13839815801475197,0.01285951384488726,0.1105140836443752,-0.0018962103640660644,2.7394020435167477e-05,-0.0007832182454876602,100,OK,INITIALIZING,OK,VISUAL_INERTIAL
157,1761212581666,0.12357221567071974,0.02372951348661445,0.10415590077172965,-0.0019111832370981574,1.1782053661590908e-05,-0.0007910336717031896,100,OK,INITIALIZING,OK,VISUAL_INERTIAL
158,1761212581682,0.1393478160025552,0.03911573003279045,0.1332149695372209,-0.0018949697259813547,1.7373258742736652e-06,-0.0008071110933087766,100,OK,INITIALIZING,OK,VISUAL_INERTIAL
159,1761212581699,0.12547361257020384,0.022788777641835622,0.15102494216989726,-0.0018276649061590433,-3.415156970731914e-05,-0.000837717845570296,100,OK,INITIALIZING,OK,VISUAL_INERTIAL
160,1761212581716,0.12351070472504944,0.03896281850757077,0.18209664267487824,-0.0017635991098359227,-6.589885742869228e-05,-0.0008708483073860407,100,OK,INITIALIZING,OK,VISUAL_INERTIAL
161,1761212581732,0.15514522965531796,0.021741559976362623,0.19161758245900273,-0.0017119628610089421,-7.766609633108601e-05,-0.0009266503038816154,100,OK,INITIALIZING,OK,VISUAL_INERTIAL
162,1761212581749,0.20736111036967486,-0.0009388979265168018,0.18147495575249195,-0.0016997932689264417,-6.612794095417485e-05,-0.0009772621560841799,100,OK,INITIALIZING,OK,VISUAL_INERTIAL
163,1761212581766,0.25235911016352475,-0.022452279154094867,0.1745646441122517,-0.0017317068995907903,-5.6097233027685434e-05,-0.0010303296148777008,100,OK,INITIALIZING,OK,VISUAL_INERTIAL
164,1761212581782,0.2679618773981929,-0.026454406906850636,0.16574094479437917,-0.001781840925104916,-6.160080374684185e-05,-0.0010404001222923398,100,OK,INITIALIZING,OK,VISUAL_INERTIAL
165,1761212581799,0.265015522018075,-0.01373877876176266,0.1471354771638289,-0.0018128876108676195,-5.7823312090476975e-05,-0.0010044175432994962,100,OK,INITIALIZING,OK,VISUAL_INERTIAL
166,1761212581816,0.2581220178399235,-0.01678865919529926,0.1632554631214589,-0.001797564560547471,-4.2326577386120334e-05,-0.0009362049750052392,100,OK,INITIALIZING,OK,VISUAL_INERTIAL
167,1761212581832,0.2292989520356059,-0.014651011042587925,0.15527222421951592,-0.001774175208993256,-3.679731162264943e-05,-0.00084412976866588,100,OK,INITIALIZING,OK,VISUAL_INERTIAL
168,1761212581849,0.19198874360881746,0.036562025343300775,0.15907609486021101,-0.0018076293636113405,-5.179055733606219e-05,-0.0007772308890707791,100,OK,INITIALIZING,OK,VISUAL_INERTIAL
169,1761212581866,0.18850613560061902,0.015867644833633676,0.13230268086772412,-0.0018411605851724744,-6.0470905737020075e-05,-0.0007735544932074845,100,OK,INITIALIZING,OK,VISUAL_INERTIAL
170,1761212581882,0.22219630773179233,0.035668032069224864,0.09892466914607212,-0.0019420073367655277,-7.477119652321562e-05,-0.0008202169556170702,100,OK,INITIALIZING,OK,VISUAL_INERTIAL
171,1761212581899,0.22451668337453157,0.04649533366318792,0.03866702536470257,-0.0020506323780864477,-0.0001238592667505145,-0.0008820131770335138,100,OK,INITIALIZING,OK,VISUAL_INERTIAL
172,1761212581916,0.2740047057159245,0.02772497828118503,-0.03255179399275221,-0.0021046986803412437,-0.00014585157623514533,-0.0009570310357958078,100,OK,INITIALIZING,OK,VISUAL_INERTIAL
173,1761212581932,0.29302164330147207,0.0972609777818434,-0.059051722928415984,-0.0021831898484379053,-0.00019518015324138105,-0.0009956168942153454,100,OK,INITIALIZING,OK,VISUAL_INERTIAL
174,1761212581949,0.3064679622184485,0.12270653678569943,-0.0845311296870932,-0.002193474443629384,-0.0002217793808085844,-0.0010133151663467288,100,OK,INITIALIZING,OK,VISUAL_INERTIAL
175,1761212581966,0.3046731580980122,0.08717345917830244,-0.06231546285562217,-0.002105924068018794,-0.00023421979858539999,-0.0009900928707793355,100,OK,INITIALIZING,OK,VISUAL_INERTIAL
176,1761212581982,0.31070178374648094,0.06958924495847896,-0.008936944141169079,-0.0019834781996905804,-0.00022721305140294135,-0.0009412004728801548,100,OK,INITIALIZING,OK,VISUAL_INERTIAL
177,1761212581999,0.3038920112885535,0.018679311324376613,0.04493122105486691,-0.0018486654153093696,-0.00023042697284836322,-0.0009002942242659628,100,OK,INITIALIZING,OK,VISUAL_INERTIAL
178,1761212582016,0.26090393657796085,0.0584074150538072,0.13020186452195048,-0.0018129695672541857,-0.0003247081767767668,-0.0008645855123177171,100,OK,INITIALIZING,OK,VISUAL_INERTIAL
179,1761212582032,0.37051289109513164,0.061922190070617944,0.17879846564028412,-0.0017845884431153536,-0.0006723263650201261,-0.0008849339792504907,100,OK,INITIALIZING,OK,VISUAL_INERTIAL
180,1761212582049,0.5944953882135451,0.12078069266863167,0.18086771888192743,-0.0017944290302693844,-0.002046746900305152,-0.0008633735124021769,100,OK,INITIALIZING,OK,VISUAL_INERTIAL
181,1761212582066,0.9664326789788902,0.09141892223851755,0.17102883430197835,-0.0017661703750491142,-0.004694370087236166,-0.0008510852348990738,100,OK,INITIALIZING,OK,VISUAL_INERTIAL
182,1761212582082,1.3218671083450317,0.1709260541247204,0.16037326713558286,-0.0018020193092525005,-0.00830316822975874,-0.0008523307042196393,100,OK,INITIALIZING,OK,VISUAL_INERTIAL
183,1761212582099,1.6953772865235806,0.1311293599428609,0.06384248990798369,-0.0017662385944277048,-0.012210294604301453,-0.000831578450743109,100,OK,INITIALIZING,OK,VISUAL_INERTIAL
184,1761212582116,1.8264021491631866,0.1812112022889778,-0.01410447384841973,-0.0018225893145427108,-0.015972109511494637,-0.0008559853304177523,100,OK,INITIALIZING,OK,VISUAL_INERTIAL
185,1761212582132,1.706796931102872,0.24477974511682987,-0.12237780902069062,-0.0018730309093371034,-0.019342897459864616,-0.0008236385183408856,100,OK,INITIALIZING,OK,VISUAL_INERTIAL
186,1761212582149,1.6107072588056326,0.3124502254649997,-0.2467019367031753,-0.0019060816848650575,-0.02247627079486847,-0.0007326237973757088,100,OK,INITIALIZING,OK,VISUAL_INERTIAL
187,1761212582166,1.502937520854175,0.1903380616568029,-0.274043035460636,-0.0017767949029803276,-0.02612597495317459,-0.0007428397657349706,100,OK,INITIALIZING,OK,VISUAL_INERTIAL
188,1761212582182,1.6324452590197325,0.300307699944824,-0.3054874832741916,-0.0017395128961652517,-0.030720248818397522,-0.0007253186777234077,100,OK,INITIALIZING,OK,VISUAL_INERTIAL
189,1761212582199,1.9379867007955909,0.25550200371071696,-0.31744703301228583,-0.0015923699829727411,-0.03634786978363991,-0.0007186064613051713,100,OK,INITIALIZING,OK,VISUAL_INERTIAL
190,1761212582216,2.280355663970113,0.19191594037692994,-0.3246213018428534,-0.0014602928422391415,-0.04271836206316948,-0.0007792343385517597,100,OK,INITIALIZING,OK,VISUAL_INERTIAL
191,1761212582232,2.5372791569679976,0.10172746988246217,-0.3721696848515421,-0.0013087968109175563,-0.04930512234568596,-0.0007743953028693795,100,OK,INITIALIZING,OK,VISUAL_INERTIAL
192,1761212582249,2.618529135361314,0.07329387153731659,-0.4347083158791065,-0.001231199479661882,-0.05576292797923088,-0.000783522380515933,100,OK,INITIALIZING,OK,VISUAL_INERTIAL
193,1761212582266,2.66125681810081,-0.04262541915522888,-0.5747719551436603,-0.0011112132342532277,-0.06182048097252846,-0.0007479926571249962,100,OK,INITIALIZING,OK,VISUAL_INERTIAL
194,1761212582282,2.6938265655189753,-0.08735100709600374,-0.7501719519495964,-0.0010452690767124295,-0.06796586513519287,-0.0006686503766104579,100,OK,INITIALIZING,OK,VISUAL_INERTIAL
195,1761212582299,3.0593371484428644,-0.2329820126760751,-0.9048038045875728,-0.0008957976242527366,-0.07498572021722794,-0.000654540432151407,100,OK,INITIALIZING,OK,VISUAL_INERTIAL
196,1761212582316,3.5020250361412764,-0.2660221653059125,-1.026310259476304,-0.0008069053292274475,-0.083269864320755,-0.0006411519716493785,100,OK,INITIALIZING,OK,VISUAL_INERTIAL
197,1761212582332,4.037655424326658,-0.2683434868231416,-1.1109189363196492,-0.0007271367940120399,-0.09246759116649628,-0.0006244062096811831,100,OK,INITIALIZING,OK,VISUAL_INERTIAL
198,1761212582349,4.333007149398327,-0.14999607810750604,-1.222499879077077,-0.0007449681288562715,-0.10203523933887482,-0.0005736018647439778,100,OK,INITIALIZING,OK,VISUAL_INERTIAL
199,1761212582366,4.375247750431299,-0.040950533730210736,-1.356374705210328,-0.000769846432376653,-0.11125409603118896,-0.0005066466401331127,100,OK,INITIALIZING,OK,VISUAL_INERTIAL
200,1761212582382,4.252650309354067,0.06629054405493662,-1.5702289529144764,-0.0007927230908535421,-0.11995498090982437,-0.0004076023760717362,100,OK,INITIALIZING,OK,VISUAL_INERTIAL
201,1761212582399,4.16629808023572,0.11088831524830312,-1.7913978081196547,-0.0007947844569571316,-0.12810513377189636,-0.0003445623442530632,100,OK,INITIALIZING,OK,VISUAL_INERTIAL
202,1761212582416,4.127573687583208,0.0835073587950319,-2.0203967578709126,-0.0007338814903050661,-0.13623376190662384,-0.00029713191906921566,100,OK,INITIALIZING,OK,VISUAL_INERTIAL
203,1761212582432,4.1088080033659935,0.15816827362868935,-2.21376889385283,-0.0007463667425327003,-0.144579216837883,-0.00021930558432359248,100,OK,INITIALIZING,OK,VISUAL_INERTIAL
204,1761212582449,4.325947258621454,0.09672170563135296,-2.3510833270847797,-0.0006532692350447178,-0.15305697917938232,-0.0002370302681811154,100,OK,INITIALIZING,OK,VISUAL_INERTIAL
205,1761212582466,4.617886152118444,0.02340740684303455,-2.4153327103704214,-0.0005414231563918293,-0.16165532171726227,-0.0002921405539382249,100,OK,INITIALIZING,OK,VISUAL_INERTIAL
206,1761212582482,4.857412539422512,-0.07394315616693348,-2.49278312548995,-0.0004307228373363614,-0.17013952136039734,-0.00034087314270436764,100,OK,INITIALIZING,OK,VISUAL_INERTIAL
207,1761212582499,5.09095611050725,-0.158141934662126,-2.537292195484042,-0.00033654243452474475,-0.17807531356811523,-0.0003192951553501189,100,OK,INITIALIZING,OK,VISUAL_INERTIAL
208,1761212582516,5.180397070944309,-0.2529237244743854,-2.5708810426294804,-0.00024933708482421935,-0.18549899756908417,-0.0003007141931448132,100,OK,INITIALIZING,OK,VISUAL_INERTIAL
209,1761212582532,5.340614356100559,-0.2944605948869139,-2.5826317723840475,-0.00018344784621149302,-0.19268661737442017,-0.0002215230488218367,100,OK,INITIALIZING,OK,VISUAL_INERTIAL
210,1761212582549,5.562643986195326,-0.2757205511443317,-2.6866509579122066,-0.00011926570005016401,-0.2001895308494568,-0.00011231856478843838,100,OK,INITIALIZING,OK,VISUAL_INERTIAL
211,1761212582565,5.879221484065056,-0.24257335462607443,-2.781492657959461,-5.5354219512082636e-05,-0.2081104964017868,1.4884171832818538e-05,100,OK,INITIALIZING,OK,VISUAL_INERTIAL
212,1761212582582,6.273078732192516,-0.005699686880689114,-2.9125225264579058,-0.00014005870616529137,-0.2163025289773941,0.00014677891158498824,100,OK,INITIALIZING,OK,VISUAL_INERTIAL
213,1761212582599,6.589466240257025,0.18747412832453847,-3.0225804075598717,-0.00025630902382545173,-0.22488069534301758,0.00019975894247181714,100,OK,INITIALIZING,OK,VISUAL_INERTIAL
214,1761212582616,6.947691552340984,0.3527924418449402,-2.972622634842992,-0.0002573402307461947,-0.23358392715454102,0.00016809364024084061,100,OK,INITIALIZING,OK,VISUAL_INERTIAL
215,1761212582632,7.358207367360592,0.6369907059706748,-2.8803348541259766,-0.0003026561171282083,-0.2423727661371231,0.000166262878337875,100,OK,INITIALIZING,OK,VISUAL_INERTIAL
216,1761212582649,7.636908441781998,0.8580369176343083,-2.809630474075675,-0.00034456432331353426,-0.25117745995521545,0.00018591427942737937,100,OK,INITIALIZING,OK,VISUAL_INERTIAL
217,1761212582666,7.894126698374748,0.948286906350404,-2.8320052661001682,-0.0003019026480615139,-0.2600170075893402,0.00022860693570692092,100,OK,INITIALIZING,OK,VISUAL_INERTIAL
218,1761212582682,8.106078021228313,1.037177280522883,-2.843489870429039,-0.00031888869125396013,-0.2691780626773834,0.00025972083676606417,100,OK,INITIALIZING,OK,VISUAL_INERTIAL
219,1761212582699,8.486374281346798,1.4256242429837584,-2.7592501137405634,-0.00039966596523299813,-0.27895134687423706,0.00043469489901326597,100,OK,INITIALIZING,OK,VISUAL_INERTIAL
220,1761212582716,8.820117451250553,1.440622960217297,-2.7510991785675287,-0.00031643162947148085,-0.289492666721344,0.0004714450624305755,100,OK,INITIALIZING,OK,VISUAL_INERTIAL
221,1761212582732,9.289683774113655,1.319982809945941,-2.758054994046688,-0.0001869230909505859,-0.3005066514015198,0.0004430755798239261,100,OK,INITIALIZING,OK,VISUAL_INERTIAL
222,1761212582749,9.762603789567947,1.1332717258483171,-2.8107340913265944,-4.968691882822895e-06,-0.3117395341396332,0.0003711477620527148,100,OK,INITIALIZING,OK,VISUAL_INERTIAL
223,1761212582765,10.213809087872505,0.9259496000595391,-2.8733897488564253,0.0001688419870333746,-0.3228990137577057,0.0003687879361677915,100,OK,INITIALIZING,OK,VISUAL_INERTIAL
224,1761212582782,10.615040548145771,0.7803130429238081,-3.017594339326024,0.00028653486515395343,-0.3339100480079651,0.0004786195931956172,100,OK,INITIALIZING,OK,VISUAL_INERTIAL
225,1761212582799,10.952217504382133,0.6566910305991769,-3.083507064729929,0.0003979516914114356,-0.34502360224723816,0.0005901759141124785,100,OK,INITIALIZING,OK,VISUAL_INERTIAL
226,1761212582815,11.374648660421371,0.6400812417268753,-3.003270598128438,0.0004788370570167899,-0.3566792607307434,0.0006943646585568786,100,OK,INITIALIZING,OK,VISUAL_INERTIAL
227,1761212582832,12.155497446656227,0.6709732697345316,-3.133773570880294,0.0005722152418456972,-0.36952146887779236,0.0008488050079904497,100,OK,INITIALIZING,OK,VISUAL_INERTIAL
228,1761212582849,12.718881480395794,0.9958597365766764,-3.064911812543869,0.0004907810362055898,-0.38355401158332825,0.000970680033788085,100,OK,INITIALIZING,OK,VISUAL_INERTIAL
229,1761212582865,13.427859172224998,1.1616371339187026,-3.0339157674461603,0.0005183102912269533,-0.39798158407211304,0.0010603794362396002,100,OK,INITIALIZING,OK,VISUAL_INERTIAL
230,1761212582882,13.922068290412426,1.1960824485868216,-3.031725063920021,0.0005850746529176831,-0.41220593452453613,0.0009827108588069677,100,OK,INITIALIZING,OK,VISUAL_INERTIAL
231,1761212582899,14.105326496064663,1.2871241196990013,-3.3273682929575443,0.0005893614143133163,-0.4256093204021454,0.0009755711071193218,100,OK,INITIALIZING,OK,VISUAL_INERTIAL
232,1761212582915,14.072720892727375,1.2640634085983038,-3.7946035154163837,0.0005764715024270117,-0.4373183250427246,0.0009108682861551642,100,OK,INITIALIZING,OK,VISUAL_INERTIAL
233,1761212582932,13.881198130548,1.2947380309924483,-4.065213724970818,0.0005712618003599346,-0.4478243589401245,0.0010359351290389895,100,OK,INITIALIZING,OK,VISUAL_INERTIAL
234,1761212582949,13.715101405978203,1.3355405535548925,-4.218520130962133,0.0005526754539459944,-0.457935094833374,0.0012366415467113256,100,OK,INITIALIZING,OK,VISUAL_INERTIAL
235,1761212582965,14.065688475966454,1.4617282431572676,-4.330680705606937,0.0004926391411572695,-0.46833354234695435,0.001380067435093224,100,OK,INITIALIZING,OK,VISUAL_INERTIAL
236,1761212582982,14.560814015567303,1.5390082262456417,-4.32270672172308,0.0005361966323107481,-0.47934019565582275,0.001539834076538682,100,OK,INITIALIZING,OK,VISUAL_INERTIAL
237,1761212582999,15.216593630611897,1.6893103020265698,-4.3056379072368145,0.0004980997764505446,-0.49048736691474915,0.001580150448717177,100,OK,INITIALIZING,OK,VISUAL_INERTIAL
238,1761212583015,15.730101615190506,1.8926297780126333,-4.15937602519989,0.00043372419895604253,-0.5009518265724182,0.001586342346854508,100,OK,INITIALIZING,OK,VISUAL_INERTIAL
239,1761212583032,16.184652224183083,2.0998353138566017,-4.224585369229317,0.0003396771789994091,-0.5107281804084778,0.0016042882343754172,100,OK,INITIALIZING,OK,VISUAL_INERTIAL
240,1761212583049,16.563108190894127,2.2544029634445906,-4.461975302547216,0.0002670388494152576,-0.5202127695083618,0.001630026614293456,100,OK,INITIALIZING,OK,VISUAL_INERTIAL
241,1761212583065,17.24052056670189,2.418582094833255,-4.615054000169039,0.00020605337340384722,-0.5298166275024414,0.0016477031167596579,100,OK,INITIALIZING,OK,VISUAL_INERTIAL
242,1761212583082,17.791159451007843,2.6071073953062296,-4.6973577700555325,0.00017376584582962096,-0.5403771996498108,0.001676788437180221,100,OK,INITIALIZING,OK,VISUAL_INERTIAL
243,1761212583099,18.28594133257866,2.846561372280121,-4.696824587881565,0.00016814512491691858,-0.5518343448638916,0.0017136464593932033,100,OK,INITIALIZING,OK,VISUAL_INERTIAL
244,1761212583115,18.731392920017242,3.0098343268036842,-4.523580893874168,0.00017453132022637874,-0.5637050867080688,0.0017693231347948313,100,OK,INITIALIZING,OK,VISUAL_INERTIAL
245,1761212583132,18.991127610206604,3.268325235694647,-4.371513146907091,0.00020228511129971594,-0.5756781697273254,0.0019179581431671977,100,OK,INITIALIZING,OK,VISUAL_INERTIAL
246,1761212583149,19.03834007680416,3.4216009080410004,-4.2763566598296165,0.00022075152082834393,-0.5875762701034546,0.002098415046930313,100,OK,INITIALIZING,OK,VISUAL_INERTIAL
247,1761212583165,19.511248916387558,3.649087157100439,-4.362792707979679,0.00018767772417049855,-0.6001856923103333,0.0021864112932235003,100,OK,INITIALIZING,OK,VISUAL_INERTIAL
248,1761212583182,20.055437460541725,3.7922803312540054,-4.160838201642036,0.00018987065413966775,-0.6135340929031372,0.0021580769680440426,100,OK,INITIALIZING,OK,VISUAL_INERTIAL
249,1761212583199,20.914601162075996,3.899398259818554,-4.08729026094079,0.0002854322374332696,-0.62820965051651,0.0021741141099482775,100,OK,INITIALIZING,OK,VISUAL_INERTIAL
250,1761212583216,21.758930757641792,3.9023857098072767,-4.120568744838238,0.0004107691638637334,-0.643750786781311,0.0021664416417479515,100,OK,INITIALIZING,OK,VISUAL_INERTIAL
251,1761212583232,22.311735898256302,3.9587505161762238,-4.0177591145038605,0.0004835592408198863,-0.6593065857887268,0.0021794443018734455,100,OK,INITIALIZING,OK,VISUAL_INERTIAL
252,1761212583249,22.65273407101631,3.815052332356572,-3.8190623745322227,0.0005731454584747553,-0.6742173433303833,0.0022407793439924717,100,OK,INITIALIZING,OK,VISUAL_INERTIAL
253,1761212583266,22.979214787483215,3.6956260446459055,-3.7667411379516125,0.000695729861035943,-0.6885592341423035,0.002324115950614214,100,OK,INITIALIZING,OK,VISUAL_INERTIAL
254,1761212583282,23.85222725570202,3.7712298799306154,-2.9372191056609154,0.000815566279925406,-0.7019305229187012,0.0022484413348138332,100,OK,INITIALIZING,OK,VISUAL_INERTIAL
255,1761212583299,24.04678799211979,3.679112996906042,-3.3042565919458866,0.0009893703972920775,-0.7161381244659424,0.0023261550813913345,100,OK,INITIALIZING,OK,VISUAL_INERTIAL
256,1761212583315,24.267978966236115,3.7033611442893744,-3.8182069547474384,0.0010516912443563342,-0.730006217956543,0.00247370102442801,100,OK,INITIALIZING,OK,VISUAL_INERTIAL
257,1761212583332,24.288060143589973,3.7348177284002304,-4.185809288173914,0.0011198186548426747,-0.7436254620552063,0.002693344373255968,100,OK,INITIALIZING,OK,VISUAL_INERTIAL
258,1761212583349,24.628670886158943,3.852797904983163,-4.415940027683973,0.0010538006899878383,-0.7570993900299072,0.0027607877273112535,100,OK,INITIALIZING,OK,VISUAL_INERTIAL
259,1761212583366,24.96350184082985,3.6519039422273636,-4.5085023157298565,0.0011711285915225744,-0.7707987427711487,0.0027061591390520334,100,OK,INITIALIZING,OK,VISUAL_INERTIAL
260,1761212583382,25.345923379063606,3.599971067160368,-4.57653496414423,0.001197907025925815,-0.7847966551780701,0.0028187918942421675,100,OK,INITIALIZING,OK,VISUAL_INERTIAL
261,1761212583399,25.869686156511307,3.6877337843179703,-4.632116761058569,0.0011860743397846818,-0.7997159361839294,0.0029285631608217955,100,OK,INITIALIZING,OK,VISUAL_INERTIAL
262,1761212583415,26.36641636490822,3.9787013083696365,-4.1740816086530685,0.001064240699633956,-0.8152299523353577,0.0030780041124671698,100,OK,INITIALIZING,OK,VISUAL_INERTIAL
263,1761212583432,27.128448709845543,3.6964835599064827,-4.024963825941086,0.0012260625371709466,-0.8316667675971985,0.0030951392836868763,100,OK,INITIALIZING,OK,VISUAL_INERTIAL
264,1761212583449,27.664775028824806,3.5548689775168896,-4.083322826772928,0.001284755882807076,-0.8483180403709412,0.0032289691735059023,100,OK,INITIALIZING,OK,VISUAL_INERTIAL
265,1761212583465,28.02719548344612,3.457574872300029,-4.191422834992409,0.001295679365284741,-0.8644670248031616,0.003347200807183981,100,OK,INITIALIZING,OK,VISUAL_INERTIAL
266,1761212583482,28.44776399433613,3.2305612694472075,-4.089529160410166,0.0013998650247231126,-0.8792552947998047,0.0034165491815656424,100,OK,INITIALIZING,OK,VISUAL_INERTIAL
267,1761212583499,28.65048497915268,3.1391761731356382,-4.2221928015351295,0.0014360424829646945,-0.8923905491828918,0.0034452902618795633,100,OK,INITIALIZING,OK,VISUAL_INERTIAL
268,1761212583515,28.17665785551071,3.2261156011372805,-4.159248434007168,0.0013956225011497736,-0.9025964140892029,0.0034830868244171143,100,OK,INITIALIZING,OK,VISUAL_INERTIAL
269,1761212583532,28.158511966466904,3.0831736512482166,-4.772105719894171,0.001366141834296286,-0.9094656109809875,0.0035601977724581957,100,OK,INITIALIZING,OK,VISUAL_INERTIAL
270,1761212583549,27.87509560585022,2.9465402476489544,-5.4129124619066715,0.0012630822602659464,-0.9118017554283142,0.0036127008497714996,100,OK,INITIALIZING,OK,VISUAL_INERTIAL
271,1761212583565,27.48088352382183,2.665736246854067,-6.0431319288909435,0.001239761128090322,-0.9113184809684753,0.0035557355731725693,100,OK,INITIALIZING,OK,VISUAL_INERTIAL
272,1761212583582,27.254194021224976,2.533262362703681,-6.48673577234149,0.0011840184452012181,-0.9092361330986023,0.0036333187017589808,100,OK,INITIALIZING,OK,VISUAL_INERTIAL
273,1761212583599,27.10932493209839,2.4800400715321302,-6.751804146915674,0.001206731190904975,-0.9056628942489624,0.003749891184270382,100,OK,INITIALIZING,OK,VISUAL_INERTIAL
274,1761212583615,27.04888954758644,2.5101802311837673,-6.814031396061182,0.001254238304682076,-0.9008813500404358,0.003915417939424515,100,OK,INITIALIZING,OK,VISUAL_INERTIAL
275,1761212583632,27.07291767001152,2.44161207228899,-6.721274461597204,0.001378180691972375,-0.8952822089195251,0.003972315229475498,100,OK,INITIALIZING,OK,VISUAL_INERTIAL
276,1761212583649,27.112340554594994,2.4379331152886152,-6.542428862303495,0.0013983356766402721,-0.8891239166259766,0.004019452724605799,100,OK,INITIALIZING,OK,VISUAL_INERTIAL
277,1761212583665,27.094194665551186,2.50790361315012,-6.303745321929455,0.00132781732827425,-0.8824184536933899,0.0040250010788440704,100,OK,INITIALIZING,OK,VISUAL_INERTIAL
278,1761212583682,26.99497900903225,2.5433688424527645,-6.225879769772291,0.0011839877115562558,-0.874930202960968,0.004016030579805374,100,OK,INITIALIZING,OK,VISUAL_INERTIAL
279,1761212583699,26.86786651611328,2.578282030299306,-6.116995587944984,0.0010203192941844463,-0.8665682673454285,0.00395242590457201,100,OK,INITIALIZING,OK,VISUAL_INERTIAL
280,1761212583715,26.739757508039474,2.625224180519581,-6.046780850738287,0.0008738869219087064,-0.8577116131782532,0.0038782223127782345,100,OK,INITIALIZING,OK,VISUAL_INERTIAL
281,1761212583732,26.593051850795746,2.5741327553987503,-5.9973797760903835,0.0008418670622631907,-0.8487238883972168,0.0038086227141320705,100,OK,INITIALIZING,OK,VISUAL_INERTIAL
282,1761212583749,26.356087997555733,2.5593386963009834,-5.937838461250067,0.0007972606690600514,-0.8395546078681946,0.0037778038531541824,100,OK,INITIALIZING,OK,VISUAL_INERTIAL
283,1761212583765,26.14511363208294,2.518362132832408,-5.961515475064516,0.0007161227404139936,-0.8293945789337158,0.003764031920582056,100,OK,INITIALIZING,OK,VISUAL_INERTIAL
284,1761212583782,25.8131492882967,2.494509331882,-6.0920268297195435,0.0005460571846924722,-0.8174504637718201,0.00376999843865633,100,OK,INITIALIZING,OK,VISUAL_INERTIAL
285,1761212583799,25.30624344944954,2.53506051376462,-6.346267648041248,0.00030118602444417775,-0.8036432266235352,0.003781541483476758,100,OK,INITIALIZING,OK,VISUAL_INERTIAL
286,1761212583815,24.896135553717613,2.5244434364140034,-6.546020973473787,0.0001417347666574642,-0.7888556718826294,0.0037432864774018526,100,OK,INITIALIZING,OK,VISUAL_INERTIAL
287,1761212583832,24.547869339585304,2.542265225201845,-6.567869801074266,5.709792458219454e-05,-0.7744362354278564,0.003728357842192054,100,OK,INITIALIZING,OK,VISUAL_INERTIAL
288,1761212583849,24.23972450196743,2.4970858357846737,-6.504175253212452,0.00010084012319566682,-0.7610976099967957,0.0037057078443467617,100,OK,INITIALIZING,OK,VISUAL_INERTIAL
289,1761212583865,23.918751627206802,2.4957978166639805,-6.425504572689533,9.619032789487392e-05,-0.7479748725891113,0.003704466624185443,100,OK,INITIALIZING,OK,VISUAL_INERTIAL
290,1761212583882,23.475978523492813,2.4686201941221952,-6.498315837234259,-6.022587331244722e-05,-0.733421802520752,0.0036443134304136038,100,OK,INITIALIZING,OK,VISUAL_INERTIAL
291,1761212583899,22.88142405450344,2.3879879154264927,-6.701184902340174,-0.00029546182486228645,-0.7162593603134155,0.003546708030626178,100,OK,INITIALIZING,OK,VISUAL_INERTIAL
292,1761212583915,20.979946479201317,2.291669137775898,-7.686926051974297,-0.0006436399416998029,-0.6979939937591553,0.0034414026886224747,100,OK,INITIALIZING,OK,VISUAL_INERTIAL
293,1761212583932,21.25469595193863,2.1072670351713896,-6.536072585731745,-0.0008110852213576436,-0.6774353384971619,0.003347336780279875,100,OK,INITIALIZING,OK,VISUAL_INERTIAL
294,1761212583949,20.98967880010605,2.0661097951233387,-6.432001944631338,-0.000924842432141304,-0.6594355702400208,0.0032747923396527767,100,OK,INITIALIZING,OK,VISUAL_INERTIAL
295,1761212583965,20.823247730731964,1.9488411489874125,-6.232831161469221,-0.0008965407032519579,-0.6435859799385071,0.00326060364022851,100,OK,INITIALIZING,OK,VISUAL_INERTIAL
296,1761212583982,20.471783354878426,1.9236512016505003,-6.093375384807587,-0.0009568364475853741,-0.6286959648132324,0.003270644461736083,100,OK,INITIALIZING,OK,VISUAL_INERTIAL
297,1761212583999,19.984053447842598,2.012442098930478,-5.894595757126808,-0.0011151734506711364,-0.6126337051391602,0.003331911051645875,100,OK,INITIALIZING,OK,VISUAL_INERTIAL
298,1761212584015,19.091902300715446,1.857442781329155,-6.12477445974946,-0.0012019959976896644,-0.5948957800865173,0.0033002642448991537,100,OK,INITIALIZING,OK,VISUAL_INERTIAL
299,1761212584032,17.578786239027977,1.7869286239147186,-6.6393413580954075,-0.0013832675758749247,-0.5764538645744324,0.0032988572493195534,100,OK,INITIALIZING,OK,VISUAL_INERTIAL
300,1761212584049,16.93459041416645,1.4189574867486954,-6.6438396461308,-0.0013665462611243129,-0.5576840043067932,0.0032909337896853685,100,OK,INITIALIZING,OK,VISUAL_INERTIAL
301,1761212584065,16.587601974606514,1.187587040476501,-6.501587573438883,-0.0014112778007984161,-0.5406398177146912,0.0032273828983306885,100,OK,INITIALIZING,OK,VISUAL_INERTIAL
302,1761212584082,16.40673726797104,0.9661479271017015,-6.5933335572481155,-0.0014353221049532294,-0.524963915348053,0.003122365800663829,100,OK,MAP_UPDATE,OK,VISUAL_INERTIAL
303,1761212584099,16.07285626232624,0.6537911831401289,-6.260436028242111,-0.001339079812169075,-0.5095672607421875,0.0030322775710374117,100,OK,MAP_UPDATE,OK,VISUAL_INERTIAL
304,1761212584115,15.501921996474266,0.5812854506075382,-6.1134896241128445,-0.0013406757498160005,-0.49462512135505676,0.0029624495655298233,100,OK,MAP_UPDATE,OK,VISUAL_INERTIAL
305,1761212584132,15.081199817359447,0.4333001852501184,-5.8638108894228935,-0.001330210012383759,-0.4807567298412323,0.002872178331017494,100,OK,MAP_UPDATE,OK,VISUAL_INERTIAL
306,1761212584149,14.542613178491592,0.4099200596101582,-5.596529692411423,-0.0013595207128673792,-0.46865707635879517,0.0028253665659576654,100,OK,MAP_UPDATE,OK,VISUAL_INERTIAL
307,1761212584165,14.018503949046135,0.3251464222557843,-5.381067283451557,-0.0013537644408643246,-0.45797696709632874,0.0027838372625410557,100,OK,MAP_UPDATE,OK,VISUAL_INERTIAL
308,1761212584182,13.626853004097939,0.024444088921882212,-5.320167634636164,-0.0012186563108116388,-0.4475803077220917,0.0026963362470269203,100,OK,MAP_UPDATE,OK,VISUAL_INERTIAL
309,1761212584199,13.237361796200275,-0.19869094830937684,-5.295529030263424,-0.0011976432288065553,-0.4365482032299042,0.002567099407315254,100,OK,MAP_UPDATE,OK,VISUAL_INERTIAL
310,1761212584216,12.662622146308422,-0.2779133792500943,-5.374533589929342,-0.0012458651326596737,-0.42444732785224915,0.002526500727981329,100,OK,MAP_UPDATE,OK,VISUAL_INERTIAL
311,1761212584232,11.980853974819183,-0.3385483578313142,-5.4551055654883385,-0.0013192626647651196,-0.4118656814098358,0.0024619847536087036,100,OK,MAP_UPDATE,OK,VISUAL_INERTIAL
312,1761212584249,11.456705629825592,-0.3520553291309625,-5.560270044952631,-0.001435416517779231,-0.39942511916160583,0.0024337132927030325,100,OK,MAP_UPDATE,OK,VISUAL_INERTIAL
313,1761212584265,11.456705629825592,-0.3520553291309625,-5.560270044952631,-0.001435416517779231,-0.39942511916160583,0.0024337132927030325,100,OK,MAP_UPDATE,OK,VISUAL_INERTIAL
314,1761212584283,10.6297442689538,-0.34862838219851255,-6.005075294524431,-0.0016927061369642615,-0.3769788146018982,0.0024161101318895817,100,OK,MAP_UPDATE,OK,VISUAL_INERTIAL
315,1761212584299,9.927166625857353,-0.268409465206787,-6.178161595016718,-0.0019054049625992775,-0.3651714026927948,0.0023549299221485853,100,OK,MAP_UPDATE,OK,VISUAL_INERTIAL
316,1761212584315,9.048404172062874,-0.2301787317264825,-6.444067694246769,-0.002111779758706689,-0.35104110836982727,0.002241596346721053,100,OK,MAP_UPDATE,OK,VISUAL_INERTIAL
317,1761212584332,8.089852519333363,-0.2707536914385855,-6.733279675245285,-0.0022844451013952494,-0.334917277097702,0.0021680952049791813,100,OK,MAP_UPDATE,OK,VISUAL_INERTIAL
318,1761212584349,7.100457791239023,-0.1736660924507305,-6.678947247564793,-0.0024933472741395235,-0.3180059790611267,0.002170972293242812,100,OK,MAP_UPDATE,OK,VISUAL_INERTIAL
319,1761212584365,6.353565491735935,-0.14275133435148746,-6.765028927475214,-0.0025700486730784178,-0.3011903166770935,0.0019958086777478456,100,OK,MAP_UPDATE,OK,VISUAL_INERTIAL
320,1761212584382,5.824278574436903,-0.030226319722714834,-6.557834334671497,-0.002666617278009653,-0.28470656275749207,0.0019605059642344713,100,OK,MAP_UPDATE,OK,VISUAL_INERTIAL
321,1761212584399,5.312239285558462,-0.02907836460508406,-6.271906197071075,-0.002734844107180834,-0.26831158995628357,0.0018969894153997302,100,OK,MAP_UPDATE,OK,VISUAL_INERTIAL
322,1761212584416,4.939293954521418,-0.15532239922322333,-5.793474614620209,-0.002762274816632271,-0.25105908513069153,0.0018509646179154515,100,OK,MAP_UPDATE,OK,VISUAL_INERTIAL
323,1761212584432,3.3680018968880177,-0.18183029897045344,-5.829823669046164,-0.0028877409640699625,-0.23336277902126312,0.0018177832243964076,100,OK,MAP_UPDATE,OK,VISUAL_INERTIAL
324,1761212584449,3.132716054096818,-0.15863844600971788,-5.584955215454102,-0.003110241610556841,-0.21346333622932434,0.001683792914263904,100,OK,MAP_UPDATE,OK,VISUAL_INERTIAL
325,1761212584465,1.4980981359258294,-0.33177671139128506,-5.573356989771128,-0.003170317504554987,-0.1938580572605133,0.0015294654294848442,100,OK,MAP_UPDATE,OK,VISUAL_INERTIAL
326,1761212584482,1.0797888971865177,-0.2516295644454658,-5.349693354219198,-0.00333905010484159,-0.17331372201442719,0.0014919087989255786,100,OK,MAP_UPDATE,OK,VISUAL_INERTIAL
327,1761212584499,0.8125572348944843,-0.5139884306117892,-4.966154228895903,-0.0033221039921045303,-0.15375660359859467,0.001428359653800726,100,OK,MAP_UPDATE,OK,VISUAL_INERTIAL
328,1761212584516,0.7696434622630477,-1.0264439042657614,-4.472620785236359,-0.0030776632484048605,-0.13510358333587646,0.0012956024147570133,100,OK,MAP_UPDATE,OK,VISUAL_INERTIAL
329,1761212584532,0.5240048049017787,-1.7075629439204931,-4.069074988365173,-0.002701705787330866,-0.11739377677440643,0.0012114919954910874,100,OK,MAP_UPDATE,OK,VISUAL_INERTIAL
330,1761212584549,-0.05078408867120743,-2.207765355706215,-3.611739492043853,-0.002489762380719185,-0.0990225151181221,0.0011860538506880403,100,OK,MAP_UPDATE,OK,VISUAL_INERTIAL
331,1761212584565,-0.6375497905537486,-2.3276167921721935,-3.176146186888218,-0.002586612245067954,-0.07962653785943985,0.0012111800024285913,100,OK,MAP_UPDATE,OK,VISUAL_INERTIAL
332,1761212584582,-1.3093841262161732,-2.3550859186798334,-2.8484563808888197,-0.0027906426694244146,-0.059528954327106476,0.00108519836794585,100,OK,MAP_UPDATE,OK,VISUAL_INERTIAL
333,1761212584599,-1.6728322952985764,-2.1811893675476313,-2.5150738656520844,-0.003143815789371729,-0.039810121059417725,0.0008172024972736835,100,OK,MAP_UPDATE,OK,VISUAL_INERTIAL
334,1761212584615,-1.3995266053825617,-1.933286665007472,-2.097396645694971,-0.0033829703461378813,-0.02103007584810257,0.0006394835654646158,100,OK,MAP_UPDATE,OK,VISUAL_INERTIAL
335,1761212584632,-1.2386143207550049,-1.6316617839038372,-1.686532748863101,-0.0036913303192704916,-0.0038023756351321936,0.0006608662661164999,100,OK,MAP_UPDATE,OK,VISUAL_INERTIAL
336,1761212584649,-1.117597334086895,-1.437834813259542,-1.1737503809854388,-0.0038866144604980946,0.012640206143260002,0.0005795342731289566,100,OK,MAP_UPDATE,OK,VISUAL_INERTIAL
337,1761212584666,-1.2269114376977086,-1.3235785299912095,-0.6969409296289086,-0.00400836206972599,0.029152369126677513,0.00039803958497941494,100,OK,MAP_UPDATE,OK,VISUAL_INERTIAL
338,1761212584682,-1.8138957675546408,-1.2779246317222714,-0.21552476391661912,-0.004105756059288979,0.045988667756319046,0.0003029241634067148,100,OK,MAP_UPDATE,OK,VISUAL_INERTIAL
339,1761212584699,-2.8890883550047874,-1.0776714188978076,0.20450568990781903,-0.0042894696816802025,0.06306178867816925,0.00025141777587123215,100,OK,MAP_UPDATE,OK,VISUAL_INERTIAL
340,1761212584717,-3.609530394896865,-1.0854449355974793,0.7398238522000611,-0.0043769339099526405,0.08022969216108322,0.00016613909974694252,100,OK,MAP_UPDATE,OK,VISUAL_INERTIAL
341,1761212584732,-4.547566641122103,-1.2722808169201016,1.0015261359512806,-0.004358930047601461,0.09570004045963287,-1.8537576806920697e-06,100,OK,MAP_UPDATE,OK,VISUAL_INERTIAL
342,1761212584749,-5.496239755302668,-1.1966547463089228,1.24483706895262,-0.004538970999419689,0.11259572952985764,-0.00019612304458860308,100,OK,MAP_UPDATE,OK,VISUAL_INERTIAL
343,1761212584765,-6.51907455176115,-1.0986225679516792,1.5714038163423538,-0.004622764885425568,0.13048601150512695,-0.00023333716671913862,100,OK,MAP_UPDATE,OK,VISUAL_INERTIAL
344,1761212584782,-7.230590097606182,-1.1753871804103255,1.9805957563221455,-0.004569526296108961,0.14955835044384003,-0.00038894545286893845,100,OK,MAP_UPDATE,OK,VISUAL_INERTIAL
345,1761212584799,-7.8323036432266235,-1.2191133573651314,2.477359725162387,-0.004576087463647127,0.1691124588251114,-0.00040902019827626646,100,OK,MAP_UPDATE,OK,VISUAL_INERTIAL
346,1761212584815,-8.259826339781284,-1.3151424936950207,3.083910560235381,-0.004479203838855028,0.18855755031108856,-0.0005385346012189984,100,OK,MAP_UPDATE,OK,VISUAL_INERTIAL
347,1761212584832,-8.776627480983734,-1.7186079639941454,3.8389491382986307,-0.0041663795709609985,0.20827098190784454,-0.0006513349362649024,100,OK,MAP_UPDATE,OK,VISUAL_INERTIAL
348,1761212584849,-9.705351665616035,-2.365648513659835,4.718235228210688,-0.0037851722445338964,0.22951143980026245,-0.0008163638412952423,100,OK,MAP_UPDATE,OK,VISUAL_INERTIAL
349,1761212584866,-9.152852930128574,-3.9025824517011642,6.120252888649702,-0.0028065217193216085,0.2535322606563568,-0.0012366928858682513,100,OK,MAP_UPDATE,OK,VISUAL_INERTIAL
350,1761212584882,-10.490433312952518,-4.132821224629879,6.904516834765673,-0.002770532388240099,0.2774356007575989,-0.0015369933098554611,100,OK,MAP_UPDATE,OK,VISUAL_INERTIAL
351,1761212584899,-11.192847043275833,-4.405381623655558,7.571423426270485,-0.002696192590519786,0.3008696436882019,-0.0016914273146539927,100,OK,MAP_UPDATE,OK,VISUAL_INERTIAL
352,1761212584915,-11.286952532827854,-4.91247558966279,8.062868379056454,-0.0024432423524558544,0.3230357766151428,-0.0017356600146740675,100,OK,MAP_UPDATE,OK,VISUAL_INERTIAL
353,1761212584932,-11.7070646956563,-4.949129186570644,8.835467509925365,-0.0024593640118837357,0.3446216583251953,-0.0018505813786759973,100,OK,MAP_UPDATE,OK,VISUAL_INERTIAL
354,1761212584949,-11.944170109927654,-4.663659259676933,9.5628397539258,-0.002910641487687826,0.3668477237224579,-0.0020093878265470266,100,OK,MAP_UPDATE,OK,VISUAL_INERTIAL
355,1761212584965,-12.27049995213747,-4.8787253908813,10.370025411248207,-0.003015942871570587,0.3886433243751526,-0.001855154405348003,100,OK,MAP_UPDATE,OK,VISUAL_INERTIAL
356,1761212584982,-12.783938087522984,-4.775043111294508,11.201059445738792,-0.0031808509957045317,0.4094356298446655,-0.0017702080076560378,100,OK,MAP_UPDATE,OK,VISUAL_INERTIAL
357,1761212584999,-12.735803611576557,-4.625339061021805,11.780244298279285,-0.003400015877559781,0.4290812611579895,-0.0018137426814064384,100,OK,MAP_UPDATE,OK,VISUAL_INERTIAL
358,1761212585015,-11.407886631786823,-4.001903813332319,11.559722013771534,-0.003977945074439049,0.4481472074985504,-0.0019058509496971965,100,OK,MAP_UPDATE,OK,VISUAL_INERTIAL
359,1761212585032,-12.183590792119503,-4.155907314270735,12.867492623627186,-0.003908621147274971,0.46437329053878784,-0.0017321000341325998,100,OK,MAP_UPDATE,OK,VISUAL_INERTIAL
360,1761212585049,-12.257506139576435,-3.303597681224346,13.459410518407822,-0.0046477788127958775,0.48111674189567566,-0.0020246601197868586,100,OK,MAP_UPDATE,OK,VISUAL_INERTIAL
361,1761212585065,-11.768256314098835,-2.545882249251008,13.900360092520714,-0.005226603709161282,0.49804791808128357,-0.0021083871833980083,100,OK,MAP_UPDATE,OK,VISUAL_INERTIAL
362,1761212585082,-11.726346798241138,-1.9701370038092136,14.291170984506607,-0.005625496152788401,0.5147833228111267,-0.0020808130502700806,100,OK,MAP_UPDATE,OK,VISUAL_INERTIAL
363,1761212585099,-12.047911062836647,-1.7379578202962875,14.756747521460056,-0.005729156080633402,0.5319964289665222,-0.0019865387585014105,100,OK,MAP_UPDATE,OK,VISUAL_INERTIAL
364,1761212585115,-13.714168220758438,-2.8823488391935825,15.502783469855785,-0.004879180807620287,0.5490732789039612,-0.0017887394642457366,100,OK,MAP_UPDATE,OK,VISUAL_INERTIAL
365,1761212585132,-15.041896142065525,-3.709143027663231,16.446389257907867,-0.004274729639291763,0.5669927000999451,-0.0018073953688144684,100,OK,MAP_UPDATE,OK,VISUAL_INERTIAL
366,1761212585149,-16.236307099461555,-4.430417902767658,17.67587848007679,-0.0037750580813735723,0.5854405164718628,-0.0018163990462198853,100,OK,MAP_UPDATE,OK,VISUAL_INERTIAL
367,1761212585166,-16.689276322722435,-5.034223664551973,18.10118369758129,-0.0035611120983958244,0.6056138873100281,-0.001987326191738248,100,OK,MAP_UPDATE,OK,VISUAL_INERTIAL
368,1761212585182,-17.315927892923355,-5.504435393959284,19.107148051261902,-0.0033960766158998013,0.626389741897583,-0.002177651273086667,100,OK,MAP_UPDATE,OK,VISUAL_INERTIAL
369,1761212585199,-17.814751714468002,-5.801643244922161,20.191669464111328,-0.0033102890010923147,0.647810697555542,-0.0021772757172584534,100,OK,MAP_UPDATE,OK,VISUAL_INERTIAL
370,1761212585215,-17.521388828754425,-5.778422579169273,21.074460819363594,-0.003471778705716133,0.669110119342804,-0.002301647327840328,100,OK,MAP_UPDATE,OK,VISUAL_INERTIAL
371,1761212585232,-17.366621643304825,-5.783142521977425,21.914536133408546,-0.0035625328309834003,0.6895012259483337,-0.002428228734061122,100,OK,MAP_UPDATE,OK,VISUAL_INERTIAL
372,1761212585249,-17.120815813541412,-5.824980791658163,22.569693624973297,-0.0036891407798975706,0.7083139419555664,-0.0025294513907283545,100,OK,MAP_UPDATE,OK,VISUAL_INERTIAL
373,1761212585265,-16.755498945713043,-5.580046679824591,23.102320730686188,-0.004059653729200363,0.7253127694129944,-0.0025978689081966877,100,OK,MAP_UPDATE,OK,VISUAL_INERTIAL
374,1761212585282,-16.660431399941444,-4.982265643775463,23.15208502113819,-0.004771901294589043,0.7404947876930237,-0.002660294296219945,100,OK,MAP_UPDATE,OK,VISUAL_INERTIAL
375,1761212585299,-16.44199527800083,-4.151287954300642,23.174339905381203,-0.0054829358123242855,0.7536750435829163,-0.002546612173318863,100,OK,MAP_UPDATE,OK,VISUAL_INERTIAL
376,1761212585315,-16.23956672847271,-3.5838026087731123,23.250525817275047,-0.005994376726448536,0.7650712132453918,-0.002460917690768838,100,OK,MAP_UPDATE,OK,VISUAL_INERTIAL
377,1761212585332,-16.0813108086586,-3.2410912681370974,23.242827504873276,-0.00632074847817421,0.7754289507865906,-0.0023565201554447412,100,OK,MAP_UPDATE,OK,VISUAL_INERTIAL
378,1761212585349,-16.17617718875408,-3.1752067152410746,23.545682430267334,-0.006436552386730909,0.7845004796981812,-0.002444364596158266,100,OK,MAP_UPDATE,OK,VISUAL_INERTIAL
379,1761212585365,-16.822436824440956,-3.4202556125819683,24.098273366689682,-0.006368259899318218,0.7926812171936035,-0.0027464081067591906,100,OK,MAP_UPDATE,OK,VISUAL_INERTIAL
380,1761212585382,-16.75298437476158,-3.3270479179918766,24.36887100338936,-0.0064703961834311485,0.8009265065193176,-0.0028740440029650927,100,OK,MAP_UPDATE,OK,VISUAL_INERTIAL
381,1761212585399,-16.719656065106392,-3.2689713407307863,24.672655388712883,-0.00644860602915287,0.8086162805557251,-0.003012273693457246,100,OK,MAP_UPDATE,OK,VISUAL_INERTIAL
382,1761212585415,-16.68810099363327,-3.273606766015291,25.049244984984398,-0.006348168943077326,0.8157501220703125,-0.0031135082244873047,100,OK,MAP_UPDATE,OK,VISUAL_INERTIAL
383,1761212585432,-17.285924404859543,-3.419328946620226,25.478018447756767,-0.006175641901791096,0.8222609758377075,-0.003018057905137539,100,OK,MAP_UPDATE,OK,VISUAL_INERTIAL
384,1761212585449,-17.76251755654812,-3.5606701858341694,26.092322543263435,-0.005961310584098101,0.8292025923728943,-0.002902704058215022,100,OK,MAP_UPDATE,OK,VISUAL_INERTIAL
385,1761212585465,-18.146665766835213,-3.7042461335659027,26.826193556189537,-0.005725842900574207,0.8371887803077698,-0.002754296874627471,100,OK,MAP_UPDATE,OK,VISUAL_INERTIAL
386,1761212585482,-18.46415363252163,-3.790477756410837,27.71694026887417,-0.005564849823713303,0.846307635307312,-0.0027032813522964716,100,OK,MAP_UPDATE,OK,VISUAL_INERTIAL
387,1761212585499,-18.731361255049706,-3.834773553535342,28.48300337791443,-0.005550697445869446,0.8561529517173767,-0.002719483571127057,100,OK,MAP_UPDATE,OK,VISUAL_INERTIAL
388,1761212585515,-18.799325451254845,-3.7427162751555443,29.29234690964222,-0.005654974840581417,0.8661243319511414,-0.0027773897163569927,100,OK,MAP_UPDATE,OK,VISUAL_INERTIAL
389,1761212585532,-18.834788352251053,-3.7137982435524464,29.63494509458542,-0.005694813560694456,0.8760946989059448,-0.0027700660284608603,100,OK,MAP_UPDATE,OK,VISUAL_INERTIAL
390,1761212585549,-18.7222883105278,-3.700714325532317,29.76755052804947,-0.005725107155740261,0.8860260844230652,-0.0027977018617093563,100,OK,MAP_UPDATE,OK,VISUAL_INERTIAL
391,1761212585565,-18.65406520664692,-3.7133884616196156,29.796944931149483,-0.005733757745474577,0.8961001634597778,-0.0028651722241193056,100,OK,MAP_UPDATE,OK,VISUAL_INERTIAL
392,1761212585582,-18.47795397043228,-3.7746019661426544,29.847266152501106,-0.005736608989536762,0.9060536026954651,-0.0029305811040103436,100,OK,MAP_UPDATE,OK,VISUAL_INERTIAL
393,1761212585599,-18.47795397043228,-3.7746019661426544,29.847266152501106,-0.005736608989536762,0.9060536026954651,-0.0029305811040103436,100,OK,MAP_UPDATE,OK,VISUAL_INERTIAL
394,1761212585615,-18.27983371913433,-3.9915600791573524,30.15333227813244,-0.005627314560115337,0.9241576790809631,-0.0029264758341014385,100,OK,MAP_UPDATE,OK,VISUAL_INERTIAL
395,1761212585632,-18.512310460209846,-4.242877941578627,30.638249590992928,-0.0055122231133282185,0.9316995739936829,-0.0028631200548261404,100,OK,MAP_UPDATE,OK,VISUAL_INERTIAL
396,1761212585649,-18.366146832704544,-4.336330108344555,30.3308367729187,-0.005461524240672588,0.9383175373077393,-0.002866924274712801,100,OK,MAP_UPDATE,OK,VISUAL_INERTIAL
397,1761212585665,-18.16342957317829,-4.238603636622429,30.207842588424683,-0.0055449591018259525,0.9435362815856934,-0.002938253106549382,100,OK,MAP_UPDATE,OK,VISUAL_INERTIAL
398,1761212585682,-17.948446795344353,-4.223013762384653,30.08328750729561,-0.005524800159037113,0.9469746351242065,-0.0028805676847696304,100,OK,MAP_UPDATE,OK,VISUAL_INERTIAL
399,1761212585699,-17.75329001247883,-4.166433587670326,29.957754537463188,-0.0055207377299666405,0.9483163356781006,-0.002796197310090065,100,OK,MAP_UPDATE,OK,VISUAL_INERTIAL
400,1761212585715,-18.236614763736725,-4.15297644212842,29.824255034327507,-0.0054865130223333836,0.9471824169158936,-0.0025936474557965994,100,OK,MAP_UPDATE,OK,VISUAL_INERTIAL
401,1761212585732,-18.58457364141941,-4.099475219845772,29.67868559062481,-0.005472902674227953,0.9447027444839478,-0.0025366502813994884,100,OK,MAP_UPDATE,OK,VISUAL_INERTIAL
402,1761212585749,-18.775464966893196,-4.113301169127226,29.499748721718788,-0.005417787469923496,0.9399405121803284,-0.002432530978694558,100,OK,MAP_UPDATE,OK,VISUAL_INERTIAL
403,1761212585765,-18.843410536646843,-4.086747299879789,29.15399707853794,-0.0053586820140480995,0.9322155117988586,-0.0023540561087429523,100,OK,MAP_UPDATE,OK,VISUAL_INERTIAL
404,1761212585782,-18.86536367237568,-4.062426742166281,28.742535039782524,-0.005275648087263107,0.9217408895492554,-0.002217010362073779,100,OK,MAP_UPDATE,OK,VISUAL_INERTIAL
405,1761212585799,-18.915610387921333,-4.1018580086529255,28.324289247393608,-0.005170510616153479,0.9094850420951843,-0.0021890464704483747,100,OK,MAP_UPDATE,OK,VISUAL_INERTIAL
406,1761212585815,-19.1423911601305,-4.061596468091011,28.08505855500698,-0.005095089320093393,0.8974170684814453,-0.0021945894695818424,100,OK,MAP_UPDATE,OK,VISUAL_INERTIAL
407,1761212585832,-19.40193586051464,-4.102946259081364,27.93124131858349,-0.004975516814738512,0.8859767317771912,-0.0022246448788791895,100,OK,MAP_UPDATE,OK,VISUAL_INERTIAL
408,1761212585849,-19.657906144857407,-4.068594891577959,27.827855199575424,-0.00494102668017149,0.8745903372764587,-0.002332958159968257,100,OK,MAP_UPDATE,OK,VISUAL_INERTIAL
409,1761212585865,-19.808761775493622,-4.012114368379116,27.687957510352135,-0.004967680666595697,0.8634464144706726,-0.0024655412416905165,100,OK,MAP_UPDATE,OK,VISUAL_INERTIAL
410,1761212585882,-19.828274846076965,-4.07845014706254,27.418559417128563,-0.004951401613652706,0.8526940941810608,-0.0024358935188502073,100,OK,MAP_UPDATE,OK,VISUAL_INERTIAL
411,1761212585899,-19.85040120780468,-4.154301714152098,27.10696868598461,-0.0049196588806807995,0.8433730006217957,-0.002454835921525955,100,OK,MAP_UPDATE,OK,VISUAL_INERTIAL
412,1761212585915,-19.92969587445259,-4.211449529975653,26.70101448893547,-0.004939897917211056,0.835555911064148,-0.002590277697890997,100,OK,MAP_UPDATE,OK,VISUAL_INERTIAL
413,1761212585932,-19.86292563378811,-4.252207465469837,26.3776034116745,-0.00498545914888382,0.8282887935638428,-0.0027133773546665907,100,OK,MAP_UPDATE,OK,VISUAL_INERTIAL
414,1761212585949,-19.656376913189888,-4.351221490651369,25.886526331305504,-0.004922943655401468,0.8195609450340271,-0.0027347432915121317,100,OK,MAP_UPDATE,OK,VISUAL_INERTIAL
415,1761212585965,-19.281992688775063,-4.289728123694658,24.868547916412354,-0.004881641361862421,0.807403564453125,-0.002774178981781006,100,OK,MAP_UPDATE,OK,VISUAL_INERTIAL
416,1761212585982,-17.943762242794037,-4.001438617706299,22.654719650745392,-0.005136976484209299,0.7936162352561951,-0.0026949162129312754,100,OK,MAP_UPDATE,OK,VISUAL_INERTIAL
417,1761212585999,-18.336212262511253,-4.139090422540903,22.598594427108765,-0.0049571446143090725,0.7773844003677368,-0.002603506902232766,100,OK,MAP_UPDATE,OK,VISUAL_INERTIAL
418,1761212586016,-18.4475127607584,-3.9491569623351097,22.30004221200943,-0.0049222796224057674,0.7622066736221313,-0.0025071161799132824,100,OK,MAP_UPDATE,OK,VISUAL_INERTIAL
419,1761212586032,-18.54058913886547,-4.0290262550115585,21.9422634691,-0.004712492693215609,0.746941328048706,-0.002338445745408535,100,OK,MAP_UPDATE,OK,VISUAL_INERTIAL
420,1761212586049,-17.623143270611763,-4.402449820190668,20.598730072379112,-0.00428750179708004,0.7293968200683594,-0.0020223865285515785,100,OK,MAP_UPDATE,OK,VISUAL_INERTIAL
421,1761212586066,-17.174532637000084,-4.5559583231806755,19.247915595769882,-0.0040550013072788715,0.7078166007995605,-0.0020326953381299973,100,OK,MAP_UPDATE,OK,VISUAL_INERTIAL
422,1761212586082,-17.006071284413338,-4.6697622165083885,18.600957468152046,-0.003923790063709021,0.6862494349479675,-0.001768630463629961,100,OK,MAP_UPDATE,OK,VISUAL_INERTIAL
423,1761212586099,-17.44121126830578,-4.520989488810301,18.30711029469967,-0.003889563027769327,0.6686159372329712,-0.0016746566398069263,100,OK,MAP_UPDATE,OK,VISUAL_INERTIAL
424,1761212586115,-18.862348049879074,-4.688892047852278,19.138403236865997,-0.0036027042660862207,0.6556244492530823,-0.0017495836364105344,100,OK,MAP_UPDATE,OK,VISUAL_INERTIAL
425,1761212586132,-19.775742664933205,-4.9924165941774845,19.24692466855049,-0.00337619730271399,0.6449466347694397,-0.0018515768460929394,100,OK,MAP_UPDATE,OK,VISUAL_INERTIAL
426,1761212586149,-19.533786922693253,-5.10700698941946,19.069824367761612,-0.003288677893579006,0.6324940323829651,-0.001981876092031598,100,OK,MAP_UPDATE,OK,VISUAL_INERTIAL
427,1761212586165,-19.044548273086548,-5.2008964121341705,18.57646368443966,-0.0032609004992991686,0.6179367899894714,-0.0020453648176044226,100,OK,MAP_UPDATE,OK,VISUAL_INERTIAL
428,1761212586182,-18.61887238919735,-5.299662239849567,17.96785369515419,-0.00324288010597229,0.6036224365234375,-0.002034207107499242,100,OK,MAP_UPDATE,OK,VISUAL_INERTIAL
429,1761212586199,-18.406925722956657,-5.154287908226252,17.544027417898178,-0.0033312735613435507,0.5909624695777893,-0.002064612228423357,100,OK,MAP_UPDATE,OK,VISUAL_INERTIAL
430,1761212586215,-19.067702814936638,-4.8044659197330475,17.19363033771515,-0.0035580142866820097,0.5785729885101318,-0.0017437058268114924,100,OK,MAP_UPDATE,OK,VISUAL_INERTIAL
431,1761212586232,-19.24535632133484,-4.504552576690912,16.736675053834915,-0.0036465569864958525,0.5649614930152893,-0.0014381814980879426,100,OK,MAP_UPDATE,OK,VISUAL_INERTIAL
432,1761212586249,-18.894465640187263,-4.237933084368706,15.903091058135033,-0.0036358842626214027,0.5489587783813477,-0.0012427184265106916,100,OK,MAP_UPDATE,OK,VISUAL_INERTIAL
433,1761212586265,-18.57571490108967,-3.8123764097690582,15.27450978755951,-0.003723908681422472,0.5328822135925293,-0.0011409283615648746,100,OK,MAP_UPDATE,OK,VISUAL_INERTIAL
434,1761212586282,-18.523842096328735,-3.5309733357280493,14.64045513421297,-0.003822366939857602,0.5198737382888794,-0.0010006757220253348,100,OK,MAP_UPDATE,OK,VISUAL_INERTIAL
435,1761212586299,-19.030559808015823,-3.3518753480166197,14.95333667844534,-0.003820613492280245,0.509472668170929,-0.0009430977515876293,100,OK,MAP_UPDATE,OK,VISUAL_INERTIAL
436,1761212586315,-19.10281553864479,-3.2631612848490477,14.915947802364826,-0.003777633188292384,0.49984419345855713,-0.0010349188232794404,100,OK,MAP_UPDATE,OK,VISUAL_INERTIAL
437,1761212586332,-18.513131886720657,-3.153619822114706,14.48708400130272,-0.0038378986064344645,0.4880313575267792,-0.0011369233252480626,100,OK,MAP_UPDATE,OK,VISUAL_INERTIAL
438,1761212586349,-17.53721386194229,-3.2211514189839363,13.71484063565731,-0.003776753321290016,0.4728209972381592,-0.0012674224562942982,100,OK,MAP_UPDATE,OK,VISUAL_INERTIAL
439,1761212586365,-16.727926209568977,-2.94034113176167,12.814932502806187,-0.0039510359056293964,0.45601844787597656,-0.0012175528099760413,100,OK,MAP_UPDATE,OK,VISUAL_INERTIAL
440,1761212586382,-16.43088087439537,-2.88927904330194,12.137144804000854,-0.0039351386949419975,0.44037720561027527,-0.0012206692481413484,100,OK,MAP_UPDATE,OK,VISUAL_INERTIAL
441,1761212586399,-16.386350616812706,-2.9869580175727606,11.77044678479433,-0.0038654236122965813,0.42657703161239624,-0.0012167354580014944,100,OK,MAP_UPDATE,OK,VISUAL_INERTIAL
442,1761212586416,-16.208188608288765,-2.738755429163575,11.43490057438612,-0.004043825436383486,0.412424772977829,-0.0010591852478682995,100,OK,MAP_UPDATE,OK,VISUAL_INERTIAL
443,1761212586432,-15.549502335488796,-2.6540718972682953,10.760122910141945,-0.004050291143357754,0.3950647711753845,-0.0008273543789982796,100,OK,MAP_UPDATE,OK,VISUAL_INERTIAL
444,1761212586449,-14.143401756882668,-2.235017716884613,9.564549662172794,-0.00415221368893981,0.3730979263782501,-0.00035657951957546175,100,OK,MAP_UPDATE,OK,VISUAL_INERTIAL
445,1761212586465,-12.653937563300133,-1.2821726268157363,8.79842508584261,-0.004655647557228804,0.35006481409072876,2.354000389459543e-05,100,OK,MAP_UPDATE,OK,VISUAL_INERTIAL
446,1761212586482,-12.491590343415737,-1.42096437048167,7.933041080832481,-0.004515537526458502,0.3299185335636139,0.00014976145757827908,100,OK,MAP_UPDATE,OK,VISUAL_INERTIAL
447,1761212586499,-14.010611921548843,-1.893266336992383,7.690788246691227,-0.004188536200672388,0.313877135515213,0.00025949213886633515,100,OK,MAP_UPDATE,OK,VISUAL_INERTIAL
448,1761212586516,-15.496408566832542,-2.465976634994149,7.763659581542015,-0.003876282600685954,0.3012439012527466,0.00014610594371333718,100,OK,MAP_UPDATE,OK,VISUAL_INERTIAL
449,1761212586532,-16.03544130921364,-3.456054488196969,7.413752377033234,-0.003439994528889656,0.28942227363586426,-9.119683090830222e-05,100,OK,MAP_UPDATE,OK,VISUAL_INERTIAL
450,1761212586549,-15.550917945802212,-4.226807504892349,6.950000766664743,-0.0031725403387099504,0.2756057679653168,-0.00023689866065979004,100,OK,MAP_UPDATE,OK,VISUAL_INERTIAL
451,1761212586565,-14.309586957097054,-4.924701992422342,6.406011991202831,-0.002894431585446,0.2601011097431183,-0.00017237216525245458,100,OK,MAP_UPDATE,OK,VISUAL_INERTIAL
452,1761212586582,-13.368198648095131,-5.139146000146866,5.710013676434755,-0.0028669114690274,0.24371547996997833,-7.886768435128033e-05,100,OK,MAP_UPDATE,OK,VISUAL_INERTIAL
453,1761212586599,-13.059879653155804,-5.221266765147448,5.211653653532267,-0.002764336997643113,0.22764770686626434,9.331514593213797e-05,100,OK,MAP_UPDATE,OK,VISUAL_INERTIAL
454,1761212586615,-12.970675714313984,-5.123651586472988,4.460452124476433,-0.002717784373089671,0.21218039095401764,0.0003779011021833867,100,OK,MAP_UPDATE,OK,VISUAL_INERTIAL
455,1761212586632,-12.997033074498177,-5.108501762151718,4.015762358903885,-0.002617225982248783,0.19663982093334198,0.000657209602650255,100,OK,MAP_UPDATE,OK,VISUAL_INERTIAL
456,1761212586649,-12.92128674685955,-4.959155339747667,3.5384143702685833,-0.0026570851914584637,0.1816212385892868,0.0007988014258444309,100,OK,MAP_UPDATE,OK,VISUAL_INERTIAL
457,1761212586665,-13.067938387393951,-4.843433853238821,3.003267338499427,-0.0027136490680277348,0.16749881207942963,0.0008688530651852489,100,OK,MAP_UPDATE,OK,VISUAL_INERTIAL
458,1761212586682,-12.764851562678814,-4.978160839527845,2.606752561405301,-0.0026069176383316517,0.1547609120607376,0.0007932742009870708,100,OK,MAP_UPDATE,OK,VISUAL_INERTIAL
459,1761212586699,-12.209409847855568,-5.144682247191668,2.3455850314348936,-0.0025130314752459526,0.1426563411951065,0.0007721394649706781,100,OK,MAP_UPDATE,OK,VISUAL_INERTIAL
460,1761212586715,-11.492942459881306,-5.192331038415432,2.147446619346738,-0.00247384887188673,0.1308554857969284,0.0007762849563732743,100,OK,MAP_UPDATE,OK,VISUAL_INERTIAL
461,1761212586732,-10.77166385948658,-4.898513667285442,1.9887937232851982,-0.0025909736286848783,0.1194610595703125,0.000770126935094595,100,OK,MAP_UPDATE,OK,VISUAL_INERTIAL
462,1761212586749,-9.698846377432346,-4.736764822155237,1.9478737376630306,-0.002608776791021228,0.1082998663187027,0.0008459320524707437,100,OK,MAP_UPDATE,OK,VISUAL_INERTIAL
463,1761212586765,-8.181503042578697,-4.858546424657106,2.0182435400784016,-0.0023708613589406013,0.09671153873205185,0.0008834423497319221,100,OK,MAP_UPDATE,OK,VISUAL_INERTIAL
464,1761212586782,-7.217162754386663,-4.716488532721996,1.7463145777583122,-0.0023202584125101566,0.08404786884784698,0.0009157315944321454,100,OK,MAP_UPDATE,OK,VISUAL_INERTIAL
465,1761212586799,-6.746992468833923,-4.63895732536912,1.347310608252883,-0.002259037224575877,0.07131127268075943,0.0010293485829606652,100,OK,MAP_UPDATE,OK,VISUAL_INERTIAL
466,1761212586815,-6.445522420108318,-4.436748567968607,1.1206358904018998,-0.0023238519206643105,0.05907900631427765,0.0011632224777713418,100,OK,MAP_UPDATE,OK,VISUAL_INERTIAL
467,1761212586832,-6.080126389861107,-4.5025534927845,0.8853775216266513,-0.0022373672109097242,0.04723583534359932,0.0011832818854600191,100,OK,MAP_UPDATE,OK,VISUAL_INERTIAL
468,1761212586849,-5.702808033674955,-4.61822934448719,0.5930402548983693,-0.002110800240188837,0.03539751470088959,0.0012298165820538998,100,OK,MAP_UPDATE,OK,VISUAL_INERTIAL
469,1761212586865,-5.115731619298458,-4.743052180856466,0.37365485331974924,-0.0019687125459313393,0.022735878825187683,0.0012532295659184456,100,OK,MAP_UPDATE,OK,VISUAL_INERTIAL
470,1761212586882,-4.494700580835342,-5.11145731434226,0.450992927653715,-0.0016951971920207143,0.00849821139127016,0.001208781497552991,100,OK,MAP_UPDATE,OK,VISUAL_INERTIAL
471,1761212586899,-3.014463931322098,-4.97323926538229,0.18706156697589904,-0.0015945725608617067,-0.007262172643095255,0.0013349101645871997,100,OK,MAP_UPDATE,OK,VISUAL_INERTIAL
472,1761212586915,-1.76351482514292,-4.760980140417814,-0.041811919800238684,-0.001506804139353335,-0.023859461769461632,0.0014721669722348452,100,OK,MAP_UPDATE,OK,VISUAL_INERTIAL
473,1761212586932,-1.3002873165532947,-4.772288724780083,-0.34504494396969676,-0.0013469012919813395,-0.03988633677363396,0.0014274000423029065,100,OK,MAP_UPDATE,OK,VISUAL_INERTIAL
474,1761212586949,-0.42529168422333896,-4.599969834089279,-0.7502317894250154,-0.0014315205626189709,-0.05438559874892235,0.0012899786233901978,100,OK,MAP_UPDATE,OK,VISUAL_INERTIAL
475,1761212586965,0.4657173412851989,-4.317424260079861,-1.0418344754725695,-0.001524367486126721,-0.0682421326637268,0.0012472805101424456,100,OK,MAP_UPDATE,OK,VISUAL_INERTIAL
476,1761212586982,1.2718101497739553,-4.151233937591314,-1.2904292671009898,-0.0014302143827080727,-0.08291701227426529,0.001275256392545998,100,OK,MAP_UPDATE,OK,VISUAL_INERTIAL
477,1761212586999,2.404513070359826,-3.9197495207190514,-1.4901756076142192,-0.001308176084421575,-0.09909221529960632,0.0013728684280067682,100,OK,MAP_UPDATE,OK,VISUAL_INERTIAL
478,1761212587016,3.6455830559134483,-3.8864172529429197,-1.740015228278935,-0.0011027047876268625,-0.11682863533496857,0.0012726348359137774,100,OK,MAP_UPDATE,OK,VISUAL_INERTIAL
479,1761212587032,4.488666076213121,-3.9576618000864983,-1.8975842976942658,-0.0009673118474893272,-0.13290099799633026,0.0010436509037390351,100,OK,MAP_UPDATE,OK,VISUAL_INERTIAL
480,1761212587049,4.342928063124418,-4.137903917580843,-2.236316679045558,-0.0008309530676342547,-0.14677274227142334,0.0008893231861293316,100,OK,MAP_UPDATE,OK,VISUAL_INERTIAL
481,1761212587065,3.877422772347927,-4.249182064086199,-2.4455897510051727,-0.000811317004263401,-0.1582140028476715,0.000811318343039602,100,OK,MAP_UPDATE,OK,VISUAL_INERTIAL
482,1761212587082,3.5063191317021847,-4.243089817464352,-2.8321873396635056,-0.0008302827482111752,-0.16840791702270508,0.0008579381974413991,100,OK,MAP_UPDATE,OK,VISUAL_INERTIAL
483,1761212587099,3.4965926315635443,-4.241330549120903,-3.1998439226299524,-0.0008137954864650965,-0.17808032035827637,0.0010570301674306393,100,OK,MAP_UPDATE,OK,VISUAL_INERTIAL
484,1761212587115,3.6835193168371916,-4.032423719763756,-3.464857814833522,-0.0008896733052097261,-0.18844923377037048,0.0012302919058129191,100,OK,MAP_UPDATE,OK,VISUAL_INERTIAL
485,1761212587132,4.538047593086958,-3.035341389477253,-3.672066144645214,-0.0014289923710748553,-0.19933350384235382,0.0014685848727822304,100,OK,MAP_UPDATE,OK,VISUAL_INERTIAL
486,1761212587149,5.206074565649033,-2.5651920586824417,-3.807726548984647,-0.0015405635349452496,-0.21058669686317444,0.001683724345639348,100,OK,MAP_UPDATE,OK,VISUAL_INERTIAL
487,1761212587165,5.694315303117037,-2.2851191461086273,-3.952931147068739,-0.0015976292779669166,-0.22160959243774414,0.0017777372850105166,100,OK,MAP_UPDATE,OK,VISUAL_INERTIAL
488,1761212587182,6.080310791730881,-2.1602283231914043,-4.027009941637516,-0.0016243053833022714,-0.23186784982681274,0.0018178578466176987,100,OK,MAP_UPDATE,OK,VISUAL_INERTIAL
489,1761212587199,6.421311292797327,-1.7105251317843795,-4.2306468822062016,-0.0019455989822745323,-0.24179954826831818,0.001872575026936829,100,OK,MAP_UPDATE,OK,VISUAL_INERTIAL
490,1761212587215,7.024161983281374,-1.3843730557709932,-4.351675044745207,-0.0020525993313640356,-0.25327587127685547,0.001962681533768773,100,OK,MAP_UPDATE,OK,VISUAL_INERTIAL
491,1761212587232,8.068833500146866,-1.1678584851324558,-4.340195097029209,-0.0019295919919386506,-0.26784273982048035,0.002030577277764678,100,OK,MAP_UPDATE,OK,VISUAL_INERTIAL
492,1761212587249,9.416906163096428,-1.0970005532726645,-4.006184637546539,-0.0017161838477477431,-0.2846217155456543,0.002094618510454893,100,OK,MAP_UPDATE,OK,VISUAL_INERTIAL
493,1761212587265,10.41362527757883,-1.1874932097271085,-3.7237023934721947,-0.0015218090265989304,-0.3013923168182373,0.00212405389174819,100,OK,MAP_UPDATE,OK,VISUAL_INERTIAL
494,1761212587282,10.620654560625553,-1.3486447278410196,-3.868102328851819,-0.0013975923648104072,-0.3157959282398224,0.00218772585503757,100,OK,MAP_UPDATE,OK,VISUAL_INERTIAL
495,1761212587299,10.20150352269411,-1.5550805255770683,-4.359602462500334,-0.0013625186402350664,-0.3269478678703308,0.0022728180047124624,100,OK,MAP_UPDATE,OK,VISUAL_INERTIAL
496,1761212587315,9.511562995612621,-1.715808524750173,-4.855638835579157,-0.0014155869139358401,-0.33577603101730347,0.0022914172150194645,100,OK,MAP_UPDATE,OK,VISUAL_INERTIAL
497,1761212587332,9.095124900341034,-1.809873036108911,-5.324384663254023,-0.0014670613454654813,-0.34300482273101807,0.0023399367928504944,100,OK,MAP_UPDATE,OK,VISUAL_INERTIAL
498,1761212587349,8.832292631268501,-1.8610081169754267,-5.644899792969227,-0.0015001044375821948,-0.3484666645526886,0.002383968560025096,100,OK,MAP_UPDATE,OK,VISUAL_INERTIAL
499,1761212587365,8.645456284284592,-1.777015975676477,-5.813786759972572,-0.0016363831236958504,-0.3510330319404602,0.0024029025807976723,100,OK,MAP_UPDATE,OK,VISUAL_INERTIAL
500,1761212587382,8.274520747363567,-1.7673507099971175,-6.131830159574747,-0.00179605046287179,-0.35139134526252747,0.002445048186928034,100,OK,MAP_UPDATE,OK,VISUAL_INERTIAL
501,1761212587399,8.148648776113987,-1.7862279200926423,-6.31240988150239,-0.0019635034259408712,-0.3509742319583893,0.0024679109919816256,100,OK,MAP_UPDATE,OK,VISUAL_INERTIAL
502,1761212587415,8.346788585186005,-1.6816117567941546,-6.43047783523798,-0.0021345021668821573,-0.3501877188682556,0.0025168273132294416,100,OK,MAP_UPDATE,OK,VISUAL_INERTIAL
503,1761212587432,8.449598215520382,-1.6377012943848968,-6.422992795705795,-0.002213540952652693,-0.34781381487846375,0.002514161169528961,100,OK,MAP_UPDATE,OK,VISUAL_INERTIAL
504,1761212587449,8.259458467364311,-1.5464539173990488,-6.434842012822628,-0.002225174568593502,-0.34286683797836304,0.002534176455810666,100,OK,MAP_UPDATE,OK,VISUAL_INERTIAL
505,1761212587465,7.930540479719639,-1.5650986460968852,-6.396178156137466,-0.0021751911845058203,-0.3351965844631195,0.002486058045178652,100,OK,MAP_UPDATE,OK,VISUAL_INERTIAL
506,1761212587482,7.442823611199856,-1.5291563468053937,-6.35373592376709,-0.0021938474383205175,-0.325376957654953,0.0025027338415384293,100,OK,MAP_UPDATE,OK,VISUAL_INERTIAL
507,1761212587499,6.884432397782803,-1.5435529639944434,-6.369803100824356,-0.0022748808842152357,-0.31375667452812195,0.0025145357940346003,100,OK,MAP_UPDATE,OK,VISUAL_INERTIAL
508,1761212587515,6.422091741114855,-1.5505253104493022,-6.3488376326859,-0.002434193156659603,-0.30066943168640137,0.002457693684846163,100,OK,MAP_UPDATE,OK,VISUAL_INERTIAL
509,1761212587532,5.942512769252062,-1.5695719048380852,-6.356304045766592,-0.0025910877157002687,-0.2868936061859131,0.002392090857028961,100,OK,MAP_UPDATE,OK,VISUAL_INERTIAL
510,1761212587549,5.693280138075352,-1.4748122775927186,-6.2503451481461525,-0.0027757645584642887,-0.27319586277008057,0.0023457007482647896,100,OK,MAP_UPDATE,OK,VISUAL_INERTIAL
511,1761212587565,5.620005074888468,-1.4740570914000273,-5.910158157348633,-0.0027923958841711283,-0.26044076681137085,0.0023048685397952795,100,OK,MAP_UPDATE,OK,VISUAL_INERTIAL
512,1761212587582,5.7623800821602345,-1.4372505247592926,-5.51973283290863,-0.002722109667956829,-0.24896389245986938,0.0022883948404341936,100,OK,MAP_UPDATE,OK,VISUAL_INERTIAL
513,1761212587599,5.978837143629789,-1.4494891511276364,-5.058725364506245,-0.002573300851508975,-0.23863759636878967,0.0022462252527475357,100,OK,MAP_UPDATE,OK,VISUAL_INERTIAL
514,1761212587615,6.0650077648460865,-1.4720011968165636,-4.652752541005611,-0.0024653926957398653,-0.22920915484428406,0.0021921321749687195,100,OK,MAP_UPDATE,OK,VISUAL_INERTIAL
515,1761212587632,5.88549580425024,-1.4869229635223746,-4.385959822684526,-0.0024135420098900795,-0.22000154852867126,0.0021283626556396484,100,OK,MAP_UPDATE,OK,VISUAL_INERTIAL
516,1761212587649,5.510576535016298,-1.573698129504919,-4.194787237793207,-0.0024001100100576878,-0.21025903522968292,0.002029439667239785,100,OK,MAP_UPDATE,OK,VISUAL_INERTIAL
517,1761212587665,4.900516010820866,-1.5960639575496316,-4.105652216821909,-0.002483254298567772,-0.19974830746650696,0.0019435313297435641,100,OK,MAP_UPDATE,OK,VISUAL_INERTIAL
518,1761212587682,4.105700645595789,-1.670602592639625,-4.155460279434919,-0.0025700281839817762,-0.18795610964298248,0.001849216758273542,100,OK,MAP_UPDATE,OK,VISUAL_INERTIAL
519,1761212587699,3.1747191678732634,-1.6279804985970259,-4.290984477847815,-0.002713831840083003,-0.17446361482143402,0.0017505536088719964,100,OK,MAP_UPDATE,OK,VISUAL_INERTIAL
520,1761212587715,1.0936842299997807,-1.8629954429343343,-4.453526344150305,-0.002753133187070489,-0.16045424342155457,0.0016398787265643477,100,OK,MAP_UPDATE,OK,VISUAL_INERTIAL
521,1761212587732,1.267621642909944,-1.8101243767887354,-4.433248192071915,-0.0028814368415623903,-0.1440831571817398,0.0015476386761292815,100,OK,MAP_UPDATE,OK,VISUAL_INERTIAL
522,1761212587749,0.5838598008267581,-1.7246792558580637,-4.241548012942076,-0.0030331998132169247,-0.12866193056106567,0.001453301520086825,100,OK,MAP_UPDATE,OK,VISUAL_INERTIAL
523,1761212587765,0.05413472536019981,-1.6700905980542302,-3.9335601031780243,-0.0030880605336278677,-0.11347534507513046,0.001504629384726286,100,OK,MAP_UPDATE,OK,VISUAL_INERTIAL
524,1761212587782,-0.7281014695763588,-1.7036296194419265,-3.711953293532133,-0.0031894950661808252,-0.09714695811271667,0.0015087004285305738,100,OK,MAP_UPDATE,OK,VISUAL_INERTIAL
525,1761212587799,-3.5146637819707394,-1.986197428777814,-3.482633735984564,-0.0032961650285869837,-0.07934743911027908,0.001455649733543396,100,OK,MAP_UPDATE,OK,VISUAL_INERTIAL
526,1761212587815,-5.494006909430027,-2.210188191384077,-3.2687108032405376,-0.0034362166188657284,-0.057664915919303894,0.0013326146872714162,100,OK,MAP_UPDATE,OK,VISUAL_INERTIAL
527,1761212587832,-4.244573414325714,-2.01013358309865,-3.202883992344141,-0.003727006958797574,-0.03267873078584671,0.0011017866199836135,100,OK,MAP_UPDATE,OK,VISUAL_INERTIAL
528,1761212587849,-4.296314902603626,-1.7079273238778114,-2.704513957723975,-0.004014856182038784,-0.010086008347570896,0.0009961206233128905,100,OK,MAP_UPDATE,OK,VISUAL_INERTIAL
529,1761212587865,-4.326581954956055,-1.6614226624369621,-2.077552257105708,-0.00415482884272933,0.0104945357888937,0.0007764523616060615,100,OK,MAP_UPDATE,OK,VISUAL_INERTIAL
530,1761212587882,-4.185387399047613,-1.6219234094023705,-1.2774185743182898,-0.004229279700666666,0.02928067184984684,0.0006796841626055539,100,OK,MAP_UPDATE,OK,VISUAL_INERTIAL
531,1761212587899,-4.332317505031824,-1.3973552267998457,-0.459128525108099,-0.0043612197041511536,0.04634653404355049,0.0005658173467963934,100,OK,MAP_UPDATE,OK,VISUAL_INERTIAL
532,1761212587915,-4.161720164120197,-1.203311257995665,0.3418083069846034,-0.004399691708385944,0.06256985664367676,0.0004892948782071471,100,OK,MAP_UPDATE,OK,VISUAL_INERTIAL
533,1761212587932,-3.898903261870146,-0.7270852802321315,0.9341947152279317,-0.004598819185048342,0.07866408675909042,0.0004272765654604882,100,OK,MAP_UPDATE,OK,VISUAL_INERTIAL
534,1761212587949,-4.400905221700668,-0.7076682522892952,1.586231286637485,-0.004510077647864819,0.09499222040176392,0.0002333799347979948,100,OK,MAP_UPDATE,OK,VISUAL_INERTIAL
535,1761212587965,-4.925411660224199,-1.1454648338258266,1.9421238685026765,-0.0041070119477808475,0.11342493444681168,2.1367735826061107e-05,100,OK,MAP_UPDATE,OK,VISUAL_INERTIAL
536,1761212587982,-5.794826429337263,-1.2499396689236164,2.2097905166447163,-0.0040745362639427185,0.1337183713912964,-0.00026450990117155015,100,OK,MAP_UPDATE,OK,VISUAL_INERTIAL
537,1761212587999,-6.9744279608130455,-1.3760077999904752,2.5628560688346624,-0.004090460017323494,0.15585890412330627,-0.0005873620393685997,100,OK,MAP_UPDATE,OK,VISUAL_INERTIAL
538,1761212588015,-8.145229890942574,-1.915503409691155,3.0712811276316643,-0.0038814726285636425,0.17913927137851715,-0.0007818003068678081,100,OK,MAP_UPDATE,OK,VISUAL_INERTIAL
539,1761212588032,-9.331967681646347,-2.2614244371652603,3.5775883588939905,-0.003820346435531974,0.2013496607542038,-0.0009564001811668277,100,OK,MAP_UPDATE,OK,VISUAL_INERTIAL
540,1761212588049,-9.424828924238682,-2.9320877511054277,4.306809511035681,-0.0034688320010900497,0.2211204171180725,-0.0010817523580044508,100,OK,MAP_UPDATE,OK,VISUAL_INERTIAL
541,1761212588065,-9.804614819586277,-3.020038129761815,4.743813071399927,-0.0034749219194054604,0.23690277338027954,-0.0011972931679338217,100,OK,MAP_UPDATE,OK,VISUAL_INERTIAL
542,1761212588082,-8.925404399633408,-3.5580892581492662,5.50574716180563,-0.0031535981688648462,0.25153911113739014,-0.001067480305209756,100,OK,MAP_UPDATE,OK,VISUAL_INERTIAL
543,1761212588099,-8.779723197221756,-4.099513869732618,6.212936714291573,-0.00284645170904696,0.2656894326210022,-0.0010314031969755888,100,OK,MAP_UPDATE,OK,VISUAL_INERTIAL
544,1761212588115,-9.345987811684608,-4.655616823583841,6.812283769249916,-0.002459845272824168,0.28010109066963196,-0.0009911151137202978,100,OK,MAP_UPDATE,OK,VISUAL_INERTIAL
545,1761212588132,-10.165267623960972,-4.8477607779204845,7.116375956684351,-0.00235519977286458,0.29401639103889465,-0.001088242162950337,100,OK,MAP_UPDATE,OK,VISUAL_INERTIAL
546,1761212588149,-10.598991066217422,-4.574764985591173,7.368863094598055,-0.0025351226795464754,0.3068411350250244,-0.001160069485194981,100,OK,MAP_UPDATE,OK,VISUAL_INERTIAL
547,1761212588165,-10.691325180232525,-4.333697259426117,7.6983910985291,-0.0026437954511493444,0.3177369236946106,-0.0013161663664504886,100,OK,MAP_UPDATE,OK,VISUAL_INERTIAL
548,1761212588182,-10.519349947571754,-4.1131312027573586,7.904563099145889,-0.0027279811911284924,0.32714805006980896,-0.0014232740504667163,100,OK,MAP_UPDATE,OK,VISUAL_INERTIAL
549,1761212588199,-10.257409885525703,-3.798544406890869,8.241170085966587,-0.0028131715953350067,0.33602404594421387,-0.0015750544844195247,100,OK,MAP_UPDATE,OK,VISUAL_INERTIAL
550,1761212588215,-10.711336508393288,-3.6392135079950094,8.586802519857883,-0.0027624797075986862,0.3456615209579468,-0.0017418783390894532,100,OK,MAP_UPDATE,OK,VISUAL_INERTIAL
551,1761212588232,-12.005019932985306,-3.972113598138094,9.149646386504173,-0.0024906466715037823,0.3588158190250397,-0.0019120268989354372,100,OK,MAP_UPDATE,OK,VISUAL_INERTIAL
552,1761212588249,-15.641029924154282,-3.859615186229348,10.632248595356941,-0.0025588818825781345,0.3740789294242859,-0.002217252040281892,100,OK,MAP_UPDATE,OK,VISUAL_INERTIAL
553,1761212588265,-16.04381576180458,-4.208958707749844,11.090634390711784,-0.002250263001769781,0.3944665491580963,-0.002117247087880969,100,OK,MAP_UPDATE,OK,VISUAL_INERTIAL
554,1761212588282,-16.278307884931564,-4.575655795633793,11.9539899751544,-0.002110860077664256,0.4140225052833557,-0.0022985057439655066,100,OK,MAP_UPDATE,OK,VISUAL_INERTIAL
555,1761212588299,-15.940103679895401,-3.9802556857466698,12.58514542132616,-0.002605471992865205,0.43239155411720276,-0.0021518308203667402,100,OK,MAP_UPDATE,OK,VISUAL_INERTIAL
556,1761212588315,-15.622187405824661,-3.6264914087951183,12.996284291148186,-0.003000399097800255,0.45027241110801697,-0.0021566699724644423,100,OK,MAP_UPDATE,OK,VISUAL_INERTIAL
557,1761212588332,-16.368776559829712,-4.253414925187826,13.508775271475315,-0.0027657602913677692,0.4687136113643646,-0.001946295378729701,100,OK,MAP_UPDATE,OK,VISUAL_INERTIAL
558,1761212588349,-16.36001653969288,-4.562527406960726,13.868416659533978,-0.0027546067722141743,0.4890247583389282,-0.0018254085443913937,100,OK,MAP_UPDATE,OK,VISUAL_INERTIAL
559,1761212588365,-16.668397933244705,-4.869081079959869,14.478299766778946,-0.0027112055104225874,0.508125901222229,-0.001843046280555427,100,OK,MAP_UPDATE,OK,VISUAL_INERTIAL
560,1761212588382,-16.273044049739838,-5.1661161705851555,14.6726593375206,-0.0026519829407334328,0.5248206853866577,-0.001958815148100257,100,OK,MAP_UPDATE,OK,VISUAL_INERTIAL
561,1761212588399,-15.330075286328793,-5.199842620640993,14.760561287403107,-0.0027412383351475,0.5373817682266235,-0.001971442950889468,100,OK,MAP_UPDATE,OK,VISUAL_INERTIAL
562,1761212588415,-16.35551266372204,-5.322563461959362,14.778626151382923,-0.0029071823228150606,0.5445285439491272,-0.002343299798667431,100,OK,MAP_UPDATE,OK,VISUAL_INERTIAL
563,1761212588432,-15.130467712879181,-5.145687609910965,14.263308607041836,-0.0031696269288659096,0.5500852465629578,-0.0025041045155376196,100,OK,MAP_UPDATE,OK,VISUAL_INERTIAL
564,1761212588449,-14.563728123903275,-4.9547431990504265,13.849237933754921,-0.0033966193441301584,0.5539771318435669,-0.002641966799274087,100,OK,MAP_UPDATE,OK,VISUAL_INERTIAL
565,1761212588465,-14.385825954377651,-4.772342275828123,13.725622557103634,-0.0035211483482271433,0.5572196245193481,-0.0026449975557625294,100,OK,MAP_UPDATE,OK,VISUAL_INERTIAL
566,1761212588482,-14.563406817615032,-4.692931659519672,13.841179199516773,-0.0035568561870604753,0.5598590970039368,-0.0025951340794563293,100,OK,MAP_UPDATE,OK,VISUAL_INERTIAL
567,1761212588499,-14.703872613608837,-4.016625694930553,14.056048355996609,-0.003961427602916956,0.5625871419906616,-0.002723232377320528,100,OK,MAP_UPDATE,OK,VISUAL_INERTIAL
568,1761212588516,-15.026134438812733,-3.549537155777216,14.377708546817303,-0.004187659360468388,0.5652165412902832,-0.0026981686241924763,100,OK,MAP_UPDATE,OK,VISUAL_INERTIAL
569,1761212588532,-15.279409475624561,-3.2528049778193235,14.76193219423294,-0.004319323692470789,0.5674084424972534,-0.002633577212691307,100,OK,MAP_UPDATE,OK,VISUAL_INERTIAL
570,1761212588549,-15.399678610265255,-3.047730540856719,14.97162040323019,-0.004423272795975208,0.5685073733329773,-0.002582014538347721,100,OK,MAP_UPDATE,OK,VISUAL_INERTIAL
571,1761212588565,-15.354156494140625,-2.905068453401327,15.048344619572163,-0.004478862974792719,0.5684599280357361,-0.0025995324831455946,100,OK,MAP_UPDATE,OK,VISUAL_INERTIAL
572,1761212588582,-15.318401157855988,-2.9188513290137053,15.145179815590382,-0.00440837349742651,0.5679689049720764,-0.002698189578950405,100,OK,MAP_UPDATE,OK,VISUAL_INERTIAL
573,1761212588599,-15.212071128189564,-2.985465107485652,15.064509585499763,-0.0043021091260015965,0.5666972994804382,-0.0028551153372973204,100,OK,MAP_UPDATE,OK,VISUAL_INERTIAL
574,1761212588615,-15.036167576909065,-3.0863515567034483,14.888283796608448,-0.004243272356688976,0.5638182759284973,-0.0029398840852081776,100,OK,MAP_UPDATE,OK,VISUAL_INERTIAL
575,1761212588632,-14.78644646704197,-3.178287297487259,14.611644670367241,-0.004195902496576309,0.5595832467079163,-0.002957671880722046,100,OK,MAP_UPDATE,OK,VISUAL_INERTIAL
576,1761212588649,-14.615055173635483,-3.1890745740383863,14.282998628914356,-0.004204049706459045,0.5541898012161255,-0.0029207030311226845,100,OK,MAP_UPDATE,OK,VISUAL_INERTIAL
577,1761212588665,-14.475381001830101,-3.16793960519135,13.972679153084755,-0.004215626046061516,0.5473888516426086,-0.0028023773338645697,100,OK,MAP_UPDATE,OK,VISUAL_INERTIAL
578,1761212588682,-14.199121855199337,-3.186498535797,13.588889501988888,-0.004138079006224871,0.5386395454406738,-0.002716898452490568,100,OK,MAP_UPDATE,OK,VISUAL_INERTIAL
579,1761212588699,-13.807547278702259,-3.165785688906908,13.096297159790993,-0.004091628827154636,0.5272510051727295,-0.002610534895211458,100,OK,MAP_UPDATE,OK,VISUAL_INERTIAL
580,1761212588716,-13.307919725775719,-3.064769320189953,12.471696361899376,-0.0041002025827765465,0.5132877826690674,-0.0024938704445958138,100,OK,MAP_UPDATE,OK,VISUAL_INERTIAL
581,1761212588732,-12.826907448470592,-3.033032873645425,11.77608035504818,-0.004085545428097248,0.49859121441841125,-0.002557348692789674,100,OK,MAP_UPDATE,OK,VISUAL_INERTIAL
582,1761212588749,-12.874694541096687,-2.894050208851695,11.38678565621376,-0.004184891935437918,0.4852335751056671,-0.002647443674504757,100,OK,MAP_UPDATE,OK,VISUAL_INERTIAL
583,1761212588765,-13.240699656307697,-2.7509615756571293,11.280362494289875,-0.004294050391763449,0.47451645135879517,-0.00274276384152472,100,OK,MAP_UPDATE,OK,VISUAL_INERTIAL
584,1761212588782,-13.738332316279411,-2.7925181202590466,11.311027221381664,-0.004245664458721876,0.4651746451854706,-0.0027644424699246883,100,OK,MAP_UPDATE,OK,VISUAL_INERTIAL
585,1761212588799,-13.677756302058697,-2.6837869081646204,11.104442179203033,-0.004298511892557144,0.45482856035232544,-0.0027613963466137648,100,OK,MAP_UPDATE,OK,VISUAL_INERTIAL
586,1761212588815,-12.894623912870884,-2.8139110654592514,10.58803778141737,-0.004169289022684097,0.44114094972610474,-0.002770253922790289,100,OK,MAP_UPDATE,OK,VISUAL_INERTIAL
587,1761212588832,-11.605468578636646,-2.9348479583859444,9.679418988525867,-0.004039074759930372,0.42415615916252136,-0.0027650471311062574,100,OK,MAP_UPDATE,OK,VISUAL_INERTIAL
588,1761212588849,-10.62075700610876,-2.5819747243076563,8.884099312126637,-0.004229000769555569,0.4067496955394745,-0.0026645015459507704,100,OK,MAP_UPDATE,OK,VISUAL_INERTIAL
589,1761212588865,-10.46069897711277,-2.4495748803019524,8.38036835193634,-0.004256916232407093,0.3926985561847687,-0.002741388510912657,100,OK,MAP_UPDATE,OK,VISUAL_INERTIAL
590,1761212588882,-11.405318044126034,-2.1466384641826153,8.731350302696228,-0.004304984584450722,0.3826083540916443,-0.0026899350341409445,100,OK,MAP_UPDATE,OK,VISUAL_INERTIAL
591,1761212588899,-12.158151715993881,-2.020767889916897,8.984559215605259,-0.004306525457650423,0.37492379546165466,-0.0026692235842347145,100,OK,MAP_UPDATE,OK,VISUAL_INERTIAL
592,1761212588915,-12.289547361433506,-2.0108583848923445,8.93022958189249,-0.004283166956156492,0.36656269431114197,-0.0026141221169382334,100,OK,MAP_UPDATE,OK,VISUAL_INERTIAL
593,1761212588932,-11.717187240719795,-1.9192079780623317,8.55481531471014,-0.004308673087507486,0.3554600179195404,-0.002425412880256772,100,OK,MAP_UPDATE,OK,VISUAL_INERTIAL
594,1761212588949,-10.647936724126339,-1.951470272615552,7.80165521427989,-0.0043196468614041805,0.3417680561542511,-0.002373144496232271,100,OK,MAP_UPDATE,OK,VISUAL_INERTIAL
595,1761212588965,-9.666385129094124,-1.74916407559067,7.183324079960585,-0.00443671178072691,0.32786333560943604,-0.0023068564478307962,100,OK,MAP_UPDATE,OK,VISUAL_INERTIAL
596,1761212588982,-9.398490190505981,-1.7816020408645272,6.8208095617592335,-0.004286274779587984,0.31558945775032043,-0.0022718484979122877,100,OK,MAP_UPDATE,OK,VISUAL_INERTIAL
597,1761212588999,-9.849652647972107,-2.0695633720606565,6.657813210040331,-0.0039527337066829205,0.30522578954696655,-0.002206552540883422,100,OK,MAP_UPDATE,OK,VISUAL_INERTIAL
598,1761212589015,-10.131428018212318,-2.1820792462676764,6.515454035252333,-0.0038189077749848366,0.29559507966041565,-0.0020458069629967213,100,OK,MAP_UPDATE,OK,VISUAL_INERTIAL
599,1761212589032,-10.159557685256004,-2.6120503898710012,6.2342444434762,-0.0034976894967257977,0.285015344619751,-0.0018725648988038301,100,OK,MAP_UPDATE,OK,VISUAL_INERTIAL
600,1761212589049,-10.160794481635094,-2.991012530401349,6.34857639670372,-0.0032386542297899723,0.2719532251358032,-0.0019248629687353969,100,OK,MAP_UPDATE,OK,VISUAL_INERTIAL
601,1761212589065,-9.084846824407578,-2.9390077106654644,5.77397458255291,-0.003238699631765485,0.25803661346435547,-0.001848092651925981,100,OK,MAP_UPDATE,OK,VISUAL_INERTIAL
602,1761212589082,-8.831805549561977,-2.8289116453379393,5.257267039269209,-0.0032349214889109135,0.24468310177326202,-0.001846634317189455,100,OK,MAP_UPDATE,OK,VISUAL_INERTIAL
603,1761212589099,-9.419707581400871,-2.946804976090789,4.866983275860548,-0.0030811091419309378,0.2342522293329239,-0.0018862232100218534,100,OK,MAP_UPDATE,OK,VISUAL_INERTIAL
604,1761212589115,-10.140972211956978,-3.1613397877663374,4.673901479691267,-0.0028926797676831484,0.2272311896085739,-0.001938089495524764,100,OK,MAP_UPDATE,OK,VISUAL_INERTIAL
605,1761212589132,-10.869246907532215,-3.0749505385756493,4.515802953392267,-0.0029640323482453823,0.22194701433181763,-0.0018974895356222987,100,OK,MAP_UPDATE,OK,VISUAL_INERTIAL
606,1761212589149,-10.842973366379738,-2.9730938840657473,4.374252632260323,-0.0030138755682855844,0.2163839191198349,-0.001880122348666191,100,OK,MAP_UPDATE,OK,VISUAL_INERTIAL
607,1761212589165,-10.121239349246025,-2.919740742072463,4.208517260849476,-0.003011778462678194,0.20920731127262115,-0.0017327400855720043,100,OK,MAP_UPDATE,OK,VISUAL_INERTIAL
608,1761212589182,-9.062514640390873,-2.865884453058243,3.9618774317204952,-0.0029875515028834343,0.20088976621627808,-0.0016073865117505193,100,OK,MAP_UPDATE,OK,VISUAL_INERTIAL
609,1761212589199,-8.58037918806076,-3.0023823492228985,3.7052228581160307,-0.0027897043619304895,0.1928129494190216,-0.0014847632264718413,100,OK,MAP_UPDATE,OK,VISUAL_INERTIAL
610,1761212589215,-8.386683650314808,-3.0734415631741285,3.5651992075145245,-0.0026347253005951643,0.1863761991262436,-0.001467949477955699,100,OK,MAP_UPDATE,OK,VISUAL_INERTIAL
611,1761212589232,-8.527873083949089,-3.1522326171398163,3.450377844274044,-0.002492655999958515,0.1810392290353775,-0.0014225613558664918,100,OK,MAP_UPDATE,OK,VISUAL_INERTIAL
612,1761212589249,-8.455285802483559,-3.2010229770094156,3.2769960816949606,-0.0024166987277567387,0.17569777369499207,-0.0013970701256766915,100,OK,MAP_UPDATE,OK,VISUAL_INERTIAL
613,1761212589265,-8.077936246991158,-3.0999593436717987,3.0557832214981318,-0.002451944863423705,0.16894610226154327,-0.0013283505104482174,100,OK,MAP_UPDATE,OK,VISUAL_INERTIAL
614,1761212589282,-7.331705652177334,-2.9780452605336905,2.8974120505154133,-0.002499130554497242,0.16056561470031738,-0.0012673747260123491,100,OK,MAP_UPDATE,OK,VISUAL_INERTIAL
615,1761212589299,-6.481766235083342,-2.9555405490100384,2.7278061024844646,-0.002537205582484603,0.15208056569099426,-0.0012153327697888017,100,OK,MAP_UPDATE,OK,VISUAL_INERTIAL
616,1761212589315,-6.251151207834482,-3.0204765498638153,2.570762997493148,-0.002566648880019784,0.14533621072769165,-0.0012508564395830035,100,OK,MAP_UPDATE,OK,VISUAL_INERTIAL
617,1761212589333,-6.4336201176047325,-3.1505487859249115,2.3862256202846766,-0.002572727622464299,0.14087094366550446,-0.0013778853463009,100,OK,MAP_UPDATE,OK,VISUAL_INERTIAL
618,1761212589349,-6.180837284773588,-3.183574415743351,2.3640377912670374,-0.0025820035953074694,0.1371971219778061,-0.0014832261949777603,100,OK,MAP_UPDATE,OK,VISUAL_INERTIAL
619,1761212589365,-5.522741004824638,-3.2320539467036724,2.2690058685839176,-0.0025976451579481363,0.1320757269859314,-0.0015888296766206622,100,OK,MAP_UPDATE,OK,VISUAL_INERTIAL
620,1761212589382,-4.736416507512331,-2.957587828859687,2.096325159072876,-0.00282745948061347,0.12554813921451569,-0.0016335746040567756,100,OK,MAP_UPDATE,OK,VISUAL_INERTIAL
621,1761212589399,-4.037828650325537,-2.612185897305608,2.012066775932908,-0.0030485743191093206,0.11891629546880722,-0.0015558982267975807,100,OK,MAP_UPDATE,OK,VISUAL_INERTIAL
622,1761212589415,-3.5997394006699324,-2.2525894455611706,1.7333808355033398,-0.0032260252628475428,0.11273107677698135,-0.0014942834386602044,100,OK,MAP_UPDATE,OK,VISUAL_INERTIAL
623,1761212589432,-3.6033811047673225,-2.086457097902894,1.655495841987431,-0.0032501702662557364,0.10733059793710709,-0.0013853753916919231,100,OK,MAP_UPDATE,OK,VISUAL_INERTIAL
624,1761212589449,-3.84933827444911,-2.0694767590612173,1.5321627724915743,-0.0031763657461851835,0.10344407707452774,-0.0012318259105086327,100,OK,MAP_UPDATE,OK,VISUAL_INERTIAL
625,1761212589465,-4.305319394916296,-1.9076191820204258,1.4387789415195584,-0.0032372751738876104,0.10100583732128143,-0.0009268831927329302,100,OK,MAP_UPDATE,OK,VISUAL_INERTIAL
626,1761212589482,-4.499994218349457,-1.9453773275017738,1.4164212625473738,-0.0032754484564065933,0.09832056611776352,-0.000777284789364785,100,OK,MAP_UPDATE,OK,VISUAL_INERTIAL
627,1761212589499,-4.296024329960346,-2.3694380652159452,1.439992687664926,-0.003039322793483734,0.0945076197385788,-0.0007074314053170383,100,OK,MAP_UPDATE,OK,VISUAL_INERTIAL
628,1761212589515,-3.9211437106132507,-2.440579468384385,1.3190441532060504,-0.0030279059428721666,0.08942172676324844,-0.0007699716370552778,100,OK,MAP_UPDATE,OK,VISUAL_INERTIAL
629,1761212589532,-3.7707563024014235,-2.6096233632415533,1.1266657384112477,-0.0030106939375400543,0.08407378196716309,-0.0009470760705880821,100,OK,MAP_UPDATE,OK,VISUAL_INERTIAL
630,1761212589549,-3.804166801273823,-2.960550133138895,0.9125591604970396,-0.0028499786276370287,0.07980857044458389,-0.001269760075956583,100,OK,MAP_UPDATE,OK,VISUAL_INERTIAL
631,1761212589565,-4.474758170545101,-3.137771273031831,0.6934122066013515,-0.002772965468466282,0.07849055528640747,-0.0014239527517929673,100,OK,MAP_UPDATE,OK,VISUAL_INERTIAL
632,1761212589582,-5.09509677067399,-3.3106934279203415,0.46551215928047895,-0.0027550861705094576,0.07850228995084763,-0.0014562644064426422,100,OK,MAP_UPDATE,OK,VISUAL_INERTIAL
633,1761212589599,-5.5118128657341,-3.3937811385840178,0.32525963615626097,-0.002741109812632203,0.07869037240743637,-0.0013563462998718023,100,OK,MAP_UPDATE,OK,VISUAL_INERTIAL
634,1761212589615,-5.6502362713217735,-3.399922279641032,0.28378749266266823,-0.002757683163508773,0.07882553339004517,-0.001206914777867496,100,OK,MAP_UPDATE,OK,VISUAL_INERTIAL
635,1761212589632,-5.536637734621763,-3.3842986449599266,0.2943057334050536,-0.0027736243791878223,0.07893141359090805,-0.0010778737487271428,100,OK,MAP_UPDATE,OK,VISUAL_INERTIAL
636,1761212589649,-5.323250778019428,-3.3458692487329245,0.3385507152415812,-0.0027978832367807627,0.07902773469686508,-0.0009715162450447679,100,OK,MAP_UPDATE,OK,VISUAL_INERTIAL
637,1761212589665,-5.091105122119188,-3.2936064526438713,0.39773862226866186,-0.002833901671692729,0.07913152128458023,-0.0009126980439759791,100,OK,MAP_UPDATE,OK,VISUAL_INERTIAL
638,1761212589682,-5.070653278380632,-3.1991414725780487,0.46454198309220374,-0.0028413485269993544,0.0790880098938942,-0.0008253497071564198,100,OK,MAP_UPDATE,OK,VISUAL_INERTIAL
639,1761212589699,-4.960986319929361,-3.0289427377283573,0.5321900243870914,-0.002869846997782588,0.07913777232170105,-0.0007325185579247773,100,OK,MAP_UPDATE,OK,VISUAL_INERTIAL
640,1761212589715,-4.851673264056444,-2.9775670263916254,0.6428706110455096,-0.0027897909749299288,0.07918336242437363,-0.0007271711947396398,100,OK,MAP_UPDATE,OK,VISUAL_INERTIAL
641,1761212589732,-4.794946406036615,-2.90826428681612,0.7463318179361522,-0.00269120535813272,0.07924321293830872,-0.0007466444512829185,100,OK,MAP_UPDATE,OK,VISUAL_INERTIAL
642,1761212589749,-4.753204062581062,-2.8519202023744583,0.8332431316375732,-0.0026102247647941113,0.0793083906173706,-0.0007577166543342173,100,OK,MAP_UPDATE,OK,VISUAL_INERTIAL
643,1761212589765,-4.702758975327015,-2.8222466353327036,0.8786902180872858,-0.002512776991352439,0.07931329309940338,-0.000816809362731874,100,OK,MAP_UPDATE,OK,VISUAL_INERTIAL
644,1761212589782,-4.620900377631187,-2.7789718005806208,0.9719175868667662,-0.0024255411699414253,0.07928061485290527,-0.0008367549744434655,100,OK,MAP_UPDATE,OK,VISUAL_INERTIAL
645,1761212589799,-4.518250934779644,-2.736847847700119,1.0654791258275509,-0.002353182528167963,0.07919103652238846,-0.0008623920730315149,100,OK,MAP_UPDATE,OK,VISUAL_INERTIAL
646,1761212589815,-4.450582899153233,-2.717223484069109,1.1177242267876863,-0.0023160858545452356,0.07913494855165482,-0.0008914060308597982,100,OK,MAP_UPDATE,OK,VISUAL_INERTIAL
647,1761212589832,-4.4965604320168495,-2.743637654930353,1.2037291890010238,-0.0022017976734787226,0.07922203838825226,-0.0008240103488788009,100,OK,MAP_UPDATE,OK,VISUAL_INERTIAL
648,1761212589849,-4.478848073631525,-2.68571637570858,1.2635692255571485,-0.002156810602173209,0.07932040095329285,-0.0007763697649352252,100,OK,MAP_UPDATE,OK,VISUAL_INERTIAL
649,1761212589865,-4.404684994369745,-2.612859010696411,1.3248019386082888,-0.0021246059332042933,0.07920615375041962,-0.0006766075384803116,100,OK,MAP_UPDATE,OK,VISUAL_INERTIAL
650,1761212589882,-4.231500439345837,-2.551716985180974,1.3465287629514933,-0.0020941721741110086,0.0784129649400711,-0.0005896580405533314,100,OK,MAP_UPDATE,OK,VISUAL_INERTIAL
651,1761212589899,-4.069680813699961,-2.499324968084693,1.3774096732959151,-0.0020549679175019264,0.07750328630208969,-0.0005484062130562961,100,OK,MAP_UPDATE,OK,VISUAL_INERTIAL
652,1761212589915,-4.081737715750933,-2.520569134503603,1.3816885184496641,-0.001970181707292795,0.07731685787439346,-0.0005699434550479054,100,OK,MAP_UPDATE,OK,VISUAL_INERTIAL
653,1761212589932,-4.1731614619493484,-2.508095931261778,1.384020783007145,-0.0019257572712376714,0.07736197113990784,-0.0005966225871816278,100,OK,MAP_UPDATE,OK,VISUAL_INERTIAL
654,1761212589949,-4.2907921597361565,-2.5530767161399126,1.3896323507651687,-0.0018700272776186466,0.07742186635732651,-0.000601355277467519,100,OK,MAP_UPDATE,OK,VISUAL_INERTIAL
655,1761212589965,-4.310391843318939,-2.5481677148491144,1.4055863721296191,-0.0018680884968489408,0.07742831856012344,-0.0006159100448712707,100,OK,MAP_UPDATE,OK,VISUAL_INERTIAL
656,1761212589982,-4.330189432948828,-2.581980312243104,1.3905682135373354,-0.0018725695554167032,0.07734519243240356,-0.0005839013610966504,100,OK,MAP_UPDATE,OK,VISUAL_INERTIAL
657,1761212589999,-4.306841641664505,-2.499532885849476,1.3780951267108321,-0.0019491795683279634,0.07725617289543152,-0.0005315668531693518,100,OK,MAP_UPDATE,OK,VISUAL_INERTIAL
658,1761212590015,-4.290018696337938,-2.4290450382977724,1.3682409189641476,-0.002006706316024065,0.07718928158283234,-0.0004790205857716501,100,OK,MAP_UPDATE,OK,VISUAL_INERTIAL
659,1761212590032,-4.352346528321505,-2.5000153109431267,1.3826305512338877,-0.0019096743781119585,0.07712134718894958,-0.0004023207875434309,100,OK,MAP_UPDATE,OK,VISUAL_INERTIAL
660,1761212590049,-4.397763404995203,-2.5008751545101404,1.4722541673108935,-0.0017414408503100276,0.07699698209762573,-0.0003360113187227398,100,OK,MAP_UPDATE,OK,VISUAL_INERTIAL
661,1761212590065,-4.425152204930782,-2.5045752990990877,1.5298501821234822,-0.0015611679991707206,0.0768565908074379,-0.00029808812541887164,100,OK,MAP_UPDATE,OK,VISUAL_INERTIAL
662,1761212590082,-4.425463266670704,-2.535618608817458,1.7121994169428945,-0.0012925562914460897,0.07661556452512741,-0.0003683445684146136,100,OK,MAP_UPDATE,OK,VISUAL_INERTIAL
663,1761212590099,-4.209133330732584,-2.46229930780828,1.955146435648203,-0.0010032188147306442,0.07578527927398682,-0.000522238842677325,100,OK,MAP_UPDATE,OK,VISUAL_INERTIAL
664,1761212590115,-3.929171711206436,-2.5043801870197058,2.1995410788804293,-0.0005524232401512563,0.07486240565776825,-0.000805743271484971,100,OK,MAP_UPDATE,OK,VISUAL_INERTIAL
665,1761212590132,-3.7134159356355667,-2.596809295937419,2.47788499109447,-3.5454493627185e-05,0.07424619793891907,-0.00125667464453727,100,OK,MAP_UPDATE,OK,VISUAL_INERTIAL
666,1761212590149,-3.4512351267039776,-2.703209174796939,2.742831129580736,0.00047914893366396427,0.07388301938772202,-0.0018585387151688337,100,OK,MAP_UPDATE,OK,VISUAL_INERTIAL
667,1761212590165,-3.106805495917797,-2.749193459749222,3.0251459684222937,0.0009534204145893455,0.07372841238975525,-0.0025505514349788427,100,OK,MAP_UPDATE,OK,VISUAL_INERTIAL
668,1761212590182,-2.6090999599546194,-2.763051073998213,3.3616777509450912,0.0014121179701760411,0.07363250106573105,-0.0034137165639549494,100,OK,MAP_UPDATE,OK,VISUAL_INERTIAL
669,1761212590199,-1.8249840941280127,-2.741169650107622,3.6753108724951744,0.0018792198970913887,0.07315292954444885,-0.004474104382097721,100,OK,MAP_UPDATE,OK,VISUAL_INERTIAL
670,1761212590215,-0.8224042248912156,-2.7369754388928413,3.972289152443409,0.0023610328789800406,0.07203231751918793,-0.005700497422367334,100,OK,MAP_UPDATE,OK,VISUAL_INERTIAL
671,1761212590232,0.2023886190727353,-2.7742621023207903,4.265171941369772,0.0028591463342309,0.07098744809627533,-0.007144377566874027,100,OK,MAP_UPDATE,OK,VISUAL_INERTIAL
672,1761212590249,1.2272164458408952,-2.7789766900241375,4.490296822041273,0.003291039727628231,0.07054390758275986,-0.00879275519400835,100,OK,MAP_UPDATE,OK,VISUAL_INERTIAL
673,1761212590265,2.394318114966154,-2.8340935241431,4.758500959724188,0.0037755025550723076,0.07044783979654312,-0.010631615296006203,100,OK,MAP_UPDATE,OK,VISUAL_INERTIAL
674,1761212590282,3.7270879838615656,-2.781054237857461,4.983741324394941,0.004198336508125067,0.07025741785764694,-0.012694704346358776,100,OK,MAP_UPDATE,OK,VISUAL_INERTIAL
675,1761212590299,5.355969537049532,-2.771521918475628,5.176747217774391,0.004657978191971779,0.06953178346157074,-0.01498335599899292,100,OK,MAP_UPDATE,OK,VISUAL_INERTIAL
676,1761212590315,7.27882469072938,-2.7576121501624584,5.378163419663906,0.005111516918987036,0.06883213669061661,-0.017532140016555786,100,OK,MAP_UPDATE,OK,VISUAL_INERTIAL
677,1761212590332,8.986109867691994,-2.7898752596229315,5.585191305726767,0.005562323145568371,0.06968044489622116,-0.020364606752991676,100,OK,MAP_UPDATE,OK,VISUAL_INERTIAL
678,1761212590349,10.27965359389782,-2.791331382468343,5.739009007811546,0.005934794899076223,0.07358122617006302,-0.023313166573643684,100,OK,MAP_UPDATE,OK,VISUAL_INERTIAL
679,1761212590365,11.747772805392742,-2.7814151253551245,5.896606016904116,0.006252405699342489,0.07914109528064728,-0.026365818455815315,100,OK,MAP_UPDATE,OK,VISUAL_INERTIAL
680,1761212590382,13.706901110708714,-2.892953110858798,6.058227736502886,0.006467373576015234,0.08406167477369308,-0.029333965852856636,100,OK,MAP_UPDATE,OK,VISUAL_INERTIAL
681,1761212590399,16.401173546910286,-2.9348242096602917,6.136879324913025,0.006433384958654642,0.08735758066177368,-0.03225505352020264,100,OK,MAP_UPDATE,OK,VISUAL_INERTIAL
682,1761212590415,19.489619880914688,-2.9067387804389,6.034218706190586,0.0060645705088973045,0.08845503628253937,-0.03516705334186554,100,OK,MAP_UPDATE,OK,VISUAL_INERTIAL
683,1761212590432,22.325308993458748,-2.8591309674084187,5.728208459913731,0.005330976564437151,0.08715394139289856,-0.03814685344696045,100,OK,MAP_UPDATE,OK,VISUAL_INERTIAL
684,1761212590449,25.693023577332497,-2.7590931858867407,5.245120730251074,0.0044658794067800045,0.08372552692890167,-0.04090343788266182,100,OK,MAP_UPDATE,OK,VISUAL_INERTIAL
685,1761212590465,28.957577422261238,-2.704452257603407,4.527446813881397,0.003389036748558283,0.07821506261825562,-0.04362260550260544,100,OK,MAP_UPDATE,OK,VISUAL_INERTIAL
686,1761212590482,31.2451533973217,-2.7926499024033546,3.4986126702278852,0.002224863739684224,0.07389233261346817,-0.046409137547016144,100,OK,MAP_UPDATE,OK,VISUAL_INERTIAL
687,1761212590499,32.67316520214081,-2.903925022110343,2.2911643609404564,0.0010123460087925196,0.07260121405124664,-0.04903228580951691,100,OK,MAP_UPDATE,OK,VISUAL_INERTIAL
688,1761212590515,33.746350556612015,-2.861947752535343,1.1038701049983501,-0.0003701896930579096,0.07247152179479599,-0.051467787474393845,100,OK,MAP_UPDATE,OK,VISUAL_INERTIAL
689,1761212590532,34.78328138589859,-2.6379115879535675,-0.030483543014270253,-0.001933795283548534,0.07204395532608032,-0.05364053323864937,100,OK,MAP_UPDATE,OK,VISUAL_INERTIAL
690,1761212590549,36.1032672226429,-2.3893865291029215,-1.1114082299172878,-0.0035466591361910105,0.07074586302042007,-0.055695515125989914,100,OK,MAP_UPDATE,OK,VISUAL_INERTIAL
691,1761212590565,37.71136701107025,-2.2612058091908693,-2.228996017947793,-0.005189978051930666,0.06795597821474075,-0.05768759176135063,100,OK,MAP_UPDATE,OK,VISUAL_INERTIAL
692,1761212590582,39.43081572651863,-2.174846362322569,-3.4034389536827803,-0.006828102748841047,0.06439775973558426,-0.05959624797105789,100,OK,MAP_UPDATE,OK,VISUAL_INERTIAL
693,1761212590599,41.03141278028488,-2.1343203261494637,-4.561249166727066,-0.00845261849462986,0.060249071568250656,-0.06148010119795799,100,OK,MAP_UPDATE,OK,VISUAL_INERTIAL
694,1761212590615,42.806535959243774,-2.161214826628566,-5.768416915088892,-0.01013237051665783,0.05512391775846481,-0.06340563297271729,100,OK,MAP_UPDATE,OK,VISUAL_INERTIAL
695,1761212590632,44.72984001040459,-2.4079105351120234,-7.040310651063919,-0.011686934158205986,0.04847929999232292,-0.06523410230875015,100,OK,MAP_UPDATE,OK,VISUAL_INERTIAL
696,1761212590649,46.55923694372177,-2.6188392657786608,-8.265318349003792,-0.013232197612524033,0.041530195623636246,-0.06691846251487732,100,OK,MAP_UPDATE,OK,VISUAL_INERTIAL
697,1761212590665,47.53736034035683,-2.7603942435234785,-9.512714110314846,-0.01480488944798708,0.0372743122279644,-0.06866348534822464,100,OK,MAP_UPDATE,OK,VISUAL_INERTIAL
698,1761212590682,47.76778444647789,-2.7939723804593086,-10.837006382644176,-0.016391292214393616,0.03649406135082245,-0.07048513740301132,100,OK,MAP_UPDATE,OK,VISUAL_INERTIAL
699,1761212590699,48.17826300859451,-2.905105007812381,-12.139514088630676,-0.01801459863781929,0.036727894097566605,-0.07228157669305801,100,OK,MAP_UPDATE,OK,VISUAL_INERTIAL
700,1761212590715,49.18154329061508,-3.0333406757563353,-13.526140712201595,-0.019776446744799614,0.035580456256866455,-0.0740765780210495,100,OK,MAP_UPDATE,OK,VISUAL_INERTIAL
701,1761212590732,50.804127007722855,-3.083823248744011,-14.903521165251732,-0.021712835878133774,0.03358444944024086,-0.07590891420841217,100,OK,MAP_UPDATE,OK,VISUAL_INERTIAL
702,1761212590749,52.22687870264053,-3.1202358659356833,-16.31983555853367,-0.0236823633313179,0.03247087448835373,-0.07773512601852417,100,OK,MAP_UPDATE,OK,VISUAL_INERTIAL
703,1761212590765,53.51943522691727,-3.2437557820230722,-17.811523750424385,-0.025653965771198273,0.03256048634648323,-0.07970070093870163,100,OK,MAP_UPDATE,OK,VISUAL_INERTIAL
704,1761212590782,55.07227033376694,-3.3626840449869633,-19.25985887646675,-0.02770979329943657,0.032590486109256744,-0.0817752555012703,100,OK,MAP_UPDATE,OK,VISUAL_INERTIAL
705,1761212590799,56.95316195487976,-3.3917517866939306,-20.810281857848167,-0.030005570501089096,0.03176194429397583,-0.0838194340467453,100,OK,MAP_UPDATE,OK,VISUAL_INERTIAL
706,1761212590815,58.907635509967804,-3.6056179087609053,-22.38660305738449,-0.03238476812839508,0.030386006459593773,-0.0860142707824707,100,OK,MAP_UPDATE,OK,VISUAL_INERTIAL
707,1761212590832,61.03220582008362,-3.900060662999749,-24.1598729044199,-0.03499564528465271,0.02843073569238186,-0.08831780403852463,100,OK,MAP_UPDATE,OK,VISUAL_INERTIAL
708,1761212590849,63.26093524694443,-4.239118658006191,-26.06979012489319,-0.03772054985165596,0.025500895455479622,-0.09066786617040634,100,OK,MAP_UPDATE,OK,VISUAL_INERTIAL
709,1761212590865,65.46661257743835,-4.76527214050293,-28.066352009773254,-0.040522847324609756,0.022378351539373398,-0.09310220927000046,100,OK,MAP_UPDATE,OK,VISUAL_INERTIAL
710,1761212590882,67.55136698484421,-5.294468719512224,-30.234714969992638,-0.04351074621081352,0.018999386578798294,-0.09557206928730011,100,OK,MAP_UPDATE,OK,VISUAL_INERTIAL
711,1761212590899,69.56349313259125,-5.986160133033991,-32.526712864637375,-0.046561818569898605,0.015382733196020126,-0.09812947362661362,100,OK,MAP_UPDATE,OK,VISUAL_INERTIAL
712,1761212590915,71.34182751178741,-6.680166814476252,-34.89099442958832,-0.04975688084959984,0.01233632117509842,-0.10078006237745285,100,OK,MAP_UPDATE,OK,VISUAL_INERTIAL
713,1761212590932,73.30868393182755,-7.5336601585149765,-37.2435562312603,-0.05304088816046715,0.009650991298258305,-0.10357217490673065,100,OK,MAP_UPDATE,OK,VISUAL_INERTIAL
714,1761212590949,75.24096220731735,-8.217081427574158,-39.83243554830551,-0.05662615969777107,0.00681282440200448,-0.1063368171453476,100,OK,MAP_UPDATE,OK,VISUAL_INERTIAL
715,1761212590965,77.240489423275,-8.89608170837164,-42.54797846078873,-0.0603860579431057,0.004309456795454025,-0.10924094170331955,100,OK,MAP_UPDATE,OK,VISUAL_INERTIAL
716,1761212590982,79.18988168239594,-9.39077790826559,-45.58794945478439,-0.0644020363688469,0.0026004572864621878,-0.11221340298652649,100,OK,MAP_UPDATE,OK,VISUAL_INERTIAL
717,1761212590999,80.9440016746521,-10.181778110563755,-48.431869596242905,-0.06824655085802078,0.0014439730439335108,-0.11539432406425476,100,OK,MAP_UPDATE,OK,VISUAL_INERTIAL
718,1761212591015,82.96249061822891,-11.041538789868355,-51.21450498700142,-0.07195931673049927,-7.253389048855752e-05,-0.11855652928352356,100,OK,MAP_UPDATE,OK,VISUAL_INERTIAL
719,1761212591032,85.28118580579758,-11.749494820833206,-53.82603406906128,-0.07567978650331497,-0.0027793271001428366,-0.12157782912254333,100,OK,MAP_UPDATE,OK,VISUAL_INERTIAL
720,1761212591049,87.9400447010994,-12.394228018820286,-56.533485651016235,-0.0795174092054367,-0.00621934374794364,-0.12459003925323486,100,OK,MAP_UPDATE,OK,VISUAL_INERTIAL
721,1761212591065,90.57141095399857,-12.841745279729366,-59.27829444408417,-0.08355680108070374,-0.010059771127998829,-0.12754201889038086,100,OK,MAP_UPDATE,OK,VISUAL_INERTIAL
722,1761212591082,92.90055930614471,-13.367907144129276,-62.056560069322586,-0.08753906190395355,-0.013792279176414013,-0.1305389702320099,100,OK,MAP_UPDATE,OK,VISUAL_INERTIAL
723,1761212591099,95.31059861183167,-13.92282359302044,-64.7081509232521,-0.09153705835342407,-0.017022060230374336,-0.13373947143554688,100,OK,MAP_UPDATE,OK,VISUAL_INERTIAL
724,1761212591115,97.88323938846588,-14.579540118575096,-67.50121712684631,-0.09552538394927979,-0.01966841332614422,-0.13715536892414093,100,OK,MAP_UPDATE,OK,VISUAL_INERTIAL
725,1761212591132,100.52459686994553,-15.01574832946062,-70.28362900018692,-0.09936612844467163,-0.021709613502025604,-0.14051753282546997,100,OK,MAP_UPDATE,OK,VISUAL_INERTIAL
726,1761212591149,103.03764045238495,-15.294191427528858,-72.81941920518875,-0.10302295535802841,-0.02321755699813366,-0.14394477009773254,100,OK,MAP_UPDATE,OK,VISUAL_INERTIAL
727,1761212591165,105.56063055992126,-15.59471245855093,-75.19964873790741,-0.10646386444568634,-0.024548016488552094,-0.147483229637146,100,OK,MAP_UPDATE,OK,VISUAL_INERTIAL
728,1761212591182,108.36617648601532,-16.014618799090385,-77.47375965118408,-0.10995259881019592,-0.026047833263874054,-0.15120550990104675,100,OK,MAP_UPDATE,OK,VISUAL_INERTIAL
729,1761212591199,111.37271672487259,-16.560252755880356,-79.70043271780014,-0.11350314319133759,-0.027710264548659325,-0.15511064231395721,100,OK,MAP_UPDATE,OK,VISUAL_INERTIAL
730,1761212591215,114.23329263925552,-17.42391660809517,-82.09136128425598,-0.11687766015529633,-0.029244791716337204,-0.15924133360385895,100,OK,MAP_UPDATE,OK,VISUAL_INERTIAL
731,1761212591232,117.18159914016724,-18.24086531996727,-84.41809564828873,-0.1202627494931221,-0.030680280178785324,-0.16350321471691132,100,OK,MAP_UPDATE,OK,VISUAL_INERTIAL
732,1761212591249,120.3848347067833,-19.06275562942028,-86.67565137147903,-0.12358412891626358,-0.0323374979197979,-0.1678442507982254,100,OK,MAP_UPDATE,OK,VISUAL_INERTIAL
733,1761212591265,123.84738028049469,-19.914312288165092,-88.78938853740692,-0.12679357826709747,-0.03416910767555237,-0.17245322465896606,100,OK,MAP_UPDATE,OK,VISUAL_INERTIAL
734,1761212591282,127.47862935066223,-20.752964541316032,-90.86139500141144,-0.13003629446029663,-0.03608623519539833,-0.1773368865251541,100,OK,MAP_UPDATE,OK,VISUAL_INERTIAL
735,1761212591299,131.27990067005157,-21.715935319662094,-92.94942021369934,-0.1333121955394745,-0.037891849875450134,-0.18249444663524628,100,OK,MAP_UPDATE,OK,VISUAL_INERTIAL
736,1761212591315,135.10452210903168,-22.66170270740986,-95.15427052974701,-0.13673892617225647,-0.03951317071914673,-0.18780814111232758,100,OK,MAP_UPDATE,OK,VISUAL_INERTIAL
737,1761212591332,139.06508684158325,-23.599492385983467,-97.35986590385437,-0.14022816717624664,-0.04099080339074135,-0.19328124821186066,100,OK,MAP_UPDATE,OK,VISUAL_INERTIAL
738,1761212591349,143.1838870048523,-24.588696658611298,-99.55554455518723,-0.14368294179439545,-0.04261435568332672,-0.19873227179050446,100,OK,MAP_UPDATE,OK,VISUAL_INERTIAL
739,1761212591365,147.4965661764145,-25.619281455874443,-101.67079418897629,-0.147203266620636,-0.04519506171345711,-0.20404677093029022,100,OK,MAP_UPDATE,OK,VISUAL_INERTIAL
740,1761212591382,151.83350443840027,-26.777837425470352,-103.94178330898285,-0.1508835107088089,-0.048677459359169006,-0.2091875970363617,100,OK,MAP_UPDATE,OK,VISUAL_INERTIAL
741,1761212591399,155.97862005233765,-27.971798554062843,-106.29861056804657,-0.1547764241695404,-0.052294544875621796,-0.21414048969745636,100,OK,MAP_UPDATE,OK,VISUAL_INERTIAL
742,1761212591415,159.7755402326584,-29.205186292529106,-108.79798233509064,-0.15882349014282227,-0.055812444537878036,-0.21894675493240356,100,OK,MAP_UPDATE,OK,VISUAL_INERTIAL
743,1761212591432,163.4065955877304,-30.54053522646427,-111.35602742433548,-0.16300132870674133,-0.059563882648944855,-0.2236110419034958,100,OK,MAP_UPDATE,OK,VISUAL_INERTIAL
744,1761212591449,167.13359951972961,-31.814806163311005,-114.10193890333176,-0.16741472482681274,-0.06417223066091537,-0.22795040905475616,100,OK,MAP_UPDATE,OK,VISUAL_INERTIAL
745,1761212591465,170.59658467769623,-33.05332362651825,-116.70458316802979,-0.1717773824930191,-0.06872479617595673,-0.23211342096328735,100,OK,MAP_UPDATE,OK,VISUAL_INERTIAL
746,1761212591482,173.6731231212616,-34.02315825223923,-119.3961501121521,-0.1761980503797531,-0.07258822023868561,-0.23583631217479706,100,OK,MAP_UPDATE,OK,VISUAL_INERTIAL
747,1761212591499,176.30897462368011,-35.28139367699623,-122.01251834630966,-0.1803932785987854,-0.07579834759235382,-0.23946313560009003,100,OK,MAP_UPDATE,OK,VISUAL_INERTIAL
748,1761212591515,178.76416444778442,-36.52139753103256,-124.63727593421936,-0.18453241884708405,-0.07862305641174316,-0.2427152395248413,100,OK,MAP_UPDATE,OK,VISUAL_INERTIAL
749,1761212591532,181.16526305675507,-37.747979164123535,-127.24903225898743,-0.18870417773723602,-0.08134302496910095,-0.24570295214653015,100,OK,MAP_UPDATE,OK,VISUAL_INERTIAL
750,1761212591549,183.39590728282928,-39.0700101852417,-130.4214596748352,-0.19286809861660004,-0.08440252393484116,-0.24821962416172028,100,OK,MAP_UPDATE,OK,VISUAL_INERTIAL
751,1761212591565,185.4308694601059,-40.23995250463486,-133.36843252182007,-0.19708994030952454,-0.08767330646514893,-0.25053322315216064,100,OK,MAP_UPDATE,OK,VISUAL_INERTIAL
752,1761212591582,187.31434643268585,-41.30370169878006,-136.0815018415451,-0.20128321647644043,-0.09031225740909576,-0.25272268056869507,100,OK,MAP_UPDATE,OK,VISUAL_INERTIAL
753,1761212591599,188.89641761779785,-42.30765625834465,-138.69895040988922,-0.20530758798122406,-0.09205087274312973,-0.2547399699687958,100,OK,MAP_UPDATE,OK,VISUAL_INERTIAL
754,1761212591615,190.32569229602814,-43.210212141275406,-141.26341044902802,-0.20929327607154846,-0.09340213239192963,-0.25653275847435,100,OK,MAP_UPDATE,OK,VISUAL_INERTIAL
755,1761212591632,191.6358917951584,-44.06988248229027,-143.85060966014862,-0.21333295106887817,-0.09476528316736221,-0.2579609155654907,100,OK,MAP_UPDATE,OK,VISUAL_INERTIAL
756,1761212591649,192.81136989593506,-44.89436745643616,-146.44767343997955,-0.2174149453639984,-0.09648090600967407,-0.25907057523727417,100,OK,MAP_UPDATE,OK,VISUAL_INERTIAL
757,1761212591665,193.94759833812714,-45.75660452246666,-148.99872243404388,-0.22151459753513336,-0.09879199415445328,-0.2599276304244995,100,OK,MAP_UPDATE,OK,VISUAL_INERTIAL
758,1761212591682,194.9055790901184,-46.666570007801056,-151.59077942371368,-0.22557763755321503,-0.10139867663383484,-0.2606145441532135,100,OK,MAP_UPDATE,OK,VISUAL_INERTIAL
759,1761212591699,195.61022520065308,-47.546446323394775,-154.29522097110748,-0.22958017885684967,-0.10363570600748062,-0.2611791491508484,100,OK,MAP_UPDATE,OK,VISUAL_INERTIAL
760,1761212591715,196.14477455615997,-48.39190095663071,-156.85896575450897,-0.23356527090072632,-0.1050570011138916,-0.26183101534843445,100,OK,MAP_UPDATE,OK,VISUAL_INERTIAL
761,1761212591732,196.5389847755432,-49.256905913352966,-159.44913029670715,-0.23750057816505432,-0.10606388747692108,-0.2625501751899719,100,OK,MAP_UPDATE,OK,VISUAL_INERTIAL
762,1761212591749,197.02112674713135,-50.13275891542435,-162.11673617362976,-0.24143916368484497,-0.10692629218101501,-0.26328736543655396,100,OK,MAP_UPDATE,OK,VISUAL_INERTIAL
763,1761212591765,197.5892335176468,-51.04734003543854,-164.76693749427795,-0.2453841120004654,-0.10793507844209671,-0.26399192214012146,100,OK,MAP_UPDATE,OK,VISUAL_INERTIAL
764,1761212591782,198.27082753181458,-52.02115327119827,-167.3630326986313,-0.24928748607635498,-0.10921140760183334,-0.2647083103656769,100,OK,MAP_UPDATE,OK,VISUAL_INERTIAL
765,1761212591799,199.2032527923584,-52.99098789691925,-169.91212964057922,-0.25328439474105835,-0.11094959080219269,-0.2654862403869629,100,OK,MAP_UPDATE,OK,VISUAL_INERTIAL
766,1761212591815,200.21361112594604,-53.999219089746475,-172.51430451869965,-0.2574048936367035,-0.11294233053922653,-0.26636192202568054,100,OK,MAP_UPDATE,OK,VISUAL_INERTIAL
767,1761212591832,201.18142664432526,-55.12268841266632,-175.11990666389465,-0.26147109270095825,-0.11481060087680817,-0.2674497365951538,100,OK,MAP_UPDATE,OK,VISUAL_INERTIAL
768,1761212591849,202.20817625522614,-56.32432550191879,-177.78192460536957,-0.2656324505805969,-0.11645161360502243,-0.2685936689376831,100,OK,MAP_UPDATE,OK,VISUAL_INERTIAL
769,1761212591865,203.26463878154755,-57.57499858736992,-180.49143254756927,-0.2698657512664795,-0.11806732416152954,-0.2698078155517578,100,OK,MAP_UPDATE,OK,VISUAL_INERTIAL
770,1761212591882,204.37893271446228,-58.88615921139717,-183.29085409641266,-0.2742736339569092,-0.11998355388641357,-0.2709539234638214,100,OK,MAP_UPDATE,OK,VISUAL_INERTIAL
771,1761212591899,205.6753784418106,-60.02295762300491,-186.23681366443634,-0.2790728807449341,-0.12225592136383057,-0.2719745934009552,100,OK,MAP_UPDATE,OK,VISUAL_INERTIAL
772,1761212591915,206.9188952445984,-61.186354607343674,-189.36602771282196,-0.2840840816497803,-0.12437333911657333,-0.27300897240638733,100,OK,MAP_UPDATE,OK,VISUAL_INERTIAL
773,1761212591932,207.96069502830505,-62.49630078673363,-192.70196557044983,-0.28924205899238586,-0.12620054185390472,-0.2740568518638611,100,OK,MAP_UPDATE,OK,VISUAL_INERTIAL
774,1761212591949,208.86366069316864,-63.96026909351349,-196.17219269275665,-0.29456827044487,-0.12798041105270386,-0.27498114109039307,100,OK,MAP_UPDATE,OK,VISUAL_INERTIAL
775,1761212591965,209.9096179008484,-65.49646705389023,-199.67950880527496,-0.30015885829925537,-0.12991097569465637,-0.27565860748291016,100,OK,MAP_UPDATE,OK,VISUAL_INERTIAL
776,1761212591982,211.0157012939453,-67.03367829322815,-203.34331691265106,-0.3060401976108551,-0.1323746144771576,-0.27599430084228516,100,OK,MAP_UPDATE,OK,VISUAL_INERTIAL
777,1761212591999,211.93841099739075,-68.54329258203506,-207.17594027519226,-0.3122013211250305,-0.1350557804107666,-0.27603811025619507,100,OK,MAP_UPDATE,OK,VISUAL_INERTIAL
778,1761212592015,212.42594718933105,-70.08928805589676,-211.12370491027832,-0.31845900416374207,-0.13750240206718445,-0.275913804769516,100,OK,MAP_UPDATE,OK,VISUAL_INERTIAL
779,1761212592032,212.69437670707703,-71.62527740001678,-215.17713367938995,-0.32480373978614807,-0.13941021263599396,-0.27553725242614746,100,OK,MAP_UPDATE,OK,VISUAL_INERTIAL
780,1761212592049,212.74347603321075,-73.29446077346802,-219.28170323371887,-0.3311169743537903,-0.14101311564445496,-0.2749180793762207,100,OK,MAP_UPDATE,OK,VISUAL_INERTIAL
781,1761212592065,212.59671449661255,-74.65381920337677,-223.7005978822708,-0.3378256559371948,-0.1426202356815338,-0.2739158272743225,100,OK,MAP_UPDATE,OK,VISUAL_INERTIAL
782,1761212592082,212.2519463300705,-76.08290016651154,-227.94057428836823,-0.3443806767463684,-0.14415356516838074,-0.27271103858947754,100,OK,MAP_UPDATE,OK,VISUAL_INERTIAL
783,1761212592099,211.70616149902344,-77.5587409734726,-232.2799116373062,-0.35095226764678955,-0.14531753957271576,-0.27130326628685,100,OK,MAP_UPDATE,OK,VISUAL_INERTIAL
784,1761212592115,210.96625924110413,-79.08280938863754,-236.66459321975708,-0.3575509190559387,-0.14627136290073395,-0.2696877419948578,100,OK,MAP_UPDATE,OK,VISUAL_INERTIAL
785,1761212592132,210.12604236602783,-80.50509542226791,-241.10235273838043,-0.36423492431640625,-0.14727111160755157,-0.26777687668800354,100,OK,MAP_UPDATE,OK,VISUAL_INERTIAL
786,1761212592149,209.09267663955688,-81.35436475276947,-246.00818753242493,-0.3713966906070709,-0.148850679397583,-0.2653714418411255,100,OK,MAP_UPDATE,OK,VISUAL_INERTIAL
787,1761212592165,207.80736207962036,-82.41631835699081,-250.70121884346008,-0.37829679250717163,-0.15022510290145874,-0.26293498277664185,100,OK,MAP_UPDATE,OK,VISUAL_INERTIAL
788,1761212592182,206.46992325782776,-83.54324847459793,-255.17559051513672,-0.38502439856529236,-0.15131990611553192,-0.26043739914894104,100,OK,MAP_UPDATE,OK,VISUAL_INERTIAL
789,1761212592199,205.01264929771423,-84.75548774003983,-259.5963776111603,-0.391591876745224,-0.15244364738464355,-0.257797509431839,100,OK,MAP_UPDATE,OK,VISUAL_INERTIAL
790,1761212592215,203.52424681186676,-86.13618463277817,-263.81582021713257,-0.39791882038116455,-0.15389180183410645,-0.2549339830875397,100,OK,MAP_UPDATE,OK,VISUAL_INERTIAL
791,1761212592232,202.00005173683167,-87.56567537784576,-267.870157957077,-0.40404993295669556,-0.15563194453716278,-0.25183069705963135,100,OK,MAP_UPDATE,OK,VISUAL_INERTIAL
792,1761212592249,200.32866299152374,-88.956318795681,-271.8925178050995,-0.41004040837287903,-0.1575404405593872,-0.2485591620206833,100,OK,MAP_UPDATE,OK,VISUAL_INERTIAL
793,1761212592265,198.5056847333908,-90.32415598630905,-275.74384212493896,-0.415798157453537,-0.15924586355686188,-0.24522170424461365,100,OK,MAP_UPDATE,OK,VISUAL_INERTIAL
794,1761212592282,196.49198651313782,-91.66324138641357,-279.50382232666016,-0.4213981032371521,-0.1605493724346161,-0.24183404445648193,100,OK,MAP_UPDATE,OK,VISUAL_INERTIAL
795,1761212592299,194.44474577903748,-92.98692643642426,-283.13755989074707,-0.42674368619918823,-0.1613149493932724,-0.2384384572505951,100,OK,MAP_UPDATE,OK,VISUAL_INERTIAL
796,1761212592315,192.39087402820587,-94.25368160009384,-286.6654396057129,-0.43193331360816956,-0.16166983544826508,-0.23499685525894165,100,OK,MAP_UPDATE,OK,VISUAL_INERTIAL
797,1761212592332,190.23026525974274,-95.50267457962036,-290.09631276130676,-0.4369792938232422,-0.16227084398269653,-0.23137931525707245,100,OK,MAP_UPDATE,OK,VISUAL_INERTIAL
798,1761212592349,188.1495714187622,-96.76380455493927,-293.41405630111694,-0.44186174869537354,-0.1630876511335373,-0.2275928556919098,100,OK,MAP_UPDATE,OK,VISUAL_INERTIAL
799,1761212592365,186.0257387161255,-97.91373461484909,-296.65741324424744,-0.44662001729011536,-0.1639731377363205,-0.22372394800186157,100,OK,MAP_UPDATE,OK,VISUAL_INERTIAL
800,1761212592382,183.72929096221924,-98.98372739553452,-299.76367950439453,-0.4512147009372711,-0.1647355854511261,-0.2197609543800354,100,OK,MAP_UPDATE,OK,VISUAL_INERTIAL
801,1761212592398,181.22737109661102,-99.94761645793915,-302.8908371925354,-0.4556812644004822,-0.1651468425989151,-0.2157997190952301,100,OK,MAP_UPDATE,OK,VISUAL_INERTIAL
802,1761212592415,178.5026639699936,-100.91228038072586,-305.93904852867126,-0.45992642641067505,-0.16514813899993896,-0.2118050754070282,100,OK,MAP_UPDATE,OK,VISUAL_INERTIAL
803,1761212592432,175.7020354270935,-101.81961953639984,-308.92083048820496,-0.4639744460582733,-0.16480472683906555,-0.20775020122528076,100,OK,MAP_UPDATE,OK,VISUAL_INERTIAL
804,1761212592448,172.8086918592453,-102.6897057890892,-311.74972653388977,-0.4677499830722809,-0.16416499018669128,-0.20363189280033112,100,OK,MAP_UPDATE,OK,VISUAL_INERTIAL
805,1761212592465,169.89082098007202,-103.51229459047318,-314.37888741493225,-0.4712011218070984,-0.16314257681369781,-0.19953329861164093,100,OK,MAP_UPDATE,OK,VISUAL_INERTIAL
806,1761212592482,166.89608991146088,-104.2405217885971,-316.8036639690399,-0.47441065311431885,-0.1619642972946167,-0.19539059698581696,100,OK,MAP_UPDATE,OK,VISUAL_INERTIAL
807,1761212592499,163.91290724277496,-104.8496663570404,-319.0493583679199,-0.47735753655433655,-0.16093739867210388,-0.19107206165790558,100,OK,MAP_UPDATE,OK,VISUAL_INERTIAL
808,1761212592515,160.7912927865982,-105.33414781093597,-321.0642337799072,-0.4800388216972351,-0.16024334728717804,-0.18661773204803467,100,OK,MAP_UPDATE,OK,VISUAL_INERTIAL
809,1761212592532,157.61955082416534,-105.79844564199448,-322.8421211242676,-0.4823700487613678,-0.15970899164676666,-0.18203899264335632,100,OK,MAP_UPDATE,OK,VISUAL_INERTIAL
810,1761212592548,154.56870198249817,-106.11914843320847,-324.50249791145325,-0.48449814319610596,-0.15920618176460266,-0.17748036980628967,100,OK,MAP_UPDATE,OK,VISUAL_INERTIAL
811,1761212592565,151.32170915603638,-106.30465298891068,-326.0268270969391,-0.4863482117652893,-0.1585448831319809,-0.17281962931156158,100,OK,MAP_UPDATE,OK,VISUAL_INERTIAL
812,1761212592582,148.06868135929108,-106.33640736341476,-327.40405201911926,-0.4879645109176636,-0.1574033796787262,-0.16817329823970795,100,OK,MAP_UPDATE,OK,VISUAL_INERTIAL
813,1761212592598,144.74397897720337,-106.32806271314621,-328.63035798072815,-0.4892715513706207,-0.1559424251317978,-0.16359369456768036,100,OK,MAP_UPDATE,OK,VISUAL_INERTIAL
814,1761212592615,141.33970439434052,-105.64602166414261,-329.5191824436188,-0.4907354414463043,-0.15484362840652466,-0.15877312421798706,100,OK,MAP_UPDATE,OK,VISUAL_INERTIAL
815,1761212592632,137.8915309906006,-105.17660528421402,-330.4106891155243,-0.4918932318687439,-0.15376590192317963,-0.15400521457195282,100,OK,MAP_UPDATE,OK,VISUAL_INERTIAL
816,1761212592648,134.4088912010193,-104.82189804315567,-331.2786817550659,-0.4927600026130676,-0.1521701067686081,-0.14940032362937927,100,OK,MAP_UPDATE,OK,VISUAL_INERTIAL
817,1761212592665,130.65725564956665,-104.59787398576736,-332.0651352405548,-0.49320313334465027,-0.14924494922161102,-0.1451454758644104,100,OK,MAP_UPDATE,OK,VISUAL_INERTIAL
818,1761212592682,126.70798599720001,-104.36078906059265,-332.73160457611084,-0.4933326244354248,-0.14430083334445953,-0.14134563505649567,100,OK,MAP_UPDATE,OK,VISUAL_INERTIAL
819,1761212592698,122.70130962133408,-104.16138917207718,-333.27969908714294,-0.49313679337501526,-0.1378362625837326,-0.13787706196308136,100,OK,MAP_UPDATE,OK,VISUAL_INERTIAL
820,1761212592715,119.00945752859116,-103.9486974477768,-333.6748778820038,-0.4928742051124573,-0.13139629364013672,-0.13428376615047455,100,OK,MAP_UPDATE,OK,VISUAL_INERTIAL
821,1761212592732,115.58417975902557,-103.62544655799866,-333.98184180259705,-0.49266988039016724,-0.12608759105205536,-0.13038432598114014,100,OK,MAP_UPDATE,OK,VISUAL_INERTIAL
822,1761212592748,112.3959869146347,-103.28654199838638,-334.1798186302185,-0.492491215467453,-0.12223953753709793,-0.12614387273788452,100,OK,MAP_UPDATE,OK,VISUAL_INERTIAL
823,1761212592765,109.2168390750885,-102.8386652469635,-334.3409597873688,-0.4923570156097412,-0.11927533894777298,-0.12173238396644592,100,OK,MAP_UPDATE,OK,VISUAL_INERTIAL
824,1761212592782,105.71608692407608,-102.37462818622589,-334.4261646270752,-0.49207815527915955,-0.11610214412212372,-0.11749272048473358,100,OK,MAP_UPDATE,OK,VISUAL_INERTIAL
825,1761212592799,101.8509566783905,-102.00846940279007,-334.4859182834625,-0.49153393507003784,-0.1117105633020401,-0.11356090754270554,100,OK,MAP_UPDATE,OK,VISUAL_INERTIAL
826,1761212592815,97.6831391453743,-101.6891747713089,-334.4865143299103,-0.49077728390693665,-0.10592900216579437,-0.10994426906108856,100,OK,MAP_UPDATE,OK,VISUAL_INERTIAL
827,1761212592832,93.78252178430557,-101.26954317092896,-334.33452248573303,-0.49003317952156067,-0.09984813630580902,-0.1063108816742897,100,OK,MAP_UPDATE,OK,VISUAL_INERTIAL
828,1761212592848,90.4502347111702,-100.84076225757599,-334.0195417404175,-0.48930084705352783,-0.09403947740793228,-0.10243376344442368,100,OK,MAP_UPDATE,OK,VISUAL_INERTIAL
829,1761212592865,87.23577111959457,-100.33491998910904,-333.72747898101807,-0.4885304868221283,-0.08826006203889847,-0.09860391169786453,100,OK,MAP_UPDATE,OK,VISUAL_INERTIAL
830,1761212592882,83.58240872621536,-99.81352090835571,-333.44411849975586,-0.4875642657279968,-0.08133257180452347,-0.09523867070674896,100,OK,MAP_UPDATE,OK,VISUAL_INERTIAL
831,1761212592898,79.35796678066254,-99.26306456327438,-333.1112861633301,-0.4864559769630432,-0.07250591367483139,-0.09249448776245117,100,OK,MAP_UPDATE,OK,VISUAL_INERTIAL
832,1761212592915,75.17538964748383,-98.74234348535538,-332.27697014808655,-0.4850773215293884,-0.06229068711400032,-0.08998319506645203,100,OK,MAP_UPDATE,OK,VISUAL_INERTIAL
833,1761212592932,71.4583620429039,-98.1886237859726,-331.44399523735046,-0.4837023615837097,-0.053150344640016556,-0.08704869449138641,100,OK,MAP_UPDATE,OK,VISUAL_INERTIAL
834,1761212592949,68.36353242397308,-97.45189547538757,-330.6691348552704,-0.4824753701686859,-0.046528879553079605,-0.08332972228527069,100,OK,MAP_UPDATE,OK,VISUAL_INERTIAL
835,1761212592965,65.4948353767395,-96.70183807611465,-329.95086908340454,-0.481261670589447,-0.04267435148358345,-0.07906438410282135,100,OK,MAP_UPDATE,OK,VISUAL_INERTIAL
836,1761212592982,62.43988126516342,-95.77609598636627,-329.26779985427856,-0.4801025688648224,-0.04022521898150444,-0.07445751875638962,100,OK,MAP_UPDATE,OK,VISUAL_INERTIAL
837,1761212592998,58.81758779287338,-94.96671706438065,-328.43104004859924,-0.47863662242889404,-0.037466298788785934,-0.07003375887870789,100,OK,MAP_UPDATE,OK,VISUAL_INERTIAL
838,1761212593015,54.83527109026909,-94.10511702299118,-327.4974226951599,-0.4769924283027649,-0.033648695796728134,-0.06570437550544739,100,OK,MAP_UPDATE,OK,VISUAL_INERTIAL
839,1761212593032,50.693996250629425,-93.45131367444992,-326.46530866622925,-0.4750630259513855,-0.029792429879307747,-0.06129917874932289,100,OK,MAP_UPDATE,OK,VISUAL_INERTIAL
840,1761212593048,46.88151925802231,-92.78382360935211,-325.3786861896515,-0.47311437129974365,-0.027377048507332802,-0.0562998466193676,100,OK,MAP_UPDATE,OK,VISUAL_INERTIAL
841,1761212593065,43.37882623076439,-91.9228345155716,-324.17091727256775,-0.47122612595558167,-0.02725001983344555,-0.050595104694366455,100,OK,MAP_UPDATE,OK,VISUAL_INERTIAL
842,1761212593082,39.90830108523369,-90.9552052617073,-322.88244366645813,-0.46929579973220825,-0.02897389978170395,-0.04445363208651543,100,OK,MAP_UPDATE,OK,VISUAL_INERTIAL
843,1761212593099,36.076243966817856,-89.938223361969,-321.52286171913147,-0.46718698740005493,-0.031047001481056213,-0.03812851011753082,100,OK,MAP_UPDATE,OK,VISUAL_INERTIAL
844,1761212593115,31.703494489192963,-89.0260636806488,-320.08665800094604,-0.4648069739341736,-0.031633052974939346,-0.032106973230838776,100,OK,MAP_UPDATE,OK,VISUAL_INERTIAL
845,1761212593132,26.79796889424324,-88.44301104545593,-318.2871341705322,-0.4619235396385193,-0.030659867450594902,-0.02634182944893837,100,OK,MAP_UPDATE,OK,VISUAL_INERTIAL
846,1761212593148,22.00053445994854,-87.83990144729614,-316.64323806762695,-0.45907285809516907,-0.029665853828191757,-0.020253237336874008,100,OK,MAP_UPDATE,OK,VISUAL_INERTIAL
847,1761212593165,17.616555094718933,-87.20144629478455,-314.9860203266144,-0.45617106556892395,-0.029801953583955765,-0.013677939772605896,100,OK,MAP_UPDATE,OK,VISUAL_INERTIAL
848,1761212593182,13.36702425032854,-86.41522377729416,-313.2820725440979,-0.45332592725753784,-0.03136574476957321,-0.006677115801721811,100,OK,MAP_UPDATE,OK,VISUAL_INERTIAL
849,1761212593198,8.723420090973377,-85.12824773788452,-311.3926947116852,-0.4507461488246918,-0.033851973712444305,0.0005478285602293909,100,OK,MAP_UPDATE,OK,VISUAL_INERTIAL
850,1761212593215,3.8237294647842646,-83.93920958042145,-309.49345231056213,-0.4479222893714905,-0.03569880127906799,0.007729648146778345,100,OK,MAP_UPDATE,OK,VISUAL_INERTIAL
851,1761212593232,-1.3829570962116122,-82.85433053970337,-307.52596259117126,-0.44481581449508667,-0.036106210201978683,0.014657916501164436,100,OK,MAP_UPDATE,OK,VISUAL_INERTIAL
852,1761212593248,-6.698641460388899,-81.91671222448349,-305.47091364860535,-0.44147491455078125,-0.03529387339949608,0.021443188190460205,100,OK,MAP_UPDATE,OK,VISUAL_INERTIAL
853,1761212593265,-11.851170100271702,-80.97165077924728,-303.37509512901306,-0.4380667805671692,-0.034159764647483826,0.0283049326390028,100,OK,MAP_UPDATE,OK,VISUAL_INERTIAL
854,1761212593282,-16.66371151804924,-80.07168769836426,-301.20527744293213,-0.4345710575580597,-0.03382441774010658,0.035391174256801605,100,OK,MAP_UPDATE,OK,VISUAL_INERTIAL
855,1761212593299,-21.19443751871586,-79.12475615739822,-298.9654839038849,-0.4310811161994934,-0.034592606127262115,0.04276009649038315,100,OK,MAP_UPDATE,OK,VISUAL_INERTIAL
856,1761212593315,-25.8000697940588,-78.32366973161697,-296.7474162578583,-0.4275039732456207,-0.03564317151904106,0.05007602646946907,100,OK,MAP_UPDATE,OK,VISUAL_INERTIAL
857,1761212593332,-30.769482254981995,-77.6771530508995,-294.3122684955597,-0.4237460196018219,-0.03579011559486389,0.057070568203926086,100,OK,MAP_UPDATE,OK,VISUAL_INERTIAL
858,1761212593349,-35.95408424735069,-77.0285502076149,-291.8696105480194,-0.4200213849544525,-0.03480583056807518,0.06377074122428894,100,OK,MAP_UPDATE,OK,VISUAL_INERTIAL
859,1761212593365,-41.074808686971664,-76.33659988641739,-289.4290089607239,-0.41634005308151245,-0.03321145474910736,0.07032904773950577,100,OK,MAP_UPDATE,OK,VISUAL_INERTIAL
860,1761212593382,-45.98570242524147,-75.6852850317955,-287.04842925071716,-0.4126797020435333,-0.03150307387113571,0.07678991556167603,100,OK,MAP_UPDATE,OK,VISUAL_INERTIAL
861,1761212593398,-50.786443054676056,-74.99605417251587,-284.56345200538635,-0.4090751111507416,-0.030075276270508766,0.08316126465797424,100,OK,MAP_UPDATE,OK,VISUAL_INERTIAL
862,1761212593415,-55.38371577858925,-74.29280132055283,-282.1425795555115,-0.40548714995384216,-0.02921774424612522,0.08958325535058975,100,OK,MAP_UPDATE,OK,VISUAL_INERTIAL
863,1761212593432,-59.964150190353394,-73.27772676944733,-279.69327569007874,-0.40216439962387085,-0.028907189145684242,0.09595612436532974,100,OK,MAP_UPDATE,OK,VISUAL_INERTIAL
864,1761212593448,-64.54083323478699,-72.40408658981323,-277.2366404533386,-0.3986896872520447,-0.028234954923391342,0.1022391989827156,100,OK,MAP_UPDATE,OK,VISUAL_INERTIAL
865,1761212593465,-69.38738375902176,-71.72897458076477,-274.7032940387726,-0.3951132595539093,-0.026193058118224144,0.10806649923324585,100,OK,MAP_UPDATE,OK,VISUAL_INERTIAL
866,1761212593482,-74.17227327823639,-71.11822813749313,-272.17206358909607,-0.39150992035865784,-0.022789740934967995,0.11365833878517151,100,OK,MAP_UPDATE,OK,VISUAL_INERTIAL
867,1761212593498,-78.77667993307114,-70.47689706087112,-269.63865756988525,-0.3879593014717102,-0.01909259893000126,0.11914371699094772,100,OK,MAP_UPDATE,OK,VISUAL_INERTIAL
868,1761212593515,-83.05322378873825,-69.87035274505615,-267.0791745185852,-0.3844262957572937,-0.015806959941983223,0.12467945367097855,100,OK,MAP_UPDATE,OK,VISUAL_INERTIAL
869,1761212593532,-87.02222257852554,-69.28257644176483,-264.4842565059662,-0.3808717131614685,-0.013552302494645119,0.1303463876247406,100,OK,MAP_UPDATE,OK,VISUAL_INERTIAL
870,1761212593548,-90.79323709011078,-68.72764229774475,-261.87461614608765,-0.3772779405117035,-0.012273033149540424,0.13603386282920837,100,OK,MAP_UPDATE,OK,VISUAL_INERTIAL
871,1761212593565,-94.59756314754486,-68.21338832378387,-259.3422830104828,-0.3736901879310608,-0.011285210028290749,0.14163464307785034,100,OK,MAP_UPDATE,OK,VISUAL_INERTIAL
872,1761212593582,-98.55382144451141,-67.74166226387024,-256.87527656555176,-0.37013542652130127,-0.009837610647082329,0.14696890115737915,100,OK,MAP_UPDATE,OK,VISUAL_INERTIAL
873,1761212593598,-102.70335525274277,-67.44246184825897,-254.23619151115417,-0.36650314927101135,-0.007365872152149677,0.15201233327388763,100,OK,MAP_UPDATE,OK,VISUAL_INERTIAL
874,1761212593615,-107.00546950101852,-67.17261672019958,-251.6809105873108,-0.3629438579082489,-0.004120856057852507,0.15673668682575226,100,OK,MAP_UPDATE,OK,VISUAL_INERTIAL
875,1761212593632,-110.98208278417587,-66.84626638889313,-249.08214807510376,-0.3594449460506439,-0.0008314215228892863,0.1613939106464386,100,OK,MAP_UPDATE,OK,VISUAL_INERTIAL
876,1761212593648,-114.64371532201767,-66.41855090856552,-246.46781384944916,-0.3559231162071228,0.0019300987478345633,0.1660832166671753,100,OK,MAP_UPDATE,OK,VISUAL_INERTIAL
877,1761212593665,-118.0693656206131,-66.00356101989746,-243.80351603031158,-0.3522915542125702,0.0039702062495052814,0.17076487839221954,100,OK,MAP_UPDATE,OK,VISUAL_INERTIAL
878,1761212593682,-121.35536968708038,-65.55251777172089,-241.0881668329239,-0.3486562669277191,0.005659686867147684,0.17529146373271942,100,OK,MAP_UPDATE,OK,VISUAL_INERTIAL
879,1761212593698,-124.77728724479675,-64.98408317565918,-238.26050758361816,-0.34508365392684937,0.007772580720484257,0.17948018014431,100,OK,MAP_UPDATE,OK,VISUAL_INERTIAL
880,1761212593715,-128.3188909292221,-64.45179134607315,-235.4390174150467,-0.3414974510669708,0.010813869535923004,0.18339605629444122,100,OK,MAP_UPDATE,OK,VISUAL_INERTIAL
881,1761212593732,-131.61183893680573,-63.978470861911774,-232.5621396303177,-0.3377498388290405,0.014275063760578632,0.18713268637657166,100,OK,MAP_UPDATE,OK,VISUAL_INERTIAL
882,1761212593748,-134.70740616321564,-63.38197737932205,-229.61172461509705,-0.33397045731544495,0.017547788098454475,0.19073966145515442,100,OK,MAP_UPDATE,OK,VISUAL_INERTIAL
883,1761212593765,-137.5991851091385,-62.94085085391998,-226.60675644874573,-0.3299262523651123,0.020484741777181625,0.1942359209060669,100,OK,MAP_UPDATE,OK,VISUAL_INERTIAL
884,1761212593782,-140.34537971019745,-62.464457005262375,-223.54625165462494,-0.3258006274700165,0.02332127094268799,0.19755764305591583,100,OK,MAP_UPDATE,OK,VISUAL_INERTIAL
885,1761212593798,-142.94598996639252,-61.800453811883926,-220.31736373901367,-0.3217505216598511,0.026654360815882683,0.20073136687278748,100,OK,MAP_UPDATE,OK,VISUAL_INERTIAL
886,1761212593815,-145.5439031124115,-61.06463819742203,-217.06654131412506,-0.31770217418670654,0.03048649989068508,0.2036323994398117,100,OK,MAP_UPDATE,OK,VISUAL_INERTIAL
887,1761212593832,-147.9628086090088,-60.495711863040924,-213.68013322353363,-0.31350237131118774,0.034906305372714996,0.20626245439052582,100,OK,MAP_UPDATE,OK,VISUAL_INERTIAL
888,1761212593849,-150.44128894805908,-59.731222689151764,-210.32601594924927,-0.3094099164009094,0.039985284209251404,0.2086908221244812,100,OK,MAP_UPDATE,OK,VISUAL_INERTIAL
889,1761212593865,-152.6036113500595,-58.8441826403141,-206.81335031986237,-0.30529680848121643,0.04538575932383537,0.21088825166225433,100,OK,MAP_UPDATE,OK,VISUAL_INERTIAL
890,1761212593882,-154.58443760871887,-57.94094502925873,-203.22120189666748,-0.30105680227279663,0.050706103444099426,0.21295486390590668,100,OK,MAP_UPDATE,OK,VISUAL_INERTIAL
891,1761212593898,-156.29228949546814,-57.16568976640701,-199.4435340166092,-0.29649314284324646,0.05558805540204048,0.21482354402542114,100,OK,MAP_UPDATE,OK,VISUAL_INERTIAL
892,1761212593915,-157.81867504119873,-56.20161443948746,-195.62506675720215,-0.2919210195541382,0.06013078987598419,0.21670407056808472,100,OK,MAP_UPDATE,OK,VISUAL_INERTIAL
893,1761212593932,-159.31499004364014,-55.19382655620575,-191.66865944862366,-0.2872656285762787,0.06488674879074097,0.21849007904529572,100,OK,MAP_UPDATE,OK,VISUAL_INERTIAL
894,1761212593948,-160.91617941856384,-54.23063412308693,-187.77026236057281,-0.2825126349925995,0.07021842896938324,0.2200615257024765,100,OK,MAP_UPDATE,OK,VISUAL_INERTIAL
895,1761212593965,-162.69797086715698,-53.35318669676781,-183.72754752635956,-0.2776166498661041,0.07563392072916031,0.22138939797878265,100,OK,MAP_UPDATE,OK,VISUAL_INERTIAL
896,1761212593982,-164.23726081848145,-52.54692956805229,-179.56025898456573,-0.272444486618042,0.08074158430099487,0.2227778285741806,100,OK,MAP_UPDATE,OK,VISUAL_INERTIAL
897,1761212593998,-165.60745239257812,-51.659274846315384,-175.29983818531036,-0.2671588957309723,0.08542907983064651,0.22422008216381073,100,OK,MAP_UPDATE,OK,VISUAL_INERTIAL
898,1761212594015,-166.95193946361542,-50.73239281773567,-170.96681892871857,-0.2618633508682251,0.0902203842997551,0.2256256341934204,100,OK,MAP_UPDATE,OK,VISUAL_INERTIAL
899,1761212594032,-168.4095412492752,-49.89680275321007,-166.57641530036926,-0.25649479031562805,0.09557142853736877,0.22689326107501984,100,OK,MAP_UPDATE,OK,VISUAL_INERTIAL
900,1761212594048,-169.9824035167694,-48.87815564870834,-162.12472319602966,-0.2512435019016266,0.10186740756034851,0.22791478037834167,100,OK,MAP_UPDATE,OK,VISUAL_INERTIAL
901,1761212594065,-171.6296374797821,-47.889042645692825,-157.66581892967224,-0.24601194262504578,0.1087210550904274,0.2287801057100296,100,OK,MAP_UPDATE,OK,VISUAL_INERTIAL
902,1761212594082,-173.09154570102692,-47.11195454001427,-153.2393991947174,-0.24062977731227875,0.11545062810182571,0.2295544147491455,100,OK,MAP_UPDATE,OK,VISUAL_INERTIAL
903,1761212594099,-174.27346110343933,-46.133361756801605,-148.81013333797455,-0.2353370040655136,0.12229512631893158,0.2302785962820053,100,OK,MAP_UPDATE,OK,VISUAL_INERTIAL
904,1761212594115,-175.37111043930054,-45.36580666899681,-144.34921741485596,-0.22983670234680176,0.12878669798374176,0.23081427812576294,100,OK,MAP_UPDATE,OK,VISUAL_INERTIAL
905,1761212594132,-176.22928321361542,-44.624242931604385,-139.8482322692871,-0.22427760064601898,0.13487499952316284,0.23128370940685272,100,OK,MAP_UPDATE,OK,VISUAL_INERTIAL
906,1761212594148,-177.1189421415329,-43.8176691532135,-135.39926707744598,-0.21883881092071533,0.14092490077018738,0.2316380888223648,100,OK,MAP_UPDATE,OK,VISUAL_INERTIAL
907,1761212594165,-177.77475714683533,-43.00980269908905,-130.78573346138,-0.2132744938135147,0.14724388718605042,0.2318785935640335,100,OK,MAP_UPDATE,OK,VISUAL_INERTIAL
908,1761212594182,-178.25107276439667,-42.244430631399155,-126.32282078266144,-0.20786814391613007,0.15344110131263733,0.23189501464366913,100,OK,MAP_UPDATE,OK,VISUAL_INERTIAL
909,1761212594199,-178.4021109342575,-41.38689488172531,-121.9024807214737,-0.2025076299905777,0.1596129685640335,0.2318129986524582,100,OK,MAP_UPDATE,OK,VISUAL_INERTIAL
910,1761212594215,-178.4142404794693,-40.641237050294876,-117.63125658035278,-0.1972125619649887,0.16528752446174622,0.2315104752779007,100,OK,MAP_UPDATE,OK,VISUAL_INERTIAL
911,1761212594232,-178.09222638607025,-39.823487401008606,-113.30253630876541,-0.19196069240570068,0.170601487159729,0.231019988656044,100,OK,MAP_UPDATE,OK,VISUAL_INERTIAL
912,1761212594248,-177.885502576828,-39.027974009513855,-109.10020023584366,-0.1868920773267746,0.17501841485500336,0.23031826317310333,100,OK,MAP_UPDATE,OK,VISUAL_INERTIAL
913,1761212594265,-177.54743993282318,-38.169775158166885,-104.96331006288528,-0.18179954588413239,0.17918813228607178,0.22944515943527222,100,OK,MAP_UPDATE,OK,VISUAL_INERTIAL
914,1761212594282,-176.9932210445404,-37.253238260746,-101.00553929805756,-0.17683006823062897,0.18322758376598358,0.2283521443605423,100,OK,MAP_UPDATE,OK,VISUAL_INERTIAL
915,1761212594298,-176.31299793720245,-36.34632006287575,-97.36959636211395,-0.172040194272995,0.1870930939912796,0.22703997790813446,100,OK,MAP_UPDATE,OK,VISUAL_INERTIAL
916,1761212594315,-175.38468539714813,-35.38626432418823,-93.67115795612335,-0.16735580563545227,0.19103023409843445,0.22547617554664612,100,OK,MAP_UPDATE,OK,VISUAL_INERTIAL
917,1761212594332,-174.27295446395874,-34.580931067466736,-90.24206548929214,-0.16266347467899323,0.19465455412864685,0.22363784909248352,100,OK,MAP_UPDATE,OK,VISUAL_INERTIAL
918,1761212594348,-172.89870977401733,-33.73148664832115,-86.97757869958878,-0.15807603299617767,0.19754096865653992,0.22160139679908752,100,OK,MAP_UPDATE,OK,VISUAL_INERTIAL
919,1761212594365,-171.15525901317596,-32.860103994607925,-83.78982543945312,-0.15344372391700745,0.19953984022140503,0.21931755542755127,100,OK,MAP_UPDATE,OK,VISUAL_INERTIAL
920,1761212594382,-169.2095249891281,-32.1061834692955,-80.71811497211456,-0.1487186849117279,0.20113226771354675,0.21668700873851776,100,OK,MAP_UPDATE,OK,VISUAL_INERTIAL
921,1761212594399,-167.15940833091736,-31.26690536737442,-77.76734977960587,-0.14413170516490936,0.2028295248746872,0.2135850191116333,100,OK,MAP_UPDATE,OK,VISUAL_INERTIAL
922,1761212594415,-165.00814259052277,-30.246414244174957,-74.9836340546608,-0.13986583054065704,0.20494063198566437,0.21016201376914978,100,OK,MAP_UPDATE,OK,VISUAL_INERTIAL
923,1761212594432,-162.48826682567596,-29.312606900930405,-72.07944989204407,-0.13550910353660583,0.20726163685321808,0.20638179779052734,100,OK,MAP_UPDATE,OK,VISUAL_INERTIAL
924,1761212594449,-159.81720387935638,-28.265658766031265,-69.40130144357681,-0.13137251138687134,0.20928612351417542,0.20247171819210052,100,OK,MAP_UPDATE,OK,VISUAL_INERTIAL
925,1761212594465,-156.79678320884705,-27.044085785746574,-66.68686866760254,-0.12731638550758362,0.21101495623588562,0.19828639924526215,100,OK,MAP_UPDATE,OK,VISUAL_INERTIAL
926,1761212594482,-153.54199707508087,-25.78585036098957,-63.98236006498337,-0.12326040118932724,0.21249239146709442,0.19384317100048065,100,OK,MAP_UPDATE,OK,VISUAL_INERTIAL
927,1761212594498,-150.07883310317993,-24.564148858189583,-61.29667907953262,-0.11920914798974991,0.21395671367645264,0.18919239938259125,100,OK,MAP_UPDATE,OK,VISUAL_INERTIAL
928,1761212594515,-146.50477468967438,-22.990424185991287,-58.663733303546906,-0.11547194421291351,0.21560756862163544,0.18430709838867188,100,OK,MAP_UPDATE,OK,VISUAL_INERTIAL
929,1761212594532,-142.94442534446716,-21.748095750808716,-56.22868984937668,-0.11165688186883926,0.21764327585697174,0.17910254001617432,100,OK,MAP_UPDATE,OK,VISUAL_INERTIAL
930,1761212594548,-139.1552835702896,-20.428340882062912,-53.881119936704636,-0.10791215300559998,0.21985004842281342,0.17380118370056152,100,OK,MAP_UPDATE,OK,VISUAL_INERTIAL
931,1761212594565,-135.21109521389008,-19.131004810333252,-51.54849961400032,-0.10420648008584976,0.2217434048652649,0.16841956973075867,100,OK,MAP_UPDATE,OK,VISUAL_INERTIAL
932,1761212594582,-131.1025768518448,-17.885835841298103,-49.28124323487282,-0.10044896602630615,0.2233193963766098,0.16290070116519928,100,OK,MAP_UPDATE,OK,VISUAL_INERTIAL
933,1761212594598,-126.8974095582962,-16.561057418584824,-46.994294971227646,-0.09675804525613785,0.22480647265911102,0.1571654975414276,100,OK,MAP_UPDATE,OK,VISUAL_INERTIAL
934,1761212594615,-122.52220511436462,-15.40502067655325,-44.68000307679176,-0.09300468116998672,0.22633413970470428,0.15130265057086945,100,OK,MAP_UPDATE,OK,VISUAL_INERTIAL
935,1761212594632,-118.21307241916656,-14.252922497689724,-42.42723062634468,-0.08934186398983002,0.22765469551086426,0.14528685808181763,100,OK,MAP_UPDATE,OK,VISUAL_INERTIAL
936,1761212594648,-113.8320118188858,-13.025973923504353,-40.36739841103554,-0.08575259894132614,0.22875472903251648,0.13897705078125,100,OK,MAP_UPDATE,OK,VISUAL_INERTIAL
937,1761212594665,-109.31693017482758,-11.946670711040497,-38.303349167108536,-0.0821373239159584,0.22964660823345184,0.1325652301311493,100,OK,MAP_UPDATE,OK,VISUAL_INERTIAL
938,1761212594682,-104.59394007921219,-11.009065434336662,-36.27806156873703,-0.07854541391134262,0.23032119870185852,0.1260817050933838,100,OK,MAP_UPDATE,OK,VISUAL_INERTIAL
939,1761212594698,-99.73398596048355,-10.057436302304268,-34.31054577231407,-0.07505477964878082,0.23084396123886108,0.11944504827260971,100,OK,MAP_UPDATE,OK,VISUAL_INERTIAL
940,1761212594715,-94.6492999792099,-9.29737463593483,-32.50829875469208,-0.0714951828122139,0.2313588559627533,0.11256910115480423,100,OK,MAP_UPDATE,OK,VISUAL_INERTIAL
941,1761212594732,-89.61360901594162,-8.517434820532799,-30.805112794041634,-0.0682082548737526,0.23170329630374908,0.10570618510246277,100,OK,MAP_UPDATE,OK,VISUAL_INERTIAL
942,1761212594748,-84.5237672328949,-7.573483977466822,-29.265504330396652,-0.06524835526943207,0.23191046714782715,0.09880620986223221,100,OK,MAP_UPDATE,OK,VISUAL_INERTIAL
943,1761212594765,-79.25130426883698,-6.631939206272364,-27.74680219590664,-0.062434952706098557,0.23185794055461884,0.09185224026441574,100,OK,MAP_UPDATE,OK,VISUAL_INERTIAL
944,1761212594782,-73.93766194581985,-5.778776947408915,-26.403741911053658,-0.05978073179721832,0.23164628446102142,0.08488085120916367,100,OK,MAP_UPDATE,OK,VISUAL_INERTIAL
945,1761212594798,-68.69252771139145,-5.129582714289427,-25.14158934354782,-0.05719264596700668,0.23141738772392273,0.07787849754095078,100,OK,MAP_UPDATE,OK,VISUAL_INERTIAL
946,1761212594815,-63.401490449905396,-4.475587978959084,-23.937739431858063,-0.05475423485040665,0.2311912328004837,0.07075881212949753,100,OK,MAP_UPDATE,OK,VISUAL_INERTIAL
947,1761212594832,-58.16695839166641,-3.7676538340747356,-22.947773337364197,-0.05261893942952156,0.23085778951644897,0.0636170282959938,100,OK,MAP_UPDATE,OK,VISUAL_INERTIAL
948,1761212594848,-52.89871618151665,-3.072513733059168,-22.110464051365852,-0.05063658580183983,0.23018188774585724,0.056423310190439224,100,OK,MAP_UPDATE,OK,VISUAL_INERTIAL
949,1761212594865,-47.71232604980469,-2.420213771983981,-21.43516018986702,-0.048819784075021744,0.22927333414554596,0.049257244914770126,100,OK,MAP_UPDATE,OK,VISUAL_INERTIAL
950,1761212594882,-42.22751781344414,-1.975619001314044,-20.83912491798401,-0.04702312871813774,0.2281985729932785,0.04204642400145531,100,OK,MAP_UPDATE,OK,VISUAL_INERTIAL
951,1761212594898,-36.7097333073616,-1.2541792821139097,-20.493613556027412,-0.04560479521751404,0.22676169872283936,0.03472033888101578,100,OK,MAP_UPDATE,OK,VISUAL_INERTIAL
952,1761212594915,-31.182123348116875,-0.7759616128169,-20.166654139757156,-0.04420994222164154,0.22518973052501678,0.027411486953496933,100,OK,MAP_UPDATE,OK,VISUAL_INERTIAL
953,1761212594932,-25.73651820421219,-0.38581067929044366,-19.93700861930847,-0.042941171675920486,0.22382482886314392,0.020029645413160324,100,OK,MAP_UPDATE,OK,VISUAL_INERTIAL
954,1761212594948,-20.37103846669197,-0.13063495862297714,-19.84585076570511,-0.04178037866950035,0.2227642834186554,0.012565393932163715,100,OK,MAP_UPDATE,OK,VISUAL_INERTIAL
955,1761212594965,-15.090776607394218,0.14996710524428636,-19.85342428088188,-0.04089342802762985,0.2218824326992035,0.0050560226663947105,100,OK,MAP_UPDATE,OK,VISUAL_INERTIAL
956,1761212594982,-9.42150130867958,-0.21520596055779606,-19.904984161257744,-0.03979729115962982,0.22109216451644897,-0.0025335473474115133,100,OK,MAP_UPDATE,OK,VISUAL_INERTIAL
957,1761212594998,-3.7076915614306927,-0.47886965330690145,-20.111095160245895,-0.039008062332868576,0.21954897046089172,-0.010216073133051395,100,OK,MAP_UPDATE,OK,VISUAL_INERTIAL
958,1761212595015,2.13662744499743,-0.4631281190086156,-20.567869767546654,-0.03859580680727959,0.21719369292259216,-0.017951851710677147,100,OK,MAP_UPDATE,OK,VISUAL_INERTIAL
959,1761212595032,7.97708798199892,-0.5850560264661908,-21.207787096500397,-0.03829747065901756,0.21429888904094696,-0.025721197947859764,100,OK,MAP_UPDATE,OK,VISUAL_INERTIAL
960,1761212595048,13.692555017769337,-0.6900454754941165,-21.90478704869747,-0.038179416209459305,0.21133482456207275,-0.03351122513413429,100,OK,MAP_UPDATE,OK,VISUAL_INERTIAL
961,1761212595065,19.199321046471596,-0.6697931094095111,-22.731421515345573,-0.0384199395775795,0.20847919583320618,-0.04129047691822052,100,OK,MAP_UPDATE,OK,VISUAL_INERTIAL
962,1761212595082,24.76014941930771,-0.4797730653081089,-23.60163815319538,-0.03892363980412483,0.2058401256799698,-0.049174267798662186,100,OK,MAP_UPDATE,OK,VISUAL_INERTIAL
963,1761212595099,30.143924057483673,-0.3078324079979211,-24.54151399433613,-0.03956158459186554,0.20367123186588287,-0.05701625347137451,100,OK,MAP_UPDATE,OK,VISUAL_INERTIAL
964,1761212595115,35.401079803705215,-0.0663389582769014,-25.68729594349861,-0.040437836199998856,0.20153109729290009,-0.06467866152524948,100,OK,MAP_UPDATE,OK,VISUAL_INERTIAL
965,1761212595132,41.048575192689896,-0.17888715956360102,-26.6927070915699,-0.0412321463227272,0.19955725967884064,-0.07218418270349503,100,OK,MAP_UPDATE,OK,VISUAL_INERTIAL
966,1761212595148,46.79025709629059,0.0267153973254608,-27.88625657558441,-0.042447272688150406,0.19729457795619965,-0.07959137111902237,100,OK,MAP_UPDATE,OK,VISUAL_INERTIAL
967,1761212595165,52.342284470796585,-0.3717048093676567,-29.065506532788277,-0.043460238724946976,0.19464406371116638,-0.08696205914020538,100,OK,MAP_UPDATE,OK,VISUAL_INERTIAL
968,1761212595182,57.67074227333069,-0.9381647687405348,-30.29838763177395,-0.04444887489080429,0.19177305698394775,-0.0942879244685173,100,OK,MAP_UPDATE,OK,VISUAL_INERTIAL
969,1761212595198,62.89304047822952,-1.4548817416653037,-31.648587435483932,-0.04562785476446152,0.1888212412595749,-0.10148199647665024,100,OK,MAP_UPDATE,OK,VISUAL_INERTIAL
970,1761212595215,68.05431097745895,-1.8077658023685217,-33.15269947052002,-0.04713515192270279,0.18584348261356354,-0.10859207808971405,100,OK,MAP_UPDATE,OK,VISUAL_INERTIAL
971,1761212595232,72.89572805166245,-2.3801163770258427,-34.68533977866173,-0.048575904220342636,0.1831003725528717,-0.11542306840419769,100,OK,MAP_UPDATE,OK,VISUAL_INERTIAL
972,1761212595249,77.85164564847946,-2.9572835192084312,-36.29397600889206,-0.05019226670265198,0.18056456744670868,-0.12229035794734955,100,OK,MAP_UPDATE,OK,VISUAL_INERTIAL
973,1761212595265,82.51891285181046,-3.709829179570079,-37.84360736608505,-0.05181191861629486,0.1779187023639679,-0.12890464067459106,100,OK,MAP_UPDATE,OK,VISUAL_INERTIAL
974,1761212595282,86.95804327726364,-4.403555300086737,-39.52984884381294,-0.053590212017297745,0.17501164972782135,-0.13535378873348236,100,OK,MAP_UPDATE,OK,VISUAL_INERTIAL
975,1761212595298,91.39050543308258,-5.2451202645897865,-41.30128398537636,-0.05548171326518059,0.17233461141586304,-0.14188748598098755,100,OK,MAP_UPDATE,OK,VISUAL_INERTIAL
976,1761212595315,95.99336981773376,-6.0745300725102425,-43.0937334895134,-0.05749903619289398,0.16958655416965485,-0.14843739569187164,100,OK,MAP_UPDATE,OK,VISUAL_INERTIAL
977,1761212595332,100.55160522460938,-6.812454201281071,-44.929757714271545,-0.059621669352054596,0.16664040088653564,-0.15494316816329956,100,OK,MAP_UPDATE,OK,VISUAL_INERTIAL
978,1761212595348,105.16300797462463,-7.539126556366682,-46.79975286126137,-0.061811093240976334,0.16383926570415497,-0.16144245862960815,100,OK,MAP_UPDATE,OK,VISUAL_INERTIAL
979,1761212595365,109.6658781170845,-8.354663848876953,-48.82173240184784,-0.06397433578968048,0.16154877841472626,-0.16787847876548767,100,OK,MAP_UPDATE,OK,VISUAL_INERTIAL
980,1761212595382,113.82407695055008,-9.191733784973621,-50.54323747754097,-0.06602995842695236,0.1595534235239029,-0.1740402728319168,100,OK,MAP_UPDATE,OK,VISUAL_INERTIAL
981,1761212595398,118.21216344833374,-10.175110772252083,-52.31005698442459,-0.06800130754709244,0.15786617994308472,-0.18021363019943237,100,OK,MAP_UPDATE,OK,VISUAL_INERTIAL
982,1761212595415,122.52729386091232,-11.147203855216503,-54.097190499305725,-0.07001279294490814,0.15614987909793854,-0.18628790974617004,100,OK,MAP_UPDATE,OK,VISUAL_INERTIAL
983,1761212595432,127.0698755979538,-12.611799873411655,-55.86614832282066,-0.07182332873344421,0.15471889078617096,-0.19232183694839478,100,OK,MAP_UPDATE,OK,VISUAL_INERTIAL
984,1761212595448,131.28936290740967,-12.865551747381687,-57.80743062496185,-0.07427395135164261,0.1529262363910675,-0.1981366127729416,100,OK,MAP_UPDATE,OK,VISUAL_INERTIAL
985,1761212595465,135.29428839683533,-14.038766734302044,-59.446871280670166,-0.07612833380699158,0.15121375024318695,-0.2039419263601303,100,OK,MAP_UPDATE,OK,VISUAL_INERTIAL
986,1761212595482,139.575257897377,-14.61286935955286,-61.26393750309944,-0.07847742736339569,0.14962095022201538,-0.20954884588718414,100,OK,MAP_UPDATE,OK,VISUAL_INERTIAL
987,1761212595498,143.54348182678223,-15.409758314490318,-62.92453408241272,-0.08048554509878159,0.14817754924297333,-0.21490158140659332,100,OK,MAP_UPDATE,OK,VISUAL_INERTIAL
988,1761212595515,147.27400243282318,-16.297640278935432,-64.59133327007294,-0.08244308084249496,0.14678563177585602,-0.22005663812160492,100,OK,MAP_UPDATE,OK,VISUAL_INERTIAL
989,1761212595532,150.84615349769592,-17.22429320216179,-66.12370908260345,-0.08438953012228012,0.14544528722763062,-0.22487182915210724,100,OK,MAP_UPDATE,OK,VISUAL_INERTIAL
990,1761212595548,154.12957966327667,-18.085002899169922,-67.66671687364578,-0.08639920502901077,0.1441134661436081,-0.2293141633272171,100,OK,MAP_UPDATE,OK,VISUAL_INERTIAL
991,1761212595565,157.03418850898743,-18.881725147366524,-69.21908259391785,-0.08844570070505142,0.14284127950668335,-0.23329341411590576,100,OK,MAP_UPDATE,OK,VISUAL_INERTIAL
992,1761212595582,159.71410274505615,-19.45875771343708,-70.84561884403229,-0.09070586413145065,0.14181499183177948,-0.23685310781002045,100,OK,MAP_UPDATE,OK,VISUAL_INERTIAL
993,1761212595598,161.94206476211548,-20.06494626402855,-72.39585369825363,-0.0928325206041336,0.1410384327173233,-0.2399298995733261,100,OK,MAP_UPDATE,OK,VISUAL_INERTIAL
994,1761212595615,163.76574337482452,-20.55634930729866,-73.90661537647247,-0.09486091881990433,0.14033323526382446,-0.24258629977703094,100,OK,MAP_UPDATE,OK,VISUAL_INERTIAL
995,1761212595632,165.3161346912384,-21.001972258090973,-75.4188671708107,-0.09678947925567627,0.13974124193191528,-0.24483270943164825,100,OK,MAP_UPDATE,OK,VISUAL_INERTIAL
996,1761212595648,166.64348542690277,-21.353786811232567,-76.7667293548584,-0.09863388538360596,0.13928112387657166,-0.24671439826488495,100,OK,MAP_UPDATE,OK,VISUAL_INERTIAL
997,1761212595665,167.57085919380188,-21.7155572026968,-78.15683633089066,-0.1002984270453453,0.13888761401176453,-0.24812521040439606,100,OK,MAP_UPDATE,OK,VISUAL_INERTIAL
998,1761212595682,168.1910753250122,-22.07045629620552,-79.30611819028854,-0.10174759477376938,0.13871154189109802,-0.24904556572437286,100,OK,MAP_UPDATE,OK,VISUAL_INERTIAL
999,1761212595698,168.34181547164917,-22.33082801103592,-80.3118571639061,-0.10303756594657898,0.1386996954679489,-0.24946045875549316,100,OK,MAP_UPDATE,OK,VISUAL_INERTIAL
1000,1761212595715,168.13179850578308,-22.5082840770483,-81.13221079111099,-0.10415194928646088,0.1389285773038864,-0.24939920008182526,100,OK,MAP_UPDATE,OK,VISUAL_INERTIAL
1001,1761212595732,167.60341823101044,-22.5306935608387,-81.7723348736763,-0.10503706336021423,0.13947860896587372,-0.24890948832035065,100,OK,MAP_UPDATE,OK,VISUAL_INERTIAL
1002,1761212595748,166.66246950626373,-22.455332800745964,-82.21457153558731,-0.10571335256099701,0.14075511693954468,-0.24785961210727692,100,OK,MAP_UPDATE,OK,VISUAL_INERTIAL
1003,1761212595765,165.19492864608765,-22.320732474327087,-82.5188010931015,-0.1060936376452446,0.14293818175792694,-0.24626809358596802,100,OK,MAP_UPDATE,OK,VISUAL_INERTIAL
1004,1761212595782,163.37279975414276,-22.166205570101738,-82.68359303474426,-0.10620424151420593,0.1460195630788803,-0.24419066309928894,100,OK,MAP_UPDATE,OK,VISUAL_INERTIAL
1005,1761212595798,161.25914454460144,-21.7948779463768,-82.75580406188965,-0.10617508739233017,0.14957329630851746,-0.24163594841957092,100,OK,MAP_UPDATE,OK,VISUAL_INERTIAL
1006,1761212595815,158.83846580982208,-21.288683637976646,-82.64384418725967,-0.10597053170204163,0.15341618657112122,-0.23856018483638763,100,OK,MAP_UPDATE,OK,VISUAL_INERTIAL
1007,1761212595832,156.23638033866882,-20.774593576788902,-82.34946429729462,-0.10556047409772873,0.1575636863708496,-0.23504135012626648,100,OK,MAP_UPDATE,OK,VISUAL_INERTIAL
1008,1761212595848,153.1810164451599,-20.295176655054092,-81.9142535328865,-0.10486309975385666,0.16203364729881287,-0.2310958057641983,100,OK,MAP_UPDATE,OK,VISUAL_INERTIAL
1009,1761212595865,149.88258481025696,-19.734742119908333,-81.35705441236496,-0.10402228683233261,0.1666952520608902,-0.2267681509256363,100,OK,MAP_UPDATE,OK,VISUAL_INERTIAL
1010,1761212595882,146.3688760995865,-19.080817699432373,-80.66217601299286,-0.10307076573371887,0.17132139205932617,-0.2220795750617981,100,OK,MAP_UPDATE,OK,VISUAL_INERTIAL
1011,1761212595899,142.610102891922,-18.2508435100317,-79.83400672674179,-0.10204377770423889,0.17618891596794128,-0.2169754058122635,100,OK,MAP_UPDATE,OK,VISUAL_INERTIAL
1012,1761212595915,138.6716663837433,-17.48216710984707,-78.88539135456085,-0.10083302855491638,0.1809740662574768,-0.21174286305904388,100,OK,MAP_UPDATE,OK,VISUAL_INERTIAL
1013,1761212595932,134.56718623638153,-16.612587496638298,-77.86530256271362,-0.09957322478294373,0.18536968529224396,-0.20615053176879883,100,OK,MAP_UPDATE,OK,VISUAL_INERTIAL
1014,1761212595948,130.5091232061386,-15.66677913069725,-76.72922313213348,-0.09832742065191269,0.18917208909988403,-0.20036958158016205,100,OK,MAP_UPDATE,OK,VISUAL_INERTIAL
1015,1761212595965,126.37421488761902,-14.697862789034843,-75.53453743457794,-0.09705865383148193,0.19239160418510437,-0.19442692399024963,100,OK,MAP_UPDATE,OK,VISUAL_INERTIAL
1016,1761212595982,122.15907126665115,-13.781449757516384,-74.19463992118835,-0.09571034461259842,0.19507963955402374,-0.18826693296432495,100,OK,MAP_UPDATE,OK,VISUAL_INERTIAL
1017,1761212595998,118.01103502511978,-12.950305826961994,-72.87398725748062,-0.09434258192777634,0.19746188819408417,-0.18225917220115662,100,OK,MAP_UPDATE,OK,VISUAL_INERTIAL
1018,1761212596015,113.5905310511589,-11.976148933172226,-71.55391573905945,-0.09305231273174286,0.2000608891248703,-0.17608629167079926,100,OK,MAP_UPDATE,OK,VISUAL_INERTIAL
1019,1761212596032,108.5824966430664,-11.642401106655598,-70.10969519615173,-0.09121692925691605,0.20327690243721008,-0.16998916864395142,100,OK,MAP_UPDATE,OK,VISUAL_INERTIAL
1020,1761212596048,103.4250259399414,-10.746067389845848,-68.51862370967865,-0.08964469283819199,0.20733864605426788,-0.16369746625423431,100,OK,MAP_UPDATE,OK,VISUAL_INERTIAL
1021,1761212596065,98.54906052350998,-9.749471209943295,-67.06208735704422,-0.08820434659719467,0.21180415153503418,-0.15762437880039215,100,OK,MAP_UPDATE,OK,VISUAL_INERTIAL
1022,1761212596082,93.90034526586533,-8.788109757006168,-65.58492034673691,-0.08673661947250366,0.21641862392425537,-0.15155766904354095,100,OK,MAP_UPDATE,OK,VISUAL_INERTIAL
1023,1761212596098,89.32676166296005,-7.693224120885134,-63.95407021045685,-0.08541076630353928,0.22110138833522797,-0.1452166587114334,100,OK,MAP_UPDATE,OK,VISUAL_INERTIAL
1024,1761212596115,84.75126326084137,-6.552097853273153,-62.473807483911514,-0.08417697995901108,0.22577476501464844,-0.13887500762939453,100,OK,MAP_UPDATE,OK,VISUAL_INERTIAL
1025,1761212596132,80.19396662712097,-5.365862976759672,-61.1313097178936,-0.08304096013307571,0.23074327409267426,-0.13267844915390015,100,OK,MAP_UPDATE,OK,VISUAL_INERTIAL
1026,1761212596148,75.30246675014496,-4.775792825967073,-59.68163162469864,-0.08151016384363174,0.23645155131816864,-0.12644821405410767,100,OK,MAP_UPDATE,OK,VISUAL_INERTIAL
1027,1761212596165,70.22225856781006,-4.323627799749374,-58.0938458442688,-0.07992938160896301,0.24302148818969727,-0.12025223672389984,100,OK,MAP_UPDATE,OK,VISUAL_INERTIAL
1028,1761212596182,65.14431536197662,-4.037460312247276,-56.50224909186363,-0.07826009392738342,0.25034719705581665,-0.1140102818608284,100,OK,MAP_UPDATE,OK,VISUAL_INERTIAL
1029,1761212596198,60.01964583992958,-3.7469768431037664,-54.93912473320961,-0.07668071240186691,0.25812193751335144,-0.1077466756105423,100,OK,MAP_UPDATE,OK,VISUAL_INERTIAL
1030,1761212596215,54.74216118454933,-3.315824782475829,-53.43924090266228,-0.07534027844667435,0.26618728041648865,-0.10142520070075989,100,OK,MAP_UPDATE,OK,VISUAL_INERTIAL
1031,1761212596232,49.65735226869583,-2.8709035832434893,-51.88804492354393,-0.07410462945699692,0.2745681703090668,-0.0949791669845581,100,OK,MAP_UPDATE,OK,VISUAL_INERTIAL
1032,1761212596248,45.112185180187225,-2.528279786929488,-50.169218331575394,-0.07286523282527924,0.28310126066207886,-0.08858361095190048,100,OK,MAP_UPDATE,OK,VISUAL_INERTIAL
1033,1761212596265,40.24668037891388,-2.0654669497162104,-48.64487051963806,-0.07183031737804413,0.29114222526550293,-0.08197212964296341,100,OK,MAP_UPDATE,OK,VISUAL_INERTIAL
1034,1761212596282,35.39646789431572,-1.7653389368206263,-47.1152663230896,-0.07074566185474396,0.2990476191043854,-0.0750727578997612,100,OK,MAP_UPDATE,OK,VISUAL_INERTIAL
1035,1761212596298,30.531970784068108,-1.4463599072769284,-45.46235874295235,-0.06968935579061508,0.3064609169960022,-0.0681377574801445,100,OK,MAP_UPDATE,OK,VISUAL_INERTIAL
1036,1761212596315,25.51640011370182,-1.5691921580582857,-43.85647550225258,-0.06831605732440948,0.31329861283302307,-0.06109948456287384,100,OK,MAP_UPDATE,OK,VISUAL_INERTIAL
1037,1761212596332,20.26866376399994,-1.7870290903374553,-42.173948138952255,-0.06693648546934128,0.3198968768119812,-0.05398769676685333,100,OK,MAP_UPDATE,OK,VISUAL_INERTIAL
1038,1761212596349,15.174422413110733,-1.8517877906560898,-40.582459419965744,-0.06578577309846878,0.3264755606651306,-0.047048427164554596,100,OK,MAP_UPDATE,OK,VISUAL_INERTIAL
1039,1761212596365,9.865837171673775,-1.9406955689191818,-38.78765180706978,-0.06459101289510727,0.33285024762153625,-0.03990472853183746,100,OK,MAP_UPDATE,OK,VISUAL_INERTIAL
1040,1761212596382,4.4647399336099625,-2.0877965725958347,-36.85395419597626,-0.06338999420404434,0.33916762471199036,-0.03260810673236847,100,OK,MAP_UPDATE,OK,VISUAL_INERTIAL
1041,1761212596398,-0.9698064532130957,-1.9887657836079597,-34.88217294216156,-0.06232495978474617,0.34527531266212463,-0.02525543048977852,100,OK,MAP_UPDATE,OK,VISUAL_INERTIAL
1042,1761212596415,-6.476924289017916,-1.969238743185997,-32.94648975133896,-0.061246324330568314,0.35123011469841003,-0.01776301860809326,100,OK,MAP_UPDATE,OK,VISUAL_INERTIAL
1043,1761212596432,-11.840824037790298,-1.6664732247591019,-31.02787584066391,-0.060415443032979965,0.35698074102401733,-0.01014583557844162,100,OK,MAP_UPDATE,OK,VISUAL_INERTIAL
1044,1761212596448,-17.383867874741554,-1.7258133739233017,-28.981490060687065,-0.05936075374484062,0.36194491386413574,-0.002502863761037588,100,OK,MAP_UPDATE,OK,VISUAL_INERTIAL
1045,1761212596465,-22.56358414888382,-1.9967861007899046,-27.068158611655235,-0.05816157907247543,0.3667781949043274,0.005374391563236713,100,OK,MAP_UPDATE,OK,VISUAL_INERTIAL
1046,1761212596482,-27.847571298480034,-2.405758947134018,-24.970069527626038,-0.05680478364229202,0.37146708369255066,0.013346182182431221,100,OK,MAP_UPDATE,OK,VISUAL_INERTIAL
1047,1761212596498,-33.56175497174263,-2.953068120405078,-22.905323654413223,-0.055397871881723404,0.37613534927368164,0.02109864540398121,100,OK,MAP_UPDATE,OK,VISUAL_INERTIAL
1048,1761212596515,-39.16103392839432,-3.1882915645837784,-20.696353167295456,-0.054162077605724335,0.38125595450401306,0.028861533850431442,100,OK,MAP_UPDATE,OK,VISUAL_INERTIAL
1049,1761212596532,-44.88369822502136,-3.5971268080174923,-18.224941566586494,-0.0527622364461422,0.3866763412952423,0.036763302981853485,100,OK,MAP_UPDATE,OK,VISUAL_INERTIAL
1050,1761212596548,-50.413914024829865,-3.863674821332097,-15.87194949388504,-0.05145766958594322,0.392169326543808,0.0447109192609787,100,OK,MAP_UPDATE,OK,VISUAL_INERTIAL
1051,1761212596565,-55.75393885374069,-4.124036990106106,-13.459035195410252,-0.05008045956492424,0.3971332311630249,0.05265260487794876,100,OK,MAP_UPDATE,OK,VISUAL_INERTIAL
1052,1761212596582,-60.98997965455055,-3.81490052677691,-11.35624386370182,-0.04908416047692299,0.401328444480896,0.06030983105301857,100,OK,MAP_UPDATE,OK,VISUAL_INERTIAL
1053,1761212596598,-65.98885357379913,-3.895791945978999,-9.215707890689373,-0.04777959734201431,0.40510833263397217,0.06812664121389389,100,OK,MAP_UPDATE,OK,VISUAL_INERTIAL
1054,1761212596615,-70.97554206848145,-4.217843990772963,-6.942921318113804,-0.04624389484524727,0.4083043336868286,0.07595176249742508,100,OK,MAP_UPDATE,OK,VISUAL_INERTIAL
1055,1761212596632,-75.9006142616272,-4.604241345077753,-4.504733718931675,-0.04467706009745598,0.4111073911190033,0.0836794450879097,100,OK,MAP_UPDATE,OK,VISUAL_INERTIAL
1056,1761212596648,-80.83780854940414,-5.2019525319337845,-2.075538272038102,-0.043013352900743484,0.4133933186531067,0.09116467088460922,100,OK,MAP_UPDATE,OK,VISUAL_INERTIAL
1057,1761212596665,-85.7255607843399,-6.0802968218922615,0.34933799179270864,-0.0412076860666275,0.41500940918922424,0.09851342439651489,100,OK,MAP_UPDATE,OK,VISUAL_INERTIAL
1058,1761212596682,-90.50055593252182,-6.859940011054277,2.649325877428055,-0.03955816477537155,0.41625523567199707,0.1056644469499588,100,OK,MAP_UPDATE,OK,VISUAL_INERTIAL
1059,1761212596698,-95.19950300455093,-7.448251359164715,4.760704934597015,-0.038176313042640686,0.41701140999794006,0.11264879256486893,100,OK,MAP_UPDATE,OK,VISUAL_INERTIAL
1060,1761212596715,-99.81974959373474,-8.139735087752342,6.799058988690376,-0.0368567630648613,0.4175264835357666,0.11962153017520905,100,OK,MAP_UPDATE,OK,VISUAL_INERTIAL
1061,1761212596732,-104.58954423666,-9.084106422960758,8.626196533441544,-0.03544924035668373,0.41822850704193115,0.12643268704414368,100,OK,MAP_UPDATE,OK,VISUAL_INERTIAL
1062,1761212596748,-109.26765948534012,-10.046470910310745,10.477084666490555,-0.03417399525642395,0.41949325799942017,0.13317306339740753,100,OK,MAP_UPDATE,OK,VISUAL_INERTIAL
1063,1761212596765,-114.0250489115715,-10.756364092230797,12.288957834243774,-0.03329053521156311,0.4212067425251007,0.1397290825843811,100,OK,MAP_UPDATE,OK,VISUAL_INERTIAL
1064,1761212596782,-118.64396929740906,-11.417497880756855,13.968433253467083,-0.032679446041584015,0.4232882857322693,0.14618466794490814,100,OK,MAP_UPDATE,OK,VISUAL_INERTIAL
1065,1761212596798,-123.35915118455887,-12.578240595757961,15.304352156817913,-0.031945981085300446,0.42513707280158997,0.15248243510723114,100,OK,MAP_UPDATE,OK,VISUAL_INERTIAL
1066,1761212596815,-127.85963714122772,-13.718223199248314,16.662472859025,-0.03147093579173088,0.4269295334815979,0.15881355106830597,100,OK,MAP_UPDATE,OK,VISUAL_INERTIAL
1067,1761212596832,-132.1565806865692,-15.011106617748737,17.955683171749115,-0.03111957758665085,0.4286564886569977,0.16501890122890472,100,OK,MAP_UPDATE,OK,VISUAL_INERTIAL
1068,1761212596849,-136.439710855484,-16.19808003306389,19.07454989850521,-0.03112541325390339,0.4303325116634369,0.17113369703292847,100,OK,MAP_UPDATE,OK,VISUAL_INERTIAL
1069,1761212596865,-140.5557096004486,-17.315052449703217,19.982006400823593,-0.03148985654115677,0.4320455491542816,0.17707037925720215,100,OK,MAP_UPDATE,OK,VISUAL_INERTIAL
1070,1761212596882,-144.7097361087799,-18.48946325480938,20.69985307753086,-0.032056380063295364,0.4338375926017761,0.18307699263095856,100,OK,MAP_UPDATE,OK,VISUAL_INERTIAL
1071,1761212596898,-148.7220674753189,-19.735652953386307,21.141506731510162,-0.032895755022764206,0.43575936555862427,0.18890108168125153,100,OK,MAP_UPDATE,OK,VISUAL_INERTIAL
1072,1761212596915,-152.64441072940826,-21.074000746011734,21.374791860580444,-0.03391508385539055,0.43748193979263306,0.19464989006519318,100,OK,MAP_UPDATE,OK,VISUAL_INERTIAL
1073,1761212596932,-156.43441677093506,-22.42402546107769,21.326372399926186,-0.03517542779445648,0.43873485922813416,0.20035523176193237,100,OK,MAP_UPDATE,OK,VISUAL_INERTIAL
1074,1761212596948,-160.31111776828766,-23.618163540959358,21.11443690955639,-0.03677099570631981,0.43926724791526794,0.2059708833694458,100,OK,MAP_UPDATE,OK,VISUAL_INERTIAL
1075,1761212596965,-164.21127319335938,-24.842798709869385,20.76038159430027,-0.038486968725919724,0.439408540725708,0.2115280032157898,100,OK,MAP_UPDATE,OK,VISUAL_INERTIAL
1076,1761212596982,-168.11415553092957,-25.626346468925476,20.11992782354355,-0.0407455749809742,0.43963733315467834,0.21694515645503998,100,OK,MAP_UPDATE,OK,VISUAL_INERTIAL
1077,1761212596998,-171.99210822582245,-26.539629325270653,19.39748041331768,-0.0430610254406929,0.4397115409374237,0.22237585484981537,100,OK,MAP_UPDATE,OK,VISUAL_INERTIAL
1078,1761212597015,-175.83493888378143,-27.49181166291237,18.532564863562584,-0.04549773782491684,0.43962863087654114,0.22776930034160614,100,OK,MAP_UPDATE,OK,VISUAL_INERTIAL
1079,1761212597032,-179.7170490026474,-28.76509353518486,17.619825899600983,-0.04781903326511383,0.43926146626472473,0.23312139511108398,100,OK,MAP_UPDATE,OK,VISUAL_INERTIAL
1080,1761212597048,-183.44919383525848,-30.162958428263664,16.621416434645653,-0.05010990798473358,0.43880996108055115,0.23832745850086212,100,OK,MAP_UPDATE,OK,VISUAL_INERTIAL
1081,1761212597065,-187.21643090248108,-31.3100703060627,15.497309155762196,-0.0527588352560997,0.4382125735282898,0.24331209063529968,100,OK,MAP_UPDATE,OK,VISUAL_INERTIAL
1082,1761212597082,-190.81714749336243,-32.50342980027199,14.333132654428482,-0.05540494620800018,0.4373720586299896,0.2481781393289566,100,OK,MAP_UPDATE,OK,VISUAL_INERTIAL
1083,1761212597098,-194.55544650554657,-33.590443432331085,12.999528087675571,-0.05809478461742401,0.43624886870384216,0.25256088376045227,100,OK,MAP_UPDATE,OK,VISUAL_INERTIAL
1084,1761212597115,-198.00588488578796,-34.90801900625229,11.65265217423439,-0.06056368723511696,0.43524155020713806,0.2569205164909363,100,OK,MAP_UPDATE,OK,VISUAL_INERTIAL
1085,1761212597132,-201.23052597045898,-35.8848012983799,10.367265902459621,-0.06316757202148438,0.43444010615348816,0.2609456479549408,100,OK,MAP_UPDATE,OK,VISUAL_INERTIAL
1086,1761212597149,-204.16668057441711,-36.8276946246624,9.148565120995045,-0.06563372910022736,0.4336535632610321,0.2647048234939575,100,OK,MAP_UPDATE,OK,VISUAL_INERTIAL
1087,1761212597165,-206.88466727733612,-37.55974397063255,7.948659360408783,-0.06809933483600616,0.4329042434692383,0.26805579662323,100,OK,MAP_UPDATE,OK,VISUAL_INERTIAL
1088,1761212597182,-209.31485295295715,-38.133736699819565,6.811200175434351,-0.07044105976819992,0.4321865439414978,0.27108827233314514,100,OK,MAP_UPDATE,OK,VISUAL_INERTIAL
1089,1761212597198,-211.38958632946014,-38.7411043047905,5.775487050414085,-0.0723944902420044,0.43145260214805603,0.2737618088722229,100,OK,MAP_UPDATE,OK,VISUAL_INERTIAL
1090,1761212597215,-213.06464076042175,-39.21946510672569,4.829194396734238,-0.07405158132314682,0.43080127239227295,0.2759394645690918,100,OK,MAP_UPDATE,OK,VISUAL_INERTIAL
1091,1761212597232,-214.34547007083893,-39.54979404807091,4.093725699931383,-0.07539679110050201,0.43027275800704956,0.27757373452186584,100,OK,MAP_UPDATE,OK,VISUAL_INERTIAL
1092,1761212597248,-215.27431905269623,-39.7370420396328,3.513709641993046,-0.07635686546564102,0.42983314394950867,0.2787275016307831,100,OK,MAP_UPDATE,OK,VISUAL_INERTIAL
1093,1761212597265,-215.7406210899353,-39.76963460445404,3.192473901435733,-0.07684089988470078,0.42953217029571533,0.2793009281158447,100,OK,MAP_UPDATE,OK,VISUAL_INERTIAL
1094,1761212597282,-215.76593816280365,-39.6251305937767,3.165991511195898,-0.07687272131443024,0.42942336201667786,0.27930256724357605,100,OK,MAP_UPDATE,OK,VISUAL_INERTIAL
1095,1761212597298,-215.41206538677216,-39.39633443951607,3.382244845852256,-0.07647062093019485,0.4294043183326721,0.27882376313209534,100,OK,MAP_UPDATE,OK,VISUAL_INERTIAL
1096,1761212597315,-214.674711227417,-39.049774408340454,3.778373822569847,-0.07578998059034348,0.42947661876678467,0.27795398235321045,100,OK,MAP_UPDATE,OK,VISUAL_INERTIAL
1097,1761212597332,-213.73611688613892,-38.7302003800869,4.294454585760832,-0.07487331330776215,0.42971789836883545,0.2767925262451172,100,OK,MAP_UPDATE,OK,VISUAL_INERTIAL
1098,1761212597349,-212.5556468963623,-38.26640918850899,4.908453207463026,-0.07386080175638199,0.4300886392593384,0.2752968668937683,100,OK,MAP_UPDATE,OK,VISUAL_INERTIAL
1099,1761212597365,-211.2751305103302,-37.89113461971283,5.51918800920248,-0.0726449191570282,0.43034905195236206,0.27360808849334717,100,OK,MAP_UPDATE,OK,VISUAL_INERTIAL
1100,1761212597382,-209.71553027629852,-37.46261075139046,6.120157428085804,-0.07129263132810593,0.43033602833747864,0.27165693044662476,100,OK,MAP_UPDATE,OK,VISUAL_INERTIAL
1101,1761212597398,-207.90162682533264,-37.063054740428925,6.650536321103573,-0.06981182843446732,0.42968878149986267,0.2695433795452118,100,OK,MAP_UPDATE,OK,VISUAL_INERTIAL
1102,1761212597415,-206.0517817735672,-36.6910919547081,7.0571317337453365,-0.06834064424037933,0.4284597933292389,0.2673836946487427,100,OK,MAP_UPDATE,OK,VISUAL_INERTIAL
1103,1761212597432,-204.32539284229279,-36.369215697050095,7.436593994498253,-0.06700321286916733,0.42729049921035767,0.2651959955692291,100,OK,MAP_UPDATE,OK,VISUAL_INERTIAL
1104,1761212597449,-202.6207149028778,-35.965412855148315,7.803420536220074,-0.06586238741874695,0.42673128843307495,0.262907475233078,100,OK,MAP_UPDATE,OK,VISUAL_INERTIAL
1105,1761212597465,-201.10709965229034,-35.64635291695595,8.10142420232296,-0.06484078615903854,0.42653071880340576,0.26067736744880676,100,OK,MAP_UPDATE,OK,VISUAL_INERTIAL
1106,1761212597482,-199.45482909679413,-35.18548980355263,8.340791799128056,-0.06390874832868576,0.4263911247253418,0.2582753896713257,100,OK,MAP_UPDATE,OK,VISUAL_INERTIAL
1107,1761212597498,-197.61188328266144,-34.651145339012146,8.509916253387928,-0.06302783638238907,0.42611998319625854,0.2557082176208496,100,OK,MAP_UPDATE,OK,VISUAL_INERTIAL
1108,1761212597515,-195.60132920742035,-34.08372402191162,8.615240454673767,-0.06219187751412392,0.42563527822494507,0.252960205078125,100,OK,MAP_UPDATE,OK,VISUAL_INERTIAL
1109,1761212597532,-193.5218721628189,-33.50074589252472,8.638775907456875,-0.06139585003256798,0.424996942281723,0.25000452995300293,100,OK,MAP_UPDATE,OK,VISUAL_INERTIAL
1110,1761212597548,-191.32643938064575,-32.97126293182373,8.572855964303017,-0.06058334931731224,0.4243398606777191,0.24684129655361176,100,OK,MAP_UPDATE,OK,VISUAL_INERTIAL
1111,1761212597565,-188.98770213127136,-32.32873231172562,8.41659028083086,-0.05989537015557289,0.4238363802433014,0.24336501955986023,100,OK,MAP_UPDATE,OK,VISUAL_INERTIAL
1112,1761212597582,-186.45188212394714,-31.589236110448837,8.197000250220299,-0.05933218449354172,0.4234544336795807,0.23966245353221893,100,OK,MAP_UPDATE,OK,VISUAL_INERTIAL
1113,1761212597598,-183.77503752708435,-30.81095777451992,7.930353283882141,-0.05883077159523964,0.4230792820453644,0.23572279512882233,100,OK,MAP_UPDATE,OK,VISUAL_INERTIAL
1114,1761212597615,-180.89313805103302,-29.953379184007645,7.523599546402693,-0.05844948813319206,0.4226530194282532,0.23146094381809235,100,OK,MAP_UPDATE,OK,VISUAL_INERTIAL
1115,1761212597632,-177.79149115085602,-29.076315462589264,6.987292785197496,-0.058137740939855576,0.42217960953712463,0.2269560545682907,100,OK,MAP_UPDATE,OK,VISUAL_INERTIAL
1116,1761212597648,-174.56676065921783,-28.104102239012718,6.359924096614122,-0.05799746885895729,0.4217088222503662,0.22227847576141357,100,OK,MAP_UPDATE,OK,VISUAL_INERTIAL
1117,1761212597665,-171.23477160930634,-27.26578526198864,5.645072087645531,-0.057868678122758865,0.4210644066333771,0.21736417710781097,100,OK,MAP_UPDATE,OK,VISUAL_INERTIAL
1118,1761212597682,-167.753204703331,-26.380950585007668,4.806794226169586,-0.05787995830178261,0.4204126298427582,0.21221934258937836,100,OK,MAP_UPDATE,OK,VISUAL_INERTIAL
1119,1761212597698,-164.12748396396637,-25.43489634990692,3.9025272708386183,-0.058034539222717285,0.4197176694869995,0.20686793327331543,100,OK,MAP_UPDATE,OK,VISUAL_INERTIAL
1120,1761212597715,-160.34895181655884,-24.63192492723465,2.8616543859243393,-0.0581836998462677,0.41886574029922485,0.20132772624492645,100,OK,MAP_UPDATE,OK,VISUAL_INERTIAL
1121,1761212597732,-156.4425230026245,-23.632701486349106,1.6482692444697022,-0.05855537950992584,0.41797176003456116,0.19554822146892548,100,OK,MAP_UPDATE,OK,VISUAL_INERTIAL
1122,1761212597749,-152.4362415075302,-22.63971045613289,0.33767992863431573,-0.05902083218097687,0.41691452264785767,0.1895470768213272,100,OK,MAP_UPDATE,OK,VISUAL_INERTIAL
1123,1761212597765,-148.31314980983734,-21.76070213317871,-1.027032034471631,-0.05942149460315704,0.4157000482082367,0.18351297080516815,100,OK,MAP_UPDATE,OK,VISUAL_INERTIAL
1124,1761212597782,-144.03757452964783,-20.716942846775055,-2.469027182087302,-0.060010530054569244,0.4144871234893799,0.17716582119464874,100,OK,MAP_UPDATE,OK,VISUAL_INERTIAL
1125,1761212597798,-139.4665241241455,-19.91821639239788,-3.775513032451272,-0.06040895730257034,0.41329485177993774,0.1707201451063156,100,OK,MAP_UPDATE,OK,VISUAL_INERTIAL
1126,1761212597815,-135.08440554141998,-18.947066739201546,-5.370528437197208,-0.0611230805516243,0.4120347797870636,0.16408972442150116,100,OK,MAP_UPDATE,OK,VISUAL_INERTIAL
1127,1761212597832,-130.61940670013428,-18.018485978245735,-6.97665149345994,-0.0618148110806942,0.4107082784175873,0.1572302281856537,100,OK,MAP_UPDATE,OK,VISUAL_INERTIAL
1128,1761212597848,-126.10237300395966,-17.203958705067635,-8.599852211773396,-0.06247292086482048,0.4092659056186676,0.15028485655784607,100,OK,MAP_UPDATE,OK,VISUAL_INERTIAL
1129,1761212597865,-121.35212868452072,-16.250869259238243,-10.32700389623642,-0.06326498091220856,0.40773943066596985,0.14315912127494812,100,OK,MAP_UPDATE,OK,VISUAL_INERTIAL
1130,1761212597882,-116.49541556835175,-15.455887652933598,-12.01243419200182,-0.06401339918375015,0.40609338879585266,0.1359299123287201,100,OK,MAP_UPDATE,OK,VISUAL_INERTIAL
1131,1761212597898,-111.5276888012886,-14.70943819731474,-13.78606166690588,-0.06480275839567184,0.404422402381897,0.1286047101020813,100,OK,MAP_UPDATE,OK,VISUAL_INERTIAL
1132,1761212597915,-106.42582178115845,-13.931995257735252,-15.604115091264248,-0.06558892875909805,0.4027214050292969,0.12114866077899933,100,OK,MAP_UPDATE,OK,VISUAL_INERTIAL
1133,1761212597932,-101.06009244918823,-13.166920281946659,-17.60777272284031,-0.06650789827108383,0.40107640624046326,0.11340554058551788,100,OK,MAP_UPDATE,OK,VISUAL_INERTIAL
1134,1761212597948,-95.51355242729187,-12.484408915042877,-19.75512132048607,-0.06742943823337555,0.3994431495666504,0.10573776066303253,100,OK,MAP_UPDATE,OK,VISUAL_INERTIAL
1135,1761212597965,-90.09639173746109,-11.776868253946304,-21.7936709523201,-0.06845435500144958,0.39757418632507324,0.09797373414039612,100,OK,MAP_UPDATE,OK,VISUAL_INERTIAL
1136,1761212597982,-85.04668623209,-10.887546464800835,-23.80022034049034,-0.0698406845331192,0.3954167664051056,0.09010130912065506,100,OK,MAP_UPDATE,OK,VISUAL_INERTIAL
1137,1761212597999,-79.88490909337997,-10.080904699862003,-25.996120646595955,-0.07135528326034546,0.3931046724319458,0.08220914006233215,100,OK,MAP_UPDATE,OK,VISUAL_INERTIAL
1138,1761212598015,-74.73631203174591,-8.765826933085918,-28.343727812170982,-0.07337304949760437,0.39075392484664917,0.07421986013650894,100,OK,MAP_UPDATE,OK,VISUAL_INERTIAL
1139,1761212598032,-69.45540755987167,-7.451073732227087,-30.795255675911903,-0.07558506727218628,0.3883635103702545,0.06617559492588043,100,OK,MAP_UPDATE,OK,VISUAL_INERTIAL
1140,1761212598048,-64.08951431512833,-6.308272946625948,-33.39594975113869,-0.07786323130130768,0.38594648241996765,0.058195289224386215,100,OK,MAP_UPDATE,OK,VISUAL_INERTIAL
1141,1761212598065,-58.6392767727375,-5.501788109540939,-36.10798344016075,-0.08009489625692368,0.38338780403137207,0.05020478367805481,100,OK,MAP_UPDATE,OK,VISUAL_INERTIAL
1142,1761212598082,-53.11297997832298,-4.9336445517838,-38.963623344898224,-0.0824187695980072,0.38077718019485474,0.04220104590058327,100,OK,MAP_UPDATE,OK,VISUAL_INERTIAL
1143,1761212598098,-47.56841063499451,-4.56294696778059,-41.991643607616425,-0.0848391056060791,0.3782382905483246,0.03413483127951622,100,OK,MAP_UPDATE,OK,VISUAL_INERTIAL
1144,1761212598115,-42.019326239824295,-4.386345855891705,-45.16191780567169,-0.08736869692802429,0.37584859132766724,0.02604154497385025,100,OK,MAP_UPDATE,OK,VISUAL_INERTIAL
1145,1761212598132,-36.521442234516144,-4.459801595658064,-48.29591512680054,-0.08991193026304245,0.37331104278564453,0.017956938594579697,100,OK,MAP_UPDATE,OK,VISUAL_INERTIAL
1146,1761212598148,-30.977584421634674,-4.040376283228397,-51.7403669655323,-0.0930052325129509,0.37067338824272156,0.009896309114992619,100,OK,MAP_UPDATE,OK,VISUAL_INERTIAL
1147,1761212598165,-25.522693991661072,-4.10341564565897,-54.876670241355896,-0.09581760317087173,0.36754199862480164,0.0018336974317207932,100,OK,MAP_UPDATE,OK,VISUAL_INERTIAL
1148,1761212598182,-20.077647641301155,-4.4363318011164665,-58.10193344950676,-0.09861009567975998,0.36417195200920105,-0.006192386150360107,100,OK,MAP_UPDATE,OK,VISUAL_INERTIAL
1149,1761212598198,-14.718964695930481,-4.645016510039568,-61.357878148555756,-0.10163094848394394,0.360879510641098,-0.014247499406337738,100,OK,MAP_UPDATE,OK,VISUAL_INERTIAL
1150,1761212598215,-9.535039775073528,-4.803135525435209,-64.71322476863861,-0.10474710166454315,0.3576265871524811,-0.022276731207966805,100,OK,MAP_UPDATE,OK,VISUAL_INERTIAL
1151,1761212598232,-4.3697175569832325,-4.889166913926601,-67.94100254774094,-0.10792253166437149,0.35456764698028564,-0.03013497218489647,100,OK,MAP_UPDATE,OK,VISUAL_INERTIAL
1152,1761212598248,0.8840946829877794,-5.065142642706633,-71.11550867557526,-0.11093058437108994,0.35165348649024963,-0.03798244148492813,100,OK,MAP_UPDATE,OK,VISUAL_INERTIAL
1153,1761212598265,6.226637400686741,-5.274539813399315,-74.10591095685959,-0.11380954086780548,0.3488801419734955,-0.0458650179207325,100,OK,MAP_UPDATE,OK,VISUAL_INERTIAL
1154,1761212598282,11.570621281862259,-5.731957498937845,-77.19770073890686,-0.11645142734050751,0.3461780548095703,-0.05373261123895645,100,OK,MAP_UPDATE,OK,VISUAL_INERTIAL
1155,1761212598298,16.972670331597328,-6.195139139890671,-80.18875867128372,-0.11914429813623428,0.34381192922592163,-0.06152225285768509,100,OK,MAP_UPDATE,OK,VISUAL_INERTIAL
1156,1761212598315,22.311415523290634,-6.718555465340614,-83.1565111875534,-0.12192756682634354,0.34148547053337097,-0.06937286257743835,100,OK,MAP_UPDATE,OK,VISUAL_INERTIAL
1157,1761212598332,27.50137262046337,-7.218127138912678,-85.98888665437698,-0.12468256801366806,0.33910977840423584,-0.07701697945594788,100,OK,MAP_UPDATE,OK,VISUAL_INERTIAL
1158,1761212598348,32.627467066049576,-7.580260280519724,-88.79735320806503,-0.12761190533638,0.33671826124191284,-0.08447116613388062,100,OK,MAP_UPDATE,OK,VISUAL_INERTIAL
1159,1761212598365,37.86861523985863,-8.224403485655785,-91.63375198841095,-0.13032670319080353,0.33452606201171875,-0.0919097512960434,100,OK,MAP_UPDATE,OK,VISUAL_INERTIAL
1160,1761212598382,42.998116463422775,-8.723031729459763,-94.39236670732498,-0.13301676511764526,0.33235716819763184,-0.09944763034582138,100,OK,MAP_UPDATE,OK,VISUAL_INERTIAL
1161,1761212598398,48.07622358202934,-9.139372035861015,-97.10369259119034,-0.13577641546726227,0.3303402066230774,-0.10697448998689651,100,OK,MAP_UPDATE,OK,VISUAL_INERTIAL
1162,1761212598415,53.33910137414932,-9.967816062271595,-99.68385100364685,-0.13821819424629211,0.32859882712364197,-0.11435675621032715,100,OK,MAP_UPDATE,OK,VISUAL_INERTIAL
1163,1761212598432,58.571018278598785,-10.656435042619705,-102.1004468202591,-0.14067596197128296,0.3269032835960388,-0.1215864047408104,100,OK,MAP_UPDATE,OK,VISUAL_INERTIAL
1164,1761212598448,63.481464982032776,-11.5957111120224,-104.59908843040466,-0.142963245511055,0.32495781779289246,-0.12875361740589142,100,OK,MAP_UPDATE,OK,VISUAL_INERTIAL
1165,1761212598465,68.24437528848648,-12.588025070726871,-107.12511837482452,-0.1452753096818924,0.3229235112667084,-0.1357302963733673,100,OK,MAP_UPDATE,OK,VISUAL_INERTIAL
1166,1761212598482,73.01530987024307,-13.308881781995296,-109.52997952699661,-0.1478346437215805,0.3211677372455597,-0.14245332777500153,100,OK,MAP_UPDATE,OK,VISUAL_INERTIAL
1167,1761212598498,77.55294442176819,-13.769292272627354,-111.84272915124893,-0.15040144324302673,0.3195427358150482,-0.14902152121067047,100,OK,MAP_UPDATE,OK,VISUAL_INERTIAL
1168,1761212598515,81.88571035861969,-14.422654174268246,-114.08602446317673,-0.1526951640844345,0.3180941939353943,-0.15534135699272156,100,OK,MAP_UPDATE,OK,VISUAL_INERTIAL
1169,1761212598532,86.0588401556015,-14.902731403708458,-116.25736951828003,-0.15509255230426788,0.3168390691280365,-0.16139474511146545,100,OK,MAP_UPDATE,OK,VISUAL_INERTIAL
1170,1761212598548,90.13940393924713,-15.39493165910244,-118.38364601135254,-0.1574234813451767,0.31570836901664734,-0.1672925055027008,100,OK,MAP_UPDATE,OK,VISUAL_INERTIAL
1171,1761212598565,94.26744282245636,-15.79245738685131,-120.32429873943329,-0.1597994714975357,0.31473004817962646,-0.17302343249320984,100,OK,MAP_UPDATE,OK,VISUAL_INERTIAL
1172,1761212598582,98.29304367303848,-16.284920275211334,-122.220478951931,-0.16202031075954437,0.3138863742351532,-0.17836837470531464,100,OK,MAP_UPDATE,OK,VISUAL_INERTIAL
1173,1761212598598,101.81372612714767,-16.908885911107063,-123.87926876544952,-0.16386394202709198,0.3129960596561432,-0.18327046930789948,100,OK,MAP_UPDATE,OK,VISUAL_INERTIAL
1174,1761212598615,105.22310435771942,-17.56136864423752,-125.4480630159378,-0.1655157208442688,0.31217536330223083,-0.18817220628261566,100,OK,MAP_UPDATE,OK,VISUAL_INERTIAL
1175,1761212598632,108.60418528318405,-18.39851588010788,-126.81524455547333,-0.16683949530124664,0.31163981556892395,-0.1929967999458313,100,OK,MAP_UPDATE,OK,VISUAL_INERTIAL
1176,1761212598648,111.73304170370102,-19.100552424788475,-128.11553478240967,-0.1680247038602829,0.3112601935863495,-0.19769980013370514,100,OK,MAP_UPDATE,OK,VISUAL_INERTIAL
1177,1761212598665,114.76492136716843,-19.673068076372147,-129.26359474658966,-0.16912111639976501,0.31105029582977295,-0.20231950283050537,100,OK,MAP_UPDATE,OK,VISUAL_INERTIAL
1178,1761212598682,117.59297549724579,-20.396912470459938,-130.24410605430603,-0.16985595226287842,0.3111625909805298,-0.20672383904457092,100,OK,MAP_UPDATE,OK,VISUAL_INERTIAL
1179,1761212598698,120.48964947462082,-21.01936750113964,-131.07047975063324,-0.17045298218727112,0.31154027581214905,-0.21100397408008575,100,OK,MAP_UPDATE,OK,VISUAL_INERTIAL
1180,1761212598715,123.36311489343643,-21.567849442362785,-131.7775398492813,-0.17083428800106049,0.31165173649787903,-0.21514496207237244,100,OK,MAP_UPDATE,OK,VISUAL_INERTIAL
1181,1761212598732,126.45190954208374,-22.007698193192482,-132.32921063899994,-0.17112357914447784,0.31133726239204407,-0.2191314995288849,100,OK,MAP_UPDATE,OK,VISUAL_INERTIAL
1182,1761212598748,129.43589687347412,-22.211141884326935,-132.8282505273819,-0.17142558097839355,0.31066763401031494,-0.22291550040245056,100,OK,MAP_UPDATE,OK,VISUAL_INERTIAL
1183,1761212598765,132.32572376728058,-22.399352863430977,-133.20326805114746,-0.17157897353172302,0.30995598435401917,-0.22655393183231354,100,OK,MAP_UPDATE,OK,VISUAL_INERTIAL
1184,1761212598782,134.98100638389587,-22.593455389142036,-133.42329859733582,-0.17161402106285095,0.3093200623989105,-0.2299666553735733,100,OK,MAP_UPDATE,OK,VISUAL_INERTIAL
1185,1761212598798,137.40329444408417,-22.707732394337654,-133.6425542831421,-0.17162008583545685,0.3087781071662903,-0.2331709861755371,100,OK,MAP_UPDATE,OK,VISUAL_INERTIAL
1186,1761212598815,139.6712362766266,-22.824382409453392,-133.84148478507996,-0.1715698391199112,0.3083437979221344,-0.23615972697734833,100,OK,MAP_UPDATE,OK,VISUAL_INERTIAL
1187,1761212598832,141.90834760665894,-22.934015840291977,-133.91800224781036,-0.1715015470981598,0.30806005001068115,-0.2388642430305481,100,OK,MAP_UPDATE,OK,VISUAL_INERTIAL
1188,1761212598848,143.8019573688507,-23.107992485165596,-133.92865657806396,-0.17131514847278595,0.30773499608039856,-0.24124674499034882,100,OK,MAP_UPDATE,OK,VISUAL_INERTIAL
1189,1761212598865,145.48823237419128,-23.496657609939575,-133.85599851608276,-0.17101861536502838,0.30746182799339294,-0.24328233301639557,100,OK,MAP_UPDATE,OK,VISUAL_INERTIAL
1190,1761212598882,146.78804576396942,-23.911621421575546,-133.8764727115631,-0.17085064947605133,0.3071651756763458,-0.24491238594055176,100,OK,MAP_UPDATE,OK,VISUAL_INERTIAL
1191,1761212598898,147.47820794582367,-24.208661168813705,-134.04376804828644,-0.17082975804805756,0.3066655397415161,-0.24618710577487946,100,OK,MAP_UPDATE,OK,VISUAL_INERTIAL
1192,1761212598915,147.96091616153717,-24.489836767315865,-134.24639403820038,-0.17087556421756744,0.30627694725990295,-0.2471909523010254,100,OK,MAP_UPDATE,OK,VISUAL_INERTIAL
1193,1761212598932,148.21134507656097,-24.72265064716339,-134.41957533359528,-0.17099745571613312,0.30599310994148254,-0.24786634743213654,100,OK,MAP_UPDATE,OK,VISUAL_INERTIAL
1194,1761212598948,148.25299382209778,-24.95940588414669,-134.5844268798828,-0.17115674912929535,0.30587974190711975,-0.24822255969047546,100,OK,MAP_UPDATE,OK,VISUAL_INERTIAL
1195,1761212598965,148.0841040611267,-25.098908692598343,-134.72218811511993,-0.17139840126037598,0.30602356791496277,-0.2482355684041977,100,OK,MAP_UPDATE,OK,VISUAL_INERTIAL
1196,1761212598982,147.7309763431549,-25.125566869974136,-134.8758041858673,-0.17167630791664124,0.3067750632762909,-0.24796253442764282,100,OK,MAP_UPDATE,OK,VISUAL_INERTIAL
1197,1761212598998,146.8888521194458,-25.04712902009487,-134.9937915802002,-0.17179101705551147,0.3084124028682709,-0.24741023778915405,100,OK,MAP_UPDATE,OK,VISUAL_INERTIAL
1198,1761212599015,145.43335139751434,-25.035914033651352,-135.0373774766922,-0.1715380698442459,0.310982882976532,-0.24654783308506012,100,OK,MAP_UPDATE,OK,VISUAL_INERTIAL
1199,1761212599032,143.7293440103531,-25.004500523209572,-134.9330097436905,-0.17113561928272247,0.3146948218345642,-0.24537332355976105,100,OK,MAP_UPDATE,OK,VISUAL_INERTIAL
1200,1761212599048,141.77273213863373,-24.98701959848404,-134.67688858509064,-0.17052221298217773,0.31949782371520996,-0.24386774003505707,100,OK,MAP_UPDATE,OK,VISUAL_INERTIAL
1201,1761212599065,139.885812997818,-24.65076372027397,-134.3705803155899,-0.17003978788852692,0.3248034715652466,-0.24205102026462555,100,OK,MAP_UPDATE,OK,VISUAL_INERTIAL
1202,1761212599082,137.92657852172852,-24.20683018863201,-133.92284512519836,-0.16946011781692505,0.3302096426486969,-0.23983941972255707,100,OK,MAP_UPDATE,OK,VISUAL_INERTIAL
1203,1761212599098,135.90623438358307,-23.686576634645462,-133.35150480270386,-0.16871477663516998,0.3355918526649475,-0.237309068441391,100,OK,MAP_UPDATE,OK,VISUAL_INERTIAL
1204,1761212599115,133.66904854774475,-23.13539944589138,-132.52323865890503,-0.16773536801338196,0.3412474989891052,-0.2344304621219635,100,OK,MAP_UPDATE,OK,VISUAL_INERTIAL
1205,1761212599132,131.11093640327454,-22.623199969530106,-131.53879344463348,-0.1664896458387375,0.3473280966281891,-0.2312423586845398,100,OK,MAP_UPDATE,OK,VISUAL_INERTIAL
1206,1761212599148,128.34790349006653,-22.065645083785057,-130.38744032382965,-0.16508623957633972,0.35353749990463257,-0.22775551676750183,100,OK,MAP_UPDATE,OK,VISUAL_INERTIAL
1207,1761212599165,125.48625469207764,-21.470775827765465,-129.1133612394333,-0.16360138356685638,0.35946282744407654,-0.22382426261901855,100,OK,MAP_UPDATE,OK,VISUAL_INERTIAL
1208,1761212599182,122.74755537509918,-20.817963406443596,-127.78368592262268,-0.16213567554950714,0.3644181191921234,-0.2194247841835022,100,OK,MAP_UPDATE,OK,VISUAL_INERTIAL
1209,1761212599198,119.89711225032806,-19.983628764748573,-126.31341814994812,-0.16075952351093292,0.3677197992801666,-0.21460796892642975,100,OK,MAP_UPDATE,OK,VISUAL_INERTIAL
1210,1761212599215,116.85549467802048,-19.128935411572456,-124.82873350381851,-0.15947943925857544,0.3695671856403351,-0.20934896171092987,100,OK,MAP_UPDATE,OK,VISUAL_INERTIAL
1211,1761212599232,113.4386658668518,-18.21821555495262,-123.25118482112885,-0.158146470785141,0.37069380283355713,-0.2037564218044281,100,OK,MAP_UPDATE,OK,VISUAL_INERTIAL
1212,1761212599248,109.65804755687714,-17.24092848598957,-121.60758674144745,-0.15676969289779663,0.3716507852077484,-0.19796444475650787,100,OK,MAP_UPDATE,OK,VISUAL_INERTIAL
1213,1761212599265,105.42988032102585,-16.374709084630013,-119.85505372285843,-0.1551981121301651,0.37279072403907776,-0.19202682375907898,100,OK,MAP_UPDATE,OK,VISUAL_INERTIAL
1214,1761212599282,100.89880228042603,-15.548281371593475,-117.95098334550858,-0.15350478887557983,0.37414026260375977,-0.18589793145656586,100,OK,MAP_UPDATE,OK,VISUAL_INERTIAL
1215,1761212599298,96.28521651029587,-14.75122943520546,-115.9849539399147,-0.15173915028572083,0.37546008825302124,-0.17958815395832062,100,OK,MAP_UPDATE,OK,VISUAL_INERTIAL
1216,1761212599315,91.66264533996582,-14.000854454934597,-113.97525668144226,-0.1499459445476532,0.3767339587211609,-0.17317068576812744,100,OK,MAP_UPDATE,OK,VISUAL_INERTIAL
1217,1761212599332,86.82727813720703,-13.150720857083797,-111.93115264177322,-0.1481935679912567,0.37810805439949036,-0.16667485237121582,100,OK,MAP_UPDATE,OK,VISUAL_INERTIAL
1218,1761212599348,81.98331296443939,-12.29075063019991,-109.88045483827591,-0.1464061290025711,0.37986236810684204,-0.1600128412246704,100,OK,MAP_UPDATE,OK,VISUAL_INERTIAL
1219,1761212599365,77.1101713180542,-11.549619026482105,-107.68599063158035,-0.1444566398859024,0.38195082545280457,-0.1531669944524765,100,OK,MAP_UPDATE,OK,VISUAL_INERTIAL
1220,1761212599382,72.329580783844,-10.801400989294052,-105.41240870952606,-0.14247052371501923,0.38402730226516724,-0.14624039828777313,100,OK,MAP_UPDATE,OK,VISUAL_INERTIAL
1221,1761212599398,67.41664558649063,-10.223210789263248,-103.08634489774704,-0.14033378660678864,0.38579776883125305,-0.13918057084083557,100,OK,MAP_UPDATE,OK,VISUAL_INERTIAL
1222,1761212599415,62.5050812959671,-9.565003216266632,-100.66519677639008,-0.1382216513156891,0.38727691769599915,-0.13207775354385376,100,OK,MAP_UPDATE,OK,VISUAL_INERTIAL
1223,1761212599432,57.70174041390419,-8.795995265245438,-98.20153564214706,-0.13623107969760895,0.3887638449668884,-0.12497714161872864,100,OK,MAP_UPDATE,OK,VISUAL_INERTIAL
1224,1761212599448,52.907105535268784,-8.094089105725288,-95.7273468375206,-0.13413241505622864,0.39034780859947205,-0.11797210574150085,100,OK,MAP_UPDATE,OK,VISUAL_INERTIAL
1225,1761212599465,48.16692695021629,-7.586846128106117,-93.16808730363846,-0.13184377551078796,0.39199942350387573,-0.11095254123210907,100,OK,MAP_UPDATE,OK,VISUAL_INERTIAL
1226,1761212599482,43.46846789121628,-7.166977506130934,-90.69906920194626,-0.1295890063047409,0.39356133341789246,-0.10396994650363922,100,OK,MAP_UPDATE,OK,VISUAL_INERTIAL
1227,1761212599498,38.75510022044182,-6.731060799211264,-88.16780149936676,-0.12737534940242767,0.3951261341571808,-0.09706288576126099,100,OK,MAP_UPDATE,OK,VISUAL_INERTIAL
1228,1761212599515,34.16874632239342,-6.380080245435238,-85.66095679998398,-0.12511759996414185,0.3967297375202179,-0.09028689563274384,100,OK,MAP_UPDATE,OK,VISUAL_INERTIAL
1229,1761212599532,29.56381067633629,-6.164093967527151,-83.11087638139725,-0.12275579571723938,0.3982401490211487,-0.08353829383850098,100,OK,MAP_UPDATE,OK,VISUAL_INERTIAL
1230,1761212599548,25.11574886739254,-5.761474836617708,-80.76073974370956,-0.12055347114801407,0.3996747136116028,-0.07706976681947708,100,OK,MAP_UPDATE,OK,VISUAL_INERTIAL
1231,1761212599565,20.70036344230175,-5.606325343251228,-78.24736088514328,-0.11818181723356247,0.4010143578052521,-0.07053002715110779,100,OK,MAP_UPDATE,OK,VISUAL_INERTIAL
1232,1761212599582,16.25962369143963,-5.413278937339783,-75.76988637447357,-0.11598770320415497,0.4022725522518158,-0.0638914555311203,100,OK,MAP_UPDATE,OK,VISUAL_INERTIAL
1233,1761212599598,11.939061805605888,-5.236870609223843,-73.38780909776688,-0.11390736699104309,0.40339794754981995,-0.057473696768283844,100,OK,MAP_UPDATE,OK,VISUAL_INERTIAL
1234,1761212599615,7.749281823635101,-4.917934536933899,-71.19270414113998,-0.11208904534578323,0.4044644832611084,-0.05117115378379822,100,OK,MAP_UPDATE,OK,VISUAL_INERTIAL
1235,1761212599632,3.5668755881488323,-4.679638426750898,-69.14921849966049,-0.11052070558071136,0.40540093183517456,-0.04482479766011238,100,OK,MAP_UPDATE,OK,VISUAL_INERTIAL
1236,1761212599648,-0.5370023427531123,-4.424614366143942,-67.28332489728928,-0.10923480242490768,0.4063373804092407,-0.03856966644525528,100,OK,MAP_UPDATE,OK,VISUAL_INERTIAL
1237,1761212599665,-4.691356793045998,-4.182766657322645,-65.58628380298615,-0.10821390897035599,0.4071345031261444,-0.03230343014001846,100,OK,MAP_UPDATE,OK,VISUAL_INERTIAL
1238,1761212599682,-8.92497505992651,-4.112313501536846,-64.03401494026184,-0.10726436227560043,0.4077304005622864,-0.026053285226225853,100,OK,MAP_UPDATE,OK,VISUAL_INERTIAL
1239,1761212599698,-13.202854432165623,-4.094143398106098,-62.67177313566208,-0.1065923348069191,0.408170223236084,-0.019816383719444275,100,OK,MAP_UPDATE,OK,VISUAL_INERTIAL
1240,1761212599715,-13.202854432165623,-4.094143398106098,-62.67177313566208,-0.1065923348069191,0.408170223236084,-0.019816383719444275,100,OK,MAP_UPDATE,OK,VISUAL_INERTIAL
1241,1761212599732,-21.626634523272514,-4.508813843131065,-60.56378036737442,-0.10588093847036362,0.40803104639053345,-0.00737584475427866,100,OK,MAP_UPDATE,OK,VISUAL_INERTIAL
1242,1761212599748,-25.85127204656601,-4.879760090261698,-59.745922684669495,-0.1058133915066719,0.40753433108329773,-0.0010330663062632084,100,OK,MAP_UPDATE,OK,VISUAL_INERTIAL
1243,1761212599765,-30.20608052611351,-5.194324068725109,-58.99357423186302,-0.10590899735689163,0.4072571098804474,0.005153747741132975,100,OK,MAP_UPDATE,OK,VISUAL_INERTIAL
1244,1761212599782,-34.72577407956123,-5.516657140105963,-58.32688510417938,-0.10613175481557846,0.4074757993221283,0.01135858055204153,100,OK,MAP_UPDATE,OK,VISUAL_INERTIAL
1245,1761212599798,-39.22845423221588,-5.869100801646709,-57.649821043014526,-0.10642124712467194,0.4079636037349701,0.017505086958408356,100,OK,MAP_UPDATE,OK,VISUAL_INERTIAL
1246,1761212599815,-43.71729493141174,-6.290967110544443,-56.98489770293236,-0.10680997371673584,0.40846455097198486,0.023660896345973015,100,OK,MAP_UPDATE,OK,VISUAL_INERTIAL
1247,1761212599832,-48.14517870545387,-6.831797771155834,-56.526705622673035,-0.10725367069244385,0.4086972773075104,0.029844079166650772,100,OK,MAP_UPDATE,OK,VISUAL_INERTIAL
1248,1761212599848,-52.431605756282806,-7.290956098586321,-56.17719143629074,-0.10800556093454361,0.4087550640106201,0.03592342510819435,100,OK,MAP_UPDATE,OK,VISUAL_INERTIAL
1249,1761212599865,-56.787677109241486,-7.737843319773674,-55.8609738945961,-0.10886024683713913,0.40860438346862793,0.04198440536856651,100,OK,MAP_UPDATE,OK,VISUAL_INERTIAL
1250,1761212599882,-61.200838536024094,-8.30431655049324,-55.579397827386856,-0.10970894247293472,0.40832439064979553,0.0481041856110096,100,OK,MAP_UPDATE,OK,VISUAL_INERTIAL
1251,1761212599899,-65.67777693271637,-9.027404710650444,-55.28276786208153,-0.11054221540689468,0.40833500027656555,0.05422654747962952,100,OK,MAP_UPDATE,OK,VISUAL_INERTIAL
1252,1761212599915,-70.3090950846672,-9.786040522158146,-55.24127930402756,-0.11146348714828491,0.40855833888053894,0.060047127306461334,100,OK,MAP_UPDATE,OK,VISUAL_INERTIAL
1253,1761212599932,-74.91367310285568,-10.389459319412708,-55.17931655049324,-0.11258633434772491,0.4090142250061035,0.06596341729164124,100,OK,MAP_UPDATE,OK,VISUAL_INERTIAL
1254,1761212599948,-79.19182628393173,-10.865106247365475,-55.15078827738762,-0.11375176161527634,0.409460186958313,0.0717325285077095,100,OK,MAP_UPDATE,OK,VISUAL_INERTIAL
1255,1761212599965,-83.2994356751442,-11.321211233735085,-55.07377162575722,-0.11485467851161957,0.40961942076683044,0.07754462212324142,100,OK,MAP_UPDATE,OK,VISUAL_INERTIAL
1256,1761212599982,-87.21797913312912,-11.809652671217918,-54.95205894112587,-0.11581717431545258,0.4094255864620209,0.0832429900765419,100,OK,MAP_UPDATE,OK,VISUAL_INERTIAL
1257,1761212599998,-91.10108762979507,-12.38012034446001,-54.72981929779053,-0.11669380217790604,0.4093722403049469,0.08880720287561417,100,OK,MAP_UPDATE,OK,VISUAL_INERTIAL
1258,1761212600015,-95.06984800100327,-12.869421392679214,-54.458677768707275,-0.11756672710180283,0.4096730947494507,0.09423082321882248,100,OK,MAP_UPDATE,OK,VISUAL_INERTIAL
1259,1761212600032,-98.94127398729324,-13.38494848459959,-54.1360080242157,-0.11833160370588303,0.41021984815597534,0.09955592453479767,100,OK,MAP_UPDATE,OK,VISUAL_INERTIAL
1260,1761212600048,-102.64766961336136,-13.937615789473057,-53.76214534044266,-0.11900091916322708,0.41077136993408203,0.10481017827987671,100,OK,MAP_UPDATE,OK,VISUAL_INERTIAL
1261,1761212600065,-106.29794001579285,-14.519372954964638,-53.33909019827843,-0.11959771066904068,0.4112395942211151,0.11007781326770782,100,OK,MAP_UPDATE,OK,VISUAL_INERTIAL
1262,1761212600082,-109.8780408501625,-15.133144333958626,-52.83581465482712,-0.12006794661283493,0.4115354120731354,0.11529087275266647,100,OK,MAP_UPDATE,OK,VISUAL_INERTIAL
1263,1761212600098,-113.4403944015503,-15.68891666829586,-52.314139902591705,-0.12046296149492264,0.41180554032325745,0.12044037133455276,100,OK,MAP_UPDATE,OK,VISUAL_INERTIAL
1264,1761212600115,-116.89204722642899,-16.28217287361622,-51.71322450041771,-0.12071196734905243,0.4120827615261078,0.12546803057193756,100,OK,MAP_UPDATE,OK,VISUAL_INERTIAL
1265,1761212600132,-120.26558071374893,-17.018083482980728,-51.022764295339584,-0.1207599863409996,0.41227802634239197,0.1303144246339798,100,OK,MAP_UPDATE,OK,VISUAL_INERTIAL
1266,1761212600148,-123.47356975078583,-17.651822417974472,-50.304751843214035,-0.12071596831083298,0.41235846281051636,0.13506534695625305,100,OK,MAP_UPDATE,OK,VISUAL_INERTIAL
1267,1761212600165,-126.63321197032928,-18.293477594852448,-49.53446611762047,-0.12057771533727646,0.41218098998069763,0.13983434438705444,100,OK,MAP_UPDATE,OK,VISUAL_INERTIAL
1268,1761212600182,-129.68648970127106,-19.024116918444633,-48.680756241083145,-0.12027595937252045,0.4117514491081238,0.14448955655097961,100,OK,MAP_UPDATE,OK,VISUAL_INERTIAL
1269,1761212600198,-132.66578316688538,-19.76677030324936,-47.86046966910362,-0.11989521235227585,0.41126275062561035,0.14906641840934753,100,OK,MAP_UPDATE,OK,VISUAL_INERTIAL
1270,1761212600215,-135.7823610305786,-20.347194746136665,-47.00944200158119,-0.11956916749477386,0.41079336404800415,0.15338049829006195,100,OK,MAP_UPDATE,OK,VISUAL_INERTIAL
1271,1761212600232,-138.75989615917206,-21.03029564023018,-46.07998952269554,-0.11906285583972931,0.4104793071746826,0.15765045583248138,100,OK,MAP_UPDATE,OK,VISUAL_INERTIAL
1272,1761212600248,-141.6265219449997,-21.552469581365585,-45.19197717308998,-0.11864736676216125,0.4103822112083435,0.1618170142173767,100,OK,MAP_UPDATE,OK,VISUAL_INERTIAL
1273,1761212600265,-144.3803608417511,-22.056592628359795,-44.24378648400307,-0.11815761029720306,0.41040995717048645,0.16589626669883728,100,OK,MAP_UPDATE,OK,VISUAL_INERTIAL
1274,1761212600282,-146.9370722770691,-22.709980607032776,-43.28908398747444,-0.11753305047750473,0.41049090027809143,0.16981959342956543,100,OK,MAP_UPDATE,OK,VISUAL_INERTIAL
1275,1761212600298,-149.65546131134033,-23.23763072490692,-42.393192648887634,-0.1170821413397789,0.4104272127151489,0.17374993860721588,100,OK,MAP_UPDATE,OK,VISUAL_INERTIAL
1276,1761212600315,-152.19862759113312,-23.678414523601532,-41.52895510196686,-0.1166248470544815,0.41025856137275696,0.17753921449184418,100,OK,MAP_UPDATE,OK,VISUAL_INERTIAL
1277,1761212600332,-154.51394021511078,-24.378132075071335,-40.5973382294178,-0.11594660580158234,0.4099994897842407,0.18116562068462372,100,OK,MAP_UPDATE,OK,VISUAL_INERTIAL
1278,1761212600348,-156.87990188598633,-24.88488145172596,-39.77453336119652,-0.11546114087104797,0.4095301330089569,0.18457448482513428,100,OK,MAP_UPDATE,OK,VISUAL_INERTIAL
1279,1761212600365,-159.0680480003357,-25.444908067584038,-38.87642174959183,-0.11489803344011307,0.40900540351867676,0.18776941299438477,100,OK,MAP_UPDATE,OK,VISUAL_INERTIAL
1280,1761212600382,-160.83697974681854,-26.08419395983219,-38.06821256875992,-0.11428539454936981,0.40845417976379395,0.19057199358940125,100,OK,MAP_UPDATE,OK,VISUAL_INERTIAL
1281,1761212600398,-162.68301010131836,-26.51706151664257,-37.50566020607948,-0.11396699398756027,0.4081656336784363,0.19310921430587769,100,OK,MAP_UPDATE,OK,VISUAL_INERTIAL
1282,1761212600415,-164.23732042312622,-26.850776746869087,-37.03227639198303,-0.11375317722558975,0.40802013874053955,0.19535112380981445,100,OK,MAP_UPDATE,OK,VISUAL_INERTIAL
1283,1761212600432,-165.5339002609253,-27.0712673664093,-36.67520359158516,-0.11362520605325699,0.40780943632125854,0.19711001217365265,100,OK,MAP_UPDATE,OK,VISUAL_INERTIAL
1284,1761212600448,-166.53990745544434,-27.178091928362846,-36.35131195187569,-0.11354994028806686,0.4076094925403595,0.1985018253326416,100,OK,MAP_UPDATE,OK,VISUAL_INERTIAL
1285,1761212600465,-167.2278195619583,-27.21419557929039,-36.154959350824356,-0.1134781613945961,0.4072939455509186,0.1995321363210678,100,OK,MAP_UPDATE,OK,VISUAL_INERTIAL
1286,1761212600482,-167.58380830287933,-27.24689617753029,-36.00412979722023,-0.11330989003181458,0.4068554639816284,0.2001575231552124,100,OK,MAP_UPDATE,OK,VISUAL_INERTIAL
1287,1761212600499,-167.631596326828,-27.13814191520214,-35.86965799331665,-0.11308018118143082,0.4063480496406555,0.20035438239574432,100,OK,MAP_UPDATE,OK,VISUAL_INERTIAL
1288,1761212600515,-167.3927754163742,-26.991739869117737,-35.76225787401199,-0.11275705695152283,0.4058825671672821,0.20007169246673584,100,OK,MAP_UPDATE,OK,VISUAL_INERTIAL
1289,1761212600532,-166.9079065322876,-26.721293106675148,-35.62453016638756,-0.11238331347703934,0.4056101441383362,0.1994088590145111,100,OK,MAP_UPDATE,OK,VISUAL_INERTIAL
1290,1761212600548,-166.1916822195053,-26.445752009749413,-35.41283681988716,-0.11186860501766205,0.40553003549575806,0.1984407752752304,100,OK,MAP_UPDATE,OK,VISUAL_INERTIAL
1291,1761212600565,-165.1582568883896,-26.152709499001503,-35.04951298236847,-0.11111423373222351,0.4056229293346405,0.19721917808055878,100,OK,MAP_UPDATE,OK,VISUAL_INERTIAL
1292,1761212600582,-163.92894089221954,-25.70907585322857,-34.59306061267853,-0.11018310487270355,0.4056618809700012,0.19576691091060638,100,OK,MAP_UPDATE,OK,VISUAL_INERTIAL
1293,1761212600598,-162.3622179031372,-25.15292353928089,-34.000322222709656,-0.1088876873254776,0.40554967522621155,0.1940584033727646,100,OK,MAP_UPDATE,OK,VISUAL_INERTIAL
1294,1761212600615,-160.66676378250122,-24.650821462273598,-33.306628465652466,-0.10715334117412567,0.40517887473106384,0.1922510713338852,100,OK,MAP_UPDATE,OK,VISUAL_INERTIAL
1295,1761212600632,-158.6935669183731,-24.258464574813843,-32.16525539755821,-0.10481685400009155,0.40458929538726807,0.18998320400714874,100,OK,MAP_UPDATE,OK,VISUAL_INERTIAL
1296,1761212600648,-156.6701978445053,-23.288648575544357,-30.871400609612465,-0.10222875326871872,0.40356677770614624,0.18782269954681396,100,OK,MAP_UPDATE,OK,VISUAL_INERTIAL
1297,1761212600665,-154.516339302063,-22.16210961341858,-29.237832874059677,-0.09911686927080154,0.4023236334323883,0.1856558918952942,100,OK,MAP_UPDATE,OK,VISUAL_INERTIAL
1298,1761212600682,-152.1700620651245,-20.73724940419197,-26.847638189792633,-0.09544266760349274,0.4009391963481903,0.183327317237854,100,OK,MAP_UPDATE,OK,VISUAL_INERTIAL
1299,1761212600698,-149.7521996498108,-19.490914419293404,-24.234192445874214,-0.09107735753059387,0.39983993768692017,0.18097534775733948,100,OK,MAP_UPDATE,OK,VISUAL_INERTIAL
1300,1761212600715,-147.58935570716858,-18.61499436199665,-21.155867725610733,-0.08590562641620636,0.39916473627090454,0.17865242063999176,100,OK,MAP_UPDATE,OK,VISUAL_INERTIAL
1301,1761212600732,-145.52821218967438,-17.592834308743477,-17.65783503651619,-0.08037898689508438,0.39925292134284973,0.1762942671775818,100,OK,MAP_UPDATE,OK,VISUAL_INERTIAL
1302,1761212600748,-143.4004157781601,-16.690680757164955,-13.760958798229694,-0.07438841462135315,0.39982548356056213,0.1740148663520813,100,OK,MAP_UPDATE,OK,VISUAL_INERTIAL
1303,1761212600765,-141.13494753837585,-16.010072082281113,-9.468035772442818,-0.06791204959154129,0.4006703197956085,0.17172080278396606,100,OK,MAP_UPDATE,OK,VISUAL_INERTIAL
1304,1761212600782,-138.7566179037094,-15.344005078077316,-4.99320961534977,-0.061169493943452835,0.4015291929244995,0.1695404350757599,100,OK,MAP_UPDATE,OK,VISUAL_INERTIAL
1305,1761212600798,-136.3857239484787,-14.720996841788292,-0.44060993241146207,-0.0542326495051384,0.4022153317928314,0.16743457317352295,100,OK,MAP_UPDATE,OK,VISUAL_INERTIAL
1306,1761212600815,-134.01135802268982,-14.166554436087608,4.286894574761391,-0.04713483527302742,0.40276458859443665,0.1654442548751831,100,OK,MAP_UPDATE,OK,VISUAL_INERTIAL
1307,1761212600832,-131.64842128753662,-13.634786009788513,9.093076921999454,-0.03999282419681549,0.4034138023853302,0.16357137262821198,100,OK,MAP_UPDATE,OK,VISUAL_INERTIAL
1308,1761212600848,-129.33413684368134,-13.189289718866348,14.065710827708244,-0.03283170983195305,0.4042801260948181,0.1618257611989975,100,OK,MAP_UPDATE,OK,VISUAL_INERTIAL
1309,1761212600865,-127.10921466350555,-12.741448357701302,18.912047147750854,-0.025750869885087013,0.4052880108356476,0.16002823412418365,100,OK,MAP_UPDATE,OK,VISUAL_INERTIAL
1310,1761212600882,-124.99400973320007,-12.30704877525568,23.700179532170296,-0.01881525292992592,0.4062630534172058,0.1583293378353119,100,OK,MAP_UPDATE,OK,VISUAL_INERTIAL
1311,1761212600898,-123.2059970498085,-11.99028454720974,28.300194069743156,-0.012023620307445526,0.4069247543811798,0.15688647329807281,100,OK,MAP_UPDATE,OK,VISUAL_INERTIAL
1312,1761212600915,-121.30162864923477,-11.675487272441387,32.78867155313492,-0.0053857420571148396,0.40737733244895935,0.1553398072719574,100,OK,MAP_UPDATE,OK,VISUAL_INERTIAL
1313,1761212600932,-119.45793777704239,-11.318993754684925,37.178557366132736,0.001048449194058776,0.40757372975349426,0.15386925637722015,100,OK,MAP_UPDATE,OK,VISUAL_INERTIAL
1314,1761212600948,-117.54866689443588,-11.095143854618073,41.304878890514374,0.0073247263208031654,0.4079316258430481,0.15246067941188812,100,OK,MAP_UPDATE,OK,VISUAL_INERTIAL
1315,1761212600965,-115.9253716468811,-11.4841777831316,45.15372961759567,0.013636717572808266,0.4081413745880127,0.15114207565784454,100,OK,MAP_UPDATE,OK,VISUAL_INERTIAL
1316,1761212600982,-114.30525779724121,-11.76193356513977,48.825833946466446,0.019464699551463127,0.4080961346626282,0.14970993995666504,100,OK,MAP_UPDATE,OK,VISUAL_INERTIAL
1317,1761212600998,-112.55547404289246,-12.0340371504426,52.24847421050072,0.024992747232317924,0.4074931740760803,0.148141011595726,100,OK,MAP_UPDATE,OK,VISUAL_INERTIAL
1318,1761212601015,-110.69759726524353,-12.070702388882637,55.401477962732315,0.030046775937080383,0.4061897099018097,0.14654523134231567,100,OK,MAP_UPDATE,OK,VISUAL_INERTIAL
1319,1761212601032,-108.88328403234482,-12.25882675498724,58.32035094499588,0.0349450558423996,0.40426111221313477,0.14491678774356842,100,OK,MAP_UPDATE,OK,VISUAL_INERTIAL
1320,1761212601048,-107.1818619966507,-12.379582040011883,61.06916442513466,0.03946607559919357,0.40215641260147095,0.14320223033428192,100,OK,MAP_UPDATE,OK,VISUAL_INERTIAL
1321,1761212601065,-105.51711171865463,-12.35499419271946,63.56753408908844,0.043545495718717575,0.39994993805885315,0.1413528323173523,100,OK,MAP_UPDATE,OK,VISUAL_INERTIAL
1322,1761212601082,-103.72795164585114,-12.129215523600578,65.83630293607712,0.04724426940083504,0.39739784598350525,0.13926419615745544,100,OK,MAP_UPDATE,OK,VISUAL_INERTIAL
1323,1761212601098,-101.84919089078903,-11.817238293588161,67.79797375202179,0.050577398389577866,0.39441272616386414,0.13710340857505798,100,OK,MAP_UPDATE,OK,VISUAL_INERTIAL
1324,1761212601115,-99.97113049030304,-11.457247659564018,69.4621205329895,0.053579021245241165,0.39097124338150024,0.1348228007555008,100,OK,MAP_UPDATE,OK,VISUAL_INERTIAL
1325,1761212601132,-98.00052642822266,-10.695086792111397,70.77212631702423,0.0560634583234787,0.3871608376502991,0.1325577050447464,100,OK,MAP_UPDATE,OK,VISUAL_INERTIAL
1326,1761212601148,-95.89072316884995,-10.198645293712616,71.82785123586655,0.058571431785821915,0.3837815225124359,0.1299261450767517,100,OK,MAP_UPDATE,OK,VISUAL_INERTIAL
1327,1761212601165,-93.7420204281807,-9.673044085502625,72.9491263628006,0.06093050166964531,0.38104307651519775,0.1271328181028366,100,OK,MAP_UPDATE,OK,VISUAL_INERTIAL
1328,1761212601182,-91.45495295524597,-9.274483658373356,73.96166771650314,0.06317215412855148,0.3789201080799103,0.12410580366849899,100,OK,MAP_UPDATE,OK,VISUAL_INERTIAL
1329,1761212601198,-88.93376588821411,-8.951624855399132,74.95008409023285,0.0654204711318016,0.3771078288555145,0.12089589238166809,100,OK,MAP_UPDATE,OK,VISUAL_INERTIAL
1330,1761212601215,-86.34684979915619,-8.662737905979156,75.61242580413818,0.06753353774547577,0.37503257393836975,0.1176299899816513,100,OK,MAP_UPDATE,OK,VISUAL_INERTIAL
1331,1761212601232,-83.53564143180847,-8.337772451341152,76.37830078601837,0.0696628987789154,0.3722255229949951,0.11407442390918732,100,OK,MAP_UPDATE,OK,VISUAL_INERTIAL
1332,1761212601248,-80.45679330825806,-7.993968203663826,77.07208395004272,0.07179587334394455,0.3688700795173645,0.11031137406826019,100,OK,MAP_UPDATE,OK,VISUAL_INERTIAL
1333,1761212601265,-77.32979953289032,-7.632512133568525,77.81227678060532,0.07395994663238525,0.36504846811294556,0.10634701699018478,100,OK,MAP_UPDATE,OK,VISUAL_INERTIAL
1334,1761212601282,-74.1768628358841,-7.285946048796177,78.59987020492554,0.07617276161909103,0.36099153757095337,0.10225930064916611,100,OK,MAP_UPDATE,OK,VISUAL_INERTIAL
1335,1761212601298,-70.91100513935089,-6.805088836699724,79.40777391195297,0.07832738012075424,0.3571331799030304,0.0979636162519455,100,OK,MAP_UPDATE,OK,VISUAL_INERTIAL
1336,1761212601315,-67.63746589422226,-6.412598770111799,80.18335700035095,0.08052971214056015,0.35348984599113464,0.09355594962835312,100,OK,MAP_UPDATE,OK,VISUAL_INERTIAL
1337,1761212601332,-64.35297429561615,-5.968900863081217,81.01247251033783,0.0827171802520752,0.3498792052268982,0.08910223096609116,100,OK,MAP_UPDATE,OK,VISUAL_INERTIAL
1338,1761212601348,-60.905229300260544,-5.558347329497337,81.76462352275848,0.08487684279680252,0.346032053232193,0.08446604758501053,100,OK,MAP_UPDATE,OK,VISUAL_INERTIAL
1339,1761212601365,-57.107407599687576,-5.316158756613731,82.3051854968071,0.08702269941568375,0.3421660363674164,0.07962151616811752,100,OK,MAP_UPDATE,OK,VISUAL_INERTIAL
1340,1761212601382,-53.53762209415436,-5.171000026166439,83.0540806055069,0.0892658606171608,0.33862999081611633,0.07451798021793365,100,OK,MAP_UPDATE,OK,VISUAL_INERTIAL
1341,1761212601398,-49.77094382047653,-4.886777140200138,83.68043601512909,0.09127060323953629,0.3360835611820221,0.06953214108943939,100,OK,MAP_UPDATE,OK,VISUAL_INERTIAL
1342,1761212601415,-45.92832550406456,-4.644416738301516,84.39315855503082,0.09330771118402481,0.3341613709926605,0.0643262043595314,100,OK,MAP_UPDATE,OK,VISUAL_INERTIAL
1343,1761212601432,-42.18391701579094,-3.961489535868168,84.88688617944717,0.09496224671602249,0.33253714442253113,0.05903352051973343,100,OK,MAP_UPDATE,OK,VISUAL_INERTIAL
1344,1761212601448,-38.22619095444679,-3.4156409092247486,85.42444556951523,0.09670482575893402,0.3308948278427124,0.0536426305770874,100,OK,MAP_UPDATE,OK,VISUAL_INERTIAL
1345,1761212601465,-34.155480563640594,-2.8598892968147993,86.03353053331375,0.09838982671499252,0.32900944352149963,0.04806480184197426,100,OK,MAP_UPDATE,OK,VISUAL_INERTIAL
1346,1761212601482,-29.934175312519073,-2.369598252698779,86.5858644247055,0.10001267492771149,0.3269408643245697,0.042342957109212875,100,OK,MAP_UPDATE,OK,VISUAL_INERTIAL
1347,1761212601498,-25.619858875870705,-1.858095871284604,87.04017847776413,0.10146480053663254,0.3246796727180481,0.036514632403850555,100,OK,MAP_UPDATE,OK,VISUAL_INERTIAL
1348,1761212601515,-21.327707916498184,-1.436570892110467,87.3640701174736,0.10282228142023087,0.3223276436328888,0.030611654743552208,100,OK,MAP_UPDATE,OK,VISUAL_INERTIAL
1349,1761212601532,-16.911296173930168,-1.081062131561339,87.5534638762474,0.10404010862112045,0.3202841579914093,0.024619121104478836,100,OK,MAP_UPDATE,OK,VISUAL_INERTIAL
1350,1761212601548,-12.506311759352684,-0.6212625303305686,87.64289319515228,0.10502373427152634,0.318575918674469,0.018575381487607956,100,OK,MAP_UPDATE,OK,VISUAL_INERTIAL
1351,1761212601565,-8.260942995548248,-0.49885991029441357,87.62406557798386,0.1060149073600769,0.3170548975467682,0.012517760507762432,100,OK,MAP_UPDATE,OK,VISUAL_INERTIAL
1352,1761212601582,-3.875953610986471,-0.4480307106859982,87.43667602539062,0.10679315030574799,0.3155133128166199,0.006372725125402212,100,OK,MAP_UPDATE,OK,VISUAL_INERTIAL
1353,1761212601598,0.6716598873026669,-0.13341617886908352,87.08027005195618,0.10714499652385712,0.31404563784599304,0.0001283936871914193,100,OK,MAP_UPDATE,OK,VISUAL_INERTIAL
1354,1761212601615,5.212661810219288,-0.022511481802212074,86.46056056022644,0.10742515325546265,0.31256774067878723,-0.0061747971922159195,100,OK,MAP_UPDATE,OK,VISUAL_INERTIAL
1355,1761212601632,9.745013900101185,0.10988402209477499,85.6756865978241,0.1074470803141594,0.3111840784549713,-0.012464098632335663,100,OK,MAP_UPDATE,OK,VISUAL_INERTIAL
1356,1761212601648,14.143132604658604,0.048855541535886005,84.75041389465332,0.10730940103530884,0.30964452028274536,-0.018688686192035675,100,OK,MAP_UPDATE,OK,VISUAL_INERTIAL
1357,1761212601665,18.564769998192787,0.022871256078360602,83.64392817020416,0.10687406361103058,0.30806806683540344,-0.02494792453944683,100,OK,MAP_UPDATE,OK,VISUAL_INERTIAL
1358,1761212601682,23.020798340439796,0.013419389688351657,82.33872056007385,0.10616651922464371,0.3064962327480316,-0.03122466430068016,100,OK,MAP_UPDATE,OK,VISUAL_INERTIAL
1359,1761212601698,27.23088674247265,0.07431280391756445,81.00292831659317,0.10514857620000839,0.3048548400402069,-0.037373121827840805,100,OK,MAP_UPDATE,OK,VISUAL_INERTIAL
1360,1761212601715,31.250741332769394,0.06716346979374066,79.51397448778152,0.10396268963813782,0.30311813950538635,-0.04358414188027382,100,OK,MAP_UPDATE,OK,VISUAL_INERTIAL
1361,1761212601732,35.436734557151794,-0.029454588002408855,77.79940217733383,0.10258565843105316,0.301318496465683,-0.04982416704297066,100,OK,MAP_UPDATE,OK,VISUAL_INERTIAL
1362,1761212601748,39.623137563467026,-0.11257875303272158,75.8984312415123,0.10097473114728928,0.2992120385169983,-0.056095417588949203,100,OK,MAP_UPDATE,OK,VISUAL_INERTIAL
1363,1761212601765,43.785374611616135,0.3338440728839487,73.5972598195076,0.09871625155210495,0.29681599140167236,-0.06234300136566162,100,OK,MAP_UPDATE,OK,VISUAL_INERTIAL
1364,1761212601782,47.91858047246933,0.5682149203494191,71.23969495296478,0.0963539406657219,0.29408547282218933,-0.06858742982149124,100,OK,MAP_UPDATE,OK,VISUAL_INERTIAL
1365,1761212601798,52.110299468040466,0.7414070423692465,68.78671050071716,0.09382783621549606,0.29111161828041077,-0.07486110925674438,100,OK,MAP_UPDATE,OK,VISUAL_INERTIAL
1366,1761212601815,56.28298223018646,0.857881794217974,66.26632809638977,0.09109688550233841,0.28784334659576416,-0.08120477199554443,100,OK,MAP_UPDATE,OK,VISUAL_INERTIAL
1367,1761212601832,60.3000782430172,0.7153229671530426,63.682883977890015,0.08826935291290283,0.28426510095596313,-0.08755697309970856,100,OK,MAP_UPDATE,OK,VISUAL_INERTIAL
1368,1761212601848,64.3727108836174,0.7658795220777392,60.89741364121437,0.08503194153308868,0.28049275279045105,-0.09379921853542328,100,OK,MAP_UPDATE,OK,VISUAL_INERTIAL
1369,1761212601865,68.40695440769196,0.9081137250177562,57.914234697818756,0.08147098869085312,0.27646180987358093,-0.10000565648078918,100,OK,MAP_UPDATE,OK,VISUAL_INERTIAL
1370,1761212601882,72.23479449748993,1.0504131205379963,54.80848625302315,0.07766464352607727,0.2722110450267792,-0.10606186091899872,100,OK,MAP_UPDATE,OK,VISUAL_INERTIAL
1371,1761212601898,75.93467831611633,1.2211871799081564,51.600322127342224,0.07358571887016296,0.2680550515651703,-0.11200112849473953,100,OK,MAP_UPDATE,OK,VISUAL_INERTIAL
1372,1761212601915,79.44989204406738,1.48750189691782,48.29970374703407,0.06924595683813095,0.2639841139316559,-0.11775704473257065,100,OK,MAP_UPDATE,OK,VISUAL_INERTIAL
1373,1761212601931,83.09710770845413,1.7058999510481954,44.82736438512802,0.06457358598709106,0.2599281370639801,-0.12342412769794464,100,OK,MAP_UPDATE,OK,VISUAL_INERTIAL
1374,1761212601948,87.15112507343292,2.514004707336426,41.184067726135254,0.059222571551799774,0.25617411732673645,-0.1286519318819046,100,OK,MAP_UPDATE,OK,VISUAL_INERTIAL
1375,1761212601965,90.51159769296646,2.466689795255661,37.34395653009415,0.05419181287288666,0.2520795464515686,-0.1338730752468109,100,OK,MAP_UPDATE,OK,VISUAL_INERTIAL
1376,1761212601982,93.86924654245377,2.2425814531743526,33.340759575366974,0.04899661988019943,0.24788004159927368,-0.13875697553157806,100,OK,MAP_UPDATE,OK,VISUAL_INERTIAL
1377,1761212601998,96.9851016998291,2.037533326074481,29.180554673075676,0.0435689277946949,0.2436123639345169,-0.1433798372745514,100,OK,MAP_UPDATE,OK,VISUAL_INERTIAL
1378,1761212602015,100.00551491975784,2.0194570533931255,24.74745735526085,0.037754565477371216,0.23954463005065918,-0.14779530465602875,100,OK,MAP_UPDATE,OK,VISUAL_INERTIAL
1379,1761212602032,102.96525806188583,1.975703053176403,20.27418464422226,0.031810421496629715,0.2357930690050125,-0.15200449526309967,100,OK,MAP_UPDATE,OK,VISUAL_INERTIAL
1380,1761212602048,105.68838566541672,1.8185904482379556,15.766117721796036,0.02585601806640625,0.23221218585968018,-0.15589138865470886,100,OK,MAP_UPDATE,OK,VISUAL_INERTIAL
1381,1761212602065,108.39373618364334,1.6665292205289006,11.195718310773373,0.019722500815987587,0.2288559377193451,-0.15958397090435028,100,OK,MAP_UPDATE,OK,VISUAL_INERTIAL
1382,1761212602082,110.5833351612091,1.3785851188004017,6.60008704289794,0.013689873740077019,0.22546321153640747,-0.16300062835216522,100,OK,MAP_UPDATE,OK,VISUAL_INERTIAL
1383,1761212602098,112.25204914808273,1.1024728883057833,2.1925426553934813,0.007625783793628216,0.22202256321907043,-0.16617441177368164,100,OK,MAP_UPDATE,OK,VISUAL_INERTIAL
1384,1761212602115,114.05836790800095,1.0916859610006213,-2.2960109636187553,0.001285957987420261,0.2185647189617157,-0.1691969931125641,100,OK,MAP_UPDATE,OK,VISUAL_INERTIAL
1385,1761212602132,116.06111377477646,0.8152496884576976,-6.725340150296688,-0.0049581765197217464,0.21502943336963654,-0.17216555774211884,100,OK,MAP_UPDATE,OK,VISUAL_INERTIAL
1386,1761212602148,117.92543530464172,0.3497240541037172,-11.217710562050343,-0.011138985864818096,0.21136318147182465,-0.175031378865242,100,OK,MAP_UPDATE,OK,VISUAL_INERTIAL
1387,1761212602165,119.59744989871979,-0.550522527191788,-15.642357990145683,-0.017013056203722954,0.20804142951965332,-0.17763857543468475,100,OK,MAP_UPDATE,OK,VISUAL_INERTIAL
1388,1761212602182,120.81971019506454,-1.7069593304768205,-19.9985820800066,-0.022706175222992897,0.20487985014915466,-0.18010775744915009,100,OK,MAP_UPDATE,OK,VISUAL_INERTIAL
1389,1761212602198,121.95400148630142,-3.213329706341028,-24.291658774018288,-0.02816789038479328,0.20190250873565674,-0.1825602501630783,100,OK,MAP_UPDATE,OK,VISUAL_INERTIAL
1390,1761212602215,122.8996217250824,-4.813842009752989,-28.95146980881691,-0.0336669385433197,0.1988057792186737,-0.1848217099905014,100,OK,MAP_UPDATE,OK,VISUAL_INERTIAL
1391,1761212602232,122.92246520519257,-6.4172884449362755,-33.167872577905655,-0.03909904882311821,0.19514788687229156,-0.18688170611858368,100,OK,MAP_UPDATE,OK,VISUAL_INERTIAL
1392,1761212602248,123.29229712486267,-7.438201457262039,-37.58952394127846,-0.04492370784282684,0.1918087899684906,-0.1888427585363388,100,OK,MAP_UPDATE,OK,VISUAL_INERTIAL
1393,1761212602265,123.5223039984703,-8.553928695619106,-41.88927635550499,-0.0506376214325428,0.18867845833301544,-0.19053255021572113,100,OK,MAP_UPDATE,OK,VISUAL_INERTIAL
1394,1761212602282,123.75159561634064,-9.721136651933193,-46.41043022274971,-0.05639112740755081,0.18561355769634247,-0.1920166164636612,100,OK,MAP_UPDATE,OK,VISUAL_INERTIAL
1395,1761212602298,124.37323480844498,-10.955722071230412,-50.65566673874855,-0.06211179494857788,0.18295414745807648,-0.1934037059545517,100,OK,MAP_UPDATE,OK,VISUAL_INERTIAL
1396,1761212602315,124.8977780342102,-12.105650268495083,-54.91998791694641,-0.06786257028579712,0.18042175471782684,-0.19455672800540924,100,OK,MAP_UPDATE,OK,VISUAL_INERTIAL
1397,1761212602332,125.50574541091919,-12.912280857563019,-59.19049680233002,-0.07387930154800415,0.17820191383361816,-0.19566377997398376,100,OK,MAP_UPDATE,OK,VISUAL_INERTIAL
1398,1761212602348,126.05999410152435,-13.750040903687477,-63.62061947584152,-0.0798945352435112,0.1764497458934784,-0.1964791864156723,100,OK,MAP_UPDATE,OK,VISUAL_INERTIAL
1399,1761212602365,126.52039527893066,-14.401244930922985,-67.76703894138336,-0.08599318563938141,0.17483505606651306,-0.19706693291664124,100,OK,MAP_UPDATE,OK,VISUAL_INERTIAL
1400,1761212602382,126.99708342552185,-14.965447597205639,-71.95714116096497,-0.0921463742852211,0.1732521802186966,-0.1975547820329666,100,OK,MAP_UPDATE,OK,VISUAL_INERTIAL
1401,1761212602398,127.22478806972504,-15.41806384921074,-76.15295052528381,-0.09837621450424194,0.17152628302574158,-0.1978510469198227,100,OK,MAP_UPDATE,OK,VISUAL_INERTIAL
1402,1761212602415,127.19844281673431,-15.762219205498695,-80.4944634437561,-0.10475635528564453,0.1697113811969757,-0.19799837470054626,100,OK,MAP_UPDATE,OK,VISUAL_INERTIAL
1403,1761212602432,127.17403471469879,-16.409775242209435,-84.80773121118546,-0.11094952374696732,0.16809837520122528,-0.1979280263185501,100,OK,MAP_UPDATE,OK,VISUAL_INERTIAL
1404,1761212602448,127.02088057994843,-17.01592281460762,-89.23092484474182,-0.11718951165676117,0.16670836508274078,-0.19765351712703705,100,OK,MAP_UPDATE,OK,VISUAL_INERTIAL
1405,1761212602465,126.88611447811127,-18.22948083281517,-93.3593288064003,-0.12296463549137115,0.16549429297447205,-0.19745229184627533,100,OK,MAP_UPDATE,OK,VISUAL_INERTIAL
1406,1761212602482,126.40999257564545,-19.246673211455345,-97.48777747154236,-0.12873899936676025,0.16399189829826355,-0.1970648616552353,100,OK,MAP_UPDATE,OK,VISUAL_INERTIAL
1407,1761212602498,125.99287927150726,-20.425058901309967,-101.55325382947922,-0.13446596264839172,0.16222089529037476,-0.19665411114692688,100,OK,MAP_UPDATE,OK,VISUAL_INERTIAL
1408,1761212602515,125.42915344238281,-21.093549206852913,-105.72097450494766,-0.14057224988937378,0.15927426517009735,-0.19597376883029938,100,OK,MAP_UPDATE,OK,VISUAL_INERTIAL
1409,1761212602532,124.68281388282776,-21.638350561261177,-109.95908081531525,-0.14670005440711975,0.1552201807498932,-0.19512160122394562,100,OK,MAP_UPDATE,OK,VISUAL_INERTIAL
1410,1761212602548,123.92022460699081,-22.150827571749687,-114.14754390716553,-0.15283429622650146,0.1508844941854477,-0.19420316815376282,100,OK,MAP_UPDATE,OK,VISUAL_INERTIAL
1411,1761212602565,122.85181134939194,-22.624706849455833,-118.24801564216614,-0.15885570645332336,0.14690379798412323,-0.1931813359260559,100,OK,MAP_UPDATE,OK,VISUAL_INERTIAL
1412,1761212602582,121.7450276017189,-23.311158642172813,-122.1916601061821,-0.16460512578487396,0.1440197080373764,-0.19209274649620056,100,OK,MAP_UPDATE,OK,VISUAL_INERTIAL
1413,1761212602598,120.4870343208313,-23.83735217154026,-126.11128389835358,-0.17029975354671478,0.1419961005449295,-0.19091759622097015,100,OK,MAP_UPDATE,OK,VISUAL_INERTIAL
1414,1761212602615,119.12283301353455,-24.0952055901289,-130.00783324241638,-0.17597410082817078,0.140358105301857,-0.18971678614616394,100,OK,MAP_UPDATE,OK,VISUAL_INERTIAL
1415,1761212602631,117.8213357925415,-24.54107627272606,-133.72232019901276,-0.18145164847373962,0.13888691365718842,-0.18833990395069122,100,OK,MAP_UPDATE,OK,VISUAL_INERTIAL
1416,1761212602648,116.6546419262886,-25.135742500424385,-137.37548887729645,-0.18682312965393066,0.13731570541858673,-0.18682372570037842,100,OK,MAP_UPDATE,OK,VISUAL_INERTIAL
1417,1761212602665,115.41645973920822,-25.801416486501694,-140.96082746982574,-0.1920168399810791,0.13559505343437195,-0.18518443405628204,100,OK,MAP_UPDATE,OK,VISUAL_INERTIAL
1418,1761212602682,114.13176357746124,-26.474345475435257,-144.5426046848297,-0.19713562726974487,0.13407094776630402,-0.183439239859581,100,OK,MAP_UPDATE,OK,VISUAL_INERTIAL
1419,1761212602698,112.6922070980072,-27.072684839367867,-148.03370833396912,-0.20223210752010345,0.13303259015083313,-0.18172277510166168,100,OK,MAP_UPDATE,OK,VISUAL_INERTIAL
1420,1761212602715,111.23574525117874,-27.830945327878,-151.37159824371338,-0.2070886194705963,0.13250912725925446,-0.179995596408844,100,OK,MAP_UPDATE,OK,VISUAL_INERTIAL
1421,1761212602732,109.66534912586212,-28.55166234076023,-154.67089414596558,-0.21193155646324158,0.1322212666273117,-0.1781512200832367,100,OK,MAP_UPDATE,OK,VISUAL_INERTIAL
1422,1761212602748,109.66534912586212,-28.55166234076023,-154.67089414596558,-0.21193155646324158,0.1322212666273117,-0.1781512200832367,100,OK,MAP_UPDATE,OK,VISUAL_INERTIAL
1423,1761212602765,106.38492554426193,-29.968129470944405,-161.1909419298172,-0.221380814909935,0.131707563996315,-0.17401976883411407,100,OK,MAP_UPDATE,OK,VISUAL_INERTIAL
1424,1761212602781,104.72583770751953,-30.732478946447372,-164.3156260251999,-0.22598053514957428,0.13145780563354492,-0.1717795878648758,100,OK,MAP_UPDATE,OK,VISUAL_INERTIAL
1425,1761212602798,102.98345237970352,-31.12262673676014,-167.38221049308777,-0.23069851100444794,0.1312079131603241,-0.16950973868370056,100,OK,MAP_UPDATE,OK,VISUAL_INERTIAL
1426,1761212602815,101.13680362701416,-31.64561092853546,-170.3985184431076,-0.23526015877723694,0.13119077682495117,-0.1670728176832199,100,OK,MAP_UPDATE,OK,VISUAL_INERTIAL
1427,1761212602831,99.13034737110138,-32.14658424258232,-173.30653965473175,-0.23969370126724243,0.13131123781204224,-0.1645229011774063,100,OK,MAP_UPDATE,OK,VISUAL_INERTIAL
1428,1761212602848,96.86554968357086,-32.68081694841385,-176.13068222999573,-0.24393613636493683,0.13152530789375305,-0.16177287697792053,100,OK,MAP_UPDATE,OK,VISUAL_INERTIAL
1429,1761212602865,96.86554968357086,-32.68081694841385,-176.13068222999573,-0.24393613636493683,0.13152530789375305,-0.16177287697792053,100,OK,MAP_UPDATE,OK,VISUAL_INERTIAL
1430,1761212602882,92.21036732196808,-33.68392959237099,-181.3502311706543,-0.2516494691371918,0.13233979046344757,-0.15581165254116058,100,OK,MAP_UPDATE,OK,VISUAL_INERTIAL
1431,1761212602898,89.71384912729263,-34.20030325651169,-183.55536460876465,-0.25491634011268616,0.13279545307159424,-0.15272952616214752,100,OK,MAP_UPDATE,OK,VISUAL_INERTIAL
1432,1761212602915,87.13515102863312,-34.38437730073929,-185.53860485553741,-0.2578587830066681,0.1335982382297516,-0.14971385896205902,100,OK,MAP_UPDATE,OK,VISUAL_INERTIAL
1433,1761212602932,84.55471694469452,-34.48650985956192,-187.13010847568512,-0.2601687014102936,0.13505081832408905,-0.1468394547700882,100,OK,MAP_UPDATE,OK,VISUAL_INERTIAL
1434,1761212602948,82.0525661110878,-34.573182463645935,-188.3394867181778,-0.261749804019928,0.13692595064640045,-0.14403755962848663,100,OK,MAP_UPDATE,OK,VISUAL_INERTIAL
1435,1761212602965,79.7068327665329,-34.422360360622406,-189.06795978546143,-0.26281440258026123,0.1386175900697708,-0.1411087065935135,100,OK,MAP_UPDATE,OK,VISUAL_INERTIAL
1436,1761212602981,77.45764404535294,-34.21911224722862,-189.21446800231934,-0.2631334662437439,0.14011092483997345,-0.13803152740001678,100,OK,MAP_UPDATE,OK,VISUAL_INERTIAL
1437,1761212602998,75.18139481544495,-33.98772329092026,-188.83447349071503,-0.26277175545692444,0.14165596663951874,-0.13481594622135162,100,OK,MAP_UPDATE,OK,VISUAL_INERTIAL
1438,1761212603015,72.69161194562912,-33.536408096551895,-188.05521726608276,-0.26189562678337097,0.14351961016654968,-0.13152442872524261,100,OK,MAP_UPDATE,OK,VISUAL_INERTIAL
1439,1761212603031,69.99041140079498,-32.855771481990814,-186.87833845615387,-0.2604342997074127,0.14618976414203644,-0.12820832431316376,100,OK,MAP_UPDATE,OK,VISUAL_INERTIAL
1440,1761212603048,67.0434907078743,-32.18292444944382,-185.25530397891998,-0.25829169154167175,0.14987324178218842,-0.12490299344062805,100,OK,MAP_UPDATE,OK,VISUAL_INERTIAL
1441,1761212603065,64.40404802560806,-31.648997217416763,-183.12731385231018,-0.2554905116558075,0.15441791713237762,-0.1214735358953476,100,OK,MAP_UPDATE,OK,VISUAL_INERTIAL
1442,1761212603081,61.53716892004013,-30.858401209115982,-180.79446256160736,-0.25240713357925415,0.15900777280330658,-0.11776888370513916,100,OK,MAP_UPDATE,OK,VISUAL_INERTIAL
1443,1761212603098,58.61585587263107,-29.99555692076683,-178.12670767307281,-0.24892978370189667,0.16331419348716736,-0.11385475099086761,100,OK,MAP_UPDATE,OK,VISUAL_INERTIAL
1444,1761212603115,55.692270398139954,-29.078977182507515,-175.2043217420578,-0.24513214826583862,0.1675502061843872,-0.10966711491346359,100,OK,MAP_UPDATE,OK,VISUAL_INERTIAL
1445,1761212603131,52.4919331073761,-28.10169942677021,-172.10476100444794,-0.24108123779296875,0.1718875914812088,-0.10526666790246964,100,OK,MAP_UPDATE,OK,VISUAL_INERTIAL
1446,1761212603148,49.09287393093109,-26.89341828227043,-168.96775364875793,-0.2370714396238327,0.1768844723701477,-0.10074901580810547,100,OK,MAP_UPDATE,OK,VISUAL_INERTIAL
1447,1761212603165,45.47294229269028,-25.819873437285423,-165.65696895122528,-0.23279833793640137,0.18267957866191864,-0.09623298048973083,100,OK,MAP_UPDATE,OK,VISUAL_INERTIAL
1448,1761212603181,41.85379296541214,-24.68584105372429,-162.2593104839325,-0.2286006361246109,0.18836644291877747,-0.09152466803789139,100,OK,MAP_UPDATE,OK,VISUAL_INERTIAL
1449,1761212603198,38.35843503475189,-23.504849523305893,-158.88452529907227,-0.22452211380004883,0.1932431310415268,-0.08658041059970856,100,OK,MAP_UPDATE,OK,VISUAL_INERTIAL
1450,1761212603215,34.78245437145233,-22.265708073973656,-155.47706186771393,-0.22055479884147644,0.19725558161735535,-0.08143521100282669,100,OK,MAP_UPDATE,OK,VISUAL_INERTIAL
1451,1761212603231,31.219061464071274,-21.319406107068062,-152.1415412425995,-0.21647511422634125,0.2010003924369812,-0.07628326863050461,100,OK,MAP_UPDATE,OK,VISUAL_INERTIAL
1452,1761212603248,27.54322439432144,-20.314233377575874,-148.83725345134735,-0.21249820291996002,0.20498932898044586,-0.07124774158000946,100,OK,MAP_UPDATE,OK,VISUAL_INERTIAL
1453,1761212603265,23.783374577760696,-19.391827285289764,-145.54397761821747,-0.208526611328125,0.2094922661781311,-0.06641825288534164,100,OK,MAP_UPDATE,OK,VISUAL_INERTIAL
1454,1761212603281,20.07610723376274,-18.743963912129402,-142.26678013801575,-0.20430897176265717,0.21426334977149963,-0.061731647700071335,100,OK,MAP_UPDATE,OK,VISUAL_INERTIAL
1455,1761212603298,16.666196286678314,-18.168816342949867,-138.98488879203796,-0.200032576918602,0.21876995265483856,-0.057335395365953445,100,OK,MAP_UPDATE,OK,VISUAL_INERTIAL
1456,1761212603315,13.559574261307716,-17.520450055599213,-135.66724956035614,-0.19588086009025574,0.2230527698993683,-0.05328882858157158,100,OK,MAP_UPDATE,OK,VISUAL_INERTIAL
1457,1761212603331,10.69315243512392,-17.098700627684593,-132.4295550584793,-0.1915968507528305,0.22741396725177765,-0.04955513775348663,100,OK,MAP_UPDATE,OK,VISUAL_INERTIAL
1458,1761212603348,8.22629127651453,-16.918683424592018,-129.12869453430176,-0.18714967370033264,0.23111528158187866,-0.04615621268749237,100,OK,MAP_UPDATE,OK,VISUAL_INERTIAL
1459,1761212603365,6.272743921726942,-16.722293570637703,-125.79256296157837,-0.1826198697090149,0.2335948795080185,-0.04305471107363701,100,OK,MAP_UPDATE,OK,VISUAL_INERTIAL
1460,1761212603382,4.630930256098509,-16.35533943772316,-122.47151136398315,-0.17831994593143463,0.23462913930416107,-0.0400998629629612,100,OK,MAP_UPDATE,OK,VISUAL_INERTIAL
1461,1761212603398,3.1582217197865248,-15.588202513754368,-119.19178813695908,-0.1745450496673584,0.23473547399044037,-0.0370955616235733,100,OK,MAP_UPDATE,OK,VISUAL_INERTIAL
1462,1761212603415,1.5479115536436439,-14.625740237534046,-116.21437221765518,-0.1709936410188675,0.23440895974636078,-0.03400823473930359,100,OK,MAP_UPDATE,OK,VISUAL_INERTIAL
1463,1761212603431,-0.17686061619315296,-13.729650527238846,-113.43616247177124,-0.16753414273262024,0.23378407955169678,-0.030947212129831314,100,OK,MAP_UPDATE,OK,VISUAL_INERTIAL
1464,1761212603448,-1.9241237314417958,-13.004224747419357,-110.67219823598862,-0.1640663892030716,0.23317863047122955,-0.027899231761693954,100,OK,MAP_UPDATE,OK,VISUAL_INERTIAL
1465,1761212603465,-3.4653188195079565,-12.278066948056221,-108.05723816156387,-0.16089320182800293,0.23251211643218994,-0.024998053908348083,100,OK,MAP_UPDATE,OK,VISUAL_INERTIAL
1466,1761212603482,-5.437228828668594,-11.341355741024017,-105.58870434761047,-0.15790483355522156,0.23237156867980957,-0.022265370935201645,100,OK,MAP_UPDATE,OK,VISUAL_INERTIAL
1467,1761212603498,-7.577695418149233,-10.411103256046772,-103.19002717733383,-0.15541304647922516,0.23415079712867737,-0.01973377726972103,100,OK,MAP_UPDATE,OK,VISUAL_INERTIAL
1468,1761212603515,-9.274575859308243,-9.540447033941746,-100.699782371521,-0.15238530933856964,0.23567931354045868,-0.017170818522572517,100,OK,MAP_UPDATE,OK,VISUAL_INERTIAL
1469,1761212603531,-10.214137844741344,-8.686402812600136,-97.97511994838715,-0.14868661761283875,0.23676545917987823,-0.015277319587767124,100,OK,MAP_UPDATE,OK,VISUAL_INERTIAL
1470,1761212603548,-10.420111939311028,-7.668102625757456,-95.14044970273972,-0.1447482705116272,0.2368040531873703,-0.014371905475854874,100,OK,MAP_UPDATE,OK,VISUAL_INERTIAL
1471,1761212603565,-10.065678507089615,-6.493321619927883,-92.02314913272858,-0.1401020586490631,0.23663155734539032,-0.014527537859976292,100,OK,MAP_UPDATE,OK,VISUAL_INERTIAL
1472,1761212603581,-9.420168586075306,-5.4010068997740746,-88.71781826019287,-0.13481074571609497,0.23687642812728882,-0.015681175515055656,100,OK,MAP_UPDATE,OK,VISUAL_INERTIAL
1473,1761212603598,-8.767644874751568,-4.317315295338631,-85.03570407629013,-0.12925083935260773,0.2385103702545166,-0.017432311549782753,100,OK,MAP_UPDATE,OK,VISUAL_INERTIAL
1474,1761212603615,-8.14591534435749,-3.26749705709517,-81.20211958885193,-0.1238330751657486,0.24243727326393127,-0.019423607736825943,100,OK,MAP_UPDATE,OK,VISUAL_INERTIAL
1475,1761212603631,-7.303486578166485,-2.333197044208646,-77.24525034427643,-0.11865907907485962,0.24853353202342987,-0.021236242726445198,100,OK,MAP_UPDATE,OK,VISUAL_INERTIAL
1476,1761212603648,-6.341028492897749,-2.10473476909101,-73.37884604930878,-0.113224096596241,0.25506728887557983,-0.022582124918699265,100,OK,MAP_UPDATE,OK,VISUAL_INERTIAL
1477,1761212603665,-5.087340250611305,-1.9020701292902231,-69.44660097360611,-0.107999786734581,0.2611629068851471,-0.02365431748330593,100,OK,MAP_UPDATE,OK,VISUAL_INERTIAL
1478,1761212603681,-3.5948471631854773,-1.9695181399583817,-65.70614129304886,-0.10296044498682022,0.26637205481529236,-0.024557799100875854,100,OK,MAP_UPDATE,OK,VISUAL_INERTIAL
1479,1761212603698,-2.1295801270753145,-2.110648900270462,-62.37468868494034,-0.09837280213832855,0.2706705629825592,-0.025471685454249382,100,OK,MAP_UPDATE,OK,VISUAL_INERTIAL
1480,1761212603715,-0.6114460411481559,-2.247069263830781,-59.4261959195137,-0.09436585009098053,0.2742714583873749,-0.026535313576459885,100,OK,MAP_UPDATE,OK,VISUAL_INERTIAL
1481,1761212603731,0.7929820567369461,-2.3831266444176435,-56.86816945672035,-0.09092868864536285,0.27751919627189636,-0.027686508372426033,100,OK,MAP_UPDATE,OK,VISUAL_INERTIAL
1482,1761212603748,2.1683471277356148,-2.3875623010098934,-54.79856580495834,-0.08800527453422546,0.2801021933555603,-0.028901001438498497,100,OK,MAP_UPDATE,OK,VISUAL_INERTIAL
1483,1761212603765,3.560249228030443,-2.3471012245863676,-53.24115231633186,-0.08547733724117279,0.28190794587135315,-0.030111631378531456,100,OK,MAP_UPDATE,OK,VISUAL_INERTIAL
1484,1761212603781,4.95874835178256,-2.2261948324739933,-52.1884448826313,-0.08344163745641708,0.28278639912605286,-0.031307365745306015,100,OK,MAP_UPDATE,OK,VISUAL_INERTIAL
1485,1761212603798,6.349621340632439,-2.039210870862007,-51.50063335895538,-0.08199996501207352,0.28283828496932983,-0.03259054571390152,100,OK,MAP_UPDATE,OK,VISUAL_INERTIAL
1486,1761212603815,7.495436817407608,-1.7811586149036884,-51.24639719724655,-0.08108005672693253,0.2830558121204376,-0.033970508724451065,100,OK,MAP_UPDATE,OK,VISUAL_INERTIAL
1487,1761212603831,8.348454721271992,-1.4144794549793005,-51.3615682721138,-0.08060486614704132,0.2838190495967865,-0.03537173941731453,100,OK,MAP_UPDATE,OK,VISUAL_INERTIAL
1488,1761212603848,9.247957728803158,-0.7940335781313479,-51.65869742631912,-0.08057768642902374,0.2839689552783966,-0.0365537665784359,100,OK,MAP_UPDATE,OK,VISUAL_INERTIAL
1489,1761212603865,10.41059847921133,0.3034291148651391,-51.94863677024841,-0.08086387813091278,0.283452570438385,-0.03763076663017273,100,OK,MAP_UPDATE,OK,VISUAL_INERTIAL
1490,1761212603881,11.594459414482117,1.796895987354219,-52.198827266693115,-0.08103511482477188,0.28256139159202576,-0.03865477070212364,100,OK,MAP_UPDATE,OK,VISUAL_INERTIAL
1491,1761212603898,12.602928094565868,3.7651669699698687,-52.236348390579224,-0.08087238669395447,0.28223565220832825,-0.03965914994478226,100,OK,MAP_UPDATE,OK,VISUAL_INERTIAL
1492,1761212603915,13.270803727209568,6.092749070376158,-51.91684141755104,-0.08011029660701752,0.28322556614875793,-0.04055255278944969,100,OK,MAP_UPDATE,OK,VISUAL_INERTIAL
1493,1761212603931,13.825032860040665,8.915018290281296,-51.028963178396225,-0.07875530421733856,0.28465181589126587,-0.04119102656841278,100,OK,MAP_UPDATE,OK,VISUAL_INERTIAL
1494,1761212603948,14.849133789539337,12.246744707226753,-49.595899879932404,-0.07685373723506927,0.28502166271209717,-0.04154472053050995,100,OK,MAP_UPDATE,OK,VISUAL_INERTIAL
1495,1761212603965,16.299622133374214,15.827875584363937,-47.67994582653046,-0.07452503591775894,0.28385719656944275,-0.04177234694361687,100,OK,MAP_UPDATE,OK,VISUAL_INERTIAL
1496,1761212603981,17.82134547829628,19.498029723763466,-45.37046700716019,-0.07184940576553345,0.2821534276008606,-0.04209333285689354,100,OK,MAP_UPDATE,OK,VISUAL_INERTIAL
1497,1761212603998,19.142059609293938,23.088207468390465,-42.82829910516739,-0.06884437054395676,0.28072306513786316,-0.042542021721601486,100,OK,MAP_UPDATE,OK,VISUAL_INERTIAL
1498,1761212604015,20.36060579121113,26.63099393248558,-40.10895639657974,-0.06574296206235886,0.27946925163269043,-0.042985256761312485,100,OK,MAP_UPDATE,OK,VISUAL_INERTIAL
1499,1761212604031,21.48505300283432,30.035868287086487,-37.354446947574615,-0.06249489262700081,0.27816125750541687,-0.043290913105010986,100,OK,MAP_UPDATE,OK,VISUAL_INERTIAL
1500,1761212604048,22.713705897331238,33.19375216960907,-34.45563092827797,-0.059079498052597046,0.27664855122566223,-0.04345257580280304,100,OK,MAP_UPDATE,OK,VISUAL_INERTIAL
1501,1761212604065,23.778317496180534,36.38165071606636,-31.683292239904404,-0.05565211549401283,0.27581462264060974,-0.043649572879076004,100,OK,MAP_UPDATE,OK,VISUAL_INERTIAL
1502,1761212604081,24.586597457528114,39.33656960725784,-29.015127569437027,-0.05213337764143944,0.27629363536834717,-0.04393673688173294,100,OK,MAP_UPDATE,OK,VISUAL_INERTIAL
1503,1761212604098,25.436388328671455,42.05595329403877,-26.438873261213303,-0.048703864216804504,0.277366578578949,-0.0442621149122715,100,OK,MAP_UPDATE,OK,VISUAL_INERTIAL
1504,1761212604115,26.600055396556854,44.625960290431976,-23.980893194675446,-0.04549944028258324,0.2781991958618164,-0.044542569667100906,100,OK,MAP_UPDATE,OK,VISUAL_INERTIAL
1505,1761212604131,28.20328250527382,46.979352831840515,-21.614249795675278,-0.042454466223716736,0.278692364692688,-0.04496026784181595,100,OK,MAP_UPDATE,OK,VISUAL_INERTIAL
1506,1761212604148,29.849901795387268,49.35082420706749,-19.7532307356596,-0.03982217237353325,0.27872586250305176,-0.04523641616106033,100,OK,MAP_UPDATE,OK,VISUAL_INERTIAL
1507,1761212604165,31.63236379623413,52.06779018044472,-18.375664949417114,-0.03785537928342819,0.2783542573451996,-0.045630570501089096,100,OK,MAP_UPDATE,OK,VISUAL_INERTIAL
1508,1761212604181,33.362530171871185,54.70552667975426,-17.319949343800545,-0.03601148724555969,0.27786028385162354,-0.046070635318756104,100,OK,MAP_UPDATE,OK,VISUAL_INERTIAL
1509,1761212604198,34.92775931954384,57.203974574804306,-16.568096354603767,-0.03430388495326042,0.2780022621154785,-0.04664675518870354,100,OK,MAP_UPDATE,OK,VISUAL_INERTIAL
1510,1761212604215,36.6535522043705,59.42689627408981,-15.706177800893784,-0.032448794692754745,0.27916285395622253,-0.04722508415579796,100,OK,MAP_UPDATE,OK,VISUAL_INERTIAL
1511,1761212604231,38.36346045136452,61.406876891851425,-15.053273178637028,-0.030589131638407707,0.2798738479614258,-0.04770790413022041,100,OK,MAP_UPDATE,OK,VISUAL_INERTIAL
1512,1761212604248,40.29608517885208,63.55980783700943,-14.712737873196602,-0.029144031926989555,0.27962183952331543,-0.04822681471705437,100,OK,MAP_UPDATE,OK,VISUAL_INERTIAL
1513,1761212604265,42.45325177907944,65.92012941837311,-14.669524505734444,-0.02811446599662304,0.27903681993484497,-0.049066025763750076,100,OK,MAP_UPDATE,OK,VISUAL_INERTIAL
1514,1761212604281,44.79992762207985,68.49458813667297,-14.954806305468082,-0.02731274627149105,0.27852505445480347,-0.05030721426010132,100,OK,MAP_UPDATE,OK,VISUAL_INERTIAL
1515,1761212604298,47.3492369055748,71.15229219198227,-15.411147847771645,-0.026589060202240944,0.2779536545276642,-0.05184945836663246,100,OK,MAP_UPDATE,OK,VISUAL_INERTIAL
1516,1761212604315,50.21761357784271,73.85317236185074,-16.09763503074646,-0.02608623169362545,0.27728787064552307,-0.05358567833900452,100,OK,MAP_UPDATE,OK,VISUAL_INERTIAL
1517,1761212604331,53.107794374227524,76.5044242143631,-16.939617693424225,-0.025718634948134422,0.27738144993782043,-0.055456921458244324,100,OK,MAP_UPDATE,OK,VISUAL_INERTIAL
1518,1761212604348,56.04918673634529,79.10536974668503,-17.84181036055088,-0.02542048692703247,0.27845555543899536,-0.057496532797813416,100,OK,MAP_UPDATE,OK,VISUAL_INERTIAL
1519,1761212604365,59.38515067100525,81.77617192268372,-18.8444871455431,-0.02525193803012371,0.27937784790992737,-0.05962485820055008,100,OK,MAP_UPDATE,OK,VISUAL_INERTIAL
1520,1761212604381,63.19624185562134,84.43774282932281,-19.962862133979797,-0.02504739910364151,0.2796909213066101,-0.061957839876413345,100,OK,MAP_UPDATE,OK,VISUAL_INERTIAL
1521,1761212604398,67.18602031469345,87.01950311660767,-21.153202280402184,-0.024705814197659492,0.280007928609848,-0.06455933302640915,100,OK,MAP_UPDATE,OK,VISUAL_INERTIAL
1522,1761212604415,71.2285190820694,89.44437652826309,-22.396475076675415,-0.024247847497463226,0.28103113174438477,-0.06738581508398056,100,OK,MAP_UPDATE,OK,VISUAL_INERTIAL
1523,1761212604432,75.53093135356903,91.71153604984283,-23.689931258559227,-0.02384258434176445,0.28188464045524597,-0.0702478364109993,100,OK,MAP_UPDATE,OK,VISUAL_INERTIAL
1524,1761212604448,79.88572865724564,93.89867633581161,-25.105372071266174,-0.02359326370060444,0.28248289227485657,-0.07307834923267365,100,OK,MAP_UPDATE,OK,VISUAL_INERTIAL
1525,1761212604465,84.32231098413467,96.0579589009285,-26.54917910695076,-0.023392733186483383,0.28345781564712524,-0.07599134743213654,100,OK,MAP_UPDATE,OK,VISUAL_INERTIAL
1526,1761212604481,88.74297142028809,98.11078011989594,-27.950230985879898,-0.02304939739406109,0.2852032482624054,-0.07898461073637009,100,OK,MAP_UPDATE,OK,VISUAL_INERTIAL
1527,1761212604498,93.32860261201859,99.9189242720604,-29.221951961517334,-0.022459618747234344,0.28805166482925415,-0.08171538263559341,100,OK,MAP_UPDATE,OK,VISUAL_INERTIAL
1528,1761212604515,97.63488918542862,101.49151086807251,-30.35111352801323,-0.021557176485657692,0.290681391954422,-0.08444427698850632,100,OK,MAP_UPDATE,OK,VISUAL_INERTIAL
1529,1761212604532,102.26771980524063,103.03860157728195,-31.358756124973297,-0.020449532195925713,0.2920311391353607,-0.08693236112594604,100,OK,MAP_UPDATE,OK,VISUAL_INERTIAL
1530,1761212604548,106.97981715202332,104.4248640537262,-32.238174229860306,-0.019180679693818092,0.29220137000083923,-0.08917004615068436,100,OK,MAP_UPDATE,OK,VISUAL_INERTIAL
1531,1761212604565,111.65590584278107,105.72486370801926,-32.95694664120674,-0.017833009362220764,0.2911026179790497,-0.09126110374927521,100,OK,MAP_UPDATE,OK,VISUAL_INERTIAL
1532,1761212604581,116.5231466293335,106.92258924245834,-33.7928906083107,-0.016624607145786285,0.28733885288238525,-0.09322626143693924,100,OK,MAP_UPDATE,OK,VISUAL_INERTIAL
1533,1761212604598,121.42807245254517,108.11691731214523,-34.56221520900726,-0.015568637289106846,0.2813781201839447,-0.09530337154865265,100,OK,MAP_UPDATE,OK,VISUAL_INERTIAL
1534,1761212604615,125.78527629375458,109.12039130926132,-35.166241228580475,-0.01434464380145073,0.275908887386322,-0.0974610224366188,100,OK,MAP_UPDATE,OK,VISUAL_INERTIAL
1535,1761212604631,129.4892579317093,109.98586565256119,-35.53357347846031,-0.012943409383296967,0.27212390303611755,-0.09959881007671356,100,OK,MAP_UPDATE,OK,VISUAL_INERTIAL
1536,1761212604648,132.8907459974289,110.85044592618942,-35.829346626996994,-0.011579833924770355,0.26950603723526,-0.10157258808612823,100,OK,MAP_UPDATE,OK,VISUAL_INERTIAL
1537,1761212604665,136.27614080905914,111.5000769495964,-36.05986759066582,-0.010158415883779526,0.267636775970459,-0.10345810651779175,100,OK,MAP_UPDATE,OK,VISUAL_INERTIAL
1538,1761212604681,139.78005945682526,111.9399219751358,-36.30611672997475,-0.008734581992030144,0.26585543155670166,-0.10512726753950119,100,OK,MAP_UPDATE,OK,VISUAL_INERTIAL
1539,1761212604698,143.50907504558563,112.30544745922089,-36.69191524386406,-0.007469088304787874,0.263858437538147,-0.10657510906457901,100,OK,MAP_UPDATE,OK,VISUAL_INERTIAL
1540,1761212604715,147.27404713630676,112.76885867118835,-37.317581474781036,-0.006473467219620943,0.26155510544776917,-0.10773172229528427,100,OK,MAP_UPDATE,OK,VISUAL_INERTIAL
1541,1761212604732,150.81779658794403,113.09533566236496,-38.041356950998306,-0.005672771483659744,0.25916579365730286,-0.10843160003423691,100,OK,MAP_UPDATE,OK,VISUAL_INERTIAL
1542,1761212604748,154.17584776878357,113.27989399433136,-39.02117162942886,-0.005206085275858641,0.25683924555778503,-0.10871612280607224,100,OK,MAP_UPDATE,OK,VISUAL_INERTIAL
1543,1761212604765,157.40138292312622,113.43517154455185,-40.31951725482941,-0.005201132968068123,0.2540684640407562,-0.10875201970338821,100,OK,MAP_UPDATE,OK,VISUAL_INERTIAL
1544,1761212604782,160.57483851909637,113.44142258167267,-41.94234684109688,-0.005489320959895849,0.25040626525878906,-0.10857813060283661,100,OK,MAP_UPDATE,OK,VISUAL_INERTIAL
1545,1761212604798,163.47303986549377,113.47916722297668,-43.75973716378212,-0.00616952171549201,0.2457267791032791,-0.1079988032579422,100,OK,MAP_UPDATE,OK,VISUAL_INERTIAL
1546,1761212604815,166.17146134376526,113.37031424045563,-45.9982305765152,-0.007190126925706863,0.24045224487781525,-0.10714073479175568,100,OK,MAP_UPDATE,OK,VISUAL_INERTIAL
1547,1761212604831,168.82410645484924,113.12966048717499,-48.359762877225876,-0.008449913002550602,0.23494534194469452,-0.10594838112592697,100,OK,MAP_UPDATE,OK,VISUAL_INERTIAL
1548,1761212604848,171.1275726556778,112.84460127353668,-50.91191828250885,-0.00967002660036087,0.2298876941204071,-0.10500741004943848,100,OK,MAP_UPDATE,OK,VISUAL_INERTIAL
1549,1761212604865,172.96481132507324,112.5420406460762,-53.31270769238472,-0.010834637098014355,0.22635653614997864,-0.10434931516647339,100,OK,MAP_UPDATE,OK,VISUAL_INERTIAL
1550,1761212604881,174.8477816581726,112.22667247056961,-55.84303289651871,-0.011919515207409859,0.2235035002231598,-0.10403503477573395,100,OK,MAP_UPDATE,OK,VISUAL_INERTIAL
1551,1761212604898,177.07949876785278,111.93550378084183,-58.51394310593605,-0.013230422511696815,0.2200494110584259,-0.10396267473697662,100,OK,MAP_UPDATE,OK,VISUAL_INERTIAL
1552,1761212604915,179.6286106109619,111.81729286909103,-61.30987033247948,-0.014731586910784245,0.21646635234355927,-0.1040688082575798,100,OK,MAP_UPDATE,OK,VISUAL_INERTIAL
1553,1761212604931,182.38292634487152,111.90509051084518,-64.17141854763031,-0.016353707760572433,0.21359582245349884,-0.10439549386501312,100,OK,MAP_UPDATE,OK,VISUAL_INERTIAL
1554,1761212604948,184.72102284431458,111.76253855228424,-66.86556339263916,-0.01767604984343052,0.21268205344676971,-0.10482470691204071,100,OK,MAP_UPDATE,OK,VISUAL_INERTIAL
1555,1761212604965,186.8831068277359,111.6635873913765,-69.45287436246872,-0.018774429336190224,0.21402443945407867,-0.10534244030714035,100,OK,MAP_UPDATE,OK,VISUAL_INERTIAL
1556,1761212604981,189.6289587020874,111.53250932693481,-72.03488796949387,-0.01972106099128723,0.21431049704551697,-0.1059182733297348,100,OK,MAP_UPDATE,OK,VISUAL_INERTIAL
1557,1761212604998,192.86757707595825,111.5754246711731,-74.59517568349838,-0.020548570901155472,0.21266189217567444,-0.10649387538433075,100,OK,MAP_UPDATE,OK,VISUAL_INERTIAL
1558,1761212605015,196.12698256969452,111.71714216470718,-77.06984132528305,-0.021058596670627594,0.21091391146183014,-0.1071997880935669,100,OK,MAP_UPDATE,OK,VISUAL_INERTIAL
1559,1761212605031,199.2541253566742,111.86932772397995,-79.45425808429718,-0.0213815588504076,0.20972584187984467,-0.10810781270265579,100,OK,MAP_UPDATE,OK,VISUAL_INERTIAL
1560,1761212605048,202.31644809246063,111.97733879089355,-81.80679380893707,-0.0215951818972826,0.20908141136169434,-0.10932424664497375,100,OK,MAP_UPDATE,OK,VISUAL_INERTIAL
1561,1761212605065,205.19445836544037,112.09482699632645,-84.17331427335739,-0.021661484614014626,0.20877690613269806,-0.11071173846721649,100,OK,MAP_UPDATE,OK,VISUAL_INERTIAL
1562,1761212605081,208.23773741722107,112.37216740846634,-86.46934479475021,-0.02157912403345108,0.2083403766155243,-0.11219704896211624,100,OK,MAP_UPDATE,OK,VISUAL_INERTIAL
1563,1761212605098,211.31034195423126,112.37505078315735,-88.80753815174103,-0.021340971812605858,0.20705172419548035,-0.113933265209198,100,OK,MAP_UPDATE,OK,VISUAL_INERTIAL
1564,1761212605115,214.4237905740738,112.45428770780563,-91.23655408620834,-0.021262401714920998,0.2052108496427536,-0.11569293588399887,100,OK,MAP_UPDATE,OK,VISUAL_INERTIAL
1565,1761212605132,217.73312985897064,112.63854056596756,-93.955859541893,-0.021494528278708458,0.20340915024280548,-0.1176372766494751,100,OK,MAP_UPDATE,OK,VISUAL_INERTIAL
1566,1761212605148,221.09803557395935,112.52333223819733,-96.72531485557556,-0.021763000637292862,0.20196862518787384,-0.11982161551713943,100,OK,MAP_UPDATE,OK,VISUAL_INERTIAL
1567,1761212605165,224.47408735752106,112.5948429107666,-99.54585880041122,-0.02219412662088871,0.20114873349666595,-0.12213736027479172,100,OK,MAP_UPDATE,OK,VISUAL_INERTIAL
1568,1761212605181,228.0186116695404,112.49563843011856,-102.61629521846771,-0.022567564621567726,0.1997654289007187,-0.12441802024841309,100,OK,MAP_UPDATE,OK,VISUAL_INERTIAL
1569,1761212605198,231.2483787536621,112.70233988761902,-105.72527348995209,-0.023079559206962585,0.19720439612865448,-0.12625126540660858,100,OK,MAP_UPDATE,OK,VISUAL_INERTIAL
1570,1761212605215,234.2335283756256,112.63180524110794,-108.98086428642273,-0.023639202117919922,0.19382987916469574,-0.12772434949874878,100,OK,MAP_UPDATE,OK,VISUAL_INERTIAL
1571,1761212605231,236.92479729652405,112.70063370466232,-112.35982924699783,-0.02458309754729271,0.1900826394557953,-0.12884320318698883,100,OK,MAP_UPDATE,OK,VISUAL_INERTIAL
1572,1761212605249,239.2646074295044,112.29398846626282,-116.17490649223328,-0.025668835267424583,0.18731960654258728,-0.12983711063861847,100,OK,MAP_UPDATE,OK,VISUAL_INERTIAL
1573,1761212605265,240.70170521736145,112.10239678621292,-119.6533590555191,-0.026870151981711388,0.18547609448432922,-0.13039907813072205,100,OK,MAP_UPDATE,OK,VISUAL_INERTIAL
1574,1761212605281,241.94058775901794,111.8239015340805,-123.31624329090118,-0.028257567435503006,0.18331365287303925,-0.13069291412830353,100,OK,MAP_UPDATE,OK,VISUAL_INERTIAL
1575,1761212605298,243.0625557899475,111.38191819190979,-126.91819667816162,-0.02978166565299034,0.18039676547050476,-0.13066837191581726,100,OK,MAP_UPDATE,OK,VISUAL_INERTIAL
1576,1761212605315,243.82667243480682,110.98866909742355,-130.65417110919952,-0.03145436570048332,0.17735572159290314,-0.13039731979370117,100,OK,MAP_UPDATE,OK,VISUAL_INERTIAL
1577,1761212605331,243.98945271968842,110.8986958861351,-134.37750935554504,-0.03330080211162567,0.17543774843215942,-0.13006851077079773,100,OK,MAP_UPDATE,OK,VISUAL_INERTIAL
1578,1761212605348,243.9059615135193,110.65994203090668,-138.24008405208588,-0.03523373603820801,0.17518125474452972,-0.12958118319511414,100,OK,MAP_UPDATE,OK,VISUAL_INERTIAL
1579,1761212605365,243.56026947498322,110.65571755170822,-142.09340512752533,-0.03742891922593117,0.17516908049583435,-0.12887811660766602,100,OK,MAP_UPDATE,OK,VISUAL_INERTIAL
1580,1761212605381,243.6087131500244,110.56620627641678,-146.14909887313843,-0.0396956168115139,0.17434106767177582,-0.12814821302890778,100,OK,MAP_UPDATE,OK,VISUAL_INERTIAL
1581,1761212605398,243.84064972400665,110.4479655623436,-150.28786659240723,-0.04191380366683006,0.1726924031972885,-0.1275414377450943,100,OK,MAP_UPDATE,OK,VISUAL_INERTIAL
1582,1761212605415,243.93898248672485,110.35367101430893,-154.18361127376556,-0.04387626051902771,0.17144641280174255,-0.1270121932029724,100,OK,MAP_UPDATE,OK,VISUAL_INERTIAL
1583,1761212605431,244.20559406280518,110.0710779428482,-157.8584611415863,-0.04555387422442436,0.1709676831960678,-0.12682746350765228,100,OK,MAP_UPDATE,OK,VISUAL_INERTIAL
1584,1761212605448,244.82935667037964,109.70064252614975,-161.52147948741913,-0.04720378667116165,0.17003794014453888,-0.12671934068202972,100,OK,MAP_UPDATE,OK,VISUAL_INERTIAL
1585,1761212605465,245.6754446029663,109.35839265584946,-165.3505563735962,-0.04901351034641266,0.1675603985786438,-0.12660247087478638,100,OK,MAP_UPDATE,OK,VISUAL_INERTIAL
1586,1761212605481,246.70979380607605,108.76479744911194,-169.1267490386963,-0.050608646124601364,0.1641971617937088,-0.12663017213344574,100,OK,MAP_UPDATE,OK,VISUAL_INERTIAL
1587,1761212605498,247.3769634962082,108.07584226131439,-172.94833064079285,-0.052050985395908356,0.16159112751483917,-0.12696850299835205,100,OK,MAP_UPDATE,OK,VISUAL_INERTIAL
1588,1761212605515,247.3611980676651,107.11285471916199,-176.61187052726746,-0.05321945995092392,0.16044212877750397,-0.12768423557281494,100,OK,MAP_UPDATE,OK,VISUAL_INERTIAL
1589,1761212605531,247.23760783672333,106.03120177984238,-180.2905648946762,-0.054367274045944214,0.1605735570192337,-0.1288556456565857,100,OK,MAP_UPDATE,OK,VISUAL_INERTIAL
1590,1761212605548,247.09178507328033,104.76110875606537,-183.7853044271469,-0.05547662079334259,0.16101829707622528,-0.13023905456066132,100,OK,MAP_UPDATE,OK,VISUAL_INERTIAL
1591,1761212605565,247.3241686820984,103.59927266836166,-187.36660480499268,-0.05691564828157425,0.1609097123146057,-0.1318543255329132,100,OK,MAP_UPDATE,OK,VISUAL_INERTIAL
1592,1761212605581,247.81447649002075,101.91013664007187,-191.00680947303772,-0.058371830731630325,0.1604054570198059,-0.13379304111003876,100,OK,MAP_UPDATE,OK,VISUAL_INERTIAL
1593,1761212605598,248.10007214546204,100.5111113190651,-194.77753341197968,-0.06001393496990204,0.1595584750175476,-0.13589128851890564,100,OK,MAP_UPDATE,OK,VISUAL_INERTIAL
1594,1761212605615,248.28274548053741,99.38915073871613,-198.76518845558167,-0.062040284276008606,0.15873514115810394,-0.13824179768562317,100,OK,MAP_UPDATE,OK,VISUAL_INERTIAL
1595,1761212605631,248.01236391067505,98.37646037340164,-202.75238156318665,-0.06416210532188416,0.15855266153812408,-0.14081574976444244,100,OK,MAP_UPDATE,OK,VISUAL_INERTIAL
1596,1761212605648,247.06405401229858,97.26236760616302,-206.72601461410522,-0.06639651209115982,0.15998871624469757,-0.14369316399097443,100,OK,MAP_UPDATE,OK,VISUAL_INERTIAL
1597,1761212605665,245.94397842884064,96.54083102941513,-211.07496321201324,-0.06931019574403763,0.16282574832439423,-0.14697018265724182,100,OK,MAP_UPDATE,OK,VISUAL_INERTIAL
1598,1761212605681,244.559183716774,95.5878272652626,-215.15630185604095,-0.07203418016433716,0.1661427617073059,-0.1502588987350464,100,OK,MAP_UPDATE,OK,VISUAL_INERTIAL
1599,1761212605698,243.1778907775879,94.70813721418381,-219.26547586917877,-0.07482276856899261,0.16917924582958221,-0.15331996977329254,100,OK,MAP_UPDATE,OK,VISUAL_INERTIAL
1600,1761212605715,242.40510165691376,94.12922710180283,-223.7517386674881,-0.07807498425245285,0.171895831823349,-0.15619005262851715,100,OK,MAP_UPDATE,OK,VISUAL_INERTIAL
1601,1761212605731,241.06179177761078,93.6044305562973,-228.20939123630524,-0.08123680204153061,0.17522203922271729,-0.1587042212486267,100,OK,MAP_UPDATE,OK,VISUAL_INERTIAL
1602,1761212605748,238.42449486255646,93.00586581230164,-232.6706200838089,-0.08406803756952286,0.18023909628391266,-0.16077116131782532,100,OK,MAP_UPDATE,OK,VISUAL_INERTIAL
1603,1761212605765,235.1611852645874,92.45755523443222,-237.02844977378845,-0.08686768263578415,0.1861967295408249,-0.16227656602859497,100,OK,MAP_UPDATE,OK,VISUAL_INERTIAL
1604,1761212605781,231.65985941886902,91.65727347135544,-241.23571813106537,-0.08956262469291687,0.19298796355724335,-0.16334843635559082,100,OK,MAP_UPDATE,OK,VISUAL_INERTIAL
1605,1761212605798,227.6325821876526,90.83804488182068,-245.42959034442902,-0.09228771924972534,0.1998685747385025,-0.16396445035934448,100,OK,MAP_UPDATE,OK,VISUAL_INERTIAL
1606,1761212605815,223.70925545692444,90.0149792432785,-249.48224425315857,-0.09529122710227966,0.20619957149028778,-0.16420353949069977,100,OK,MAP_UPDATE,OK,VISUAL_INERTIAL
1607,1761212605832,219.7580188512802,88.94186466932297,-253.4852921962738,-0.09823101758956909,0.21219785511493683,-0.16385787725448608,100,OK,MAP_UPDATE,OK,VISUAL_INERTIAL
1608,1761212605848,215.47028422355652,88.04040402173996,-257.2104334831238,-0.10113153606653214,0.2174193561077118,-0.16281810402870178,100,OK,MAP_UPDATE,OK,VISUAL_INERTIAL
1609,1761212605865,210.85309982299805,87.15040981769562,-260.85907220840454,-0.10401076823472977,0.22293469309806824,-0.16132546961307526,100,OK,MAP_UPDATE,OK,VISUAL_INERTIAL
1610,1761212605881,205.17988502979279,86.69046312570572,-264.43547010421753,-0.10683295130729675,0.2298436462879181,-0.15950104594230652,100,OK,MAP_UPDATE,OK,VISUAL_INERTIAL
1611,1761212605898,199.05270636081696,86.2613394856453,-267.72189140319824,-0.1093369573354721,0.23763369023799896,-0.15735462307929993,100,OK,MAP_UPDATE,OK,VISUAL_INERTIAL
1612,1761212605915,192.87294149398804,85.93637496232986,-270.7531154155731,-0.11171689629554749,0.2452436089515686,-0.15472835302352905,100,OK,MAP_UPDATE,OK,VISUAL_INERTIAL
1613,1761212605931,186.56042218208313,85.64590662717819,-273.4823226928711,-0.11388029158115387,0.25251030921936035,-0.1517249345779419,100,OK,MAP_UPDATE,OK,VISUAL_INERTIAL
1614,1761212605948,180.28956651687622,85.54495126008987,-276.00908279418945,-0.11591360718011856,0.2595025599002838,-0.14858312904834747,100,OK,MAP_UPDATE,OK,VISUAL_INERTIAL
1615,1761212605965,174.0540713071823,85.39458364248276,-278.2762348651886,-0.1176123172044754,0.2661890387535095,-0.14542126655578613,100,OK,MAP_UPDATE,OK,VISUAL_INERTIAL
1616,1761212605981,167.81017184257507,85.45507490634918,-280.3035080432892,-0.119146928191185,0.27313899993896484,-0.14242298901081085,100,OK,MAP_UPDATE,OK,VISUAL_INERTIAL
1617,1761212605998,161.68619692325592,85.3855162858963,-282.06560015678406,-0.12032582610845566,0.2802005708217621,-0.13956283032894135,100,OK,MAP_UPDATE,OK,VISUAL_INERTIAL
1618,1761212606015,156.04838728904724,84.89643782377243,-283.4104299545288,-0.12102638930082321,0.2868325412273407,-0.13703271746635437,100,OK,MAP_UPDATE,OK,VISUAL_INERTIAL
1619,1761212606031,150.61381459236145,84.68059450387955,-284.79987382888794,-0.12187749147415161,0.29282084107398987,-0.1345769464969635,100,OK,MAP_UPDATE,OK,VISUAL_INERTIAL
1620,1761212606048,145.32706141471863,84.6436470746994,-286.05103492736816,-0.12282359600067139,0.29828569293022156,-0.1323428601026535,100,OK,MAP_UPDATE,OK,VISUAL_INERTIAL
1621,1761212606065,140.08522033691406,84.51598137617111,-287.0357036590576,-0.12363075464963913,0.3041907548904419,-0.13044224679470062,100,OK,MAP_UPDATE,OK,VISUAL_INERTIAL
1622,1761212606081,134.43326950073242,84.48223769664764,-288.0679666996002,-0.12444712221622467,0.31150034070014954,-0.12901516258716583,100,OK,MAP_UPDATE,OK,VISUAL_INERTIAL
1623,1761212606098,128.86908650398254,84.36071127653122,-288.8336181640625,-0.12518179416656494,0.3192756175994873,-0.12768225371837616,100,OK,MAP_UPDATE,OK,VISUAL_INERTIAL
1624,1761212606115,123.82315844297409,84.24871414899826,-289.43097591400146,-0.125982865691185,0.32668039202690125,-0.1264638900756836,100,OK,MAP_UPDATE,OK,VISUAL_INERTIAL
1625,1761212606131,119.37637627124786,84.07828956842422,-289.90089893341064,-0.12685526907444,0.33307337760925293,-0.1252409666776657,100,OK,MAP_UPDATE,OK,VISUAL_INERTIAL
1626,1761212606148,115.23738503456116,83.78586173057556,-290.21796584129333,-0.12772510945796967,0.33875399827957153,-0.1240948885679245,100,OK,MAP_UPDATE,OK,VISUAL_INERTIAL
1627,1761212606165,110.92021316289902,83.82437378168106,-290.62774777412415,-0.12900377810001373,0.3444012701511383,-0.12314089387655258,100,OK,MAP_UPDATE,OK,VISUAL_INERTIAL
1628,1761212606181,106.50202631950378,83.82578194141388,-290.98737239837646,-0.13032710552215576,0.3504839837551117,-0.12239763140678406,100,OK,MAP_UPDATE,OK,VISUAL_INERTIAL
1629,1761212606198,101.91410034894943,83.13620090484619,-290.88637232780457,-0.13100968301296234,0.35660216212272644,-0.1218218132853508,100,OK,MAP_UPDATE,OK,VISUAL_INERTIAL
1630,1761212606215,97.03176468610764,82.99364149570465,-290.97065329551697,-0.1320544332265854,0.36264508962631226,-0.12120337784290314,100,OK,MAP_UPDATE,OK,VISUAL_INERTIAL
1631,1761212606231,92.73583441972733,82.80950039625168,-290.7717823982239,-0.1330275684595108,0.3684118688106537,-0.1205802708864212,100,OK,MAP_UPDATE,OK,VISUAL_INERTIAL
1632,1761212606248,88.45198154449463,82.33384788036346,-290.20997881889343,-0.13370004296302795,0.37434959411621094,-0.11994213610887527,100,OK,MAP_UPDATE,OK,VISUAL_INERTIAL
1633,1761212606265,84.1887965798378,81.83269202709198,-289.7358536720276,-0.1345670372247696,0.38076484203338623,-0.11954516917467117,100,OK,MAP_UPDATE,OK,VISUAL_INERTIAL
1634,1761212606281,80.03946393728256,81.38158917427063,-289.1954779624939,-0.13563917577266693,0.38624706864356995,-0.11911099404096603,100,OK,MAP_UPDATE,OK,VISUAL_INERTIAL
1635,1761212606298,75.95162093639374,81.06344938278198,-288.73395919799805,-0.13697701692581177,0.3915550410747528,-0.11878477036952972,100,OK,MAP_UPDATE,OK,VISUAL_INERTIAL
1636,1761212606315,71.41835987567902,80.69470524787903,-288.1782054901123,-0.13825196027755737,0.39827826619148254,-0.11868282407522202,100,OK,MAP_UPDATE,OK,VISUAL_INERTIAL
1637,1761212606331,66.70817732810974,80.30617237091064,-287.53402829170227,-0.13952872157096863,0.405967116355896,-0.1186477541923523,100,OK,MAP_UPDATE,OK,VISUAL_INERTIAL
1638,1761212606348,62.06760182976723,79.83163744211197,-286.6925001144409,-0.14089439809322357,0.41395819187164307,-0.11845161765813828,100,OK,MAP_UPDATE,OK,VISUAL_INERTIAL
1639,1761212606365,57.56004899740219,79.37904447317123,-285.7425808906555,-0.1425681859254837,0.4217683970928192,-0.11796055734157562,100,OK,MAP_UPDATE,OK,VISUAL_INERTIAL
1640,1761212606381,52.92414128780365,78.65654677152634,-284.6922278404236,-0.1443086862564087,0.42914003133773804,-0.11730212718248367,100,OK,MAP_UPDATE,OK,VISUAL_INERTIAL
1641,1761212606398,48.215124756097794,77.9346376657486,-283.4339737892151,-0.14617134630680084,0.436129093170166,-0.11662519723176956,100,OK,MAP_UPDATE,OK,VISUAL_INERTIAL
1642,1761212606415,43.60472038388252,77.4444118142128,-282.1745574474335,-0.14842671155929565,0.44351083040237427,-0.11588484793901443,100,OK,MAP_UPDATE,OK,VISUAL_INERTIAL
1643,1761212606431,38.778483867645264,76.92872732877731,-280.6437611579895,-0.15079745650291443,0.45087695121765137,-0.1147938147187233,100,OK,MAP_UPDATE,OK,VISUAL_INERTIAL
1644,1761212606448,33.72780978679657,76.67280733585358,-279.2254090309143,-0.1534806340932846,0.45729202032089233,-0.11345682293176651,100,OK,MAP_UPDATE,OK,VISUAL_INERTIAL
1645,1761212606465,28.759492561221123,76.28864794969559,-277.6445746421814,-0.15618190169334412,0.46289560198783875,-0.11176755279302597,100,OK,MAP_UPDATE,OK,VISUAL_INERTIAL
1646,1761212606481,23.808635771274567,75.76476037502289,-275.9667634963989,-0.15885894000530243,0.4675768315792084,-0.10978391766548157,100,OK,MAP_UPDATE,OK,VISUAL_INERTIAL
1647,1761212606498,18.817346543073654,75.1560926437378,-274.20178055763245,-0.1614549458026886,0.4717046320438385,-0.10760094225406647,100,OK,MAP_UPDATE,OK,VISUAL_INERTIAL
1648,1761212606515,13.453155755996704,74.40294325351715,-272.20144867897034,-0.163886159658432,0.4758777618408203,-0.10527848452329636,100,OK,MAP_UPDATE,OK,VISUAL_INERTIAL
1649,1761212606531,7.621024269610643,73.51962476968765,-269.92541551589966,-0.1661672592163086,0.4805516302585602,-0.10286708921194077,100,OK,MAP_UPDATE,OK,VISUAL_INERTIAL
1650,1761212606548,1.686443341895938,72.67703860998154,-267.34015345573425,-0.16838930547237396,0.485258013010025,-0.10029452294111252,100,OK,MAP_UPDATE,OK,VISUAL_INERTIAL
1651,1761212606565,-4.430289380252361,71.5944692492485,-264.60975408554077,-0.17026445269584656,0.4893522262573242,-0.09775201231241226,100,OK,MAP_UPDATE,OK,VISUAL_INERTIAL
1652,1761212606581,-10.14867052435875,70.74317336082458,-261.7850601673126,-0.17214572429656982,0.4924849271774292,-0.09484615176916122,100,OK,MAP_UPDATE,OK,VISUAL_INERTIAL
1653,1761212606598,-15.730613842606544,70.0106993317604,-258.84687900543213,-0.17397429049015045,0.4941452741622925,-0.09177558869123459,100,OK,MAP_UPDATE,OK,VISUAL_INERTIAL
1654,1761212606615,-21.467601880431175,69.32852417230606,-255.72556257247925,-0.17559745907783508,0.49539345502853394,-0.08877569437026978,100,OK,MAP_UPDATE,OK,VISUAL_INERTIAL
1655,1761212606631,-27.493087574839592,69.26494091749191,-252.52556800842285,-0.17738953232765198,0.49760377407073975,-0.08625569939613342,100,OK,MAP_UPDATE,OK,VISUAL_INERTIAL
1656,1761212606648,-33.83317589759827,69.07381862401962,-248.93544614315033,-0.17873747646808624,0.5016990303993225,-0.08373536914587021,100,OK,MAP_UPDATE,OK,VISUAL_INERTIAL
1657,1761212606665,-39.975252002477646,68.832166492939,-244.99984085559845,-0.1797105073928833,0.506111741065979,-0.08100510388612747,100,OK,MAP_UPDATE,OK,VISUAL_INERTIAL
1658,1761212606681,-45.794371515512466,68.44406574964523,-240.98917841911316,-0.18028993904590607,0.5092655420303345,-0.07787062227725983,100,OK,MAP_UPDATE,OK,VISUAL_INERTIAL
1659,1761212606698,-51.494479179382324,68.0188313126564,-236.9055151939392,-0.18049940466880798,0.5112894177436829,-0.07452336698770523,100,OK,MAP_UPDATE,OK,VISUAL_INERTIAL
1660,1761212606715,-57.55935236811638,67.67884641885757,-232.59775340557098,-0.1804768443107605,0.5137125849723816,-0.0710049420595169,100,OK,MAP_UPDATE,OK,VISUAL_INERTIAL
1661,1761212606731,-63.94641101360321,67.44073331356049,-228.00377011299133,-0.18017680943012238,0.5171329379081726,-0.06738182157278061,100,OK,MAP_UPDATE,OK,VISUAL_INERTIAL
1662,1761212606748,-70.66768407821655,67.17361509799957,-223.21109473705292,-0.17964060604572296,0.5212231278419495,-0.06341240555047989,100,OK,MAP_UPDATE,OK,VISUAL_INERTIAL
1663,1761212606765,-77.1777331829071,66.89361482858658,-218.45078468322754,-0.17892390489578247,0.5253392457962036,-0.05905148759484291,100,OK,MAP_UPDATE,OK,VISUAL_INERTIAL
1664,1761212606781,-83.61850678920746,66.49759411811829,-213.6436253786087,-0.1779312640428543,0.5287071466445923,-0.05416850000619888,100,OK,MAP_UPDATE,OK,VISUAL_INERTIAL
1665,1761212606798,-90.42202681303024,66.6128471493721,-208.8809609413147,-0.17700712382793427,0.5314464569091797,-0.04908361658453941,100,OK,MAP_UPDATE,OK,VISUAL_INERTIAL
1666,1761212606815,-97.11550921201706,66.86911731958389,-203.95803451538086,-0.17595571279525757,0.5340637564659119,-0.04353928565979004,100,OK,MAP_UPDATE,OK,VISUAL_INERTIAL
1667,1761212606831,-103.63328456878662,67.15352833271027,-198.94209504127502,-0.1747148185968399,0.5356689095497131,-0.03737363591790199,100,OK,MAP_UPDATE,OK,VISUAL_INERTIAL
1668,1761212606848,-110.05188524723053,67.49476492404938,-193.83013248443604,-0.17337360978126526,0.5364230275154114,-0.030836932361125946,100,OK,MAP_UPDATE,OK,VISUAL_INERTIAL
1669,1761212606865,-116.71064049005508,67.88738816976547,-188.6596828699112,-0.17188970744609833,0.5373724102973938,-0.024161651730537415,100,OK,MAP_UPDATE,OK,VISUAL_INERTIAL
1670,1761212606881,-123.46388399600983,68.30098479986191,-183.35354328155518,-0.17020654678344727,0.5395689606666565,-0.01752360537648201,100,OK,MAP_UPDATE,OK,VISUAL_INERTIAL
1671,1761212606898,-130.26337325572968,68.56725364923477,-177.92701721191406,-0.16827721893787384,0.5419402122497559,-0.010718677192926407,100,OK,MAP_UPDATE,OK,VISUAL_INERTIAL
1672,1761212606915,-136.83532178401947,68.97622346878052,-172.47918248176575,-0.1662261039018631,0.5432888865470886,-0.003619750728830695,100,OK,MAP_UPDATE,OK,VISUAL_INERTIAL
1673,1761212606931,-143.29037070274353,69.42738592624664,-167.07192361354828,-0.16399189829826355,0.5432894229888916,0.0038526812568306923,100,OK,MAP_UPDATE,OK,VISUAL_INERTIAL
1674,1761212606948,-149.57958459854126,69.95435804128647,-161.63688898086548,-0.16159126162528992,0.5423368215560913,0.011769541539251804,100,OK,MAP_UPDATE,OK,VISUAL_INERTIAL
1675,1761212606965,-156.3693881034851,71.02624326944351,-156.14180266857147,-0.15938277542591095,0.5418787002563477,0.0195429977029562,100,OK,MAP_UPDATE,OK,VISUAL_INERTIAL
1676,1761212606981,-163.32492232322693,72.11943715810776,-150.41324496269226,-0.15698406100273132,0.542867124080658,0.027446061372756958,100,OK,MAP_UPDATE,OK,VISUAL_INERTIAL
1677,1761212606998,-170.25598883628845,72.95937091112137,-144.4944143295288,-0.15429353713989258,0.5444641709327698,0.035662442445755005,100,OK,MAP_UPDATE,OK,VISUAL_INERTIAL
1678,1761212607015,-177.02443897724152,73.49539548158646,-138.5759562253952,-0.15134863555431366,0.5465244650840759,0.04417078197002411,100,OK,MAP_UPDATE,OK,VISUAL_INERTIAL
1679,1761212607031,-183.58393013477325,73.93240928649902,-132.73710012435913,-0.1482771635055542,0.5486418008804321,0.05278565362095833,100,OK,MAP_UPDATE,OK,VISUAL_INERTIAL
1680,1761212607048,-190.1434361934662,74.19391721487045,-127.01506912708282,-0.14504985511302948,0.5499441027641296,0.06154441833496094,100,OK,MAP_UPDATE,OK,VISUAL_INERTIAL
1681,1761212607065,-196.67625427246094,74.38217848539352,-121.27777934074402,-0.14189909398555756,0.5505518317222595,0.07069582492113113,100,OK,MAP_UPDATE,OK,VISUAL_INERTIAL
1682,1761212607081,-203.36268842220306,74.56112653017044,-115.5933365225792,-0.1388666331768036,0.5516617298126221,0.07980222254991531,100,OK,MAP_UPDATE,OK,VISUAL_INERTIAL
1683,1761212607098,-210.2644443511963,74.62620735168457,-109.66876894235611,-0.13577860593795776,0.5527877807617188,0.0893554612994194,100,OK,MAP_UPDATE,OK,VISUAL_INERTIAL
1684,1761212607115,-217.58981049060822,74.5941773056984,-103.9062812924385,-0.13259635865688324,0.5533087253570557,0.09892968833446503,100,OK,MAP_UPDATE,OK,VISUAL_INERTIAL
1685,1761212607131,-224.79082643985748,74.49957728385925,-97.98835217952728,-0.12940983474254608,0.5541268587112427,0.10891474038362503,100,OK,MAP_UPDATE,OK,VISUAL_INERTIAL
1686,1761212607148,-231.79501295089722,74.12124425172806,-91.97057038545609,-0.12600135803222656,0.5548544526100159,0.11927487701177597,100,OK,MAP_UPDATE,OK,VISUAL_INERTIAL
1687,1761212607165,-238.34200203418732,73.6350566148758,-86.16377413272858,-0.12264182418584824,0.5546227097511292,0.12982764840126038,100,OK,MAP_UPDATE,OK,VISUAL_INERTIAL
1688,1761212607181,-244.99768018722534,72.83459603786469,-80.41992038488388,-0.11909538507461548,0.5536219477653503,0.1406088024377823,100,OK,MAP_UPDATE,OK,VISUAL_INERTIAL
1689,1761212607198,-251.7068386077881,71.8906819820404,-74.62625205516815,-0.11560357362031937,0.5522657632827759,0.15153665840625763,100,OK,MAP_UPDATE,OK,VISUAL_INERTIAL
1690,1761212607215,-258.28999280929565,70.61482220888138,-68.89645755290985,-0.11198972165584564,0.5507303476333618,0.16255991160869598,100,OK,MAP_UPDATE,OK,VISUAL_INERTIAL
1691,1761212607232,-265.2886211872101,69.42550092935562,-63.07798624038696,-0.1086474284529686,0.5494392514228821,0.17374996840953827,100,OK,MAP_UPDATE,OK,VISUAL_INERTIAL
1692,1761212607248,-272.3725140094757,67.58321076631546,-57.48036876320839,-0.10513310134410858,0.547847330570221,0.1849183589220047,100,OK,MAP_UPDATE,OK,VISUAL_INERTIAL
1693,1761212607265,-279.48325872421265,65.68118929862976,-51.90400779247284,-0.10163488239049911,0.5459061861038208,0.19648180902004242,100,OK,MAP_UPDATE,OK,VISUAL_INERTIAL
1694,1761212607281,-286.2849533557892,63.86485695838928,-46.5080700814724,-0.09830702841281891,0.5433986186981201,0.20808017253875732,100,OK,MAP_UPDATE,OK,VISUAL_INERTIAL
1695,1761212607298,-292.8387224674225,61.90020218491554,-41.37977212667465,-0.09489064663648605,0.5405110120773315,0.21979649364948273,100,OK,MAP_UPDATE,OK,VISUAL_INERTIAL
1696,1761212607315,-299.3103563785553,59.813566505908966,-36.33313253521919,-0.09157004952430725,0.5381419062614441,0.23155927658081055,100,OK,MAP_UPDATE,OK,VISUAL_INERTIAL
1697,1761212607331,-305.68450689315796,57.78087675571442,-31.527724117040634,-0.08848490566015244,0.5365571975708008,0.24327106773853302,100,OK,MAP_UPDATE,OK,VISUAL_INERTIAL
1698,1761212607348,-311.6600513458252,55.799420922994614,-26.98625810444355,-0.08547500520944595,0.5348035097122192,0.2549421191215515,100,OK,MAP_UPDATE,OK,VISUAL_INERTIAL
1699,1761212607365,-317.3135817050934,53.73988673090935,-22.828582674264908,-0.08245561271905899,0.5322485566139221,0.266581267118454,100,OK,MAP_UPDATE,OK,VISUAL_INERTIAL
1700,1761212607381,-322.8569030761719,51.56746134161949,-18.80577579140663,-0.0795174166560173,0.5292490720748901,0.27836424112319946,100,OK,MAP_UPDATE,OK,VISUAL_INERTIAL
1701,1761212607398,-328.1591236591339,49.039725214242935,-14.881477691233158,-0.07641366124153137,0.5257145762443542,0.2903212010860443,100,OK,MAP_UPDATE,OK,VISUAL_INERTIAL
1702,1761212607415,-333.8738679885864,46.00587114691734,-11.028261855244637,-0.07306785881519318,0.5209230184555054,0.30228859186172485,100,OK,MAP_UPDATE,OK,VISUAL_INERTIAL
1703,1761212607431,-339.50671553611755,42.81577095389366,-7.177484221756458,-0.06979719549417496,0.5162876844406128,0.31427931785583496,100,OK,MAP_UPDATE,OK,VISUAL_INERTIAL
1704,1761212607448,-344.92820501327515,39.51532766222954,-3.5676301922649145,-0.0665464922785759,0.51182621717453,0.3259711265563965,100,OK,MAP_UPDATE,OK,VISUAL_INERTIAL
1705,1761212607465,-349.89041090011597,36.19719669222832,-0.054869771702215075,-0.06320600211620331,0.5075716376304626,0.337213933467865,100,OK,MAP_UPDATE,OK,VISUAL_INERTIAL
1706,1761212607481,-354.40951585769653,33.16134959459305,3.1297486275434494,-0.06017109379172325,0.5031664967536926,0.3476153612136841,100,OK,MAP_UPDATE,OK,VISUAL_INERTIAL
1707,1761212607498,-358.53907465934753,30.22286482155323,6.020767148584127,-0.05728090927004814,0.4978938698768616,0.3578778803348541,100,OK,MAP_UPDATE,OK,VISUAL_INERTIAL
1708,1761212607515,-362.446129322052,27.13603340089321,8.642361499369144,-0.05430008843541145,0.49080944061279297,0.36799317598342896,100,OK,MAP_UPDATE,OK,VISUAL_INERTIAL
1709,1761212607531,-365.96521735191345,24.295590817928314,10.87729912251234,-0.05131983011960983,0.4824610948562622,0.37770286202430725,100,OK,MAP_UPDATE,OK,VISUAL_INERTIAL
1710,1761212607548,-369.5058226585388,21.460313349962234,13.124382123351097,-0.04854041710495949,0.47494661808013916,0.3868004381656647,100,OK,MAP_UPDATE,OK,VISUAL_INERTIAL
1711,1761212607565,-373.12638759613037,18.282335251569748,15.618289820849895,-0.04575662687420845,0.46802401542663574,0.3952314555644989,100,OK,MAP_UPDATE,OK,VISUAL_INERTIAL
1712,1761212607581,-376.42496824264526,15.298307873308659,17.899224534630775,-0.043354425579309464,0.46196430921554565,0.40291324257850647,100,OK,MAP_UPDATE,OK,VISUAL_INERTIAL
1713,1761212607598,-379.2514503002167,12.512857094407082,20.030714571475983,-0.041100114583969116,0.4554227888584137,0.4100134074687958,100,OK,MAP_UPDATE,OK,VISUAL_INERTIAL
1714,1761212607615,-381.293922662735,10.079038329422474,21.662110462784767,-0.03870628401637077,0.4471604526042938,0.4164632558822632,100,OK,MAP_UPDATE,OK,VISUAL_INERTIAL
1715,1761212607631,-382.9875588417053,7.729195058345795,22.99523539841175,-0.03613286092877388,0.4374812841415405,0.4219127893447876,100,OK,MAP_UPDATE,OK,VISUAL_INERTIAL
1716,1761212607648,-384.1855525970459,5.841533653438091,24.20695871114731,-0.03354864940047264,0.4280613362789154,0.42703330516815186,100,OK,MAP_UPDATE,OK,VISUAL_INERTIAL
1717,1761212607665,-385.34092903137207,4.0312642231583595,25.32777562737465,-0.031206639483571053,0.42012664675712585,0.43184494972229004,100,OK,MAP_UPDATE,OK,VISUAL_INERTIAL
1718,1761212607681,-386.3210380077362,2.03364877961576,26.365099474787712,-0.02895251289010048,0.41295358538627625,0.436523973941803,100,OK,MAP_UPDATE,OK,VISUAL_INERTIAL
1719,1761212607698,-387.0638310909271,-0.05878120646229945,27.36075408756733,-0.02649850770831108,0.40468326210975647,0.4410710334777832,100,OK,MAP_UPDATE,OK,VISUAL_INERTIAL
1720,1761212607715,-387.7624273300171,-2.422451740130782,28.08619849383831,-0.023772262036800385,0.3945544958114624,0.44546395540237427,100,OK,MAP_UPDATE,OK,VISUAL_INERTIAL
1721,1761212607731,-388.52089643478394,-4.568277392536402,28.76260317862034,-0.021380936726927757,0.3847339451313019,0.4494982361793518,100,OK,MAP_UPDATE,OK,VISUAL_INERTIAL
1722,1761212607748,-389.3168568611145,-6.52447622269392,29.41317856311798,-0.01947159133851528,0.37668612599372864,0.453220009803772,100,OK,MAP_UPDATE,OK,VISUAL_INERTIAL
1723,1761212607765,-390.0069296360016,-8.409098722040653,30.038539320230484,-0.017929479479789734,0.3694060146808624,0.45691344141960144,100,OK,MAP_UPDATE,OK,VISUAL_INERTIAL
1724,1761212607781,-390.6119465827942,-10.333523154258728,30.567077919840813,-0.016556423157453537,0.3622400164604187,0.46054866909980774,100,OK,MAP_UPDATE,OK,VISUAL_INERTIAL
1725,1761212607798,-390.5932307243347,-12.153412215411663,30.799953266978264,-0.014894627034664154,0.35348057746887207,0.4639666974544525,100,OK,MAP_UPDATE,OK,VISUAL_INERTIAL
1726,1761212607815,-390.3859555721283,-13.955927453935146,30.690405517816544,-0.013108745217323303,0.3429921567440033,0.4672228693962097,100,OK,MAP_UPDATE,OK,VISUAL_INERTIAL
1727,1761212607831,-390.26135206222534,-15.85734449326992,30.44702485203743,-0.011703245341777802,0.3336641192436218,0.47021472454071045,100,OK,MAP_UPDATE,OK,VISUAL_INERTIAL
1728,1761212607848,-390.1243507862091,-17.15395599603653,29.860610142350197,-0.011425166390836239,0.32654640078544617,0.47279664874076843,100,OK,MAP_UPDATE,OK,VISUAL_INERTIAL
1729,1761212607865,-390.65954089164734,-18.878238275647163,29.564378783106804,-0.011164086870849133,0.31933337450027466,0.4753076136112213,100,OK,MAP_UPDATE,OK,VISUAL_INERTIAL
1730,1761212607881,-390.5910849571228,-20.44985443353653,29.053794220089912,-0.010988449677824974,0.31214165687561035,0.47766438126564026,100,OK,MAP_UPDATE,OK,VISUAL_INERTIAL
1731,1761212607898,-390.34414291381836,-21.85460925102234,28.086472302675247,-0.011161922477185726,0.3046235144138336,0.47987237572669983,100,OK,MAP_UPDATE,OK,VISUAL_INERTIAL
1732,1761212607915,-389.94351029396057,-22.94354885816574,27.067169547080994,-0.01166996918618679,0.2969626188278198,0.4818437397480011,100,OK,MAP_UPDATE,OK,VISUAL_INERTIAL
1733,1761212607931,-389.4995450973511,-24.252306669950485,25.975020602345467,-0.012272084131836891,0.28950756788253784,0.4835388958454132,100,OK,MAP_UPDATE,OK,VISUAL_INERTIAL
1734,1761212607948,-389.0109360218048,-25.95057524740696,24.7209332883358,-0.012868930585682392,0.28221821784973145,0.4849645495414734,100,OK,MAP_UPDATE,OK,VISUAL_INERTIAL
1735,1761212607965,-388.3183002471924,-27.348410338163376,23.40744063258171,-0.013577784411609173,0.27468761801719666,0.4859295189380646,100,OK,MAP_UPDATE,OK,VISUAL_INERTIAL
1736,1761212607981,-387.65019178390503,-28.63277494907379,21.857906132936478,-0.014515608549118042,0.26669996976852417,0.4864705204963684,100,OK,MAP_UPDATE,OK,VISUAL_INERTIAL
1737,1761212607998,-386.7168128490448,-30.363166704773903,20.007265731692314,-0.01516001671552658,0.25837868452072144,0.48678457736968994,100,OK,MAP_UPDATE,OK,VISUAL_INERTIAL
1738,1761212608015,-385.7220411300659,-31.66770190000534,17.932552844285965,-0.01590648666024208,0.24967117607593536,0.48667001724243164,100,OK,MAP_UPDATE,OK,VISUAL_INERTIAL
1739,1761212608031,-384.6297860145569,-32.86895155906677,16.17787778377533,-0.01647316850721836,0.24100668728351593,0.48617908358573914,100,OK,MAP_UPDATE,OK,VISUAL_INERTIAL
1740,1761212608048,-383.5134506225586,-34.055616706609726,14.26454447209835,-0.01710003800690174,0.23246878385543823,0.48525741696357727,100,OK,MAP_UPDATE,OK,VISUAL_INERTIAL
1741,1761212608065,-382.3842704296112,-35.13716906309128,12.523544952273369,-0.018048401921987534,0.2251633107662201,0.484176903963089,100,OK,MAP_UPDATE,OK,VISUAL_INERTIAL
1742,1761212608081,-381.3023865222931,-36.28722205758095,10.800927877426147,-0.019318727776408195,0.21883678436279297,0.4831278622150421,100,OK,MAP_UPDATE,OK,VISUAL_INERTIAL
1743,1761212608098,-379.73684072494507,-37.48425468802452,9.089368395507336,-0.020337818190455437,0.21195341646671295,0.48213931918144226,100,OK,MAP_UPDATE,OK,VISUAL_INERTIAL
1744,1761212608115,-378.00854444503784,-38.57233747839928,7.368823979049921,-0.02131795883178711,0.20473019778728485,0.48098352551460266,100,OK,MAP_UPDATE,OK,VISUAL_INERTIAL
1745,1761212608131,-376.2388527393341,-39.03970122337341,5.403850693255663,-0.02287925034761429,0.19784218072891235,0.4799080491065979,100,OK,MAP_UPDATE,OK,VISUAL_INERTIAL
1746,1761212608148,-374.3956685066223,-39.65914249420166,3.611030988395214,-0.024113424122333527,0.19093003869056702,0.47844401001930237,100,OK,MAP_UPDATE,OK,VISUAL_INERTIAL
1747,1761212608165,-372.60180711746216,-40.19387438893318,1.8033375963568687,-0.025426900014281273,0.18444861471652985,0.47684210538864136,100,OK,MAP_UPDATE,OK,VISUAL_INERTIAL
1748,1761212608181,-371.31306529045105,-41.402511298656464,0.2567720948718488,-0.026498636230826378,0.17800486087799072,0.4754904508590698,100,OK,MAP_UPDATE,OK,VISUAL_INERTIAL
1749,1761212608198,-369.9806332588196,-42.64743626117706,-1.081731985323131,-0.02733643166720867,0.17208610475063324,0.4742054343223572,100,OK,MAP_UPDATE,OK,VISUAL_INERTIAL
1750,1761212608215,-369.0566420555115,-43.34205761551857,-2.4006704334169626,-0.02865367941558361,0.16683165729045868,0.47307804226875305,100,OK,MAP_UPDATE,OK,VISUAL_INERTIAL
1751,1761212608231,-368.00819635391235,-44.11964491009712,-3.611981403082609,-0.029847605153918266,0.1618577092885971,0.47206422686576843,100,OK,MAP_UPDATE,OK,VISUAL_INERTIAL
1752,1761212608248,-366.92631244659424,-44.769804924726486,-4.5861853286623955,-0.03103257156908512,0.15741969645023346,0.47134658694267273,100,OK,MAP_UPDATE,OK,VISUAL_INERTIAL
1753,1761212608265,-365.9222722053528,-45.58190703392029,-5.496863275766373,-0.03189413994550705,0.15323100984096527,0.47046959400177,100,OK,MAP_UPDATE,OK,VISUAL_INERTIAL
1754,1761212608281,-365.14371633529663,-46.54057323932648,-6.635953672230244,-0.032709524035453796,0.14933830499649048,0.4697267711162567,100,OK,MAP_UPDATE,OK,VISUAL_INERTIAL
1755,1761212608298,-364.1895055770874,-47.74531349539757,-7.491457741707563,-0.03298277407884598,0.1457773894071579,0.4690346121788025,100,OK,MAP_UPDATE,OK,VISUAL_INERTIAL
1756,1761212608315,-363.200843334198,-48.35428670048714,-8.488265797495842,-0.03358032554388046,0.14302024245262146,0.4684506356716156,100,OK,MAP_UPDATE,OK,VISUAL_INERTIAL
1757,1761212608331,-362.1504008769989,-48.88143762946129,-9.146172553300858,-0.03414330631494522,0.140626922249794,0.467888206243515,100,OK,MAP_UPDATE,OK,VISUAL_INERTIAL
1758,1761212608348,-361.097514629364,-49.77051168680191,-9.666692465543747,-0.034458305686712265,0.13811030983924866,0.46723854541778564,100,OK,MAP_UPDATE,OK,VISUAL_INERTIAL
1759,1761212608365,-359.9034547805786,-50.112608820199966,-10.16441360116005,-0.03501979261636734,0.13623690605163574,0.46663182973861694,100,OK,MAP_UPDATE,OK,VISUAL_INERTIAL
1760,1761212608381,-358.6879074573517,-50.393763929605484,-10.618142783641815,-0.03554747626185417,0.13460181653499603,0.4660295248031616,100,OK,MAP_UPDATE,OK,VISUAL_INERTIAL
1761,1761212608398,-357.6633334159851,-50.68930611014366,-11.107775382697582,-0.036064594984054565,0.13303311169147491,0.46551838517189026,100,OK,MAP_UPDATE,OK,VISUAL_INERTIAL
1762,1761212608415,-356.65348172187805,-50.72460696101189,-11.603635735809803,-0.03660028800368309,0.13211290538311005,0.46495404839515686,100,OK,MAP_UPDATE,OK,VISUAL_INERTIAL
1763,1761212608432,-355.65048456192017,-50.50418898463249,-12.029980309307575,-0.03712596744298935,0.1317492574453354,0.4642639756202698,100,OK,MAP_UPDATE,OK,VISUAL_INERTIAL
1764,1761212608448,-354.38501834869385,-50.12590438127518,-12.301112525165081,-0.03753632679581642,0.13150101900100708,0.46333056688308716,100,OK,MAP_UPDATE,OK,VISUAL_INERTIAL
1765,1761212608465,-352.80725359916687,-49.267515540122986,-12.47174758464098,-0.0380193255841732,0.13160473108291626,0.46209752559661865,100,OK,MAP_UPDATE,OK,VISUAL_INERTIAL
1766,1761212608481,-351.01523995399475,-48.28905686736107,-12.351824901998043,-0.03822694346308708,0.13199321925640106,0.46053481101989746,100,OK,MAP_UPDATE,OK,VISUAL_INERTIAL
1767,1761212608498,-349.1262197494507,-47.32535779476166,-12.231915257871151,-0.03826866298913956,0.13256776332855225,0.4587191641330719,100,OK,MAP_UPDATE,OK,VISUAL_INERTIAL
1768,1761212608515,-347.0674157142639,-46.24940827488899,-12.071737088263035,-0.0382520817220211,0.13359478116035461,0.456657737493515,100,OK,MAP_UPDATE,OK,VISUAL_INERTIAL
1769,1761212608531,-344.8462188243866,-44.64365169405937,-11.993144638836384,-0.038553085178136826,0.13502082228660583,0.4543105959892273,100,OK,MAP_UPDATE,OK,VISUAL_INERTIAL
1770,1761212608548,-342.2554135322571,-43.184008449316025,-11.758831329643726,-0.038511019200086594,0.13581213355064392,0.45161741971969604,100,OK,MAP_UPDATE,OK,VISUAL_INERTIAL
1771,1761212608565,-339.3039405345917,-41.51611775159836,-11.471825651824474,-0.03820554167032242,0.1354968398809433,0.44892120361328125,100,OK,MAP_UPDATE,OK,VISUAL_INERTIAL
1772,1761212608581,-336.02264523506165,-39.83420878648758,-11.081652715802193,-0.03744644671678543,0.13427363336086273,0.4460517466068268,100,OK,MAP_UPDATE,OK,VISUAL_INERTIAL
1773,1761212608598,-332.6745927333832,-38.028523325920105,-10.581402108073235,-0.036648333072662354,0.13344354927539825,0.4428596794605255,100,OK,MAP_UPDATE,OK,VISUAL_INERTIAL
1774,1761212608615,-329.5521140098572,-36.047544330358505,-10.173310525715351,-0.03631555289030075,0.13412190973758698,0.43948522210121155,100,OK,MAP_UPDATE,OK,VISUAL_INERTIAL
1775,1761212608631,-326.3254463672638,-33.92047435045242,-9.758627973496914,-0.0362434946000576,0.13549065589904785,0.43588128685951233,100,OK,MAP_UPDATE,OK,VISUAL_INERTIAL
1776,1761212608648,-322.799414396286,-31.86134621500969,-9.300909005105495,-0.03611515462398529,0.13664978742599487,0.43204164505004883,100,OK,MAP_UPDATE,OK,VISUAL_INERTIAL
1777,1761212608665,-318.8118040561676,-29.5058935880661,-8.860897272825241,-0.03599991649389267,0.1377575546503067,0.42789697647094727,100,OK,MAP_UPDATE,OK,VISUAL_INERTIAL
1778,1761212608681,-314.4814670085907,-27.43545174598694,-8.417193777859211,-0.03567197173833847,0.13833469152450562,0.4235754609107971,100,OK,MAP_UPDATE,OK,VISUAL_INERTIAL
1779,1761212608698,-309.91679430007935,-25.49552544951439,-7.939603179693222,-0.03530976176261902,0.1390533298254013,0.41890546679496765,100,OK,MAP_UPDATE,OK,VISUAL_INERTIAL
1780,1761212608715,-305.1106333732605,-23.57984520494938,-7.482386659830809,-0.03505190089344978,0.14020560681819916,0.4139431416988373,100,OK,MAP_UPDATE,OK,VISUAL_INERTIAL
1781,1761212608731,-300.1360893249512,-21.61896973848343,-7.169822696596384,-0.03501959890127182,0.14194267988204956,0.4087146520614624,100,OK,MAP_UPDATE,OK,VISUAL_INERTIAL
1782,1761212608748,-294.92467641830444,-19.85389180481434,-7.003904320299625,-0.03506974130868912,0.14386309683322906,0.40319204330444336,100,OK,MAP_UPDATE,OK,VISUAL_INERTIAL
1783,1761212608765,-289.2046868801117,-17.951177433133125,-6.974075920879841,-0.03516601398587227,0.14528433978557587,0.39741161465644836,100,OK,MAP_UPDATE,OK,VISUAL_INERTIAL
1784,1761212608781,-282.6358675956726,-15.546870417892933,-6.936393678188324,-0.035340603440999985,0.14574426412582397,0.39124128222465515,100,OK,MAP_UPDATE,OK,VISUAL_INERTIAL
1785,1761212608798,-275.654137134552,-13.473321683704853,-7.087589241564274,-0.035078275948762894,0.14408522844314575,0.38491687178611755,100,OK,MAP_UPDATE,OK,VISUAL_INERTIAL
1786,1761212608815,-268.7694728374481,-11.53339073061943,-7.35045550391078,-0.03474597632884979,0.14234890043735504,0.37800657749176025,100,OK,MAP_UPDATE,OK,VISUAL_INERTIAL
1787,1761212608831,-262.1573805809021,-9.742735885083675,-7.582285907119513,-0.03446435555815697,0.1414727419614792,0.37051457166671753,100,OK,MAP_UPDATE,OK,VISUAL_INERTIAL
1788,1761212608848,-255.47358393669128,-8.000088855624199,-7.811330258846283,-0.03415569290518761,0.14129631221294403,0.3624524176120758,100,OK,MAP_UPDATE,OK,VISUAL_INERTIAL
1789,1761212608865,-248.29897284507751,-6.147637031972408,-8.331841789186,-0.033726513385772705,0.141396164894104,0.3540826141834259,100,OK,MAP_UPDATE,OK,VISUAL_INERTIAL
1790,1761212608881,-241.07401072978973,-3.8686259649693966,-8.890093304216862,-0.03352399170398712,0.14140018820762634,0.3453965485095978,100,OK,MAP_UPDATE,OK,VISUAL_INERTIAL
1791,1761212608898,-233.4381639957428,-1.2178284814581275,-9.232294745743275,-0.03306550905108452,0.14126381278038025,0.3364112377166748,100,OK,MAP_UPDATE,OK,VISUAL_INERTIAL
1792,1761212608915,-225.58683156967163,1.5161818591877818,-9.310194291174412,-0.032461173832416534,0.14141181111335754,0.3270907402038574,100,OK,MAP_UPDATE,OK,VISUAL_INERTIAL
1793,1761212608931,-217.97560155391693,4.420015495270491,-9.24960058182478,-0.03208481892943382,0.14336618781089783,0.3176203668117523,100,OK,MAP_UPDATE,OK,VISUAL_INERTIAL
1794,1761212608948,-210.42853593826294,6.995652336627245,-8.959993720054626,-0.031395550817251205,0.1461343765258789,0.3080809712409973,100,OK,MAP_UPDATE,OK,VISUAL_INERTIAL
1795,1761212608965,-202.52572000026703,9.036632254719734,-8.630131371319294,-0.03021816536784172,0.1481321156024933,0.29857194423675537,100,OK,MAP_UPDATE,OK,VISUAL_INERTIAL
1796,1761212608981,-194.63080167770386,11.798734776675701,-8.452769368886948,-0.029099971055984497,0.14860667288303375,0.2891905903816223,100,OK,MAP_UPDATE,OK,VISUAL_INERTIAL
1797,1761212608998,-185.76490879058838,14.743715524673462,-7.5309183448553085,-0.02734978497028351,0.14837345480918884,0.2792940139770508,100,OK,MAP_UPDATE,OK,VISUAL_INERTIAL
1798,1761212609015,-177.0552694797516,17.158957198262215,-6.4918240532279015,-0.02545311488211155,0.14795933663845062,0.26950812339782715,100,OK,MAP_UPDATE,OK,VISUAL_INERTIAL
1799,1761212609031,-168.7251478433609,18.98680254817009,-5.269388202577829,-0.023527029901742935,0.14824968576431274,0.25984200835227966,100,OK,MAP_UPDATE,OK,VISUAL_INERTIAL
1800,1761212609048,-160.27279198169708,21.0785623639822,-4.448241088539362,-0.021865803748369217,0.14940129220485687,0.25033441185951233,100,OK,MAP_UPDATE,OK,VISUAL_INERTIAL
1801,1761212609065,-152.16787159442902,23.08456227183342,-3.5812973510473967,-0.020280148833990097,0.14997598528862,0.24128369987010956,100,OK,MAP_UPDATE,OK,VISUAL_INERTIAL
1802,1761212609081,-144.14288103580475,24.980857968330383,-2.685216488316655,-0.01878422498703003,0.1500227302312851,0.232376366853714,100,OK,MAP_UPDATE,OK,VISUAL_INERTIAL
1803,1761212609098,-136.21821999549866,26.586823165416718,-1.7503616400063038,-0.01741824485361576,0.14930304884910583,0.22354120016098022,100,OK,MAP_UPDATE,OK,VISUAL_INERTIAL
1804,1761212609115,-128.28657031059265,28.05851586163044,-0.9441913571208715,-0.016223352402448654,0.14692538976669312,0.2149699330329895,100,OK,MAP_UPDATE,OK,VISUAL_INERTIAL
1805,1761212609131,-120.1230138540268,29.75190244615078,-0.3792826319113374,-0.015337198041379452,0.14314217865467072,0.20647196471691132,100,OK,MAP_UPDATE,OK,VISUAL_INERTIAL
1806,1761212609148,-113.59559744596481,31.18024580180645,-0.5111229256726801,-0.014703742228448391,0.13798965513706207,0.19845063984394073,100,OK,MAP_UPDATE,OK,VISUAL_INERTIAL
1807,1761212609165,-106.31469637155533,32.11357444524765,-0.45149747165851295,-0.014181510545313358,0.1340295374393463,0.1903398334980011,100,OK,MAP_UPDATE,OK,VISUAL_INERTIAL
1808,1761212609181,-99.12063181400299,32.82527253031731,-0.4463390214368701,-0.013942241668701172,0.1307159662246704,0.18218515813350677,100,OK,MAP_UPDATE,OK,VISUAL_INERTIAL
1809,1761212609198,-92.11723506450653,33.34160894155502,-0.7675015949644148,-0.01404780987650156,0.12731558084487915,0.17431479692459106,100,OK,MAP_UPDATE,OK,VISUAL_INERTIAL
1810,1761212609215,-85.06212383508682,33.70360657572746,-1.3866532826796174,-0.014451769180595875,0.1234513595700264,0.16648226976394653,100,OK,MAP_UPDATE,OK,VISUAL_INERTIAL
1811,1761212609231,-77.71054655313492,34.099191427230835,-2.349598566070199,-0.015146618708968163,0.1195748820900917,0.15876387059688568,100,OK,MAP_UPDATE,OK,VISUAL_INERTIAL
1812,1761212609248,-70.61716914176941,34.4754196703434,-3.5198675468564034,-0.016208285465836525,0.1158992350101471,0.15117418766021729,100,OK,MAP_UPDATE,OK,VISUAL_INERTIAL
1813,1761212609265,-63.84400278329849,34.92117300629616,-4.840037319809198,-0.01781276986002922,0.11319869011640549,0.14378730952739716,100,OK,MAP_UPDATE,OK,VISUAL_INERTIAL
1814,1761212609282,-57.27511644363403,35.397522151470184,-6.407381035387516,-0.020025603473186493,0.11224967986345291,0.1364438384771347,100,OK,MAP_UPDATE,OK,VISUAL_INERTIAL
1815,1761212609298,-50.7027842104435,36.00282222032547,-8.084855042397976,-0.02277413383126259,0.1125185638666153,0.1294081211090088,100,OK,MAP_UPDATE,OK,VISUAL_INERTIAL
1816,1761212609315,-43.57427358627319,36.6218239068985,-9.982080198824406,-0.025736430659890175,0.11092381179332733,0.12268780171871185,100,OK,MAP_UPDATE,OK,VISUAL_INERTIAL
1817,1761212609331,-35.83830967545509,37.08488494157791,-12.03599851578474,-0.028773395344614983,0.10708382725715637,0.11622761934995651,100,OK,MAP_UPDATE,OK,VISUAL_INERTIAL
1818,1761212609348,-28.422269970178604,37.12247684597969,-13.957597315311432,-0.03177066147327423,0.10242927074432373,0.10992299765348434,100,OK,MAP_UPDATE,OK,VISUAL_INERTIAL
1819,1761212609365,-21.217357367277145,37.11015358567238,-16.234779730439186,-0.03471151366829872,0.09872902929782867,0.10343781858682632,100,OK,MAP_UPDATE,OK,VISUAL_INERTIAL
1820,1761212609381,-14.812770299613476,37.187669426202774,-18.600622192025185,-0.03769708797335625,0.09823085367679596,0.09673503041267395,100,OK,MAP_UPDATE,OK,VISUAL_INERTIAL
1821,1761212609398,-8.784495294094086,37.187304347753525,-20.96397429704666,-0.040526892989873886,0.10005610436201096,0.08970116823911667,100,OK,MAP_UPDATE,OK,VISUAL_INERTIAL
1822,1761212609415,-2.289427211508155,37.32027858495712,-23.088159039616585,-0.04301796481013298,0.10237480700016022,0.08285672962665558,100,OK,MAP_UPDATE,OK,VISUAL_INERTIAL
1823,1761212609431,4.605571739375591,37.638772279024124,-25.072159245610237,-0.045382387936115265,0.10437583178281784,0.07579568028450012,100,OK,MAP_UPDATE,OK,VISUAL_INERTIAL
1824,1761212609448,12.098939158022404,37.80325502157211,-26.934154331684113,-0.04749652370810509,0.10483968257904053,0.06863196194171906,100,OK,MAP_UPDATE,OK,VISUAL_INERTIAL
1825,1761212609465,19.87338624894619,38.16555440425873,-28.650369495153427,-0.049510858952999115,0.10434778034687042,0.061514317989349365,100,OK,MAP_UPDATE,OK,VISUAL_INERTIAL
1826,1761212609481,27.22804993391037,38.56215253472328,-30.29409609735012,-0.05144508183002472,0.10490409284830093,0.054273370653390884,100,OK,MAP_UPDATE,OK,VISUAL_INERTIAL
1827,1761212609498,34.152865409851074,38.87062519788742,-31.723227351903915,-0.05328529700636864,0.10811430215835571,0.04697398468852043,100,OK,MAP_UPDATE,OK,VISUAL_INERTIAL
1828,1761212609515,41.33671894669533,39.40195217728615,-32.976895570755005,-0.055111851543188095,0.11204539239406586,0.039889704436063766,100,OK,MAP_UPDATE,OK,VISUAL_INERTIAL
1829,1761212609531,49.18050393462181,40.168702602386475,-34.024905413389206,-0.05682051181793213,0.11465560644865036,0.03309290111064911,100,OK,MAP_UPDATE,OK,VISUAL_INERTIAL
1830,1761212609548,56.414783000946045,40.631555020809174,-35.2616086602211,-0.05837714299559593,0.11590392142534256,0.026572847738862038,100,OK,MAP_UPDATE,OK,VISUAL_INERTIAL
1831,1761212609565,63.64825367927551,41.58256575465202,-36.682408303022385,-0.06029551848769188,0.11706814169883728,0.020148485898971558,100,OK,MAP_UPDATE,OK,VISUAL_INERTIAL
1832,1761212609581,70.99002599716187,42.20662638545036,-38.09180110692978,-0.061962321400642395,0.11828286200761795,0.013254854828119278,100,OK,MAP_UPDATE,OK,VISUAL_INERTIAL
1833,1761212609598,77.96035706996918,42.290233075618744,-39.45871815085411,-0.06324193626642227,0.1202547699213028,0.006269161123782396,100,OK,MAP_UPDATE,OK,VISUAL_INERTIAL
1834,1761212609615,84.70585942268372,42.191412299871445,-40.791209787130356,-0.0644773542881012,0.1229773685336113,-0.0010444815270602703,100,OK,MAP_UPDATE,OK,VISUAL_INERTIAL
1835,1761212609631,91.69874340295792,41.814181953668594,-42.10231080651283,-0.06565292924642563,0.12558124959468842,-0.008500749245285988,100,OK,MAP_UPDATE,OK,VISUAL_INERTIAL
1836,1761212609648,98.4305739402771,41.37289896607399,-43.46582666039467,-0.0669281929731369,0.1282026767730713,-0.015841733664274216,100,OK,MAP_UPDATE,OK,VISUAL_INERTIAL
1837,1761212609665,105.17575591802597,40.99437966942787,-44.9204258620739,-0.06836406886577606,0.13074088096618652,-0.023164687678217888,100,OK,MAP_UPDATE,OK,VISUAL_INERTIAL
1838,1761212609681,112.06382513046265,40.58104753494263,-46.35465145111084,-0.06977298110723495,0.13200592994689941,-0.03018597885966301,100,OK,MAP_UPDATE,OK,VISUAL_INERTIAL
1839,1761212609698,118.91164630651474,39.667293429374695,-47.70510271191597,-0.07084638625383377,0.13218823075294495,-0.037049807608127594,100,OK,MAP_UPDATE,OK,VISUAL_INERTIAL
1840,1761212609715,125.37436187267303,38.99002447724342,-49.24868419766426,-0.07211713492870331,0.13209296762943268,-0.04380248114466667,100,OK,MAP_UPDATE,OK,VISUAL_INERTIAL
1841,1761212609731,131.21508061885834,38.35560008883476,-51.0312058031559,-0.07346469163894653,0.1328430026769638,-0.05059829726815224,100,OK,MAP_UPDATE,OK,VISUAL_INERTIAL
1842,1761212609748,137.15611398220062,37.36137971282005,-52.52993479371071,-0.07454530149698257,0.13583381474018097,-0.057176630944013596,100,OK,MAP_UPDATE,OK,VISUAL_INERTIAL
1843,1761212609765,141.98800921440125,36.582354456186295,-54.26325649023056,-0.0760151594877243,0.13794410228729248,-0.06376850605010986,100,OK,MAP_UPDATE,OK,VISUAL_INERTIAL
1844,1761212609781,147.3449468612671,36.00039333105087,-56.23369291424751,-0.0776234120130539,0.13925674557685852,-0.07008194178342819,100,OK,MAP_UPDATE,OK,VISUAL_INERTIAL
1845,1761212609798,153.08594703674316,35.06161272525787,-58.01927298307419,-0.07881821691989899,0.14056327939033508,-0.07620885968208313,100,OK,MAP_UPDATE,OK,VISUAL_INERTIAL
1846,1761212609815,158.91671180725098,33.99151563644409,-59.88851562142372,-0.0798705667257309,0.14177416265010834,-0.08271545171737671,100,OK,MAP_UPDATE,OK,VISUAL_INERTIAL
1847,1761212609831,164.92003202438354,32.82427415251732,-61.823297291994095,-0.08086074143648148,0.14276565611362457,-0.08937579393386841,100,OK,MAP_UPDATE,OK,VISUAL_INERTIAL
1848,1761212609848,170.76291143894196,31.565092504024506,-63.76325339078903,-0.08185581117868423,0.14350180327892303,-0.09618553519248962,100,OK,MAP_UPDATE,OK,VISUAL_INERTIAL
1849,1761212609865,176.45971477031708,30.200496315956116,-65.67727029323578,-0.08290192484855652,0.14484861493110657,-0.10327435284852982,100,OK,MAP_UPDATE,OK,VISUAL_INERTIAL
1850,1761212609881,181.6103458404541,29.100678861141205,-67.45150685310364,-0.08314665406942368,0.14820075035095215,-0.11138563603162766,100,OK,MAP_UPDATE,OK,VISUAL_INERTIAL
1851,1761212609898,187.1936321258545,27.983365580439568,-69.22460347414017,-0.0835348591208458,0.1517716348171234,-0.12006653845310211,100,OK,MAP_UPDATE,OK,VISUAL_INERTIAL
1852,1761212609915,193.02600622177124,26.98514237999916,-71.04913890361786,-0.08406050503253937,0.15473556518554688,-0.12876537442207336,100,OK,MAP_UPDATE,OK,VISUAL_INERTIAL
1853,1761212609931,199.7542381286621,26.329251006245613,-73.02462309598923,-0.08526016771793365,0.15623515844345093,-0.1376083493232727,100,OK,MAP_UPDATE,OK,VISUAL_INERTIAL
1854,1761212609948,206.71801269054413,25.48952028155327,-75.00243186950684,-0.08676061779260635,0.1569000780582428,-0.14636166393756866,100,OK,MAP_UPDATE,OK,VISUAL_INERTIAL
1855,1761212609965,213.43493461608887,24.634577333927155,-76.9490972161293,-0.08834175765514374,0.1572713851928711,-0.15496951341629028,100,OK,MAP_UPDATE,OK,VISUAL_INERTIAL
1856,1761212609981,219.12063658237457,24.467334151268005,-79.20529693365097,-0.09018393605947495,0.15733447670936584,-0.163339301943779,100,OK,MAP_UPDATE,OK,VISUAL_INERTIAL
1857,1761212609998,225.2775877714157,23.529035970568657,-81.30928128957748,-0.0918685793876648,0.15813907980918884,-0.17178156971931458,100,OK,MAP_UPDATE,OK,VISUAL_INERTIAL
1858,1761212610015,231.2801331281662,22.255312651395798,-83.65532010793686,-0.09383397549390793,0.15885955095291138,-0.17997148633003235,100,OK,MAP_UPDATE,OK,VISUAL_INERTIAL
1859,1761212610031,237.501323223114,20.863624289631844,-86.12615615129471,-0.0960289016366005,0.15929880738258362,-0.18803851306438446,100,OK,MAP_UPDATE,OK,VISUAL_INERTIAL
1860,1761212610048,243.85198950767517,19.462013617157936,-88.55240046977997,-0.09831152111291885,0.15947553515434265,-0.19579392671585083,100,OK,MAP_UPDATE,OK,VISUAL_INERTIAL
1861,1761212610065,249.98041987419128,17.89587177336216,-91.0811722278595,-0.10061479359865189,0.1591922640800476,-0.20341232419013977,100,OK,MAP_UPDATE,OK,VISUAL_INERTIAL
1862,1761212610081,255.9175193309784,16.457054764032364,-93.72691065073013,-0.10245354473590851,0.15967822074890137,-0.21140792965888977,100,OK,MAP_UPDATE,OK,VISUAL_INERTIAL
1863,1761212610098,262.0771825313568,15.119079500436783,-96.53665870428085,-0.10442681610584259,0.1598268747329712,-0.21952392160892487,100,OK,MAP_UPDATE,OK,VISUAL_INERTIAL
1864,1761212610115,268.20605993270874,14.193052425980568,-99.50155764818192,-0.1071852371096611,0.1600717157125473,-0.22728656232357025,100,OK,MAP_UPDATE,OK,VISUAL_INERTIAL
1865,1761212610131,274.1185426712036,13.302307575941086,-102.75981575250626,-0.11036933958530426,0.1604229211807251,-0.23450671136379242,100,OK,MAP_UPDATE,OK,VISUAL_INERTIAL
1866,1761212610148,279.6826660633087,12.065996415913105,-105.98661005496979,-0.11353792250156403,0.16136571764945984,-0.24129875004291534,100,OK,MAP_UPDATE,OK,VISUAL_INERTIAL
1867,1761212610165,285.06481647491455,11.71925663948059,-109.43476855754852,-0.11734892427921295,0.16270117461681366,-0.2472468465566635,100,OK,MAP_UPDATE,OK,VISUAL_INERTIAL
1868,1761212610181,290.7527983188629,10.672496631741524,-113.00752311944962,-0.12063103169202805,0.16333168745040894,-0.2537706196308136,100,OK,MAP_UPDATE,OK,VISUAL_INERTIAL
1869,1761212610198,296.5049147605896,9.569101966917515,-116.360142827034,-0.12387987971305847,0.16301564872264862,-0.2596510052680969,100,OK,MAP_UPDATE,OK,VISUAL_INERTIAL
1870,1761212610215,301.7837703227997,8.464156650006771,-119.8691576719284,-0.1274326741695404,0.16208522021770477,-0.26522886753082275,100,OK,MAP_UPDATE,OK,VISUAL_INERTIAL
1871,1761212610231,306.7401647567749,7.166722789406776,-123.56872856616974,-0.13094286620616913,0.160505473613739,-0.270765095949173,100,OK,MAP_UPDATE,OK,VISUAL_INERTIAL
1872,1761212610248,311.4337623119354,5.636504385620356,-127.02205777168274,-0.13417448103427887,0.1590644121170044,-0.27618342638015747,100,OK,MAP_UPDATE,OK,VISUAL_INERTIAL
1873,1761212610265,315.83938002586365,4.1400534100830555,-130.39512932300568,-0.1373436450958252,0.15735983848571777,-0.2811809480190277,100,OK,MAP_UPDATE,OK,VISUAL_INERTIAL
1874,1761212610281,320.0562298297882,2.7923970483243465,-133.67202877998352,-0.1404089331626892,0.15568166971206665,-0.28567901253700256,100,OK,MAP_UPDATE,OK,VISUAL_INERTIAL
1875,1761212610298,324.202299118042,1.292092609219253,-136.91765069961548,-0.1432611048221588,0.15344053506851196,-0.28978681564331055,100,OK,MAP_UPDATE,OK,VISUAL_INERTIAL
1876,1761212610315,328.08107137680054,-0.10578703950159252,-140.06555080413818,-0.14623889327049255,0.15048430860042572,-0.2935142517089844,100,OK,MAP_UPDATE,OK,VISUAL_INERTIAL
1877,1761212610331,331.5533697605133,-1.4772288268432021,-143.1514173746109,-0.14925967156887054,0.14779898524284363,-0.2969835102558136,100,OK,MAP_UPDATE,OK,VISUAL_INERTIAL
1878,1761212610348,334.4580829143524,-2.935252618044615,-146.28426730632782,-0.1521342396736145,0.14636383950710297,-0.30054834485054016,100,OK,MAP_UPDATE,OK,VISUAL_INERTIAL
1879,1761212610365,337.1312916278839,-4.341369494795799,-149.41978454589844,-0.15493181347846985,0.14522415399551392,-0.3039233982563019,100,OK,MAP_UPDATE,OK,VISUAL_INERTIAL
1880,1761212610381,339.7549092769623,-5.543839186429977,-152.56111323833466,-0.15786482393741608,0.14383576810359955,-0.30698126554489136,100,OK,MAP_UPDATE,OK,VISUAL_INERTIAL
1881,1761212610398,342.2219455242157,-6.771254353225231,-155.70098161697388,-0.1607438176870346,0.14273729920387268,-0.30972209572792053,100,OK,MAP_UPDATE,OK,VISUAL_INERTIAL
1882,1761212610415,344.4577753543854,-7.877803407609463,-158.7577909231186,-0.16346366703510284,0.142351433634758,-0.31226804852485657,100,OK,MAP_UPDATE,OK,VISUAL_INERTIAL
1883,1761212610431,346.34965658187866,-8.791009895503521,-161.74152493476868,-0.16608481109142303,0.1425023227930069,-0.3146844804286957,100,OK,MAP_UPDATE,OK,VISUAL_INERTIAL
1884,1761212610448,348.06132316589355,-9.723114781081676,-164.506196975708,-0.16857083141803741,0.14319270849227905,-0.3169027864933014,100,OK,MAP_UPDATE,OK,VISUAL_INERTIAL
1885,1761212610465,349.8050272464752,-10.56742761284113,-167.15261340141296,-0.17105719447135925,0.14353691041469574,-0.3188009560108185,100,OK,MAP_UPDATE,OK,VISUAL_INERTIAL
1886,1761212610481,351.62946581840515,-10.740594938397408,-169.83498632907867,-0.17394942045211792,0.1426348090171814,-0.32005855441093445,100,OK,MAP_UPDATE,OK,VISUAL_INERTIAL
1887,1761212610498,352.8393805027008,-11.267629452049732,-172.4386364221573,-0.17646118998527527,0.14137081801891327,-0.321321964263916,100,OK,MAP_UPDATE,OK,VISUAL_INERTIAL
1888,1761212610515,354.14886474609375,-11.634939350187778,-175.1529723405838,-0.1792329102754593,0.14058777689933777,-0.3227936923503876,100,OK,MAP_UPDATE,OK,VISUAL_INERTIAL
1889,1761212610531,355.20607233047485,-12.35666312277317,-177.69327759742737,-0.1816321462392807,0.14049413800239563,-0.32436397671699524,100,OK,MAP_UPDATE,OK,VISUAL_INERTIAL
1890,1761212610548,356.2906086444855,-13.171887956559658,-180.39736151695251,-0.1838238537311554,0.14091016352176666,-0.3261023461818695,100,OK,MAP_UPDATE,OK,VISUAL_INERTIAL
1891,1761212610565,357.702761888504,-13.150584883987904,-182.7547401189804,-0.1865236461162567,0.14146330952644348,-0.32761693000793457,100,OK,MAP_UPDATE,OK,VISUAL_INERTIAL
1892,1761212610581,358.97907614707947,-13.557272031903267,-185.05972623825073,-0.1887723207473755,0.14198735356330872,-0.3291156589984894,100,OK,MAP_UPDATE,OK,VISUAL_INERTIAL
1893,1761212610598,360.3996932506561,-13.963395729660988,-187.16232478618622,-0.19094505906105042,0.14213968813419342,-0.33064940571784973,100,OK,MAP_UPDATE,OK,VISUAL_INERTIAL
1894,1761212610615,361.6330921649933,-14.722373336553574,-189.3966943025589,-0.19278593361377716,0.14235682785511017,-0.33237460255622864,100,OK,MAP_UPDATE,OK,VISUAL_INERTIAL
1895,1761212610631,362.83037066459656,-15.416796319186687,-191.31432473659515,-0.19457848370075226,0.1430005580186844,-0.3342489004135132,100,OK,MAP_UPDATE,OK,VISUAL_INERTIAL
1896,1761212610648,364.0083372592926,-16.16700552403927,-193.07094812393188,-0.1960948258638382,0.14392191171646118,-0.33621034026145935,100,OK,MAP_UPDATE,OK,VISUAL_INERTIAL
1897,1761212610665,365.19140005111694,-17.216864973306656,-194.94207203388214,-0.1974281370639801,0.14494159817695618,-0.33830899000167847,100,OK,MAP_UPDATE,OK,VISUAL_INERTIAL
1898,1761212610681,366.44551157951355,-18.28817091882229,-196.55458629131317,-0.19871652126312256,0.14591382443904877,-0.34028035402297974,100,OK,MAP_UPDATE,OK,VISUAL_INERTIAL
1899,1761212610698,367.88100004196167,-19.236527383327484,-198.1925070285797,-0.2002238929271698,0.14635993540287018,-0.34209826588630676,100,OK,MAP_UPDATE,OK,VISUAL_INERTIAL
1900,1761212610715,369.59415674209595,-19.84882541000843,-199.88135993480682,-0.20206767320632935,0.14638561010360718,-0.3439269959926605,100,OK,MAP_UPDATE,OK,VISUAL_INERTIAL
1901,1761212610731,371.25372886657715,-20.7884032279253,-201.7003893852234,-0.20369668304920197,0.14622384309768677,-0.34576764702796936,100,OK,MAP_UPDATE,OK,VISUAL_INERTIAL
1902,1761212610748,372.8547990322113,-21.67690172791481,-203.53829860687256,-0.2053869217634201,0.1455325484275818,-0.3474755585193634,100,OK,MAP_UPDATE,OK,VISUAL_INERTIAL
1903,1761212610765,374.4508922100067,-22.518405690789223,-205.39866387844086,-0.2072041928768158,0.14443433284759521,-0.34891191124916077,100,OK,MAP_UPDATE,OK,VISUAL_INERTIAL
1904,1761212610781,376.0225474834442,-23.332951590418816,-207.53303170204163,-0.20919398963451385,0.14315111935138702,-0.3499889075756073,100,OK,MAP_UPDATE,OK,VISUAL_INERTIAL
1905,1761212610798,377.12737917900085,-23.815276101231575,-209.41264927387238,-0.21140018105506897,0.14185623824596405,-0.3505757451057434,100,OK,MAP_UPDATE,OK,VISUAL_INERTIAL
1906,1761212610815,377.8730034828186,-24.12298694252968,-211.26432716846466,-0.21368719637393951,0.14058758318424225,-0.35061439871788025,100,OK,MAP_UPDATE,OK,VISUAL_INERTIAL
1907,1761212610831,378.20789217948914,-24.26353469491005,-213.23533356189728,-0.21586717665195465,0.13931308686733246,-0.3500480055809021,100,OK,MAP_UPDATE,OK,VISUAL_INERTIAL
1908,1761212610848,378.0350983142853,-24.027029052376747,-215.00630676746368,-0.21773968636989594,0.13811258971691132,-0.3489249050617218,100,OK,MAP_UPDATE,OK,VISUAL_INERTIAL
1909,1761212610865,377.4745464324951,-23.4825536608696,-216.5321409702301,-0.21939021348953247,0.13651497662067413,-0.3472383916378021,100,OK,MAP_UPDATE,OK,VISUAL_INERTIAL
1910,1761212610881,376.497358083725,-22.643299773335457,-217.81139075756073,-0.2208418846130371,0.13466928899288177,-0.3451346158981323,100,OK,MAP_UPDATE,OK,VISUAL_INERTIAL
1911,1761212610898,375.1305639743805,-21.451691165566444,-218.8715934753418,-0.2221945971250534,0.1324160099029541,-0.3426972031593323,100,OK,MAP_UPDATE,OK,VISUAL_INERTIAL
1912,1761212610915,373.3586370944977,-19.93013359606266,-219.59435939788818,-0.22321149706840515,0.1308353841304779,-0.3401307463645935,100,OK,MAP_UPDATE,OK,VISUAL_INERTIAL
1913,1761212610931,371.10498547554016,-17.978888005018234,-220.01491487026215,-0.223687082529068,0.130207821726799,-0.3373931348323822,100,OK,MAP_UPDATE,OK,VISUAL_INERTIAL
1914,1761212610948,368.47740411758423,-15.683833509683609,-220.1423943042755,-0.22368577122688293,0.13005982339382172,-0.334332674741745,100,OK,MAP_UPDATE,OK,VISUAL_INERTIAL
1915,1761212610965,365.62857031822205,-13.281363993883133,-220.07647156715393,-0.22336871922016144,0.12974558770656586,-0.3308824300765991,100,OK,MAP_UPDATE,OK,VISUAL_INERTIAL
1916,1761212610981,362.6363277435303,-10.695415548980236,-219.86505389213562,-0.22305312752723694,0.128965824842453,-0.327049195766449,100,OK,MAP_UPDATE,OK,VISUAL_INERTIAL
1917,1761212610998,359.1650426387787,-7.9125817865133286,-219.49805319309235,-0.22256377339363098,0.12880851328372955,-0.32305845618247986,100,OK,MAP_UPDATE,OK,VISUAL_INERTIAL
1918,1761212611015,355.2350103855133,-4.95724193751812,-218.88484060764313,-0.22174128890037537,0.1299072802066803,-0.31883591413497925,100,OK,MAP_UPDATE,OK,VISUAL_INERTIAL
1919,1761212611031,351.0279357433319,-1.7720790347084403,-218.1842029094696,-0.22078773379325867,0.13158880174160004,-0.3140776753425598,100,OK,MAP_UPDATE,OK,VISUAL_INERTIAL
1920,1761212611048,346.7746376991272,1.5849180053919554,-217.41649508476257,-0.21987900137901306,0.13292932510375977,-0.30886632204055786,100,OK,MAP_UPDATE,OK,VISUAL_INERTIAL
1921,1761212611065,342.21819043159485,5.168345291167498,-216.6154980659485,-0.21915856003761292,0.13399997353553772,-0.30306878685951233,100,OK,MAP_UPDATE,OK,VISUAL_INERTIAL
1922,1761212611081,337.5113606452942,8.668079040944576,-215.84369242191315,-0.21859417855739594,0.13473176956176758,-0.2968664765357971,100,OK,MAP_UPDATE,OK,VISUAL_INERTIAL
1923,1761212611098,332.5997591018677,12.134348042309284,-215.0791734457016,-0.21814236044883728,0.13497129082679749,-0.2903081178665161,100,OK,MAP_UPDATE,OK,VISUAL_INERTIAL
1924,1761212611115,327.5481164455414,16.07055589556694,-214.43557739257812,-0.2180911749601364,0.13407458364963531,-0.28323790431022644,100,OK,MAP_UPDATE,OK,VISUAL_INERTIAL
1925,1761212611131,322.07614183425903,19.715500995516777,-213.74531090259552,-0.21773332357406616,0.13302865624427795,-0.275875985622406,100,OK,MAP_UPDATE,OK,VISUAL_INERTIAL
1926,1761212611148,316.16780161857605,23.34965579211712,-213.0105346441269,-0.21730159223079681,0.13188892602920532,-0.26796260476112366,100,OK,MAP_UPDATE,OK,VISUAL_INERTIAL
1927,1761212611165,310.07349491119385,26.654738932847977,-212.25278079509735,-0.21686570346355438,0.1305023580789566,-0.25978076457977295,100,OK,MAP_UPDATE,OK,VISUAL_INERTIAL
1928,1761212611181,303.6002218723297,29.9003217369318,-211.39754354953766,-0.2165326178073883,0.1293106973171234,-0.25099149346351624,100,OK,MAP_UPDATE,OK,VISUAL_INERTIAL
1929,1761212611198,296.71913385391235,33.02862495183945,-210.60305833816528,-0.21630193293094635,0.12839095294475555,-0.24172179400920868,100,OK,MAP_UPDATE,OK,VISUAL_INERTIAL
1930,1761212611215,289.6212041378021,36.03341802954674,-209.78955924510956,-0.21601490676403046,0.12776771187782288,-0.2321610301733017,100,OK,MAP_UPDATE,OK,VISUAL_INERTIAL
1931,1761212611231,282.42427110671997,39.14887458086014,-209.08097922801971,-0.21579746901988983,0.1272578090429306,-0.22196064889431,100,OK,MAP_UPDATE,OK,VISUAL_INERTIAL
1932,1761212611248,275.0478684902191,41.87977686524391,-208.1601768732071,-0.2152729630470276,0.12657183408737183,-0.21162445843219757,100,OK,MAP_UPDATE,OK,VISUAL_INERTIAL
1933,1761212611265,267.71584153175354,44.376205652952194,-207.10434019565582,-0.21470102667808533,0.1252816766500473,-0.20116160809993744,100,OK,MAP_UPDATE,OK,VISUAL_INERTIAL
1934,1761212611281,260.3852152824402,46.950191259384155,-206.15540444850922,-0.21438747644424438,0.12298368662595749,-0.19057025015354156,100,OK,MAP_UPDATE,OK,VISUAL_INERTIAL
1935,1761212611298,253.08454036712646,49.57132413983345,-205.27201890945435,-0.2142326533794403,0.12032610923051834,-0.18006756901741028,100,OK,MAP_UPDATE,OK,VISUAL_INERTIAL
1936,1761212611315,245.41465938091278,51.96670815348625,-204.29375767707825,-0.21369794011116028,0.11849427968263626,-0.1697349101305008,100,OK,MAP_UPDATE,OK,VISUAL_INERTIAL
1937,1761212611331,237.51094937324524,54.12135273218155,-203.18830013275146,-0.21278396248817444,0.11832799762487411,-0.15982627868652344,100,OK,MAP_UPDATE,OK,VISUAL_INERTIAL
1938,1761212611348,229.8632115125656,55.90285360813141,-201.94551348686218,-0.21164049208164215,0.1186818927526474,-0.15029233694076538,100,OK,MAP_UPDATE,OK,VISUAL_INERTIAL
1939,1761212611365,222.57748246192932,57.75115638971329,-200.73337852954865,-0.21074709296226501,0.11774572730064392,-0.14066113531589508,100,OK,MAP_UPDATE,OK,VISUAL_INERTIAL
1940,1761212611381,215.9123718738556,59.54613536596298,-199.53234493732452,-0.21001766622066498,0.11555536091327667,-0.13103725016117096,100,OK,MAP_UPDATE,OK,VISUAL_INERTIAL
1941,1761212611398,209.4549983739853,61.36903911828995,-198.26966524124146,-0.20927149057388306,0.11290496587753296,-0.12165161222219467,100,OK,MAP_UPDATE,OK,VISUAL_INERTIAL
1942,1761212611415,202.99066603183746,62.948890030384064,-196.94095849990845,-0.2083130031824112,0.11076685786247253,-0.11266836524009705,100,OK,MAP_UPDATE,OK,VISUAL_INERTIAL
1943,1761212611431,196.3227093219757,64.39340114593506,-195.58832049369812,-0.20717717707157135,0.10922952741384506,-0.10395494848489761,100,OK,MAP_UPDATE,OK,VISUAL_INERTIAL
1944,1761212611448,189.92586433887482,65.72610139846802,-194.18632984161377,-0.20594419538974762,0.10852571576833725,-0.09565095603466034,100,OK,MAP_UPDATE,OK,VISUAL_INERTIAL
1945,1761212611465,183.47585201263428,66.94100797176361,-192.7480399608612,-0.204586461186409,0.10845842212438583,-0.08755022287368774,100,OK,MAP_UPDATE,OK,VISUAL_INERTIAL
1946,1761212611481,177.16830968856812,67.82343238592148,-191.10210239887238,-0.2029545158147812,0.1088726669549942,-0.07966487854719162,100,OK,MAP_UPDATE,OK,VISUAL_INERTIAL
1947,1761212611498,171.18434607982635,68.91600042581558,-189.49365615844727,-0.20160777866840363,0.1086316630244255,-0.0719098225235939,100,OK,MAP_UPDATE,OK,VISUAL_INERTIAL
1948,1761212611515,165.54556787014008,69.95236873626709,-187.83169984817505,-0.2001756876707077,0.10832765698432922,-0.06444632261991501,100,OK,MAP_UPDATE,OK,VISUAL_INERTIAL
1949,1761212611531,159.869983792305,70.81370800733566,-186.06515228748322,-0.1984287053346634,0.10868030041456223,-0.0572480782866478,100,OK,MAP_UPDATE,OK,VISUAL_INERTIAL
1950,1761212611548,154.02203798294067,71.54110819101334,-184.25248563289642,-0.19654066860675812,0.10943642258644104,-0.05010693520307541,100,OK,MAP_UPDATE,OK,VISUAL_INERTIAL
1951,1761212611565,148.22423458099365,72.00151681900024,-182.29737877845764,-0.194460928440094,0.11069408804178238,-0.04299195483326912,100,OK,MAP_UPDATE,OK,VISUAL_INERTIAL
1952,1761212611581,142.17935502529144,72.24714010953903,-180.30565977096558,-0.19232797622680664,0.11279907077550888,-0.03579231724143028,100,OK,MAP_UPDATE,OK,VISUAL_INERTIAL
1953,1761212611598,136.06570661067963,72.43147492408752,-178.12146246433258,-0.19018831849098206,0.11574443429708481,-0.028545299544930458,100,OK,MAP_UPDATE,OK,VISUAL_INERTIAL
1954,1761212611615,129.84095513820648,72.53910601139069,-175.76846480369568,-0.1879369169473648,0.118893563747406,-0.020968735218048096,100,OK,MAP_UPDATE,OK,VISUAL_INERTIAL
1955,1761212611631,123.70848655700684,72.4329799413681,-173.17526042461395,-0.18536633253097534,0.12108277529478073,-0.012516110204160213,100,OK,MAP_UPDATE,OK,VISUAL_INERTIAL
1956,1761212611648,117.49393492937088,72.36209511756897,-170.5789864063263,-0.18282216787338257,0.12144889682531357,-0.0033186874352395535,100,OK,MAP_UPDATE,OK,VISUAL_INERTIAL
1957,1761212611665,111.12036556005478,72.35199958086014,-168.03012788295746,-0.1803712397813797,0.12066919356584549,0.006709482055157423,100,OK,MAP_UPDATE,OK,VISUAL_INERTIAL
1958,1761212611681,104.50498759746552,72.53255695104599,-165.67346453666687,-0.1781800538301468,0.11978141218423843,0.017082789912819862,100,OK,MAP_UPDATE,OK,VISUAL_INERTIAL
1959,1761212611698,97.18365967273712,72.67403602600098,-163.20368647575378,-0.17610345780849457,0.11940094083547592,0.027686240151524544,100,OK,MAP_UPDATE,OK,VISUAL_INERTIAL
1960,1761212611715,89.40881490707397,72.41597026586533,-160.57483851909637,-0.1737886220216751,0.11962912976741791,0.03862840309739113,100,OK,MAP_UPDATE,OK,VISUAL_INERTIAL
1961,1761212611731,81.17298036813736,71.79267704486847,-157.9391360282898,-0.1713070422410965,0.11957157403230667,0.050330422818660736,100,OK,MAP_UPDATE,OK,VISUAL_INERTIAL
1962,1761212611748,72.8539302945137,70.8102136850357,-155.26218712329865,-0.16878874599933624,0.11909367889165878,0.0625394880771637,100,OK,MAP_UPDATE,OK,VISUAL_INERTIAL
1963,1761212611765,64.26885724067688,69.68951970338821,-152.59499847888947,-0.16634827852249146,0.11827295273542404,0.07511447370052338,100,OK,MAP_UPDATE,OK,VISUAL_INERTIAL
1964,1761212611781,55.37979304790497,68.2758241891861,-149.93247389793396,-0.16393107175827026,0.11738668382167816,0.08776268362998962,100,OK,MAP_UPDATE,OK,VISUAL_INERTIAL
1965,1761212611798,46.01462557911873,65.7762885093689,-147.0811814069748,-0.16097696125507355,0.11654457449913025,0.1002519354224205,100,OK,MAP_UPDATE,OK,VISUAL_INERTIAL
1966,1761212611815,36.695338785648346,63.92546743154526,-144.51412856578827,-0.15863409638404846,0.11621248722076416,0.11283785104751587,100,OK,MAP_UPDATE,OK,VISUAL_INERTIAL
1967,1761212611831,27.342692017555237,62.18788027763367,-141.871839761734,-0.15644535422325134,0.1161763146519661,0.12543818354606628,100,OK,MAP_UPDATE,OK,VISUAL_INERTIAL
1968,1761212611848,18.078582361340523,60.33911183476448,-139.3006443977356,-0.1543535590171814,0.11621271073818207,0.13804811239242554,100,OK,MAP_UPDATE,OK,VISUAL_INERTIAL
1969,1761212611865,8.671646006405354,58.545563369989395,-136.96984946727753,-0.15264081954956055,0.11649119853973389,0.15043385326862335,100,OK,MAP_UPDATE,OK,VISUAL_INERTIAL
1970,1761212611881,-0.6959007005207241,56.83036521077156,-134.79217886924744,-0.1512427031993866,0.11722153425216675,0.162541463971138,100,OK,MAP_UPDATE,OK,VISUAL_INERTIAL
1971,1761212611898,-9.855986572802067,55.07804453372955,-132.78716802597046,-0.14999014139175415,0.11770206689834595,0.17449067533016205,100,OK,MAP_UPDATE,OK,VISUAL_INERTIAL
1972,1761212611915,-18.372001126408577,53.41396480798721,-130.8710277080536,-0.1487993746995926,0.11759240180253983,0.18615101277828217,100,OK,MAP_UPDATE,OK,VISUAL_INERTIAL
1973,1761212611931,-26.869134977459908,51.50044709444046,-128.76994907855988,-0.14738011360168457,0.11696099489927292,0.197835773229599,100,OK,MAP_UPDATE,OK,VISUAL_INERTIAL
1974,1761212611948,-34.979745745658875,49.36942458152771,-126.45842134952545,-0.14568142592906952,0.11630720645189285,0.209127277135849,100,OK,MAP_UPDATE,OK,VISUAL_INERTIAL
1975,1761212611965,-43.427035212516785,47.108590602874756,-124.26608055830002,-0.14392632246017456,0.11611387133598328,0.22006016969680786,100,OK,MAP_UPDATE,OK,VISUAL_INERTIAL
1976,1761212611981,-52.04325169324875,44.49889436364174,-122.00930714607239,-0.142042875289917,0.11713926494121552,0.23042182624340057,100,OK,MAP_UPDATE,OK,VISUAL_INERTIAL
1977,1761212611998,-60.580264776945114,41.5208637714386,-119.7778731584549,-0.13996632397174835,0.11891442537307739,0.24021326005458832,100,OK,MAP_UPDATE,OK,VISUAL_INERTIAL
1978,1761212612015,-68.84006410837173,38.45132887363434,-117.30950325727463,-0.13768614828586578,0.12075591087341309,0.249740332365036,100,OK,MAP_UPDATE,OK,VISUAL_INERTIAL
1979,1761212612031,-76.44322514533997,35.68246215581894,-114.81453478336334,-0.13525421917438507,0.12230587005615234,0.2590193450450897,100,OK,MAP_UPDATE,OK,VISUAL_INERTIAL
1980,1761212612048,-83.44390988349915,33.179543912410736,-112.29508370161057,-0.13266777992248535,0.12288045883178711,0.2679687738418579,100,OK,MAP_UPDATE,OK,VISUAL_INERTIAL
1981,1761212612065,-90.23500978946686,30.807655304670334,-109.74819958209991,-0.129974827170372,0.12343890219926834,0.2763606905937195,100,OK,MAP_UPDATE,OK,VISUAL_INERTIAL
1982,1761212612081,-96.79380059242249,28.515063226222992,-107.08554089069366,-0.12715014815330505,0.1243397518992424,0.2840591371059418,100,OK,MAP_UPDATE,OK,VISUAL_INERTIAL
1983,1761212612098,-103.10564935207367,26.221560314297676,-104.23511266708374,-0.12425343692302704,0.12580083310604095,0.2910824418067932,100,OK,MAP_UPDATE,OK,VISUAL_INERTIAL
1984,1761212612115,-108.01717638969421,24.822698906064034,-101.15578770637512,-0.12199290096759796,0.12899652123451233,0.2969888746738434,100,OK,MAP_UPDATE,OK,VISUAL_INERTIAL
1985,1761212612131,-114.66152966022491,21.991336718201637,-98.57223927974701,-0.1193573847413063,0.13187231123447418,0.30286166071891785,100,OK,MAP_UPDATE,OK,VISUAL_INERTIAL
1986,1761212612148,-120.0495958328247,19.93734948337078,-95.97939997911453,-0.11705746501684189,0.1354159116744995,0.3077952563762665,100,OK,MAP_UPDATE,OK,VISUAL_INERTIAL
1987,1761212612164,-124.41525608301163,18.634824082255363,-93.25186908245087,-0.11503645777702332,0.13899639248847961,0.31204381585121155,100,OK,MAP_UPDATE,OK,VISUAL_INERTIAL
1988,1761212612181,-128.2430738210678,17.377719283103943,-90.55417031049728,-0.11292397975921631,0.1414935141801834,0.31589528918266296,100,OK,MAP_UPDATE,OK,VISUAL_INERTIAL
1989,1761212612198,-132.3537528514862,15.58033563196659,-87.74158358573914,-0.11059249937534332,0.14361120760440826,0.31933584809303284,100,OK,MAP_UPDATE,OK,VISUAL_INERTIAL
1990,1761212612215,-136.37493550777435,13.953411020338535,-85.16060560941696,-0.10845954716205597,0.1464940458536148,0.3221600651741028,100,OK,MAP_UPDATE,OK,VISUAL_INERTIAL
1991,1761212612231,-140.26935398578644,12.405138462781906,-82.65672624111176,-0.10640568286180496,0.14991721510887146,0.32455793023109436,100,OK,MAP_UPDATE,OK,VISUAL_INERTIAL
1992,1761212612248,-143.93067359924316,11.098490096628666,-80.20376414060593,-0.10449908673763275,0.15360227227210999,0.32664117217063904,100,OK,MAP_UPDATE,OK,VISUAL_INERTIAL
1993,1761212612265,-147.13381230831146,10.00999752432108,-77.80805975198746,-0.10253056138753891,0.15665259957313538,0.3285907208919525,100,OK,MAP_UPDATE,OK,VISUAL_INERTIAL
1994,1761212612281,-149.91852641105652,8.982911705970764,-75.33780485391617,-0.10044676810503006,0.15903040766716003,0.33041927218437195,100,OK,MAP_UPDATE,OK,VISUAL_INERTIAL
1995,1761212612298,-152.76286005973816,8.0207334831357,-72.85803556442261,-0.09849931299686432,0.16142576932907104,0.3321729898452759,100,OK,MAP_UPDATE,OK,VISUAL_INERTIAL
1996,1761212612314,-155.56620061397552,6.9961631670594215,-70.4205334186554,-0.09661660343408585,0.16376276314258575,0.33393847942352295,100,OK,MAP_UPDATE,OK,VISUAL_INERTIAL
1997,1761212612331,-158.26989710330963,6.093164440244436,-68.05617362260818,-0.09491588920354843,0.16644948720932007,0.33559122681617737,100,OK,MAP_UPDATE,OK,VISUAL_INERTIAL
1998,1761212612348,-160.9727293252945,5.205816123634577,-65.69956988096237,-0.09331722557544708,0.1687774807214737,0.33725759387016296,100,OK,MAP_UPDATE,OK,VISUAL_INERTIAL
1999,1761212612364,-163.49583864212036,4.166601225733757,-63.423268496990204,-0.09151940047740936,0.17029158771038055,0.3389618992805481,100,OK,MAP_UPDATE,OK,VISUAL_INERTIAL
2000,1761212612381,-165.9289300441742,3.1593721359968185,-61.223797500133514,-0.08970650285482407,0.1716887205839157,0.34077033400535583,100,OK,MAP_UPDATE,OK,VISUAL_INERTIAL
2001,1761212612398,-168.60155761241913,2.1171027328819036,-59.113986790180206,-0.08808324486017227,0.17347829043865204,0.3427444100379944,100,OK,MAP_UPDATE,OK,VISUAL_INERTIAL
2002,1761212612414,-171.1968034505844,1.0075378231704235,-57.11210146546364,-0.08658245205879211,0.17553001642227173,0.3448091745376587,100,OK,MAP_UPDATE,OK,VISUAL_INERTIAL
2003,1761212612431,-173.812597990036,-0.09785890870261937,-55.209677666425705,-0.08528214693069458,0.17736943066120148,0.3470533788204193,100,OK,MAP_UPDATE,OK,VISUAL_INERTIAL
2004,1761212612448,-176.0879009962082,-1.5286797424778342,-53.25308069586754,-0.08364444971084595,0.17853371798992157,0.3491896986961365,100,OK,MAP_UPDATE,OK,VISUAL_INERTIAL
2005,1761212612465,-178.27849090099335,-2.6177887339144945,-51.378246396780014,-0.08220657706260681,0.17965802550315857,0.3515324294567108,100,OK,MAP_UPDATE,OK,VISUAL_INERTIAL
2006,1761212612481,-180.55765330791473,-3.686204319819808,-49.64181035757065,-0.08095838874578476,0.18083049356937408,0.3541753590106964,100,OK,MAP_UPDATE,OK,VISUAL_INERTIAL
2007,1761212612498,-182.9087883234024,-4.505655262619257,-47.962486743927,-0.08011605590581894,0.18228262662887573,0.35673627257347107,100,OK,MAP_UPDATE,OK,VISUAL_INERTIAL
2008,1761212612514,-185.11705100536346,-5.1873829215765,-46.21295630931854,-0.07953040301799774,0.18397650122642517,0.3592255711555481,100,OK,MAP_UPDATE,OK,VISUAL_INERTIAL
2009,1761212612531,-187.0623379945755,-5.891121458262205,-44.54595595598221,-0.07897622138261795,0.1852257400751114,0.3615760803222656,100,OK,MAP_UPDATE,OK,VISUAL_INERTIAL
2010,1761212612548,-188.90291452407837,-6.5602934919297695,-42.81775280833244,-0.0783453956246376,0.18535692989826202,0.3638925850391388,100,OK,MAP_UPDATE,OK,VISUAL_INERTIAL
2011,1761212612564,-190.60109555721283,-7.072347216308117,-41.188303381204605,-0.07761318981647491,0.184720978140831,0.366110235452652,100,OK,MAP_UPDATE,OK,VISUAL_INERTIAL
2012,1761212612581,-192.1156942844391,-7.345407269895077,-39.77508842945099,-0.07687894999980927,0.18400317430496216,0.3680018186569214,100,OK,MAP_UPDATE,OK,VISUAL_INERTIAL
2013,1761212612598,-193.6124861240387,-7.6219369657337666,-38.38389366865158,-0.07614001631736755,0.18333305418491364,0.3694356083869934,100,OK,MAP_UPDATE,OK,VISUAL_INERTIAL
2014,1761212612614,-195.02900540828705,-7.6804012060165405,-37.13647276163101,-0.07564324140548706,0.1830991804599762,0.3702893555164337,100,OK,MAP_UPDATE,OK,VISUAL_INERTIAL
2015,1761212612631,-196.28745317459106,-7.575146853923798,-35.99931299686432,-0.07532291859388351,0.18329714238643646,0.37059009075164795,100,OK,MAP_UPDATE,OK,VISUAL_INERTIAL
2016,1761212612648,-197.31910526752472,-7.38654425367713,-34.882500767707825,-0.075102299451828,0.18400932848453522,0.3701498508453369,100,OK,MAP_UPDATE,OK,VISUAL_INERTIAL
2017,1761212612664,-197.85799086093903,-6.936418358236551,-33.83421525359154,-0.07490792125463486,0.1845015436410904,0.36922919750213623,100,OK,MAP_UPDATE,OK,VISUAL_INERTIAL
2018,1761212612681,-197.8565752506256,-6.392538081854582,-32.73532912135124,-0.07455532252788544,0.18494528532028198,0.3679354786872864,100,OK,MAP_UPDATE,OK,VISUAL_INERTIAL
2019,1761212612698,-197.5666582584381,-5.512617062777281,-31.645674258470535,-0.07429308444261551,0.1855047196149826,0.366371750831604,100,OK,MAP_UPDATE,OK,VISUAL_INERTIAL
2020,1761212612714,-197.02419638633728,-4.635322373360395,-30.51905147731304,-0.07387705892324448,0.18606649339199066,0.3645487427711487,100,OK,MAP_UPDATE,OK,VISUAL_INERTIAL
2021,1761212612731,-196.17535173892975,-3.3709544222801924,-29.413852840662003,-0.07356223464012146,0.1870623081922531,0.36230918765068054,100,OK,MAP_UPDATE,OK,VISUAL_INERTIAL
2022,1761212612748,-195.11908292770386,-2.219077665358782,-28.246115893125534,-0.07303377240896225,0.18792279064655304,0.35973215103149414,100,OK,MAP_UPDATE,OK,VISUAL_INERTIAL
2023,1761212612764,-193.809375166893,-1.0085239773616195,-27.119439095258713,-0.07238002866506577,0.18880438804626465,0.3566575348377228,100,OK,MAP_UPDATE,OK,VISUAL_INERTIAL
2024,1761212612781,-192.11514294147491,0.5689613753929734,-25.98738670349121,-0.07171649485826492,0.19004274904727936,0.3529958724975586,100,OK,MAP_UPDATE,OK,VISUAL_INERTIAL
2025,1761212612798,-190.20801782608032,2.064315602183342,-24.8026791960001,-0.07083169370889664,0.19132506847381592,0.34881487488746643,100,OK,MAP_UPDATE,OK,VISUAL_INERTIAL
2026,1761212612814,-187.9669725894928,3.6520897410809994,-23.62430840730667,-0.06983447819948196,0.1931692212820053,0.3439211845397949,100,OK,MAP_UPDATE,OK,VISUAL_INERTIAL
2027,1761212612831,-185.17883121967316,5.765559617429972,-22.4265456199646,-0.06892139464616776,0.1961774230003357,0.3381859064102173,100,OK,MAP_UPDATE,OK,VISUAL_INERTIAL
2028,1761212612848,-181.81376159191132,8.168167434632778,-21.028924733400345,-0.06813594698905945,0.20016685128211975,0.33176693320274353,100,OK,MAP_UPDATE,OK,VISUAL_INERTIAL
2029,1761212612864,-177.76958644390106,10.528335347771645,-19.682927057147026,-0.06731325387954712,0.2040252685546875,0.32471418380737305,100,OK,MAP_UPDATE,OK,VISUAL_INERTIAL
2030,1761212612881,-172.7822870016098,13.157151639461517,-18.408959731459618,-0.06644953787326813,0.20665095746517181,0.31686538457870483,100,OK,MAP_UPDATE,OK,VISUAL_INERTIAL
2031,1761212612898,-166.88913106918335,15.811925753951073,-17.216971144080162,-0.06545204669237137,0.20822499692440033,0.3082888126373291,100,OK,MAP_UPDATE,OK,VISUAL_INERTIAL
2032,1761212612914,-160.63255071640015,18.620425835251808,-16.202939674258232,-0.06459253281354904,0.20925398170948029,0.2990453839302063,100,OK,MAP_UPDATE,OK,VISUAL_INERTIAL
2033,1761212612931,-153.93933653831482,21.4017815887928,-15.297386795282364,-0.06365349888801575,0.21007809042930603,0.2891358435153961,100,OK,MAP_UPDATE,OK,VISUAL_INERTIAL
2034,1761212612948,-146.95826172828674,24.316713213920593,-14.6126514300704,-0.0628422349691391,0.21094046533107758,0.2785933315753937,100,OK,MAP_UPDATE,OK,VISUAL_INERTIAL
2035,1761212612964,-139.61561024188995,26.86803974211216,-13.999296352267265,-0.06177787482738495,0.21170362830162048,0.2675994634628296,100,OK,MAP_UPDATE,OK,VISUAL_INERTIAL
2036,1761212612981,-132.0284605026245,29.639653861522675,-13.605504296720028,-0.060913849622011185,0.21322105824947357,0.2560671865940094,100,OK,MAP_UPDATE,OK,VISUAL_INERTIAL
2037,1761212612998,-124.1573616862297,32.40467235445976,-13.241459615528584,-0.05988806113600731,0.21433193981647491,0.24424335360527039,100,OK,MAP_UPDATE,OK,VISUAL_INERTIAL
2038,1761212613014,-115.8195286989212,35.12244671583176,-12.975513003766537,-0.058705754578113556,0.2147783786058426,0.23212853074073792,100,OK,MAP_UPDATE,OK,VISUAL_INERTIAL
2039,1761212613031,-107.34482109546661,37.71834447979927,-12.758911587297916,-0.0576191246509552,0.21484829485416412,0.21996568143367767,100,OK,MAP_UPDATE,OK,VISUAL_INERTIAL
2040,1761212613048,-98.60631823539734,40.31722992658615,-12.616829946637154,-0.056705307215452194,0.21512573957443237,0.20771606266498566,100,OK,MAP_UPDATE,OK,VISUAL_INERTIAL
2041,1761212613064,-89.05920386314392,43.335262686014175,-12.509581632912159,-0.05622439831495285,0.21534419059753418,0.19538134336471558,100,OK,MAP_UPDATE,OK,VISUAL_INERTIAL
2042,1761212613081,-80.11066168546677,45.541152358055115,-12.57248129695654,-0.055270809680223465,0.21443909406661987,0.183463454246521,100,OK,MAP_UPDATE,OK,VISUAL_INERTIAL
2043,1761212613098,-71.27217948436737,47.254931181669235,-12.716065160930157,-0.054062578827142715,0.2131180614233017,0.1716914027929306,100,OK,MAP_UPDATE,OK,VISUAL_INERTIAL
2044,1761212613114,-62.470294535160065,49.08997192978859,-12.900988571345806,-0.05308966711163521,0.21201321482658386,0.16004091501235962,100,OK,MAP_UPDATE,OK,VISUAL_INERTIAL
2045,1761212613131,-53.96856367588043,51.77183449268341,-13.565990142524242,-0.053036101162433624,0.2116020768880844,0.14843341708183289,100,OK,MAP_UPDATE,OK,VISUAL_INERTIAL
2046,1761212613148,-45.722752809524536,54.261159151792526,-14.106757938861847,-0.05291929095983505,0.2111438363790512,0.13704532384872437,100,OK,MAP_UPDATE,OK,VISUAL_INERTIAL
2047,1761212613164,-37.39229217171669,56.53311684727669,-14.593747444450855,-0.05271181836724281,0.20991738140583038,0.12580376863479614,100,OK,MAP_UPDATE,OK,VISUAL_INERTIAL
2048,1761212613181,-28.813697397708893,58.808259665966034,-15.246075578033924,-0.052572667598724365,0.20797720551490784,0.11442707479000092,100,OK,MAP_UPDATE,OK,VISUAL_INERTIAL
2049,1761212613198,-20.380867645144463,60.64271926879883,-16.10526628792286,-0.05234413221478462,0.20632649958133698,0.10281869024038315,100,OK,MAP_UPDATE,OK,VISUAL_INERTIAL
2050,1761212613214,-12.144860811531544,62.083058059215546,-17.062822356820107,-0.052079007029533386,0.20510168373584747,0.09101879596710205,100,OK,MAP_UPDATE,OK,VISUAL_INERTIAL
2051,1761212613231,-3.3249002881348133,63.50395083427429,-18.143586814403534,-0.05191585794091225,0.20436252653598785,0.0785747542977333,100,OK,MAP_UPDATE,OK,VISUAL_INERTIAL
2052,1761212613248,5.235170479863882,64.79211151599884,-19.19177547097206,-0.05180756747722626,0.20393116772174835,0.06585779041051865,100,OK,MAP_UPDATE,OK,VISUAL_INERTIAL
2053,1761212613264,14.020759612321854,65.78055769205093,-20.110202953219414,-0.05150052160024643,0.2038453221321106,0.05276986584067345,100,OK,MAP_UPDATE,OK,VISUAL_INERTIAL
2054,1761212613281,23.13064970076084,66.87512993812561,-20.98366618156433,-0.051156219094991684,0.20384584367275238,0.03946644067764282,100,OK,MAP_UPDATE,OK,VISUAL_INERTIAL
2055,1761212613298,32.447148114442825,67.8265243768692,-21.74798771739006,-0.05051148310303688,0.20329812169075012,0.026313018053770065,100,OK,MAP_UPDATE,OK,VISUAL_INERTIAL
2056,1761212613314,42.2993078827858,69.45674866437912,-22.658532485365868,-0.050164904445409775,0.20218664407730103,0.01298869401216507,100,OK,MAP_UPDATE,OK,VISUAL_INERTIAL
2057,1761212613331,52.34292894601822,71.13455981016159,-23.4560277312994,-0.04978994280099869,0.20092520117759705,-0.00033247287501581013,100,OK,MAP_UPDATE,OK,VISUAL_INERTIAL
2058,1761212613348,62.19050660729408,72.70176708698273,-24.23802576959133,-0.04928135126829147,0.19997644424438477,-0.013761433772742748,100,OK,MAP_UPDATE,OK,VISUAL_INERTIAL
2059,1761212613364,71.79347425699234,74.0412250161171,-24.911830201745033,-0.04864898696541786,0.19910508394241333,-0.027188250795006752,100,OK,MAP_UPDATE,OK,VISUAL_INERTIAL
2060,1761212613381,81.26429468393326,75.10025054216385,-25.486743077635765,-0.04793659225106239,0.19838713109493256,-0.04064897447824478,100,OK,MAP_UPDATE,OK,VISUAL_INERTIAL
2061,1761212613398,90.47433733940125,76.24084502458572,-26.149218901991844,-0.047442078590393066,0.19778354465961456,-0.05399155616760254,100,OK,MAP_UPDATE,OK,VISUAL_INERTIAL
2062,1761212613414,99.72506761550903,77.15608924627304,-27.047427371144295,-0.04694557189941406,0.19744105637073517,-0.06756038963794708,100,OK,MAP_UPDATE,OK,VISUAL_INERTIAL
2063,1761212613431,108.79989713430405,77.89072394371033,-28.075573965907097,-0.04648888111114502,0.19785374402999878,-0.0813184604048729,100,OK,MAP_UPDATE,OK,VISUAL_INERTIAL
2064,1761212613448,117.49528348445892,78.66176962852478,-29.106505215168,-0.045985836535692215,0.19947782158851624,-0.09488493204116821,100,OK,MAP_UPDATE,OK,VISUAL_INERTIAL
2065,1761212613465,125.97338855266571,79.51648533344269,-30.150316655635834,-0.04558281973004341,0.20183409750461578,-0.10835662484169006,100,OK,MAP_UPDATE,OK,VISUAL_INERTIAL
2066,1761212613481,134.5473974943161,80.28313517570496,-31.04557655751705,-0.04512166604399681,0.20363201200962067,-0.12153466045856476,100,OK,MAP_UPDATE,OK,VISUAL_INERTIAL
2067,1761212613498,143.28265190124512,81.0004472732544,-31.94481134414673,-0.044748175889253616,0.20525680482387543,-0.1347285360097885,100,OK,MAP_UPDATE,OK,VISUAL_INERTIAL
2068,1761212613514,151.95824205875397,81.50523900985718,-32.65689313411713,-0.044212985783815384,0.2068578004837036,-0.147888645529747,100,OK,MAP_UPDATE,OK,VISUAL_INERTIAL
2069,1761212613531,160.46395897865295,82.0353701710701,-33.45344588160515,-0.0436953604221344,0.2088756412267685,-0.16096489131450653,100,OK,MAP_UPDATE,OK,VISUAL_INERTIAL
2070,1761212613548,168.7648445367813,81.84494078159332,-33.85224938392639,-0.04253252595663071,0.21093495190143585,-0.1739746630191803,100,OK,MAP_UPDATE,OK,VISUAL_INERTIAL
2071,1761212613565,176.81212723255157,81.78351819515228,-34.31521728634834,-0.041504520922899246,0.21303583681583405,-0.18658246099948883,100,OK,MAP_UPDATE,OK,VISUAL_INERTIAL
2072,1761212613581,184.4921112060547,81.38594776391983,-34.67485308647156,-0.04023643955588341,0.21500156819820404,-0.19870586693286896,100,OK,MAP_UPDATE,OK,VISUAL_INERTIAL
2073,1761212613598,191.9686794281006,80.47790080308914,-35.058192908763885,-0.038775715976953506,0.21723704040050507,-0.21060121059417725,100,OK,MAP_UPDATE,OK,VISUAL_INERTIAL
2074,1761212613614,199.08621907234192,79.30921018123627,-35.45837476849556,-0.03732851520180702,0.21966774761676788,-0.22211122512817383,100,OK,MAP_UPDATE,OK,VISUAL_INERTIAL
2075,1761212613631,205.9890627861023,77.71263271570206,-35.857535898685455,-0.035724133253097534,0.2221401482820511,-0.23315167427062988,100,OK,MAP_UPDATE,OK,VISUAL_INERTIAL
2076,1761212613648,212.73548901081085,76.08817517757416,-36.32332757115364,-0.03433847427368164,0.2242984175682068,-0.24378974735736847,100,OK,MAP_UPDATE,OK,VISUAL_INERTIAL
2077,1761212613664,219.03274953365326,74.37727600336075,-36.94446012377739,-0.03310314938426018,0.22641772031784058,-0.2539818584918976,100,OK,MAP_UPDATE,OK,VISUAL_INERTIAL
2078,1761212613681,224.97601807117462,72.99599796533585,-37.71306201815605,-0.032357107847929,0.2286110818386078,-0.2637201249599457,100,OK,MAP_UPDATE,OK,VISUAL_INERTIAL
2079,1761212613698,230.48736155033112,71.76543027162552,-38.62588480114937,-0.032014571130275726,0.23106209933757782,-0.27278128266334534,100,OK,MAP_UPDATE,OK,VISUAL_INERTIAL
2080,1761212613715,235.52797734737396,70.45233994722366,-39.6316759288311,-0.03184318169951439,0.23371604084968567,-0.28123587369918823,100,OK,MAP_UPDATE,OK,VISUAL_INERTIAL
2081,1761212613731,240.25635421276093,69.18918341398239,-40.727581828832626,-0.0319390669465065,0.2364141047000885,-0.28908324241638184,100,OK,MAP_UPDATE,OK,VISUAL_INERTIAL
2082,1761212613748,244.62109804153442,67.86596775054932,-41.86074435710907,-0.03205633908510208,0.23917002975940704,-0.29650336503982544,100,OK,MAP_UPDATE,OK,VISUAL_INERTIAL
2083,1761212613764,248.38006496429443,66.8482556939125,-42.79717803001404,-0.03233708441257477,0.24191443622112274,-0.3033347725868225,100,OK,MAP_UPDATE,OK,VISUAL_INERTIAL
2084,1761212613781,252.15277075767517,65.85943698883057,-43.83189603686333,-0.03279680386185646,0.2446274310350418,-0.3098997473716736,100,OK,MAP_UPDATE,OK,VISUAL_INERTIAL
2085,1761212613798,255.9962272644043,64.21061605215073,-44.92950811982155,-0.03298060595989227,0.2468322515487671,-0.31598636507987976,100,OK,MAP_UPDATE,OK,VISUAL_INERTIAL
2086,1761212613814,255.9962272644043,64.21061605215073,-44.92950811982155,-0.03298060595989227,0.2468322515487671,-0.31598636507987976,100,OK,MAP_UPDATE,OK,VISUAL_INERTIAL
2087,1761212613831,263.4847164154053,61.982374638319016,-47.1932478249073,-0.03418092802166939,0.24729646742343903,-0.3257264494895935,100,OK,MAP_UPDATE,OK,VISUAL_INERTIAL
2088,1761212613848,265.86535573005676,59.98545140028,-48.05866628885269,-0.03385186567902565,0.24752399325370789,-0.330204576253891,100,OK,MAP_UPDATE,OK,VISUAL_INERTIAL
2089,1761212613864,267.90377497673035,57.99233168363571,-48.73620346188545,-0.0331924669444561,0.24915330111980438,-0.3347683548927307,100,OK,MAP_UPDATE,OK,VISUAL_INERTIAL
2090,1761212613881,269.9919641017914,56.18797987699509,-49.231693148612976,-0.032509028911590576,0.2508719265460968,-0.33910349011421204,100,OK,MAP_UPDATE,OK,VISUAL_INERTIAL
2091,1761212613898,272.3873257637024,54.63428050279617,-49.68515411019325,-0.032074104994535446,0.25150883197784424,-0.34318652749061584,100,OK,MAP_UPDATE,OK,VISUAL_INERTIAL
2092,1761212613914,274.79633688926697,53.06047573685646,-50.0616729259491,-0.031538691371679306,0.2510799765586853,-0.347170352935791,100,OK,MAP_UPDATE,OK,VISUAL_INERTIAL
2093,1761212613931,277.4069905281067,51.501695066690445,-50.34377798438072,-0.031047586351633072,0.25055429339408875,-0.35119009017944336,100,OK,MAP_UPDATE,OK,VISUAL_INERTIAL
2094,1761212613948,279.93643283843994,49.7259795665741,-50.505269318819046,-0.03019096329808235,0.2511975169181824,-0.35555142164230347,100,OK,MAP_UPDATE,OK,VISUAL_INERTIAL
2095,1761212613964,282.34559297561646,47.7261058986187,-50.58009922504425,-0.0289121363312006,0.25269457697868347,-0.36017560958862305,100,OK,MAP_UPDATE,OK,VISUAL_INERTIAL
2096,1761212613981,284.9957048892975,46.00010812282562,-50.76825991272926,-0.027800913900136948,0.2542542517185211,-0.3650367259979248,100,OK,MAP_UPDATE,OK,VISUAL_INERTIAL
2097,1761212613998,288.09091448783875,44.3420447409153,-50.97106099128723,-0.026889899745583534,0.25431135296821594,-0.36990439891815186,100,OK,MAP_UPDATE,OK,VISUAL_INERTIAL
2098,1761212614014,291.5026545524597,42.661044746637344,-51.24522000551224,-0.026157109066843987,0.25332120060920715,-0.3749549090862274,100,OK,MAP_UPDATE,OK,VISUAL_INERTIAL
2099,1761212614031,294.88319158554077,40.97096249461174,-51.49844288825989,-0.025349074974656105,0.2528555691242218,-0.3804130554199219,100,OK,MAP_UPDATE,OK,VISUAL_INERTIAL
2100,1761212614048,298.1126010417938,39.37964141368866,-51.734838634729385,-0.02459517866373062,0.25305992364883423,-0.3863408863544464,100,OK,MAP_UPDATE,OK,VISUAL_INERTIAL
2101,1761212614064,301.469624042511,37.48700022697449,-52.04634740948677,-0.023798400536179543,0.2535994052886963,-0.39266133308410645,100,OK,MAP_UPDATE,OK,VISUAL_INERTIAL
2102,1761212614081,305.17441034317017,35.45538708567619,-52.61988565325737,-0.02331763319671154,0.2541234493255615,-0.3993504047393799,100,OK,MAP_UPDATE,OK,VISUAL_INERTIAL
2103,1761212614098,309.1229200363159,33.2624651491642,-53.31714078783989,-0.023063072934746742,0.25449228286743164,-0.40634986758232117,100,OK,MAP_UPDATE,OK,VISUAL_INERTIAL
2104,1761212614114,313.30791115760803,30.8730099350214,-54.2287677526474,-0.023031795397400856,0.2549265921115875,-0.4136521816253662,100,OK,MAP_UPDATE,OK,VISUAL_INERTIAL
2105,1761212614131,317.6370859146118,28.246425092220306,-55.41648715734482,-0.023186780512332916,0.25563791394233704,-0.42136237025260925,100,OK,MAP_UPDATE,OK,VISUAL_INERTIAL
2106,1761212614148,321.8497633934021,25.488201528787613,-56.65738880634308,-0.023420607671141624,0.256456196308136,-0.42944395542144775,100,OK,MAP_UPDATE,OK,VISUAL_INERTIAL
2107,1761212614164,325.6859481334686,21.82629704475403,-58.057934045791626,-0.023337803781032562,0.2573782205581665,-0.43730244040489197,100,OK,MAP_UPDATE,OK,VISUAL_INERTIAL
2108,1761212614181,329.80313897132874,18.74573901295662,-59.64534357190132,-0.023785363882780075,0.25800034403800964,-0.4452683925628662,100,OK,MAP_UPDATE,OK,VISUAL_INERTIAL
2109,1761212614198,334.1425657272339,15.860691666603088,-61.35815382003784,-0.024531472474336624,0.25816240906715393,-0.4534386098384857,100,OK,MAP_UPDATE,OK,VISUAL_INERTIAL
2110,1761212614214,338.7236297130585,12.88873516023159,-63.229501247406006,-0.025511955842375755,0.2576840817928314,-0.4616665840148926,100,OK,MAP_UPDATE,OK,VISUAL_INERTIAL
2111,1761212614231,343.56072545051575,10.75261365622282,-65.51564484834671,-0.027272773906588554,0.2573007047176361,-0.47025007009506226,100,OK,LOOP_CLOSED,OK,VISUAL_INERTIAL
2112,1761212614248,347.69734740257263,7.7737439423799515,-67.36531853675842,-0.028476092964410782,0.25716087222099304,-0.4782930612564087,100,OK,MAP_UPDATE,OK,VISUAL_INERTIAL
2113,1761212614264,351.5895903110504,4.756425507366657,-69.27813589572906,-0.029738349840044975,0.25702086091041565,-0.48622116446495056,100,OK,MAP_UPDATE,OK,VISUAL_INERTIAL
2114,1761212614281,355.40252923965454,1.8461743602529168,-71.37958705425262,-0.031313516199588776,0.25708895921707153,-0.49410247802734375,100,OK,MAP_UPDATE,OK,VISUAL_INERTIAL
2115,1761212614298,359.02711749076843,-0.8577397093176842,-73.48904758691788,-0.03305738419294357,0.25758782029151917,-0.5014046430587769,100,OK,MAP_UPDATE,OK,VISUAL_INERTIAL
2116,1761212614314,362.4058663845062,-3.5454886965453625,-75.6918117403984,-0.03488006442785263,0.25838565826416016,-0.5084081888198853,100,OK,MAP_UPDATE,OK,VISUAL_INERTIAL
2117,1761212614331,365.6156361103058,-5.872228182852268,-77.95984297990799,-0.03680466115474701,0.259359747171402,-0.514858603477478,100,OK,MAP_UPDATE,OK,VISUAL_INERTIAL
2118,1761212614348,368.4498965740204,-8.033332414925098,-80.12768626213074,-0.03848913684487343,0.2606915533542633,-0.5206968784332275,100,OK,MAP_UPDATE,OK,VISUAL_INERTIAL
2119,1761212614364,371.23870849609375,-9.807109832763672,-82.24644511938095,-0.040368180721998215,0.2625035047531128,-0.5257513523101807,100,OK,MAP_UPDATE,OK,VISUAL_INERTIAL
2120,1761212614381,373.9851117134094,-10.98236907273531,-84.44051444530487,-0.042462266981601715,0.2647910416126251,-0.530554473400116,100,OK,MAP_UPDATE,OK,VISUAL_INERTIAL
2121,1761212614398,376.27896666526794,-12.06769235432148,-86.48429811000824,-0.0442933589220047,0.26767557859420776,-0.5341647863388062,100,OK,MAP_UPDATE,OK,VISUAL_INERTIAL
2122,1761212614414,378.07467579841614,-13.308195397257805,-88.55811506509781,-0.04588994383811951,0.270916610956192,-0.5367748737335205,100,OK,MAP_UPDATE,OK,VISUAL_INERTIAL
2123,1761212614431,379.24009561538696,-14.186165295541286,-90.31368046998978,-0.04744772985577583,0.2743772268295288,-0.5386297106742859,100,OK,MAP_UPDATE,OK,VISUAL_INERTIAL
2124,1761212614448,379.9499273300171,-15.06955549120903,-91.99877083301544,-0.04884771257638931,0.2780619263648987,-0.5398983955383301,100,OK,MAP_UPDATE,OK,VISUAL_INERTIAL
2125,1761212614464,380.3514540195465,-16.00605435669422,-93.78886967897415,-0.05018964037299156,0.28183770179748535,-0.5407543778419495,100,OK,MAP_UPDATE,OK,VISUAL_INERTIAL
2126,1761212614481,380.607008934021,-16.69515296816826,-95.58310359716415,-0.05185665935277939,0.28542810678482056,-0.5414413213729858,100,OK,MAP_UPDATE,OK,VISUAL_INERTIAL
2127,1761212614498,380.80382347106934,-17.345603555440903,-97.28728234767914,-0.05370010808110237,0.28888195753097534,-0.5420869588851929,100,OK,MAP_UPDATE,OK,VISUAL_INERTIAL
2128,1761212614514,381.00531697273254,-18.002141267061234,-99.31133687496185,-0.05593755468726158,0.2918969988822937,-0.5426051020622253,100,OK,MAP_UPDATE,OK,VISUAL_INERTIAL
2129,1761212614531,381.0119330883026,-18.362756818532944,-101.26356780529022,-0.058234360069036484,0.29430630803108215,-0.5428494215011597,100,OK,MAP_UPDATE,OK,VISUAL_INERTIAL
2130,1761212614548,380.8215260505676,-18.675556406378746,-103.10240089893341,-0.060499053448438644,0.2965541183948517,-0.5429055094718933,100,OK,MAP_UPDATE,OK,VISUAL_INERTIAL
2131,1761212614564,380.67924976348877,-18.689250573515892,-104.92175817489624,-0.06288786232471466,0.2993185222148895,-0.5428965091705322,100,OK,MAP_UPDATE,OK,VISUAL_INERTIAL
2132,1761212614581,380.41454553604126,-18.509231507778168,-106.76959902048111,-0.06531815975904465,0.3020879924297333,-0.5425755977630615,100,OK,MAP_UPDATE,OK,VISUAL_INERTIAL
2133,1761212614598,379.86353039741516,-18.312441185116768,-108.50418359041214,-0.06770970672369003,0.30406948924064636,-0.5417764186859131,100,OK,MAP_UPDATE,OK,VISUAL_INERTIAL
2134,1761212614614,379.8806369304657,-17.889367416501045,-110.30535399913788,-0.07117674499750137,0.30380529165267944,-0.540560781955719,100,OK,MAP_UPDATE,OK,VISUAL_INERTIAL
2135,1761212614631,379.72599267959595,-17.14635081589222,-112.52167820930481,-0.07517314702272415,0.3016808032989502,-0.5389748215675354,100,OK,MAP_UPDATE,OK,VISUAL_INERTIAL
2136,1761212614648,378.8720369338989,-16.48971438407898,-114.46888744831085,-0.07874254137277603,0.3002183437347412,-0.5372689962387085,100,OK,MAP_UPDATE,OK,VISUAL_INERTIAL
2137,1761212614664,377.2030770778656,-15.94928465783596,-116.30801111459732,-0.08166240900754929,0.3003528118133545,-0.5354978442192078,100,OK,MAP_UPDATE,OK,VISUAL_INERTIAL
2138,1761212614681,375.06672739982605,-15.29926247894764,-118.0725172162056,-0.08439546078443527,0.3019063472747803,-0.5335037112236023,100,OK,MAP_UPDATE,OK,VISUAL_INERTIAL
2139,1761212614698,372.8117346763611,-14.63147159665823,-119.83045190572739,-0.08703703433275223,0.30381834506988525,-0.5311555862426758,100,OK,MAP_UPDATE,OK,VISUAL_INERTIAL
2140,1761212614714,370.11197209358215,-13.6498361825943,-121.68864160776138,-0.08988043665885925,0.30446121096611023,-0.5281388163566589,100,OK,MAP_UPDATE,OK,VISUAL_INERTIAL
2141,1761212614764,363.0032539367676,-9.486746042966843,-126.33274495601654,-0.09836814552545547,0.30399683117866516,-0.5161433815956116,100,OK,MAP_UPDATE,OK,VISUAL_INERTIAL
2142,1761212614781,359.6002757549286,-7.085788529366255,-127.8020441532135,-0.10132218152284622,0.304057240486145,-0.5110587477684021,100,OK,MAP_UPDATE,OK,VISUAL_INERTIAL
2143,1761212614798,356.0969829559326,-4.805187229067087,-129.00303304195404,-0.10362885147333145,0.30456864833831787,-0.5052622556686401,100,OK,MAP_UPDATE,OK,VISUAL_INERTIAL
2144,1761212614814,352.16623544692993,-2.2315673995763063,-129.9147754907608,-0.10542716085910797,0.30574116110801697,-0.4988812506198883,100,OK,MAP_UPDATE,OK,VISUAL_INERTIAL
2145,1761212614831,347.81989455223083,0.36717081093229353,-130.54537773132324,-0.10674654692411423,0.3075968623161316,-0.49172747135162354,100,OK,MAP_UPDATE,OK,VISUAL_INERTIAL
2146,1761212614848,343.0512249469757,3.210906870663166,-131.03288412094116,-0.10788572579622269,0.3094235360622406,-0.4837797284126282,100,OK,MAP_UPDATE,OK,VISUAL_INERTIAL
2147,1761212614864,338.0179703235626,6.223686970770359,-131.33510947227478,-0.10892920196056366,0.31091269850730896,-0.47524985671043396,100,OK,MAP_UPDATE,OK,VISUAL_INERTIAL
2148,1761212614881,332.4640989303589,9.541664272546768,-131.3381791114807,-0.1099093034863472,0.31238651275634766,-0.465874046087265,100,OK,MAP_UPDATE,OK,VISUAL_INERTIAL
2149,1761212614898,326.66563987731934,12.919256463646889,-131.1650276184082,-0.11084742099046707,0.3133277893066406,-0.45563197135925293,100,OK,MAP_UPDATE,OK,VISUAL_INERTIAL
2150,1761212614915,320.57181000709534,16.32039062678814,-130.76551258563995,-0.11193195730447769,0.31318432092666626,-0.4442438781261444,100,OK,MAP_UPDATE,OK,VISUAL_INERTIAL
2151,1761212614931,314.0582740306854,19.74342204630375,-130.16021251678467,-0.11251584440469742,0.31335926055908203,-0.4324769675731659,100,OK,MAP_UPDATE,OK,VISUAL_INERTIAL
2152,1761212614948,307.0550858974457,23.13377521932125,-129.31622564792633,-0.11258125305175781,0.31393128633499146,-0.42032572627067566,100,OK,MAP_UPDATE,OK,VISUAL_INERTIAL
2153,1761212614965,299.3142008781433,26.278438046574593,-128.1520277261734,-0.1120898574590683,0.31482014060020447,-0.40773484110832214,100,OK,MAP_UPDATE,OK,VISUAL_INERTIAL
2154,1761212614981,291.5462255477905,29.41182442009449,-126.81956589221954,-0.110985666513443,0.3172028362751007,-0.39547407627105713,100,OK,MAP_UPDATE,OK,VISUAL_INERTIAL
2155,1761212614998,283.62375497817993,32.45113417506218,-125.16829371452332,-0.109406977891922,0.32015448808670044,-0.38311269879341125,100,OK,MAP_UPDATE,OK,VISUAL_INERTIAL
2156,1761212615014,275.9460508823395,35.27481481432915,-123.29873442649841,-0.10760772228240967,0.3225979506969452,-0.3707963526248932,100,OK,MAP_UPDATE,OK,VISUAL_INERTIAL
2157,1761212615031,268.3916687965393,38.006432354450226,-121.29810452461243,-0.1057729572057724,0.3243669271469116,-0.35854479670524597,100,OK,MAP_UPDATE,OK,VISUAL_INERTIAL
2158,1761212615048,260.6520354747772,40.71732237935066,-119.24661695957184,-0.10376355797052383,0.3271258771419525,-0.3465788662433624,100,OK,MAP_UPDATE,OK,VISUAL_INERTIAL
2159,1761212615064,252.813458442688,43.29493269324303,-116.86337739229202,-0.10134498029947281,0.33115506172180176,-0.3348442316055298,100,OK,MAP_UPDATE,OK,VISUAL_INERTIAL
2160,1761212615081,245.17743289470673,46.088606119155884,-114.13901299238205,-0.09888575971126556,0.33497756719589233,-0.3230069577693939,100,OK,MAP_UPDATE,OK,VISUAL_INERTIAL
2161,1761212615098,237.65677213668823,48.49148541688919,-111.3731786608696,-0.09613107144832611,0.3381436765193939,-0.3111829161643982,100,OK,MAP_UPDATE,OK,VISUAL_INERTIAL
2162,1761212615114,230.12085258960724,50.753116607666016,-108.44189673662186,-0.09323472529649734,0.34103116393089294,-0.2992534935474396,100,OK,MAP_UPDATE,OK,VISUAL_INERTIAL
2163,1761212615131,222.31115400791168,52.73022875189781,-105.43613880872726,-0.09025749564170837,0.3436153531074524,-0.28743281960487366,100,OK,MAP_UPDATE,OK,VISUAL_INERTIAL
2164,1761212615148,214.56198394298553,54.26238849759102,-102.38349437713623,-0.08718861639499664,0.34624260663986206,-0.2758852243423462,100,OK,MAP_UPDATE,OK,VISUAL_INERTIAL
2165,1761212615164,206.9116085767746,55.86783587932587,-99.38517212867737,-0.08432695269584656,0.3494679033756256,-0.26455163955688477,100,OK,MAP_UPDATE,OK,VISUAL_INERTIAL
2166,1761212615181,199.3490308523178,57.14622512459755,-96.35162353515625,-0.08145513385534286,0.3527531623840332,-0.2532236874103546,100,OK,MAP_UPDATE,OK,VISUAL_INERTIAL
2167,1761212615198,191.84572994709015,58.24115499854088,-93.19368749856949,-0.07874669134616852,0.3556646406650543,-0.24185702204704285,100,OK,MAP_UPDATE,OK,VISUAL_INERTIAL
2168,1761212615215,184.9520355463028,59.73168462514877,-90.2969092130661,-0.07663554698228836,0.35755839943885803,-0.2307479977607727,100,OK,MAP_UPDATE,OK,VISUAL_INERTIAL
2169,1761212615231,178.21791768074036,61.039552092552185,-87.35007047653198,-0.07446236163377762,0.3585023581981659,-0.2198418825864792,100,OK,MAP_UPDATE,OK,VISUAL_INERTIAL
2170,1761212615248,171.50723934173584,62.23062053322792,-84.36562865972519,-0.07227439433336258,0.35908040404319763,-0.2089049071073532,100,OK,MAP_UPDATE,OK,VISUAL_INERTIAL
2171,1761212615264,164.83603417873383,63.32894414663315,-81.43170177936554,-0.07001500576734543,0.3599967360496521,-0.1984340250492096,100,OK,MAP_UPDATE,OK,VISUAL_INERTIAL
2172,1761212615281,158.23706984519958,64.36067074537277,-78.55106145143509,-0.06778636574745178,0.3615247309207916,-0.18804369866847992,100,OK,MAP_UPDATE,OK,VISUAL_INERTIAL
2173,1761212615298,151.71962976455688,65.32566994428635,-75.68102329969406,-0.0655754804611206,0.3635713458061218,-0.1779530793428421,100,OK,MAP_UPDATE,OK,VISUAL_INERTIAL
2174,1761212615314,145.8476036787033,66.26211106777191,-73.00965487957001,-0.06359755247831345,0.3653152287006378,-0.16822220385074615,100,OK,MAP_UPDATE,OK,VISUAL_INERTIAL
2175,1761212615331,139.99933004379272,67.12614744901657,-70.44056057929993,-0.06186559423804283,0.3661211431026459,-0.1581679731607437,100,OK,MAP_UPDATE,OK,VISUAL_INERTIAL
2176,1761212615348,134.4979852437973,67.91253387928009,-68.08259338140488,-0.06037556752562523,0.3659400939941406,-0.1480010449886322,100,OK,MAP_UPDATE,OK,VISUAL_INERTIAL
2177,1761212615364,128.91684472560883,68.44235956668854,-65.77451527118683,-0.058885663747787476,0.3656960725784302,-0.13795500993728638,100,OK,MAP_UPDATE,OK,VISUAL_INERTIAL
2178,1761212615381,123.16996604204178,68.79023462533951,-63.56105953454971,-0.057515375316143036,0.36508601903915405,-0.12787635624408722,100,OK,MAP_UPDATE,OK,VISUAL_INERTIAL
2179,1761212615398,117.52421408891678,69.56522166728973,-61.776503920555115,-0.056856438517570496,0.36396077275276184,-0.11812379956245422,100,OK,MAP_UPDATE,OK,VISUAL_INERTIAL
2180,1761212615414,111.62417382001877,69.916270673275,-60.01375615596771,-0.05624637007713318,0.3630165159702301,-0.10809259116649628,100,OK,MAP_UPDATE,OK,VISUAL_INERTIAL
2181,1761212615431,105.57997226715088,69.97410953044891,-58.362457901239395,-0.055874571204185486,0.3625796139240265,-0.09796831011772156,100,OK,MAP_UPDATE,OK,VISUAL_INERTIAL
2182,1761212615448,99.54360872507095,69.58811730146408,-57.017941027879715,-0.05576290562748909,0.3616991639137268,-0.08785738050937653,100,OK,MAP_UPDATE,OK,VISUAL_INERTIAL
2183,1761212615464,93.61516684293747,69.18901950120926,-55.92713505029678,-0.056358978152275085,0.3605708181858063,-0.07769505679607391,100,OK,MAP_UPDATE,OK,VISUAL_INERTIAL
2184,1761212615481,87.60154992341995,68.61726194620132,-55.2038848400116,-0.05754987150430679,0.35969290137290955,-0.06782104074954987,100,OK,MAP_UPDATE,OK,VISUAL_INERTIAL
2185,1761212615498,81.57163113355637,67.83568859100342,-54.86410856246948,-0.059218503534793854,0.35869431495666504,-0.05816257745027542,100,OK,MAP_UPDATE,OK,VISUAL_INERTIAL
2186,1761212615514,75.5581334233284,67.00310856103897,-54.93514984846115,-0.06152195483446121,0.3574037253856659,-0.04863780736923218,100,OK,MAP_UPDATE,OK,VISUAL_INERTIAL
2187,1761212615531,69.74108517169952,66.35398417711258,-55.694688111543655,-0.06466448307037354,0.3540395200252533,-0.039388060569763184,100,OK,MAP_UPDATE,OK,VISUAL_INERTIAL
2188,1761212615548,64.2651617527008,65.788634121418,-56.69395998120308,-0.06826870143413544,0.3493133783340454,-0.0301345307379961,100,OK,MAP_UPDATE,OK,VISUAL_INERTIAL
2189,1761212615564,58.39298665523529,64.87178802490234,-58.035414665937424,-0.0720512643456459,0.344431608915329,-0.02096804790198803,100,OK,MAP_UPDATE,OK,VISUAL_INERTIAL
2190,1761212615581,52.393779158592224,63.75496834516525,-59.538815170526505,-0.07611150294542313,0.3403007388114929,-0.01214411947876215,100,OK,MAP_UPDATE,OK,VISUAL_INERTIAL
2191,1761212615598,46.57141864299774,62.64191120862961,-61.338070780038834,-0.0806143656373024,0.3365071713924408,-0.003762386040762067,100,OK,MAP_UPDATE,OK,VISUAL_INERTIAL
2192,1761212615614,40.865324437618256,61.6297572851181,-63.40006738901138,-0.08556033670902252,0.33235329389572144,0.004360669758170843,100,OK,MAP_UPDATE,OK,VISUAL_INERTIAL
2193,1761212615631,35.411082208156586,60.692302882671356,-65.5347928404808,-0.09078660607337952,0.3275095522403717,0.012615082785487175,100,OK,MAP_UPDATE,OK,VISUAL_INERTIAL
2194,1761212615648,30.24846315383911,59.65293571352959,-67.77067482471466,-0.09596697986125946,0.3222946524620056,0.020971380174160004,100,OK,MAP_UPDATE,OK,VISUAL_INERTIAL
2195,1761212615664,25.087906047701836,58.667443692684174,-70.07603347301483,-0.10117742419242859,0.31690672039985657,0.029349496588110924,100,OK,MAP_UPDATE,OK,VISUAL_INERTIAL
2196,1761212615681,19.778188318014145,57.595908641815186,-72.45384156703949,-0.10632690042257309,0.3122565448284149,0.037479862570762634,100,OK,MAP_UPDATE,OK,VISUAL_INERTIAL
2197,1761212615698,14.346920885145664,56.24968558549881,-74.7530460357666,-0.11140722036361694,0.30862319469451904,0.045361462980508804,100,OK,MAP_UPDATE,OK,VISUAL_INERTIAL
2198,1761212615714,8.978012949228287,54.35200035572052,-76.78139954805374,-0.11631353199481964,0.305433064699173,0.053254738450050354,100,OK,MAP_UPDATE,OK,VISUAL_INERTIAL
2199,1761212615731,3.9360756054520607,53.10344696044922,-79.2984813451767,-0.12188799679279327,0.30293282866477966,0.0609198734164238,100,OK,MAP_UPDATE,OK,VISUAL_INERTIAL
2200,1761212615748,-1.1123312870040536,50.86279287934303,-81.60780370235443,-0.12702339887619019,0.300563246011734,0.06847736984491348,100,OK,MAP_UPDATE,OK,VISUAL_INERTIAL
2201,1761212615764,-5.878391209989786,48.32965135574341,-84.07586812973022,-0.13252264261245728,0.2979678213596344,0.07601800560951233,100,OK,MAP_UPDATE,OK,VISUAL_INERTIAL
2202,1761212615781,-10.823112912476063,46.301063150167465,-87.2059017419815,-0.13923048973083496,0.29605627059936523,0.08332134783267975,100,OK,MAP_UPDATE,OK,VISUAL_INERTIAL
2203,1761212615798,-15.798261389136314,44.49600353837013,-90.75609594583511,-0.14668358862400055,0.29452186822891235,0.09038686007261276,100,OK,MAP_UPDATE,OK,VISUAL_INERTIAL
2204,1761212615814,-20.211445167660713,42.40020364522934,-94.36382353305817,-0.1540978103876114,0.2930711805820465,0.09706758707761765,100,OK,MAP_UPDATE,OK,VISUAL_INERTIAL
2205,1761212615831,-24.53887276351452,40.06121680140495,-98.17957133054733,-0.1618768274784088,0.2909398376941681,0.10370562225580215,100,OK,MAP_UPDATE,OK,VISUAL_INERTIAL
2206,1761212615848,-28.80576066672802,37.95463591814041,-102.40382701158524,-0.17005911469459534,0.2881038784980774,0.11005454510450363,100,OK,MAP_UPDATE,OK,VISUAL_INERTIAL
2207,1761212615865,-32.98168256878853,36.17039695382118,-106.8386361002922,-0.1785094439983368,0.2846412658691406,0.11609282344579697,100,OK,MAP_UPDATE,OK,VISUAL_INERTIAL
2208,1761212615881,-36.818716675043106,34.382108598947525,-111.37908697128296,-0.18708062171936035,0.2812185287475586,0.1217595711350441,100,OK,MAP_UPDATE,OK,VISUAL_INERTIAL
2209,1761212615898,-40.838465094566345,32.73851051926613,-116.12564325332642,-0.19616755843162537,0.27808117866516113,0.12723076343536377,100,OK,MAP_UPDATE,OK,VISUAL_INERTIAL
2210,1761212615914,-44.67262327671051,31.140759587287903,-120.95046043395996,-0.20536790788173676,0.27554619312286377,0.1323096603155136,100,OK,MAP_UPDATE,OK,VISUAL_INERTIAL
2211,1761212615931,-48.35642874240875,29.59940955042839,-125.78526139259338,-0.2145850956439972,0.2736233174800873,0.1370069533586502,100,OK,MAP_UPDATE,OK,VISUAL_INERTIAL
2212,1761212615948,-50.84941163659096,28.389690443873405,-130.5776983499527,-0.22385573387145996,0.27235060930252075,0.14150622487068176,100,OK,MAP_UPDATE,OK,VISUAL_INERTIAL
2213,1761212615964,-53.29229310154915,26.80807374417782,-135.3088915348053,-0.23273533582687378,0.2704886794090271,0.1457313597202301,100,OK,MAP_UPDATE,OK,VISUAL_INERTIAL
2214,1761212615981,-55.82813173532486,25.082837790250778,-140.15460014343262,-0.24154847860336304,0.26813700795173645,0.14967937767505646,100,OK,MAP_UPDATE,OK,VISUAL_INERTIAL
2215,1761212615998,-58.01109969615936,23.176316171884537,-144.6092128753662,-0.24962565302848816,0.2658301591873169,0.1532595455646515,100,OK,MAP_UPDATE,OK,VISUAL_INERTIAL
2216,1761212616014,-60.008782893419266,21.428503096103668,-148.93633127212524,-0.25746574997901917,0.2637958228588104,0.15653857588768005,100,OK,MAP_UPDATE,OK,VISUAL_INERTIAL
2217,1761212616031,-62.1989332139492,19.633663818240166,-153.1369835138321,-0.2646559476852417,0.26228490471839905,0.159459188580513,100,OK,MAP_UPDATE,OK,VISUAL_INERTIAL
2218,1761212616048,-64.56036120653152,17.989695072174072,-157.03967213630676,-0.27154356241226196,0.26130449771881104,0.16200236976146698,100,OK,MAP_UPDATE,OK,VISUAL_INERTIAL
2219,1761212616064,-66.74683094024658,16.260230913758278,-160.6406569480896,-0.2778358459472656,0.2608111798763275,0.1640787273645401,100,OK,MAP_UPDATE,OK,VISUAL_INERTIAL
2220,1761212616081,-68.95822286605835,14.635133557021618,-164.15779292583466,-0.2840690016746521,0.2623324990272522,0.1652659773826599,100,OK,MAP_UPDATE,OK,VISUAL_INERTIAL
2221,1761212616098,-71.62053883075714,13.080915436148643,-167.2767996788025,-0.29008421301841736,0.2657380998134613,0.16603024303913116,100,OK,MAP_UPDATE,OK,VISUAL_INERTIAL
2222,1761212616114,-73.92281293869019,11.585304513573647,-170.16738653182983,-0.29560938477516174,0.2694453001022339,0.16657286882400513,100,OK,MAP_UPDATE,OK,VISUAL_INERTIAL
2223,1761212616131,-75.42534917593002,10.222319513559341,-172.39409685134888,-0.3004550635814667,0.2722702622413635,0.16773679852485657,100,OK,MAP_UPDATE,OK,VISUAL_INERTIAL
2224,1761212616148,-76.91953331232071,8.881677873432636,-174.26832020282745,-0.30474886298179626,0.2754862904548645,0.16904573142528534,100,OK,MAP_UPDATE,OK,VISUAL_INERTIAL
2225,1761212616164,-78.78932356834412,7.766908034682274,-175.9505420923233,-0.3086981475353241,0.2789304554462433,0.1706649512052536,100,OK,MAP_UPDATE,OK,VISUAL_INERTIAL
2226,1761212616181,-80.44841140508652,6.384783424437046,-177.35134065151215,-0.3122398555278778,0.28237128257751465,0.17250485718250275,100,OK,MAP_UPDATE,OK,VISUAL_INERTIAL
2227,1761212616198,-82.09092170000076,4.775936249643564,-178.54231595993042,-0.31522369384765625,0.28451821208000183,0.1747148334980011,100,OK,MAP_UPDATE,OK,VISUAL_INERTIAL
2228,1761212616214,-84.26648378372192,2.1667242981493473,-179.9701452255249,-0.3173152208328247,0.28516215085983276,0.1772487908601761,100,OK,MAP_UPDATE,OK,VISUAL_INERTIAL
2229,1761212616231,-85.91467887163162,0.5710668629035354,-180.9607297182083,-0.3197404742240906,0.28576087951660156,0.1795455664396286,100,OK,MAP_UPDATE,OK,VISUAL_INERTIAL
2230,1761212616248,-87.84168213605881,-1.1450914898887277,-181.96150660514832,-0.32223767042160034,0.28666794300079346,0.18193863332271576,100,OK,MAP_UPDATE,OK,VISUAL_INERTIAL
2231,1761212616265,-90.11760354042053,-2.9876918997615576,-183.0473393201828,-0.32491886615753174,0.28822025656700134,0.18432709574699402,100,OK,MAP_UPDATE,OK,VISUAL_INERTIAL
2232,1761212616281,-92.43825823068619,-4.773045424371958,-184.1021329164505,-0.32785215973854065,0.2899768054485321,0.18697600066661835,100,OK,MAP_UPDATE,OK,VISUAL_INERTIAL
2233,1761212616298,-94.78127956390381,-6.741143297404051,-185.40458381175995,-0.3310360610485077,0.29149454832077026,0.1897842288017273,100,OK,MAP_UPDATE,OK,VISUAL_INERTIAL
2234,1761212616314,-97.27618098258972,-8.807550184428692,-186.826691031456,-0.33445513248443604,0.2926552891731262,0.19275151193141937,100,OK,MAP_UPDATE,OK,VISUAL_INERTIAL
2235,1761212616331,-99.79941695928574,-10.90920064598322,-188.44978511333466,-0.3382355570793152,0.29349711537361145,0.19586101174354553,100,OK,MAP_UPDATE,OK,VISUAL_INERTIAL
2236,1761212616348,-102.44900733232498,-13.072284869849682,-190.19879400730133,-0.3422131836414337,0.29413726925849915,0.1991480141878128,100,OK,MAP_UPDATE,OK,VISUAL_INERTIAL
2237,1761212616364,-105.32835870981216,-15.224670991301537,-192.0281946659088,-0.3465252220630646,0.2952275276184082,0.20246940851211548,100,OK,MAP_UPDATE,OK,VISUAL_INERTIAL
2238,1761212616381,-108.31170529127121,-17.472151666879654,-194.00161504745483,-0.35101380944252014,0.296480655670166,0.2059599757194519,100,OK,MAP_UPDATE,OK,VISUAL_INERTIAL
2239,1761212616398,-111.2869456410408,-19.742973148822784,-195.96539437770844,-0.3557174503803253,0.2976694405078888,0.2096882462501526,100,OK,MAP_UPDATE,OK,VISUAL_INERTIAL
2240,1761212616414,-114.23783004283905,-21.99767716228962,-198.10344278812408,-0.3606434166431427,0.29854854941368103,0.21354793012142181,100,OK,MAP_UPDATE,OK,VISUAL_INERTIAL
2241,1761212616431,-117.11698025465012,-24.17873777449131,-200.27555525302887,-0.3657715916633606,0.2991217076778412,0.21742340922355652,100,OK,MAP_UPDATE,OK,VISUAL_INERTIAL
2242,1761212616448,-119.98817324638367,-26.24625898897648,-202.51038670539856,-0.37094104290008545,0.2994537651538849,0.22111620008945465,100,OK,MAP_UPDATE,OK,VISUAL_INERTIAL
2243,1761212616464,-122.7479800581932,-28.262756764888763,-204.4605165719986,-0.3758004307746887,0.29969102144241333,0.22479313611984253,100,OK,MAP_UPDATE,OK,VISUAL_INERTIAL
2244,1761212616481,-125.53435564041138,-30.257171019911766,-206.32922649383545,-0.3804873526096344,0.2999434769153595,0.22812387347221375,100,OK,MAP_UPDATE,OK,VISUAL_INERTIAL
2245,1761212616498,-128.17172706127167,-32.21584856510162,-208.1374228000641,-0.3848559558391571,0.3003320097923279,0.2313268631696701,100,OK,MAP_UPDATE,OK,VISUAL_INERTIAL
2246,1761212616515,-130.70952892303467,-34.07633677124977,-209.8814994096756,-0.3890761137008667,0.3008669912815094,0.23441272974014282,100,OK,MAP_UPDATE,OK,VISUAL_INERTIAL
2247,1761212616531,-133.26884806156158,-36.067504435777664,-211.34218573570251,-0.3928813636302948,0.30137020349502563,0.2371426373720169,100,OK,MAP_UPDATE,OK,VISUAL_INERTIAL
2248,1761212616548,-135.32724976539612,-37.776023149490356,-212.7174437046051,-0.39633259177207947,0.3019692897796631,0.23957939445972443,100,OK,MAP_UPDATE,OK,VISUAL_INERTIAL
2249,1761212616564,-137.01926171779633,-39.40499201416969,-213.82711827754974,-0.3990212678909302,0.30229130387306213,0.2415454238653183,100,OK,MAP_UPDATE,OK,VISUAL_INERTIAL
2250,1761212616581,-138.56008648872375,-40.6675711274147,-214.6637737751007,-0.4011074900627136,0.30240973830223083,0.2429042011499405,100,OK,MAP_UPDATE,OK,VISUAL_INERTIAL
2251,1761212616598,-139.91500437259674,-41.64126142859459,-215.1486575603485,-0.40245261788368225,0.30258992314338684,0.24379077553749084,100,OK,MAP_UPDATE,OK,VISUAL_INERTIAL
2252,1761212616614,-141.13302528858185,-42.481884360313416,-215.24474024772644,-0.4029715657234192,0.30306047201156616,0.2441893368959427,100,OK,MAP_UPDATE,OK,VISUAL_INERTIAL
2253,1761212616631,-142.35378801822662,-43.21257025003433,-215.0530219078064,-0.40320563316345215,0.3044254183769226,0.24419116973876953,100,OK,MAP_UPDATE,OK,VISUAL_INERTIAL
2254,1761212616648,-143.38919520378113,-43.68530213832855,-214.70803022384644,-0.4035200774669647,0.3070891797542572,0.24367333948612213,100,OK,MAP_UPDATE,OK,VISUAL_INERTIAL
2255,1761212616664,-144.08794045448303,-44.07559707760811,-214.29124474525452,-0.40385955572128296,0.3101569712162018,0.2429133802652359,100,OK,MAP_UPDATE,OK,VISUAL_INERTIAL
2256,1761212616681,-144.32600140571594,-44.40014809370041,-213.7930691242218,-0.404043048620224,0.3130488395690918,0.2420675903558731,100,OK,MAP_UPDATE,OK,VISUAL_INERTIAL
2257,1761212616698,-144.43914592266083,-44.74400728940964,-213.29541504383087,-0.4042532444000244,0.315603643655777,0.24119368195533752,100,OK,MAP_UPDATE,OK,VISUAL_INERTIAL
2258,1761212616714,-144.42607760429382,-45.11001706123352,-212.8141224384308,-0.4045286774635315,0.3179159462451935,0.24030202627182007,100,OK,MAP_UPDATE,OK,VISUAL_INERTIAL
2259,1761212616731,-144.3278193473816,-45.469675213098526,-212.32803165912628,-0.4049312472343445,0.31988415122032166,0.2393680363893509,100,OK,MAP_UPDATE,OK,VISUAL_INERTIAL
2260,1761212616748,-144.1284716129303,-45.74207961559296,-211.869016289711,-0.40538522601127625,0.321778267621994,0.23817649483680725,100,OK,MAP_UPDATE,OK,VISUAL_INERTIAL
2261,1761212616765,-143.78081262111664,-45.89634761214256,-211.4555537700653,-0.40587514638900757,0.3238142728805542,0.23654432594776154,100,OK,MAP_UPDATE,OK,VISUAL_INERTIAL
2262,1761212616781,-143.19439232349396,-45.9018275141716,-211.0949456691742,-0.40637436509132385,0.32601335644721985,0.23439538478851318,100,OK,MAP_UPDATE,OK,VISUAL_INERTIAL
2263,1761212616798,-142.0312225818634,-45.670945197343826,-210.72964370250702,-0.4066597819328308,0.3278263509273529,0.23177383840084076,100,OK,MAP_UPDATE,OK,VISUAL_INERTIAL
2264,1761212616816,-140.45819640159607,-45.23144289851189,-210.33720672130585,-0.4066501557826996,0.32931068539619446,0.2284669727087021,100,OK,MAP_UPDATE,OK,VISUAL_INERTIAL
2265,1761212616831,-138.63207399845123,-44.774528592824936,-210.13467013835907,-0.4061453938484192,0.3306822180747986,0.2248098999261856,100,OK,MAP_UPDATE,OK,VISUAL_INERTIAL
2266,1761212616848,-136.26176118850708,-44.00427266955376,-209.88829433918,-0.4053000807762146,0.33193302154541016,0.21995809674263,100,OK,MAP_UPDATE,OK,VISUAL_INERTIAL
2267,1761212616864,-133.39951634407043,-42.95116662979126,-209.75196361541748,-0.404278963804245,0.3330487608909607,0.2142186462879181,100,OK,MAP_UPDATE,OK,VISUAL_INERTIAL
2268,1761212616881,-130.1616132259369,-41.86150059103966,-209.63090658187866,-0.4031301438808441,0.33472535014152527,0.2074814885854721,100,OK,MAP_UPDATE,OK,VISUAL_INERTIAL
2269,1761212616898,-126.50609016418457,-40.51309823989868,-209.5329463481903,-0.4020293056964874,0.337512344121933,0.1995973438024521,100,OK,MAP_UPDATE,OK,VISUAL_INERTIAL
2270,1761212616914,-122.17637896537781,-38.864124566316605,-209.40440893173218,-0.40078306198120117,0.3401944935321808,0.19081296026706696,100,OK,MAP_UPDATE,OK,VISUAL_INERTIAL
2271,1761212616931,-116.84580147266388,-36.93074360489845,-209.34471487998962,-0.3992680609226227,0.3417125642299652,0.18125036358833313,100,OK,MAP_UPDATE,OK,VISUAL_INERTIAL
2272,1761212616948,-110.66043376922607,-34.74541753530502,-209.35243368148804,-0.3976357877254486,0.34256646037101746,0.17071732878684998,100,OK,MAP_UPDATE,OK,VISUAL_INERTIAL
2273,1761212616964,-103.89895737171173,-32.41473808884621,-209.49584245681763,-0.3960115909576416,0.34329551458358765,0.1590539664030075,100,OK,MAP_UPDATE,OK,VISUAL_INERTIAL
2274,1761212616981,-96.6377705335617,-30.147768557071686,-209.7807377576828,-0.3943474292755127,0.34465882182121277,0.1462710052728653,100,OK,MAP_UPDATE,OK,VISUAL_INERTIAL
2275,1761212616998,-89.063860476017,-27.97858417034149,-210.27013659477234,-0.3928227722644806,0.3466331660747528,0.13246335089206696,100,OK,MAP_UPDATE,OK,VISUAL_INERTIAL
2276,1761212617014,-80.98818361759186,-25.9389765560627,-210.942804813385,-0.3913625478744507,0.34823352098464966,0.11816918849945068,100,OK,MAP_UPDATE,OK,VISUAL_INERTIAL
2277,1761212617031,-72.03720510005951,-24.35830794274807,-212.00557053089142,-0.3901417851448059,0.3490905463695526,0.10298644751310349,100,OK,MAP_UPDATE,OK,VISUAL_INERTIAL
2278,1761212617048,-62.66839802265167,-22.967884317040443,-213.4985327720642,-0.38939031958580017,0.34963342547416687,0.0876251757144928,100,OK,MAP_UPDATE,OK,VISUAL_INERTIAL
2279,1761212617065,-53.1049370765686,-21.944556385278702,-215.41868150234222,-0.3892606794834137,0.34954795241355896,0.07192728668451309,100,OK,MAP_UPDATE,OK,VISUAL_INERTIAL
2280,1761212617081,-43.34992915391922,-21.373340860009193,-217.76217222213745,-0.38976091146469116,0.34826424717903137,0.05643650144338608,100,OK,MAP_UPDATE,OK,VISUAL_INERTIAL
2281,1761212617098,-33.575549721717834,-21.336842328310013,-220.82467377185822,-0.39108264446258545,0.34545183181762695,0.04092755541205406,100,OK,MAP_UPDATE,OK,VISUAL_INERTIAL
2282,1761212617114,-23.914458230137825,-21.82747609913349,-224.27687048912048,-0.393455445766449,0.3424150049686432,0.025535976514220238,100,OK,MAP_UPDATE,OK,VISUAL_INERTIAL
2283,1761212617131,-14.536606147885323,-22.52579852938652,-228.41161489486694,-0.3971201479434967,0.3392201066017151,0.010045280680060387,100,OK,MAP_UPDATE,OK,VISUAL_INERTIAL
2284,1761212617148,-5.838646087795496,-23.816177621483803,-233.16717147827148,-0.4017992913722992,0.33473116159439087,-0.005006568040698767,100,OK,MAP_UPDATE,OK,VISUAL_INERTIAL
2285,1761212617164,2.823425456881523,-25.64924769103527,-237.68536746501923,-0.4070954918861389,0.32996588945388794,-0.019207587465643883,100,OK,MAP_UPDATE,OK,VISUAL_INERTIAL
2286,1761212617181,10.551334358751774,-27.1405428647995,-243.76431107521057,-0.4146038889884949,0.32560649514198303,-0.032512541860342026,100,OK,MAP_UPDATE,OK,VISUAL_INERTIAL
2287,1761212617198,17.950164154171944,-28.998592868447304,-249.61909651756287,-0.42249438166618347,0.32167378067970276,-0.045040689408779144,100,OK,MAP_UPDATE,OK,VISUAL_INERTIAL
2288,1761212617214,25.10608918964863,-30.861707404255867,-255.71772456169128,-0.43108507990837097,0.3177374601364136,-0.0563962496817112,100,OK,MAP_UPDATE,OK,VISUAL_INERTIAL
2289,1761212617231,31.9208987057209,-32.96968340873718,-261.9771659374237,-0.4400200843811035,0.31274163722991943,-0.06626823544502258,100,OK,MAP_UPDATE,OK,VISUAL_INERTIAL
2290,1761212617248,38.49296271800995,-35.24898365139961,-268.3447003364563,-0.44928672909736633,0.30610182881355286,-0.07468563318252563,100,OK,MAP_UPDATE,OK,VISUAL_INERTIAL
2291,1761212617264,44.278550893068314,-37.51207888126373,-274.70073103904724,-0.45894524455070496,0.2993650436401367,-0.081929050385952,100,OK,MAP_UPDATE,OK,VISUAL_INERTIAL
2292,1761212617281,49.44142326712608,-40.05647078156471,-281.2272906303406,-0.4686140716075897,0.2922043204307556,-0.08806143701076508,100,OK,MAP_UPDATE,OK,VISUAL_INERTIAL
2293,1761212617298,53.289007395505905,-42.66880080103874,-287.6143157482147,-0.4783083200454712,0.2833595275878906,-0.09257487952709198,100,OK,MAP_UPDATE,OK,VISUAL_INERTIAL
2294,1761212617314,57.052094489336014,-45.03752291202545,-293.65527629852295,-0.48795631527900696,0.27517926692962646,-0.09714864939451218,100,OK,MAP_UPDATE,OK,VISUAL_INERTIAL
2295,1761212617331,60.68691983819008,-47.52979427576065,-299.17746782302856,-0.4971516728401184,0.2676991820335388,-0.10116933286190033,100,OK,MAP_UPDATE,OK,VISUAL_INERTIAL
2296,1761212617348,64.34828788042068,-50.07561296224594,-304.3324649333954,-0.5057387948036194,0.25967279076576233,-0.10428023338317871,100,OK,MAP_UPDATE,OK,VISUAL_INERTIAL
2297,1761212617364,68.04519891738892,-52.50243470072746,-309.0560734272003,-0.5137738585472107,0.2517109513282776,-0.10701672732830048,100,OK,MAP_UPDATE,OK,VISUAL_INERTIAL
2298,1761212617381,71.83857262134552,-54.630156606435776,-313.4310245513916,-0.5213219523429871,0.24451659619808197,-0.10965360701084137,100,OK,MAP_UPDATE,OK,VISUAL_INERTIAL
2299,1761212617398,75.53385198116302,-56.67037516832352,-317.4121677875519,-0.5280487537384033,0.23827524483203888,-0.11254172772169113,100,OK,MAP_UPDATE,OK,VISUAL_INERTIAL
2300,1761212617414,79.32254672050476,-58.41951072216034,-321.0207223892212,-0.5339133739471436,0.23259739577770233,-0.11543738842010498,100,OK,MAP_UPDATE,OK,VISUAL_INERTIAL
2301,1761212617431,83.17926526069641,-60.205452144145966,-323.9874839782715,-0.5386062264442444,0.22746886312961578,-0.11826331168413162,100,OK,MAP_UPDATE,OK,VISUAL_INERTIAL
2302,1761212617448,86.88583225011826,-61.95005401968956,-326.64716243743896,-0.542547345161438,0.22274233400821686,-0.12119914591312408,100,OK,MAP_UPDATE,OK,VISUAL_INERTIAL
2303,1761212617464,90.47780930995941,-63.65641951560974,-328.8164734840393,-0.5456764698028564,0.21847407519817352,-0.1245989203453064,100,OK,MAP_UPDATE,OK,VISUAL_INERTIAL
2304,1761212617481,94.04110163450241,-64.93856757879257,-330.7262361049652,-0.5484690070152283,0.21501679718494415,-0.12868066132068634,100,OK,MAP_UPDATE,OK,VISUAL_INERTIAL
2305,1761212617498,97.64648228883743,-66.03948771953583,-332.2995603084564,-0.5507916212081909,0.21299411356449127,-0.13303512334823608,100,OK,MAP_UPDATE,OK,VISUAL_INERTIAL
2306,1761212617515,101.45269334316254,-67.03177839517593,-333.5185945034027,-0.5526145100593567,0.2112436145544052,-0.13748647272586823,100,OK,MAP_UPDATE,OK,VISUAL_INERTIAL
2307,1761212617531,105.34104704856873,-67.81557202339172,-334.4355523586273,-0.5539680123329163,0.2094019502401352,-0.14184994995594025,100,OK,MAP_UPDATE,OK,VISUAL_INERTIAL
2308,1761212617548,109.15900021791458,-68.45630705356598,-335.236132144928,-0.5551226735115051,0.20781299471855164,-0.14638207852840424,100,OK,MAP_UPDATE,OK,VISUAL_INERTIAL
2309,1761212617564,112.69791424274445,-69.20846551656723,-335.83754301071167,-0.5561895370483398,0.20646929740905762,-0.15069594979286194,100,OK,MAP_UPDATE,OK,VISUAL_INERTIAL
2310,1761212617581,116.1489263176918,-69.96677070856094,-336.38647198677063,-0.5574102401733398,0.20523464679718018,-0.15463212132453918,100,OK,MAP_UPDATE,OK,VISUAL_INERTIAL
2311,1761212617598,119.32769417762756,-70.77737152576447,-336.8906080722809,-0.5587121844291687,0.20369070768356323,-0.15794609487056732,100,OK,MAP_UPDATE,OK,VISUAL_INERTIAL
2312,1761212617614,122.49869108200073,-71.52235507965088,-337.40317821502686,-0.5602953433990479,0.2018946260213852,-0.1607746034860611,100,OK,MAP_UPDATE,OK,VISUAL_INERTIAL
2313,1761212617631,125.6856918334961,-72.25034385919571,-338.02568912506104,-0.5621458292007446,0.1991742104291916,-0.16296648979187012,100,OK,MAP_UPDATE,OK,VISUAL_INERTIAL
2314,1761212617648,128.55596840381622,-73.06449115276337,-338.75682950019836,-0.5642236471176147,0.1950535625219345,-0.1644371747970581,100,OK,MAP_UPDATE,OK,VISUAL_INERTIAL
2315,1761212617664,131.08786940574646,-74.04608279466629,-339.71408009529114,-0.5666629076004028,0.18996670842170715,-0.1654522716999054,100,OK,MAP_UPDATE,OK,VISUAL_INERTIAL
2316,1761212617681,133.38647782802582,-75.08008182048798,-340.77146649360657,-0.5695554614067078,0.18378905951976776,-0.16582606732845306,100,OK,MAP_UPDATE,OK,VISUAL_INERTIAL
2317,1761212617698,135.66695153713226,-76.210156083107,-342.0727252960205,-0.5729604363441467,0.1762656420469284,-0.16575241088867188,100,OK,MAP_UPDATE,OK,VISUAL_INERTIAL
2318,1761212617714,137.42981851100922,-77.45543122291565,-343.43308210372925,-0.5766289830207825,0.16939041018486023,-0.16602522134780884,100,OK,MAP_UPDATE,OK,VISUAL_INERTIAL
2319,1761212617731,138.6936604976654,-78.74156534671783,-344.9056148529053,-0.5804561376571655,0.16447141766548157,-0.1671770066022873,100,OK,MAP_UPDATE,OK,VISUAL_INERTIAL
2320,1761212617748,139.9667263031006,-80.0408199429512,-346.3385999202728,-0.5842240452766418,0.16110675036907196,-0.1690615862607956,100,OK,MAP_UPDATE,OK,VISUAL_INERTIAL
2321,1761212617764,141.6778713464737,-81.3334509730339,-347.8333055973053,-0.5879316329956055,0.1571885198354721,-0.17084479331970215,100,OK,MAP_UPDATE,OK,VISUAL_INERTIAL
2322,1761212617781,143.98175477981567,-82.7406793832779,-349.5566248893738,-0.5915354490280151,0.15167595446109772,-0.1723814755678177,100,OK,MAP_UPDATE,OK,VISUAL_INERTIAL
2323,1761212617798,146.80275321006775,-84.19054001569748,-351.2011170387268,-0.5949841141700745,0.14616189897060394,-0.17443709075450897,100,OK,MAP_UPDATE,OK,VISUAL_INERTIAL
2324,1761212617814,149.63534474372864,-85.715651512146,-352.7788519859314,-0.5981719493865967,0.14125733077526093,-0.17728553712368011,100,OK,MAP_UPDATE,OK,VISUAL_INERTIAL
2325,1761212617831,152.46246755123138,-87.28234469890594,-354.25418615341187,-0.6011859178543091,0.13688190281391144,-0.18073610961437225,100,OK,MAP_UPDATE,OK,VISUAL_INERTIAL
2326,1761212617848,155.51018714904785,-88.82896602153778,-355.7634949684143,-0.6041704416275024,0.13284064829349518,-0.1841953843832016,100,OK,MAP_UPDATE,OK,VISUAL_INERTIAL
2327,1761212617864,158.51570665836334,-90.38946777582169,-357.21224546432495,-0.6071724891662598,0.12843067944049835,-0.18779084086418152,100,OK,MAP_UPDATE,OK,VISUAL_INERTIAL
2328,1761212617881,161.52316331863403,-92.07331389188766,-358.5507869720459,-0.6101379990577698,0.12372726202011108,-0.19139914214611053,100,OK,MAP_UPDATE,OK,VISUAL_INERTIAL
2329,1761212617898,164.70445692539215,-93.74416619539261,-359.8991632461548,-0.613342821598053,0.11864747852087021,-0.19494278728961945,100,OK,MAP_UPDATE,OK,VISUAL_INERTIAL
2330,1761212617914,167.7551567554474,-95.57822346687317,-361.38296127319336,-0.616773247718811,0.1130446121096611,-0.198459655046463,100,OK,MAP_UPDATE,OK,VISUAL_INERTIAL
2331,1761212617931,170.71877419948578,-97.53995388746262,-363.00399899482727,-0.6205799579620361,0.10741865634918213,-0.2019791454076767,100,OK,MAP_UPDATE,OK,VISUAL_INERTIAL
2332,1761212617948,173.61673712730408,-99.71998631954193,-364.65999484062195,-0.6248688101768494,0.10184255242347717,-0.20555666089057922,100,OK,MAP_UPDATE,OK,VISUAL_INERTIAL
2333,1761212617964,176.3812154531479,-102.277010679245,-366.58602952957153,-0.6295735836029053,0.09606067091226578,-0.20900312066078186,100,OK,MAP_UPDATE,OK,VISUAL_INERTIAL
2334,1761212617981,179.06226217746735,-105.09907454252243,-368.6240315437317,-0.63478022813797,0.0900736078619957,-0.2121874988079071,100,OK,MAP_UPDATE,OK,VISUAL_INERTIAL
2335,1761212617998,181.55258893966675,-108.19051414728165,-370.819628238678,-0.6404165029525757,0.0843474492430687,-0.21519824862480164,100,OK,MAP_UPDATE,OK,VISUAL_INERTIAL
2336,1761212618014,183.8257610797882,-111.36510968208313,-373.0980157852173,-0.6464996337890625,0.07909170538187027,-0.2179904580116272,100,OK,MAP_UPDATE,OK,VISUAL_INERTIAL
2337,1761212618031,186.07813119888306,-114.75086957216263,-375.7481276988983,-0.6531562805175781,0.07447788864374161,-0.22043530642986298,100,OK,MAP_UPDATE,OK,VISUAL_INERTIAL
2338,1761212618048,188.06329369544983,-118.14088374376297,-378.5786032676697,-0.6601702570915222,0.07038596272468567,-0.22269360721111298,100,OK,MAP_UPDATE,OK,VISUAL_INERTIAL
2339,1761212618064,189.8563653230667,-121.63955718278885,-381.3181519508362,-0.6671481728553772,0.06680681556463242,-0.22459803521633148,100,OK,MAP_UPDATE,OK,VISUAL_INERTIAL
2340,1761212618081,191.4989948272705,-124.7028112411499,-384.1056823730469,-0.6744033098220825,0.06354891508817673,-0.22579796612262726,100,OK,MAP_UPDATE,OK,VISUAL_INERTIAL
2341,1761212618098,192.82984733581543,-127.89374589920044,-386.7124021053314,-0.6810997128486633,0.06027691438794136,-0.22673125565052032,100,OK,MAP_UPDATE,OK,VISUAL_INERTIAL
2342,1761212618114,194.07640397548676,-130.72265684604645,-389.2303705215454,-0.687515139579773,0.0570499412715435,-0.22722496092319489,100,OK,MAP_UPDATE,OK,VISUAL_INERTIAL
2343,1761212618131,195.23751735687256,-133.2162618637085,-391.5977478027344,-0.6934909820556641,0.05331410840153694,-0.2270096391439438,100,OK,MAP_UPDATE,OK,VISUAL_INERTIAL
2344,1761212618148,196.28769159317017,-135.16226410865784,-393.33072304725647,-0.6987548470497131,0.04944941774010658,-0.22615185379981995,100,OK,MAP_UPDATE,OK,VISUAL_INERTIAL
2345,1761212618164,196.987584233284,-136.84014976024628,-394.8462903499603,-0.7030183672904968,0.04571310058236122,-0.22503094375133514,100,OK,MAP_UPDATE,OK,VISUAL_INERTIAL
2346,1761212618181,197.52873480319977,-138.13522458076477,-396.02452516555786,-0.706234335899353,0.04167212173342705,-0.22377392649650574,100,OK,MAP_UPDATE,OK,VISUAL_INERTIAL
2347,1761212618198,197.97205924987793,-139.06005024909973,-396.83276414871216,-0.7083665728569031,0.037991881370544434,-0.22287152707576752,100,OK,MAP_UPDATE,OK,VISUAL_INERTIAL
2348,1761212618214,198.246031999588,-139.65190947055817,-397.1140384674072,-0.7095090746879578,0.03512713313102722,-0.2225908488035202,100,OK,MAP_UPDATE,OK,VISUAL_INERTIAL
2349,1761212618231,198.7142413854599,-139.9989277124405,-396.94273471832275,-0.709723949432373,0.03272301331162453,-0.22267375886440277,100,OK,MAP_UPDATE,OK,VISUAL_INERTIAL
2350,1761212618248,199.3771344423294,-140.0933414697647,-396.4463174343109,-0.7092728018760681,0.030482618138194084,-0.22281429171562195,100,OK,MAP_UPDATE,OK,VISUAL_INERTIAL
2351,1761212618264,200.2389430999756,-139.95832204818726,-395.64889669418335,-0.7082499861717224,0.028266191482543945,-0.22294184565544128,100,OK,MAP_UPDATE,OK,VISUAL_INERTIAL
2352,1761212618281,200.98964869976044,-139.71784710884094,-394.5804834365845,-0.7068134546279907,0.02602001652121544,-0.22314102947711945,100,OK,MAP_UPDATE,OK,VISUAL_INERTIAL
2353,1761212618298,201.7708122730255,-139.37628269195557,-393.40707659721375,-0.7053578495979309,0.02373524382710457,-0.2233782708644867,100,OK,MAP_UPDATE,OK,VISUAL_INERTIAL
2354,1761212618314,202.45464146137238,-138.99557292461395,-392.2005295753479,-0.7040532827377319,0.021416449919342995,-0.2235366702079773,100,OK,MAP_UPDATE,OK,VISUAL_INERTIAL
2355,1761212618331,203.00890505313873,-138.59446346759796,-391.0014033317566,-0.7028911113739014,0.019235683605074883,-0.22356198728084564,100,OK,MAP_UPDATE,OK,VISUAL_INERTIAL
2356,1761212618348,203.48361134529114,-138.12078535556793,-389.8474872112274,-0.7018337249755859,0.01738986000418663,-0.22332258522510529,100,OK,MAP_UPDATE,OK,VISUAL_INERTIAL
2357,1761212618364,203.63207161426544,-137.52251863479614,-388.6914551258087,-0.7009243369102478,0.01596546173095703,-0.22276484966278076,100,OK,MAP_UPDATE,OK,VISUAL_INERTIAL
2358,1761212618381,203.50250601768494,-136.8831843137741,-387.7090513706207,-0.7001357078552246,0.014736483804881573,-0.221746027469635,100,OK,MAP_UPDATE,OK,VISUAL_INERTIAL
2359,1761212618398,203.3478319644928,-136.0974907875061,-386.9376480579376,-0.6997917294502258,0.012949631549417973,-0.22021718323230743,100,OK,MAP_UPDATE,OK,VISUAL_INERTIAL
2360,1761212618414,202.9988318681717,-135.32598316669464,-386.27731800079346,-0.6997158527374268,0.010645140893757343,-0.2184380143880844,100,OK,MAP_UPDATE,OK,VISUAL_INERTIAL
2361,1761212618431,202.41475105285645,-134.37148928642273,-385.64643263816833,-0.6999014616012573,0.00821114145219326,-0.21666572988033295,100,OK,MAP_UPDATE,OK,VISUAL_INERTIAL
2362,1761212618448,201.5993893146515,-133.32486152648926,-384.9502503871918,-0.7000556588172913,0.006309477146714926,-0.214907705783844,100,OK,MAP_UPDATE,OK,VISUAL_INERTIAL
2363,1761212618464,200.48943161964417,-132.06395506858826,-384.16463136672974,-0.7000313997268677,0.005088123492896557,-0.2129245400428772,100,OK,MAP_UPDATE,OK,VISUAL_INERTIAL
2364,1761212618481,199.20207560062408,-130.66011667251587,-383.36873054504395,-0.6997204422950745,0.00425499863922596,-0.21041101217269897,100,OK,MAP_UPDATE,OK,VISUAL_INERTIAL
2365,1761212618498,197.67549633979797,-128.96716594696045,-382.5094699859619,-0.699087381362915,0.0035683317109942436,-0.20712067186832428,100,OK,MAP_UPDATE,OK,VISUAL_INERTIAL
2366,1761212618514,195.67221403121948,-127.10238993167877,-381.46889209747314,-0.6979303359985352,0.0038371991831809282,-0.20345133543014526,100,OK,MAP_UPDATE,OK,VISUAL_INERTIAL
2367,1761212618531,193.2263970375061,-125.06939470767975,-380.2614212036133,-0.696415364742279,0.005286615341901779,-0.1995387226343155,100,OK,MAP_UPDATE,OK,VISUAL_INERTIAL
2368,1761212618548,190.54359197616577,-122.99159914255142,-378.961056470871,-0.6947219967842102,0.007188681047409773,-0.19504596292972565,100,OK,MAP_UPDATE,OK,VISUAL_INERTIAL
2369,1761212618564,187.63844668865204,-120.98217010498047,-377.59876251220703,-0.6930655837059021,0.008911383338272572,-0.1897733211517334,100,OK,MAP_UPDATE,OK,VISUAL_INERTIAL
2370,1761212618581,184.44451689720154,-119.1461831331253,-376.18735432624817,-0.6916000247001648,0.010555711574852467,-0.18375691771507263,100,OK,MAP_UPDATE,OK,VISUAL_INERTIAL
2371,1761212618598,180.9581220149994,-117.48377978801727,-374.794065952301,-0.6904848217964172,0.01220986433327198,-0.1771182417869568,100,OK,MAP_UPDATE,OK,VISUAL_INERTIAL
2372,1761212618614,177.26290225982666,-116.06809496879578,-373.5286295413971,-0.6898195743560791,0.013494194485247135,-0.1698261946439743,100,OK,MAP_UPDATE,OK,VISUAL_INERTIAL
2373,1761212618631,173.14475774765015,-114.88836258649826,-372.544527053833,-0.6896768808364868,0.014303301461040974,-0.1618506759405136,100,OK,MAP_UPDATE,OK,VISUAL_INERTIAL
2374,1761212618648,168.68065297603607,-113.99109661579132,-371.8734085559845,-0.6901588439941406,0.014933280646800995,-0.1534421741962433,100,OK,MAP_UPDATE,OK,VISUAL_INERTIAL
2375,1761212618664,163.9331430196762,-113.39827626943588,-371.48338556289673,-0.691469132900238,0.015119981952011585,-0.14429789781570435,100,OK,MAP_UPDATE,OK,VISUAL_INERTIAL
2376,1761212618681,158.93463790416718,-113.18200826644897,-371.5430498123169,-0.6936518549919128,0.014627384021878242,-0.13425272703170776,100,OK,MAP_UPDATE,OK,VISUAL_INERTIAL
2377,1761212618698,153.48142385482788,-113.35180699825287,-371.94177508354187,-0.6965940594673157,0.014185323379933834,-0.12368573993444443,100,OK,MAP_UPDATE,OK,VISUAL_INERTIAL
2378,1761212618714,153.48142385482788,-113.35180699825287,-371.94177508354187,-0.6965940594673157,0.014185323379933834,-0.12368573993444443,100,OK,MAP_UPDATE,OK,VISUAL_INERTIAL
2379,1761212618731,141.73166453838348,-114.65351283550262,-373.46482276916504,-0.7043229341506958,0.015118896961212158,-0.1027713492512703,100,OK,MAP_UPDATE,OK,VISUAL_INERTIAL
2380,1761212618748,135.05172729492188,-115.39887636899948,-374.91557002067566,-0.7092225551605225,0.017000751569867134,-0.09257755428552628,100,OK,MAP_UPDATE,OK,VISUAL_INERTIAL
2381,1761212618764,128.2026767730713,-116.28309637308121,-376.6818344593048,-0.7148355841636658,0.020983148366212845,-0.08304324746131897,100,OK,MAP_UPDATE,OK,VISUAL_INERTIAL
2382,1761212618781,121.80749326944351,-117.48839169740677,-378.2990574836731,-0.7207051515579224,0.025975795462727547,-0.0741899162530899,100,OK,MAP_UPDATE,OK,VISUAL_INERTIAL
2383,1761212618798,115.8590242266655,-118.95535886287689,-379.9375593662262,-0.7268050312995911,0.03186902776360512,-0.06605087965726852,100,OK,MAP_UPDATE,OK,VISUAL_INERTIAL
2384,1761212618814,110.45145988464355,-120.58044970035553,-381.60285353660583,-0.7330635786056519,0.038157250732183456,-0.05884715914726257,100,OK,MAP_UPDATE,OK,VISUAL_INERTIAL
2385,1761212618831,105.58588802814484,-122.37866222858429,-383.20693373680115,-0.7394172549247742,0.0442698672413826,-0.05218887701630592,100,OK,MAP_UPDATE,OK,VISUAL_INERTIAL
2386,1761212618848,101.14811360836029,-123.59455972909927,-384.72339510917664,-0.7446399331092834,0.05082961916923523,-0.04704929143190384,100,OK,MAP_UPDATE,OK,VISUAL_INERTIAL
2387,1761212618864,97.31432795524597,-123.6717700958252,-385.8070373535156,-0.7474128007888794,0.05757695809006691,-0.04405338317155838,100,OK,MAP_UPDATE,OK,VISUAL_INERTIAL
2388,1761212618881,94.35857087373734,-122.86975234746933,-386.23151183128357,-0.7478209733963013,0.06332891434431076,-0.04250636324286461,100,OK,MAP_UPDATE,OK,VISUAL_INERTIAL
2389,1761212618898,92.31368452310562,-122.13123589754105,-386.0463798046112,-0.7476381659507751,0.06718342006206512,-0.04092126712203026,100,OK,MAP_UPDATE,OK,VISUAL_INERTIAL
2390,1761212618914,90.56533128023148,-121.99477106332779,-385.44049859046936,-0.7479143142700195,0.07045459002256393,-0.03922832012176514,100,OK,MAP_UPDATE,OK,VISUAL_INERTIAL
2391,1761212618931,88.55222165584564,-122.44061380624771,-384.7294747829437,-0.7487123608589172,0.07458072900772095,-0.03770700842142105,100,OK,MAP_UPDATE,OK,VISUAL_INERTIAL
2392,1761212618948,86.26821637153625,-123.2135146856308,-384.13459062576294,-0.7497655153274536,0.07903917133808136,-0.03580399602651596,100,OK,MAP_UPDATE,OK,VISUAL_INERTIAL
2393,1761212618964,83.76946300268173,-124.13080036640167,-383.67366790771484,-0.7508703470230103,0.0830526128411293,-0.03329519182443619,100,OK,MAP_UPDATE,OK,VISUAL_INERTIAL
2394,1761212618981,81.02699369192123,-125.05878508090973,-383.3976984024048,-0.7521185874938965,0.08711212873458862,-0.030369192361831665,100,OK,MAP_UPDATE,OK,VISUAL_INERTIAL
2395,1761212618998,77.84661650657654,-125.89077651500702,-383.2196891307831,-0.7533569931983948,0.09184771776199341,-0.02764691784977913,100,OK,MAP_UPDATE,OK,VISUAL_INERTIAL
2396,1761212619014,74.48922097682953,-126.63133442401886,-383.10104608535767,-0.7544589638710022,0.09689353406429291,-0.024851219728589058,100,OK,MAP_UPDATE,OK,VISUAL_INERTIAL
2397,1761212619031,71.01475447416306,-127.32554972171783,-383.05288553237915,-0.7557409405708313,0.10182158648967743,-0.021547095850110054,100,OK,MAP_UPDATE,OK,VISUAL_INERTIAL
2398,1761212619048,67.31174886226654,-128.14630568027496,-383.0837309360504,-0.7574146389961243,0.1071472093462944,-0.017629124224185944,100,OK,MAP_UPDATE,OK,VISUAL_INERTIAL
2399,1761212619064,63.25977295637131,-129.22851741313934,-383.02668929100037,-0.7593790888786316,0.11347316205501556,-0.013390781357884407,100,OK,MAP_UPDATE,OK,VISUAL_INERTIAL
2400,1761212619081,58.438871055841446,-130.41800260543823,-383.0289840698242,-0.7614947557449341,0.12198421359062195,-0.009549189358949661,100,OK,MAP_UPDATE,OK,VISUAL_INERTIAL
2401,1761212619098,53.18925902247429,-131.54402375221252,-383.05097818374634,-0.7636830806732178,0.13273514807224274,-0.005823439918458462,100,OK,MAP_UPDATE,OK,VISUAL_INERTIAL
2402,1761212619114,47.624412924051285,-132.50675797462463,-383.017897605896,-0.7658075094223022,0.1440185010433197,-0.001712536090053618,100,OK,MAP_UPDATE,OK,VISUAL_INERTIAL
2403,1761212619131,42.07272082567215,-133.30605626106262,-382.8226923942566,-0.7677187323570251,0.15478171408176422,0.0032346139196306467,100,OK,MAP_UPDATE,OK,VISUAL_INERTIAL
2404,1761212619148,36.58617287874222,-133.95076990127563,-382.51227140426636,-0.7694409489631653,0.16459369659423828,0.00851984042674303,100,OK,MAP_UPDATE,OK,VISUAL_INERTIAL
2405,1761212619164,30.628731474280357,-134.54441726207733,-382.0503056049347,-0.7708934545516968,0.17475230991840363,0.013838442042469978,100,OK,MAP_UPDATE,OK,VISUAL_INERTIAL
2406,1761212619181,24.549145251512527,-135.03405451774597,-381.39286637306213,-0.7719941139221191,0.18567082285881042,0.018765278160572052,100,OK,MAP_UPDATE,OK,VISUAL_INERTIAL
2407,1761212619198,18.422745168209076,-135.41491329669952,-380.63958287239075,-0.772851288318634,0.1967085897922516,0.023704662919044495,100,OK,MAP_UPDATE,OK,VISUAL_INERTIAL
2408,1761212619214,12.505978345870972,-135.93612611293793,-379.6973526477814,-0.7734524011611938,0.20747868716716766,0.028811762109398842,100,OK,MAP_UPDATE,OK,VISUAL_INERTIAL
2409,1761212619231,6.721240933984518,-136.52996718883514,-378.49435210227966,-0.7739207744598389,0.21777178347110748,0.034203432500362396,100,OK,MAP_UPDATE,OK,VISUAL_INERTIAL
2410,1761212619248,0.9321753750555217,-137.18681037425995,-377.0763576030731,-0.7743653059005737,0.2277146726846695,0.04001912102103233,100,OK,MAP_UPDATE,OK,VISUAL_INERTIAL
2411,1761212619264,-5.0359927117824554,-137.83329725265503,-375.623494386673,-0.7749383449554443,0.23693934082984924,0.04606035351753235,100,OK,MAP_UPDATE,OK,VISUAL_INERTIAL
2412,1761212619281,-11.122715659439564,-138.58118653297424,-374.08244609832764,-0.7754161953926086,0.2455773800611496,0.05238943174481392,100,OK,MAP_UPDATE,OK,VISUAL_INERTIAL
2413,1761212619298,-17.290905117988586,-139.27564024925232,-372.52798676490784,-0.7759224772453308,0.25417834520339966,0.058865971863269806,100,OK,MAP_UPDATE,OK,VISUAL_INERTIAL
2414,1761212619314,-23.58008548617363,-140.05139470100403,-371.0051476955414,-0.7763898372650146,0.2634524405002594,0.06496080011129379,100,OK,MAP_UPDATE,OK,VISUAL_INERTIAL
2415,1761212619331,-30.529353767633438,-140.70607721805573,-369.22094225883484,-0.7769622802734375,0.27342817187309265,0.07046692073345184,100,OK,MAP_UPDATE,OK,VISUAL_INERTIAL
2416,1761212619348,-37.70219534635544,-141.26642048358917,-367.5977885723114,-0.7776658535003662,0.28449004888534546,0.07558868825435638,100,OK,MAP_UPDATE,OK,VISUAL_INERTIAL
2417,1761212619364,-44.54982653260231,-141.67819917201996,-365.8134639263153,-0.7781798243522644,0.29568034410476685,0.08072973042726517,100,OK,MAP_UPDATE,OK,VISUAL_INERTIAL
2418,1761212619381,-50.94917118549347,-141.99386537075043,-363.8450801372528,-0.7783687710762024,0.3060011863708496,0.0862240120768547,100,OK,MAP_UPDATE,OK,VISUAL_INERTIAL
2419,1761212619398,-56.973181664943695,-142.26913452148438,-361.5620732307434,-0.7781413197517395,0.314879834651947,0.09222762286663055,100,OK,MAP_UPDATE,OK,VISUAL_INERTIAL
2420,1761212619414,-62.838420271873474,-142.437681555748,-359.2769503593445,-0.777754008769989,0.32254156470298767,0.0985461175441742,100,OK,MAP_UPDATE,OK,VISUAL_INERTIAL
2421,1761212619431,-68.68347525596619,-142.71076023578644,-356.99597001075745,-0.7773094177246094,0.32919177412986755,0.1050562635064125,100,OK,MAP_UPDATE,OK,VISUAL_INERTIAL
2422,1761212619448,-75.0095322728157,-142.99416542053223,-354.84182834625244,-0.7771742343902588,0.3354892134666443,0.11136659234762192,100,OK,MAP_UPDATE,OK,VISUAL_INERTIAL
2423,1761212619465,-81.81748539209366,-143.3468461036682,-352.75256633758545,-0.7772106528282166,0.3420165479183197,0.11754452437162399,100,OK,MAP_UPDATE,OK,VISUAL_INERTIAL
2424,1761212619481,-88.42658251523972,-143.59386265277863,-350.6512939929962,-0.7772652506828308,0.3491877019405365,0.1235213503241539,100,OK,MAP_UPDATE,OK,VISUAL_INERTIAL
2425,1761212619498,-95.10179609060287,-143.84593069553375,-348.18530082702637,-0.7769558429718018,0.3568723797798157,0.12985584139823914,100,OK,MAP_UPDATE,OK,VISUAL_INERTIAL
2426,1761212619514,-101.62308812141418,-144.1267430782318,-345.7842171192169,-0.7765882015228271,0.36470380425453186,0.1362176537513733,100,OK,MAP_UPDATE,OK,VISUAL_INERTIAL
2427,1761212619531,-108.11754316091537,-144.35681700706482,-343.39436888694763,-0.7763350009918213,0.37275397777557373,0.14234855771064758,100,OK,MAP_UPDATE,OK,VISUAL_INERTIAL
2428,1761212619548,-114.38187956809998,-144.49718594551086,-340.72166681289673,-0.7762017846107483,0.3812030553817749,0.14832597970962524,100,OK,MAP_UPDATE,OK,VISUAL_INERTIAL
2429,1761212619564,-120.54534256458282,-144.6244716644287,-338.0174934864044,-0.7760216593742371,0.3902919590473175,0.1541929394006729,100,OK,MAP_UPDATE,OK,VISUAL_INERTIAL
2430,1761212619581,-126.81691348552704,-144.70911026000977,-335.1036012172699,-0.7756624221801758,0.39985010027885437,0.16006378829479218,100,OK,MAP_UPDATE,OK,VISUAL_INERTIAL
2431,1761212619598,-132.8706294298172,-145.0287103652954,-331.92673325538635,-0.7749043107032776,0.4097817540168762,0.16594627499580383,100,OK,MAP_UPDATE,OK,VISUAL_INERTIAL
2432,1761212619614,-138.94252479076385,-145.3891396522522,-328.6952078342438,-0.7740828990936279,0.41965457797050476,0.1717161238193512,100,OK,MAP_UPDATE,OK,VISUAL_INERTIAL
2433,1761212619631,-145.39708197116852,-145.5674022436142,-325.4123330116272,-0.7736561298370361,0.42916759848594666,0.17722618579864502,100,OK,MAP_UPDATE,OK,VISUAL_INERTIAL
2434,1761212619648,-151.44075453281403,-145.85775136947632,-322.29742407798767,-0.7731483578681946,0.43814560770988464,0.1831178516149521,100,OK,MAP_UPDATE,OK,VISUAL_INERTIAL
2435,1761212619664,-157.28996694087982,-146.1658924818039,-319.2597031593323,-0.7725427150726318,0.4455808103084564,0.18966740369796753,100,OK,MAP_UPDATE,OK,VISUAL_INERTIAL
2436,1761212619681,-163.0249172449112,-146.57238125801086,-316.2800371646881,-0.7717848420143127,0.45167508721351624,0.1968281865119934,100,OK,MAP_UPDATE,OK,VISUAL_INERTIAL
2437,1761212619698,-169.22710835933685,-147.07987010478973,-313.353955745697,-0.7709781527519226,0.4572445750236511,0.20428025722503662,100,OK,MAP_UPDATE,OK,VISUAL_INERTIAL
2438,1761212619714,-175.17831921577454,-147.55529165267944,-310.16629934310913,-0.7702894806861877,0.46376433968544006,0.21099671721458435,100,OK,MAP_UPDATE,OK,VISUAL_INERTIAL
2439,1761212619731,-181.50609731674194,-148.13970029354095,-307.20028281211853,-0.7700191736221313,0.4712100625038147,0.21690090000629425,100,OK,MAP_UPDATE,OK,VISUAL_INERTIAL
2440,1761212619748,-187.32884526252747,-148.71931076049805,-304.4590651988983,-0.7697936296463013,0.478243350982666,0.2228798270225525,100,OK,MAP_UPDATE,OK,VISUAL_INERTIAL
2441,1761212619764,-192.66773760318756,-149.39434826374054,-301.7943501472473,-0.7693968415260315,0.48387038707733154,0.22943270206451416,100,OK,MAP_UPDATE,OK,VISUAL_INERTIAL
2442,1761212619781,-198.16716015338898,-150.0868797302246,-299.27340149879456,-0.7692534923553467,0.4884108006954193,0.23609866201877594,100,OK,MAP_UPDATE,OK,VISUAL_INERTIAL
2443,1761212619798,-203.88442277908325,-150.7439911365509,-296.5756356716156,-0.7692692875862122,0.49325644969940186,0.2421892285346985,100,OK,MAP_UPDATE,OK,VISUAL_INERTIAL
2444,1761212619814,-209.40972864627838,-151.34677290916443,-293.8205897808075,-0.7694769501686096,0.4990640878677368,0.2475009560585022,100,OK,MAP_UPDATE,OK,VISUAL_INERTIAL
2445,1761212619831,-214.76608514785767,-151.9639939069748,-291.1541163921356,-0.769806444644928,0.5052249431610107,0.25242260098457336,100,OK,MAP_UPDATE,OK,VISUAL_INERTIAL
2446,1761212619848,-219.7485864162445,-152.7278870344162,-288.6132597923279,-0.7701341509819031,0.511385440826416,0.2572212219238281,100,OK,MAP_UPDATE,OK,VISUAL_INERTIAL
2447,1761212619866,-224.47825968265533,-153.6465883255005,-286.18526458740234,-0.7705708146095276,0.5175409317016602,0.2620454728603363,100,OK,MAP_UPDATE,OK,VISUAL_INERTIAL
2448,1761212619881,-228.5497933626175,-154.74410355091095,-284.16749835014343,-0.7711353898048401,0.5228409171104431,0.266215443611145,100,OK,MAP_UPDATE,OK,VISUAL_INERTIAL
2449,1761212619898,-232.98361897468567,-155.92651069164276,-282.02158212661743,-0.7718268036842346,0.5286328196525574,0.2708531320095062,100,OK,MAP_UPDATE,OK,VISUAL_INERTIAL
2450,1761212619915,-237.0835542678833,-156.94566071033478,-280.2187502384186,-0.7725344300270081,0.5339003205299377,0.27516305446624756,100,OK,MAP_UPDATE,OK,VISUAL_INERTIAL
2451,1761212619931,-240.7529205083847,-157.98501670360565,-278.5740792751312,-0.7730491757392883,0.5382106304168701,0.2792350947856903,100,OK,MAP_UPDATE,OK,VISUAL_INERTIAL
2452,1761212619948,-243.92864108085632,-158.9467078447342,-277.25276350975037,-0.7734559774398804,0.5407124757766724,0.2836203873157501,100,OK,MAP_UPDATE,OK,VISUAL_INERTIAL
2453,1761212619965,-246.73736095428467,-160.1119339466095,-276.0752737522125,-0.773468554019928,0.5404369831085205,0.2882595658302307,100,OK,MAP_UPDATE,OK,VISUAL_INERTIAL
2454,1761212619981,-248.75973165035248,-161.23652458190918,-275.2707302570343,-0.7732328176498413,0.5381228923797607,0.2926074266433716,100,OK,MAP_UPDATE,OK,VISUAL_INERTIAL
2455,1761212619998,-250.58099627494812,-162.2244268655777,-274.90660548210144,-0.7730433940887451,0.5346201062202454,0.2962104082107544,100,OK,MAP_UPDATE,OK,VISUAL_INERTIAL
2456,1761212620014,-251.8799602985382,-163.13503682613373,-274.8539447784424,-0.7727046012878418,0.5302885174751282,0.2988241910934448,100,OK,MAP_UPDATE,OK,VISUAL_INERTIAL
2457,1761212620031,-252.51322984695435,-163.9077514410019,-275.1728296279907,-0.7722710371017456,0.5247577428817749,0.3005921244621277,100,OK,MAP_UPDATE,OK,VISUAL_INERTIAL
2458,1761212620048,-252.48411297798157,-164.63707387447357,-275.9711444377899,-0.7720769643783569,0.5184343457221985,0.3012623190879822,100,OK,MAP_UPDATE,OK,VISUAL_INERTIAL
2459,1761212620064,-251.91131234169006,-165.41431844234467,-277.06030011177063,-0.7722048759460449,0.5117442011833191,0.30082276463508606,100,OK,MAP_UPDATE,OK,VISUAL_INERTIAL
2460,1761212620081,-250.66423416137695,-166.1093682050705,-278.6051034927368,-0.7728708386421204,0.5053412914276123,0.29888853430747986,100,OK,MAP_UPDATE,OK,VISUAL_INERTIAL
2461,1761212620098,-248.85456264019012,-166.71743988990784,-280.53614497184753,-0.7741656303405762,0.49982383847236633,0.29518306255340576,100,OK,MAP_UPDATE,OK,VISUAL_INERTIAL
2462,1761212620114,-246.20871245861053,-167.28989779949188,-282.93538093566895,-0.7758141160011292,0.4946304261684418,0.29015836119651794,100,OK,MAP_UPDATE,OK,VISUAL_INERTIAL
2463,1761212620131,-242.84860491752625,-167.6308810710907,-285.7363224029541,-0.777934730052948,0.48962539434432983,0.28402429819107056,100,OK,MAP_UPDATE,OK,VISUAL_INERTIAL
2464,1761212620148,-238.62214386463165,-167.8086221218109,-288.99767994880676,-0.7805175185203552,0.48492202162742615,0.27669039368629456,100,OK,MAP_UPDATE,OK,VISUAL_INERTIAL
2465,1761212620164,-233.6292415857315,-167.99966990947723,-292.54648089408875,-0.7833157181739807,0.4804420471191406,0.268464058637619,100,OK,MAP_UPDATE,OK,VISUAL_INERTIAL
2466,1761212620181,-228.17504405975342,-168.31329464912415,-296.3407039642334,-0.7863085865974426,0.47591981291770935,0.2595102787017822,100,OK,MAP_UPDATE,OK,VISUAL_INERTIAL
2467,1761212620198,-222.55685925483704,-168.5248464345932,-300.6366491317749,-0.7897091507911682,0.4711703062057495,0.25002220273017883,100,OK,MAP_UPDATE,OK,VISUAL_INERTIAL
2468,1761212620215,-216.41330420970917,-168.700709939003,-305.166631937027,-0.7933042049407959,0.4663297235965729,0.24005259573459625,100,OK,MAP_UPDATE,OK,VISUAL_INERTIAL
2469,1761212620231,-210.37858724594116,-168.93018782138824,-309.73029136657715,-0.7969092130661011,0.4613886773586273,0.23016637563705444,100,OK,MAP_UPDATE,OK,VISUAL_INERTIAL
2470,1761212620248,-203.8564234972,-169.3326085805893,-314.4952356815338,-0.800501823425293,0.45547541975975037,0.22011993825435638,100,OK,MAP_UPDATE,OK,VISUAL_INERTIAL
2471,1761212620264,-197.2416490316391,-169.73303258419037,-319.1867172718048,-0.803822934627533,0.448571115732193,0.2107923924922943,100,OK,MAP_UPDATE,OK,VISUAL_INERTIAL
2472,1761212620281,-190.29417634010315,-170.24247348308563,-323.81394505500793,-0.8067502975463867,0.44052815437316895,0.20206424593925476,100,OK,MAP_UPDATE,OK,VISUAL_INERTIAL
2473,1761212620298,-183.3212524652481,-170.7850992679596,-328.4696340560913,-0.8091306686401367,0.431333065032959,0.19383525848388672,100,OK,MAP_UPDATE,OK,VISUAL_INERTIAL
2474,1761212620314,-176.26191675662994,-171.1348593235016,-332.8050673007965,-0.8108041286468506,0.4217928349971771,0.18617446720600128,100,OK,MAP_UPDATE,OK,VISUAL_INERTIAL
2475,1761212620331,-169.30876672267914,-171.48424685001373,-337.057501077652,-0.8120644688606262,0.4116731584072113,0.17858083546161652,100,OK,MAP_UPDATE,OK,VISUAL_INERTIAL
2476,1761212620348,-162.28176653385162,-172.0035821199417,-340.98052978515625,-0.8129242062568665,0.4014178514480591,0.1711462438106537,100,OK,MAP_UPDATE,OK,VISUAL_INERTIAL
2477,1761212620364,-155.21085262298584,-172.4538505077362,-344.8249101638794,-0.8138269186019897,0.3909492492675781,0.16360411047935486,100,OK,MAP_UPDATE,OK,VISUAL_INERTIAL
2478,1761212620381,-148.13265204429626,-172.84084856510162,-348.47205877304077,-0.8147597908973694,0.38013216853141785,0.15580350160598755,100,OK,MAP_UPDATE,OK,VISUAL_INERTIAL
2479,1761212620398,-140.8170610666275,-173.16335439682007,-352.181077003479,-0.8157442808151245,0.3695512115955353,0.1480816900730133,100,OK,MAP_UPDATE,OK,VISUAL_INERTIAL
2480,1761212620414,-133.20893049240112,-173.57584834098816,-355.94502091407776,-0.8166738748550415,0.3588700294494629,0.14042414724826813,100,OK,MAP_UPDATE,OK,VISUAL_INERTIAL
2481,1761212620431,-125.13650953769684,-173.82359504699707,-359.5634400844574,-0.8174441456794739,0.3479499816894531,0.1325361579656601,100,OK,MAP_UPDATE,OK,VISUAL_INERTIAL
2482,1761212620448,-116.95373058319092,-173.95421862602234,-363.0131781101227,-0.8180458545684814,0.3368869423866272,0.12465094774961472,100,OK,MAP_UPDATE,OK,VISUAL_INERTIAL
2483,1761212620464,-108.33936929702759,-174.0385890007019,-366.3429617881775,-0.8183661103248596,0.3259885013103485,0.11680526286363602,100,OK,MAP_UPDATE,OK,VISUAL_INERTIAL
2484,1761212620481,-99.79337453842163,-174.17381703853607,-369.5109188556671,-0.8185123801231384,0.3151237666606903,0.10889483243227005,100,OK,MAP_UPDATE,OK,VISUAL_INERTIAL
2485,1761212620498,-91.30565822124481,-174.20312762260437,-372.4692761898041,-0.8186239004135132,0.30468839406967163,0.10072267055511475,100,OK,MAP_UPDATE,OK,VISUAL_INERTIAL
2486,1761212620514,-82.80867338180542,-174.15522038936615,-375.30335783958435,-0.8186870813369751,0.29470816254615784,0.09240064024925232,100,OK,MAP_UPDATE,OK,VISUAL_INERTIAL
2487,1761212620531,-74.1003230214119,-174.1260439157486,-377.8410255908966,-0.8185606598854065,0.2856594920158386,0.08408104628324509,100,OK,MAP_UPDATE,OK,VISUAL_INERTIAL
2488,1761212620548,-65.31009823083878,-174.10361766815186,-380.01084327697754,-0.8183467984199524,0.27766740322113037,0.07524454593658447,100,OK,MAP_UPDATE,OK,VISUAL_INERTIAL
2489,1761212620564,-56.645914912223816,-173.97156357765198,-382.2806775569916,-0.8182689547538757,0.2709450125694275,0.06596360355615616,100,OK,MAP_UPDATE,OK,VISUAL_INERTIAL
2490,1761212620581,-47.93030023574829,-173.6893504858017,-384.410560131073,-0.8180679082870483,0.26468902826309204,0.056629378348588943,100,OK,MAP_UPDATE,OK,VISUAL_INERTIAL
2491,1761212620598,-39.29073363542557,-173.2809990644455,-386.4488899707794,-0.8176403045654297,0.25804588198661804,0.047595471143722534,100,OK,MAP_UPDATE,OK,VISUAL_INERTIAL
2492,1761212620614,-30.45765869319439,-172.8333681821823,-388.2293105125427,-0.816798746585846,0.25126922130584717,0.038776177912950516,100,OK,MAP_UPDATE,OK,VISUAL_INERTIAL
2493,1761212620631,-21.743224933743477,-172.23979532718658,-389.84018564224243,-0.8158190846443176,0.24463395774364471,0.029950274154543877,100,OK,MAP_UPDATE,OK,VISUAL_INERTIAL
2494,1761212620648,-13.317251577973366,-171.49661481380463,-391.244500875473,-0.8147522807121277,0.23824188113212585,0.020952390506863594,100,OK,MAP_UPDATE,OK,VISUAL_INERTIAL
2495,1761212620664,-5.035818088799715,-170.73704302310944,-392.48737692832947,-0.8135011792182922,0.23142652213573456,0.011935176327824593,100,OK,MAP_UPDATE,OK,VISUAL_INERTIAL
2496,1761212620681,3.523768624290824,-169.90935802459717,-393.84955167770386,-0.8122233152389526,0.22476062178611755,0.0028930609114468098,100,OK,MAP_UPDATE,OK,VISUAL_INERTIAL
2497,1761212620698,12.026280164718628,-169.01536285877228,-394.9722945690155,-0.8109150528907776,0.21778541803359985,-0.006287672091275454,100,OK,MAP_UPDATE,OK,VISUAL_INERTIAL
2498,1761212620714,20.41802555322647,-168.0600643157959,-395.9157168865204,-0.809532642364502,0.2111116200685501,-0.015928829088807106,100,OK,MAP_UPDATE,OK,VISUAL_INERTIAL
2499,1761212620731,28.842495754361153,-167.14313626289368,-396.8091905117035,-0.8080658316612244,0.20505274832248688,-0.02573849819600582,100,OK,MAP_UPDATE,OK,VISUAL_INERTIAL
2500,1761212620748,37.46349364519119,-166.1737710237503,-397.5871801376343,-0.8064520955085754,0.19818295538425446,-0.03501558303833008,100,OK,MAP_UPDATE,OK,VISUAL_INERTIAL
2501,1761212620764,46.279069036245346,-165.16172885894775,-398.27439188957214,-0.8047575950622559,0.1900671273469925,-0.043625157326459885,100,OK,MAP_UPDATE,OK,VISUAL_INERTIAL
2502,1761212620781,55.207233875989914,-164.0482395887375,-399.10033345222473,-0.8031272292137146,0.18136939406394958,-0.051661983132362366,100,OK,MAP_UPDATE,OK,VISUAL_INERTIAL
2503,1761212620798,63.99606168270111,-162.96085715293884,-399.67989921569824,-0.8013056516647339,0.1716536432504654,-0.05938684567809105,100,OK,MAP_UPDATE,OK,VISUAL_INERTIAL
2504,1761212620814,72.76252657175064,-161.85645759105682,-399.8453915119171,-0.7994669079780579,0.1614946871995926,-0.06718242913484573,100,OK,MAP_UPDATE,OK,VISUAL_INERTIAL
2505,1761212620831,81.06153458356857,-160.82090139389038,-399.9825716018677,-0.7976526618003845,0.15235505998134613,-0.07502947747707367,100,OK,MAP_UPDATE,OK,VISUAL_INERTIAL
2506,1761212620848,88.94878625869751,-159.88215804100037,-399.9103307723999,-0.795673131942749,0.1443597972393036,-0.08277299255132675,100,OK,MAP_UPDATE,OK,VISUAL_INERTIAL
2507,1761212620864,96.87801450490952,-158.96643698215485,-399.7741639614105,-0.793766438961029,0.13711321353912354,-0.09052911400794983,100,OK,MAP_UPDATE,OK,VISUAL_INERTIAL
2508,1761212620881,104.55943644046783,-158.02213549613953,-399.678111076355,-0.7918795943260193,0.13008426129817963,-0.09785278141498566,100,OK,MAP_UPDATE,OK,VISUAL_INERTIAL
2509,1761212620898,112.49423027038574,-157.2120636701584,-399.52510595321655,-0.7898379564285278,0.1220460906624794,-0.10446075350046158,100,OK,MAP_UPDATE,OK,VISUAL_INERTIAL
2510,1761212620914,120.5340176820755,-156.3178151845932,-399.4050920009613,-0.7878589034080505,0.11258447915315628,-0.1103702187538147,100,OK,MAP_UPDATE,OK,VISUAL_INERTIAL
2511,1761212620931,128.41862440109253,-155.29966354370117,-399.3859887123108,-0.7860970497131348,0.10274907946586609,-0.11599767953157425,100,OK,MAP_UPDATE,OK,VISUAL_INERTIAL
2512,1761212620948,135.92208921909332,-154.335156083107,-399.3164002895355,-0.7844664454460144,0.09333565086126328,-0.12190482765436172,100,OK,MAP_UPDATE,OK,VISUAL_INERTIAL
2513,1761212620964,143.09950172901154,-153.70801091194153,-399.1214632987976,-0.7828595638275146,0.08488529920578003,-0.12801358103752136,100,OK,MAP_UPDATE,OK,VISUAL_INERTIAL
2514,1761212620981,150.31446516513824,-153.44418585300446,-398.89249205589294,-0.7812923789024353,0.07787123322486877,-0.13444659113883972,100,OK,MAP_UPDATE,OK,VISUAL_INERTIAL
2515,1761212620998,157.18591213226318,-153.11065316200256,-398.7073004245758,-0.779813826084137,0.07279963791370392,-0.14159250259399414,100,OK,MAP_UPDATE,OK,VISUAL_INERTIAL
2516,1761212621014,163.87924551963806,-152.7811735868454,-398.5291123390198,-0.7781142592430115,0.07043717056512833,-0.14985735714435577,100,OK,MAP_UPDATE,OK,VISUAL_INERTIAL
2517,1761212621031,170.78664898872375,-152.3236781358719,-398.4145224094391,-0.7763352394104004,0.06879809498786926,-0.15836980938911438,100,OK,MAP_UPDATE,OK,VISUAL_INERTIAL
2518,1761212621048,178.53659391403198,-151.9227772951126,-398.34004640579224,-0.7746404409408569,0.06552211940288544,-0.16616347432136536,100,OK,MAP_UPDATE,OK,VISUAL_INERTIAL
2519,1761212621064,186.80953979492188,-151.53834223747253,-398.25424551963806,-0.7730706930160522,0.05972829461097717,-0.17290720343589783,100,OK,MAP_UPDATE,OK,VISUAL_INERTIAL
2520,1761212621081,195.0964331626892,-151.25909447669983,-398.24992418289185,-0.7716905474662781,0.05170295760035515,-0.17907793819904327,100,OK,MAP_UPDATE,OK,VISUAL_INERTIAL
2521,1761212621098,202.82790064811707,-151.2163132429123,-398.18674325942993,-0.7703759074211121,0.042276039719581604,-0.18539771437644958,100,OK,MAP_UPDATE,OK,VISUAL_INERTIAL
2522,1761212621114,209.98278260231018,-151.37368440628052,-398.0143070220947,-0.7691801190376282,0.032407764345407486,-0.1919177770614624,100,OK,MAP_UPDATE,OK,VISUAL_INERTIAL
2523,1761212621131,217.10164844989777,-151.69726312160492,-397.82747626304626,-0.768217921257019,0.02197224460542202,-0.19813008606433868,100,OK,MAP_UPDATE,OK,VISUAL_INERTIAL
2524,1761212621148,224.1130769252777,-152.01053023338318,-397.6765275001526,-0.7674419283866882,0.011726890690624714,-0.20464858412742615,100,OK,MAP_UPDATE,OK,VISUAL_INERTIAL
2525,1761212621164,230.8533936738968,-152.27918326854706,-397.3834812641144,-0.7666439414024353,0.002322857966646552,-0.211300328373909,100,OK,MAP_UPDATE,OK,VISUAL_INERTIAL
2526,1761212621181,237.61235177516937,-152.5350958108902,-396.89695835113525,-0.7655970454216003,-0.006400383077561855,-0.21803754568099976,100,OK,MAP_UPDATE,OK,VISUAL_INERTIAL
2527,1761212621198,244.49114501476288,-152.59438753128052,-396.17371559143066,-0.7642778754234314,-0.01432801317423582,-0.22468586266040802,100,OK,MAP_UPDATE,OK,VISUAL_INERTIAL
2528,1761212621214,251.137375831604,-152.62041985988617,-395.38079500198364,-0.7627357244491577,-0.02126939967274666,-0.23140135407447815,100,OK,MAP_UPDATE,OK,VISUAL_INERTIAL
2529,1761212621231,257.4686110019684,-152.69707143306732,-394.5806622505188,-0.7611408829689026,-0.02740832231938839,-0.23810029029846191,100,OK,MAP_UPDATE,OK,VISUAL_INERTIAL
2530,1761212621248,263.7949585914612,-152.71183848381042,-393.8719630241394,-0.7599079012870789,-0.033745210617780685,-0.24446900188922882,100,OK,MAP_UPDATE,OK,VISUAL_INERTIAL
2531,1761212621264,269.70142126083374,-152.73749828338623,-393.14037561416626,-0.7586629390716553,-0.040728457272052765,-0.25021591782569885,100,OK,MAP_UPDATE,OK,VISUAL_INERTIAL
2532,1761212621281,275.6023705005646,-152.52327919006348,-392.39469170570374,-0.7570974826812744,-0.04844044893980026,-0.2551233768463135,100,OK,MAP_UPDATE,OK,VISUAL_INERTIAL
2533,1761212621298,280.9795141220093,-151.7699658870697,-391.461580991745,-0.7549983263015747,-0.05624597519636154,-0.25875020027160645,100,OK,MAP_UPDATE,OK,VISUAL_INERTIAL
2534,1761212621314,285.9000265598297,-150.80347657203674,-390.5338644981384,-0.7526872754096985,-0.0641476958990097,-0.2618938982486725,100,OK,MAP_UPDATE,OK,VISUAL_INERTIAL
2535,1761212621331,290.28233885765076,-149.97965097427368,-389.58126306533813,-0.7505135536193848,-0.07150788605213165,-0.26466235518455505,100,OK,MAP_UPDATE,OK,VISUAL_INERTIAL
2536,1761212621348,294.25159096717834,-149.39692616462708,-388.72721791267395,-0.7487948536872864,-0.07852795720100403,-0.2670688331127167,100,OK,MAP_UPDATE,OK,VISUAL_INERTIAL
2537,1761212621364,297.7195680141449,-148.82680773735046,-388.1012499332428,-0.747529923915863,-0.08525203168392181,-0.26915720105171204,100,OK,MAP_UPDATE,OK,VISUAL_INERTIAL
2538,1761212621381,301.2973368167877,-148.5336422920227,-387.86524534225464,-0.746340811252594,-0.09074238687753677,-0.27106785774230957,100,OK,MAP_UPDATE,OK,VISUAL_INERTIAL
2539,1761212621398,304.3559193611145,-148.17242324352264,-387.65132427215576,-0.7450373768806458,-0.09500794112682343,-0.2734344005584717,100,OK,MAP_UPDATE,OK,VISUAL_INERTIAL
2540,1761212621414,306.49328231811523,-147.77398109436035,-387.50749826431274,-0.7435355186462402,-0.09713957458734512,-0.2765609920024872,100,OK,MAP_UPDATE,OK,VISUAL_INERTIAL
2541,1761212621431,308.4338903427124,-147.31234312057495,-387.52055168151855,-0.7420534491539001,-0.09747704118490219,-0.27976077795028687,100,OK,MAP_UPDATE,OK,VISUAL_INERTIAL
2542,1761212621448,310.0893795490265,-146.87636494636536,-387.7731263637543,-0.7408442497253418,-0.09688805043697357,-0.2822130620479584,100,OK,MAP_UPDATE,OK,VISUAL_INERTIAL
2543,1761212621464,311.3144338130951,-146.5039700269699,-388.2736563682556,-0.7398985624313354,-0.09558525681495667,-0.2839828133583069,100,OK,MAP_UPDATE,OK,VISUAL_INERTIAL
2544,1761212621481,311.82995438575745,-146.23010158538818,-388.9950215816498,-0.739065408706665,-0.09276840835809708,-0.285420686006546,100,OK,MAP_UPDATE,OK,VISUAL_INERTIAL
2545,1761212621498,311.7433488368988,-146.1072564125061,-390.0081217288971,-0.7384992837905884,-0.08824272453784943,-0.28666412830352783,100,OK,MAP_UPDATE,OK,VISUAL_INERTIAL
2546,1761212621514,311.3148510456085,-146.22460305690765,-391.4390802383423,-0.7385907173156738,-0.08347096294164658,-0.2871035933494568,100,OK,MAP_UPDATE,OK,VISUAL_INERTIAL
2547,1761212621531,310.845285654068,-146.50818705558777,-393.2635486125946,-0.7397416234016418,-0.08030468225479126,-0.2861100435256958,100,OK,MAP_UPDATE,OK,VISUAL_INERTIAL
2548,1761212621548,310.06982922554016,-147.02682197093964,-395.5134451389313,-0.7416588068008423,-0.07838796079158783,-0.2839892506599426,100,OK,MAP_UPDATE,OK,VISUAL_INERTIAL
2549,1761212621564,308.6062967777252,-147.62510359287262,-397.9218304157257,-0.743956446647644,-0.07637883722782135,-0.281559020280838,100,OK,MAP_UPDATE,OK,VISUAL_INERTIAL
2550,1761212621581,306.3295781612396,-148.4234482049942,-400.48885345458984,-0.7463032007217407,-0.0731067955493927,-0.27917489409446716,100,OK,MAP_UPDATE,OK,VISUAL_INERTIAL
2551,1761212621598,306.3295781612396,-148.4234482049942,-400.48885345458984,-0.7463032007217407,-0.0731067955493927,-0.27917489409446716,100,OK,MAP_UPDATE,OK,VISUAL_INERTIAL
2552,1761212621614,299.5624244213104,-150.90586245059967,-405.3463935852051,-0.7508916258811951,-0.06035814806818962,-0.27472254633903503,100,OK,MAP_UPDATE,OK,VISUAL_INERTIAL
2553,1761212621631,295.8471179008484,-151.6696810722351,-409.39927101135254,-0.7544663548469543,-0.05185546353459358,-0.2714616656303406,100,OK,MAP_UPDATE,OK,VISUAL_INERTIAL
2554,1761212621648,291.9847369194031,-153.01275253295898,-413.0467176437378,-0.7583380341529846,-0.04428597167134285,-0.2673887312412262,100,OK,MAP_UPDATE,OK,VISUAL_INERTIAL
2555,1761212621664,287.7667546272278,-154.44940328598022,-416.58276319503784,-0.7622707486152649,-0.03642336651682854,-0.26293569803237915,100,OK,MAP_UPDATE,OK,VISUAL_INERTIAL
2556,1761212621681,283.0510139465332,-155.81843256950378,-420.21816968917847,-0.7662553787231445,-0.027864372357726097,-0.25838708877563477,100,OK,MAP_UPDATE,OK,VISUAL_INERTIAL
2557,1761212621697,277.8404951095581,-157.14821219444275,-423.7368404865265,-0.7701784372329712,-0.018597012385725975,-0.25367870926856995,100,OK,MAP_UPDATE,OK,VISUAL_INERTIAL
2558,1761212621714,272.0700800418854,-158.4790050983429,-427.30623483657837,-0.7742084264755249,-0.008427527733147144,-0.24863411486148834,100,OK,MAP_UPDATE,OK,VISUAL_INERTIAL
2559,1761212621731,265.92370867729187,-160.11781990528107,-430.4400682449341,-0.7780512571334839,0.002196989255025983,-0.24373994767665863,100,OK,MAP_UPDATE,OK,VISUAL_INERTIAL
2560,1761212621748,259.330689907074,-161.54853999614716,-434.13400650024414,-0.7823111414909363,0.014492613263428211,-0.23816469311714172,100,OK,MAP_UPDATE,OK,VISUAL_INERTIAL
2561,1761212621764,252.58249044418335,-162.96325623989105,-437.48486042022705,-0.7864869236946106,0.02690364234149456,-0.2321949154138565,100,OK,MAP_UPDATE,OK,VISUAL_INERTIAL
2562,1761212621781,246.11350893974304,-164.28454220294952,-440.72070717811584,-0.7908025979995728,0.03798903152346611,-0.22503188252449036,100,OK,MAP_UPDATE,OK,VISUAL_INERTIAL
2563,1761212621797,239.68061804771423,-165.50123691558838,-443.7844455242157,-0.795174777507782,0.046015363186597824,-0.21647100150585175,100,OK,MAP_UPDATE,OK,VISUAL_INERTIAL
2564,1761212621814,232.8929454088211,-166.6434407234192,-446.76321744918823,-0.7995251417160034,0.05286148563027382,-0.20777122676372528,100,OK,MAP_UPDATE,OK,VISUAL_INERTIAL
2565,1761212621831,225.40625929832458,-167.95854270458221,-449.32520389556885,-0.8034714460372925,0.05992180109024048,-0.19950489699840546,100,OK,MAP_UPDATE,OK,VISUAL_INERTIAL
2566,1761212621848,217.7247405052185,-169.2299246788025,-451.6802132129669,-0.8071632981300354,0.06782373785972595,-0.19181157648563385,100,OK,MAP_UPDATE,OK,VISUAL_INERTIAL
2567,1761212621864,209.84327793121338,-170.41555047035217,-453.749418258667,-0.8105294108390808,0.07683059573173523,-0.18495579063892365,100,OK,MAP_UPDATE,OK,VISUAL_INERTIAL
2568,1761212621881,202.20434665679932,-171.5056449174881,-455.6155502796173,-0.8135549426078796,0.08630802482366562,-0.1787157952785492,100,OK,MAP_UPDATE,OK,VISUAL_INERTIAL
2569,1761212621897,195.05523145198822,-172.41252958774567,-457.361102104187,-0.8163943886756897,0.0952974408864975,-0.17264172434806824,100,OK,MAP_UPDATE,OK,VISUAL_INERTIAL
2570,1761212621914,188.1559044122696,-173.30563068389893,-458.93368124961853,-0.818891704082489,0.10423596203327179,-0.1671573519706726,100,OK,MAP_UPDATE,OK,VISUAL_INERTIAL
2571,1761212621931,181.30411207675934,-174.26249384880066,-460.226833820343,-0.8210084438323975,0.113621287047863,-0.16268421709537506,100,OK,MAP_UPDATE,OK,VISUAL_INERTIAL
2572,1761212621947,174.65141415596008,-175.2312034368515,-461.3252878189087,-0.8230249881744385,0.12352254986763,-0.15855614840984344,100,OK,MAP_UPDATE,OK,VISUAL_INERTIAL
2573,1761212621964,167.95335710048676,-176.23785138130188,-462.2497260570526,-0.8249078989028931,0.13351333141326904,-0.15462441742420197,100,OK,MAP_UPDATE,OK,VISUAL_INERTIAL
2574,1761212621981,161.46129369735718,-177.34265327453613,-463.12782168388367,-0.8267395496368408,0.14407268166542053,-0.15079618990421295,100,OK,MAP_UPDATE,OK,VISUAL_INERTIAL
2575,1761212621997,155.0574153661728,-178.50862443447113,-463.66608142852783,-0.8282775282859802,0.1549130529165268,-0.1471913903951645,100,OK,MAP_UPDATE,OK,VISUAL_INERTIAL
2576,1761212622014,148.49741756916046,-179.43134903907776,-464.1541838645935,-0.8298203945159912,0.16541539132595062,-0.14343483746051788,100,OK,MAP_UPDATE,OK,VISUAL_INERTIAL
2577,1761212622031,141.91056787967682,-180.2818924188614,-464.5896852016449,-0.8313289880752563,0.17576950788497925,-0.13954296708106995,100,OK,MAP_UPDATE,OK,VISUAL_INERTIAL
2578,1761212622047,135.23681461811066,-181.03457987308502,-464.87361192703247,-0.8328472375869751,0.1859569549560547,-0.13557331264019012,100,OK,MAP_UPDATE,OK,VISUAL_INERTIAL
2579,1761212622064,128.36265563964844,-181.64493143558502,-465.0804400444031,-0.8344040513038635,0.19598744809627533,-0.1315169483423233,100,OK,MAP_UPDATE,OK,VISUAL_INERTIAL
2580,1761212622081,121.2039664387703,-182.2727918624878,-465.1755094528198,-0.8357982039451599,0.2057654857635498,-0.12743882834911346,100,OK,MAP_UPDATE,OK,VISUAL_INERTIAL
2581,1761212622098,114.4532635807991,-183.12673270702362,-465.2891457080841,-0.8372623324394226,0.2162504643201828,-0.123259536921978,100,OK,MAP_UPDATE,OK,VISUAL_INERTIAL
2582,1761212622114,107.15128481388092,-183.44168365001678,-465.168297290802,-0.8386375904083252,0.22554096579551697,-0.11928478628396988,100,OK,MAP_UPDATE,OK,VISUAL_INERTIAL
2583,1761212622131,100.03963112831116,-183.70544910430908,-464.9289548397064,-0.8399472832679749,0.23495441675186157,-0.1151939332485199,100,OK,MAP_UPDATE,OK,VISUAL_INERTIAL
2584,1761212622147,93.05079281330109,-183.8686317205429,-464.8073613643646,-0.8412548303604126,0.24460966885089874,-0.11117076128721237,100,OK,MAP_UPDATE,OK,VISUAL_INERTIAL
2585,1761212622164,86.16479486227036,-183.8301569223404,-464.38491344451904,-0.8423101305961609,0.25371822714805603,-0.10712376981973648,100,OK,MAP_UPDATE,OK,VISUAL_INERTIAL
2586,1761212622181,79.2224109172821,-183.81018936634064,-463.82057666778564,-0.8432689905166626,0.26307767629623413,-0.10333054512739182,100,OK,MAP_UPDATE,OK,VISUAL_INERTIAL
2587,1761212622197,72.4208652973175,-183.92878770828247,-463.1251394748688,-0.8441122770309448,0.2725521922111511,-0.0996762067079544,100,OK,MAP_UPDATE,OK,VISUAL_INERTIAL
2588,1761212622214,65.39522111415863,-184.1256618499756,-462.4783396720886,-0.8450232744216919,0.2816450595855713,-0.09604991972446442,100,OK,MAP_UPDATE,OK,VISUAL_INERTIAL
2589,1761212622231,58.77099558711052,-184.3339502811432,-461.74973249435425,-0.8459405899047852,0.2901778519153595,-0.09199947863817215,100,OK,MAP_UPDATE,OK,VISUAL_INERTIAL
2590,1761212622247,52.38150432705879,-184.55025553703308,-460.9367549419403,-0.8467342257499695,0.2977387011051178,-0.08764473348855972,100,OK,MAP_UPDATE,OK,VISUAL_INERTIAL
2591,1761212622264,46.188708394765854,-184.79503691196442,-459.97676253318787,-0.8473628759384155,0.3043408989906311,-0.08292394876480103,100,OK,MAP_UPDATE,OK,VISUAL_INERTIAL
2592,1761212622281,40.16776382923126,-185.08431315422058,-459.09178256988525,-0.8479896187782288,0.3100684583187103,-0.0780886635184288,100,OK,MAP_UPDATE,OK,VISUAL_INERTIAL
2593,1761212622297,33.945221453905106,-185.55127084255219,-458.3483040332794,-0.8487633466720581,0.31516963243484497,-0.07304179668426514,100,OK,MAP_UPDATE,OK,VISUAL_INERTIAL
2594,1761212622314,27.690408751368523,-186.10359728336334,-457.4960470199585,-0.8496540188789368,0.3206753134727478,-0.06815596669912338,100,OK,MAP_UPDATE,OK,VISUAL_INERTIAL
2595,1761212622331,21.290814504027367,-186.62069737911224,-456.49731159210205,-0.8505118489265442,0.32694724202156067,-0.06369578093290329,100,OK,MAP_UPDATE,OK,VISUAL_INERTIAL
2596,1761212622347,15.082181431353092,-186.98251247406006,-455.3162753582001,-0.851125180721283,0.33363011479377747,-0.059302035719156265,100,OK,MAP_UPDATE,OK,VISUAL_INERTIAL
2597,1761212622364,9.091010317206383,-187.22869455814362,-453.8547992706299,-0.8512813448905945,0.34023457765579224,-0.05488784611225128,100,OK,MAP_UPDATE,OK,VISUAL_INERTIAL
2598,1761212622381,3.2429485581815243,-187.36271560192108,-452.69182324409485,-0.8514693379402161,0.346520334482193,-0.05076422914862633,100,OK,MAP_UPDATE,OK,VISUAL_INERTIAL
2599,1761212622398,-2.3959875106811523,-187.48682737350464,-451.2895941734314,-0.8515867590904236,0.3522815406322479,-0.04655713587999344,100,OK,MAP_UPDATE,OK,VISUAL_INERTIAL
2600,1761212622414,-7.683980278670788,-187.67189979553223,-449.94646310806274,-0.8518073558807373,0.3575294315814972,-0.042438145726919174,100,OK,MAP_UPDATE,OK,VISUAL_INERTIAL
2601,1761212622431,-12.762305326759815,-187.8744214773178,-448.5650658607483,-0.8519412875175476,0.36273711919784546,-0.038396164774894714,100,OK,MAP_UPDATE,OK,VISUAL_INERTIAL
2602,1761212622447,-17.671866342425346,-187.83794343471527,-447.1491277217865,-0.8518713116645813,0.3679499328136444,-0.03466523066163063,100,OK,MAP_UPDATE,OK,VISUAL_INERTIAL
2603,1761212622464,-22.110214456915855,-187.59304285049438,-445.72585821151733,-0.8515251278877258,0.3732071816921234,-0.03139548376202583,100,OK,MAP_UPDATE,OK,VISUAL_INERTIAL
2604,1761212622481,-26.63566544651985,-187.2798204421997,-444.193571805954,-0.850852370262146,0.3780222535133362,-0.028264231979846954,100,OK,MAP_UPDATE,OK,VISUAL_INERTIAL
2605,1761212622498,-30.8596920222044,-186.99221312999725,-442.6070749759674,-0.8500761389732361,0.3825840353965759,-0.025185013189911842,100,OK,MAP_UPDATE,OK,VISUAL_INERTIAL
2606,1761212622514,-34.81258079409599,-186.7377907037735,-440.9775137901306,-0.8492798805236816,0.38673117756843567,-0.022237928584218025,100,OK,MAP_UPDATE,OK,VISUAL_INERTIAL
2607,1761212622531,-38.504716008901596,-186.38689815998077,-439.241498708725,-0.8483352661132812,0.39058926701545715,-0.019416354596614838,100,OK,MAP_UPDATE,OK,VISUAL_INERTIAL
2608,1761212622547,-42.23274812102318,-186.0065758228302,-437.4205470085144,-0.8470275402069092,0.39399421215057373,-0.016864506527781487,100,OK,MAP_UPDATE,OK,VISUAL_INERTIAL
2609,1761212622564,-45.708440244197845,-185.3293925523758,-435.5275630950928,-0.8454098105430603,0.3974505662918091,-0.014727014116942883,100,OK,MAP_UPDATE,OK,VISUAL_INERTIAL
2610,1761212622581,-48.86408895254135,-184.57573652267456,-433.3513379096985,-0.8433268070220947,0.40142470598220825,-0.012964995577931404,100,OK,MAP_UPDATE,OK,VISUAL_INERTIAL
2611,1761212622597,-51.529861986637115,-183.56764316558838,-431.22151494026184,-0.8410676121711731,0.4053983986377716,-0.011737464927136898,100,OK,MAP_UPDATE,OK,VISUAL_INERTIAL
2612,1761212622614,-53.63539233803749,-182.35236406326294,-429.03071641921997,-0.8384471535682678,0.4084185063838959,-0.010633339174091816,100,OK,MAP_UPDATE,OK,VISUAL_INERTIAL
2613,1761212622631,-55.19993603229523,-180.93565106391907,-426.81336402893066,-0.835411012172699,0.41033005714416504,-0.009642545133829117,100,OK,MAP_UPDATE,OK,VISUAL_INERTIAL
2614,1761212622648,-56.225892156362534,-179.37031388282776,-424.5947599411011,-0.8319419026374817,0.4117431938648224,-0.008917720057070255,100,OK,MAP_UPDATE,OK,VISUAL_INERTIAL
2615,1761212622664,-57.01205134391785,-177.56645381450653,-422.1736788749695,-0.8279236555099487,0.4130190908908844,-0.008797431364655495,100,OK,MAP_UPDATE,OK,VISUAL_INERTIAL
2616,1761212622681,-57.820290327072144,-175.50061643123627,-419.6007251739502,-0.8234692215919495,0.41438546776771545,-0.009396502748131752,100,OK,MAP_UPDATE,OK,VISUAL_INERTIAL
2617,1761212622697,-58.236975222826004,-173.2361763715744,-416.7976379394531,-0.8184682726860046,0.41561371088027954,-0.01015767827630043,100,OK,MAP_UPDATE,OK,VISUAL_INERTIAL
2618,1761212622714,-58.28768387436867,-170.76250910758972,-413.7825667858124,-0.8129234910011292,0.41638579964637756,-0.011008119210600853,100,OK,MAP_UPDATE,OK,VISUAL_INERTIAL
2619,1761212622731,-58.180585503578186,-168.02693903446198,-410.7324779033661,-0.8071192502975464,0.4166019856929779,-0.012091238982975483,100,OK,MAP_UPDATE,OK,VISUAL_INERTIAL
2620,1761212622747,-57.70028010010719,-165.19655287265778,-407.38245844841003,-0.8008247017860413,0.4167900085449219,-0.013194463215768337,100,OK,MAP_UPDATE,OK,VISUAL_INERTIAL
2621,1761212622764,-57.059548795223236,-162.1536910533905,-403.8424789905548,-0.794355571269989,0.41708073019981384,-0.014608400873839855,100,OK,MAP_UPDATE,OK,VISUAL_INERTIAL
2622,1761212622781,-56.37391656637192,-158.92136096954346,-400.1987874507904,-0.7878319621086121,0.4172403812408447,-0.016202960163354874,100,OK,MAP_UPDATE,OK,VISUAL_INERTIAL
2623,1761212622797,-55.53063005208969,-155.7471603155136,-396.4119255542755,-0.7809925675392151,0.4172225296497345,-0.017597729340195656,100,OK,MAP_UPDATE,OK,VISUAL_INERTIAL
2624,1761212622814,-54.79626730084419,-152.47823297977448,-392.56536960601807,-0.7740676403045654,0.41679060459136963,-0.01874157041311264,100,OK,MAP_UPDATE,OK,VISUAL_INERTIAL
2625,1761212622831,-54.204002022743225,-149.34886991977692,-388.6210322380066,-0.7670864462852478,0.41618838906288147,-0.019556131213903427,100,OK,MAP_UPDATE,OK,VISUAL_INERTIAL
2626,1761212622848,-53.415391594171524,-146.08493447303772,-384.6368193626404,-0.7602978348731995,0.41562896966934204,-0.020043129101395607,100,OK,MAP_UPDATE,OK,VISUAL_INERTIAL
2627,1761212622864,-52.72183194756508,-143.00942420959473,-380.6817829608917,-0.7537247538566589,0.4145811200141907,-0.019901996478438377,100,OK,MAP_UPDATE,OK,VISUAL_INERTIAL
2628,1761212622881,-51.695872098207474,-139.9863213300705,-376.72099471092224,-0.7473317980766296,0.41271936893463135,-0.01943358965218067,100,OK,MAP_UPDATE,OK,VISUAL_INERTIAL
2629,1761212622898,-50.43306201696396,-137.10175454616547,-372.84958362579346,-0.741138756275177,0.4093128442764282,-0.018246367573738098,100,OK,MAP_UPDATE,OK,VISUAL_INERTIAL
2630,1761212622914,-49.21289160847664,-134.25883650779724,-369.0544366836548,-0.735329806804657,0.40490612387657166,-0.0168240237981081,100,OK,MAP_UPDATE,OK,VISUAL_INERTIAL
2631,1761212622931,-47.843120992183685,-131.40873610973358,-365.18368124961853,-0.729663610458374,0.40018928050994873,-0.015475641004741192,100,OK,MAP_UPDATE,OK,VISUAL_INERTIAL
2632,1761212622947,-46.61388695240021,-128.59010696411133,-361.6698980331421,-0.7244066596031189,0.39534956216812134,-0.014262471348047256,100,OK,MAP_UPDATE,OK,VISUAL_INERTIAL
2633,1761212622965,-45.194320380687714,-125.67251920700073,-358.06146264076233,-0.7190278768539429,0.38991519808769226,-0.012960252352058887,100,OK,MAP_UPDATE,OK,VISUAL_INERTIAL
2634,1761212622981,-43.65082457661629,-122.78353422880173,-354.7624945640564,-0.7139277458190918,0.3840513527393341,-0.01157266553491354,100,OK,MAP_UPDATE,OK,VISUAL_INERTIAL
2635,1761212622997,-41.5765605866909,-119.81759965419769,-351.51633620262146,-0.7088490724563599,0.37792733311653137,-0.01025914866477251,100,OK,MAP_UPDATE,OK,VISUAL_INERTIAL
2636,1761212623014,-39.49054330587387,-116.87752604484558,-348.41859340667725,-0.7039398550987244,0.37144356966018677,-0.00916010420769453,100,OK,MAP_UPDATE,OK,VISUAL_INERTIAL
2637,1761212623031,-37.293970584869385,-114.03796076774597,-345.5389440059662,-0.6992133855819702,0.36466184258461,-0.008199622854590416,100,OK,MAP_UPDATE,OK,VISUAL_INERTIAL
2638,1761212623047,-34.92144122719765,-111.23540252447128,-342.765212059021,-0.6946182250976562,0.3580363988876343,-0.00744425505399704,100,OK,MAP_UPDATE,OK,VISUAL_INERTIAL
2639,1761212623064,-32.443568110466,-108.38985443115234,-340.15777707099915,-0.6902561783790588,0.3517518639564514,-0.0070045022293925285,100,OK,MAP_UPDATE,OK,VISUAL_INERTIAL
2640,1761212623081,-29.83180060982704,-105.5823564529419,-337.53761649131775,-0.685984194278717,0.3457125425338745,-0.0067213126458227634,100,OK,MAP_UPDATE,OK,VISUAL_INERTIAL
2641,1761212623097,-27.049988508224487,-102.68272459506989,-335.0866138935089,-0.6818777918815613,0.33967161178588867,-0.006699986755847931,100,OK,MAP_UPDATE,OK,VISUAL_INERTIAL
2642,1761212623114,-24.218067526817322,-99.87656772136688,-332.7873945236206,-0.6778713464736938,0.3334291875362396,-0.0068440823815763,100,OK,MAP_UPDATE,OK,VISUAL_INERTIAL
2643,1761212623131,-21.113138645887375,-97.1628949046135,-330.62446117401123,-0.673983097076416,0.32657474279403687,-0.006838607601821423,100,OK,MAP_UPDATE,OK,VISUAL_INERTIAL
2644,1761212623147,-17.947424203157425,-94.52351927757263,-328.5783529281616,-0.6702447533607483,0.31910911202430725,-0.006796417757868767,100,OK,MAP_UPDATE,OK,VISUAL_INERTIAL
2645,1761212623164,-14.780649915337563,-91.97928756475449,-326.57912373542786,-0.6665905117988586,0.3117789030075073,-0.007073765154927969,100,OK,MAP_UPDATE,OK,VISUAL_INERTIAL
2646,1761212623181,-11.836928315460682,-89.31620419025421,-324.49960708618164,-0.6631370186805725,0.30533313751220703,-0.007995786145329475,100,OK,MAP_UPDATE,OK,VISUAL_INERTIAL
2647,1761212623197,-8.74625239521265,-86.7849662899971,-322.48374819755554,-0.659877598285675,0.29995661973953247,-0.009155952371656895,100,OK,MAP_UPDATE,OK,VISUAL_INERTIAL
2648,1761212623214,-5.541444756090641,-84.35992151498795,-320.5840289592743,-0.6567564606666565,0.2951642870903015,-0.010326621122658253,100,OK,MAP_UPDATE,OK,VISUAL_INERTIAL
2649,1761212623231,-2.255669329315424,-82.06295222043991,-318.8362717628479,-0.6537966132164001,0.2906376123428345,-0.011343726888298988,100,OK,MAP_UPDATE,OK,VISUAL_INERTIAL
2650,1761212623247,1.1784352827817202,-79.76028323173523,-317.2927498817444,-0.6511200070381165,0.28592514991760254,-0.012229884043335915,100,OK,MAP_UPDATE,OK,VISUAL_INERTIAL
2651,1761212623264,4.673083312809467,-77.5541216135025,-315.8796429634094,-0.6486724019050598,0.2808189392089844,-0.012943918816745281,100,OK,MAP_UPDATE,OK,VISUAL_INERTIAL
2652,1761212623281,8.25944822281599,-75.4903182387352,-314.585417509079,-0.646480917930603,0.27543047070503235,-0.01352542731910944,100,OK,MAP_UPDATE,OK,VISUAL_INERTIAL
2653,1761212623297,11.73992920666933,-73.45190644264221,-313.3496046066284,-0.6446530222892761,0.2698030173778534,-0.01399445440620184,100,OK,MAP_UPDATE,OK,VISUAL_INERTIAL
2654,1761212623314,15.156627632677555,-71.53059542179108,-312.2146427631378,-0.6429838538169861,0.26394328474998474,-0.014285603538155556,100,OK,MAP_UPDATE,OK,VISUAL_INERTIAL
2655,1761212623331,15.156627632677555,-71.53059542179108,-312.2146427631378,-0.6429838538169861,0.26394328474998474,-0.014285603538155556,100,OK,MAP_UPDATE,OK,VISUAL_INERTIAL
2656,1761212623347,21.802157163619995,-68.06586682796478,-309.5714747905731,-0.639812707901001,0.25242844223976135,-0.015106932260096073,100,OK,MAP_UPDATE,OK,VISUAL_INERTIAL
2657,1761212623364,25.316845625638962,-66.3502886891365,-308.7840676307678,-0.638727068901062,0.24658432602882385,-0.015690842643380165,100,OK,MAP_UPDATE,OK,VISUAL_INERTIAL
2658,1761212623381,29.013779014348984,-64.63762372732162,-307.94697999954224,-0.6376502513885498,0.24087435007095337,-0.016496600583195686,100,OK,MAP_UPDATE,OK,VISUAL_INERTIAL
2659,1761212623397,33.39019417762756,-63.05705010890961,-307.07427859306335,-0.6365830898284912,0.2356860339641571,-0.01793256774544716,100,OK,MAP_UPDATE,OK,VISUAL_INERTIAL
2660,1761212623414,37.46596351265907,-61.530519276857376,-306.00056052207947,-0.6355289220809937,0.230601966381073,-0.019522372633218765,100,OK,MAP_UPDATE,OK,VISUAL_INERTIAL
2661,1761212623431,41.707463562488556,-60.13328582048416,-305.0250709056854,-0.6345280408859253,0.22564084827899933,-0.021390724927186966,100,OK,MAP_UPDATE,OK,VISUAL_INERTIAL
2662,1761212623447,46.35695368051529,-58.88327583670616,-304.09616231918335,-0.6335628628730774,0.22020694613456726,-0.02325509674847126,100,OK,MAP_UPDATE,OK,VISUAL_INERTIAL
2663,1761212623464,51.23807117342949,-57.75485932826996,-303.23535203933716,-0.6326499581336975,0.21427856385707855,-0.025154272094368935,100,OK,MAP_UPDATE,OK,VISUAL_INERTIAL
2664,1761212623481,56.554798036813736,-56.68194591999054,-302.3521602153778,-0.6316571831703186,0.20821654796600342,-0.027249528095126152,100,OK,MAP_UPDATE,OK,VISUAL_INERTIAL
2665,1761212623497,61.979856342077255,-55.772874504327774,-301.4948070049286,-0.6307042241096497,0.20204107463359833,-0.029424460604786873,100,OK,MAP_UPDATE,OK,VISUAL_INERTIAL
2666,1761212623514,67.44667142629623,-54.937686771154404,-300.74653029441833,-0.6298345923423767,0.19570136070251465,-0.031763315200805664,100,OK,MAP_UPDATE,OK,VISUAL_INERTIAL
2667,1761212623531,72.9604959487915,-54.195210337638855,-300.1057505607605,-0.6290150880813599,0.18923315405845642,-0.034195829182863235,100,OK,MAP_UPDATE,OK,VISUAL_INERTIAL
2668,1761212623547,78.68554443120956,-53.505416959524155,-299.5848059654236,-0.6283428072929382,0.18251843750476837,-0.03664898872375488,100,OK,MAP_UPDATE,OK,VISUAL_INERTIAL
2669,1761212623564,84.63938534259796,-52.90854349732399,-299.1366982460022,-0.6278368830680847,0.1756136566400528,-0.039141274988651276,100,OK,MAP_UPDATE,OK,VISUAL_INERTIAL
2670,1761212623581,90.62018990516663,-52.641402930021286,-298.75415563583374,-0.6273037195205688,0.1684451401233673,-0.04174940660595894,100,OK,MAP_UPDATE,OK,VISUAL_INERTIAL
2671,1761212623597,96.53505682945251,-52.606552839279175,-298.3669340610504,-0.6268438696861267,0.16106846928596497,-0.04446282610297203,100,OK,MAP_UPDATE,OK,VISUAL_INERTIAL
2672,1761212623614,102.43412107229233,-52.69279330968857,-297.98659682273865,-0.6265448927879333,0.1535124033689499,-0.04732374846935272,100,OK,MAP_UPDATE,OK,VISUAL_INERTIAL
2673,1761212623631,108.34098607301712,-52.92677506804466,-297.75625467300415,-0.6264180541038513,0.14615412056446075,-0.050114862620830536,100,OK,MAP_UPDATE,OK,VISUAL_INERTIAL
2674,1761212623647,114.06281590461731,-53.36712300777435,-297.6510226726532,-0.626400887966156,0.13937431573867798,-0.05315234512090683,100,OK,MAP_UPDATE,OK,VISUAL_INERTIAL
2675,1761212623664,119.93633955717087,-53.91126126050949,-297.6860702037811,-0.626574695110321,0.13303522765636444,-0.05628764629364014,100,OK,MAP_UPDATE,OK,VISUAL_INERTIAL
2676,1761212623681,125.87863206863403,-54.526183754205704,-297.81973361968994,-0.6269002556800842,0.12682457268238068,-0.05946146696805954,100,OK,MAP_UPDATE,OK,VISUAL_INERTIAL
2677,1761212623697,131.8870633840561,-55.169228464365005,-297.8237569332123,-0.6272621154785156,0.12056861817836761,-0.06276855617761612,100,OK,MAP_UPDATE,OK,VISUAL_INERTIAL
2678,1761212623714,137.86359131336212,-55.870428681373596,-298.00164699554443,-0.627681314945221,0.11419380456209183,-0.0660269632935524,100,OK,MAP_UPDATE,OK,VISUAL_INERTIAL
2679,1761212623731,143.77032220363617,-56.68381601572037,-298.3911335468292,-0.6281358003616333,0.10782483220100403,-0.06924226880073547,100,OK,MAP_UPDATE,OK,VISUAL_INERTIAL
2680,1761212623747,149.54949915409088,-57.60004371404648,-298.84904623031616,-0.6286694407463074,0.10173609852790833,-0.07252227514982224,100,OK,MAP_UPDATE,OK,VISUAL_INERTIAL
2681,1761212623764,155.1557034254074,-58.75594913959503,-299.31917786598206,-0.6292130351066589,0.09599824249744415,-0.07587449997663498,100,OK,MAP_UPDATE,OK,VISUAL_INERTIAL
2682,1761212623781,160.70611774921417,-59.9934346973896,-299.879789352417,-0.6298882365226746,0.09059950709342957,-0.07933599501848221,100,OK,MAP_UPDATE,OK,VISUAL_INERTIAL
2683,1761212623797,166.16983711719513,-61.33056432008743,-300.4797697067261,-0.6305702328681946,0.0854470282793045,-0.08288761228322983,100,OK,MAP_UPDATE,OK,VISUAL_INERTIAL
2684,1761212623814,171.45021259784698,-62.64645606279373,-301.20694637298584,-0.6312696933746338,0.08037619292736053,-0.0865699052810669,100,OK,MAP_UPDATE,OK,VISUAL_INERTIAL
2685,1761212623831,171.45021259784698,-62.64645606279373,-301.20694637298584,-0.6312696933746338,0.08037619292736053,-0.0865699052810669,100,OK,MAP_UPDATE,OK,VISUAL_INERTIAL
2686,1761212623847,181.8513572216034,-65.51768630743027,-302.7763068675995,-0.6326366662979126,0.07019614428281784,-0.09341210871934891,100,OK,MAP_UPDATE,OK,VISUAL_INERTIAL
2687,1761212623864,181.8513572216034,-65.51768630743027,-302.7763068675995,-0.6326366662979126,0.07019614428281784,-0.09341210871934891,100,OK,MAP_UPDATE,OK,VISUAL_INERTIAL
2688,1761212623881,191.66536629199982,-69.20082122087479,-305.13474345207214,-0.634819507598877,0.05983101204037666,-0.09962020814418793,100,OK,MAP_UPDATE,OK,VISUAL_INERTIAL
2689,1761212623897,196.31069898605347,-71.6974139213562,-306.4150810241699,-0.6359726786613464,0.05491720885038376,-0.10240983963012695,100,OK,MAP_UPDATE,OK,VISUAL_INERTIAL
2690,1761212623914,200.91259479522705,-74.20067489147186,-307.7941834926605,-0.6373773813247681,0.04992225766181946,-0.10523299127817154,100,OK,MAP_UPDATE,OK,VISUAL_INERTIAL
2691,1761212623931,205.19211888313293,-76.81328058242798,-309.45247411727905,-0.6390733122825623,0.04475761204957962,-0.10770537704229355,100,OK,MAP_UPDATE,OK,VISUAL_INERTIAL
2692,1761212623947,209.15590226650238,-79.49037849903107,-311.3582730293274,-0.6410996317863464,0.039563000202178955,-0.1097441166639328,100,OK,MAP_UPDATE,OK,VISUAL_INERTIAL
2693,1761212623964,212.63131499290466,-82.34825730323792,-313.4179413318634,-0.643376886844635,0.034475553780794144,-0.11145518720149994,100,OK,MAP_UPDATE,OK,VISUAL_INERTIAL
2694,1761212623981,215.63078463077545,-85.23720502853394,-315.4572546482086,-0.6460207104682922,0.029691824689507484,-0.11279073357582092,100,OK,MAP_UPDATE,OK,VISUAL_INERTIAL
2695,1761212623997,217.88635849952698,-88.22000026702881,-318.09505820274353,-0.6492873430252075,0.025132494047284126,-0.11359181255102158,100,OK,MAP_UPDATE,OK,VISUAL_INERTIAL
2696,1761212624014,219.29122507572174,-91.50461852550507,-321.0461139678955,-0.6529110074043274,0.0216519758105278,-0.11421811580657959,100,OK,MAP_UPDATE,OK,VISUAL_INERTIAL
2697,1761212624031,219.92535889148712,-94.7917178273201,-324.1543769836426,-0.6568911671638489,0.019943101331591606,-0.11488274484872818,100,OK,MAP_UPDATE,OK,VISUAL_INERTIAL
2698,1761212624047,219.7834849357605,-98.27988594770432,-327.4204134941101,-0.6611546277999878,0.01943027786910534,-0.11525894701480865,100,OK,MAP_UPDATE,OK,VISUAL_INERTIAL
2699,1761212624064,219.3603366613388,-101.88625752925873,-330.8688998222351,-0.6657975316047668,0.019726427271962166,-0.11541593074798584,100,OK,MAP_UPDATE,OK,VISUAL_INERTIAL
2700,1761212624081,218.6521738767624,-105.43181002140045,-334.41466093063354,-0.6708078384399414,0.020542427897453308,-0.11531060934066772,100,OK,MAP_UPDATE,OK,VISUAL_INERTIAL
2701,1761212624098,217.47300028800964,-109.04508829116821,-338.18185329437256,-0.6762451529502869,0.021733274683356285,-0.11501915752887726,100,OK,MAP_UPDATE,OK,VISUAL_INERTIAL
2702,1761212624114,215.65893292427063,-112.64441907405853,-341.8808579444885,-0.681757390499115,0.023167727515101433,-0.11448615044355392,100,OK,MAP_UPDATE,OK,VISUAL_INERTIAL
2703,1761212624131,213.53206038475037,-116.26815050840378,-345.67728638648987,-0.6875758767127991,0.02488219551742077,-0.11367381364107132,100,OK,MAP_UPDATE,OK,VISUAL_INERTIAL
2704,1761212624147,210.83207428455353,-119.82296407222748,-349.60779547691345,-0.693566083908081,0.026645677164196968,-0.11236043274402618,100,OK,MAP_UPDATE,OK,VISUAL_INERTIAL
2705,1761212624164,207.5774073600769,-123.33115935325623,-353.5963296890259,-0.6996822357177734,0.02853582240641117,-0.11076341569423676,100,OK,MAP_UPDATE,OK,VISUAL_INERTIAL
2706,1761212624181,203.64506542682648,-126.79697573184967,-357.5100600719452,-0.7057552337646484,0.031011804938316345,-0.10902822762727737,100,OK,MAP_UPDATE,OK,VISUAL_INERTIAL
2707,1761212624197,199.1627961397171,-130.18672168254852,-361.04047298431396,-0.711577832698822,0.034099042415618896,-0.10710208863019943,100,OK,MAP_UPDATE,OK,VISUAL_INERTIAL
2708,1761212624214,194.5788711309433,-133.42928886413574,-364.50356245040894,-0.7172279953956604,0.037274960428476334,-0.10508934408426285,100,OK,MAP_UPDATE,OK,VISUAL_INERTIAL
2709,1761212624231,189.69064950942993,-136.5417242050171,-367.7630126476288,-0.7226158380508423,0.0406009703874588,-0.10294514149427414,100,OK,MAP_UPDATE,OK,VISUAL_INERTIAL
2710,1761212624247,184.5371425151825,-139.44751024246216,-370.9529936313629,-0.7277199029922485,0.044275492429733276,-0.10060542076826096,100,OK,MAP_UPDATE,OK,VISUAL_INERTIAL
2711,1761212624264,179.0778785943985,-142.22867786884308,-373.8802373409271,-0.7323482036590576,0.04846048355102539,-0.09814725816249847,100,OK,MAP_UPDATE,OK,VISUAL_INERTIAL
2712,1761212624281,173.23914170265198,-144.61606740951538,-376.4653205871582,-0.7365856766700745,0.05319748446345329,-0.09547723084688187,100,OK,MAP_UPDATE,OK,VISUAL_INERTIAL
2713,1761212624298,166.91598296165466,-146.79425954818726,-378.7786364555359,-0.7403096556663513,0.05848342552781105,-0.0928906723856926,100,OK,MAP_UPDATE,OK,VISUAL_INERTIAL
2714,1761212624314,160.38571298122406,-148.8550454378128,-380.6866705417633,-0.7434710264205933,0.06431079655885696,-0.09034506976604462,100,OK,MAP_UPDATE,OK,VISUAL_INERTIAL
2715,1761212624331,153.34251523017883,-150.79033374786377,-382.3966383934021,-0.7461868524551392,0.0703631266951561,-0.08741677552461624,100,OK,MAP_UPDATE,OK,VISUAL_INERTIAL
2716,1761212624347,146.39446139335632,-152.56281197071075,-383.80175828933716,-0.7484766840934753,0.07626072317361832,-0.08412233740091324,100,OK,MAP_UPDATE,OK,VISUAL_INERTIAL
2717,1761212624364,139.78441059589386,-154.27827835083008,-385.1892948150635,-0.7504931092262268,0.08285355567932129,-0.08064717054367065,100,OK,MAP_UPDATE,OK,VISUAL_INERTIAL
2718,1761212624381,131.84095919132233,-155.69692850112915,-385.51995158195496,-0.7515687346458435,0.08898571878671646,-0.07651364058256149,100,OK,MAP_UPDATE,OK,VISUAL_INERTIAL
2719,1761212624397,124.01086837053299,-156.81526064872742,-385.68127155303955,-0.7523228526115417,0.0951932966709137,-0.0724642276763916,100,OK,MAP_UPDATE,OK,VISUAL_INERTIAL
2720,1761212624415,115.91992527246475,-157.56839513778687,-385.6508433818817,-0.7525691390037537,0.10237671434879303,-0.06843532621860504,100,OK,MAP_UPDATE,OK,VISUAL_INERTIAL
2721,1761212624431,107.99673944711685,-158.06342661380768,-385.34754514694214,-0.7524186968803406,0.11018530279397964,-0.0647926777601242,100,OK,MAP_UPDATE,OK,VISUAL_INERTIAL
2722,1761212624447,99.90942478179932,-158.4869623184204,-384.98252630233765,-0.7524017691612244,0.1180187538266182,-0.06087935343384743,100,OK,MAP_UPDATE,OK,VISUAL_INERTIAL
2723,1761212624464,91.77729487419128,-158.9818298816681,-384.3925893306732,-0.7525765299797058,0.1250893920660019,-0.05663401260972023,100,OK,MAP_UPDATE,OK,VISUAL_INERTIAL
2724,1761212624481,83.86285603046417,-159.57891941070557,-383.7207555770874,-0.7531497478485107,0.13188381493091583,-0.0519910492002964,100,OK,MAP_UPDATE,OK,VISUAL_INERTIAL
2725,1761212624498,76.0723277926445,-160.16913950443268,-383.0775320529938,-0.7538068294525146,0.13854089379310608,-0.04724140092730522,100,OK,MAP_UPDATE,OK,VISUAL_INERTIAL
2726,1761212624514,68.64039599895477,-160.60735285282135,-382.482647895813,-0.754404604434967,0.14513380825519562,-0.04255061224102974,100,OK,MAP_UPDATE,OK,VISUAL_INERTIAL
2727,1761212624531,61.13274022936821,-160.827174782753,-381.2836706638336,-0.7547418475151062,0.15143440663814545,-0.038081590086221695,100,OK,MAP_UPDATE,OK,VISUAL_INERTIAL
2728,1761212624547,53.66465821862221,-160.817950963974,-380.25644421577454,-0.7551684379577637,0.1579969972372055,-0.033805929124355316,100,OK,MAP_UPDATE,OK,VISUAL_INERTIAL
2729,1761212624564,46.259813010692596,-160.77226400375366,-379.190593957901,-0.7556522488594055,0.16490989923477173,-0.029728488996624947,100,OK,MAP_UPDATE,OK,VISUAL_INERTIAL
2730,1761212624581,38.74564543366432,-160.62597930431366,-378.1174421310425,-0.7563379406929016,0.17224439978599548,-0.025552650913596153,100,OK,MAP_UPDATE,OK,VISUAL_INERTIAL
2731,1761212624598,31.63899853825569,-160.34875810146332,-376.9126236438751,-0.7570752501487732,0.17995423078536987,-0.021889451891183853,100,OK,MAP_UPDATE,OK,VISUAL_INERTIAL
2732,1761212624614,25.039654225111008,-159.97421741485596,-375.510573387146,-0.757768452167511,0.18791572749614716,-0.01843806356191635,100,OK,MAP_UPDATE,OK,VISUAL_INERTIAL
2733,1761212624631,18.63362453877926,-159.49858725070953,-374.0871846675873,-0.7583835124969482,0.19587035477161407,-0.015218359418213367,100,OK,MAP_UPDATE,OK,VISUAL_INERTIAL
2734,1761212624648,12.571543455123901,-158.83295238018036,-372.70575761795044,-0.7590072154998779,0.20315808057785034,-0.012179920449852943,100,OK,MAP_UPDATE,OK,VISUAL_INERTIAL
2735,1761212624664,7.153528276830912,-157.97390043735504,-371.40926718711853,-0.7596449851989746,0.20944635570049286,-0.00913826934993267,100,OK,MAP_UPDATE,OK,VISUAL_INERTIAL
2736,1761212624681,1.8542692996561527,-157.0580005645752,-370.01243233680725,-0.7602758407592773,0.21486437320709229,-0.006331298034638166,100,OK,MAP_UPDATE,OK,VISUAL_INERTIAL
2737,1761212624697,-3.177169244736433,-155.9825986623764,-368.55295300483704,-0.7608782649040222,0.21984831988811493,-0.003748254617676139,100,OK,MAP_UPDATE,OK,VISUAL_INERTIAL
2738,1761212624714,-8.100075647234917,-154.8173576593399,-366.9911324977875,-0.7613359093666077,0.22477886080741882,-0.0013970625586807728,100,OK,MAP_UPDATE,OK,VISUAL_INERTIAL
2739,1761212624731,-12.557524256408215,-153.6407768726349,-365.36702513694763,-0.7615604996681213,0.22970232367515564,0.000861298234667629,100,OK,MAP_UPDATE,OK,VISUAL_INERTIAL
2740,1761212624747,-16.747787594795227,-152.23319828510284,-363.5837435722351,-0.7617186903953552,0.23417916893959045,0.003085287055000663,100,OK,MAP_UPDATE,OK,VISUAL_INERTIAL
2741,1761212624764,-21.023811772465706,-150.98939836025238,-361.7594242095947,-0.7617313861846924,0.2380465418100357,0.00515507347881794,100,OK,MAP_UPDATE,OK,VISUAL_INERTIAL
2742,1761212624781,-25.09443089365959,-149.6516615152359,-359.84715819358826,-0.7616928219795227,0.24180227518081665,0.007161873858422041,100,OK,MAP_UPDATE,OK,VISUAL_INERTIAL
2743,1761212624797,-29.10623513162136,-148.17796647548676,-357.8889071941376,-0.7616258859634399,0.24573391675949097,0.008916900493204594,100,OK,MAP_UPDATE,OK,VISUAL_INERTIAL
2744,1761212624814,-32.97661244869232,-146.58580720424652,-355.89832067489624,-0.7614666223526001,0.25023794174194336,0.010253054089844227,100,OK,MAP_UPDATE,OK,VISUAL_INERTIAL
2745,1761212624831,-36.38153895735741,-144.72752809524536,-354.0341556072235,-0.7613703608512878,0.2543948292732239,0.011547993868589401,100,OK,MAP_UPDATE,OK,VISUAL_INERTIAL
2746,1761212624847,-39.251454174518585,-142.66395568847656,-352.27513313293457,-0.7611874938011169,0.25720271468162537,0.013161740265786648,100,OK,MAP_UPDATE,OK,VISUAL_INERTIAL
2747,1761212624864,-41.71731695532799,-140.42720198631287,-350.60468316078186,-0.7609154582023621,0.2590180039405823,0.014790351502597332,100,OK,MAP_UPDATE,OK,VISUAL_INERTIAL
2748,1761212624881,-43.84957253932953,-138.0620151758194,-349.0545451641083,-0.760558545589447,0.2601659297943115,0.016331277787685394,100,OK,MAP_UPDATE,OK,VISUAL_INERTIAL
2749,1761212624897,-45.69724574685097,-135.70040464401245,-347.4235236644745,-0.7600147724151611,0.26072198152542114,0.01795429177582264,100,OK,MAP_UPDATE,OK,VISUAL_INERTIAL
2750,1761212624914,-47.32269421219826,-133.33678245544434,-345.75024247169495,-0.7592761516571045,0.2608790397644043,0.01961960271000862,100,OK,MAP_UPDATE,OK,VISUAL_INERTIAL
2751,1761212624931,-48.61905053257942,-130.85123896598816,-344.1466987133026,-0.7584748864173889,0.2609338164329529,0.021255597472190857,100,OK,MAP_UPDATE,OK,VISUAL_INERTIAL
2752,1761212624947,-49.68608543276787,-128.37384641170502,-342.5529897212982,-0.7574997544288635,0.2608969509601593,0.02287333458662033,100,OK,MAP_UPDATE,OK,VISUAL_INERTIAL
2753,1761212624964,-50.35924166440964,-125.93044340610504,-340.90808033943176,-0.7563361525535583,0.26075148582458496,0.02463381178677082,100,OK,MAP_UPDATE,OK,VISUAL_INERTIAL
2754,1761212624981,-50.74721947312355,-123.4339028596878,-339.36208486557007,-0.755111575126648,0.2599354088306427,0.026557959616184235,100,OK,MAP_UPDATE,OK,VISUAL_INERTIAL
2755,1761212624997,-50.74824020266533,-120.96258997917175,-337.9003703594208,-0.7537479400634766,0.25813037157058716,0.028782429173588753,100,OK,MAP_UPDATE,OK,VISUAL_INERTIAL
2756,1761212625014,-50.58617517352104,-118.48267167806625,-336.520254611969,-0.7522525191307068,0.2557271718978882,0.03087405487895012,100,OK,MAP_UPDATE,OK,VISUAL_INERTIAL
2757,1761212625031,-50.53389072418213,-115.96711724996567,-335.23029088974,-0.7508019208908081,0.25398048758506775,0.032388947904109955,100,OK,MAP_UPDATE,OK,VISUAL_INERTIAL
2758,1761212625047,-50.267502665519714,-113.29076439142227,-334.04049277305603,-0.7495207786560059,0.25320565700531006,0.0332334041595459,100,OK,MAP_UPDATE,OK,VISUAL_INERTIAL
2759,1761212625064,-49.454737454652786,-110.62289774417877,-332.9230844974518,-0.7482089400291443,0.25241851806640625,0.03389332443475723,100,OK,MAP_UPDATE,OK,VISUAL_INERTIAL
2760,1761212625081,-47.91668429970741,-107.87235200405121,-331.9336771965027,-0.7469340562820435,0.25096386671066284,0.0345885343849659,100,OK,MAP_UPDATE,OK,VISUAL_INERTIAL
2761,1761212625098,-46.049777418375015,-105.07845878601074,-331.1685621738434,-0.7457908391952515,0.24865007400512695,0.03510215878486633,100,OK,MAP_UPDATE,OK,VISUAL_INERTIAL
2762,1761212625114,-43.87038201093674,-102.3290827870369,-330.53579926490784,-0.7446075081825256,0.24596403539180756,0.03512955084443092,100,OK,MAP_UPDATE,OK,VISUAL_INERTIAL
2763,1761212625131,-41.28572717308998,-99.48921948671341,-329.997718334198,-0.7434613704681396,0.24322323501110077,0.034649863839149475,100,OK,MAP_UPDATE,OK,VISUAL_INERTIAL
2764,1761212625147,-38.15729171037674,-96.72640264034271,-329.5467793941498,-0.7422494888305664,0.2398732453584671,0.03400197625160217,100,OK,MAP_UPDATE,OK,VISUAL_INERTIAL
2765,1761212625164,-34.65515375137329,-94.08087283372879,-329.34102416038513,-0.74106365442276,0.23565462231636047,0.03336286544799805,100,OK,MAP_UPDATE,OK,VISUAL_INERTIAL
2766,1761212625181,-30.934151262044907,-91.58223122358322,-329.11479473114014,-0.7397643327713013,0.23083728551864624,0.03254213184118271,100,OK,MAP_UPDATE,OK,VISUAL_INERTIAL
2767,1761212625197,-27.176277711987495,-89.27129954099655,-328.86821031570435,-0.7384080290794373,0.22621218860149384,0.03134526312351227,100,OK,MAP_UPDATE,OK,VISUAL_INERTIAL
2768,1761212625214,-23.209581151604652,-87.14047074317932,-328.681617975235,-0.737094521522522,0.22224020957946777,0.02985527738928795,100,OK,MAP_UPDATE,OK,VISUAL_INERTIAL
2769,1761212625231,-19.033566117286682,-85.18192917108536,-328.5479247570038,-0.7358641624450684,0.21827225387096405,0.028089456260204315,100,OK,MAP_UPDATE,OK,VISUAL_INERTIAL
2770,1761212625247,-14.564684592187405,-83.43415707349777,-328.4921944141388,-0.7346705198287964,0.21355688571929932,0.026500511914491653,100,OK,MAP_UPDATE,OK,VISUAL_INERTIAL
2771,1761212625264,-9.714461863040924,-81.84779435396194,-328.5750448703766,-0.7335468530654907,0.2081819623708725,0.02507893182337284,100,OK,MAP_UPDATE,OK,VISUAL_INERTIAL
2772,1761212625281,-4.747654311358929,-80.35677671432495,-328.6200165748596,-0.7324357032775879,0.20234058797359467,0.023724189028143883,100,OK,MAP_UPDATE,OK,VISUAL_INERTIAL
2773,1761212625297,0.2132034278474748,-78.86496186256409,-328.90889048576355,-0.7315868139266968,0.1965303272008896,0.022316554561257362,100,OK,MAP_UPDATE,OK,VISUAL_INERTIAL
2774,1761212625314,5.330272484570742,-77.49452441930771,-329.24243807792664,-0.7309479117393494,0.1909412145614624,0.02066033147275448,100,OK,MAP_UPDATE,OK,VISUAL_INERTIAL
2775,1761212625331,10.368254967033863,-76.16355270147324,-329.47102189064026,-0.7303649187088013,0.18534529209136963,0.019240250810980797,100,OK,MAP_UPDATE,OK,VISUAL_INERTIAL
2776,1761212625347,15.33602923154831,-74.91041719913483,-329.8172652721405,-0.7299476861953735,0.17955036461353302,0.017990071326494217,100,OK,MAP_UPDATE,OK,VISUAL_INERTIAL
2777,1761212625364,20.525550469756126,-73.66744428873062,-330.2356004714966,-0.7295401096343994,0.17372429370880127,0.016687070950865746,100,OK,MAP_UPDATE,OK,VISUAL_INERTIAL
2778,1761212625381,25.85252933204174,-72.46221601963043,-330.7420611381531,-0.7291169762611389,0.16814300417900085,0.015130609273910522,100,OK,MAP_UPDATE,OK,VISUAL_INERTIAL
2779,1761212625397,31.285986304283142,-71.22401148080826,-331.23186230659485,-0.7286266088485718,0.1625857949256897,0.013385111466050148,100,OK,MAP_UPDATE,OK,VISUAL_INERTIAL
2780,1761212625414,37.02111542224884,-70.05191594362259,-331.70998096466064,-0.7280668020248413,0.15660664439201355,0.011595338582992554,100,OK,MAP_UPDATE,OK,VISUAL_INERTIAL
2781,1761212625431,42.81233623623848,-68.96628439426422,-332.2131633758545,-0.7275511622428894,0.15006448328495026,0.00971691869199276,100,OK,MAP_UPDATE,OK,VISUAL_INERTIAL
2782,1761212625447,48.82582649588585,-68.03473085165024,-332.71703124046326,-0.7270449995994568,0.1436283141374588,0.007462581619620323,100,OK,MAP_UPDATE,OK,VISUAL_INERTIAL
2783,1761212625464,54.78576943278313,-67.29987263679504,-333.26953649520874,-0.7265775203704834,0.13788285851478577,0.004686941858381033,100,OK,MAP_UPDATE,OK,VISUAL_INERTIAL
2784,1761212625481,60.89785322546959,-66.76991283893585,-333.88158679008484,-0.7261640429496765,0.13253632187843323,0.0017174030654132366,100,OK,MAP_UPDATE,OK,VISUAL_INERTIAL
2785,1761212625497,67.27693974971771,-66.54664129018784,-334.52489972114563,-0.7257930040359497,0.1271224170923233,-0.00136690738145262,100,OK,MAP_UPDATE,OK,VISUAL_INERTIAL
2786,1761212625514,73.78432899713516,-66.73456728458405,-335.3666663169861,-0.7255178689956665,0.1216297298669815,-0.004899883177131414,100,OK,MAP_UPDATE,OK,VISUAL_INERTIAL
2787,1761212625531,80.23345470428467,-67.04767048358917,-336.3055884838104,-0.7253960371017456,0.1161852553486824,-0.00855308398604393,100,OK,MAP_UPDATE,OK,VISUAL_INERTIAL
2788,1761212625547,86.729995906353,-67.56284087896347,-337.35406398773193,-0.7254317998886108,0.11065374314785004,-0.012336121872067451,100,OK,MAP_UPDATE,OK,VISUAL_INERTIAL
2789,1761212625564,93.26780587434769,-68.37408989667892,-338.5135531425476,-0.7256351113319397,0.10505354404449463,-0.016134202480316162,100,OK,MAP_UPDATE,OK,VISUAL_INERTIAL
2790,1761212625581,99.74823892116547,-69.44424659013748,-339.8882746696472,-0.7261269688606262,0.0993494763970375,-0.019932013005018234,100,OK,MAP_UPDATE,OK,VISUAL_INERTIAL
2791,1761212625597,106.25100135803223,-70.79947739839554,-341.34581685066223,-0.7269333004951477,0.09353891760110855,-0.023563269525766373,100,OK,MAP_UPDATE,OK,VISUAL_INERTIAL
2792,1761212625614,112.4817281961441,-72.4601298570633,-342.8626358509064,-0.7280722856521606,0.08735167235136032,-0.02699718065559864,100,OK,MAP_UPDATE,OK,VISUAL_INERTIAL
2793,1761212625631,118.47560107707977,-74.44117218255997,-344.5543050765991,-0.7295649647712708,0.08090710639953613,-0.03018389455974102,100,OK,MAP_UPDATE,OK,VISUAL_INERTIAL
2794,1761212625647,124.17543679475784,-76.71040296554565,-346.3253676891327,-0.7313532829284668,0.07435493916273117,-0.03308454528450966,100,OK,MAP_UPDATE,OK,VISUAL_INERTIAL
2795,1761212625664,129.52591478824615,-79.2274922132492,-348.23623299598694,-0.733374297618866,0.06776975840330124,-0.035725634545087814,100,OK,MAP_UPDATE,OK,VISUAL_INERTIAL
2796,1761212625681,134.58479940891266,-81.83703571557999,-350.23316740989685,-0.7356316447257996,0.0612637996673584,-0.03811124339699745,100,OK,MAP_UPDATE,OK,VISUAL_INERTIAL
2797,1761212625697,139.1923576593399,-84.53887701034546,-352.3954451084137,-0.7380397319793701,0.05490885302424431,-0.04024085775017738,100,OK,MAP_UPDATE,OK,VISUAL_INERTIAL
2798,1761212625714,143.39688420295715,-87.18252927064896,-354.60710525512695,-0.7406274676322937,0.04897022247314453,-0.04203566908836365,100,OK,MAP_UPDATE,OK,VISUAL_INERTIAL
2799,1761212625731,147.04211056232452,-89.84749019145966,-356.8093180656433,-0.7431763410568237,0.04412718117237091,-0.043949712067842484,100,OK,MAP_UPDATE,OK,VISUAL_INERTIAL
2800,1761212625747,150.3438651561737,-92.53799170255661,-358.86698961257935,-0.7455857396125793,0.04048142954707146,-0.04583097621798515,100,OK,MAP_UPDATE,OK,VISUAL_INERTIAL
2801,1761212625764,153.39353680610657,-95.29847651720047,-360.80682277679443,-0.747752845287323,0.03753626346588135,-0.047438524663448334,100,OK,MAP_UPDATE,OK,VISUAL_INERTIAL
2802,1761212625781,156.22533857822418,-98.12774509191513,-362.64172196388245,-0.7496254444122314,0.034949857741594315,-0.04879060015082359,100,OK,MAP_UPDATE,OK,VISUAL_INERTIAL
2803,1761212625797,158.67608785629272,-100.65294802188873,-364.53285813331604,-0.7513731122016907,0.03246133774518967,-0.049782633781433105,100,OK,MAP_UPDATE,OK,VISUAL_INERTIAL
2804,1761212625814,160.57778894901276,-103.14274579286575,-366.27456545829773,-0.7526249885559082,0.030499087646603584,-0.0507541298866272,100,OK,MAP_UPDATE,OK,VISUAL_INERTIAL
2805,1761212625831,161.92105412483215,-105.47813773155212,-367.79898405075073,-0.7534428834915161,0.029521113261580467,-0.051847219467163086,100,OK,MAP_UPDATE,OK,VISUAL_INERTIAL
2806,1761212625847,162.80558705329895,-107.68188536167145,-369.18285489082336,-0.7538657784461975,0.029526567086577415,-0.05296479910612106,100,OK,MAP_UPDATE,OK,VISUAL_INERTIAL
2807,1761212625864,163.37551176548004,-109.68424379825592,-370.3937232494354,-0.7540197372436523,0.030145546421408653,-0.05394508317112923,100,OK,MAP_UPDATE,OK,VISUAL_INERTIAL
2808,1761212625881,163.69043290615082,-111.57745122909546,-371.5043067932129,-0.7539659738540649,0.03095940127968788,-0.054626498371362686,100,OK,MAP_UPDATE,OK,VISUAL_INERTIAL
2809,1761212625897,163.48493099212646,-113.55721950531006,-372.3614513874054,-0.753559410572052,0.03202134743332863,-0.05533715337514877,100,OK,MAP_UPDATE,OK,VISUAL_INERTIAL
2810,1761212625914,162.85797953605652,-115.36163836717606,-373.1459677219391,-0.7530638575553894,0.03360941261053085,-0.05594458058476448,100,OK,MAP_UPDATE,OK,VISUAL_INERTIAL
2811,1761212625931,161.89463436603546,-116.9959008693695,-373.8212585449219,-0.7525132894515991,0.03568844497203827,-0.05643969029188156,100,OK,MAP_UPDATE,OK,VISUAL_INERTIAL
2812,1761212625947,160.664901137352,-118.50937455892563,-374.37474727630615,-0.7516399025917053,0.03780904412269592,-0.05673025920987129,100,OK,MAP_UPDATE,OK,VISUAL_INERTIAL
2813,1761212625964,159.31087732315063,-119.6318119764328,-374.72015619277954,-0.7504774928092957,0.03991631790995598,-0.056842535734176636,100,OK,MAP_UPDATE,OK,VISUAL_INERTIAL
2814,1761212625981,157.42503106594086,-120.65644562244415,-374.94128942489624,-0.7489889860153198,0.04249720275402069,-0.057132843881845474,100,OK,MAP_UPDATE,OK,VISUAL_INERTIAL
2815,1761212625997,155.13668954372406,-121.66810035705566,-374.9832808971405,-0.7474265098571777,0.04602663591504097,-0.057623036205768585,100,OK,MAP_UPDATE,OK,VISUAL_INERTIAL
2816,1761212626014,152.60127186775208,-122.76240438222885,-374.8273253440857,-0.7458347678184509,0.050335947424173355,-0.05804624781012535,100,OK,MAP_UPDATE,OK,VISUAL_INERTIAL
2817,1761212626031,149.8873233795166,-123.806893825531,-374.5492100715637,-0.7443104386329651,0.05507522448897362,-0.05834192410111427,100,OK,MAP_UPDATE,OK,VISUAL_INERTIAL
2818,1761212626047,146.96532487869263,-124.66121464967728,-374.2305338382721,-0.7427821755409241,0.059645023196935654,-0.0583428330719471,100,OK,MAP_UPDATE,OK,VISUAL_INERTIAL
2819,1761212626064,143.89027655124664,-125.3049373626709,-373.8686144351959,-0.741106390953064,0.06402194499969482,-0.05799833685159683,100,OK,MAP_UPDATE,OK,VISUAL_INERTIAL
2820,1761212626081,140.6477391719818,-125.74495375156403,-373.3842074871063,-0.7392280697822571,0.06757564842700958,-0.057222019881010056,100,OK,MAP_UPDATE,OK,VISUAL_INERTIAL
2821,1761212626097,137.13690638542175,-126.0039359331131,-372.79754877090454,-0.7372474670410156,0.07119153439998627,-0.05634601041674614,100,OK,MAP_UPDATE,OK,VISUAL_INERTIAL
2822,1761212626114,133.06671380996704,-126.11879408359528,-372.0608055591583,-0.7350884675979614,0.07605352997779846,-0.05589374527335167,100,OK,MAP_UPDATE,OK,VISUAL_INERTIAL
2823,1761212626131,128.67486476898193,-125.98492205142975,-371.1819350719452,-0.7328465580940247,0.08185414224863052,-0.055490072816610336,100,OK,MAP_UPDATE,OK,VISUAL_INERTIAL
2824,1761212626147,124.11574274301529,-125.57071447372437,-370.2552616596222,-0.7305847406387329,0.08843662589788437,-0.0550045482814312,100,OK,MAP_UPDATE,OK,VISUAL_INERTIAL
2825,1761212626164,119.52170729637146,-125.08003413677216,-369.11407113075256,-0.7280768156051636,0.09514977037906647,-0.05430379882454872,100,OK,MAP_UPDATE,OK,VISUAL_INERTIAL
2826,1761212626181,114.98485505580902,-124.36763942241669,-367.818683385849,-0.7253949046134949,0.10133324563503265,-0.053165167570114136,100,OK,MAP_UPDATE,OK,VISUAL_INERTIAL
2827,1761212626197,110.33906787633896,-123.43158572912216,-366.4622902870178,-0.7226054072380066,0.1076134443283081,-0.052071332931518555,100,OK,MAP_UPDATE,OK,VISUAL_INERTIAL
2828,1761212626214,105.39081692695618,-122.34079837799072,-364.8363947868347,-0.7195199131965637,0.11471451818943024,-0.05143246427178383,100,OK,MAP_UPDATE,OK,VISUAL_INERTIAL
2829,1761212626231,100.31326115131378,-121.06368690729141,-363.1250560283661,-0.716253399848938,0.12237569689750671,-0.05117524415254593,100,OK,MAP_UPDATE,OK,VISUAL_INERTIAL
2830,1761212626247,95.2429324388504,-119.62447315454483,-361.26306653022766,-0.7127044796943665,0.13070198893547058,-0.05116470530629158,100,OK,MAP_UPDATE,OK,VISUAL_INERTIAL
2831,1761212626264,90.23622423410416,-118.11946332454681,-359.23826694488525,-0.7088221907615662,0.13987624645233154,-0.051484812051057816,100,OK,MAP_UPDATE,OK,VISUAL_INERTIAL
2832,1761212626281,85.29788255691528,-116.53053015470505,-357.09530115127563,-0.7046736478805542,0.14945726096630096,-0.0518764965236187,100,OK,MAP_UPDATE,OK,VISUAL_INERTIAL
2833,1761212626298,80.69495856761932,-114.86566811800003,-354.85291481018066,-0.7001692056655884,0.15927450358867645,-0.052106790244579315,100,OK,MAP_UPDATE,OK,VISUAL_INERTIAL
2834,1761212626314,76.46212726831436,-113.0974292755127,-352.57646441459656,-0.6954249143600464,0.16836139559745789,-0.051970530301332474,100,OK,MAP_UPDATE,OK,VISUAL_INERTIAL
2835,1761212626331,72.30348885059357,-111.20957881212234,-350.24550557136536,-0.690387487411499,0.17654752731323242,-0.051549606025218964,100,OK,MAP_UPDATE,OK,VISUAL_INERTIAL
2836,1761212626347,68.00927966833115,-109.2800721526146,-347.9556143283844,-0.6853066682815552,0.18435043096542358,-0.05104761943221092,100,OK,MAP_UPDATE,OK,VISUAL_INERTIAL
2837,1761212626364,63.47794085741043,-107.19189792871475,-345.6505537033081,-0.6802322864532471,0.19212543964385986,-0.0504947304725647,100,OK,MAP_UPDATE,OK,VISUAL_INERTIAL
2838,1761212626381,58.81614238023758,-105.12402653694153,-343.28433871269226,-0.6751241087913513,0.20018640160560608,-0.04980425909161568,100,OK,MAP_UPDATE,OK,VISUAL_INERTIAL
2839,1761212626397,54.05116826295853,-103.11102122068405,-340.8508896827698,-0.6699981689453125,0.20896576344966888,-0.049084749072790146,100,OK,MAP_UPDATE,OK,VISUAL_INERTIAL
2840,1761212626414,49.399543553590775,-101.17772966623306,-338.4416103363037,-0.6649077534675598,0.2179064005613327,-0.04817475378513336,100,OK,MAP_UPDATE,OK,VISUAL_INERTIAL
2841,1761212626431,44.87016424536705,-99.26598519086838,-336.08442544937134,-0.6599712371826172,0.22654595971107483,-0.04708118364214897,100,OK,MAP_UPDATE,OK,VISUAL_INERTIAL
2842,1761212626447,40.49254208803177,-97.4053367972374,-333.76777172088623,-0.6551840305328369,0.23504595458507538,-0.04588225856423378,100,OK,MAP_UPDATE,OK,VISUAL_INERTIAL
2843,1761212626464,36.10004484653473,-95.61815112829208,-331.43681287765503,-0.6505789756774902,0.2438611537218094,-0.04485669732093811,100,OK,MAP_UPDATE,OK,VISUAL_INERTIAL
2844,1761212626481,31.568266451358795,-93.81406754255295,-329.00723814964294,-0.6461181044578552,0.2534961998462677,-0.04416894540190697,100,OK,MAP_UPDATE,OK,VISUAL_INERTIAL
2845,1761212626497,27.300363406538963,-91.97685867547989,-326.65544748306274,-0.6419797539710999,0.26378384232521057,-0.043648723512887955,100,OK,MAP_UPDATE,OK,VISUAL_INERTIAL
2846,1761212626514,23.408910259604454,-90.10693430900574,-324.2511451244354,-0.6380585432052612,0.274016410112381,-0.042998794466257095,100,OK,MAP_UPDATE,OK,VISUAL_INERTIAL
2847,1761212626531,19.789500162005424,-88.05937319993973,-321.9444453716278,-0.6345245838165283,0.28388920426368713,-0.04228325933218002,100,OK,MAP_UPDATE,OK,VISUAL_INERTIAL
2848,1761212626548,16.810014843940735,-85.99784225225449,-319.56446170806885,-0.630982518196106,0.2934183180332184,-0.041326798498630524,100,OK,MAP_UPDATE,OK,VISUAL_INERTIAL
2849,1761212626564,13.981424272060394,-83.97041261196136,-317.2276020050049,-0.6274890303611755,0.3016710877418518,-0.040058575570583344,100,OK,MAP_UPDATE,OK,VISUAL_INERTIAL
2850,1761212626581,11.29956915974617,-81.9687619805336,-314.7261142730713,-0.6238622665405273,0.3089216649532318,-0.038279421627521515,100,OK,MAP_UPDATE,OK,VISUAL_INERTIAL
2851,1761212626597,8.638439700007439,-79.8027366399765,-312.09075450897217,-0.6202114224433899,0.31551602482795715,-0.036257315427064896,100,OK,MAP_UPDATE,OK,VISUAL_INERTIAL
2852,1761212626614,5.918589420616627,-77.5725394487381,-309.3031644821167,-0.6163488626480103,0.3220481276512146,-0.03417364880442619,100,OK,MAP_UPDATE,OK,VISUAL_INERTIAL
2853,1761212626631,3.226778469979763,-75.09130984544754,-306.455135345459,-0.6123913526535034,0.3287230432033539,-0.03215734288096428,100,OK,MAP_UPDATE,OK,VISUAL_INERTIAL
2854,1761212626647,0.6875357357785106,-72.53443449735641,-303.4640848636627,-0.6080175638198853,0.3353782296180725,-0.030059034004807472,100,OK,MAP_UPDATE,OK,VISUAL_INERTIAL
2855,1761212626664,-1.3864714419469237,-69.88242268562317,-300.31999945640564,-0.6031877398490906,0.340732604265213,-0.027533838525414467,100,OK,MAP_UPDATE,OK,VISUAL_INERTIAL
2856,1761212626681,-2.636405173689127,-67.11031496524811,-297.08191752433777,-0.5978432893753052,0.34297165274620056,-0.024152029305696487,100,OK,MAP_UPDATE,OK,VISUAL_INERTIAL
2857,1761212626697,-3.5744309425354004,-64.39611315727234,-293.79770159721375,-0.5920296907424927,0.3422493040561676,-0.02006346546113491,100,OK,MAP_UPDATE,OK,VISUAL_INERTIAL
2858,1761212626714,-4.478161688894033,-61.78488954901695,-290.39162397384644,-0.5857242941856384,0.3400164842605591,-0.01601490192115307,100,OK,MAP_UPDATE,OK,VISUAL_INERTIAL
2859,1761212626731,-5.704992450773716,-59.03233215212822,-286.93246841430664,-0.5791120529174805,0.3373429477214813,-0.012528208084404469,100,OK,MAP_UPDATE,OK,VISUAL_INERTIAL
2860,1761212626747,-6.737314164638519,-56.27277493476868,-283.2351326942444,-0.5719379186630249,0.333886057138443,-0.009315910749137402,100,OK,MAP_UPDATE,OK,VISUAL_INERTIAL
2861,1761212626764,-7.35892541706562,-53.59918251633644,-279.4211506843567,-0.5642788410186768,0.32929643988609314,-0.00627038162201643,100,OK,MAP_UPDATE,OK,VISUAL_INERTIAL
2862,1761212626781,-7.89247639477253,-50.995998084545135,-275.5119204521179,-0.5564513206481934,0.32460710406303406,-0.0037300640251487494,100,OK,MAP_UPDATE,OK,VISUAL_INERTIAL
2863,1761212626797,-8.455883711576462,-48.54392632842064,-271.43609523773193,-0.5484663248062134,0.3208930194377899,-0.0019012951524928212,100,OK,MAP_UPDATE,OK,VISUAL_INERTIAL
2864,1761212626814,-8.594518527388573,-46.4605838060379,-267.00857281684875,-0.540317952632904,0.3182889521121979,-0.0008308699470944703,100,OK,MAP_UPDATE,OK,VISUAL_INERTIAL
2865,1761212626831,-8.693216368556023,-44.45593059062958,-262.8121078014374,-0.5324665904045105,0.31564873456954956,-0.0001378636952722445,100,OK,MAP_UPDATE,OK,VISUAL_INERTIAL
2866,1761212626847,-8.432571776211262,-42.54302754998207,-258.9155435562134,-0.5249439477920532,0.3131747543811798,0.00020126189338043332,100,OK,MAP_UPDATE,OK,VISUAL_INERTIAL
2867,1761212626864,-8.042428642511368,-40.69485142827034,-255.15782833099365,-0.5179083943367004,0.3113510012626648,-8.448900189250708e-06,100,OK,MAP_UPDATE,OK,VISUAL_INERTIAL
2868,1761212626881,-7.860584184527397,-39.193201810121536,-251.51965022087097,-0.5112248659133911,0.30994951725006104,-0.0006859950954094529,100,OK,MAP_UPDATE,OK,VISUAL_INERTIAL
2869,1761212626897,-7.324051111936569,-37.777505815029144,-248.09153378009796,-0.5050296783447266,0.30856379866600037,-0.0016215352807193995,100,OK,MAP_UPDATE,OK,VISUAL_INERTIAL
2870,1761212626914,-6.48391991853714,-36.54675558209419,-244.99191343784332,-0.49941882491111755,0.3067319691181183,-0.002679710043594241,100,OK,MAP_UPDATE,OK,VISUAL_INERTIAL
2871,1761212626931,-5.398099776357412,-35.47506406903267,-242.14261770248413,-0.4944707453250885,0.3043559491634369,-0.0037950461264699697,100,OK,MAP_UPDATE,OK,VISUAL_INERTIAL
2872,1761212626947,-4.315407481044531,-34.45181995630264,-239.53567445278168,-0.49013885855674744,0.3015178143978119,-0.00507903890684247,100,OK,MAP_UPDATE,OK,VISUAL_INERTIAL
2873,1761212626964,-3.4807920455932617,-33.6531437933445,-237.20644414424896,-0.4861472249031067,0.2986680269241333,-0.0065644411370158195,100,OK,MAP_UPDATE,OK,VISUAL_INERTIAL
2874,1761212626981,-2.5401408784091473,-32.69729018211365,-235.12403666973114,-0.4825242757797241,0.29582178592681885,-0.008090462535619736,100,OK,MAP_UPDATE,OK,VISUAL_INERTIAL
2875,1761212626997,-1.8286147387698293,-31.58712014555931,-233.1446409225464,-0.47902870178222656,0.29320210218429565,-0.009783091023564339,100,OK,MAP_UPDATE,OK,VISUAL_INERTIAL
2876,1761212627014,-1.247880980372429,-30.356567353010178,-231.20129108428955,-0.4755537807941437,0.2911025583744049,-0.01155333872884512,100,OK,MAP_UPDATE,OK,VISUAL_INERTIAL
2877,1761212627031,-0.6060203886590898,-29.21196073293686,-229.24281656742096,-0.4719541370868683,0.28903964161872864,-0.013125811703503132,100,OK,MAP_UPDATE,OK,VISUAL_INERTIAL
2878,1761212627047,0.009071409294847399,-28.12640182673931,-227.09888219833374,-0.46815571188926697,0.28704726696014404,-0.014469298534095287,100,OK,MAP_UPDATE,OK,VISUAL_INERTIAL
2879,1761212627064,0.5168495117686689,-26.932736858725548,-224.79385137557983,-0.46416884660720825,0.2857140898704529,-0.015771614387631416,100,OK,MAP_UPDATE,OK,VISUAL_INERTIAL
2880,1761212627081,1.0417235316708684,-25.587456300854683,-222.741961479187,-0.46023133397102356,0.28432270884513855,-0.016815027222037315,100,OK,MAP_UPDATE,OK,VISUAL_INERTIAL
2881,1761212627097,1.7934684874489903,-24.462252855300903,-220.36151587963104,-0.45586082339286804,0.2820698618888855,-0.017263133078813553,100,OK,MAP_UPDATE,OK,VISUAL_INERTIAL
2882,1761212627114,2.439782489091158,-23.629633709788322,-217.8623080253601,-0.4509250521659851,0.27915701270103455,-0.0172723475843668,100,OK,MAP_UPDATE,OK,VISUAL_INERTIAL
2883,1761212627131,3.140983171761036,-22.604675963521004,-215.29245376586914,-0.4459094703197479,0.2764865458011627,-0.017139066010713577,100,OK,MAP_UPDATE,OK,VISUAL_INERTIAL
2884,1761212627147,3.481870051473379,-21.308571100234985,-212.40179240703583,-0.4408389925956726,0.2738838195800781,-0.01682170107960701,100,OK,MAP_UPDATE,OK,VISUAL_INERTIAL
2885,1761212627164,3.6346816923469305,-20.081790164113045,-209.34166014194489,-0.4355238974094391,0.2718197703361511,-0.01634935475885868,100,OK,MAP_UPDATE,OK,VISUAL_INERTIAL
2886,1761212627181,3.770181443542242,-18.88854429125786,-206.40793442726135,-0.4300764501094818,0.27011480927467346,-0.015702567994594574,100,OK,MAP_UPDATE,OK,VISUAL_INERTIAL
2887,1761212627197,3.8693996611982584,-17.665700986981392,-203.31747829914093,-0.42455682158470154,0.26860764622688293,-0.014879888854920864,100,OK,MAP_UPDATE,OK,VISUAL_INERTIAL
2888,1761212627214,3.783188294619322,-16.333915293216705,-199.98130202293396,-0.41889289021492004,0.2671992778778076,-0.013875829055905342,100,OK,MAP_UPDATE,OK,VISUAL_INERTIAL
2889,1761212627231,3.6125467158854008,-15.035619959235191,-196.66723906993866,-0.4130808115005493,0.2660295069217682,-0.01275115180760622,100,OK,MAP_UPDATE,OK,VISUAL_INERTIAL
2890,1761212627247,3.336019581183791,-13.714141212403774,-193.32639873027802,-0.40716826915740967,0.26555773615837097,-0.011606967076659203,100,OK,MAP_UPDATE,OK,VISUAL_INERTIAL
2891,1761212627264,2.8388097416609526,-12.451034970581532,-189.72909450531006,-0.4010820686817169,0.2660681903362274,-0.010689783841371536,100,OK,MAP_UPDATE,OK,VISUAL_INERTIAL
2892,1761212627281,2.329348586499691,-11.174296028912067,-186.03074550628662,-0.395010381937027,0.26752951741218567,-0.009950065053999424,100,OK,MAP_UPDATE,OK,VISUAL_INERTIAL
2893,1761212627297,1.9180491799488664,-9.71504207700491,-182.2226345539093,-0.3891458809375763,0.26942744851112366,-0.009259385988116264,100,OK,MAP_UPDATE,OK,VISUAL_INERTIAL
2894,1761212627314,1.7844036919996142,-8.307288400828838,-178.46940457820892,-0.3833089768886566,0.2710328996181488,-0.008462938480079174,100,OK,MAP_UPDATE,OK,VISUAL_INERTIAL
2895,1761212627331,1.7924020066857338,-7.094549480825663,-174.9247908592224,-0.37752780318260193,0.2724224030971527,-0.007584067992866039,100,OK,MAP_UPDATE,OK,VISUAL_INERTIAL
2896,1761212627347,1.8385229632258415,-5.935984663665295,-171.5458780527115,-0.3719179928302765,0.27330178022384644,-0.0066939350217580795,100,OK,MAP_UPDATE,OK,VISUAL_INERTIAL
2897,1761212627364,1.8958636792376637,-4.9131945706903934,-168.16768050193787,-0.36659178137779236,0.27369531989097595,-0.005853783804923296,100,OK,MAP_UPDATE,OK,VISUAL_INERTIAL
2898,1761212627381,1.7855424666777253,-4.16145846247673,-164.76085782051086,-0.3615233302116394,0.27419573068618774,-0.005058163311332464,100,OK,MAP_UPDATE,OK,VISUAL_INERTIAL
2899,1761212627397,1.346507342532277,-3.5926916170865297,-161.42775118350983,-0.3567889332771301,0.2753656208515167,-0.0045234388671815395,100,OK,MAP_UPDATE,OK,VISUAL_INERTIAL
2900,1761212627414,0.42015244252979755,-2.9369147960096598,-158.51090848445892,-0.35256409645080566,0.2773142457008362,-0.004030162468552589,100,OK,MAP_UPDATE,OK,VISUAL_INERTIAL
2901,1761212627431,-0.40240943781100214,-2.510610967874527,-155.31349182128906,-0.34845855832099915,0.2799466848373413,-0.003651099745184183,100,OK,MAP_UPDATE,OK,VISUAL_INERTIAL
2902,1761212627447,-1.120290020480752,-2.2805987391620874,-152.30414271354675,-0.34457889199256897,0.28253239393234253,-0.003153583500534296,100,OK,MAP_UPDATE,OK,VISUAL_INERTIAL
2903,1761212627464,-1.9672983326017857,-2.2051811683923006,-149.5831161737442,-0.3409348130226135,0.2854870855808258,-0.002804866526275873,100,OK,MAP_UPDATE,OK,VISUAL_INERTIAL
2904,1761212627481,-2.6565534062683582,-2.6004668325185776,-146.9692885875702,-0.3371005356311798,0.288789302110672,-0.0024867134634405375,100,OK,MAP_UPDATE,OK,VISUAL_INERTIAL
2905,1761212627497,-3.253231756389141,-2.8907794039696455,-144.3626433610916,-0.33347275853157043,0.2921566069126129,-0.0022885368671268225,100,OK,MAP_UPDATE,OK,VISUAL_INERTIAL
2906,1761212627514,-3.715624799951911,-2.9812699649482965,-141.67173206806183,-0.33010032773017883,0.29541951417922974,-0.001996653387323022,100,OK,MAP_UPDATE,OK,VISUAL_INERTIAL
2907,1761212627531,-4.274547100067139,-3.1623346731066704,-139.04500007629395,-0.3267873525619507,0.29850247502326965,-0.0015099893789738417,100,OK,MAP_UPDATE,OK,VISUAL_INERTIAL
2908,1761212627547,-4.907333292067051,-3.35272797383368,-136.52066886425018,-0.3236829936504364,0.30112895369529724,-0.0008200007723644376,100,OK,MAP_UPDATE,OK,VISUAL_INERTIAL
2909,1761212627564,-5.512996576726437,-3.621479030698538,-134.00256633758545,-0.32069772481918335,0.30385541915893555,-0.0001017151735140942,100,OK,MAP_UPDATE,OK,VISUAL_INERTIAL
2910,1761212627581,-6.198199465870857,-3.9255237206816673,-131.57376646995544,-0.31776759028434753,0.30648574233055115,0.0005093677318654954,100,OK,MAP_UPDATE,OK,VISUAL_INERTIAL
2911,1761212627597,-6.90106488764286,-4.16713347658515,-129.2175054550171,-0.3149125874042511,0.308816134929657,0.0010721262078732252,100,OK,MAP_UPDATE,OK,VISUAL_INERTIAL
2912,1761212627614,-7.52344261854887,-4.388086497783661,-126.88930332660675,-0.31212618947029114,0.31024956703186035,0.0017729398095980287,100,OK,MAP_UPDATE,OK,VISUAL_INERTIAL
2913,1761212627631,-7.959242910146713,-4.50324360281229,-124.7374638915062,-0.309273362159729,0.31078776717185974,0.0025090468116104603,100,OK,MAP_UPDATE,OK,VISUAL_INERTIAL
2914,1761212627647,-8.327372372150421,-4.658964462578297,-122.62165546417236,-0.3065050542354584,0.31065988540649414,0.0032656488474458456,100,OK,MAP_UPDATE,OK,VISUAL_INERTIAL
2915,1761212627664,-8.723264560103416,-4.570619203150272,-120.59809267520905,-0.3038567900657654,0.3099672198295593,0.0038701097946614027,100,OK,MAP_UPDATE,OK,VISUAL_INERTIAL
2916,1761212627681,-9.131837636232376,-4.499278962612152,-118.61812323331833,-0.3012434244155884,0.3090774714946747,0.0042176637798547745,100,OK,MAP_UPDATE,OK,VISUAL_INERTIAL
2917,1761212627697,-9.344175457954407,-4.3360162526369095,-116.72037094831467,-0.2986766993999481,0.30784398317337036,0.004457670729607344,100,OK,MAP_UPDATE,OK,VISUAL_INERTIAL
2918,1761212627714,-9.435485117137432,-4.082132130861282,-114.907406270504,-0.29606160521507263,0.3061537444591522,0.004623959772288799,100,OK,MAP_UPDATE,OK,VISUAL_INERTIAL
2919,1761212627731,-9.543966501951218,-3.6347683053463697,-113.08500170707703,-0.2933120131492615,0.30466943979263306,0.004542304202914238,100,OK,MAP_UPDATE,OK,VISUAL_INERTIAL
2920,1761212627747,-9.774407371878624,-2.9641082510352135,-111.1714094877243,-0.2905126214027405,0.304502010345459,0.003982099238783121,100,OK,MAP_UPDATE,OK,VISUAL_INERTIAL
2921,1761212627764,-10.075309313833714,-2.4015491362661123,-109.24699157476425,-0.28749075531959534,0.30448898673057556,0.003178279846906662,100,OK,MAP_UPDATE,OK,VISUAL_INERTIAL
2922,1761212627781,-10.149170644581318,-1.974017359316349,-107.36466944217682,-0.2843410074710846,0.30443239212036133,0.002130575478076935,100,OK,MAP_UPDATE,OK,VISUAL_INERTIAL
2923,1761212627797,-10.07766555994749,-1.701269531622529,-105.555959045887,-0.2811703681945801,0.30425798892974854,0.0007766353664919734,100,OK,MAP_UPDATE,OK,VISUAL_INERTIAL
2924,1761212627814,-9.76027362048626,-1.4211726374924183,-103.77920418977737,-0.27817368507385254,0.3040311932563782,-0.0006939184968359768,100,OK,MAP_UPDATE,OK,VISUAL_INERTIAL
2925,1761212627831,-9.287485852837563,-1.1699157766997814,-101.98464244604111,-0.27513134479522705,0.3042849898338318,-0.0023426299449056387,100,OK,MAP_UPDATE,OK,VISUAL_INERTIAL
2926,1761212627847,-9.287485852837563,-1.1699157766997814,-101.98464244604111,-0.27513134479522705,0.3042849898338318,-0.0023426299449056387,100,OK,MAP_UPDATE,OK,VISUAL_INERTIAL
2927,1761212627864,-9.136359207332134,-0.5920119001530111,-98.59141707420349,-0.2690249979496002,0.309182345867157,-0.0063325478695333,100,OK,MAP_UPDATE,OK,VISUAL_INERTIAL
2928,1761212627881,-8.848714642226696,-0.4356025601737201,-96.65359556674957,-0.26587536931037903,0.3141992688179016,-0.008546935394406319,100,OK,MAP_UPDATE,OK,VISUAL_INERTIAL
2929,1761212627897,-7.675962522625923,-0.20524716819636524,-94.39370781183243,-0.2626732587814331,0.31941789388656616,-0.010690221562981606,100,OK,MAP_UPDATE,OK,VISUAL_INERTIAL
2930,1761212627914,-6.959056481719017,-0.07386994548141956,-92.28765219449997,-0.25945767760276794,0.32380542159080505,-0.012475385330617428,100,OK,MAP_UPDATE,OK,VISUAL_INERTIAL
2931,1761212627931,-6.5599787048995495,0.10452270362293348,-90.29572457075119,-0.25628265738487244,0.32839465141296387,-0.014164404943585396,100,OK,MAP_UPDATE,OK,VISUAL_INERTIAL
2932,1761212627947,-6.363308522850275,0.2965521707665175,-88.3418396115303,-0.2530669867992401,0.3339676260948181,-0.015895981341600418,100,OK,MAP_UPDATE,OK,VISUAL_INERTIAL
2933,1761212627964,-6.049829535186291,0.143996236147359,-86.26437187194824,-0.24952977895736694,0.33952516317367554,-0.01739170216023922,100,OK,MAP_UPDATE,OK,VISUAL_INERTIAL
2934,1761212627981,-5.508380476385355,0.03455877231317572,-84.32330191135406,-0.24601319432258606,0.3439052700996399,-0.018619997426867485,100,OK,MAP_UPDATE,OK,VISUAL_INERTIAL
2935,1761212627997,-4.930474329739809,0.05166602204553783,-82.44401216506958,-0.2426208108663559,0.34725236892700195,-0.01956799253821373,100,OK,MAP_UPDATE,OK,VISUAL_INERTIAL
2936,1761212628014,-4.613177385181189,-0.06862580630695447,-80.61016350984573,-0.23917052149772644,0.3504130244255066,-0.020356468856334686,100,OK,MAP_UPDATE,OK,VISUAL_INERTIAL
2937,1761212628031,-4.603510722517967,-0.14205217303242534,-78.77252995967865,-0.2358037531375885,0.35417166352272034,-0.021000565961003304,100,OK,MAP_UPDATE,OK,VISUAL_INERTIAL
2938,1761212628047,-5.021818447858095,-0.33964274916797876,-76.85728371143341,-0.2324105203151703,0.3586445748806,-0.021360071375966072,100,OK,MAP_UPDATE,OK,VISUAL_INERTIAL
2939,1761212628064,-5.431521683931351,-0.35252224188297987,-75.05789399147034,-0.22918465733528137,0.36288803815841675,-0.021371612325310707,100,OK,MAP_UPDATE,OK,VISUAL_INERTIAL
2940,1761212628081,-5.8165439404547215,-0.40930951945483685,-73.35566729307175,-0.22604092955589294,0.3663126230239868,-0.020913532003760338,100,OK,MAP_UPDATE,OK,VISUAL_INERTIAL
2941,1761212628097,-6.266776472330093,-0.29409240232780576,-71.71215862035751,-0.2231331467628479,0.3691294491291046,-0.02027645893394947,100,OK,MAP_UPDATE,OK,VISUAL_INERTIAL
2942,1761212628114,-6.848243530839682,-0.04697680560639128,-70.08726894855499,-0.2204323559999466,0.3712184429168701,-0.01938444934785366,100,OK,MAP_UPDATE,OK,VISUAL_INERTIAL
2943,1761212628131,-7.390451151877642,0.18935906700789928,-68.52830946445465,-0.2178342491388321,0.37284520268440247,-0.018248016014695168,100,OK,MAP_UPDATE,OK,VISUAL_INERTIAL
2944,1761212628147,-8.057520724833012,0.47994221677072346,-67.06660240888596,-0.2154201865196228,0.3741089105606079,-0.016950735822319984,100,OK,MAP_UPDATE,OK,VISUAL_INERTIAL
2945,1761212628164,-8.731954731047153,0.6438541458919644,-65.70392847061157,-0.21307797729969025,0.3753182888031006,-0.015544568188488483,100,OK,MAP_UPDATE,OK,VISUAL_INERTIAL
2946,1761212628181,-9.494527243077755,0.7545298431068659,-64.5255297422409,-0.2110787034034729,0.37590792775154114,-0.014143925160169601,100,OK,MAP_UPDATE,OK,VISUAL_INERTIAL
2947,1761212628197,-10.177760384976864,0.8446325082331896,-63.46042454242706,-0.2093551903963089,0.37583932280540466,-0.01267856266349554,100,OK,MAP_UPDATE,OK,VISUAL_INERTIAL
2948,1761212628214,-10.963198728859425,1.0561730014160275,-62.60009855031967,-0.20800916850566864,0.3756312131881714,-0.011312947608530521,100,OK,MAP_UPDATE,OK,VISUAL_INERTIAL
2949,1761212628231,-11.941160075366497,1.3757116394117475,-61.89105287194252,-0.20700840651988983,0.37611153721809387,-0.010198649019002914,100,OK,MAP_UPDATE,OK,VISUAL_INERTIAL
2950,1761212628247,-13.011286966502666,1.762566389515996,-61.308931559324265,-0.20624588429927826,0.3772764205932617,-0.009186554700136185,100,OK,MAP_UPDATE,OK,VISUAL_INERTIAL
2951,1761212628264,-13.97085003554821,2.208031015470624,-60.81125885248184,-0.20568661391735077,0.3784089982509613,-0.008242941461503506,100,OK,MAP_UPDATE,OK,VISUAL_INERTIAL
2952,1761212628281,-14.63187113404274,2.6694161351770163,-60.479536652565,-0.20528067648410797,0.3787950873374939,-0.007265752647072077,100,OK,MAP_UPDATE,OK,VISUAL_INERTIAL
2953,1761212628297,-15.132594853639603,3.195995232090354,-60.27064099907875,-0.2050735503435135,0.37836605310440063,-0.006276273634284735,100,OK,MAP_UPDATE,OK,VISUAL_INERTIAL
2954,1761212628314,-15.522482804954052,3.8330566603690386,-60.118675231933594,-0.20501106977462769,0.37745290994644165,-0.0054587312042713165,100,OK,MAP_UPDATE,OK,VISUAL_INERTIAL
2955,1761212628331,-16.009071841835976,4.496351815760136,-60.03263592720032,-0.20499193668365479,0.3764667510986328,-0.004792886320501566,100,OK,MAP_UPDATE,OK,VISUAL_INERTIAL
2956,1761212628347,-16.501087695360184,5.181146319955587,-59.916965663433075,-0.20491907000541687,0.3756371736526489,-0.004316185601055622,100,OK,MAP_UPDATE,OK,VISUAL_INERTIAL
2957,1761212628364,-16.91165566444397,5.8699981309473515,-59.75078046321869,-0.20466433465480804,0.3747004568576813,-0.003942436538636684,100,OK,MAP_UPDATE,OK,VISUAL_INERTIAL
2958,1761212628381,-17.237432301044464,6.493639666587114,-59.49513241648674,-0.20412515103816986,0.3742488920688629,-0.003823392791673541,100,OK,MAP_UPDATE,OK,VISUAL_INERTIAL
2959,1761212628397,-17.55405403673649,7.0962742902338505,-59.106625616550446,-0.20340973138809204,0.3742617964744568,-0.0037798609118908644,100,OK,MAP_UPDATE,OK,VISUAL_INERTIAL
2960,1761212628414,-17.817415297031403,7.676057983189821,-58.5927814245224,-0.20252563059329987,0.37442195415496826,-0.003784983651712537,100,OK,MAP_UPDATE,OK,VISUAL_INERTIAL
2961,1761212628431,-17.99483224749565,8.254773914813995,-57.99979716539383,-0.2014983594417572,0.3744599223136902,-0.003764611668884754,100,OK,MAP_UPDATE,OK,VISUAL_INERTIAL
2962,1761212628447,-18.15573126077652,8.6061991751194,-57.33015760779381,-0.20011505484580994,0.37393537163734436,-0.0036971482913941145,100,OK,MAP_UPDATE,OK,VISUAL_INERTIAL
2963,1761212628464,-18.305987119674683,8.582362905144691,-56.42494186758995,-0.19832222163677216,0.37270477414131165,-0.0037500597536563873,100,OK,MAP_UPDATE,OK,VISUAL_INERTIAL
2964,1761212628481,-18.382471054792404,8.718089200556278,-55.521201342344284,-0.19651567935943604,0.37134164571762085,-0.003921429626643658,100,OK,MAP_UPDATE,OK,VISUAL_INERTIAL
2965,1761212628497,-18.438732251524925,9.01186652481556,-54.59265410900116,-0.19475576281547546,0.3700273931026459,-0.004142401739954948,100,OK,MAP_UPDATE,OK,VISUAL_INERTIAL
2966,1761212628514,-18.479255959391594,9.202953428030014,-53.5644069314003,-0.19294509291648865,0.36891868710517883,-0.004291988909244537,100,OK,MAP_UPDATE,OK,VISUAL_INERTIAL
2967,1761212628531,-18.84290762245655,8.94603505730629,-52.50624567270279,-0.19076764583587646,0.36749497056007385,-0.0042111375369131565,100,OK,MAP_UPDATE,OK,VISUAL_INERTIAL
2968,1761212628547,-19.136233255267143,8.694073185324669,-51.38197913765907,-0.1885860562324524,0.36605677008628845,-0.004035932011902332,100,OK,MAP_UPDATE,OK,VISUAL_INERTIAL
2969,1761212628564,-19.33302730321884,8.494430221617222,-50.22048205137253,-0.18644747138023376,0.3645097315311432,-0.0038245110772550106,100,OK,MAP_UPDATE,OK,VISUAL_INERTIAL
2970,1761212628581,-19.498951733112335,8.26116930693388,-49.01700094342232,-0.18435247242450714,0.3628220558166504,-0.003624984994530678,100,OK,MAP_UPDATE,OK,VISUAL_INERTIAL
2971,1761212628597,-19.578300416469574,8.038877509534359,-47.79159277677536,-0.1822366714477539,0.3609704375267029,-0.003502554027363658,100,OK,MAP_UPDATE,OK,VISUAL_INERTIAL
2972,1761212628614,-19.629482179880142,7.792289834469557,-46.52556777000427,-0.18012544512748718,0.3589862585067749,-0.0033598586451262236,100,OK,MAP_UPDATE,OK,VISUAL_INERTIAL
2973,1761212628631,-19.64677684009075,7.518006954342127,-45.34134268760681,-0.17798686027526855,0.3569074869155884,-0.0031524314545094967,100,OK,MAP_UPDATE,OK,VISUAL_INERTIAL
2974,1761212628647,-19.751280546188354,7.263073697686195,-44.1647507250309,-0.17589294910430908,0.3547848165035248,-0.0028780135326087475,100,OK,MAP_UPDATE,OK,VISUAL_INERTIAL
2975,1761212628664,-19.765524193644524,7.049615029245615,-43.08231920003891,-0.1738518625497818,0.352859765291214,-0.0026252891402691603,100,OK,MAP_UPDATE,OK,VISUAL_INERTIAL
2976,1761212628681,-19.82210762798786,6.781313102692366,-41.92393273115158,-0.17164799571037292,0.35140401124954224,-0.0023809014819562435,100,OK,MAP_UPDATE,OK,VISUAL_INERTIAL
2977,1761212628697,-19.96653340756893,6.679133512079716,-40.68547487258911,-0.16939251124858856,0.35076889395713806,-0.002206931822001934,100,OK,MAP_UPDATE,OK,VISUAL_INERTIAL
2978,1761212628714,-20.124847069382668,6.493352819234133,-39.40960019826889,-0.16696803271770477,0.35092055797576904,-0.001992936013266444,100,OK,MAP_UPDATE,OK,VISUAL_INERTIAL
2979,1761212628731,-20.338624715805054,6.3738892786204815,-38.121119141578674,-0.16471615433692932,0.35181018710136414,-0.0017795508028939366,100,OK,MAP_UPDATE,OK,VISUAL_INERTIAL
2980,1761212628747,-20.744049921631813,6.080857012420893,-36.65565699338913,-0.16235122084617615,0.3541080057621002,-0.0015504903858527541,100,OK,MAP_UPDATE,OK,VISUAL_INERTIAL
2981,1761212628764,-21.258020773530006,5.751537159085274,-35.12997925281525,-0.16001008450984955,0.35779812932014465,-0.0011892674956470728,100,OK,MAP_UPDATE,OK,VISUAL_INERTIAL
2982,1761212628781,-21.676771342754364,5.561591126024723,-33.58376398682594,-0.1576821655035019,0.3619210124015808,-0.0005624698242172599,100,OK,MAP_UPDATE,OK,VISUAL_INERTIAL
2983,1761212628797,-22.042324766516685,5.3772046230733395,-32.100047916173935,-0.15522928535938263,0.36557286977767944,0.00045322501682676375,100,OK,MAP_UPDATE,OK,VISUAL_INERTIAL
2984,1761212628814,-22.394683212041855,5.332428961992264,-30.62821924686432,-0.15220732986927032,0.3685145974159241,0.0018823511200025678,100,OK,MAP_UPDATE,OK,VISUAL_INERTIAL
2985,1761212628831,-22.880760952830315,5.30236167833209,-29.185954481363297,-0.14919571578502655,0.37156209349632263,0.0034408492501825094,100,OK,MAP_UPDATE,OK,VISUAL_INERTIAL
2986,1761212628847,-23.447174578905106,5.337917245924473,-27.700280770659447,-0.1464650183916092,0.3742617964744568,0.0049956305883824825,100,OK,MAP_UPDATE,OK,VISUAL_INERTIAL
2987,1761212628864,-24.055583402514458,5.469189956784248,-26.242557913064957,-0.14390358328819275,0.37662047147750854,0.006424723193049431,100,OK,MAP_UPDATE,OK,VISUAL_INERTIAL
2988,1761212628881,-24.571675807237625,5.605883430689573,-24.90159310400486,-0.14148859679698944,0.3783798813819885,0.007546377833932638,100,OK,MAP_UPDATE,OK,VISUAL_INERTIAL
2989,1761212628897,-24.799734354019165,5.754709709435701,-23.75009097158909,-0.13929115235805511,0.3787941336631775,0.008481151424348354,100,OK,MAP_UPDATE,OK,VISUAL_INERTIAL
2990,1761212628914,-24.79814738035202,5.818339064717293,-22.82164618372917,-0.1371241807937622,0.3780733048915863,0.008937932550907135,100,OK,MAP_UPDATE,OK,VISUAL_INERTIAL
2991,1761212628931,-24.66602809727192,6.08093710616231,-22.180767729878426,-0.13542649149894714,0.376669317483902,0.008731832727789879,100,OK,MAP_UPDATE,OK,VISUAL_INERTIAL
2992,1761212628947,-24.390514940023422,6.3522737473249435,-21.814534440636635,-0.13401025533676147,0.3753379285335541,0.007871142588555813,100,OK,MAP_UPDATE,OK,VISUAL_INERTIAL
2993,1761212628964,-23.870443925261497,6.648594047874212,-21.730659529566765,-0.13302621245384216,0.37398818135261536,0.006593866273760796,100,OK,MAP_UPDATE,OK,VISUAL_INERTIAL
2994,1761212628981,-23.125799372792244,6.987557280808687,-21.88853919506073,-0.13220812380313873,0.3728145658969879,0.004974974785000086,100,OK,MAP_UPDATE,OK,VISUAL_INERTIAL
2995,1761212628997,-22.032946348190308,7.1576484479010105,-22.285010665655136,-0.13142086565494537,0.3716265559196472,0.0031321728602051735,100,OK,MAP_UPDATE,OK,VISUAL_INERTIAL
2996,1761212629014,-20.803824067115784,7.353381719440222,-22.69836515188217,-0.13087953627109528,0.37028932571411133,0.0011521411361172795,100,OK,MAP_UPDATE,OK,VISUAL_INERTIAL
2997,1761212629031,-19.436607137322426,7.724578026682138,-23.250365629792213,-0.13049739599227905,0.3688068389892578,-0.001025597332045436,100,OK,MAP_UPDATE,OK,VISUAL_INERTIAL
2998,1761212629047,-17.90868304669857,8.078981190919876,-23.86978641152382,-0.1301112323999405,0.3671438694000244,-0.003283353056758642,100,OK,MAP_UPDATE,OK,VISUAL_INERTIAL
2999,1761212629064,-16.168180853128433,8.347156457602978,-24.538984522223473,-0.12964552640914917,0.3653583526611328,-0.005643721669912338,100,OK,MAP_UPDATE,OK,VISUAL_INERTIAL
3000,1761212629081,-14.402823522686958,8.566692471504211,-25.266477838158607,-0.12936361134052277,0.36340123414993286,-0.007999025285243988,100,OK,MAP_UPDATE,OK,VISUAL_INERTIAL
3001,1761212629097,-12.559548020362854,8.668436668813229,-26.121413335204124,-0.12925100326538086,0.3610171973705292,-0.010270576924085617,100,OK,MAP_UPDATE,OK,VISUAL_INERTIAL
3002,1761212629114,-10.689236223697662,8.620536886155605,-27.11055427789688,-0.12936730682849884,0.3582809567451477,-0.01229888666421175,100,OK,MAP_UPDATE,OK,VISUAL_INERTIAL
3003,1761212629131,-8.94496776163578,8.388834074139595,-28.19916233420372,-0.1295965015888214,0.35540682077407837,-0.014029953628778458,100,OK,MAP_UPDATE,OK,VISUAL_INERTIAL
3004,1761212629148,-7.3024979792535305,7.962190546095371,-29.370099306106567,-0.12991918623447418,0.3529437184333801,-0.015585914254188538,100,OK,MAP_UPDATE,OK,VISUAL_INERTIAL
3005,1761212629164,-5.797593854367733,7.406387943774462,-30.521079897880554,-0.13025367259979248,0.3510914444923401,-0.016924243420362473,100,OK,MAP_UPDATE,OK,VISUAL_INERTIAL
3006,1761212629181,-4.326382651925087,6.700928322970867,-31.599674373865128,-0.13048100471496582,0.34942495822906494,-0.01832549087703228,100,OK,MAP_UPDATE,OK,VISUAL_INERTIAL
3007,1761212629197,-2.891759155318141,6.009868811815977,-32.595567405223846,-0.13052739202976227,0.3481762111186981,-0.019697854295372963,100,OK,MAP_UPDATE,OK,VISUAL_INERTIAL
3008,1761212629214,-1.4820713549852371,5.628908984363079,-33.39589759707451,-0.13045041263103485,0.34783345460891724,-0.021312560886144638,100,OK,MAP_UPDATE,OK,VISUAL_INERTIAL
3009,1761212629231,-0.3325041616335511,5.722322501242161,-33.80009904503822,-0.1292785406112671,0.35007187724113464,-0.024033810943365097,100,OK,MAP_UPDATE,OK,VISUAL_INERTIAL
3010,1761212629247,1.3811074895784259,5.991844926029444,-33.90116989612579,-0.1278166025876999,0.35172808170318604,-0.02648155577480793,100,OK,MAP_UPDATE,OK,VISUAL_INERTIAL
3011,1761212629264,3.071007551625371,6.207390688359737,-33.60678628087044,-0.12584993243217468,0.353798508644104,-0.02843566983938217,100,OK,MAP_UPDATE,OK,VISUAL_INERTIAL
3012,1761212629281,4.41735377535224,6.386979483067989,-32.87183865904808,-0.12341310828924179,0.3570924699306488,-0.029769383370876312,100,OK,MAP_UPDATE,OK,VISUAL_INERTIAL
3013,1761212629297,5.649929400533438,6.512498017400503,-31.731966882944107,-0.12053853273391724,0.3601627051830292,-0.030325934290885925,100,OK,MAP_UPDATE,OK,VISUAL_INERTIAL
3014,1761212629314,6.76016416400671,7.050075102597475,-30.10484203696251,-0.11686493456363678,0.36308032274246216,-0.030737128108739853,100,OK,MAP_UPDATE,OK,VISUAL_INERTIAL
3015,1761212629331,7.709737867116928,7.624175399541855,-28.190594166517258,-0.11277641355991364,0.3653114140033722,-0.030555276200175285,100,OK,MAP_UPDATE,OK,VISUAL_INERTIAL
3016,1761212629347,8.346201851963997,8.03082250058651,-26.037000119686127,-0.10836869478225708,0.3675990104675293,-0.02983645349740982,100,OK,MAP_UPDATE,OK,VISUAL_INERTIAL
3017,1761212629364,8.28036479651928,8.382768370211124,-23.832006379961967,-0.1041317731142044,0.3699568510055542,-0.028505373746156693,100,OK,MAP_UPDATE,OK,VISUAL_INERTIAL
3018,1761212629381,8.249159902334213,8.715002797544003,-21.59762568771839,-0.0998188778758049,0.37119749188423157,-0.02702367678284645,100,OK,MAP_UPDATE,OK,VISUAL_INERTIAL
3019,1761212629397,8.313706144690514,9.123524650931358,-19.351471215486526,-0.09533435106277466,0.37071484327316284,-0.025515487417578697,100,OK,MAP_UPDATE,OK,VISUAL_INERTIAL
3020,1761212629414,8.165783248841763,9.490948170423508,-17.060192301869392,-0.0911252349615097,0.3691961169242859,-0.023655392229557037,100,OK,MAP_UPDATE,OK,VISUAL_INERTIAL
3021,1761212629431,7.710710633546114,9.741362184286118,-14.989383518695831,-0.08727835863828659,0.36695781350135803,-0.021643061190843582,100,OK,MAP_UPDATE,OK,VISUAL_INERTIAL
3022,1761212629447,6.413406692445278,9.853304363787174,-13.444388285279274,-0.08402182906866074,0.36366724967956543,-0.019522633403539658,100,OK,MAP_UPDATE,OK,VISUAL_INERTIAL
3023,1761212629464,4.848245996981859,9.650844149291515,-11.923573911190033,-0.08111907541751862,0.3615351915359497,-0.017603611573576927,100,OK,MAP_UPDATE,OK,VISUAL_INERTIAL
3024,1761212629481,3.193301847204566,9.242309257388115,-10.398381389677525,-0.07880879938602448,0.3601710796356201,-0.015693815425038338,100,OK,MAP_UPDATE,OK,VISUAL_INERTIAL
3025,1761212629497,1.6664020949974656,8.803541772067547,-9.141647256910801,-0.0768674910068512,0.35874971747398376,-0.013726655393838882,100,OK,MAP_UPDATE,OK,VISUAL_INERTIAL
3026,1761212629514,0.3976069565396756,8.558845147490501,-8.255449123680592,-0.07502436637878418,0.3565289080142975,-0.012057263404130936,100,OK,MAP_UPDATE,OK,VISUAL_INERTIAL
3027,1761212629531,-0.8619086584076285,8.345418609678745,-7.690649013966322,-0.07378014177083969,0.3541419506072998,-0.010344168171286583,100,OK,MAP_UPDATE,OK,VISUAL_INERTIAL
3028,1761212629547,-2.0991694182157516,8.206808008253574,-7.479303050786257,-0.07323366403579712,0.3519951105117798,-0.008710523135960102,100,OK,MAP_UPDATE,OK,VISUAL_INERTIAL
3029,1761212629564,-3.551291301846504,7.9816533252596855,-7.463949266821146,-0.07312262058258057,0.35113880038261414,-0.007265792228281498,100,OK,MAP_UPDATE,OK,VISUAL_INERTIAL
3030,1761212629581,-4.9553122371435165,7.789127994328737,-7.620429620146751,-0.07329709827899933,0.350326269865036,-0.0055652279406785965,100,OK,MAP_UPDATE,OK,VISUAL_INERTIAL
3031,1761212629597,-6.3252211548388,7.695139851421118,-7.865373976528645,-0.07343368977308273,0.3497771918773651,-0.003599352901801467,100,OK,MAP_UPDATE,OK,VISUAL_INERTIAL
3032,1761212629614,-7.459623739123344,7.677176967263222,-8.283562026917934,-0.07387194782495499,0.348812460899353,-0.0015135644935071468,100,OK,MAP_UPDATE,OK,VISUAL_INERTIAL
3033,1761212629631,-8.221941068768501,7.852185517549515,-8.957884274423122,-0.07464250177145004,0.34654343128204346,0.0003866763727273792,100,OK,MAP_UPDATE,OK,VISUAL_INERTIAL
3034,1761212629647,-8.96662287414074,7.938159629702568,-9.905196726322174,-0.07608310133218765,0.34384578466415405,0.0019131319131702185,100,OK,MAP_UPDATE,OK,VISUAL_INERTIAL
3035,1761212629664,-9.890873916447163,7.739602588117123,-10.919004678726196,-0.07799313217401505,0.3423779308795929,0.0028880841564387083,100,OK,MAP_UPDATE,OK,VISUAL_INERTIAL
3036,1761212629681,-10.818959213793278,7.480456959456205,-12.063433416187763,-0.07993128895759583,0.34160783886909485,0.003464141394942999,100,OK,MAP_UPDATE,OK,VISUAL_INERTIAL
3037,1761212629697,-11.557712219655514,7.136571686714888,-13.20604793727398,-0.08171053975820541,0.3410848379135132,0.0038986532017588615,100,OK,MAP_UPDATE,OK,VISUAL_INERTIAL
3038,1761212629714,-12.019140645861626,6.999133620411158,-14.274822548031807,-0.08336040377616882,0.34012967348098755,0.004824841395020485,100,OK,MAP_UPDATE,OK,VISUAL_INERTIAL
3039,1761212629731,-12.437139637768269,6.819404195994139,-15.421629883348942,-0.0850299671292305,0.33874425292015076,0.005906546954065561,100,OK,MAP_UPDATE,OK,VISUAL_INERTIAL
3040,1761212629747,-12.82147504389286,6.693982053548098,-16.5539737790823,-0.08640322089195251,0.3372218608856201,0.006826614961028099,100,OK,MAP_UPDATE,OK,VISUAL_INERTIAL
3041,1761212629764,-13.195683248341084,6.528634112328291,-17.671167850494385,-0.08767352998256683,0.3355545997619629,0.007760870270431042,100,OK,MAP_UPDATE,OK,VISUAL_INERTIAL
3042,1761212629781,-13.741947710514069,6.328003481030464,-18.65055039525032,-0.08890288323163986,0.33466142416000366,0.00864308699965477,100,OK,MAP_UPDATE,OK,VISUAL_INERTIAL
3043,1761212629797,-14.400744810700417,6.143581587821245,-19.482454285025597,-0.08975644409656525,0.3352411985397339,0.009341273456811905,100,OK,MAP_UPDATE,OK,VISUAL_INERTIAL
3044,1761212629814,-15.140402130782604,5.932522006332874,-20.039115101099014,-0.09017568826675415,0.3375934362411499,0.009912564419209957,100,OK,MAP_UPDATE,OK,VISUAL_INERTIAL
3045,1761212629831,-15.830736607313156,5.625215824693441,-20.476752892136574,-0.09041904658079147,0.3408591151237488,0.01062371302396059,100,OK,MAP_UPDATE,OK,VISUAL_INERTIAL
3046,1761212629847,-16.224490478634834,5.195240024477243,-20.805032923817635,-0.09041576832532883,0.34420695900917053,0.011480729095637798,100,OK,MAP_UPDATE,OK,VISUAL_INERTIAL
3047,1761212629864,-16.709981486201286,4.754385445266962,-21.03877067565918,-0.09008318930864334,0.3483925759792328,0.012341191060841084,100,OK,MAP_UPDATE,OK,VISUAL_INERTIAL
3048,1761212629881,-17.163699492812157,4.359215963631868,-21.102042868733406,-0.08954118192195892,0.35347405076026917,0.01316558476537466,100,OK,MAP_UPDATE,OK,VISUAL_INERTIAL
3049,1761212629897,-17.46857538819313,3.965676762163639,-21.111145615577698,-0.0889076441526413,0.3581019639968872,0.013965248130261898,100,OK,MAP_UPDATE,OK,VISUAL_INERTIAL
3050,1761212629914,-17.32548512518406,3.638230264186859,-21.166618913412094,-0.08818569034337997,0.3605782389640808,0.014775507152080536,100,OK,MAP_UPDATE,OK,VISUAL_INERTIAL
3051,1761212629931,-16.912123188376427,3.4156537149101496,-21.240631118416786,-0.08741011470556259,0.36096885800361633,0.015538080595433712,100,OK,MAP_UPDATE,OK,VISUAL_INERTIAL
3052,1761212629948,-16.715919598937035,3.340305294841528,-21.206550300121307,-0.08658593893051147,0.3610056936740875,0.015944821760058403,100,OK,MAP_UPDATE,OK,VISUAL_INERTIAL
3053,1761212629964,-16.737107187509537,3.3548760693520308,-21.01164124906063,-0.08563616126775742,0.36113831400871277,0.015924861654639244,100,OK,MAP_UPDATE,OK,VISUAL_INERTIAL
3054,1761212629981,-16.984151676297188,3.3947136253118515,-20.672133192420006,-0.08456221967935562,0.36191022396087646,0.015757232904434204,100,OK,MAP_UPDATE,OK,VISUAL_INERTIAL
3055,1761212629999,-17.30193756520748,3.3963117748498917,-20.22528275847435,-0.08348014205694199,0.3629184663295746,0.015722710639238358,100,OK,MAP_UPDATE,OK,VISUAL_INERTIAL
3056,1761212630014,-17.821116372942924,3.326829057186842,-19.721519201993942,-0.08257672190666199,0.3638470470905304,0.015883726999163628,100,OK,MAP_UPDATE,OK,VISUAL_INERTIAL
3057,1761212630031,-18.45511980354786,3.3933797385543585,-19.16366256773472,-0.08170466125011444,0.36526918411254883,0.016100816428661346,100,OK,MAP_UPDATE,OK,VISUAL_INERTIAL
3058,1761212630047,-19.323930144309998,3.4795007668435574,-18.572216853499413,-0.08082424104213715,0.36708930134773254,0.016407214105129242,100,OK,MAP_UPDATE,OK,VISUAL_INERTIAL
3059,1761212630064,-20.334314554929733,3.4544735681265593,-17.973411828279495,-0.07997093349695206,0.3693530559539795,0.01691032201051712,100,OK,MAP_UPDATE,OK,VISUAL_INERTIAL
3060,1761212630081,-21.6774120926857,3.4676718059927225,-17.32378825545311,-0.07918352633714676,0.3722606897354126,0.017660267651081085,100,OK,MAP_UPDATE,OK,VISUAL_INERTIAL
3061,1761212630097,-22.94347621500492,3.5298808943480253,-16.64072461426258,-0.07828666269779205,0.3753710389137268,0.018589362502098083,100,OK,MAP_UPDATE,OK,VISUAL_INERTIAL
3062,1761212630114,-24.34069849550724,3.633863525465131,-15.933498740196228,-0.07735079526901245,0.37806618213653564,0.019835352897644043,100,OK,MAP_UPDATE,OK,VISUAL_INERTIAL
3063,1761212630131,-25.867164134979248,3.734999569132924,-15.210962854325771,-0.07639911770820618,0.3809572756290436,0.021197784692049026,100,OK,MAP_UPDATE,OK,VISUAL_INERTIAL
3064,1761212630147,-27.52094157040119,3.940962255001068,-14.374684542417526,-0.07539700716733932,0.38432222604751587,0.022613245993852615,100,OK,MAP_UPDATE,OK,VISUAL_INERTIAL
3065,1761212630164,-29.104415327310562,4.2550587095320225,-13.444711454212666,-0.07439646869897842,0.38738730549812317,0.02419411577284336,100,OK,MAP_UPDATE,OK,VISUAL_INERTIAL
3066,1761212630181,-30.58282658457756,4.5332396402955055,-12.431981973350048,-0.07325912266969681,0.3895709812641144,0.025990625843405724,100,OK,MAP_UPDATE,OK,VISUAL_INERTIAL
3067,1761212630197,-31.717635691165924,4.846063908189535,-11.417122557759285,-0.07198365032672882,0.38924914598464966,0.028192587196826935,100,OK,MAP_UPDATE,OK,VISUAL_INERTIAL
3068,1761212630214,-33.01909938454628,5.108677316457033,-10.281453840434551,-0.07052204757928848,0.38787251710891724,0.030650751665234566,100,OK,MAP_UPDATE,OK,VISUAL_INERTIAL
3069,1761212630231,-34.88554432988167,5.240019876509905,-8.963151834905148,-0.06892581284046173,0.3882966637611389,0.03303402289748192,100,OK,MAP_UPDATE,OK,VISUAL_INERTIAL
3070,1761212630247,-37.20150515437126,5.25717856362462,-7.407308556139469,-0.0671520084142685,0.3909126818180084,0.035486333072185516,100,OK,MAP_UPDATE,OK,VISUAL_INERTIAL
3071,1761212630264,-39.32294249534607,5.2077630534768105,-5.675599444657564,-0.06514499336481094,0.39360347390174866,0.03808094188570976,100,OK,MAP_UPDATE,OK,VISUAL_INERTIAL
3072,1761212630281,-40.811534970998764,5.222488194704056,-3.848541062325239,-0.06286244094371796,0.39479202032089233,0.040607791393995285,100,OK,MAP_UPDATE,OK,VISUAL_INERTIAL
3073,1761212630297,-42.08680987358093,5.217853933572769,-2.0577015820890665,-0.0604606531560421,0.3953007757663727,0.042982034385204315,100,OK,MAP_UPDATE,OK,VISUAL_INERTIAL
3074,1761212630314,-43.96559298038483,4.9280342645943165,-0.16304645396303385,-0.05801932513713837,0.3977469205856323,0.04535442963242531,100,OK,MAP_UPDATE,OK,VISUAL_INERTIAL
3075,1761212630331,-46.10804840922356,4.557566717267036,1.749042421579361,-0.05563907325267792,0.40194571018218994,0.047872815281152725,100,OK,MAP_UPDATE,OK,VISUAL_INERTIAL
3076,1761212630347,-48.04744943976402,4.285231698304415,3.645081538707018,-0.053388915956020355,0.4053232967853546,0.05076870694756508,100,OK,MAP_UPDATE,OK,VISUAL_INERTIAL
3077,1761212630364,-49.845028668642044,3.944604191929102,5.459362640976906,-0.05102674663066864,0.4081084430217743,0.05397476628422737,100,OK,MAP_UPDATE,OK,VISUAL_INERTIAL
3078,1761212630381,-51.94776877760887,3.2200280111283064,7.083732169121504,-0.04850738123059273,0.4103713035583496,0.05752161517739296,100,OK,MAP_UPDATE,OK,VISUAL_INERTIAL
3079,1761212630397,-53.95326018333435,2.7617195155471563,8.761615492403507,-0.046300869435071945,0.4127523601055145,0.061287056654691696,100,OK,MAP_UPDATE,OK,VISUAL_INERTIAL
3080,1761212630414,-56.22580647468567,2.4993710685521364,10.531661100685596,-0.044077757745981216,0.4165787994861603,0.064577616751194,100,OK,MAP_UPDATE,OK,VISUAL_INERTIAL
3081,1761212630431,-58.43818932771683,2.376098418608308,12.26707175374031,-0.042026907205581665,0.42136842012405396,0.06719577312469482,100,OK,MAP_UPDATE,OK,VISUAL_INERTIAL
3082,1761212630447,-60.31619757413864,2.2895431611686945,13.986875303089619,-0.040140289813280106,0.42491376399993896,0.06971842050552368,100,OK,MAP_UPDATE,OK,VISUAL_INERTIAL
3083,1761212630464,-61.85382232069969,2.20888783223927,15.38691483438015,-0.03851254656910896,0.42661651968955994,0.0721033439040184,100,OK,MAP_UPDATE,OK,VISUAL_INERTIAL
3084,1761212630481,-63.29616159200668,2.1220273338258266,16.637424007058144,-0.03720102459192276,0.4271438717842102,0.0743255466222763,100,OK,MAP_UPDATE,OK,VISUAL_INERTIAL
3085,1761212630497,-64.70102071762085,2.1061422303318977,17.70137995481491,-0.03622706979513168,0.42749473452568054,0.07630818337202072,100,OK,MAP_UPDATE,OK,VISUAL_INERTIAL
3086,1761212630514,-66.12786650657654,2.1020108833909035,18.551092594861984,-0.035640839487314224,0.42804762721061707,0.07800674438476562,100,OK,MAP_UPDATE,OK,VISUAL_INERTIAL
3087,1761212630531,-67.42054969072342,1.9956652540713549,19.085105508565903,-0.035397108644247055,0.42819133400917053,0.07937833666801453,100,OK,MAP_UPDATE,OK,VISUAL_INERTIAL
3088,1761212630547,-68.27514618635178,1.959074055776,19.191179424524307,-0.035502396523952484,0.4271904230117798,0.08029058575630188,100,OK,MAP_UPDATE,OK,VISUAL_INERTIAL
3089,1761212630564,-68.67830455303192,1.9312129588797688,18.868563696742058,-0.03599095344543457,0.42470526695251465,0.08066809177398682,100,OK,MAP_UPDATE,OK,VISUAL_INERTIAL
3090,1761212630581,-68.73777508735657,1.9172723405063152,18.10929924249649,-0.03681803122162819,0.4215872883796692,0.08044601231813431,100,OK,MAP_UPDATE,OK,VISUAL_INERTIAL
3091,1761212630597,-68.78740340471268,1.9266189774498343,17.195621505379677,-0.03800459951162338,0.41957372426986694,0.07971259951591492,100,OK,MAP_UPDATE,OK,VISUAL_INERTIAL
3092,1761212630614,-68.72682273387909,1.9787894561886787,16.061795875430107,-0.039600860327482224,0.4189010262489319,0.07857739180326462,100,OK,MAP_UPDATE,OK,VISUAL_INERTIAL
3093,1761212630631,-68.13441962003708,2.0062518306076527,14.482798986136913,-0.041586387902498245,0.4173794984817505,0.07719926536083221,100,OK,MAP_UPDATE,OK,VISUAL_INERTIAL
3094,1761212630647,-67.08865612745285,1.9581555388867855,12.547001242637634,-0.043894559144973755,0.4150422513484955,0.0755409300327301,100,OK,MAP_UPDATE,OK,VISUAL_INERTIAL
3095,1761212630664,-65.82122296094894,1.880281837657094,10.25503035634756,-0.04664212092757225,0.41264376044273376,0.0736355111002922,100,OK,MAP_UPDATE,OK,VISUAL_INERTIAL
3096,1761212630681,-64.43565338850021,1.8076938576996326,7.702115923166275,-0.04983561486005783,0.4107082486152649,0.07149985432624817,100,OK,MAP_UPDATE,OK,VISUAL_INERTIAL
3097,1761212630697,-63.0367174744606,1.7816184554249048,5.01734483987093,-0.05320459231734276,0.40939170122146606,0.0690578892827034,100,OK,MAP_UPDATE,OK,VISUAL_INERTIAL
3098,1761212630714,-61.48035079240799,1.8175840377807617,2.225644653663039,-0.05658732354640961,0.408241331577301,0.06630545109510422,100,OK,MAP_UPDATE,OK,VISUAL_INERTIAL
3099,1761212630731,-59.79662016034126,1.8352122278884053,-0.5611495580524206,-0.0599021278321743,0.40676167607307434,0.06357834488153458,100,OK,MAP_UPDATE,OK,VISUAL_INERTIAL
3100,1761212630747,-58.02002549171448,1.9512572325766087,-3.447298426181078,-0.06319302320480347,0.40495556592941284,0.060872435569763184,100,OK,MAP_UPDATE,OK,VISUAL_INERTIAL
3101,1761212630764,-56.408289819955826,2.1102686878293753,-6.182285957038403,-0.06627365946769714,0.40386638045310974,0.058208368718624115,100,OK,MAP_UPDATE,OK,VISUAL_INERTIAL
3102,1761212630781,-54.97575178742409,2.201635856181383,-8.582565933465958,-0.06887932121753693,0.40320175886154175,0.05576582998037338,100,OK,MAP_UPDATE,OK,VISUAL_INERTIAL
3103,1761212630797,-53.61494794487953,2.335424069315195,-10.764812119305134,-0.071023128926754,0.40278851985931396,0.053537752479314804,100,OK,MAP_UPDATE,OK,VISUAL_INERTIAL
3104,1761212630814,-52.231281995773315,2.4095168337225914,-12.649687938392162,-0.07245074957609177,0.4019993543624878,0.05146152526140213,100,OK,MAP_UPDATE,OK,VISUAL_INERTIAL
3105,1761212630831,-50.82166567444801,2.5101518258452415,-14.198598451912403,-0.07314786314964294,0.4005723297595978,0.04948332533240318,100,OK,MAP_UPDATE,OK,VISUAL_INERTIAL
3106,1761212630847,-49.5632067322731,2.5714808143675327,-15.375327318906784,-0.07314745336771011,0.39959585666656494,0.04770335927605629,100,OK,MAP_UPDATE,OK,VISUAL_INERTIAL
3107,1761212630864,-48.4989732503891,2.5841013994067907,-16.05146750807762,-0.07259215414524078,0.3993302285671234,0.04617512971162796,100,OK,MAP_UPDATE,OK,VISUAL_INERTIAL
3108,1761212630881,-47.47739061713219,2.626883564516902,-16.357850283384323,-0.07146240025758743,0.39905232191085815,0.04484066367149353,100,OK,MAP_UPDATE,OK,VISUAL_INERTIAL
3109,1761212630897,-46.48774117231369,2.6872577145695686,-16.22549071907997,-0.06971586495637894,0.39843863248825073,0.04363188147544861,100,OK,MAP_UPDATE,OK,VISUAL_INERTIAL
3110,1761212630914,-45.50177976489067,2.780328970402479,-15.749592334032059,-0.06741291284561157,0.39706119894981384,0.042504388839006424,100,OK,MAP_UPDATE,OK,VISUAL_INERTIAL
3111,1761212630931,-44.476136565208435,2.819908084347844,-14.915709383785725,-0.06453095376491547,0.395138144493103,0.04153173044323921,100,OK,MAP_UPDATE,OK,VISUAL_INERTIAL
3112,1761212630947,-43.4836708009243,2.815461019054055,-13.702020049095154,-0.06102483347058296,0.3931163549423218,0.04057290032505989,100,OK,MAP_UPDATE,OK,VISUAL_INERTIAL
3113,1761212630964,-42.612191289663315,2.803355921059847,-12.105911038815975,-0.057027846574783325,0.3912408947944641,0.039722513407468796,100,OK,MAP_UPDATE,OK,VISUAL_INERTIAL
3114,1761212630981,-41.81931912899017,2.776734298095107,-10.286103002727032,-0.05264441296458244,0.3895191550254822,0.03902825713157654,100,OK,MAP_UPDATE,OK,VISUAL_INERTIAL
3115,1761212630997,-41.06582701206207,2.6950037572532892,-8.187892846763134,-0.047836776822805405,0.38736629486083984,0.0385250449180603,100,OK,MAP_UPDATE,OK,VISUAL_INERTIAL
3116,1761212631014,-40.40518403053284,2.7354885824024677,-5.90122677385807,-0.042832743376493454,0.3852129578590393,0.03814328461885452,100,OK,MAP_UPDATE,OK,VISUAL_INERTIAL
3117,1761212631030,-39.91525620222092,2.4576587602496147,-3.7106999661773443,-0.038835495710372925,0.3832204341888428,0.037949614226818085,100,OK,MAP_UPDATE,OK,VISUAL_INERTIAL
3118,1761212631047,-39.75187614560127,1.995966536924243,-1.9606463611125946,-0.036273665726184845,0.3811993896961212,0.03800494968891144,100,OK,MAP_UPDATE,OK,VISUAL_INERTIAL
3119,1761212631064,-40.059491991996765,1.4514127979055047,-0.6018023123033345,-0.03491964936256409,0.3799637258052826,0.03837998956441879,100,OK,MAP_UPDATE,OK,VISUAL_INERTIAL
3120,1761212631080,-40.522295981645584,1.1620066361501813,0.27108535869047046,-0.034184444695711136,0.379435271024704,0.03880014270544052,100,OK,MAP_UPDATE,OK,VISUAL_INERTIAL
3121,1761212631097,-40.976379066705704,1.0220668045803905,0.6781117408536375,-0.03376784175634384,0.37864479422569275,0.039200037717819214,100,OK,MAP_UPDATE,OK,VISUAL_INERTIAL
3122,1761212631114,-41.48346930742264,0.8986932225525379,0.6302343099378049,-0.03390165790915489,0.37760597467422485,0.03977752849459648,100,OK,MAP_UPDATE,OK,VISUAL_INERTIAL
3123,1761212631130,-42.02240705490112,0.838194799143821,0.1032330546877347,-0.03482520580291748,0.3763188421726227,0.040533438324928284,100,OK,MAP_UPDATE,OK,VISUAL_INERTIAL
3124,1761212631147,-42.40962117910385,0.6659388309344649,-0.9633469162508845,-0.03632346913218498,0.3738490045070648,0.041250795125961304,100,OK,MAP_UPDATE,OK,VISUAL_INERTIAL
3125,1761212631164,-42.7863672375679,0.5770055577158928,-2.5880844332277775,-0.03829007223248482,0.37011921405792236,0.041853222995996475,100,OK,MAP_UPDATE,OK,VISUAL_INERTIAL
3126,1761212631180,-43.30667480826378,0.4032811557408422,-4.63490653783083,-0.04084157198667526,0.3656918406486511,0.04239225387573242,100,OK,MAP_UPDATE,OK,VISUAL_INERTIAL
3127,1761212631197,-43.79109665751457,0.18962474132422358,-7.158810272812843,-0.04403243586421013,0.360251247882843,0.04290376976132393,100,OK,MAP_UPDATE,OK,VISUAL_INERTIAL
3128,1761212631214,-43.41166466474533,-1.2758778175339103,-9.6147321164608,-0.04677680507302284,0.35246115922927856,0.04293619841337204,100,OK,MAP_UPDATE,OK,VISUAL_INERTIAL
3129,1761212631231,-43.90401020646095,-0.5113765364512801,-13.547640293836594,-0.05155833065509796,0.34265390038490295,0.04333123192191124,100,OK,MAP_UPDATE,OK,VISUAL_INERTIAL
3130,1761212631247,-44.30032894015312,-0.6607481045648456,-17.22746342420578,-0.056180790066719055,0.3343645930290222,0.04304051026701927,100,OK,MAP_UPDATE,OK,VISUAL_INERTIAL
3131,1761212631264,-44.781818985939026,-0.78598438994959,-21.319936960935593,-0.06113145500421524,0.3272396922111511,0.042344097048044205,100,OK,MAP_UPDATE,OK,VISUAL_INERTIAL
3132,1761212631280,-45.11228948831558,-1.2109604431316257,-25.387845933437347,-0.06616713851690292,0.32027187943458557,0.0414721816778183,100,OK,MAP_UPDATE,OK,VISUAL_INERTIAL
3133,1761212631297,-45.228857547044754,-1.8157672602683306,-29.783399775624275,-0.07175284624099731,0.31612852215766907,0.0400918684899807,100,OK,MAP_UPDATE,OK,VISUAL_INERTIAL
3134,1761212631314,-45.66612467169762,-2.0747666712850332,-33.976707607507706,-0.07760345935821533,0.313958078622818,0.03853960335254669,100,OK,MAP_UPDATE,OK,VISUAL_INERTIAL
3135,1761212631330,-45.135773718357086,-2.304819878190756,-38.12683746218681,-0.08315546810626984,0.31128326058387756,0.0368991419672966,100,OK,MAP_UPDATE,OK,VISUAL_INERTIAL
3136,1761212631347,-43.714042752981186,-2.3213026579469442,-42.32648387551308,-0.08864066004753113,0.30737626552581787,0.03509163111448288,100,OK,MAP_UPDATE,OK,VISUAL_INERTIAL
3137,1761212631364,-42.045604437589645,-2.392717869952321,-46.57441005110741,-0.09405826032161713,0.3027779459953308,0.03301873430609703,100,OK,MAP_UPDATE,OK,VISUAL_INERTIAL
3138,1761212631381,-40.184639394283295,-2.4816812947392464,-50.73849856853485,-0.09930656850337982,0.29879525303840637,0.030478311702609062,100,OK,MAP_UPDATE,OK,VISUAL_INERTIAL
3139,1761212631397,-38.38442638516426,-2.567402785643935,-54.78386953473091,-0.10437781363725662,0.29588016867637634,0.027505187317728996,100,OK,MAP_UPDATE,OK,VISUAL_INERTIAL
3140,1761212631414,-36.39862686395645,-2.932682167738676,-58.6908720433712,-0.10908055305480957,0.2932763993740082,0.024151558056473732,100,OK,MAP_UPDATE,OK,VISUAL_INERTIAL
3141,1761212631431,-34.31078419089317,-3.123126458376646,-62.600649893283844,-0.11380968987941742,0.2902151346206665,0.02065018005669117,100,OK,MAP_UPDATE,OK,VISUAL_INERTIAL
3142,1761212631447,-31.779784709215164,-3.3938060514628887,-66.3365125656128,-0.11827292293310165,0.28647318482398987,0.016815701499581337,100,OK,MAP_UPDATE,OK,VISUAL_INERTIAL
3143,1761212631464,-28.96859310567379,-3.7115179002285004,-69.95891779661179,-0.12243557721376419,0.28256186842918396,0.012709276750683784,100,OK,MAP_UPDATE,OK,VISUAL_INERTIAL
3144,1761212631480,-26.240859180688858,-4.049106035381556,-73.31553101539612,-0.1263303905725479,0.27938175201416016,0.008340926840901375,100,OK,MAP_UPDATE,OK,VISUAL_INERTIAL
3145,1761212631497,-23.32090772688389,-4.259134642779827,-76.53345912694931,-0.13023124635219574,0.2775004208087921,0.003554832423105836,100,OK,MAP_UPDATE,OK,VISUAL_INERTIAL
3146,1761212631514,-20.304681733250618,-4.444383550435305,-79.69722896814346,-0.13411259651184082,0.27647989988327026,-0.001135529950261116,100,OK,MAP_UPDATE,OK,VISUAL_INERTIAL
3147,1761212631531,-17.228851094841957,-4.596782848238945,-82.81676471233368,-0.13808201253414154,0.27569854259490967,-0.005635594483464956,100,OK,MAP_UPDATE,OK,VISUAL_INERTIAL
3148,1761212631547,-14.216416515409946,-4.938500467687845,-85.78387647867203,-0.14183934032917023,0.27487313747406006,-0.00984482653439045,100,OK,MAP_UPDATE,OK,VISUAL_INERTIAL
3149,1761212631564,-11.08243502676487,-5.2105942741036415,-88.70451152324677,-0.14540523290634155,0.27381303906440735,-0.014010855928063393,100,OK,MAP_UPDATE,OK,VISUAL_INERTIAL
3150,1761212631580,-7.946353405714035,-5.466134287416935,-91.45214408636093,-0.1485491544008255,0.2727644443511963,-0.018193405121564865,100,OK,MAP_UPDATE,OK,VISUAL_INERTIAL
3151,1761212631597,-4.900810308754444,-5.723706912249327,-94.01366114616394,-0.1513366997241974,0.2717873454093933,-0.022434910759329796,100,OK,MAP_UPDATE,OK,VISUAL_INERTIAL
3152,1761212631614,-1.9995428156107664,-5.962111987173557,-96.3028147816658,-0.15379895269870758,0.2708108723163605,-0.026641933247447014,100,OK,MAP_UPDATE,OK,VISUAL_INERTIAL
3153,1761212631630,0.8266656659543514,-6.148642394691706,-98.2988029718399,-0.15594451129436493,0.2698878347873688,-0.030720587819814682,100,OK,MAP_UPDATE,OK,VISUAL_INERTIAL
3154,1761212631647,3.7240302190184593,-6.413305178284645,-99.95719790458679,-0.15768934786319733,0.26900559663772583,-0.03467707708477974,100,OK,MAP_UPDATE,OK,VISUAL_INERTIAL
3155,1761212631664,6.650093011558056,-6.695473566651344,-101.40601545572281,-0.15911288559436798,0.2677857279777527,-0.03851450979709625,100,OK,MAP_UPDATE,OK,VISUAL_INERTIAL
3156,1761212631680,9.360665455460548,-6.970924325287342,-102.70893573760986,-0.16038522124290466,0.26650866866111755,-0.04211246222257614,100,OK,MAP_UPDATE,OK,VISUAL_INERTIAL
3157,1761212631697,11.776654981076717,-7.37398024648428,-103.81709784269333,-0.1615438610315323,0.26563218235969543,-0.04537500813603401,100,OK,MAP_UPDATE,OK,VISUAL_INERTIAL
3158,1761212631714,13.900463469326496,-7.799753919243813,-104.8707664012909,-0.16263224184513092,0.2648662030696869,-0.04834188148379326,100,OK,MAP_UPDATE,OK,VISUAL_INERTIAL
3159,1761212631730,15.856949612498283,-8.28674528747797,-105.84717243909836,-0.16364945471286774,0.2637749910354614,-0.05090450495481491,100,OK,MAP_UPDATE,OK,VISUAL_INERTIAL
3160,1761212631747,17.6831167191267,-8.695020340383053,-106.78552836179733,-0.16464808583259583,0.26207876205444336,-0.05311723053455353,100,OK,MAP_UPDATE,OK,VISUAL_INERTIAL
3161,1761212631764,19.43974383175373,-8.944492787122726,-107.6771467924118,-0.16565410792827606,0.25958800315856934,-0.05497084558010101,100,OK,MAP_UPDATE,OK,VISUAL_INERTIAL
3162,1761212631780,20.943056792020798,-9.111711755394936,-108.58812183141708,-0.1666373461484909,0.25637295842170715,-0.056474458426237106,100,OK,MAP_UPDATE,OK,VISUAL_INERTIAL
3163,1761212631797,22.185221314430237,-9.343307465314865,-109.48553681373596,-0.16762058436870575,0.2528563439846039,-0.05758658051490784,100,OK,MAP_UPDATE,OK,VISUAL_INERTIAL
3164,1761212631814,23.132745176553726,-9.592256508767605,-110.3648915886879,-0.16864155232906342,0.24915584921836853,-0.058506082743406296,100,OK,MAP_UPDATE,OK,VISUAL_INERTIAL
3165,1761212631830,23.539729416370392,-9.803308174014091,-111.29146814346313,-0.1696530282497406,0.2458496391773224,-0.05915509909391403,100,OK,MAP_UPDATE,OK,VISUAL_INERTIAL
3166,1761212631847,23.568065837025642,-9.977051056921482,-112.1935173869133,-0.17081256210803986,0.2434951812028885,-0.05963699519634247,100,OK,MAP_UPDATE,OK,VISUAL_INERTIAL
3167,1761212631864,23.32373894751072,-10.1835448294878,-113.01764845848083,-0.17193125188350677,0.24216926097869873,-0.06000363454222679,100,OK,MAP_UPDATE,OK,VISUAL_INERTIAL
3168,1761212631881,23.13544973731041,-10.290145874023438,-113.75682055950165,-0.17292140424251556,0.24088744819164276,-0.06022781506180763,100,OK,MAP_UPDATE,OK,VISUAL_INERTIAL
3169,1761212631897,23.248037323355675,-10.192550718784332,-114.26448076963425,-0.17390477657318115,0.23804563283920288,-0.06007882207632065,100,OK,MAP_UPDATE,OK,VISUAL_INERTIAL
3170,1761212631914,23.6248429864645,-10.177326388657093,-114.85040187835693,-0.17471356689929962,0.2343510538339615,-0.06000487133860588,100,OK,MAP_UPDATE,OK,VISUAL_INERTIAL
3171,1761212631930,23.640109226107597,-10.125751607120037,-115.36326259374619,-0.17541202902793884,0.2317718118429184,-0.06005054712295532,100,OK,MAP_UPDATE,OK,VISUAL_INERTIAL
3172,1761212631947,23.271800950169563,-10.105546563863754,-115.776926279068,-0.17587339878082275,0.23109333217144012,-0.06028397008776665,100,OK,MAP_UPDATE,OK,VISUAL_INERTIAL
3173,1761212631964,22.99266681075096,-10.007045231759548,-116.0084530711174,-0.17613571882247925,0.2311275154352188,-0.060553520917892456,100,OK,MAP_UPDATE,OK,VISUAL_INERTIAL
3174,1761212631980,23.270687088370323,-9.922308847308159,-116.00801348686218,-0.17600920796394348,0.23053470253944397,-0.06076876446604729,100,OK,MAP_UPDATE,OK,VISUAL_INERTIAL
3175,1761212631997,23.934777826070786,-9.814725257456303,-115.6933382153511,-0.17538434267044067,0.2285243272781372,-0.06096279248595238,100,OK,MAP_UPDATE,OK,VISUAL_INERTIAL
3176,1761212632014,24.710897356271744,-9.454427286982536,-115.13467133045197,-0.1744527816772461,0.22612762451171875,-0.061249811202287674,100,OK,MAP_UPDATE,OK,VISUAL_INERTIAL
3177,1761212632031,25.349881500005722,-9.005937725305557,-114.27732557058334,-0.17310315370559692,0.22421695291996002,-0.06176900863647461,100,OK,MAP_UPDATE,OK,VISUAL_INERTIAL
3178,1761212632047,25.876300409436226,-8.621876128017902,-113.17823827266693,-0.1713542938232422,0.2224731296300888,-0.06230366230010986,100,OK,MAP_UPDATE,OK,VISUAL_INERTIAL
3179,1761212632064,26.504067704081535,-8.199356496334076,-111.81237548589706,-0.1692870557308197,0.2205984890460968,-0.06278152018785477,100,OK,MAP_UPDATE,OK,VISUAL_INERTIAL
3180,1761212632081,27.022797614336014,-7.857642136514187,-110.14683544635773,-0.16669903695583344,0.2190578728914261,-0.06319025903940201,100,OK,MAP_UPDATE,OK,VISUAL_INERTIAL
3181,1761212632097,27.420416474342346,-7.562646642327309,-108.23110491037369,-0.1638011336326599,0.21800370514392853,-0.06348156183958054,100,OK,MAP_UPDATE,OK,VISUAL_INERTIAL
3182,1761212632114,27.783695608377457,-7.360193412750959,-106.23736679553986,-0.16077032685279846,0.21713051199913025,-0.06364566087722778,100,OK,MAP_UPDATE,OK,VISUAL_INERTIAL
3183,1761212632130,28.023462742567062,-7.104106713086367,-104.01800274848938,-0.15759310126304626,0.21665598452091217,-0.06361255794763565,100,OK,MAP_UPDATE,OK,VISUAL_INERTIAL
3184,1761212632147,27.900652959942818,-6.875867024064064,-101.8330454826355,-0.15448343753814697,0.2167958915233612,-0.06334666162729263,100,OK,MAP_UPDATE,OK,VISUAL_INERTIAL
3185,1761212632164,27.586357668042183,-6.7014433443546295,-99.59931671619415,-0.15149365365505219,0.21729935705661774,-0.06274730712175369,100,OK,MAP_UPDATE,OK,VISUAL_INERTIAL
3186,1761212632180,27.507437393069267,-6.582977250218391,-97.47129678726196,-0.148667573928833,0.2170160710811615,-0.06168827414512634,100,OK,MAP_UPDATE,OK,VISUAL_INERTIAL
3187,1761212632197,27.44516357779503,-6.53427978977561,-95.51365673542023,-0.14636856317520142,0.21522235870361328,-0.059741150587797165,100,OK,MAP_UPDATE,OK,VISUAL_INERTIAL
3188,1761212632214,27.17321366071701,-6.325976457446814,-93.79231929779053,-0.144148051738739,0.21293528378009796,-0.05772712454199791,100,OK,MAP_UPDATE,OK,VISUAL_INERTIAL
3189,1761212632230,26.436559855937958,-5.75984176248312,-92.13767945766449,-0.14124108850955963,0.21056902408599854,-0.056180745363235474,100,OK,MAP_UPDATE,OK,VISUAL_INERTIAL
3190,1761212632247,25.786010548472404,-5.012268200516701,-90.46430885791779,-0.1378306895494461,0.20671115815639496,-0.05440782010555267,100,OK,MAP_UPDATE,OK,VISUAL_INERTIAL
3191,1761212632264,25.01908130943775,-4.216203466057777,-88.7269526720047,-0.13377594947814941,0.2021515965461731,-0.05260748788714409,100,OK,MAP_UPDATE,OK,VISUAL_INERTIAL
3192,1761212632280,23.871038109064102,-3.506158012896776,-86.85962855815887,-0.12999309599399567,0.1989622563123703,-0.05112718790769577,100,OK,MAP_UPDATE,OK,VISUAL_INERTIAL
3193,1761212632297,22.39837870001793,-2.892392920330167,-84.83146876096725,-0.12579560279846191,0.19747473299503326,-0.050193145871162415,100,OK,MAP_UPDATE,OK,VISUAL_INERTIAL
3194,1761212632314,20.82178369164467,-2.218275098130107,-82.65549689531326,-0.12167073786258698,0.19788524508476257,-0.04991758242249489,100,OK,MAP_UPDATE,OK,VISUAL_INERTIAL
3195,1761212632331,19.82727460563183,-1.664819661527872,-80.18531650304794,-0.11776900291442871,0.19839543104171753,-0.049853261560201645,100,OK,MAP_UPDATE,OK,VISUAL_INERTIAL
3196,1761212632347,19.499531015753746,-1.349977683275938,-77.57128775119781,-0.11406255513429642,0.19829250872135162,-0.05006057396531105,100,OK,MAP_UPDATE,OK,VISUAL_INERTIAL
3197,1761212632364,19.22377198934555,-1.2555569410324097,-74.94773715734482,-0.11006868630647659,0.19971001148223877,-0.050870612263679504,100,OK,MAP_UPDATE,OK,VISUAL_INERTIAL
3198,1761212632380,19.260842353105545,-1.0064746020361781,-72.35755026340485,-0.10577031970024109,0.20134928822517395,-0.051867615431547165,100,OK,MAP_UPDATE,OK,VISUAL_INERTIAL
3199,1761212632397,19.517866894602776,-0.8878407534211874,-69.84613835811615,-0.10160752385854721,0.20263241231441498,-0.052851587533950806,100,OK,MAP_UPDATE,OK,VISUAL_INERTIAL
3200,1761212632414,20.06572112441063,-0.9439901332370937,-67.43507832288742,-0.09872184693813324,0.20405921339988708,-0.05371658876538277,100,OK,MAP_UPDATE,OK,VISUAL_INERTIAL
3201,1761212632430,20.641906186938286,-0.9482779423706234,-65.32859057188034,-0.09602630883455276,0.2057928889989853,-0.054423075169324875,100,OK,MAP_UPDATE,OK,VISUAL_INERTIAL
3202,1761212632447,21.146580576896667,-1.0075503960251808,-63.584938645362854,-0.0935945212841034,0.20772147178649902,-0.055068567395210266,100,OK,MAP_UPDATE,OK,VISUAL_INERTIAL
3203,1761212632464,21.547578275203705,-0.8907289593480527,-62.04421445727348,-0.09211698174476624,0.2097519338130951,-0.05555585399270058,100,OK,MAP_UPDATE,OK,VISUAL_INERTIAL
3204,1761212632481,22.064071148633957,-0.7016328745521605,-60.79409644007683,-0.09063678979873657,0.2108643651008606,-0.05590878799557686,100,OK,MAP_UPDATE,OK,VISUAL_INERTIAL
3205,1761212632497,22.78103679418564,-0.3311217878945172,-59.82597917318344,-0.08910255879163742,0.2101472020149231,-0.05605214089155197,100,OK,MAP_UPDATE,OK,VISUAL_INERTIAL
3206,1761212632514,23.3176052570343,0.1210693153552711,-58.985818177461624,-0.08735893666744232,0.2087993323802948,-0.05622795596718788,100,OK,MAP_UPDATE,OK,VISUAL_INERTIAL
3207,1761212632530,23.302778601646423,0.3824254381470382,-58.322787284851074,-0.08598961681127548,0.20800934731960297,-0.056212905794382095,100,OK,MAP_UPDATE,OK,VISUAL_INERTIAL
3208,1761212632547,22.84013107419014,0.6014595273882151,-57.84505605697632,-0.08479927480220795,0.20829437673091888,-0.05614118278026581,100,OK,MAP_UPDATE,OK,VISUAL_INERTIAL
3209,1761212632564,22.00828678905964,0.7866674568504095,-57.515356689691544,-0.08353380858898163,0.2094305008649826,-0.055932678282260895,100,OK,MAP_UPDATE,OK,VISUAL_INERTIAL
3210,1761212632580,21.21795155107975,0.9560761391185224,-57.31146037578583,-0.08244779706001282,0.21010997891426086,-0.055416129529476166,100,OK,MAP_UPDATE,OK,VISUAL_INERTIAL
3211,1761212632597,20.719120278954506,1.0037525789812207,-57.19829350709915,-0.08147043734788895,0.2092338353395462,-0.05456621199846268,100,OK,MAP_UPDATE,OK,VISUAL_INERTIAL
3212,1761212632614,20.2128067612648,1.2795475777238607,-57.17466026544571,-0.08056826889514923,0.2074899673461914,-0.05390875041484833,100,OK,MAP_UPDATE,OK,VISUAL_INERTIAL
3213,1761212632630,19.433805719017982,1.4359357301145792,-57.24601447582245,-0.08001822233200073,0.20640550553798676,-0.05358421802520752,100,OK,MAP_UPDATE,OK,VISUAL_INERTIAL
3214,1761212632647,18.446223810315132,1.5540174208581448,-57.39663168787956,-0.07958733290433884,0.20607925951480865,-0.053393200039863586,100,OK,MAP_UPDATE,OK,VISUAL_INERTIAL
3215,1761212632664,17.280615866184235,1.4959619147703052,-57.57508799433708,-0.07919090986251831,0.2063635140657425,-0.0532623752951622,100,OK,MAP_UPDATE,OK,VISUAL_INERTIAL
3216,1761212632680,16.161080449819565,1.5210204292088747,-57.74489790201187,-0.07899502664804459,0.2070460468530655,-0.05329843983054161,100,OK,MAP_UPDATE,OK,VISUAL_INERTIAL
3217,1761212632697,15.061593614518642,1.6307503683492541,-57.88402631878853,-0.07871384173631668,0.20832595229148865,-0.05359141156077385,100,OK,MAP_UPDATE,OK,VISUAL_INERTIAL
3218,1761212632714,14.057888649404049,1.9534556195139885,-57.997506111860275,-0.07827098667621613,0.20941758155822754,-0.05410347878932953,100,OK,MAP_UPDATE,OK,VISUAL_INERTIAL
3219,1761212632730,13.550099916756153,2.416745061054826,-58.053601533174515,-0.07780025899410248,0.20945540070533752,-0.05459306016564369,100,OK,MAP_UPDATE,OK,VISUAL_INERTIAL
3220,1761212632747,13.383354991674423,2.7984357438981533,-58.05481597781181,-0.077389657497406,0.20846043527126312,-0.05506323650479317,100,OK,MAP_UPDATE,OK,VISUAL_INERTIAL
3221,1761212632764,13.09278979897499,2.980304416269064,-58.051444590091705,-0.07695769518613815,0.20771798491477966,-0.055457647889852524,100,OK,MAP_UPDATE,OK,VISUAL_INERTIAL
3222,1761212632780,12.605790980160236,3.000511322170496,-58.10946971178055,-0.07654803991317749,0.2077884078025818,-0.05569857358932495,100,OK,MAP_UPDATE,OK,VISUAL_INERTIAL
3223,1761212632797,12.605790980160236,3.000511322170496,-58.10946971178055,-0.07654803991317749,0.2077884078025818,-0.05569857358932495,100,OK,MAP_UPDATE,OK,VISUAL_INERTIAL
3224,1761212632814,11.96503546088934,2.796060172840953,-58.48183482885361,-0.0766739621758461,0.20526418089866638,-0.05469329282641411,100,OK,MAP_UPDATE,OK,VISUAL_INERTIAL
3225,1761212632830,11.719983071088791,2.7149298693984747,-58.95280838012695,-0.07718472182750702,0.20262758433818817,-0.05364730954170227,100,OK,MAP_UPDATE,OK,VISUAL_INERTIAL
3226,1761212632847,11.230497620999813,2.5211486499756575,-59.49320271611214,-0.07792016118764877,0.20058636367321014,-0.05238141864538193,100,OK,MAP_UPDATE,OK,VISUAL_INERTIAL
3227,1761212632864,10.48999186605215,2.137525472790003,-60.037799179553986,-0.07874159514904022,0.1990777850151062,-0.050653304904699326,100,OK,MAP_UPDATE,OK,VISUAL_INERTIAL
3228,1761212632880,9.502637200057507,1.7188886413350701,-60.74584648013115,-0.07976043969392776,0.1980205774307251,-0.04857955873012543,100,OK,MAP_UPDATE,OK,VISUAL_INERTIAL
3229,1761212632897,8.532973937690258,1.1639513541013002,-61.48013845086098,-0.08118129521608353,0.19687145948410034,-0.04623590037226677,100,OK,MAP_UPDATE,OK,VISUAL_INERTIAL
3230,1761212632914,7.676448673009872,1.4767713146284223,-62.67719715833664,-0.08338651806116104,0.19587501883506775,-0.044197842478752136,100,OK,MAP_UPDATE,OK,VISUAL_INERTIAL
3231,1761212632930,7.049355655908585,1.5985845820978284,-63.595227897167206,-0.08544647693634033,0.19447576999664307,-0.0426979660987854,100,OK,MAP_UPDATE,OK,VISUAL_INERTIAL
3232,1761212632947,6.266970653086901,1.6723122680559754,-64.3925592303276,-0.08732706308364868,0.19380627572536469,-0.041830673813819885,100,OK,MAP_UPDATE,OK,VISUAL_INERTIAL
3233,1761212632964,5.26242284104228,1.7909918678924441,-65.13185054063797,-0.0889013260602951,0.1945020854473114,-0.041443441063165665,100,OK,MAP_UPDATE,OK,VISUAL_INERTIAL
3234,1761212632980,4.425336141139269,1.9178478978574276,-65.82030653953552,-0.09049828350543976,0.19590939581394196,-0.04096045717597008,100,OK,MAP_UPDATE,OK,VISUAL_INERTIAL
3235,1761212632997,3.9566420018672943,1.9627045840024948,-66.4125606417656,-0.09213092178106308,0.1967739462852478,-0.04025730490684509,100,OK,MAP_UPDATE,OK,VISUAL_INERTIAL
3236,1761212633014,3.7813899107277393,2.048264956101775,-66.98969751596451,-0.09353377670049667,0.196308434009552,-0.03957933932542801,100,OK,MAP_UPDATE,OK,VISUAL_INERTIAL
3237,1761212633030,3.890724154189229,2.2541452199220657,-67.63096153736115,-0.09497883170843124,0.19460158050060272,-0.03884856030344963,100,OK,MAP_UPDATE,OK,VISUAL_INERTIAL
3238,1761212633047,3.768867114558816,2.2989388089627028,-68.25301051139832,-0.0962018147110939,0.19297553598880768,-0.03802401199936867,100,OK,MAP_UPDATE,OK,VISUAL_INERTIAL
3239,1761212633064,3.7173342425376177,2.3919439408928156,-68.93019378185272,-0.09739631414413452,0.1906924694776535,-0.0372379831969738,100,OK,MAP_UPDATE,OK,VISUAL_INERTIAL
3240,1761212633080,3.9610122330486774,2.4325207341462374,-69.48032230138779,-0.09862401336431503,0.1868724375963211,-0.0364728681743145,100,OK,MAP_UPDATE,OK,VISUAL_INERTIAL
3241,1761212633097,4.294611047953367,2.3363756481558084,-70.11086493730545,-0.09991352260112762,0.1818883866071701,-0.03569622337818146,100,OK,MAP_UPDATE,OK,VISUAL_INERTIAL
3242,1761212633114,3.9431164041161537,2.337508602067828,-70.72724401950836,-0.10129501670598984,0.17733803391456604,-0.03480778634548187,100,OK,MAP_UPDATE,OK,VISUAL_INERTIAL
3243,1761212633130,3.193130251020193,2.4552869144827127,-71.29940390586853,-0.10262252390384674,0.17357923090457916,-0.03376476466655731,100,OK,MAP_UPDATE,OK,VISUAL_INERTIAL
3244,1761212633147,2.4765769485384226,2.5097483303397894,-71.7831701040268,-0.10374274104833603,0.17038549482822418,-0.03249935060739517,100,OK,MAP_UPDATE,OK,VISUAL_INERTIAL
3245,1761212633164,1.5733933541923761,2.488435246050358,-72.14777916669846,-0.10479976236820221,0.16832450032234192,-0.03100520186126232,100,OK,MAP_UPDATE,OK,VISUAL_INERTIAL
3246,1761212633180,0.9653801680542529,2.3506765719503164,-72.43429124355316,-0.10592145472764969,0.16567468643188477,-0.029074503108859062,100,OK,MAP_UPDATE,OK,VISUAL_INERTIAL
3247,1761212633197,1.1567332549020648,2.210665727034211,-72.78915494680405,-0.10728283226490021,0.1605503261089325,-0.026632605120539665,100,OK,MAP_UPDATE,OK,VISUAL_INERTIAL
3248,1761212633214,1.2616065796464682,1.8714673351496458,-73.17545264959335,-0.10871370881795883,0.1544904261827469,-0.023902399465441704,100,OK,MAP_UPDATE,OK,VISUAL_INERTIAL
3249,1761212633230,0.8105156593956053,1.5535030979663134,-73.73727858066559,-0.11043654382228851,0.14963819086551666,-0.021034114062786102,100,OK,MAP_UPDATE,OK,VISUAL_INERTIAL
3250,1761212633247,-0.6370216142386198,0.9442750015296042,-74.48510825634003,-0.11272584646940231,0.14790455996990204,-0.018156342208385468,100,OK,MAP_UPDATE,OK,VISUAL_INERTIAL
3251,1761212633264,-2.8162733651697636,0.13820588355883956,-75.26347041130066,-0.11526850610971451,0.14957837760448456,-0.015355424024164677,100,OK,MAP_UPDATE,OK,VISUAL_INERTIAL
3252,1761212633280,-4.423561040312052,-0.4528902645688504,-76.03979855775833,-0.1171945109963417,0.15107135474681854,-0.012386878952383995,100,OK,MAP_UPDATE,OK,VISUAL_INERTIAL
3253,1761212633297,-4.907178692519665,-0.8927244925871491,-76.86017453670502,-0.11877571046352386,0.14960040152072906,-0.009269780479371548,100,OK,MAP_UPDATE,OK,VISUAL_INERTIAL
3254,1761212633314,-4.867148585617542,-1.1867654975503683,-77.64320075511932,-0.12031576037406921,0.14646583795547485,-0.0065667335875332355,100,OK,MAP_UPDATE,OK,VISUAL_INERTIAL
3255,1761212633330,-4.847270902246237,-1.4421013183891773,-78.42112332582474,-0.12176411598920822,0.14367520809173584,-0.004795701242983341,100,OK,MAP_UPDATE,OK,VISUAL_INERTIAL
3256,1761212633347,-5.015985108911991,-1.2069103540852666,-79.0746808052063,-0.12218303233385086,0.14281773567199707,-0.005197861231863499,100,OK,MAP_UPDATE,OK,VISUAL_INERTIAL
3257,1761212633364,-4.923510365188122,-0.8326364913955331,-79.43156361579895,-0.1221230998635292,0.1427813470363617,-0.00690873060375452,100,OK,MAP_UPDATE,OK,VISUAL_INERTIAL
3258,1761212633381,-4.513965919613838,-0.44937824713997543,-79.43376153707504,-0.1214611828327179,0.14405947923660278,-0.009363999590277672,100,OK,MAP_UPDATE,OK,VISUAL_INERTIAL
3259,1761212633397,-3.5299700684845448,-0.1183145068353042,-79.18089628219604,-0.12055810540914536,0.1460476666688919,-0.012098865583539009,100,OK,MAP_UPDATE,OK,VISUAL_INERTIAL
3260,1761212633414,-1.9847559742629528,0.2994987880811095,-78.59714329242706,-0.11931394785642624,0.14742861688137054,-0.014683066867291927,100,OK,MAP_UPDATE,OK,VISUAL_INERTIAL
3261,1761212633431,0.0470876730105374,0.5227340734563768,-77.8161957859993,-0.11784045398235321,0.14800792932510376,-0.0172286257147789,100,OK,MAP_UPDATE,OK,VISUAL_INERTIAL
3262,1761212633448,2.4975454434752464,0.6830652710050344,-76.90483331680298,-0.11648280173540115,0.14779838919639587,-0.019934827461838722,100,OK,MAP_UPDATE,OK,VISUAL_INERTIAL
3263,1761212633464,4.861338529735804,0.8780385251156986,-75.96642524003983,-0.11501462757587433,0.14757339656352997,-0.022749602794647217,100,OK,MAP_UPDATE,OK,VISUAL_INERTIAL
3264,1761212633480,7.214102428406477,1.1123230215162039,-74.91971552371979,-0.11329380422830582,0.1477433741092682,-0.025510534644126892,100,OK,MAP_UPDATE,OK,VISUAL_INERTIAL
3265,1761212633497,9.366416372358799,1.235619536601007,-73.84015619754791,-0.11164342612028122,0.14775261282920837,-0.028087159618735313,100,OK,MAP_UPDATE,OK,VISUAL_INERTIAL
3266,1761212633514,11.70872151851654,1.3858468737453222,-72.79197126626968,-0.11003835499286652,0.146786630153656,-0.03044511377811432,100,OK,MAP_UPDATE,OK,VISUAL_INERTIAL
3267,1761212633530,13.84053099900484,1.3825730420649052,-71.72814756631851,-0.10843178629875183,0.14572905004024506,-0.03276737034320831,100,OK,MAP_UPDATE,OK,VISUAL_INERTIAL
3268,1761212633547,15.522208996117115,1.391594996675849,-70.74525207281113,-0.10696546733379364,0.14552921056747437,-0.03495914116501808,100,OK,MAP_UPDATE,OK,VISUAL_INERTIAL
3269,1761212633564,16.830598935484886,1.3028641697019339,-69.84542310237885,-0.10558915138244629,0.14590010046958923,-0.03682385012507439,100,OK,MAP_UPDATE,OK,VISUAL_INERTIAL
3270,1761212633580,17.994921654462814,1.2731702299788594,-69.05639916658401,-0.10410325974225998,0.1459868997335434,-0.038350388407707214,100,OK,MAP_UPDATE,OK,VISUAL_INERTIAL
3271,1761212633597,19.050100818276405,1.2507616775110364,-68.2937353849411,-0.1025867611169815,0.1459536999464035,-0.03962341696023941,100,OK,MAP_UPDATE,OK,VISUAL_INERTIAL
3272,1761212633614,19.685162231326103,1.150271506048739,-67.67719238996506,-0.1015765592455864,0.14646482467651367,-0.04056013375520706,100,OK,MAP_UPDATE,OK,VISUAL_INERTIAL
3273,1761212633630,20.074332132935524,0.8943728171288967,-67.22496449947357,-0.10096769779920578,0.14720988273620605,-0.041108716279268265,100,OK,MAP_UPDATE,OK,VISUAL_INERTIAL
3274,1761212633647,20.28682641685009,0.6945694913156331,-66.96649640798569,-0.10055290907621384,0.1479230523109436,-0.04132552072405815,100,OK,MAP_UPDATE,OK,VISUAL_INERTIAL
3275,1761212633664,20.223714411258698,0.48748517292551696,-66.83694571256638,-0.10025399923324585,0.1485147923231125,-0.0411059595644474,100,OK,MAP_UPDATE,OK,VISUAL_INERTIAL
3276,1761212633680,20.038766786456108,0.3241938247811049,-66.77787005901337,-0.1001393049955368,0.14876405894756317,-0.04055207595229149,100,OK,MAP_UPDATE,OK,VISUAL_INERTIAL
3277,1761212633697,19.502442330121994,0.2880578103940934,-66.78058207035065,-0.10013177245855331,0.14937154948711395,-0.039784714579582214,100,OK,MAP_UPDATE,OK,VISUAL_INERTIAL
3278,1761212633714,18.35927739739418,0.2388547727605328,-66.83218479156494,-0.10014884918928146,0.1510564088821411,-0.03881391882896423,100,OK,MAP_UPDATE,OK,VISUAL_INERTIAL
3279,1761212633730,17.11937040090561,0.2787141711451113,-66.93379580974579,-0.10046239197254181,0.1528027206659317,-0.03755749389529228,100,OK,MAP_UPDATE,OK,VISUAL_INERTIAL
3280,1761212633747,15.973031520843506,0.3199074126314372,-67.06927716732025,-0.10091447830200195,0.15381427109241486,-0.03599043935537338,100,OK,MAP_UPDATE,OK,VISUAL_INERTIAL
3281,1761212633764,14.810052700340748,0.3715399361681193,-67.26770102977753,-0.10126359760761261,0.15452885627746582,-0.03427097946405411,100,OK,MAP_UPDATE,OK,VISUAL_INERTIAL
3282,1761212633780,13.37890699505806,0.43352425564080477,-67.40590929985046,-0.10154151916503906,0.1560479998588562,-0.0324767641723156,100,OK,MAP_UPDATE,OK,VISUAL_INERTIAL
3283,1761212633797,11.609151028096676,0.519015418831259,-67.51838326454163,-0.10182918608188629,0.15830251574516296,-0.030659116804599762,100,OK,MAP_UPDATE,OK,VISUAL_INERTIAL
3284,1761212633814,9.859735146164894,0.5535596865229309,-67.58864223957062,-0.10208315402269363,0.16030383110046387,-0.02873932756483555,100,OK,MAP_UPDATE,OK,VISUAL_INERTIAL
3285,1761212633830,8.275107480585575,0.6858474225737154,-67.57253408432007,-0.10217291861772537,0.16204918920993805,-0.02675792947411537,100,OK,MAP_UPDATE,OK,VISUAL_INERTIAL
3286,1761212633847,6.65579317137599,0.9060813463293016,-67.3665776848793,-0.10194087773561478,0.16399352252483368,-0.024745995178818703,100,OK,MAP_UPDATE,OK,VISUAL_INERTIAL
3287,1761212633864,4.870189353823662,1.027789548970759,-66.96929037570953,-0.10149896144866943,0.16655154526233673,-0.02279278077185154,100,OK,MAP_UPDATE,OK,VISUAL_INERTIAL
3288,1761212633880,2.977765630930662,1.0794161353260279,-66.42413139343262,-0.10085507482290268,0.17025798559188843,-0.020945537835359573,100,OK,MAP_UPDATE,OK,VISUAL_INERTIAL
3289,1761212633897,1.1897397926077247,1.17665552534163,-65.62945246696472,-0.09992329776287079,0.17453381419181824,-0.0191585011780262,100,OK,MAP_UPDATE,OK,VISUAL_INERTIAL
3290,1761212633914,-0.3347613092046231,1.3108375715091825,-64.65994566679001,-0.09884704649448395,0.17798098921775818,-0.01726238615810871,100,OK,MAP_UPDATE,OK,VISUAL_INERTIAL
3291,1761212633930,-1.709540607407689,1.4345822855830193,-63.43656778335571,-0.09767879545688629,0.1802545189857483,-0.015274644829332829,100,OK,MAP_UPDATE,OK,VISUAL_INERTIAL
3292,1761212633947,-2.7867755852639675,1.6917880857363343,-62.29269877076149,-0.09647522121667862,0.1829909086227417,-0.01355014555156231,100,OK,MAP_UPDATE,OK,VISUAL_INERTIAL
3293,1761212633964,-4.138792399317026,1.969962613657117,-61.02322041988373,-0.095135897397995,0.18639567494392395,-0.011873127892613411,100,OK,MAP_UPDATE,OK,VISUAL_INERTIAL
3294,1761212633980,-5.565715488046408,2.232261933386326,-59.68346446752548,-0.0937081128358841,0.19019344449043274,-0.010297007858753204,100,OK,MAP_UPDATE,OK,VISUAL_INERTIAL
3295,1761212633997,-6.657455116510391,2.2755274549126625,-58.25980380177498,-0.09207405149936676,0.19343964755535126,-0.008686975575983524,100,OK,MAP_UPDATE,OK,VISUAL_INERTIAL
3296,1761212634014,-7.642723619937897,2.282010857015848,-56.73396587371826,-0.09030407667160034,0.19584263861179352,-0.007046898826956749,100,OK,MAP_UPDATE,OK,VISUAL_INERTIAL
3297,1761212634030,-8.594661019742489,2.39246035926044,-55.25845289230347,-0.0886005163192749,0.19796934723854065,-0.005492452997714281,100,OK,MAP_UPDATE,OK,VISUAL_INERTIAL
3298,1761212634047,-9.551117196679115,2.4435333907604218,-53.77085879445076,-0.0867125615477562,0.2004014402627945,-0.004049127921462059,100,OK,MAP_UPDATE,OK,VISUAL_INERTIAL
3299,1761212634064,-10.679182596504688,2.4418963585048914,-52.31035128235817,-0.08489912748336792,0.2033577412366867,-0.002652308437973261,100,OK,MAP_UPDATE,OK,VISUAL_INERTIAL
3300,1761212634080,-11.81162428110838,2.5753150694072247,-50.796378403902054,-0.08310294151306152,0.20653793215751648,-0.0012770025059580803,100,OK,MAP_UPDATE,OK,VISUAL_INERTIAL
3301,1761212634097,-12.631546705961227,2.8854927513748407,-49.29086193442345,-0.0813998430967331,0.20857957005500793,0.00012437078112270683,100,OK,MAP_UPDATE,OK,VISUAL_INERTIAL
3302,1761212634114,-13.369337655603886,3.0829133465886116,-47.740474343299866,-0.07955113798379898,0.20978091657161713,0.0015615909360349178,100,OK,MAP_UPDATE,OK,VISUAL_INERTIAL
3303,1761212634130,-14.243937097489834,3.204548265784979,-46.29317671060562,-0.07781024277210236,0.2111768275499344,0.002914351411163807,100,OK,MAP_UPDATE,OK,VISUAL_INERTIAL
3304,1761212634147,-15.21345041692257,3.2885114196687937,-44.914886355400085,-0.07613358646631241,0.21343263983726501,0.004158597439527512,100,OK,MAP_UPDATE,OK,VISUAL_INERTIAL
3305,1761212634164,-16.297481954097748,3.223209409043193,-43.54486986994743,-0.07447076588869095,0.21630851924419403,0.005422019399702549,100,OK,MAP_UPDATE,OK,VISUAL_INERTIAL
3306,1761212634180,-17.45711639523506,3.2017589546740055,-42.137954384088516,-0.07288425415754318,0.219369575381279,0.00659197149798274,100,OK,MAP_UPDATE,OK,VISUAL_INERTIAL
3307,1761212634197,-18.209712579846382,3.253496252000332,-40.79034551978111,-0.07123032957315445,0.22155901789665222,0.00773019390180707,100,OK,MAP_UPDATE,OK,VISUAL_INERTIAL
3308,1761212634214,-18.624132499098778,3.276424016803503,-39.39501568675041,-0.0694623738527298,0.22280247509479523,0.008720300160348415,100,OK,MAP_UPDATE,OK,VISUAL_INERTIAL
3309,1761212634230,-18.94269697368145,3.3346081618219614,-38.15503045916557,-0.06789210438728333,0.2240539938211441,0.009409250691533089,100,OK,MAP_UPDATE,OK,VISUAL_INERTIAL
3310,1761212634247,-19.359277561306953,3.44084738753736,-37.0139479637146,-0.0664326548576355,0.22585324943065643,0.009972828440368176,100,OK,MAP_UPDATE,OK,VISUAL_INERTIAL
3311,1761212634264,-19.852695986628532,3.467214060947299,-35.91441363096237,-0.06496736407279968,0.22819316387176514,0.010358956642448902,100,OK,MAP_UPDATE,OK,VISUAL_INERTIAL
3312,1761212634280,-20.183581858873367,3.537400159984827,-34.823279827833176,-0.06355979293584824,0.23059618473052979,0.010557802394032478,100,OK,MAP_UPDATE,OK,VISUAL_INERTIAL
3313,1761212634297,-20.080411806702614,3.7563189398497343,-33.70319679379463,-0.06227117031812668,0.23234440386295319,0.01061619259417057,100,OK,MAP_UPDATE,OK,VISUAL_INERTIAL
3314,1761212634314,-19.801631569862366,3.816294716671109,-32.64255076646805,-0.06083463132381439,0.2329791635274887,0.01052796933799982,100,OK,MAP_UPDATE,OK,VISUAL_INERTIAL
3315,1761212634330,-19.490912556648254,3.845833707600832,-31.523428857326508,-0.05913970246911049,0.23323160409927368,0.010210355743765831,100,OK,MAP_UPDATE,OK,VISUAL_INERTIAL
3316,1761212634347,-19.172420725226402,4.071207717061043,-30.27934953570366,-0.05720582231879234,0.23392462730407715,0.009621371515095234,100,OK,MAP_UPDATE,OK,VISUAL_INERTIAL
3317,1761212634364,-18.89909990131855,4.383515566587448,-28.857560828328133,-0.054955411702394485,0.2357093244791031,0.008736897259950638,100,OK,MAP_UPDATE,OK,VISUAL_INERTIAL
3318,1761212634380,-18.51578988134861,4.59690298885107,-27.11983025074005,-0.05215843766927719,0.23871083557605743,0.007601702120155096,100,OK,MAP_UPDATE,OK,VISUAL_INERTIAL
3319,1761212634397,-17.822174355387688,5.019188392907381,-25.12185275554657,-0.04913244768977165,0.24172216653823853,0.006337158381938934,100,OK,MAP_UPDATE,OK,VISUAL_INERTIAL
3320,1761212634414,-16.59374125301838,5.48076955601573,-22.72496558725834,-0.04566368833184242,0.2436150163412094,0.004908131435513496,100,OK,MAP_UPDATE,OK,VISUAL_INERTIAL
3321,1761212634430,-15.230964869260788,5.87815698236227,-20.00683732330799,-0.04175747185945511,0.24448758363723755,0.0035509932786226273,100,OK,MAP_UPDATE,OK,VISUAL_INERTIAL
3322,1761212634448,-13.739997521042824,6.355585064738989,-16.89833775162697,-0.03737592324614525,0.24576722085475922,0.0019736592657864094,100,OK,MAP_UPDATE,OK,VISUAL_INERTIAL
3323,1761212634464,-12.50691432505846,6.633208133280277,-13.70958425104618,-0.03289150446653366,0.248324915766716,0.0004467485414352268,100,OK,MAP_UPDATE,OK,VISUAL_INERTIAL
3324,1761212634480,-11.389669962227345,6.837112363427877,-10.366990230977535,-0.02817784994840622,0.2517542541027069,-0.00100072065833956,100,OK,MAP_UPDATE,OK,VISUAL_INERTIAL
3325,1761212634497,-10.08033100515604,6.905905902385712,-6.929529365152121,-0.023552987724542618,0.25446817278862,-0.0020883013494312763,100,OK,MAP_UPDATE,OK,VISUAL_INERTIAL
3326,1761212634514,-8.508727885782719,6.952221039682627,-3.5224524326622486,-0.019065219908952713,0.25556862354278564,-0.0028229120653122663,100,OK,MAP_UPDATE,OK,VISUAL_INERTIAL
3327,1761212634530,-6.895510945469141,6.975520867854357,-0.25179481599479914,-0.014769365079700947,0.255144327878952,-0.0032751529943197966,100,OK,MAP_UPDATE,OK,VISUAL_INERTIAL
3328,1761212634547,-5.783567205071449,6.881273351609707,2.9801141936331987,-0.010617249645292759,0.2546766400337219,-0.003479168051853776,100,OK,MAP_UPDATE,OK,VISUAL_INERTIAL
3329,1761212634564,-5.22204302251339,6.775225512683392,5.996413994580507,-0.006639871746301651,0.25522178411483765,-0.003428542520850897,100,OK,MAP_UPDATE,OK,VISUAL_INERTIAL
3330,1761212634581,-5.16034010797739,6.634799763560295,8.806259371340275,-0.002878164639696479,0.25674641132354736,-0.003088342258706689,100,OK,MAP_UPDATE,OK,VISUAL_INERTIAL
3331,1761212634597,-5.545944441109896,6.3476404175162315,11.296155862510204,0.0004667645844165236,0.2584531605243683,-0.0022625832352787256,100,OK,MAP_UPDATE,OK,VISUAL_INERTIAL
3332,1761212634614,-6.113862618803978,6.044041831046343,13.579165562987328,0.0034421023447066545,0.25966158509254456,-0.0009483819012530148,100,OK,MAP_UPDATE,OK,VISUAL_INERTIAL
3333,1761212634631,-6.66845915839076,5.647493060678244,15.56891668587923,0.005961517337709665,0.25945407152175903,0.000731226522475481,100,OK,MAP_UPDATE,OK,VISUAL_INERTIAL
3334,1761212634647,-7.289831060916185,5.09480107575655,17.320558428764343,0.008203295059502125,0.2581092119216919,0.0026609241031110287,100,OK,MAP_UPDATE,OK,VISUAL_INERTIAL
3335,1761212634664,-8.443626575171947,4.648878704756498,18.792329356074333,0.010089173913002014,0.25706082582473755,0.004916643723845482,100,OK,MAP_UPDATE,OK,VISUAL_INERTIAL
3336,1761212634680,-10.281884111464024,4.232629667967558,20.026806741952896,0.011586565524339676,0.25670790672302246,0.007581255864351988,100,OK,MAP_UPDATE,OK,VISUAL_INERTIAL
3337,1761212634697,-12.503037229180336,3.9326027035713196,20.987162366509438,0.012696970254182816,0.2568834125995636,0.010554610751569271,100,OK,MAP_UPDATE,OK,VISUAL_INERTIAL
3338,1761212634714,-15.154807828366756,3.7496285513043404,21.853772923350334,0.013526973314583302,0.25711727142333984,0.013867340981960297,100,OK,MAP_UPDATE,OK,VISUAL_INERTIAL
3339,1761212634730,-17.8973488509655,3.7645113188773394,22.557802498340607,0.014200705103576183,0.2574178874492645,0.01738406904041767,100,OK,MAP_UPDATE,OK,VISUAL_INERTIAL
3340,1761212634747,-20.73821797966957,3.8493466563522816,23.29847775399685,0.014855765737593174,0.25785425305366516,0.02103440649807453,100,OK,MAP_UPDATE,OK,VISUAL_INERTIAL
3341,1761212634764,-23.61869066953659,3.9385943673551083,24.03157576918602,0.015486903488636017,0.25855618715286255,0.02478516288101673,100,OK,MAP_UPDATE,OK,VISUAL_INERTIAL
3342,1761212634781,-26.47167444229126,4.2010219767689705,24.698078632354736,0.01596933603286743,0.259603351354599,0.0284812543541193,100,OK,MAP_UPDATE,OK,VISUAL_INERTIAL
3343,1761212634797,-29.514944180846214,4.6131848357617855,25.38583055138588,0.016273390501737595,0.2612362802028656,0.03219537436962128,100,OK,MAP_UPDATE,OK,VISUAL_INERTIAL
3344,1761212634814,-32.56595879793167,4.69706766307354,26.109907776117325,0.016730939969420433,0.26336222887039185,0.03604331240057945,100,OK,MAP_UPDATE,OK,VISUAL_INERTIAL
3345,1761212634830,-35.385455936193466,4.8653013072907925,26.747720316052437,0.017070583999156952,0.26511335372924805,0.03967283293604851,100,OK,MAP_UPDATE,OK,VISUAL_INERTIAL
3346,1761212634847,-37.85776346921921,5.109785590320826,27.351584285497665,0.017331529408693314,0.26628386974334717,0.04307136684656143,100,OK,MAP_UPDATE,OK,VISUAL_INERTIAL
3347,1761212634864,-40.057700127363205,5.275902338325977,27.998145669698715,0.0176714938133955,0.267071396112442,0.046163905411958694,100,OK,MAP_UPDATE,OK,VISUAL_INERTIAL
3348,1761212634881,-42.024753987789154,5.461694672703743,28.682218864560127,0.01803078129887581,0.26796388626098633,0.04892230033874512,100,OK,MAP_UPDATE,OK,VISUAL_INERTIAL
3349,1761212634899,-43.830566108226776,5.748080555349588,29.27345596253872,0.018342072144150734,0.2690237760543823,0.05126558244228363,100,OK,MAP_UPDATE,OK,VISUAL_INERTIAL
3350,1761212634914,-45.14893516898155,5.938687361776829,29.625179246068,0.018522117286920547,0.2706652879714966,0.05274108797311783,100,OK,MAP_UPDATE,OK,VISUAL_INERTIAL
3351,1761212634930,-46.547990292310715,5.975864827632904,29.88775447010994,0.01859140209853649,0.27324602007865906,0.0539940670132637,100,OK,MAP_UPDATE,OK,VISUAL_INERTIAL
3352,1761212634947,-45.84942013025284,5.831564776599407,30.8598130941391,0.01870635151863098,0.2777194678783417,0.05434444546699524,100,OK,MAP_UPDATE,OK,VISUAL_INERTIAL
3353,1761212634964,-46.560775488615036,5.655187647789717,31.155254691839218,0.01880701817572117,0.2821774184703827,0.05472145602107048,100,OK,MAP_UPDATE,OK,VISUAL_INERTIAL
3354,1761212634980,-47.0077358186245,5.299093667417765,31.33375570178032,0.018929120153188705,0.28708499670028687,0.054898086935281754,100,OK,MAP_UPDATE,OK,VISUAL_INERTIAL
3355,1761212634997,-46.91644757986069,5.2640605717897415,31.589921563863754,0.018958641216158867,0.2917586863040924,0.054682448506355286,100,OK,MAP_UPDATE,OK,VISUAL_INERTIAL
3356,1761212635014,-46.18918150663376,5.337048787623644,31.879782676696777,0.01925962045788765,0.2957867383956909,0.05395740643143654,100,OK,MAP_UPDATE,OK,VISUAL_INERTIAL
3357,1761212635030,-45.270178467035294,5.458341911435127,32.47819468379021,0.020144015550613403,0.29961729049682617,0.05300175026059151,100,OK,MAP_UPDATE,OK,VISUAL_INERTIAL
3358,1761212635047,-44.13916543126106,5.774825345724821,33.592890948057175,0.021714163944125175,0.3021799623966217,0.05218009278178215,100,OK,MAP_UPDATE,OK,VISUAL_INERTIAL
3359,1761212635064,-42.67345741391182,6.215750239789486,35.15344113111496,0.024066608399152756,0.30195730924606323,0.05167510360479355,100,OK,MAP_UPDATE,OK,VISUAL_INERTIAL
3360,1761212635080,-41.274696588516235,6.535800639539957,37.078745663166046,0.02702784352004528,0.2994981110095978,0.05142771080136299,100,OK,MAP_UPDATE,OK,VISUAL_INERTIAL
3361,1761212635097,-40.29974713921547,6.6024609841406345,39.129506796598434,0.030069012194871902,0.29679569602012634,0.05113540589809418,100,OK,MAP_UPDATE,OK,VISUAL_INERTIAL
3362,1761212635114,-39.679281413555145,6.575772073119879,41.04608669877052,0.03276587650179863,0.2952675223350525,0.05027982220053673,100,OK,MAP_UPDATE,OK,VISUAL_INERTIAL
3363,1761212635130,-39.153266698122025,6.417774595320225,42.60154440999031,0.03497986122965813,0.29506346583366394,0.04881833866238594,100,OK,MAP_UPDATE,OK,VISUAL_INERTIAL
3364,1761212635147,-38.35688531398773,6.2707774341106415,43.792665004730225,0.03682176023721695,0.2946607172489166,0.04718785360455513,100,OK,MAP_UPDATE,OK,VISUAL_INERTIAL
3365,1761212635164,-37.3416505753994,6.101903971284628,44.65137422084808,0.038307640701532364,0.2929583489894867,0.045909278094768524,100,OK,MAP_UPDATE,OK,VISUAL_INERTIAL
3366,1761212635180,-36.125071346759796,6.0358247719705105,45.31468078494072,0.039808228611946106,0.28859952092170715,0.04504721239209175,100,OK,MAP_UPDATE,OK,VISUAL_INERTIAL
3367,1761212635197,-34.98852625489235,6.08100788667798,45.763105154037476,0.04105512797832489,0.28175806999206543,0.04455344006419182,100,OK,MAP_UPDATE,OK,VISUAL_INERTIAL
3368,1761212635214,-34.364666789770126,6.03844691067934,45.86855322122574,0.041856735944747925,0.27466124296188354,0.044341444969177246,100,OK,MAP_UPDATE,OK,VISUAL_INERTIAL
3369,1761212635230,-34.423455595970154,5.9426091611385345,45.61901092529297,0.0419129803776741,0.2695809304714203,0.04401203617453575,100,OK,MAP_UPDATE,OK,VISUAL_INERTIAL
3370,1761212635247,-34.746646881103516,5.7592554949223995,45.035406947135925,0.041394658386707306,0.26592913269996643,0.04339222609996796,100,OK,MAP_UPDATE,OK,VISUAL_INERTIAL
3371,1761212635264,-34.75401923060417,5.624386016279459,44.21789199113846,0.04070344939827919,0.2622533440589905,0.042604003101587296,100,OK,MAP_UPDATE,OK,VISUAL_INERTIAL
3372,1761212635280,-34.110844135284424,5.769531242549419,43.40871050953865,0.040223877876996994,0.2559749484062195,0.04186965897679329,100,OK,MAP_UPDATE,OK,VISUAL_INERTIAL
3373,1761212635297,-33.154863864183426,5.890842527151108,42.73727908730507,0.04013978689908981,0.24770402908325195,0.04118040204048157,100,OK,MAP_UPDATE,OK,VISUAL_INERTIAL
3374,1761212635314,-32.77687728404999,5.987178068608046,42.31903329491615,0.040231119841337204,0.24204818904399872,0.04033735394477844,100,OK,MAP_UPDATE,OK,VISUAL_INERTIAL
3375,1761212635330,-32.747816294431686,6.044129375368357,42.22596436738968,0.04059294983744621,0.2402707189321518,0.0390840508043766,100,OK,MAP_UPDATE,OK,VISUAL_INERTIAL
3376,1761212635347,-32.19221904873848,6.026043556630611,42.29564964771271,0.04104642570018768,0.23886239528656006,0.0374598391354084,100,OK,MAP_UPDATE,OK,VISUAL_INERTIAL
3377,1761212635364,-30.267970636487007,6.204967387020588,42.44307801127434,0.04160887375473976,0.23445436358451843,0.03524649888277054,100,OK,MAP_UPDATE,OK,VISUAL_INERTIAL
3378,1761212635380,-27.56592631340027,6.441240664571524,42.57366433739662,0.04237886890769005,0.22751611471176147,0.03255152702331543,100,OK,MAP_UPDATE,OK,VISUAL_INERTIAL
3379,1761212635397,-25.15314146876335,6.652455311268568,42.844079434871674,0.043384749442338943,0.22230388224124908,0.029496606439352036,100,OK,MAP_UPDATE,OK,VISUAL_INERTIAL
3380,1761212635414,-23.289013653993607,6.713566370308399,43.320994824171066,0.04453029856085777,0.2213069349527359,0.026181649416685104,100,OK,MAP_UPDATE,OK,VISUAL_INERTIAL
3381,1761212635430,-21.588606759905815,6.727205123752356,43.8687764108181,0.04561852663755417,0.2234385907649994,0.02268793433904648,100,OK,MAP_UPDATE,OK,VISUAL_INERTIAL
3382,1761212635447,-19.393226131796837,6.678080651909113,44.302456080913544,0.04654403030872345,0.22571666538715363,0.019030798226594925,100,OK,MAP_UPDATE,OK,VISUAL_INERTIAL
3383,1761212635464,-16.421979293227196,6.602246314287186,44.56488415598869,0.047305185347795486,0.2262030690908432,0.015264812856912613,100,OK,MAP_UPDATE,OK,VISUAL_INERTIAL
3384,1761212635480,-12.810376472771168,6.6687315702438354,44.65073719620705,0.0479370653629303,0.22413620352745056,0.011446810327470303,100,OK,MAP_UPDATE,OK,VISUAL_INERTIAL
3385,1761212635497,-9.403910487890244,6.841588765382767,44.65988650918007,0.048448413610458374,0.22228263318538666,0.007709928788244724,100,OK,MAP_UPDATE,OK,VISUAL_INERTIAL
3386,1761212635514,-6.755111739039421,6.938271690160036,44.59859058260918,0.04881264641880989,0.22265715897083282,0.004196840804070234,100,OK,MAP_UPDATE,OK,VISUAL_INERTIAL
3387,1761212635530,-4.413323942571878,6.877069361507893,44.318366795778275,0.04878097400069237,0.22396647930145264,0.0008456542855128646,100,OK,MAP_UPDATE,OK,VISUAL_INERTIAL
3388,1761212635547,-2.052939962595701,6.749518681317568,43.68642717599869,0.0482684001326561,0.22462593019008636,-0.0023458634968847036,100,OK,MAP_UPDATE,OK,VISUAL_INERTIAL
3389,1761212635564,0.4636231460608542,6.712921895086765,42.649514973163605,0.04723038896918297,0.2237427532672882,-0.005435578525066376,100,OK,MAP_UPDATE,OK,VISUAL_INERTIAL
3390,1761212635580,2.8454517014324665,6.712931673973799,41.32767766714096,0.04584638401865959,0.22185340523719788,-0.008412917144596577,100,OK,MAP_UPDATE,OK,VISUAL_INERTIAL
3391,1761212635597,4.994421731680632,6.80454121902585,39.8392453789711,0.04427352175116539,0.22024424374103546,-0.011234505102038383,100,OK,MAP_UPDATE,OK,VISUAL_INERTIAL
3392,1761212635614,6.5200128592550755,6.861567962914705,38.43161463737488,0.04269319027662277,0.22025392949581146,-0.01382115576416254,100,OK,MAP_UPDATE,OK,VISUAL_INERTIAL
3393,1761212635630,7.774345576763153,6.9525642320513725,37.07863762974739,0.041080981492996216,0.2213663011789322,-0.016168856993317604,100,OK,MAP_UPDATE,OK,VISUAL_INERTIAL
3394,1761212635647,9.114275686442852,7.138186600059271,35.692617297172546,0.03944776952266693,0.2223246693611145,-0.01829911582171917,100,OK,MAP_UPDATE,OK,VISUAL_INERTIAL
3395,1761212635664,10.497978888452053,7.424761075526476,34.47847068309784,0.037917360663414,0.22239205241203308,-0.020028654485940933,100,OK,MAP_UPDATE,OK,VISUAL_INERTIAL
3396,1761212635680,11.751309968531132,7.558938581496477,33.36756303906441,0.03661370649933815,0.22146843373775482,-0.021421357989311218,100,OK,MAP_UPDATE,OK,VISUAL_INERTIAL
3397,1761212635697,12.858649715781212,7.827076129615307,32.33214467763901,0.035341717302799225,0.21955473721027374,-0.022546891123056412,100,OK,MAP_UPDATE,OK,VISUAL_INERTIAL
3398,1761212635714,13.668383471667767,8.008773438632488,31.3597209751606,0.034231215715408325,0.21668408811092377,-0.023338526487350464,100,OK,MAP_UPDATE,OK,VISUAL_INERTIAL
3399,1761212635730,13.956091366708279,8.262659423053265,30.64107522368431,0.03327056020498276,0.21420511603355408,-0.023785019293427467,100,OK,MAP_UPDATE,OK,VISUAL_INERTIAL
3400,1761212635747,13.810266740620136,8.355763740837574,30.189750716090202,0.03262091800570488,0.21278052031993866,-0.023860227316617966,100,OK,MAP_UPDATE,OK,VISUAL_INERTIAL
3401,1761212635764,13.437915593385696,8.307624608278275,29.817646369338036,0.03223884105682373,0.21175330877304077,-0.023672113195061684,100,OK,MAP_UPDATE,OK,VISUAL_INERTIAL
3402,1761212635781,13.140632770955563,8.334184065461159,29.624080285429955,0.03198551759123802,0.20999450981616974,-0.02335377223789692,100,OK,MAP_UPDATE,OK,VISUAL_INERTIAL
3403,1761212635797,12.721383944153786,8.387708105146885,29.58843857049942,0.03187067434191704,0.20806796848773956,-0.022740870714187622,100,OK,MAP_UPDATE,OK,VISUAL_INERTIAL
3404,1761212635814,11.942517943680286,8.307725191116333,29.72923032939434,0.031998854130506516,0.20745502412319183,-0.02193271741271019,100,OK,MAP_UPDATE,OK,VISUAL_INERTIAL
3405,1761212635830,10.841064155101776,8.116108365356922,29.993543401360512,0.03224549442529678,0.20796670019626617,-0.02086653746664524,100,OK,MAP_UPDATE,OK,VISUAL_INERTIAL
3406,1761212635847,9.678405709564686,7.92344007641077,30.21591156721115,0.03235362470149994,0.20854061841964722,-0.019573617726564407,100,OK,MAP_UPDATE,OK,VISUAL_INERTIAL
3407,1761212635864,8.62171407788992,7.7848597429692745,30.28082475066185,0.03221236914396286,0.20851927995681763,-0.018134821206331253,100,OK,MAP_UPDATE,OK,VISUAL_INERTIAL
3408,1761212635880,7.485988549888134,7.639077492058277,30.252717435359955,0.03191152587532997,0.20847159624099731,-0.016434352844953537,100,OK,MAP_UPDATE,OK,VISUAL_INERTIAL
3409,1761212635897,6.114745046943426,7.5234039686620235,30.06468154489994,0.03140084445476532,0.20860277116298676,-0.014530288986861706,100,OK,MAP_UPDATE,OK,VISUAL_INERTIAL
3410,1761212635914,4.558898508548737,7.265531923621893,29.75715510547161,0.03079548105597496,0.20881608128547668,-0.012458073906600475,100,OK,MAP_UPDATE,OK,VISUAL_INERTIAL
3411,1761212635930,2.9691841918975115,7.109263446182013,29.295584186911583,0.029922842979431152,0.2089388370513916,-0.010358594357967377,100,OK,MAP_UPDATE,OK,VISUAL_INERTIAL
3412,1761212635947,1.510286470875144,7.115988526493311,28.654733672738075,0.02882344089448452,0.20863744616508484,-0.008309834636747837,100,OK,MAP_UPDATE,OK,VISUAL_INERTIAL
3413,1761212635964,-0.2918560930993408,6.897634360939264,27.88383699953556,0.02771986462175846,0.20724718272686005,-0.006382599472999573,100,OK,MAP_UPDATE,OK,VISUAL_INERTIAL
3414,1761212635980,-1.720829983241856,6.824526935815811,27.10771933197975,0.026517260819673538,0.20601606369018555,-0.004590583499521017,100,OK,MAP_UPDATE,OK,VISUAL_INERTIAL
3415,1761212635997,-3.163569839671254,6.759770214557648,26.271004229784012,0.025230202823877335,0.20578740537166595,-0.0031045922078192234,100,OK,MAP_UPDATE,OK,VISUAL_INERTIAL
3416,1761212636014,-4.517388064414263,6.854849401861429,25.443578138947487,0.023729907348752022,0.20657970011234283,-0.0018703355453908443,100,OK,MAP_UPDATE,OK,VISUAL_INERTIAL
3417,1761212636031,-5.6312233209609985,6.834047380834818,24.43487010896206,0.022128181532025337,0.2078397125005722,-0.0009391941130161285,100,OK,MAP_UPDATE,OK,VISUAL_INERTIAL
3418,1761212636047,-6.540816742926836,6.288762204349041,23.58313836157322,0.020773837342858315,0.20872919261455536,-0.00015040839207358658,100,OK,MAP_UPDATE,OK,VISUAL_INERTIAL
3419,1761212636064,-6.927053909748793,5.958333611488342,22.47762121260166,0.019148563966155052,0.20851632952690125,0.00023270068049896508,100,OK,MAP_UPDATE,OK,VISUAL_INERTIAL
3420,1761212636080,-6.9785695523023605,5.715628620237112,21.207109093666077,0.017398206517100334,0.20771722495555878,0.00034188650897704065,100,OK,MAP_UPDATE,OK,VISUAL_INERTIAL
3421,1761212636097,-7.116213440895081,5.664091091603041,19.900985062122345,0.01561643648892641,0.20729097723960876,0.0003307297301944345,100,OK,MAP_UPDATE,OK,VISUAL_INERTIAL
3422,1761212636114,-7.424557115882635,5.676424130797386,18.620138987898827,0.013991189189255238,0.20830683410167694,0.0002134453534381464,100,OK,MAP_UPDATE,OK,VISUAL_INERTIAL
3423,1761212636130,-7.691342383623123,5.584343336522579,17.479240894317627,0.012480774894356728,0.20986206829547882,4.7951725719030946e-05,100,OK,MAP_UPDATE,OK,VISUAL_INERTIAL
3424,1761212636147,-7.556645665317774,5.637599620968103,16.384882852435112,0.010934350080788136,0.2106408178806305,-0.00014749591355212033,100,OK,MAP_UPDATE,OK,VISUAL_INERTIAL
3425,1761212636164,-7.103592623025179,5.675074178725481,15.407552011311054,0.009639117866754532,0.2100805789232254,-0.0003769467875827104,100,OK,MAP_UPDATE,OK,VISUAL_INERTIAL
3426,1761212636180,-6.582002155482769,5.782035645097494,14.634448103606701,0.008618653751909733,0.2085144966840744,-0.0006138986791484058,100,OK,MAP_UPDATE,OK,VISUAL_INERTIAL
3427,1761212636197,-6.21910160407424,5.918046459555626,14.05180525034666,0.00794388260692358,0.20715731382369995,-0.0007475931197404861,100,OK,MAP_UPDATE,OK,VISUAL_INERTIAL
3428,1761212636214,-6.16851169615984,6.096751429140568,13.830900192260742,0.0077123320661485195,0.20648765563964844,-0.0007587650325149298,100,OK,MAP_UPDATE,OK,VISUAL_INERTIAL
3429,1761212636230,-6.1801522970199585,6.162768695503473,13.94606288522482,0.007967909798026085,0.20593136548995972,-0.0007156047504395247,100,OK,MAP_UPDATE,OK,VISUAL_INERTIAL
3430,1761212636247,-6.129824556410313,6.2346914783120155,14.239511452615261,0.008386810310184956,0.20484507083892822,-0.0005702988710254431,100,OK,MAP_UPDATE,OK,VISUAL_INERTIAL
3431,1761212636264,-5.984735209494829,6.235932931303978,14.676847495138645,0.00893418863415718,0.2028617262840271,-0.0003976565785706043,100,OK,MAP_UPDATE,OK,VISUAL_INERTIAL
3432,1761212636280,-5.779848899692297,6.356499623507261,15.05932118743658,0.009351908229291439,0.19994865357875824,-0.00019113760208711028,100,OK,MAP_UPDATE,OK,VISUAL_INERTIAL
3433,1761212636297,-5.669936072081327,6.427515763789415,15.34317061305046,0.00962104182690382,0.19616281986236572,5.555377356358804e-05,100,OK,MAP_UPDATE,OK,VISUAL_INERTIAL
3434,1761212636314,-5.805762019008398,6.388908717781305,15.467643737792969,0.00975252315402031,0.1925555318593979,0.0003115175059065223,100,OK,MAP_UPDATE,OK,VISUAL_INERTIAL
3435,1761212636330,-6.330178584903479,6.432087626308203,15.527999959886074,0.009682409465312958,0.19087627530097961,0.0005719362525269389,100,OK,MAP_UPDATE,OK,VISUAL_INERTIAL
3436,1761212636347,-7.042978424578905,6.296828389167786,15.358197502791882,0.009479285217821598,0.19063974916934967,0.0008314839215017855,100,OK,MAP_UPDATE,OK,VISUAL_INERTIAL
3437,1761212636364,-7.546604610979557,6.0728625394403934,15.02304058521986,0.009037219919264317,0.19062384963035583,0.0010720673017203808,100,OK,MAP_UPDATE,OK,VISUAL_INERTIAL
3438,1761212636380,-7.713702041655779,5.882518831640482,14.562862925231457,0.008450360968708992,0.18984337151050568,0.0013439428294077516,100,OK,MAP_UPDATE,OK,VISUAL_INERTIAL
3439,1761212636397,-7.726041600108147,5.830524954944849,14.027201570570469,0.007719031535089016,0.1882217675447464,0.0016853820998221636,100,OK,MAP_UPDATE,OK,VISUAL_INERTIAL
3440,1761212636414,-7.763860747218132,5.753087345510721,13.510016724467278,0.007073948625475168,0.18638579547405243,0.0020433308091014624,100,OK,MAP_UPDATE,OK,VISUAL_INERTIAL
3441,1761212636431,-8.045733906328678,5.879070609807968,13.1663354113698,0.006567268632352352,0.18504364788532257,0.0024894208181649446,100,OK,MAP_UPDATE,OK,VISUAL_INERTIAL
3442,1761212636447,-8.600075729191303,6.002756301313639,12.925311923027039,0.006161987315863371,0.184756338596344,0.0031983398366719484,100,OK,MAP_UPDATE,OK,VISUAL_INERTIAL
3443,1761212636464,-9.34508629143238,6.055296864360571,12.823954224586487,0.005982129368931055,0.18512357771396637,0.004100845195353031,100,OK,MAP_UPDATE,OK,VISUAL_INERTIAL
3444,1761212636480,-10.164400562644005,6.100564729422331,12.804942205548286,0.005881425458937883,0.18554045259952545,0.0052494267001748085,100,OK,MAP_UPDATE,OK,VISUAL_INERTIAL
3445,1761212636497,-11.101951822638512,6.128780543804169,12.873255647718906,0.005831948947161436,0.18591205775737762,0.006684124935418367,100,OK,MAP_UPDATE,OK,VISUAL_INERTIAL
3446,1761212636514,-12.074844911694527,6.1073447577655315,13.067381456494331,0.00591324595734477,0.1859624832868576,0.008288184180855751,100,OK,MAP_UPDATE,OK,VISUAL_INERTIAL
3447,1761212636530,-13.113127090036869,6.087724585086107,13.356971554458141,0.0061503625474870205,0.18548032641410828,0.010114937089383602,100,OK,MAP_UPDATE,OK,VISUAL_INERTIAL
3448,1761212636547,-14.278856106102467,6.142336875200272,13.788336887955666,0.00653414148837328,0.18463531136512756,0.012005070224404335,100,OK,MAP_UPDATE,OK,VISUAL_INERTIAL
3449,1761212636564,-15.632731840014458,6.120005156844854,14.31325078010559,0.007146610412746668,0.18384061753749847,0.014057612046599388,100,OK,MAP_UPDATE,OK,VISUAL_INERTIAL
3450,1761212636580,-17.223820090293884,6.071511190384626,14.961371198296547,0.007815291173756123,0.18358507752418518,0.016149723902344704,100,OK,MAP_UPDATE,OK,VISUAL_INERTIAL
3451,1761212636597,-18.94671842455864,6.097968202084303,15.73038101196289,0.008516833186149597,0.18430428206920624,0.018383050337433815,100,OK,MAP_UPDATE,OK,VISUAL_INERTIAL
3452,1761212636614,-18.94671842455864,6.097968202084303,15.73038101196289,0.008516833186149597,0.18430428206920624,0.018383050337433815,100,OK,MAP_UPDATE,OK,VISUAL_INERTIAL
3453,1761212636631,-22.471053525805473,5.881595425307751,17.49955676496029,0.010416326113045216,0.18640892207622528,0.023079078644514084,100,OK,MAP_UPDATE,OK,VISUAL_INERTIAL
3454,1761212636647,-23.963037878274918,5.760564003139734,18.43874901533127,0.01140828151255846,0.18638628721237183,0.02541336789727211,100,OK,MAP_UPDATE,OK,VISUAL_INERTIAL
3455,1761212636664,-25.375759229063988,5.644162651151419,19.3047896027565,0.012494600377976894,0.18515245616436005,0.027873221784830093,100,OK,MAP_UPDATE,OK,VISUAL_INERTIAL
3456,1761212636680,-26.898346841335297,5.534689407795668,20.153263583779335,0.013484915718436241,0.18410664796829224,0.030189452692866325,100,OK,MAP_UPDATE,OK,VISUAL_INERTIAL
3457,1761212636697,-28.62413041293621,5.407033488154411,20.887723192572594,0.014331740327179432,0.1843746155500412,0.03233402967453003,100,OK,MAP_UPDATE,OK,VISUAL_INERTIAL
3458,1761212636714,-30.74759431183338,5.227498710155487,21.613091230392456,0.015060308389365673,0.1870567351579666,0.034283820539712906,100,OK,MAP_UPDATE,OK,VISUAL_INERTIAL
3459,1761212636730,-32.97959640622139,4.967434331774712,22.338641807436943,0.015573959797620773,0.19256561994552612,0.036078665405511856,100,OK,MAP_UPDATE,OK,VISUAL_INERTIAL
3460,1761212636747,-34.580521285533905,4.934754688292742,22.966450080275536,0.015886608511209488,0.19773271679878235,0.03782770410180092,100,OK,MAP_UPDATE,OK,VISUAL_INERTIAL
3461,1761212636764,-35.02831980586052,4.928354639559984,23.4584528952837,0.016285322606563568,0.19902504980564117,0.03920353204011917,100,OK,MAP_UPDATE,OK,VISUAL_INERTIAL
3462,1761212636780,-34.60350260138512,4.995912779122591,23.737968876957893,0.016612820327281952,0.19641408324241638,0.040164172649383545,100,OK,MAP_UPDATE,OK,VISUAL_INERTIAL
3463,1761212636797,-33.91854837536812,5.1528699696063995,23.854518309235573,0.01688665896654129,0.19180095195770264,0.04061828553676605,100,OK,MAP_UPDATE,OK,VISUAL_INERTIAL
3464,1761212636814,-33.59556198120117,5.174732767045498,23.918665945529938,0.017342912033200264,0.18795737624168396,0.04051968827843666,100,OK,MAP_UPDATE,OK,VISUAL_INERTIAL
3465,1761212636830,-33.59031304717064,5.271540023386478,24.06246028840542,0.017798440530896187,0.18587179481983185,0.04004663974046707,100,OK,MAP_UPDATE,OK,VISUAL_INERTIAL
3466,1761212636847,-33.48350152373314,5.234598182141781,24.205856025218964,0.0182891134172678,0.1850864291191101,0.0392613410949707,100,OK,MAP_UPDATE,OK,VISUAL_INERTIAL
3467,1761212636864,-33.02398324012756,5.247320048511028,24.324793368577957,0.01862204261124134,0.1841903179883957,0.038314372301101685,100,OK,MAP_UPDATE,OK,VISUAL_INERTIAL
3468,1761212636880,-32.26777911186218,5.239272024482489,24.33818392455578,0.01886224001646042,0.18272490799427032,0.03733539953827858,100,OK,MAP_UPDATE,OK,VISUAL_INERTIAL
3469,1761212636897,-31.536094844341278,5.247246008366346,24.37824383378029,0.01904786005616188,0.18117424845695496,0.03645714744925499,100,OK,MAP_UPDATE,OK,VISUAL_INERTIAL
3470,1761212636914,-30.845703557133675,5.202272441238165,24.416347965598106,0.01930108852684498,0.17972049117088318,0.03573577105998993,100,OK,MAP_UPDATE,OK,VISUAL_INERTIAL
3471,1761212636930,-30.172565951943398,5.1834057085216045,24.44572001695633,0.019608674570918083,0.17788244783878326,0.035205017775297165,100,OK,MAP_UPDATE,OK,VISUAL_INERTIAL
3472,1761212636947,-29.553785920143127,5.133847240358591,24.472007527947426,0.01994589902460575,0.17549017071723938,0.034841571003198624,100,OK,MAP_UPDATE,OK,VISUAL_INERTIAL
3473,1761212636964,-29.09085340797901,5.026882514357567,24.54620599746704,0.020274264737963676,0.173172265291214,0.03465012460947037,100,OK,MAP_UPDATE,OK,VISUAL_INERTIAL
3474,1761212636980,-28.987254947423935,4.87831374630332,24.559957906603813,0.020492948591709137,0.1716262251138687,0.03457609936594963,100,OK,MAP_UPDATE,OK,VISUAL_INERTIAL
3475,1761212636997,-29.134247452020645,4.636276047676802,24.52126517891884,0.020646430552005768,0.17063501477241516,0.03447442129254341,100,OK,MAP_UPDATE,OK,VISUAL_INERTIAL
3476,1761212637014,-29.02493067085743,4.611177369952202,24.47870373725891,0.02070211060345173,0.1695195734500885,0.034460149705410004,100,OK,MAP_UPDATE,OK,VISUAL_INERTIAL
3477,1761212637030,-28.924591839313507,4.585812799632549,24.411827325820923,0.020725801587104797,0.16784869134426117,0.034485042095184326,100,OK,MAP_UPDATE,OK,VISUAL_INERTIAL
3478,1761212637047,-28.854193165898323,4.348330665379763,24.406813085079193,0.021017279475927353,0.1663602888584137,0.034529343247413635,100,OK,MAP_UPDATE,OK,VISUAL_INERTIAL
3479,1761212637064,-28.881501406431198,4.243392962962389,24.484461173415184,0.021308833733201027,0.16519153118133545,0.03453320264816284,100,OK,MAP_UPDATE,OK,VISUAL_INERTIAL
3480,1761212637080,-28.849026188254356,4.1479612700641155,24.631790816783905,0.021704424172639847,0.163858100771904,0.0344877690076828,100,OK,MAP_UPDATE,OK,VISUAL_INERTIAL
3481,1761212637097,-28.675878420472145,4.100027959793806,24.791287258267403,0.02208700217306614,0.1619882434606552,0.03442297875881195,100,OK,MAP_UPDATE,OK,VISUAL_INERTIAL
3482,1761212637114,-28.42927910387516,4.151668399572372,24.94150772690773,0.022374171763658524,0.15974529087543488,0.03427492827177048,100,OK,MAP_UPDATE,OK,VISUAL_INERTIAL
3483,1761212637130,-28.075771406292915,4.143816884607077,24.99553933739662,0.022627314552664757,0.15693338215351105,0.03404497727751732,100,OK,MAP_UPDATE,OK,VISUAL_INERTIAL
3484,1761212637147,-27.74013765156269,4.170041996985674,24.94695410132408,0.0227621179074049,0.15415768325328827,0.0337497815489769,100,OK,MAP_UPDATE,OK,VISUAL_INERTIAL
3485,1761212637164,-27.823656797409058,4.139523487538099,24.837521836161613,0.022829992696642876,0.15297579765319824,0.033471107482910156,100,OK,MAP_UPDATE,OK,VISUAL_INERTIAL
3486,1761212637180,-28.04291807115078,4.086755681782961,24.78300780057907,0.022848131135106087,0.15307866036891937,0.03325396031141281,100,OK,MAP_UPDATE,OK,VISUAL_INERTIAL
3487,1761212637197,-28.081992641091347,4.096580669283867,24.698209017515182,0.02278628759086132,0.1530943512916565,0.03312937915325165,100,OK,MAP_UPDATE,OK,VISUAL_INERTIAL
3488,1761212637214,-27.750205248594284,4.020633175969124,24.5999526232481,0.022809987887740135,0.15166081488132477,0.0330965481698513,100,OK,MAP_UPDATE,OK,VISUAL_INERTIAL
3489,1761212637230,-27.173204347491264,4.064295440912247,24.445602670311928,0.022668084129691124,0.14809276163578033,0.033087048679590225,100,OK,MAP_UPDATE,OK,VISUAL_INERTIAL
3490,1761212637247,-26.572614908218384,4.139099270105362,24.164393544197083,0.022484777495265007,0.14325372874736786,0.032986897975206375,100,OK,MAP_UPDATE,OK,VISUAL_INERTIAL
3491,1761212637264,-26.411548256874084,4.33353753760457,23.921381682157516,0.022266751155257225,0.13899028301239014,0.032921139150857925,100,OK,MAP_UPDATE,OK,VISUAL_INERTIAL
3492,1761212637280,-26.720022782683372,4.477447830140591,23.661423474550247,0.02204432524740696,0.1369185596704483,0.03291205316781998,100,OK,MAP_UPDATE,OK,VISUAL_INERTIAL
3493,1761212637297,-27.2713303565979,4.646533634513617,23.47039058804512,0.021786538884043694,0.13623173534870148,0.032951902598142624,100,OK,MAP_UPDATE,OK,VISUAL_INERTIAL
3494,1761212637314,-27.701184153556824,4.703718237578869,23.26393872499466,0.021499808877706528,0.13570506870746613,0.03304865211248398,100,OK,MAP_UPDATE,OK,VISUAL_INERTIAL
3495,1761212637330,-27.77094766497612,4.706868901848793,23.117417469620705,0.02124246023595333,0.13515658676624298,0.033080339431762695,100,OK,MAP_UPDATE,OK,VISUAL_INERTIAL
3496,1761212637347,-27.627628296613693,4.771298263221979,22.936560213565826,0.020944206044077873,0.134269580245018,0.03310789912939072,100,OK,MAP_UPDATE,OK,VISUAL_INERTIAL
3497,1761212637364,-27.449103072285652,4.838965367525816,22.801032289862633,0.020684732124209404,0.13322527706623077,0.03305560350418091,100,OK,MAP_UPDATE,OK,VISUAL_INERTIAL
3498,1761212637380,-27.511833235621452,4.855543840676546,22.654356434941292,0.020422687754034996,0.1334933489561081,0.03301819786429405,100,OK,MAP_UPDATE,OK,VISUAL_INERTIAL
3499,1761212637397,-28.153235092759132,4.866850562393665,22.554965689778328,0.020153848454356194,0.13674922287464142,0.03302233666181564,100,OK,MAP_UPDATE,OK,VISUAL_INERTIAL
3500,1761212637414,-28.827393427491188,4.839081317186356,22.449756041169167,0.01984371617436409,0.14221897721290588,0.03302578255534172,100,OK,MAP_UPDATE,OK,VISUAL_INERTIAL
3501,1761212637430,-29.055749997496605,4.796772729605436,22.436242550611496,0.01955287717282772,0.1473618596792221,0.03301992639899254,100,OK,MAP_UPDATE,OK,VISUAL_INERTIAL
3502,1761212637447,-28.70175428688526,4.846546798944473,22.481495514512062,0.019273558631539345,0.15063343942165375,0.03299613296985626,100,OK,MAP_UPDATE,OK,VISUAL_INERTIAL
3503,1761212637464,-27.80546434223652,4.934247117489576,22.514069452881813,0.019153254106640816,0.1508731245994568,0.03292517364025116,100,OK,MAP_UPDATE,OK,VISUAL_INERTIAL
3504,1761212637481,-26.66807360947132,5.02146827057004,22.541841492056847,0.019124584272503853,0.14867189526557922,0.03285602480173111,100,OK,MAP_UPDATE,OK,VISUAL_INERTIAL
3505,1761212637497,-25.998646393418312,5.122696980834007,22.526931017637253,0.019137410447001457,0.14603298902511597,0.03282071277499199,100,OK,MAP_UPDATE,OK,VISUAL_INERTIAL
3506,1761212637514,-26.395387947559357,5.139739718288183,22.484298795461655,0.019097788259387016,0.14659956097602844,0.03288013115525246,100,OK,MAP_UPDATE,OK,VISUAL_INERTIAL
3507,1761212637530,-27.88185141980648,4.96897054836154,22.42937684059143,0.019010448828339577,0.15238846838474274,0.03301362320780754,100,OK,MAP_UPDATE,OK,VISUAL_INERTIAL
3508,1761212637547,-29.35725264251232,4.814391490072012,22.510405629873276,0.018811490386724472,0.16061437129974365,0.03317009657621384,100,OK,MAP_UPDATE,OK,VISUAL_INERTIAL
3509,1761212637564,-29.979458078742027,4.648716188967228,22.66966551542282,0.018608979880809784,0.16777381300926208,0.03331359475851059,100,OK,MAP_UPDATE,OK,VISUAL_INERTIAL
3510,1761212637580,-29.63707223534584,4.59144776687026,22.865580394864082,0.018475938588380814,0.17188885807991028,0.033328063786029816,100,OK,MAP_UPDATE,OK,VISUAL_INERTIAL
3511,1761212637597,-29.12324108183384,4.688323009759188,23.023687303066254,0.01829496957361698,0.17450283467769623,0.03334953635931015,100,OK,MAP_UPDATE,OK,VISUAL_INERTIAL
3512,1761212637614,-29.09504808485508,4.7562215477228165,23.132940754294395,0.018156906589865685,0.17861740291118622,0.03338237106800079,100,OK,MAP_UPDATE,OK,VISUAL_INERTIAL
3513,1761212637630,-29.420316219329834,4.808505065739155,23.271415382623672,0.0180595014244318,0.1842658817768097,0.03336822986602783,100,OK,MAP_UPDATE,OK,VISUAL_INERTIAL
3514,1761212637647,-29.775070026516914,4.765916615724564,23.44510518014431,0.01801646128296852,0.19052426517009735,0.033315613865852356,100,OK,MAP_UPDATE,OK,VISUAL_INERTIAL
3515,1761212637664,-29.877902939915657,4.696973133832216,23.69784191250801,0.018057236447930336,0.19656464457511902,0.03322211280465126,100,OK,MAP_UPDATE,OK,VISUAL_INERTIAL
3516,1761212637680,-29.640018939971924,4.714407958090305,23.98337982594967,0.0181379783898592,0.20130188763141632,0.033059895038604736,100,OK,MAP_UPDATE,OK,VISUAL_INERTIAL
3517,1761212637697,-29.1038416326046,4.744224715977907,24.360416457057,0.018306605517864227,0.20450854301452637,0.0328197255730629,100,OK,MAP_UPDATE,OK,VISUAL_INERTIAL
3518,1761212637714,-28.866151347756386,4.816871602088213,24.672718718647957,0.018456557765603065,0.2085765302181244,0.03259097784757614,100,OK,MAP_UPDATE,OK,VISUAL_INERTIAL
3519,1761212637730,-29.43364530801773,4.92130359634757,25.021227076649666,0.018624143674969673,0.21536150574684143,0.03238321468234062,100,OK,MAP_UPDATE,OK,VISUAL_INERTIAL
3520,1761212637747,-30.253702774643898,4.998364485800266,25.43565444648266,0.018781226128339767,0.2249823808670044,0.03212403878569603,100,OK,MAP_UPDATE,OK,VISUAL_INERTIAL
3521,1761212637764,-31.06582537293434,5.041232798248529,25.983840227127075,0.018947096541523933,0.23631708323955536,0.03185851126909256,100,OK,MAP_UPDATE,OK,VISUAL_INERTIAL
3522,1761212637780,-30.828392133116722,5.1207453943789005,26.721220463514328,0.01899952068924904,0.24789200723171234,0.03150925412774086,100,OK,MAP_UPDATE,OK,VISUAL_INERTIAL
3523,1761212637797,-30.48522025346756,5.296827293932438,27.27816440165043,0.018990788608789444,0.25761210918426514,0.03116321563720703,100,OK,MAP_UPDATE,OK,VISUAL_INERTIAL
3524,1761212637814,-29.89729307591915,5.429310258477926,27.797481045126915,0.0190195944160223,0.2655054032802582,0.030887071043252945,100,OK,MAP_UPDATE,OK,VISUAL_INERTIAL
3525,1761212637830,-29.40743789076805,5.596620962023735,28.166459873318672,0.01898505724966526,0.2727281153202057,0.03076917491853237,100,OK,MAP_UPDATE,OK,VISUAL_INERTIAL
3526,1761212637847,-29.318777844309807,5.612475797533989,28.428509831428528,0.01899075135588646,0.2813950181007385,0.03073999658226967,100,OK,MAP_UPDATE,OK,VISUAL_INERTIAL
3527,1761212637864,-29.819387942552567,5.4821716621518135,28.702156618237495,0.01894347555935383,0.2924809157848358,0.030839890241622925,100,OK,MAP_UPDATE,OK,VISUAL_INERTIAL
3528,1761212637880,-30.49630858004093,5.159150343388319,29.030751436948776,0.01891094446182251,0.30551502108573914,0.03099941462278366,100,OK,MAP_UPDATE,OK,VISUAL_INERTIAL
3529,1761212637897,-31.00217506289482,4.852624610066414,29.366962611675262,0.018781103193759918,0.31877419352531433,0.031117912381887436,100,OK,MAP_UPDATE,OK,VISUAL_INERTIAL
3530,1761212637914,-30.84263578057289,4.82193473726511,29.613355174660683,0.018478335812687874,0.33067643642425537,0.031202470883727074,100,OK,MAP_UPDATE,OK,VISUAL_INERTIAL
3531,1761212637930,-30.470097437500954,5.008367355912924,29.878629371523857,0.01812703348696232,0.3408178985118866,0.031275976449251175,100,OK,MAP_UPDATE,OK,VISUAL_INERTIAL
3532,1761212637947,-30.272165313363075,5.346368998289108,30.211061239242554,0.01769230142235756,0.3509972095489502,0.03140676021575928,100,OK,MAP_UPDATE,OK,VISUAL_INERTIAL
3533,1761212637964,-30.5174570530653,5.754315294325352,30.573295429348946,0.01728866994380951,0.36224526166915894,0.031517572700977325,100,OK,MAP_UPDATE,OK,VISUAL_INERTIAL
3534,1761212637980,-30.95066361129284,6.181692238897085,31.153874471783638,0.01671399548649788,0.3740939795970917,0.03183704614639282,100,OK,MAP_UPDATE,OK,VISUAL_INERTIAL
3535,1761212637997,-31.414251774549484,6.379101425409317,31.546108424663544,0.01631288230419159,0.38563111424446106,0.03193886578083038,100,OK,MAP_UPDATE,OK,VISUAL_INERTIAL
3536,1761212638014,-31.694523990154266,6.242620293051004,31.874336302280426,0.016170062124729156,0.3967338502407074,0.03195435553789139,100,OK,MAP_UPDATE,OK,VISUAL_INERTIAL
3537,1761212638030,-32.114095985889435,6.015418097376823,32.3181189596653,0.016154838725924492,0.4079228639602661,0.03199802711606026,100,OK,MAP_UPDATE,OK,VISUAL_INERTIAL
3538,1761212638047,-32.7465794980526,5.937605630606413,32.7720083296299,0.016046760603785515,0.4202359914779663,0.03203459829092026,100,OK,MAP_UPDATE,OK,VISUAL_INERTIAL
3539,1761212638064,-34.4536155462265,5.404861178249121,33.76183658838272,0.016172436997294426,0.4342800974845886,0.032268326729536057,100,OK,MAP_UPDATE,OK,VISUAL_INERTIAL
3540,1761212638080,-34.77940708398819,5.465590860694647,34.17360037565231,0.015935005620121956,0.45177194476127625,0.03253336250782013,100,OK,MAP_UPDATE,OK,VISUAL_INERTIAL
3541,1761212638097,-34.75518524646759,5.000677425414324,34.733712673187256,0.015995096415281296,0.4689490795135498,0.03272342309355736,100,OK,MAP_UPDATE,OK,VISUAL_INERTIAL
3542,1761212638114,-34.54208001494408,4.913825076073408,35.06224974989891,0.01571623422205448,0.48363375663757324,0.03286086767911911,100,OK,MAP_UPDATE,OK,VISUAL_INERTIAL
3543,1761212638130,-33.922724425792694,5.098927300423384,35.086389631032944,0.015157039277255535,0.4949462413787842,0.03284603729844093,100,OK,MAP_UPDATE,OK,VISUAL_INERTIAL
3544,1761212638147,-33.11640024185181,5.214162636548281,34.88592803478241,0.014659862034022808,0.5024222135543823,0.03275831788778305,100,OK,MAP_UPDATE,OK,VISUAL_INERTIAL
3545,1761212638164,-32.24623203277588,5.506891291588545,34.462474286556244,0.014134654775261879,0.5061626434326172,0.032644208520650864,100,OK,MAP_UPDATE,OK,VISUAL_INERTIAL
3546,1761212638180,-31.62982687354088,5.619213450700045,33.934738487005234,0.013864291831851006,0.5072799921035767,0.032644592225551605,100,OK,MAP_UPDATE,OK,VISUAL_INERTIAL
3547,1761212638197,-31.60303086042404,5.664711818099022,33.656325191259384,0.013742437586188316,0.5081087350845337,0.032773591578006744,100,OK,MAP_UPDATE,OK,VISUAL_INERTIAL
3548,1761212638214,-32.07056224346161,5.610832944512367,33.7398499250412,0.01384830567985773,0.5099800229072571,0.032973408699035645,100,OK,MAP_UPDATE,OK,VISUAL_INERTIAL
3549,1761212638230,-32.626502215862274,5.5906809866428375,34.045737236738205,0.01408013328909874,0.5119150280952454,0.033127788454294205,100,OK,MAP_UPDATE,OK,VISUAL_INERTIAL
3550,1761212638247,-32.89163485169411,5.562617909163237,34.33234989643097,0.014286404475569725,0.5123668909072876,0.03317508101463318,100,OK,MAP_UPDATE,OK,VISUAL_INERTIAL
3551,1761212638264,-32.73213654756546,5.473424680531025,34.50934588909149,0.01445040013641119,0.5116053819656372,0.03304597735404968,100,OK,MAP_UPDATE,OK,VISUAL_INERTIAL
3552,1761212638280,-32.447174191474915,5.427228752523661,34.48278084397316,0.01456337608397007,0.5088706016540527,0.03273657709360123,100,OK,MAP_UPDATE,OK,VISUAL_INERTIAL
3553,1761212638297,-31.573597341775894,5.438016727566719,34.07658636569977,0.014654823578894138,0.5020071268081665,0.03227819502353668,100,OK,MAP_UPDATE,OK,VISUAL_INERTIAL
3554,1761212638314,-30.437719076871872,5.607637111097574,33.29513594508171,0.014678171835839748,0.4903924763202667,0.03180253133177757,100,OK,MAP_UPDATE,OK,VISUAL_INERTIAL
3555,1761212638330,-29.419921338558197,5.7333288714289665,32.36110508441925,0.014776901341974735,0.47554898262023926,0.03136597201228142,100,OK,MAP_UPDATE,OK,VISUAL_INERTIAL
3556,1761212638347,-28.805267065763474,5.769168958067894,31.398337334394455,0.014932270161807537,0.4582867920398712,0.031117552891373634,100,OK,MAP_UPDATE,OK,VISUAL_INERTIAL
3557,1761212638364,-28.5880658775568,5.7604038156569,30.495237559080124,0.015102336183190346,0.4394778907299042,0.03100268915295601,100,OK,MAP_UPDATE,OK,VISUAL_INERTIAL
3558,1761212638380,-27.345215901732445,6.049197632819414,29.363827779889107,0.015157490968704224,0.4207577407360077,0.031114015728235245,100,OK,MAP_UPDATE,OK,VISUAL_INERTIAL
3559,1761212638397,-26.772594079375267,6.080230697989464,28.37284468114376,0.015467211604118347,0.40023478865623474,0.031133659183979034,100,OK,MAP_UPDATE,OK,VISUAL_INERTIAL
3560,1761212638414,-27.808835729956627,5.0429231487214565,27.859823778271675,0.01642673648893833,0.3763717710971832,0.03069857880473137,100,OK,MAP_UPDATE,OK,VISUAL_INERTIAL
3561,1761212638430,-27.266323566436768,5.0616213120520115,27.159858494997025,0.016801070421934128,0.3514769673347473,0.030412068590521812,100,OK,MAP_UPDATE,OK,VISUAL_INERTIAL
3562,1761212638447,-26.95399336516857,5.641724448651075,27.25307270884514,0.017063019797205925,0.3246571123600006,0.03002195805311203,100,OK,MAP_UPDATE,OK,VISUAL_INERTIAL
3563,1761212638464,-25.82523785531521,5.973156541585922,26.53229422867298,0.017400428652763367,0.29869428277015686,0.029725845903158188,100,OK,MAP_UPDATE,OK,VISUAL_INERTIAL
3564,1761212638480,-25.947507470846176,5.988451652228832,25.918923318386078,0.01779613457620144,0.2732084393501282,0.02962367795407772,100,OK,MAP_UPDATE,OK,VISUAL_INERTIAL
3565,1761212638497,-26.63334086537361,5.803891457617283,25.44274553656578,0.018242083489894867,0.2497425228357315,0.02937844954431057,100,OK,MAP_UPDATE,OK,VISUAL_INERTIAL
3566,1761212638514,-28.24002504348755,5.793557967990637,24.831002578139305,0.018473006784915924,0.22724248468875885,0.02882433868944645,100,OK,MAP_UPDATE,OK,VISUAL_INERTIAL
3567,1761212638530,-28.441807255148888,5.538474768400192,24.138933047652245,0.01890520006418228,0.20511110126972198,0.028338443487882614,100,OK,MAP_UPDATE,OK,VISUAL_INERTIAL
3568,1761212638547,-27.640094980597496,4.850621335208416,23.49826507270336,0.01957535743713379,0.1806996911764145,0.027970079332590103,100,OK,MAP_UPDATE,OK,VISUAL_INERTIAL
3569,1761212638564,-26.17877349257469,4.020503256469965,22.58649468421936,0.020242992788553238,0.1542452722787857,0.027402404695749283,100,OK,MAP_UPDATE,OK,VISUAL_INERTIAL
3570,1761212638580,-23.697538301348686,4.058993887156248,21.623702719807625,0.020428089424967766,0.12784333527088165,0.026940813288092613,100,OK,MAP_UPDATE,OK,VISUAL_INERTIAL
3571,1761212638597,-21.886169910430908,4.3991985730826855,20.762871950864792,0.02051214687526226,0.10213325172662735,0.026443757116794586,100,OK,MAP_UPDATE,OK,VISUAL_INERTIAL
3572,1761212638614,-20.76302096247673,4.812940489500761,19.810885190963745,0.0204957015812397,0.07645896077156067,0.026158532127738,100,OK,MAP_UPDATE,OK,VISUAL_INERTIAL
3573,1761212638630,-20.115841180086136,5.147573538124561,19.030919298529625,0.02074526809155941,0.04919571429491043,0.02595329098403454,100,OK,MAP_UPDATE,OK,VISUAL_INERTIAL
3574,1761212638647,-19.50293406844139,5.231321789324284,18.340231850743294,0.02122323215007782,0.021075479686260223,0.025804517790675163,100,OK,MAP_UPDATE,OK,VISUAL_INERTIAL
3575,1761212638664,-18.248604610562325,5.431607365608215,17.764713615179062,0.021664433181285858,-0.007266647648066282,0.025508247315883636,100,OK,MAP_UPDATE,OK,VISUAL_INERTIAL
3576,1761212638680,-16.994435340166092,5.105520598590374,16.976140439510345,0.022471122443675995,-0.03587966412305832,0.025276044383645058,100,OK,MAP_UPDATE,OK,VISUAL_INERTIAL
3577,1761212638697,-16.670623794198036,4.9170865677297115,16.763275489211082,0.02325701341032982,-0.0641489252448082,0.025103993713855743,100,OK,MAP_UPDATE,OK,VISUAL_INERTIAL
3578,1761212638714,-16.484705731272697,4.739962983876467,16.463249921798706,0.024060098454356194,-0.09112777560949326,0.024905601516366005,100,OK,MAP_UPDATE,OK,VISUAL_INERTIAL
3579,1761212638730,-15.958566218614578,4.032440949231386,16.09368622303009,0.025106841698288918,-0.11610881239175797,0.024498945102095604,100,OK,MAP_UPDATE,OK,VISUAL_INERTIAL
3580,1761212638747,-16.1454938352108,3.3481777645647526,15.505547635257244,0.026057779788970947,-0.14011208713054657,0.024157973006367683,100,OK,MAP_UPDATE,OK,VISUAL_INERTIAL
3581,1761212638764,-15.9715935587883,3.3400121610611677,15.128417871892452,0.026592804118990898,-0.1633831262588501,0.023963404819369316,100,OK,MAP_UPDATE,OK,VISUAL_INERTIAL
3582,1761212638780,-16.78253896534443,3.1127177644521,14.212642796337605,0.027119677513837814,-0.18731017410755157,0.023763960227370262,100,OK,MAP_UPDATE,OK,VISUAL_INERTIAL
3583,1761212638797,-15.499621629714966,3.548632375895977,14.361931942403316,0.027157431468367577,-0.20751811563968658,0.023449163883924484,100,OK,MAP_UPDATE,OK,VISUAL_INERTIAL
3584,1761212638814,-14.77843802422285,3.9245719090104103,14.158214442431927,0.027129553258419037,-0.22676964104175568,0.023134170100092888,100,OK,MAP_UPDATE,OK,VISUAL_INERTIAL
3585,1761212638830,-13.935435563325882,4.255115054547787,13.900162652134895,0.02728925459086895,-0.24546122550964355,0.022888220846652985,100,OK,MAP_UPDATE,OK,VISUAL_INERTIAL
3586,1761212638847,-11.591315269470215,4.980496596544981,14.29678313434124,0.02731037698686123,-0.263517290353775,0.022558512166142464,100,OK,MAP_UPDATE,OK,VISUAL_INERTIAL
3587,1761212638864,-10.735445655882359,4.962623119354248,14.4833754748106,0.027759572491049767,-0.2823520302772522,0.022306429222226143,100,OK,MAP_UPDATE,OK,VISUAL_INERTIAL
3588,1761212638880,-9.875706396996975,4.885094705969095,14.635703526437283,0.02824435383081436,-0.30079659819602966,0.022142061963677406,100,OK,MAP_UPDATE,OK,VISUAL_INERTIAL
3589,1761212638897,-9.118403308093548,4.848840646445751,14.620176516473293,0.028682172298431396,-0.31868037581443787,0.02203727327287197,100,OK,MAP_UPDATE,OK,VISUAL_INERTIAL
3590,1761212638914,-8.459050208330154,4.949316848069429,14.448750764131546,0.028938356786966324,-0.3359828293323517,0.021933531388640404,100,OK,MAP_UPDATE,OK,VISUAL_INERTIAL
3591,1761212638930,-8.52606538683176,4.343636333942413,14.156517572700977,0.029543301090598106,-0.35346636176109314,0.021669596433639526,100,OK,MAP_UPDATE,OK,VISUAL_INERTIAL
3592,1761212638947,-8.374020457267761,3.925093449652195,13.918795622885227,0.03011542186141014,-0.37087976932525635,0.021450364962220192,100,OK,MAP_UPDATE,OK,VISUAL_INERTIAL
3593,1761212638964,-7.806327193975449,3.6455171648412943,13.54013942182064,0.030606916174292564,-0.38885754346847534,0.021341221407055855,100,OK,MAP_UPDATE,OK,VISUAL_INERTIAL
3594,1761212638980,-7.138008717447519,3.1397901475429535,13.069032691419125,0.03120804950594902,-0.4075697362422943,0.021147971972823143,100,OK,MAP_UPDATE,OK,VISUAL_INERTIAL
3595,1761212638997,-6.265235599130392,3.1746099703013897,12.882684357464314,0.03150653466582298,-0.4267875552177429,0.021029237657785416,100,OK,MAP_UPDATE,OK,VISUAL_INERTIAL
3596,1761212639014,-5.467645358294249,3.2531109172850847,12.657014653086662,0.03180523216724396,-0.4462682902812958,0.020789917558431625,100,OK,MAP_UPDATE,OK,VISUAL_INERTIAL
3597,1761212639030,-4.544964991509914,3.4426169004291296,12.63031642884016,0.03199603408575058,-0.4656209647655487,0.020552687346935272,100,OK,MAP_UPDATE,OK,VISUAL_INERTIAL
3598,1761212639047,-3.953389823436737,3.3538758289068937,12.481141835451126,0.03234061971306801,-0.4843866527080536,0.020150840282440186,100,OK,MAP_UPDATE,OK,VISUAL_INERTIAL
3599,1761212639064,-3.3779311925172806,3.567907027900219,12.494312599301338,0.03255567327141762,-0.5025738477706909,0.019854744896292686,100,OK,MAP_UPDATE,OK,VISUAL_INERTIAL
3600,1761212639080,-2.7110048104077578,3.9239698089659214,12.496466748416424,0.03278674557805061,-0.5206746459007263,0.019687840715050697,100,OK,MAP_UPDATE,OK,VISUAL_INERTIAL
3601,1761212639097,-1.9831915851682425,4.393607843667269,12.646480463445187,0.0330236554145813,-0.539165198802948,0.019424207508563995,100,OK,MAP_UPDATE,OK,VISUAL_INERTIAL
3602,1761212639114,-1.1474344646558166,4.985795356333256,12.880450114607811,0.033111363649368286,-0.5574655532836914,0.019111981615424156,100,OK,MAP_UPDATE,OK,VISUAL_INERTIAL
3603,1761212639130,-0.5498023820109665,5.422201007604599,13.087385334074497,0.033226169645786285,-0.5751432180404663,0.018891803920269012,100,OK,MAP_UPDATE,OK,VISUAL_INERTIAL
3604,1761212639147,-0.07133814506232738,5.711749196052551,13.0612188950181,0.03332074359059334,-0.5918294191360474,0.018745912238955498,100,OK,MAP_UPDATE,OK,VISUAL_INERTIAL
3605,1761212639164,0.38307704380713403,5.988804157823324,12.966394424438477,0.03340672701597214,-0.6082419157028198,0.01862480863928795,100,OK,MAP_UPDATE,OK,VISUAL_INERTIAL
3606,1761212639180,1.1430054437369108,5.967602599412203,12.599612586200237,0.03376259654760361,-0.6252621412277222,0.018409961834549904,100,OK,MAP_UPDATE,OK,VISUAL_INERTIAL
3607,1761212639197,1.527216867543757,5.921039264649153,12.514305301010609,0.034155525267124176,-0.6423918604850769,0.018325166776776314,100,OK,MAP_UPDATE,OK,VISUAL_INERTIAL
3608,1761212639214,2.558952197432518,5.774714518338442,12.973983772099018,0.03456401452422142,-0.6592755317687988,0.01799760013818741,100,OK,MAP_UPDATE,OK,VISUAL_INERTIAL
3609,1761212639230,2.77645792812109,5.738598760217428,13.200429268181324,0.034896645694971085,-0.6756967902183533,0.017958806827664375,100,OK,MAP_UPDATE,OK,VISUAL_INERTIAL
3610,1761212639247,2.90002953261137,5.639547482132912,13.12909834086895,0.03524487838149071,-0.6904595494270325,0.017898717895150185,100,OK,MAP_UPDATE,OK,VISUAL_INERTIAL
3611,1761212639264,3.3772026654332876,5.410993471741676,13.377386145293713,0.03567938506603241,-0.702938437461853,0.01778586208820343,100,OK,MAP_UPDATE,OK,VISUAL_INERTIAL
3612,1761212639280,4.400103352963924,4.781173542141914,13.74827791005373,0.03627922758460045,-0.7147728800773621,0.017444640398025513,100,OK,MAP_UPDATE,OK,VISUAL_INERTIAL
3613,1761212639297,4.179791547358036,4.891731776297092,13.46146035939455,0.03637342154979706,-0.7259579300880432,0.017468957230448723,100,OK,MAP_UPDATE,OK,VISUAL_INERTIAL
3614,1761212639314,4.298531915992498,5.018087569624186,12.927385047078133,0.036283109337091446,-0.7364985942840576,0.017409509047865868,100,OK,MAP_UPDATE,OK,VISUAL_INERTIAL
3615,1761212639330,4.418388474732637,5.1788873970508575,12.409428134560585,0.03606107831001282,-0.7455806732177734,0.01729714311659336,100,OK,MAP_UPDATE,OK,VISUAL_INERTIAL
3616,1761212639347,4.502363502979279,5.062932148575783,11.724280193448067,0.03583751618862152,-0.7527362704277039,0.01702309027314186,100,OK,MAP_UPDATE,OK,VISUAL_INERTIAL
3617,1761212639364,4.4914474710822105,5.127475596964359,10.999320074915886,0.03552517294883728,-0.7572584748268127,0.01687609776854515,100,OK,MAP_UPDATE,OK,VISUAL_INERTIAL
3618,1761212639380,4.191240761429071,5.269241519272327,10.297187604010105,0.03516814112663269,-0.7590586543083191,0.016864091157913208,100,OK,MAP_UPDATE,OK,VISUAL_INERTIAL
3619,1761212639397,4.0033129043877125,5.387288983911276,9.815733879804611,0.03485586866736412,-0.758725643157959,0.016886575147509575,100,OK,MAP_UPDATE,OK,VISUAL_INERTIAL
3620,1761212639414,3.909117542207241,5.494768265634775,9.4987777993083,0.03465611860156059,-0.7576332688331604,0.016943758353590965,100,OK,MAP_UPDATE,OK,VISUAL_INERTIAL
3621,1761212639430,3.810036461800337,5.640425253659487,9.298963472247124,0.03448187932372093,-0.7552304267883301,0.017043251544237137,100,OK,MAP_UPDATE,OK,VISUAL_INERTIAL
3622,1761212639447,3.624329110607505,5.641988478600979,9.23724751919508,0.03445110842585564,-0.7508100271224976,0.017123468220233917,100,OK,MAP_UPDATE,OK,VISUAL_INERTIAL
3623,1761212639464,3.2921265810728073,5.630927626043558,9.230341762304306,0.03447810187935829,-0.7443423867225647,0.01727251335978508,100,OK,MAP_UPDATE,OK,VISUAL_INERTIAL
3624,1761212639480,2.866950584575534,5.458388011902571,9.172488935291767,0.034544266760349274,-0.7353551983833313,0.01743066869676113,100,OK,MAP_UPDATE,OK,VISUAL_INERTIAL
3625,1761212639497,2.330123446881771,5.310126580297947,9.138566441833973,0.03448953106999397,-0.7235296368598938,0.017689883708953857,100,OK,MAP_UPDATE,OK,VISUAL_INERTIAL
3626,1761212639514,1.7306091031059623,5.043980665504932,9.156392887234688,0.034447092562913895,-0.7092903852462769,0.017951780930161476,100,OK,MAP_UPDATE,OK,VISUAL_INERTIAL
3627,1761212639530,1.138227991759777,4.884812515228987,9.338646195828915,0.034382447600364685,-0.6936438679695129,0.01829259842634201,100,OK,MAP_UPDATE,OK,VISUAL_INERTIAL
3628,1761212639547,0.6043651374056935,4.834875930100679,9.452410973608494,0.03423266485333443,-0.6771020293235779,0.018704066053032875,100,OK,MAP_UPDATE,OK,VISUAL_INERTIAL
3629,1761212639564,0.06635831232415512,4.753298591822386,9.73783154040575,0.034037478268146515,-0.659493625164032,0.018985005095601082,100,OK,MAP_UPDATE,OK,VISUAL_INERTIAL
3630,1761212639580,-0.4610908799804747,4.594926722347736,9.934652596712112,0.03382784128189087,-0.640668511390686,0.01922467350959778,100,OK,MAP_UPDATE,OK,VISUAL_INERTIAL
3631,1761212639597,-0.9869473287835717,4.412845242768526,10.179894044995308,0.0337221696972847,-0.621425986289978,0.019390443339943886,100,OK,MAP_UPDATE,OK,VISUAL_INERTIAL
3632,1761212639614,-1.3156805653125048,4.290667828172445,10.695293545722961,0.03380380943417549,-0.6032769680023193,0.01955466717481613,100,OK,MAP_UPDATE,OK,VISUAL_INERTIAL
3633,1761212639630,-1.554769347421825,4.036120139062405,11.443798430263996,0.03415495529770851,-0.5869120359420776,0.019655345007777214,100,OK,MAP_UPDATE,OK,VISUAL_INERTIAL
3634,1761212639647,-1.8103043548762798,3.7860050797462463,12.308178469538689,0.03456403687596321,-0.5713093876838684,0.019750051200389862,100,OK,MAP_UPDATE,OK,VISUAL_INERTIAL
3635,1761212639664,-2.4543183390051126,3.70412552729249,12.826850637793541,0.03467877209186554,-0.5542099475860596,0.01988525688648224,100,OK,MAP_UPDATE,OK,VISUAL_INERTIAL
3636,1761212639680,-3.788212314248085,2.8670697938650846,12.614487670361996,0.03485548496246338,-0.5342960953712463,0.019873173907399178,100,OK,MAP_UPDATE,OK,VISUAL_INERTIAL
3637,1761212639697,-4.394290968775749,2.760286908596754,12.944524176418781,0.03438163548707962,-0.5115411281585693,0.020159583538770676,100,OK,MAP_UPDATE,OK,VISUAL_INERTIAL
3638,1761212639714,-5.177317652851343,2.8150808066129684,12.78124563395977,0.03375802934169769,-0.4883449971675873,0.020294349640607834,100,OK,MAP_UPDATE,OK,VISUAL_INERTIAL
3639,1761212639730,-6.113932467997074,2.958412282168865,12.401496060192585,0.03328002989292145,-0.4656842350959778,0.020708518102765083,100,OK,MAP_UPDATE,OK,VISUAL_INERTIAL
3640,1761212639747,-6.564915645867586,3.0039430130273104,12.552903965115547,0.032770171761512756,-0.4423528015613556,0.020908815786242485,100,OK,MAP_UPDATE,OK,VISUAL_INERTIAL
3641,1761212639764,-7.674902211874723,2.693264512345195,12.636135332286358,0.03240935876965523,-0.4178297221660614,0.021306611597537994,100,OK,MAP_UPDATE,OK,VISUAL_INERTIAL
3642,1761212639780,-9.991135448217392,2.8320036362856627,12.09973730146885,0.03164691478013992,-0.39167651534080505,0.021963873878121376,100,OK,MAP_UPDATE,OK,VISUAL_INERTIAL
3643,1761212639797,-12.141603976488113,2.660948783159256,11.454131454229355,0.030924811959266663,-0.36293235421180725,0.022482041269540787,100,OK,MAP_UPDATE,OK,VISUAL_INERTIAL
3644,1761212639814,-11.717000044882298,2.57600168697536,12.739945203065872,0.030375609174370766,-0.3307968080043793,0.022770410403609276,100,OK,MAP_UPDATE,OK,VISUAL_INERTIAL
3645,1761212639830,-12.563548050820827,1.978064188733697,12.737712822854519,0.03030441328883171,-0.30072104930877686,0.022879643365740776,100,OK,MAP_UPDATE,OK,VISUAL_INERTIAL
3646,1761212639847,-13.086697086691856,1.6827976796776056,12.986330315470695,0.030302638188004494,-0.272160142660141,0.02326943725347519,100,OK,MAP_UPDATE,OK,VISUAL_INERTIAL
3647,1761212639864,-13.89817614108324,1.2810439802706242,13.480045832693577,0.030352719128131866,-0.24438053369522095,0.023645102977752686,100,OK,MAP_UPDATE,OK,VISUAL_INERTIAL
3648,1761212639880,-14.90115001797676,1.0082769440487027,14.275694265961647,0.030146412551403046,-0.21502643823623657,0.024054041132330894,100,OK,MAP_UPDATE,OK,VISUAL_INERTIAL
3649,1761212639897,-16.227228567004204,1.0337552521377802,14.707936905324459,0.029606837779283524,-0.18433928489685059,0.024490589275956154,100,OK,MAP_UPDATE,OK,VISUAL_INERTIAL
3650,1761212639914,-17.657307907938957,0.654841132927686,15.387747436761856,0.02934846468269825,-0.15404456853866577,0.024806512519717216,100,OK,MAP_UPDATE,OK,VISUAL_INERTIAL
3651,1761212639930,-17.27868989109993,0.39670520345680416,16.421370208263397,0.02905644103884697,-0.12422746419906616,0.024985264986753464,100,OK,MAP_UPDATE,OK,VISUAL_INERTIAL
3652,1761212639947,-17.062388360500336,0.22267764143180102,17.36404560506344,0.028844621032476425,-0.0979151502251625,0.025111276656389236,100,OK,MAP_UPDATE,OK,VISUAL_INERTIAL
3653,1761212639964,-18.4820257127285,0.8091541239991784,18.15159060060978,0.028255384415388107,-0.07529266923666,0.025469474494457245,100,OK,MAP_UPDATE,OK,VISUAL_INERTIAL
3654,1761212639980,-18.603630363941193,1.0263094445690513,18.96253228187561,0.027780806645751,-0.05250371992588043,0.025763483718037605,100,OK,MAP_UPDATE,OK,VISUAL_INERTIAL
3655,1761212639997,-18.976209685206413,1.1288047535344958,19.855517894029617,0.027220742776989937,-0.029106520116329193,0.026169946417212486,100,OK,MAP_UPDATE,OK,VISUAL_INERTIAL
3656,1761212640014,-19.954567775130272,1.0746573098003864,20.486440509557724,0.02665848284959793,-0.004878436680883169,0.026483356952667236,100,OK,MAP_UPDATE,OK,VISUAL_INERTIAL
3657,1761212640030,-21.444639191031456,0.6992295966483653,21.12569659948349,0.026261433959007263,0.019989261403679848,0.02663782238960266,100,OK,MAP_UPDATE,OK,VISUAL_INERTIAL
3658,1761212640047,-22.81099185347557,0.21136719442438334,21.826423704624176,0.026054546236991882,0.04502775892615318,0.026871735230088234,100,OK,MAP_UPDATE,OK,VISUAL_INERTIAL
3659,1761212640064,-23.649392649531364,-0.07453549187630415,22.300809621810913,0.025841716676950455,0.06948861479759216,0.026990549638867378,100,OK,MAP_UPDATE,OK,VISUAL_INERTIAL
3660,1761212640080,-24.418123066425323,-0.4277927801012993,22.976482287049294,0.025734446942806244,0.09367699921131134,0.027229327708482742,100,OK,MAP_UPDATE,OK,VISUAL_INERTIAL
3661,1761212640097,-24.94039386510849,-0.6063311011530459,23.452959954738617,0.02547989971935749,0.11848045140504837,0.02739112637937069,100,OK,MAP_UPDATE,OK,VISUAL_INERTIAL
3662,1761212640114,-25.06130561232567,-0.9819879196584225,24.21271614730358,0.02532123401761055,0.14311295747756958,0.02741788513958454,100,OK,MAP_UPDATE,OK,VISUAL_INERTIAL
3663,1761212640130,-25.643298402428627,-0.9841761784628034,24.93804693222046,0.02502054162323475,0.16684316098690033,0.02765892818570137,100,OK,MAP_UPDATE,OK,VISUAL_INERTIAL
3664,1761212640147,-26.24484896659851,-0.4466608806978911,25.890164077281952,0.024373041465878487,0.19034548103809357,0.027991043403744698,100,OK,MAP_UPDATE,OK,VISUAL_INERTIAL
3665,1761212640164,-26.74569934606552,0.04689157140091993,26.728767901659012,0.023673780262470245,0.21385124325752258,0.0282799880951643,100,OK,MAP_UPDATE,OK,VISUAL_INERTIAL
3666,1761212640180,-27.096977457404137,0.35527109866961837,27.513431385159492,0.023048000410199165,0.2375025600194931,0.02855336293578148,100,OK,MAP_UPDATE,OK,VISUAL_INERTIAL
3667,1761212640197,-27.601730078458786,1.044553704559803,28.025982901453972,0.022167732939124107,0.26173779368400574,0.02896769717335701,100,OK,MAP_UPDATE,OK,VISUAL_INERTIAL
3668,1761212640214,-28.54163385927677,1.4795715687796474,28.576772660017014,0.02136535570025444,0.287133127450943,0.029397835955023766,100,OK,MAP_UPDATE,OK,VISUAL_INERTIAL
3669,1761212640230,-29.729407280683517,1.4302516356110573,29.126327484846115,0.020833784714341164,0.312810480594635,0.029687408357858658,100,OK,MAP_UPDATE,OK,VISUAL_INERTIAL
3670,1761212640247,-30.82135133445263,1.3461692724376917,29.758432880043983,0.02037922292947769,0.3382079005241394,0.030169708654284477,100,OK,MAP_UPDATE,OK,VISUAL_INERTIAL
3671,1761212640264,-30.91650642454624,1.6221781261265278,30.210789293050766,0.019668443128466606,0.3626839220523834,0.03067593090236187,100,OK,MAP_UPDATE,OK,VISUAL_INERTIAL
3672,1761212640280,-31.78514912724495,1.9842919427901506,31.596701592206955,0.0189038198441267,0.3852293789386749,0.030768999829888344,100,OK,MAP_UPDATE,OK,VISUAL_INERTIAL
3673,1761212640297,-32.14820846915245,2.3983516730368137,32.36278146505356,0.018199967220425606,0.4086107015609741,0.030994918197393417,100,OK,MAP_UPDATE,OK,VISUAL_INERTIAL
3674,1761212640314,-33.28524902462959,2.2651883773505688,33.05176645517349,0.017780018970370293,0.4323735535144806,0.031442008912563324,100,OK,MAP_UPDATE,OK,VISUAL_INERTIAL
3675,1761212640330,-34.159399569034576,2.178010530769825,33.856574445962906,0.01743343658745289,0.45662596821784973,0.03167710453271866,100,OK,MAP_UPDATE,OK,VISUAL_INERTIAL
3676,1761212640347,-34.638699144124985,1.8310494488105178,34.49339419603348,0.017178107053041458,0.48062634468078613,0.03192536532878876,100,OK,MAP_UPDATE,OK,VISUAL_INERTIAL
3677,1761212640364,-34.91343930363655,1.3970548752695322,35.20110622048378,0.016922196373343468,0.5042219758033752,0.03218952193856239,100,OK,MAP_UPDATE,OK,VISUAL_INERTIAL
3678,1761212640380,-35.40978580713272,1.1879494413733482,35.99477559328079,0.01650949753820896,0.5277211666107178,0.03231250122189522,100,OK,MAP_UPDATE,OK,VISUAL_INERTIAL
3679,1761212640397,-35.64142808318138,1.1797476327046752,36.78315132856369,0.01594482734799385,0.5513435006141663,0.03244971111416817,100,OK,MAP_UPDATE,OK,VISUAL_INERTIAL
3680,1761212640414,-35.81652790307999,0.8862842805683613,37.37249970436096,0.01557439286261797,0.575393557548523,0.03259642422199249,100,OK,MAP_UPDATE,OK,VISUAL_INERTIAL
3681,1761212640430,-35.873960703611374,0.5970036727376282,38.11457380652428,0.015204732306301594,0.5992637276649475,0.03282851725816727,100,OK,MAP_UPDATE,OK,VISUAL_INERTIAL
3682,1761212640447,-35.68797558546066,0.3347913734614849,38.58368098735809,0.0147806191816926,0.6224311590194702,0.03305511549115181,100,OK,MAP_UPDATE,OK,VISUAL_INERTIAL
3683,1761212640464,-35.35637632012367,0.06369036418618634,38.71620446443558,0.014349819160997868,0.6445072293281555,0.03330282121896744,100,OK,MAP_UPDATE,OK,VISUAL_INERTIAL
3684,1761212640480,-36.108218133449554,-0.7172097102738917,39.687544107437134,0.014358756132423878,0.6631789803504944,0.03337884694337845,100,OK,MAP_UPDATE,OK,VISUAL_INERTIAL
3685,1761212640497,-35.549722611904144,-0.8469536551274359,40.00300168991089,0.014042191207408905,0.6798309087753296,0.03348959982395172,100,OK,MAP_UPDATE,OK,VISUAL_INERTIAL
3686,1761212640514,-34.943416714668274,-0.903885520529002,40.22920876741409,0.013659285381436348,0.6943473815917969,0.03333766385912895,100,OK,MAP_UPDATE,OK,VISUAL_INERTIAL
3687,1761212640530,-34.78891775012016,-0.9844835149124265,40.631428360939026,0.013344520702958107,0.7072346210479736,0.033279117196798325,100,OK,MAP_UPDATE,OK,VISUAL_INERTIAL
3688,1761212640547,-35.07789969444275,-1.218104618601501,41.01167991757393,0.01319786999374628,0.7186236381530762,0.033369217067956924,100,OK,MAP_UPDATE,OK,VISUAL_INERTIAL
3689,1761212640564,-35.35427525639534,-1.359596848487854,41.598666459321976,0.013041561469435692,0.7287998795509338,0.03343721479177475,100,OK,MAP_UPDATE,OK,VISUAL_INERTIAL
3690,1761212640580,-35.66284477710724,-1.534538227133453,41.839148849248886,0.012994052842259407,0.7379534840583801,0.03365820646286011,100,OK,MAP_UPDATE,OK,VISUAL_INERTIAL
3691,1761212640597,-35.94822436571121,-1.7479191301390529,42.215581983327866,0.013018046505749226,0.7457318902015686,0.0338282436132431,100,OK,MAP_UPDATE,OK,VISUAL_INERTIAL
3692,1761212640614,-36.05986759066582,-1.6724327579140663,42.60670393705368,0.012918473221361637,0.7523027658462524,0.03393086418509483,100,OK,MAP_UPDATE,OK,VISUAL_INERTIAL
3693,1761212640630,-36.140985786914825,-1.608578721061349,42.91987046599388,0.012849395163357258,0.7580553293228149,0.033944349735975266,100,OK,MAP_UPDATE,OK,VISUAL_INERTIAL
3694,1761212640647,-36.233559250831604,-1.6292521031573415,43.19310560822487,0.012911350466310978,0.7628836035728455,0.034007832407951355,100,OK,MAP_UPDATE,OK,VISUAL_INERTIAL
3695,1761212640664,-36.89541295170784,-1.5862236032262444,44.02238130569458,0.012866675853729248,0.7651823163032532,0.03356051817536354,100,OK,MAP_UPDATE,OK,VISUAL_INERTIAL
3696,1761212640680,-36.51461750268936,-1.2791644548997283,43.92778500914574,0.01273159496486187,0.7659960985183716,0.03359346464276314,100,OK,MAP_UPDATE,OK,VISUAL_INERTIAL
3697,1761212640697,-36.298494786024094,-1.0797922732308507,43.816275894641876,0.012673281133174896,0.7652687430381775,0.03360811993479729,100,OK,MAP_UPDATE,OK,VISUAL_INERTIAL
3698,1761212640714,-36.17964684963226,-0.9770382894203067,43.700288981199265,0.012702847830951214,0.763521134853363,0.03350870683789253,100,OK,MAP_UPDATE,OK,VISUAL_INERTIAL
3699,1761212640730,-36.00310534238815,-0.8153172675520182,43.39331388473511,0.012720884755253792,0.7597604393959045,0.03334736451506615,100,OK,MAP_UPDATE,OK,VISUAL_INERTIAL
3700,1761212640747,-35.70763021707535,-0.5967651377432048,42.97648370265961,0.012622975744307041,0.7544333934783936,0.03318598493933678,100,OK,MAP_UPDATE,OK,VISUAL_INERTIAL
3701,1761212640763,-35.61090677976608,-0.5187038332223892,42.56517067551613,0.012670498341321945,0.7485486268997192,0.03323176130652428,100,OK,MAP_UPDATE,OK,VISUAL_INERTIAL
3702,1761212640780,-35.59537976980209,-0.4513720341492444,42.2382690012455,0.012736658565700054,0.7426684498786926,0.03326075151562691,100,OK,MAP_UPDATE,OK,VISUAL_INERTIAL
3703,1761212640797,-35.41173413395882,-0.5115162348374724,41.790664196014404,0.012864181771874428,0.7348808646202087,0.03313630074262619,100,OK,MAP_UPDATE,OK,VISUAL_INERTIAL
3704,1761212640814,-34.94324907660484,-0.4706531181000173,40.94865173101425,0.012962987646460533,0.7231634855270386,0.03272302448749542,100,OK,MAP_UPDATE,OK,VISUAL_INERTIAL
3705,1761212640830,-34.41759571433067,-0.37075369618833065,39.87208381295204,0.013009164482355118,0.7084581255912781,0.032232049852609634,100,OK,MAP_UPDATE,OK,VISUAL_INERTIAL
3706,1761212640847,-34.37937796115875,-0.3711963363457471,39.06526044011116,0.013096492737531662,0.6937134861946106,0.03193708881735802,100,OK,MAP_UPDATE,OK,VISUAL_INERTIAL
3707,1761212640864,-34.79071706533432,-0.48103564768098295,38.75994309782982,0.013312669470906258,0.6804343461990356,0.031978070735931396,100,OK,MAP_UPDATE,OK,VISUAL_INERTIAL
3708,1761212640880,-35.12127324938774,-0.44681684812530875,38.47838565707207,0.013502216897904873,0.6680389642715454,0.03210783004760742,100,OK,MAP_UPDATE,OK,VISUAL_INERTIAL
3709,1761212640897,-35.10766848921776,-0.34447191865183413,38.06399926543236,0.013663080520927906,0.6548011898994446,0.03200596943497658,100,OK,MAP_UPDATE,OK,VISUAL_INERTIAL
3710,1761212640914,-34.56122800707817,-0.33571867970749736,37.108324468135834,0.013833465054631233,0.6392361521720886,0.03174634277820587,100,OK,MAP_UPDATE,OK,VISUAL_INERTIAL
3711,1761212640930,-33.22991356253624,-0.06432706140913069,35.60185804963112,0.01376106683164835,0.6206583976745605,0.031259726732969284,100,OK,MAP_UPDATE,OK,VISUAL_INERTIAL
3712,1761212640947,-31.720194965600967,0.716398237273097,34.048937261104584,0.013389397412538528,0.599212646484375,0.030676063150167465,100,OK,MAP_UPDATE,OK,VISUAL_INERTIAL
3713,1761212640963,-32.03476965427399,0.9975910652428865,33.6197055876255,0.013424701988697052,0.5746921300888062,0.030393818393349648,100,OK,MAP_UPDATE,OK,VISUAL_INERTIAL
3714,1761212640982,-32.276805490255356,1.3165592681616545,32.838840037584305,0.01338753942400217,0.5507373213768005,0.03025880642235279,100,OK,MAP_UPDATE,OK,VISUAL_INERTIAL
3715,1761212640997,-31.574755907058716,1.8289487343281507,31.619686633348465,0.013173719868063927,0.5309480428695679,0.03021075576543808,100,OK,MAP_UPDATE,OK,VISUAL_INERTIAL
3716,1761212641013,-31.683389097452164,2.243948169052601,31.05558082461357,0.013151978142559528,0.5091371536254883,0.030121829360723495,100,OK,MAP_UPDATE,OK,VISUAL_INERTIAL
3717,1761212641030,-31.574837863445282,2.9008989222347736,30.63966892659664,0.013128490187227726,0.4871467053890228,0.029894590377807617,100,OK,MAP_UPDATE,OK,VISUAL_INERTIAL
3718,1761212641047,-30.673230066895485,3.4175938926637173,29.870498925447464,0.013278534635901451,0.4647987186908722,0.029692085459828377,100,OK,MAP_UPDATE,OK,VISUAL_INERTIAL
3719,1761212641064,-30.446335673332214,3.4299278631806374,29.113322496414185,0.013718584552407265,0.44114574790000916,0.029485398903489113,100,OK,MAP_UPDATE,OK,VISUAL_INERTIAL
3720,1761212641080,-30.22361360490322,3.442285815253854,28.465885668992996,0.014164614491164684,0.41884395480155945,0.02925918996334076,100,OK,MAP_UPDATE,OK,VISUAL_INERTIAL
3721,1761212641097,-29.33651953935623,3.8282847963273525,27.889788150787354,0.014301074668765068,0.3986082077026367,0.028863199055194855,100,OK,MAP_UPDATE,OK,VISUAL_INERTIAL
3722,1761212641113,-29.417550191283226,3.835258074104786,27.44923159480095,0.014688855037093163,0.3801375925540924,0.028562894091010094,100,OK,MAP_UPDATE,OK,VISUAL_INERTIAL
3723,1761212641130,-30.09624406695366,3.505696076899767,27.178341522812843,0.015371802262961864,0.36308327317237854,0.028518803417682648,100,OK,MAP_UPDATE,OK,VISUAL_INERTIAL
3724,1761212641147,-29.96511198580265,3.4535510931164026,26.522573083639145,0.01583964005112648,0.3472291827201843,0.028555074706673622,100,OK,MAP_UPDATE,OK,VISUAL_INERTIAL
3725,1761212641164,-29.57937680184841,3.4925020299851894,26.171298697590828,0.016176538541913033,0.33087480068206787,0.02846463955938816,100,OK,MAP_UPDATE,OK,VISUAL_INERTIAL
3726,1761212641180,-28.766978532075882,3.64707806147635,25.765489786863327,0.016421737149357796,0.3134893476963043,0.0283417459577322,100,OK,MAP_UPDATE,OK,VISUAL_INERTIAL
3727,1761212641197,-27.855854481458664,3.68881574831903,25.19313432276249,0.016812555491924286,0.29436832666397095,0.028423288837075233,100,OK,MAP_UPDATE,OK,VISUAL_INERTIAL
3728,1761212641214,-27.11011841893196,3.4382452722638845,24.379825219511986,0.01740776002407074,0.27334311604499817,0.028250345960259438,100,OK,MAP_UPDATE,OK,VISUAL_INERTIAL
3729,1761212641230,-26.340937241911888,3.173223929479718,23.707395419478416,0.018020760267972946,0.25166693329811096,0.02799243852496147,100,OK,MAP_UPDATE,OK,VISUAL_INERTIAL
3730,1761212641247,-25.935521349310875,2.9442415107041597,23.12123030424118,0.018580663949251175,0.2299959808588028,0.027766041457653046,100,OK,MAP_UPDATE,OK,VISUAL_INERTIAL
3731,1761212641264,-25.6345234811306,2.3836346808820963,22.767221555113792,0.01932419277727604,0.2088557332754135,0.027622846886515617,100,OK,MAP_UPDATE,OK,VISUAL_INERTIAL
3732,1761212641280,-25.843068957328796,1.7018928192555904,22.354651242494583,0.020146582275629044,0.1869295984506607,0.027538584545254707,100,OK,MAP_UPDATE,OK,VISUAL_INERTIAL
3733,1761212641297,-24.72962625324726,1.3661379925906658,21.780256181955338,0.02083524502813816,0.16472157835960388,0.02758542075753212,100,OK,MAP_UPDATE,OK,VISUAL_INERTIAL
3734,1761212641314,-24.52109567821026,0.7731028599664569,21.275632083415985,0.02169659733772278,0.14059409499168396,0.027370186522603035,100,OK,MAP_UPDATE,OK,VISUAL_INERTIAL
3735,1761212641330,-23.84926937520504,0.36591716343536973,20.695773884654045,0.022507386282086372,0.11633826792240143,0.02718374691903591,100,OK,MAP_UPDATE,OK,VISUAL_INERTIAL
3736,1761212641347,-23.127542808651924,0.27620402397587895,20.29280737042427,0.023199645802378654,0.09110389649868011,0.02694288082420826,100,OK,MAP_UPDATE,OK,VISUAL_INERTIAL
3737,1761212641364,-21.80531807243824,0.2921620034612715,20.19156515598297,0.023892097175121307,0.06590190529823303,0.026652483269572258,100,OK,MAP_UPDATE,OK,VISUAL_INERTIAL
3738,1761212641380,-20.243018865585327,0.5959627451375127,19.789142534136772,0.024397708475589752,0.03954074904322624,0.026432329788804054,100,OK,MAP_UPDATE,OK,VISUAL_INERTIAL
3739,1761212641397,-20.242709666490555,0.22211173200048506,19.63125355541706,0.025297001004219055,0.0119224414229393,0.025913674384355545,100,OK,MAP_UPDATE,OK,VISUAL_INERTIAL
3740,1761212641413,-19.438276067376137,0.34725916339084506,19.122879952192307,0.025870518758893013,-0.014988891780376434,0.025658898055553436,100,OK,MAP_UPDATE,OK,VISUAL_INERTIAL
3741,1761212641430,-18.588483333587646,0.49678701907396317,18.64791475236416,0.02643754333257675,-0.04241093993186951,0.025329485535621643,100,OK,MAP_UPDATE,OK,VISUAL_INERTIAL
3742,1761212641447,-17.395928502082825,0.34153505112044513,18.207872286438942,0.02713787741959095,-0.07013581693172455,0.024876682087779045,100,OK,MAP_UPDATE,OK,VISUAL_INERTIAL
3743,1761212641463,-16.157789155840874,0.6528972880914807,17.801593989133835,0.027478117495775223,-0.09714491665363312,0.024568554013967514,100,OK,MAP_UPDATE,OK,VISUAL_INERTIAL
3744,1761212641480,-15.571169555187225,0.7842962513677776,17.176741734147072,0.027774721384048462,-0.12341080605983734,0.024258550256490707,100,OK,MAP_UPDATE,OK,VISUAL_INERTIAL
3745,1761212641497,-15.571169555187225,0.7842962513677776,17.176741734147072,0.027774721384048462,-0.12341080605983734,0.024258550256490707,100,OK,MAP_UPDATE,OK,VISUAL_INERTIAL
3746,1761212641514,-15.6780444085598,0.7289345376193523,15.92867262661457,0.028106437996029854,-0.16874787211418152,0.023877350613474846,100,OK,MAP_UPDATE,OK,VISUAL_INERTIAL
3747,1761212641530,-15.6780444085598,0.7289345376193523,15.92867262661457,0.028106437996029854,-0.16874787211418152,0.023877350613474846,100,OK,MAP_UPDATE,OK,VISUAL_INERTIAL
3748,1761212641547,-17.44217425584793,0.6836444372311234,13.761386275291443,0.027880575507879257,-0.20490498840808868,0.023689784109592438,100,OK,MAP_UPDATE,OK,VISUAL_INERTIAL
3749,1761212641563,-11.64143905043602,1.5780868707224727,14.890098944306374,0.027453674003481865,-0.2158653289079666,0.023662734776735306,100,OK,MAP_UPDATE,OK,VISUAL_INERTIAL
3750,1761212641580,-11.980515904724598,1.5072296373546124,14.351707883179188,0.027465056627988815,-0.23020939528942108,0.02351672388613224,100,OK,MAP_UPDATE,OK,VISUAL_INERTIAL
3751,1761212641597,-11.594624258577824,1.504108658991754,13.963280245661736,0.027646569535136223,-0.24516668915748596,0.0233396477997303,100,OK,MAP_UPDATE,OK,VISUAL_INERTIAL
3752,1761212641613,-10.591834783554077,1.6294594388455153,13.753224164247513,0.028009064495563507,-0.26195526123046875,0.023127159103751183,100,OK,MAP_UPDATE,OK,VISUAL_INERTIAL
3753,1761212641630,-9.856509976089,1.4235011767596006,13.832096941769123,0.028764821588993073,-0.2808871567249298,0.022848643362522125,100,OK,MAP_UPDATE,OK,VISUAL_INERTIAL
3754,1761212641647,-8.520136587321758,1.7172025982290506,14.517408795654774,0.029223378747701645,-0.2999209761619568,0.02262701839208603,100,OK,MAP_UPDATE,OK,VISUAL_INERTIAL
3755,1761212641663,-7.710217963904142,1.1785171227529645,14.55138623714447,0.029989060014486313,-0.31954705715179443,0.022423896938562393,100,OK,MAP_UPDATE,OK,VISUAL_INERTIAL
3756,1761212641680,-7.177548483014107,1.084309769794345,14.331483282148838,0.030474741011857986,-0.33881106972694397,0.022368911653757095,100,OK,MAP_UPDATE,OK,VISUAL_INERTIAL
3757,1761212641697,-6.456837989389896,0.9289527079090476,14.15735948830843,0.03097706474363804,-0.3581774830818176,0.022251630201935768,100,OK,MAP_UPDATE,OK,VISUAL_INERTIAL
3758,1761212641713,-5.773962941020727,0.7903578225523233,14.13863617926836,0.03147954121232033,-0.3777426481246948,0.022090692073106766,100,OK,MAP_UPDATE,OK,VISUAL_INERTIAL
3759,1761212641730,-5.413975566625595,0.7066061953082681,14.18318971991539,0.03196100890636444,-0.39743873476982117,0.02204815298318863,100,OK,MAP_UPDATE,OK,VISUAL_INERTIAL
3760,1761212641747,-5.086407996714115,1.1152682127431035,14.432377181947231,0.032115016132593155,-0.41663113236427307,0.02180808037519455,100,OK,MAP_UPDATE,OK,VISUAL_INERTIAL
3761,1761212641763,-4.873703699558973,1.479143276810646,14.252984896302223,0.0321115106344223,-0.4344819486141205,0.021598638966679573,100,OK,MAP_UPDATE,OK,VISUAL_INERTIAL
3762,1761212641780,-4.65858681127429,1.6998954815790057,14.100881293416023,0.03217531740665436,-0.4510936439037323,0.021410729736089706,100,OK,MAP_UPDATE,OK,VISUAL_INERTIAL
3763,1761212641797,-4.290036857128143,2.2292849607765675,13.623091392219067,0.032148122787475586,-0.4666803479194641,0.021298320963978767,100,OK,MAP_UPDATE,OK,VISUAL_INERTIAL
3764,1761212641813,-3.9588878862559795,2.6096391957253218,13.16345576196909,0.032113537192344666,-0.4812110960483551,0.02115233615040779,100,OK,MAP_UPDATE,OK,VISUAL_INERTIAL
3765,1761212641830,-3.7627997808158398,2.7351793833076954,12.757611460983753,0.032208699733018875,-0.495085746049881,0.020807145163416862,100,OK,MAP_UPDATE,OK,VISUAL_INERTIAL
3766,1761212641847,-3.441460896283388,2.85195279866457,12.472082860767841,0.0323655940592289,-0.5085411071777344,0.02055506408214569,100,OK,MAP_UPDATE,OK,VISUAL_INERTIAL
3767,1761212641864,-2.9417374171316624,2.8927691746503115,12.384914793074131,0.032634999603033066,-0.5215469598770142,0.020339926704764366,100,OK,MAP_UPDATE,OK,VISUAL_INERTIAL
3768,1761212641880,-2.6498602237552404,2.846842398867011,12.24981714040041,0.033009324222803116,-0.533711314201355,0.020209819078445435,100,OK,MAP_UPDATE,OK,VISUAL_INERTIAL
3769,1761212641897,-2.58034304715693,2.8292739298194647,12.185010127723217,0.0332675576210022,-0.5443336367607117,0.020145757123827934,100,OK,MAP_UPDATE,OK,VISUAL_INERTIAL
3770,1761212641913,-1.6630995087325573,2.5274341460317373,12.119538150727749,0.033538997173309326,-0.552130401134491,0.019854852929711342,100,OK,MAP_UPDATE,OK,VISUAL_INERTIAL
3771,1761212641930,-2.107454463839531,2.4238708429038525,11.543826200067997,0.033446040004491806,-0.5569449067115784,0.019697559997439384,100,OK,MAP_UPDATE,OK,VISUAL_INERTIAL
3772,1761212641947,-2.6243787724524736,2.2745467722415924,10.78832522034645,0.03317556530237198,-0.5573923587799072,0.019654711708426476,100,OK,MAP_UPDATE,OK,VISUAL_INERTIAL
3773,1761212641963,-3.0423998832702637,2.2209156304597855,10.079116560518742,0.03269088268280029,-0.554253876209259,0.019695894792675972,100,OK,MAP_UPDATE,OK,VISUAL_INERTIAL
3774,1761212641980,-3.4184418618679047,2.1783243864774704,9.587259963154793,0.03216542676091194,-0.5478962063789368,0.019793827086687088,100,OK,MAP_UPDATE,OK,VISUAL_INERTIAL
3775,1761212641997,-3.9390339516103268,1.9169185543432832,9.155957959592342,0.03191886842250824,-0.5390611290931702,0.019799457862973213,100,OK,MAP_UPDATE,OK,VISUAL_INERTIAL
3776,1761212642014,-4.45495406165719,1.8981340108439326,8.865226060152054,0.03171268105506897,-0.5282909274101257,0.020004156976938248,100,OK,MAP_UPDATE,OK,VISUAL_INERTIAL
3777,1761212642030,-4.980505909770727,1.8139630556106567,8.798683993518353,0.03160284832119942,-0.5159456729888916,0.02035762369632721,100,OK,MAP_UPDATE,OK,VISUAL_INERTIAL
3778,1761212642047,-5.875639151781797,1.8224918749183416,8.7660513818264,0.03126688674092293,-0.5010277032852173,0.0208344254642725,100,OK,MAP_UPDATE,OK,VISUAL_INERTIAL
3779,1761212642063,-8.765890263020992,1.3394170673564076,7.861118763685226,0.03099781647324562,-0.48382464051246643,0.021517474204301834,100,OK,MAP_UPDATE,OK,VISUAL_INERTIAL
3780,1761212642080,-7.812514901161194,1.7392714507877827,8.422000333666801,0.02992190048098564,-0.46031543612480164,0.02185940556228161,100,OK,MAP_UPDATE,OK,VISUAL_INERTIAL
3781,1761212642097,-8.777834475040436,1.6913971630856395,8.390097878873348,0.0290472861379385,-0.43575429916381836,0.022317925468087196,100,OK,MAP_UPDATE,OK,VISUAL_INERTIAL
3782,1761212642113,-9.87476296722889,1.299675670452416,8.437042124569416,0.028594544157385826,-0.4110611379146576,0.02287566103041172,100,OK,MAP_UPDATE,OK,VISUAL_INERTIAL
3783,1761212642130,-10.53760014474392,1.1986265890300274,9.092460386455059,0.02821861021220684,-0.38752543926239014,0.02341177873313427,100,OK,MAP_UPDATE,OK,VISUAL_INERTIAL
3784,1761212642147,-10.804122313857079,1.0999677469953895,9.764197282493114,0.027962759137153625,-0.3653852343559265,0.024057218804955482,100,OK,MAP_UPDATE,OK,VISUAL_INERTIAL
3785,1761212642163,-10.898818261921406,0.9755706996656954,10.418280027806759,0.027737343683838844,-0.3444598913192749,0.02445962466299534,100,OK,MAP_UPDATE,OK,VISUAL_INERTIAL
3786,1761212642180,-10.755044408142567,0.7084548706188798,11.294019408524036,0.027567099779844284,-0.3232879936695099,0.024689098820090294,100,OK,MAP_UPDATE,OK,VISUAL_INERTIAL
3787,1761212642197,-10.58067474514246,0.5463859415613115,11.81836798787117,0.02731463685631752,-0.302758127450943,0.024850117042660713,100,OK,MAP_UPDATE,OK,VISUAL_INERTIAL
3788,1761212642214,-11.627417989075184,0.2884231216739863,11.878847144544125,0.027039458975195885,-0.28444910049438477,0.02495885267853737,100,OK,MAP_UPDATE,OK,VISUAL_INERTIAL
3789,1761212642230,-11.952503584325314,0.05393390529206954,12.076501734554768,0.02689347043633461,-0.2673766314983368,0.02509012073278427,100,OK,MAP_UPDATE,OK,VISUAL_INERTIAL
3790,1761212642247,-12.102716602385044,-0.06114655843703076,12.384085915982723,0.026704495772719383,-0.2515479028224945,0.02514617331326008,100,OK,MAP_UPDATE,OK,VISUAL_INERTIAL
3791,1761212642263,-12.435095384716988,-0.047695757530163974,12.611868791282177,0.026547998189926147,-0.23788096010684967,0.025330837815999985,100,OK,MAP_UPDATE,OK,VISUAL_INERTIAL
3792,1761212642280,-12.59614061564207,-0.19127178529743105,12.97944039106369,0.026550060138106346,-0.22600029408931732,0.025441106408834457,100,OK,MAP_UPDATE,OK,VISUAL_INERTIAL
3793,1761212642297,-13.01821880042553,-0.6151341367512941,13.45789898186922,0.026708412915468216,-0.21488770842552185,0.02544236369431019,100,OK,MAP_UPDATE,OK,VISUAL_INERTIAL
3794,1761212642313,-13.859827071428299,-1.015394926071167,13.83159402757883,0.026721421629190445,-0.20313961803913116,0.025377899408340454,100,OK,MAP_UPDATE,OK,VISUAL_INERTIAL
3795,1761212642330,-14.860514551401138,-1.242927392013371,13.940993696451187,0.02655140310525894,-0.18978513777256012,0.025382280349731445,100,OK,MAP_UPDATE,OK,VISUAL_INERTIAL
3796,1761212642347,-15.937618911266327,-1.1472029145807028,13.887380249798298,0.02618064358830452,-0.17534758150577545,0.02549070678651333,100,OK,MAP_UPDATE,OK,VISUAL_INERTIAL
3797,1761212642364,-16.524776816368103,-0.9850127389654517,13.976267538964748,0.025877349078655243,-0.16034086048603058,0.025601129978895187,100,OK,MAP_UPDATE,OK,VISUAL_INERTIAL
3798,1761212642380,-16.88709482550621,-0.8844130206853151,14.348633587360382,0.025766676291823387,-0.1463426649570465,0.025688474997878075,100,OK,MAP_UPDATE,OK,VISUAL_INERTIAL
3799,1761212642397,-17.256824299693108,-0.8813005406409502,14.87606018781662,0.02572767622768879,-0.13210561871528625,0.025847777724266052,100,OK,MAP_UPDATE,OK,VISUAL_INERTIAL
3800,1761212642413,-18.409861251711845,-0.6746134604327381,15.24378638714552,0.02546338364481926,-0.11597555130720139,0.02612045407295227,100,OK,MAP_UPDATE,OK,VISUAL_INERTIAL
3801,1761212642430,-20.59710957109928,-0.8100899867713451,15.484645962715149,0.025139009580016136,-0.09481318295001984,0.02655077911913395,100,OK,MAP_UPDATE,OK,VISUAL_INERTIAL
3802,1761212642447,-23.90209026634693,-1.2987967347726226,15.391880646348,0.024810437113046646,-0.06821613758802414,0.026942960917949677,100,OK,MAP_UPDATE,OK,VISUAL_INERTIAL
3803,1761212642463,-26.340167969465256,-2.1694463212043047,15.585844404995441,0.024824317544698715,-0.03825237601995468,0.027278365567326546,100,OK,MAP_UPDATE,OK,VISUAL_INERTIAL
3804,1761212642480,-27.293631806969643,-2.3137307725846767,16.099391505122185,0.024571504443883896,-0.010403463616967201,0.027665726840496063,100,OK,MAP_UPDATE,OK,VISUAL_INERTIAL
3805,1761212642497,-26.90884657204151,-2.2555149625986814,17.019815742969513,0.024347465485334396,0.012449907138943672,0.027929207310080528,100,OK,MAP_UPDATE,OK,VISUAL_INERTIAL
3806,1761212642513,-25.641219690442085,-2.002650871872902,18.321415409445763,0.024204276502132416,0.03032187931239605,0.028187401592731476,100,OK,MAP_UPDATE,OK,VISUAL_INERTIAL
3807,1761212642530,-23.969445377588272,-1.9674738869071007,19.437722861766815,0.024263547733426094,0.045145440846681595,0.028395870700478554,100,OK,MAP_UPDATE,OK,VISUAL_INERTIAL
3808,1761212642547,-23.120688274502754,-1.6851014224812388,20.59898152947426,0.024154499173164368,0.058328647166490555,0.02859634719789028,100,OK,MAP_UPDATE,OK,VISUAL_INERTIAL
3809,1761212642563,-22.051259875297546,-1.5534128760918975,21.572453901171684,0.024167457595467567,0.07052166759967804,0.02873476967215538,100,OK,MAP_UPDATE,OK,VISUAL_INERTIAL
3810,1761212642580,-21.360136568546295,-1.3496987521648407,22.29001373052597,0.0241094958037138,0.0798095315694809,0.02892303839325905,100,OK,MAP_UPDATE,OK,VISUAL_INERTIAL
3811,1761212642597,-21.73161506652832,-1.0425674263387918,22.85560593008995,0.023972146213054657,0.0845048576593399,0.0290484968572855,100,OK,MAP_UPDATE,OK,VISUAL_INERTIAL
3812,1761212642613,-21.380092948675156,-0.8253485430032015,23.007092997431755,0.023837922140955925,0.0861174464225769,0.02919209934771061,100,OK,MAP_UPDATE,OK,VISUAL_INERTIAL
3813,1761212642630,-20.892154425382614,-0.6693354807794094,23.137230426073074,0.02376583218574524,0.08571269363164902,0.02925666607916355,100,OK,MAP_UPDATE,OK,VISUAL_INERTIAL
3814,1761212642647,-20.768772810697556,-0.5347299156710505,23.10681715607643,0.023724716156721115,0.08434340357780457,0.029303787276148796,100,OK,MAP_UPDATE,OK,VISUAL_INERTIAL
3815,1761212642663,-21.03560045361519,-0.48458712990395725,22.928837686777115,0.023711849004030228,0.08243416249752045,0.029267041012644768,100,OK,MAP_UPDATE,OK,VISUAL_INERTIAL
3816,1761212642680,-21.61857858300209,-0.42536042747087777,22.67579920589924,0.023708321154117584,0.08009520173072815,0.02925165556371212,100,OK,MAP_UPDATE,OK,VISUAL_INERTIAL
3817,1761212642697,-22.165920585393906,-0.44563162373378873,22.383691743016243,0.023783644661307335,0.0773892030119896,0.029186958447098732,100,OK,MAP_UPDATE,OK,VISUAL_INERTIAL
3818,1761212642713,-22.756654769182205,-0.5683413473889232,22.012587636709213,0.02391665056347847,0.07404179871082306,0.029071751981973648,100,OK,MAP_UPDATE,OK,VISUAL_INERTIAL
3819,1761212642730,-23.026909679174423,-0.6709733279421926,21.766014397144318,0.02410096302628517,0.06989948451519012,0.02897816151380539,100,OK,MAP_UPDATE,OK,VISUAL_INERTIAL
3820,1761212642747,-23.15945364534855,-0.7601556135341525,21.533900871872902,0.024254554882645607,0.065353624522686,0.028851406648755074,100,OK,MAP_UPDATE,OK,VISUAL_INERTIAL
3821,1761212642763,-23.544982075691223,-0.8722083875909448,21.25547081232071,0.024354558438062668,0.061658572405576706,0.028646143153309822,100,OK,MAP_UPDATE,OK,VISUAL_INERTIAL
3822,1761212642780,-24.257399141788483,-0.9535235585644841,20.986471325159073,0.024357140064239502,0.059712860733270645,0.028550004586577415,100,OK,MAP_UPDATE,OK,VISUAL_INERTIAL
3823,1761212642797,-24.990618228912354,-1.0190982138738036,20.72848752140999,0.024294840171933174,0.05920932814478874,0.028476271778345108,100,OK,MAP_UPDATE,OK,VISUAL_INERTIAL
3824,1761212642813,-25.516122579574585,-1.031902153044939,20.439090207219124,0.02419332042336464,0.059147417545318604,0.028416337445378304,100,OK,MAP_UPDATE,OK,VISUAL_INERTIAL
3825,1761212642830,-25.662142783403397,-1.006114180199802,20.281992852687836,0.024130867794156075,0.058671921491622925,0.028359463438391685,100,OK,MAP_UPDATE,OK,VISUAL_INERTIAL
3826,1761212642847,-25.41252411901951,-1.0175651405006647,20.179856568574905,0.024127550423145294,0.05724717676639557,0.02827589400112629,100,OK,MAP_UPDATE,OK,VISUAL_INERTIAL
3827,1761212642863,-24.92578886449337,-1.0511570144444704,20.089300349354744,0.024160346016287804,0.05480208247900009,0.028185997158288956,100,OK,MAP_UPDATE,OK,VISUAL_INERTIAL
3828,1761212642880,-24.329550564289093,-0.9536371217109263,20.068777725100517,0.02418745681643486,0.05162167549133301,0.0281316339969635,100,OK,MAP_UPDATE,OK,VISUAL_INERTIAL
3829,1761212642897,-23.8124318420887,-0.9528199443593621,20.030375570058823,0.024256881326436996,0.04817190393805504,0.02804001234471798,100,OK,MAP_UPDATE,OK,VISUAL_INERTIAL
3830,1761212642913,-23.51219207048416,-0.9852019138634205,19.93566006422043,0.02428995445370674,0.044706348329782486,0.02802571840584278,100,OK,MAP_UPDATE,OK,VISUAL_INERTIAL
3831,1761212642930,-23.337140679359436,-0.9774978971108794,19.841646775603294,0.02427816018462181,0.041468601673841476,0.027970341965556145,100,OK,MAP_UPDATE,OK,VISUAL_INERTIAL
3832,1761212642947,-23.341316729784012,-0.9893333772197366,19.74252052605152,0.024285098537802696,0.038552671670913696,0.027916284278035164,100,OK,MAP_UPDATE,OK,VISUAL_INERTIAL
3833,1761212642963,-23.543382063508034,-1.0647423332557082,19.548505544662476,0.02426578849554062,0.0361831970512867,0.027961108833551407,100,OK,MAP_UPDATE,OK,VISUAL_INERTIAL
3834,1761212642980,-23.84982444345951,-1.1257773730903864,19.32419277727604,0.02421354316174984,0.03450007364153862,0.027982648462057114,100,OK,MAP_UPDATE,OK,VISUAL_INERTIAL
3835,1761212642997,-24.139977991580963,-1.1621284065768123,19.178781658411026,0.024200906977057457,0.033527832478284836,0.028035972267389297,100,OK,MAP_UPDATE,OK,VISUAL_INERTIAL
3836,1761212643014,-24.44283850491047,-1.2128257658332586,19.074656069278717,0.024240437895059586,0.03294609859585762,0.02805865742266178,100,OK,MAP_UPDATE,OK,VISUAL_INERTIAL
3837,1761212643030,-24.624604731798172,-1.1774715967476368,19.07101646065712,0.024289505556225777,0.03265100345015526,0.028163278475403786,100,OK,MAP_UPDATE,OK,VISUAL_INERTIAL
3838,1761212643047,-24.73531663417816,-1.1432634200900793,19.124669954180717,0.0243698600679636,0.03245659917593002,0.02822696790099144,100,OK,MAP_UPDATE,OK,VISUAL_INERTIAL
3839,1761212643063,-24.77380819618702,-1.2106905924156308,19.23178695142269,0.02453320287168026,0.03227628022432327,0.028234556317329407,100,OK,MAP_UPDATE,OK,VISUAL_INERTIAL
3840,1761212643080,-24.717533960938454,-1.1787677649408579,19.33867856860161,0.02466878853738308,0.032027315348386765,0.0283088106662035,100,OK,MAP_UPDATE,OK,VISUAL_INERTIAL
3841,1761212643097,-24.611622095108032,-1.1264090426266193,19.433531910181046,0.02475641295313835,0.03156202286481857,0.028358709067106247,100,OK,MAP_UPDATE,OK,VISUAL_INERTIAL
3842,1761212643113,-24.43845570087433,-1.1270504910498857,19.53473873436451,0.024874040856957436,0.030911875888705254,0.028391234576702118,100,OK,MAP_UPDATE,OK,VISUAL_INERTIAL
3843,1761212643130,-24.277720600366592,-1.1326901149004698,19.60342563688755,0.024958966299891472,0.03018614649772644,0.028400050476193428,100,OK,MAP_UPDATE,OK,VISUAL_INERTIAL
3844,1761212643147,-24.10033904016018,-1.1133513180539012,19.687168300151825,0.024989360943436623,0.029458381235599518,0.02834315411746502,100,OK,MAP_UPDATE,OK,VISUAL_INERTIAL
3845,1761212643163,-23.926150053739548,-1.0943131055682898,19.688483327627182,0.02495572715997696,0.028601624071598053,0.028269333764910698,100,OK,MAP_UPDATE,OK,VISUAL_INERTIAL
3846,1761212643180,-23.690633475780487,-1.0654197540134192,19.677048549056053,0.024893254041671753,0.027655238285660744,0.028157038614153862,100,OK,MAP_UPDATE,OK,VISUAL_INERTIAL
3847,1761212643197,-23.556772619485855,-1.1001444654539227,19.582219421863556,0.024802282452583313,0.026564979925751686,0.028006551787257195,100,OK,MAP_UPDATE,OK,VISUAL_INERTIAL
3848,1761212643213,-23.520449176430702,-1.1599045246839523,19.44052241742611,0.02471143752336502,0.02564270980656147,0.02790679968893528,100,OK,MAP_UPDATE,OK,VISUAL_INERTIAL
3849,1761212643230,-23.605329915881157,-1.1707115918397903,19.23741213977337,0.02459305338561535,0.025052785873413086,0.027801666408777237,100,OK,MAP_UPDATE,OK,VISUAL_INERTIAL
3850,1761212643247,-23.673979565501213,-1.1586080072447658,19.12243291735649,0.024529529735445976,0.024715708568692207,0.027704715728759766,100,OK,MAP_UPDATE,OK,VISUAL_INERTIAL
3851,1761212643263,-23.665226995944977,-1.102358102798462,19.059116020798683,0.02448880858719349,0.024384459480643272,0.027599478140473366,100,OK,MAP_UPDATE,OK,VISUAL_INERTIAL
3852,1761212643280,-23.557810112833977,-1.084225601516664,19.04694177210331,0.02451234869658947,0.023850558325648308,0.027480529621243477,100,OK,MAP_UPDATE,OK,VISUAL_INERTIAL
3853,1761212643297,-23.341169580817223,-1.0692449286580086,19.00332421064377,0.024517342448234558,0.023068822920322418,0.027338474988937378,100,OK,MAP_UPDATE,OK,VISUAL_INERTIAL
3854,1761212643313,-23.108823224902153,-1.0111015290021896,18.975967541337013,0.02445319853723049,0.022060148417949677,0.02714213915169239,100,OK,MAP_UPDATE,OK,VISUAL_INERTIAL
3855,1761212643330,-22.804489359259605,-0.9704578551463783,18.97401176393032,0.02441362850368023,0.020883643999695778,0.02691672556102276,100,OK,MAP_UPDATE,OK,VISUAL_INERTIAL
3856,1761212643347,-22.545961663126945,-0.9376920643262565,18.956759944558144,0.024441124871373177,0.019434526562690735,0.026662683114409447,100,OK,MAP_UPDATE,OK,VISUAL_INERTIAL
3857,1761212643363,-22.302405908703804,-0.9270485606975853,18.91225576400757,0.024526765570044518,0.017740486189723015,0.026406286284327507,100,OK,MAP_UPDATE,OK,VISUAL_INERTIAL
3858,1761212643380,-21.978363394737244,-0.9277924546040595,18.85969564318657,0.0246293768286705,0.015898171812295914,0.0261880774050951,100,OK,MAP_UPDATE,OK,VISUAL_INERTIAL
3859,1761212643397,-21.70763537287712,-0.9261520463041961,18.84603314101696,0.024731215089559555,0.013917912729084492,0.025955133140087128,100,OK,MAP_UPDATE,OK,VISUAL_INERTIAL
3860,1761212643413,-21.600963547825813,-1.0280789574608207,18.804840743541718,0.024887628853321075,0.011887897737324238,0.025744954124093056,100,OK,MAP_UPDATE,OK,VISUAL_INERTIAL
3861,1761212643430,-21.601175889372826,-1.1097888927906752,18.782436847686768,0.0250397939234972,0.00992855615913868,0.025524308905005455,100,OK,MAP_UPDATE,OK,VISUAL_INERTIAL
3862,1761212643447,-21.495409309864044,-1.0975468903779984,18.770353868603706,0.025148609653115273,0.008301939815282822,0.02536686509847641,100,OK,MAP_UPDATE,OK,VISUAL_INERTIAL
3863,1761212643463,-21.55100181698799,-1.1492447229102254,18.740994855761528,0.025263497605919838,0.006851544138044119,0.025238068774342537,100,OK,MAP_UPDATE,OK,VISUAL_INERTIAL
3864,1761212643480,-21.58810757100582,-1.230986905284226,18.691232427954674,0.025331713259220123,0.005746657028794289,0.02513376995921135,100,OK,MAP_UPDATE,OK,VISUAL_INERTIAL
3865,1761212643497,-21.602213382720947,-1.2967167422175407,18.62509362399578,0.025352908298373222,0.004858789965510368,0.025085877627134323,100,OK,MAP_UPDATE,OK,VISUAL_INERTIAL
3866,1761212643513,-21.695608273148537,-1.4508781023323536,18.563374876976013,0.025411667302250862,0.0039535341784358025,0.02508445270359516,100,OK,MAP_UPDATE,OK,VISUAL_INERTIAL
3867,1761212643530,-21.725468337535858,-1.4848735881969333,18.50043050944805,0.025380585342645645,0.0032096472568809986,0.02517908625304699,100,OK,MAP_UPDATE,OK,VISUAL_INERTIAL
3868,1761212643547,-21.784039214253426,-1.5237224288284779,18.414676189422607,0.02535172551870346,0.0027068164199590683,0.025294991210103035,100,OK,MAP_UPDATE,OK,VISUAL_INERTIAL
3869,1761212643563,-21.887069568037987,-1.570649561472237,18.334900960326195,0.025317199528217316,0.0024797136429697275,0.025370197370648384,100,OK,MAP_UPDATE,OK,VISUAL_INERTIAL
3870,1761212643580,-21.99169434607029,-1.626571174710989,18.250571563839912,0.025274597108364105,0.0024325402919203043,0.025404073297977448,100,OK,MAP_UPDATE,OK,VISUAL_INERTIAL
3871,1761212643597,-22.044003009796143,-1.6594033222645521,18.205510452389717,0.025227023288607597,0.002433059038594365,0.025403061881661415,100,OK,MAP_UPDATE,OK,VISUAL_INERTIAL
3872,1761212643613,-21.80669642984867,-1.7196685075759888,18.198097124695778,0.025267891585826874,0.0024758242070674896,0.025266654789447784,100,OK,MAP_UPDATE,OK,VISUAL_INERTIAL
3873,1761212643630,-21.523814648389816,-1.6591505846008658,18.24306510388851,0.02531495876610279,0.0024877036921679974,0.025226779282093048,100,OK,MAP_UPDATE,OK,VISUAL_INERTIAL
3874,1761212643647,-21.36119082570076,-1.596192829310894,18.30405555665493,0.025350771844387054,0.002378511941060424,0.025188690051436424,100,OK,MAP_UPDATE,OK,VISUAL_INERTIAL
3875,1761212643663,-21.304022520780563,-1.6266584862023592,18.3599591255188,0.02540328912436962,0.002321705687791109,0.02514021098613739,100,OK,MAP_UPDATE,OK,VISUAL_INERTIAL
3876,1761212643680,-21.275894716382027,-1.6553630121052265,18.397964537143707,0.025418316945433617,0.002315816003829241,0.025115080177783966,100,OK,MAP_UPDATE,OK,VISUAL_INERTIAL
3877,1761212643697,-21.04790136218071,-1.4213304966688156,18.453586846590042,0.025270016863942146,0.0024886392056941986,0.025215718895196915,100,OK,MAP_UPDATE,OK,VISUAL_INERTIAL
3878,1761212643713,-20.868338644504547,-1.3571963645517826,18.5118205845356,0.025245029479265213,0.002496060449630022,0.025204235687851906,100,OK,MAP_UPDATE,OK,VISUAL_INERTIAL
3879,1761212643730,-20.739136263728142,-1.254023634828627,18.579112365841866,0.02523939311504364,0.0022809752263128757,0.025243237614631653,100,OK,MAP_UPDATE,OK,VISUAL_INERTIAL
3880,1761212643747,-20.62462829053402,-1.1269820388406515,18.60702410340309,0.02520267851650715,0.0016784572508186102,0.025295767933130264,100,OK,MAP_UPDATE,OK,VISUAL_INERTIAL
3881,1761212643763,-20.44699713587761,-1.1082097189500928,18.6275877058506,0.025169534608721733,0.0008331230492331088,0.02526908926665783,100,OK,MAP_UPDATE,OK,VISUAL_INERTIAL
3882,1761212643780,-20.413292571902275,-0.9962337790057063,18.635354936122894,0.02506284974515438,-0.00020092482736799866,0.02532234974205494,100,OK,MAP_UPDATE,OK,VISUAL_INERTIAL
3883,1761212643797,-20.470328629016876,-0.8803312084637582,18.609892576932907,0.02493223175406456,-0.00130208779592067,0.025333581492304802,100,OK,MAP_UPDATE,OK,VISUAL_INERTIAL
3884,1761212643813,-20.54453454911709,-0.8006937569007277,18.586469814181328,0.02483384869992733,-0.0024244508240371943,0.02534419670701027,100,OK,MAP_UPDATE,OK,VISUAL_INERTIAL
3885,1761212643830,-20.64661867916584,-0.847603427246213,18.432704731822014,0.024776317179203033,-0.0036146892234683037,0.0253754835575819,100,OK,MAP_UPDATE,OK,VISUAL_INERTIAL
3886,1761212643847,-20.62445320188999,-0.8617854909971356,18.29742267727852,0.02469502203166485,-0.0048270393162965775,0.025388240814208984,100,OK,MAP_UPDATE,OK,VISUAL_INERTIAL
3887,1761212643863,-20.60740813612938,-0.9597060270607471,18.15597712993622,0.02468387968838215,-0.006111544091254473,0.025338461622595787,100,OK,MAP_UPDATE,OK,VISUAL_INERTIAL
3888,1761212643880,-20.608307793736458,-1.0041496716439724,18.0655587464571,0.024684252217411995,-0.00730555597692728,0.025312935933470726,100,OK,MAP_UPDATE,OK,VISUAL_INERTIAL
3889,1761212643897,-20.604128018021584,-1.0458228643983603,18.02028901875019,0.024672172963619232,-0.008266960270702839,0.025258464738726616,100,OK,MAP_UPDATE,OK,VISUAL_INERTIAL
3890,1761212643913,-20.62055468559265,-1.0743680177256465,18.003961071372032,0.02467479184269905,-0.00913496408611536,0.025214962661266327,100,OK,MAP_UPDATE,OK,VISUAL_INERTIAL
3891,1761212643930,-20.635118708014488,-1.0947487317025661,18.004978075623512,0.02467852085828781,-0.00996316596865654,0.025209499523043633,100,OK,MAP_UPDATE,OK,VISUAL_INERTIAL
3892,1761212643947,-20.63058316707611,-1.0643856367096305,17.942408099770546,0.024617822840809822,-0.01065361313521862,0.02524212747812271,100,OK,MAP_UPDATE,OK,VISUAL_INERTIAL
3893,1761212643963,-20.582951605319977,-1.0472420835867524,17.856528982520103,0.0245163906365633,-0.011114111170172691,0.02526916190981865,100,OK,MAP_UPDATE,OK,VISUAL_INERTIAL
3894,1761212643980,-20.55906131863594,-1.0077882325276732,17.77208410203457,0.024426395073533058,-0.011460226029157639,0.025308100506663322,100,OK,MAP_UPDATE,OK,VISUAL_INERTIAL
3895,1761212643997,-20.501235499978065,-0.9772883495315909,17.711877822875977,0.024387991055846214,-0.011834298260509968,0.025309599936008453,100,OK,MAP_UPDATE,OK,VISUAL_INERTIAL
3896,1761212644013,-20.40836587548256,-0.9415581007488072,17.69130490720272,0.024389641359448433,-0.01231288630515337,0.025249646976590157,100,OK,MAP_UPDATE,OK,VISUAL_INERTIAL
3897,1761212644030,-20.305965095758438,-0.9046908817254007,17.703967168927193,0.024389971047639847,-0.012833580374717712,0.0251877810806036,100,OK,MAP_UPDATE,OK,VISUAL_INERTIAL
3898,1761212644047,-20.25141753256321,-0.8829550351947546,17.72386208176613,0.024387266486883163,-0.013267035596072674,0.02511761151254177,100,OK,MAP_UPDATE,OK,VISUAL_INERTIAL
3899,1761212644063,-20.255984738469124,-0.9998066816478968,17.656156793236732,0.024392567574977875,-0.013623934239149094,0.02510666847229004,100,OK,MAP_UPDATE,OK,VISUAL_INERTIAL
3900,1761212644080,-20.197181031107903,-1.003740238957107,17.617257311940193,0.024341188371181488,-0.013951238244771957,0.025189273059368134,100,OK,MAP_UPDATE,OK,VISUAL_INERTIAL
3901,1761212644097,-20.125387236475945,-0.9868476772680879,17.610294744372368,0.02428954653441906,-0.014383682049810886,0.025256339460611343,100,OK,MAP_UPDATE,OK,VISUAL_INERTIAL
3902,1761212644113,-20.072413608431816,-0.973283895291388,17.61719025671482,0.024227986112236977,-0.014861302450299263,0.0253060944378376,100,OK,MAP_UPDATE,OK,VISUAL_INERTIAL
3903,1761212644130,-20.109999924898148,-0.9915129048749804,17.59449578821659,0.024294063448905945,-0.015287208370864391,0.02529648318886757,100,OK,MAP_UPDATE,OK,VISUAL_INERTIAL
3904,1761212644147,-20.162073895335197,-0.9747293079271913,17.60106347501278,0.024362508207559586,-0.015500406734645367,0.025229889899492264,100,OK,MAP_UPDATE,OK,VISUAL_INERTIAL
3905,1761212644163,-20.21074667572975,-0.9516346035525203,17.64272153377533,0.024494195356965065,-0.015491233207285404,0.025145888328552246,100,OK,MAP_UPDATE,OK,VISUAL_INERTIAL
3906,1761212644180,-20.211081951856613,-0.9335368522442877,17.731118947267532,0.02466558665037155,-0.015428937040269375,0.025077873840928078,100,OK,MAP_UPDATE,OK,VISUAL_INERTIAL
3907,1761212644197,-20.172692835330963,-0.9479668806307018,17.82878302037716,0.02480001002550125,-0.015379549004137516,0.025031547993421555,100,OK,MAP_UPDATE,OK,VISUAL_INERTIAL
3908,1761212644213,-20.124224945902824,-0.9800674160942435,17.88809709250927,0.024846481159329414,-0.015345358289778233,0.02501923404633999,100,OK,MAP_UPDATE,OK,VISUAL_INERTIAL
3909,1761212644230,-20.08296549320221,-1.022585667669773,17.910264432430267,0.02483072690665722,-0.015314157120883465,0.025047667324543,100,OK,MAP_UPDATE,OK,VISUAL_INERTIAL
3910,1761212644247,-20.069990307092667,-1.0034957667812705,17.86068268120289,0.02467847615480423,-0.015314219519495964,0.025094516575336456,100,OK,MAP_UPDATE,OK,VISUAL_INERTIAL
3911,1761212644263,-20.061742514371872,-0.9756102808751166,17.822707071900368,0.024553388357162476,-0.015320033766329288,0.02512958273291588,100,OK,MAP_UPDATE,OK,VISUAL_INERTIAL
3912,1761212644280,-20.058898255228996,-0.9555711294524372,17.72976480424404,0.02442748285830021,-0.015292495489120483,0.025203846395015717,100,OK,MAP_UPDATE,OK,VISUAL_INERTIAL
3913,1761212644297,-20.061029121279716,-0.9286903659813106,17.67304353415966,0.02434503100812435,-0.015267405658960342,0.025263894349336624,100,OK,MAP_UPDATE,OK,VISUAL_INERTIAL
3914,1761212644313,-20.089972764253616,-0.9005310712382197,17.605964094400406,0.024263564497232437,-0.01529789250344038,0.025348367169499397,100,OK,MAP_UPDATE,OK,VISUAL_INERTIAL
3915,1761212644330,-20.11619322001934,-0.8758142939768732,17.57058873772621,0.024210350587964058,-0.01532464288175106,0.02538088522851467,100,OK,MAP_UPDATE,OK,VISUAL_INERTIAL
3916,1761212644347,-20.14186605811119,-0.8719332399778068,17.556386068463326,0.024098211899399757,-0.015324229374527931,0.025377776473760605,100,OK,MAP_UPDATE,OK,VISUAL_INERTIAL
3917,1761212644363,-20.141271874308586,-0.9718419751152396,17.32851192355156,0.02387950010597706,-0.01539784949272871,0.02533463016152382,100,OK,MAP_UPDATE,OK,VISUAL_INERTIAL
3918,1761212644380,-20.141607150435448,-1.0050314012914896,17.090652137994766,0.023583175614476204,-0.015485928393900394,0.025294383987784386,100,OK,MAP_UPDATE,OK,VISUAL_INERTIAL
3919,1761212644397,-20.10978013277054,-1.0602939873933792,16.907403245568275,0.02340455912053585,-0.015522115863859653,0.025194503366947174,100,OK,MAP_UPDATE,OK,VISUAL_INERTIAL
3920,1761212644413,-20.0947392731905,-1.0463772341609001,16.77008718252182,0.023260364308953285,-0.01549392007291317,0.02512771636247635,100,OK,MAP_UPDATE,OK,VISUAL_INERTIAL
3921,1761212644430,-20.135685801506042,-1.0535757755860686,16.71976037323475,0.02322983182966709,-0.015402257442474365,0.02512938901782036,100,OK,MAP_UPDATE,OK,VISUAL_INERTIAL
3922,1761212644447,-20.187154412269592,-1.026542391628027,16.73034019768238,0.02327892556786537,-0.0152939073741436,0.025190087035298347,100,OK,MAP_UPDATE,OK,VISUAL_INERTIAL
3923,1761212644463,-20.18469013273716,-0.9930358501151204,16.81421510875225,0.023379642516374588,-0.015219582244753838,0.025293000042438507,100,OK,MAP_UPDATE,OK,VISUAL_INERTIAL
3924,1761212644480,-20.27544379234314,-1.0153658222407103,16.87227562069893,0.02346685901284218,-0.01525613758713007,0.02541901171207428,100,OK,MAP_UPDATE,OK,VISUAL_INERTIAL
3925,1761212644497,-20.3421451151371,-1.0083467932417989,16.935087740421295,0.02349395677447319,-0.015285016968846321,0.025502048432826996,100,OK,MAP_UPDATE,OK,VISUAL_INERTIAL
3926,1761212644513,-20.38184553384781,-1.0130003793165088,16.968758776783943,0.023482315242290497,-0.015313530340790749,0.02556299977004528,100,OK,MAP_UPDATE,OK,VISUAL_INERTIAL
3927,1761212644530,-20.357949659228325,-0.9964407654479146,16.98325388133526,0.023435423150658607,-0.01530152652412653,0.025532925501465797,100,OK,MAP_UPDATE,OK,VISUAL_INERTIAL
3928,1761212644547,-20.33507451415062,-0.9833399672061205,16.986321657896042,0.02338586002588272,-0.015279417857527733,0.025480372831225395,100,OK,MAP_UPDATE,OK,VISUAL_INERTIAL
3929,1761212644563,-20.31872421503067,-0.9759354870766401,16.984345391392708,0.023319609463214874,-0.01523159071803093,0.025435147807002068,100,OK,MAP_UPDATE,OK,VISUAL_INERTIAL
3930,1761212644580,-20.302744582295418,-1.022083219140768,16.897160559892654,0.023327115923166275,-0.015285723842680454,0.02541160210967064,100,OK,MAP_UPDATE,OK,VISUAL_INERTIAL
3931,1761212644597,-20.301682874560356,-1.057748100720346,16.838517040014267,0.02333972044289112,-0.015301991254091263,0.02539053186774254,100,OK,MAP_UPDATE,OK,VISUAL_INERTIAL
3932,1761212644613,-20.257292315363884,-1.1020161909982562,16.80724136531353,0.02335338667035103,-0.015188637189567089,0.025279346853494644,100,OK,MAP_UPDATE,OK,VISUAL_INERTIAL
3933,1761212644630,-20.093146711587906,-1.0085212998092175,16.835428774356842,0.023408973589539528,-0.014975907281041145,0.025130582973361015,100,OK,MAP_UPDATE,OK,VISUAL_INERTIAL
3934,1761212644647,-19.994700327515602,-1.0503536323085427,16.960037872195244,0.023692892864346504,-0.014950063079595566,0.024918396025896072,100,OK,MAP_UPDATE,OK,VISUAL_INERTIAL
3935,1761212644664,-19.87237296998501,-1.1022312100976706,17.13741011917591,0.02399524115025997,-0.01525394432246685,0.02475256845355034,100,OK,MAP_UPDATE,OK,VISUAL_INERTIAL
3936,1761212644680,-19.62307095527649,-1.0445616208016872,17.308002337813377,0.02419392205774784,-0.015911877155303955,0.024742290377616882,100,OK,MAP_UPDATE,OK,VISUAL_INERTIAL
3937,1761212644697,-19.500257447361946,-1.1016662465408444,17.401359975337982,0.024311475455760956,-0.016729142516851425,0.02479058876633644,100,OK,MAP_UPDATE,OK,VISUAL_INERTIAL
3938,1761212644713,-19.558487460017204,-1.0946447728201747,17.43706874549389,0.024288220331072807,-0.017235569655895233,0.02490537241101265,100,OK,MAP_UPDATE,OK,VISUAL_INERTIAL
3939,1761212644730,-19.694453105330467,-1.0783103061839938,17.426766455173492,0.024220764636993408,-0.017300548031926155,0.025057006627321243,100,OK,MAP_UPDATE,OK,VISUAL_INERTIAL
3940,1761212644747,-19.839389249682426,-1.1628660140559077,17.379192635416985,0.024172425270080566,-0.01718689128756523,0.025154968723654747,100,OK,MAP_UPDATE,OK,VISUAL_INERTIAL
3941,1761212644763,-20.00175043940544,-1.1335988529026508,17.298128455877304,0.024054523557424545,-0.016964100301265717,0.025171954184770584,100,OK,MAP_UPDATE,OK,VISUAL_INERTIAL
3942,1761212644780,-20.053571090102196,-1.106682000681758,17.23714917898178,0.024016138166189194,-0.01674586348235607,0.025196028873324394,100,OK,MAP_UPDATE,OK,VISUAL_INERTIAL
3943,1761212644797,-19.99526098370552,-1.0721144499257207,17.24630780518055,0.024042969569563866,-0.016667796298861504,0.02515402063727379,100,OK,MAP_UPDATE,OK,VISUAL_INERTIAL
3944,1761212644813,-19.96399275958538,-0.9983933996409178,17.308253794908524,0.024167543277144432,-0.016656529158353806,0.02510024420917034,100,OK,MAP_UPDATE,OK,VISUAL_INERTIAL
3945,1761212644830,-19.962294027209282,-0.9825322777032852,17.4248144030571,0.02436092495918274,-0.016682816669344902,0.025015905499458313,100,OK,MAP_UPDATE,OK,VISUAL_INERTIAL
3946,1761212644847,-19.955482333898544,-0.9817547397688031,17.49749295413494,0.024546338245272636,-0.01670345477759838,0.02495127171278,100,OK,MAP_UPDATE,OK,VISUAL_INERTIAL
3947,1761212644863,-19.910486415028572,-1.0273788357153535,17.59645715355873,0.024656714871525764,-0.01664440892636776,0.02486264333128929,100,OK,MAP_UPDATE,OK,VISUAL_INERTIAL
3948,1761212644880,-19.860999658703804,-1.0788269573822618,17.65468344092369,0.024660887196660042,-0.016479795798659325,0.02477184310555458,100,OK,MAP_UPDATE,OK,VISUAL_INERTIAL
3949,1761212644897,-19.853783771395683,-1.2099621817469597,17.657600343227386,0.024625061079859734,-0.01625676639378071,0.024681707844138145,100,OK,MAP_UPDATE,OK,VISUAL_INERTIAL
