Frame,Timestamp,Translation_X,Translation_Y,Translation_Z,Rotation_X,Rotation_Y,Rotation_Z,Pose_Confidence,Tracking_State,Spatial_Memory,Odometry,Tracking_Fusion
0,1761211757261,0.0,0.0,0.0,0.0,0.0,0.0,,,cuVSLAM,,
1,1761211757311,0.0,0.0,0.0,4.656613081244219e-10,3.637978969722046e-12,-4.743384716669902e-20,,,cuVSLAM,,
2,1761211757328,0.0,0.0,0.0,4.656613428188971e-10,3.637979240772634e-12,1.62629931669518e-19,,,cuVSLAM,,
3,1761211757344,0.0,0.0,0.0,9.313227827823422e-10,7.275959240487048e-12,8.63973799312579e-19,,,cuVSLAM,,
4,1761211757361,0.0,0.0,0.0,9.31322907682505e-10,1.0913940324404356e-11,1.1689058852442548e-18,,,cuVSLAM,,
5,1761211757378,0.0,0.0,0.0,9.313221721594221e-10,1.4551922817786017e-11,3.313601235281438e-18,,,cuVSLAM,,
6,1761211757394,0.0,0.0,0.0,1.3969813084084347e-09,1.818990704589394e-11,2.3283023937139867e-10,,,cuVSLAM,,
7,1761211757411,0.0,0.0,0.0,1.3969816206583827e-09,2.1827893333990573e-11,4.6565976768854767e-10,,,cuVSLAM,,
8,1761211757428,0.0,0.0,0.0,1.8626420406027823e-09,2.546588200733901e-11,6.984883227324775e-10,,,cuVSLAM,,
9,1761211757445,2.6020823188330667e-15,9.313176341230189e-07,6.158252457849904e-14,1.8626407915991567e-09,2.910387339120307e-11,6.984860779959664e-10,,,cuVSLAM,,
10,1761211757461,2.6020823188330667e-15,9.313176341230189e-07,6.158252457849904e-14,1.862644927185955e-09,3.274186781084742e-11,6.984838540746622e-10,,,cuVSLAM,,
11,1761211757478,2.6020823188330667e-15,9.313176341230189e-07,6.158252457849904e-14,1.8626491182867276e-09,3.6379865591537646e-11,6.98482095058541e-10,,,cuVSLAM,,
12,1761211757494,2.6020823188330667e-15,9.313176341230189e-07,6.158252457849904e-14,1.8626498121793336e-09,4.001786705854037e-11,6.984803568576027e-10,,,cuVSLAM,,
13,1761211757511,2.6020823188330667e-15,9.313176341230189e-07,6.158252457849904e-14,2.328306096531907e-09,4.365587253712332e-11,6.984793056074649e-10,,,cuVSLAM,,
14,1761211757528,2.6020823188330667e-15,9.313176341230189e-07,6.158252457849904e-14,2.328314208125809e-09,4.365589140235892e-11,6.98478719263517e-10,,,cuVSLAM,,
15,1761211757544,2.6020823188330667e-15,9.313176341230189e-07,6.158252457849904e-14,2.793971234940092e-09,4.72939041993852e-11,6.98478153735412e-10,,,cuVSLAM,,
16,1761211757561,2.6020823188330667e-15,9.313176341230189e-07,6.158252457849904e-14,2.793972608848708e-09,5.093192187537998e-11,6.984793853875909e-10,,,cuVSLAM,,
17,1761211757578,2.6020823188330667e-15,9.313176341230189e-07,6.158252457849904e-14,2.7939811714875453e-09,5.4569944755616124e-11,9.31308849417276e-10,,,cuVSLAM,,
18,1761211757595,2.6020823188330667e-15,9.313176341230189e-07,6.158252457849904e-14,3.2596464972606153e-09,5.820797316536812e-11,1.1641345941782026e-09,,,cuVSLAM,,
19,1761211757611,2.6020823188330667e-15,9.313176341230189e-07,6.158252457849904e-14,3.2596483916000755e-09,6.184600742991214e-11,1.396954864113185e-09,,,cuVSLAM,,
20,1761211757628,2.6020823188330667e-15,9.313176341230189e-07,6.158252457849904e-14,3.725314723528599e-09,6.548404787452615e-11,1.6297710123049334e-09,,,cuVSLAM,,
21,1761211757644,2.6020823188330667e-15,9.313176341230189e-07,6.158252457849904e-14,3.7253028995839365e-09,6.912209482448995e-11,1.6297551810766819e-09,,,cuVSLAM,,
22,1761211757661,2.6020823188330667e-15,9.313176341230189e-07,6.158252457849904e-14,3.725291186647322e-09,7.276014860508537e-11,1.6297420629547655e-09,,,cuVSLAM,,
23,1761211757678,2.6020823188330667e-15,9.313176341230189e-07,6.158252457849904e-14,4.19094486192385e-09,7.639820954159627e-11,1.6297307697574395e-09,,,cuVSLAM,,
24,1761211757694,2.6020823188330667e-15,9.313176341230189e-07,6.158252457849904e-14,4.190962132986459e-09,8.003627795930871e-11,1.6297195251141713e-09,,,cuVSLAM,,
25,1761211757711,2.6020823188330667e-15,9.313176341230189e-07,6.158252457849904e-14,4.656602867091741e-09,8.367435418351105e-11,1.6297118817734763e-09,,,cuVSLAM,,
26,1761211757728,2.6020823188330667e-15,9.313176341230189e-07,6.158252457849904e-14,4.656606544737502e-09,8.731243853949393e-11,1.6297060633667713e-09,,,cuVSLAM,,
27,1761211757745,2.6020823188330667e-15,9.313176341230189e-07,6.158252457849904e-14,5.12227708169355e-09,8.73125100984485e-11,1.62970206989786e-09,,,cuVSLAM,,
28,1761211757761,2.6020823188330667e-15,9.313176341230189e-07,6.158252457849904e-14,5.587920126423355e-09,9.095060860382359e-11,1.629703454129021e-09,,,cuVSLAM,,
29,1761211757778,2.6020823188330667e-15,9.313176341230189e-07,6.158252457849904e-14,5.587896617122405e-09,9.458871610843811e-11,1.862529767757456e-09,,,cuVSLAM,,
30,1761211757794,5.290768958875333e-14,1.8625886388790036e-06,7.172902108058398e-13,6.053541223055274e-09,9.822683293759258e-11,2.095342342168239e-09,,,cuVSLAM,,
31,1761211757811,5.290768958875333e-14,1.8625886388790036e-06,7.172902108058398e-13,6.05349006175851e-09,1.0186495941659037e-10,2.3281447509071235e-09,,,cuVSLAM,,
32,1761211757828,5.290768958875333e-14,1.8625886388790036e-06,7.172902108058398e-13,6.519107917721855e-09,1.0550309587073784e-10,2.560940567531253e-09,,,cuVSLAM,,
33,1761211757844,5.290768958875333e-14,1.8625886388790036e-06,7.172902108058398e-13,6.519057581969294e-09,1.0914124262534427e-10,2.7937173781235094e-09,,,cuVSLAM,,
34,1761211757861,5.290768958875333e-14,1.8625886388790036e-06,7.172902108058398e-13,6.5190358626291465e-09,1.1277940000572213e-10,2.7936669589434067e-09,,,cuVSLAM,,
35,1761211757894,5.290768958875333e-14,1.8625886388790036e-06,7.172902108058398e-13,6.984656188620699e-09,1.164175683371871e-10,2.793623728481963e-09,,,cuVSLAM,,
36,1761211757911,5.290768958875333e-14,1.8625886388790036e-06,7.172902108058398e-13,6.9846069420005636e-09,-1.1277964200899406e-10,2.793580581185928e-09,,,cuVSLAM,,
37,1761211757928,5.290768958875333e-14,1.8625886388790036e-06,7.172902108058398e-13,7.4502292037807464e-09,-3.41977361192289e-10,2.7935446226318573e-09,,,cuVSLAM,,
38,1761211757944,5.290768958875333e-14,1.8625886388790036e-06,7.172902108058398e-13,7.450180907582095e-09,-5.711756097067411e-10,2.7935158528406416e-09,,,cuVSLAM,,
39,1761211757961,5.290768958875333e-14,1.8625886388790036e-06,7.172902108058398e-13,7.450132833309152e-09,-8.040124735377011e-10,2.7934942718344515e-09,,,cuVSLAM,,
40,1761211757978,5.290768958875333e-14,1.8625886388790036e-06,7.172902108058398e-13,7.915701081057832e-09,-1.0332118465885857e-09,3.026291482489078e-09,,,cuVSLAM,,
41,1761211757994,5.290768958875333e-14,1.8625886388790036e-06,7.172902108058398e-13,7.915654026513248e-09,-1.2624118105623426e-09,3.259071588224063e-09,,,cuVSLAM,,
42,1761211758011,5.290768958875333e-14,1.8625886388790036e-06,7.172902108058398e-13,8.381224473514811e-09,-1.4916123859538027e-09,3.4918381626001896e-09,,,cuVSLAM,,
43,1761211758028,-0.07551459566457197,-0.21461377036757767,0.1609313621884212,-5.233276094908304e-07,0.00010417679977597826,0.0001560726305573351,,,cuVSLAM,,
44,1761211758044,-0.10766848572529852,-0.12920254084747285,0.15052584058139473,-1.817093454975732e-05,9.943842948817343e-05,0.00012405441637224643,,,cuVSLAM,,
45,1761211758061,-0.11358049232512712,-0.10879866749746725,0.12956831778865308,-8.320618527469726e-06,6.976098465549193e-05,0.00011955722926718283,,,cuVSLAM,,
46,1761211758078,-0.08966879977378994,-0.10920837667072192,0.1461253414163366,4.5617729940379517e-05,4.506479791283929e-05,0.00010661108091488583,,,cuVSLAM,,
47,1761211758094,-0.09059456351678818,-0.1591569889569655,0.1639982801862061,0.00010740736392369374,3.8374287996473934e-05,0.00010932654663559038,,,cuVSLAM,,
48,1761211758111,-0.10554237087490037,-0.2704103826545179,0.2109367778757587,0.0001956826011139814,4.977980329024843e-05,0.0001305980901039722,,,cuVSLAM,,
49,1761211758128,-0.11651989916572347,-0.33101215376518667,0.2034097706200555,0.00023596245216233076,3.8894533515438565e-05,0.00014318878497241952,,,cuVSLAM,,
50,1761211758144,-0.09209132986143231,-0.3552190028131008,0.27203786885365844,0.00024149380603013021,8.087248677164321e-05,0.00014226493040974864,,,cuVSLAM,,
51,1761211758161,-0.11563901352928951,-0.4080142534803599,0.33102958695963025,0.00019777643038686288,0.00011816388659937734,0.00017422677669091878,,,cuVSLAM,,
52,1761211758178,-0.08340498607140034,-0.3149343538098037,0.4019060870632529,3.889140281722881e-05,0.00020668841332267511,0.00015364236101654015,,,cuVSLAM,,
53,1761211758194,-0.0022782187443226576,-0.25060499319806695,0.38038138882257044,-0.00011676160028954428,0.0002927602032845773,0.00016997975669672522,,,cuVSLAM,,
54,1761211758211,0.13727322220802307,-0.15893959789536893,0.42615027632564306,-0.00021530018792124283,0.00046638211795776237,0.0001509143116084139,,,cuVSLAM,,
55,1761211758228,0.1426153612555936,-0.15681840886827558,0.346361193805933,-0.0002619622911822244,0.0005279971673116151,0.00016648741030516714,,,cuVSLAM,,
56,1761211758244,0.16344725736416876,-0.11381108197383583,0.34249346936121583,-0.00026371308759739467,0.0005634066263004357,0.00013495525058570957,,,cuVSLAM,,
57,1761211758261,0.1345854252576828,-0.21571152319665998,0.33013647771440446,-0.00021026397675251877,0.0005164441181149099,0.00016772264093069207,,,cuVSLAM,,
58,1761211758278,0.026022622478194535,-0.3665121621452272,0.3524663334246725,-6.1510430458384e-05,0.00039218334346246175,0.0002163732741247675,,,cuVSLAM,,
59,1761211758294,-0.02434139241813682,-0.26365567464381456,0.2477841917425394,-6.615973071731836e-06,0.00019124264986200473,0.00011101009618065431,,,cuVSLAM,,
60,1761211758311,-0.10121666127815843,-0.24959587608464062,0.40958746103569865,7.02289908693684e-05,0.00015208568685238778,7.433239993107546e-05,,,cuVSLAM,,
61,1761211758328,-0.169835751876235,-0.2642327453941107,0.449741433840245,0.00012789297047189794,9.13312573755333e-05,6.936658083559711e-05,,,cuVSLAM,,
62,1761211758345,-0.20314176799729466,-0.25150386500172317,0.4820685717277229,0.0001185497858189189,8.162523770494891e-05,6.778128073170056e-05,,,cuVSLAM,,
63,1761211758361,-0.2135530230589211,-0.22309790074359626,0.5136227700859308,5.276350009241878e-05,0.00011059029804374776,8.205079364627968e-05,,,cuVSLAM,,
64,1761211758378,-0.13224277063272893,-0.1643303403398022,0.5661931936629117,-7.071753388570083e-05,0.00021096875223389994,9.444457869250588e-05,,,cuVSLAM,,
65,1761211758395,-0.03841630677925423,-0.07071129221003503,0.5054181674495339,-0.00021288682967797562,0.00030621280135009586,7.95995393747398e-05,,,cuVSLAM,,
66,1761211758411,0.04413077112985775,0.004409397661220282,0.5584980244748294,-0.00025685896169894124,0.00045823250150285507,5.99521856968737e-05,,,cuVSLAM,,
67,1761211758428,0.11293144052615389,-0.010235664376523346,0.6089411326684058,-0.0002703930367901384,0.0005575206023272349,5.7367311827546824e-05,,,cuVSLAM,,
68,1761211758444,0.1279015268664807,0.003149706572003197,0.618056976236403,-0.00026081238362248195,0.0005933621749834544,2.718418307049308e-05,,,cuVSLAM,,
69,1761211758461,0.16790561494417489,0.04617297963704914,0.6164906080812216,-0.00024789531857642537,0.0006028769091468249,-2.6956320612358332e-05,,,cuVSLAM,,
70,1761211758478,0.1729701616568491,0.043926866055699065,0.6100821192376316,-0.0001667533261829353,0.0005519257572996521,-7.334227083874536e-05,,,cuVSLAM,,
71,1761211758494,0.16031997802201658,0.025266223019571044,0.6322382250800729,-0.00010350059414746697,0.0005053955604043974,-9.906555264979558e-05,,,cuVSLAM,,
72,1761211758511,0.14658573491033167,0.010301608199370094,0.662707316223532,-8.997026028966089e-05,0.0005039411069538485,-8.892258056572653e-05,,,cuVSLAM,,
73,1761211758528,0.15718420036137104,0.007187614755821414,0.6621410720981658,-9.404607116238958e-05,0.0005172340531795394,-8.095443343736411e-05,,,cuVSLAM,,
74,1761211758544,0.1977796491701156,0.0385735256713815,0.697737152222544,-0.00015785247198862905,0.0006080142124467558,-6.500892952090222e-05,,,cuVSLAM,,
75,1761211758561,0.222757866140455,0.13069591659586877,0.5912481574341655,-0.00029643447210229605,0.0006128906053979468,-5.292847408205344e-05,,,cuVSLAM,,
76,1761211758578,0.19488990074023604,0.3636374312918633,0.5725898081436753,-0.0005049008953969366,0.0005982390529543283,-0.00010250151546865616,,,cuVSLAM,,
77,1761211758595,0.18958323926199228,0.4296365659683943,0.562165689188987,-0.0006686250651247525,0.0005488254966518558,-6.679327167840809e-05,,,cuVSLAM,,
78,1761211758611,0.15030556824058294,0.4667335015255958,0.5598748102784157,-0.0007414611849298566,0.0004889472118981169,-5.9689080022076995e-05,,,cuVSLAM,,
79,1761211758628,0.11756100866477937,0.37268170854076743,0.6541737820953131,-0.0006378118265775485,0.0004977552124629542,-3.5398010968679445e-05,,,cuVSLAM,,
80,1761211758644,0.11772484140237793,0.20836103067267686,0.7248598267324269,-0.00042703161334548966,0.0005534521436334595,-3.0319149651861462e-05,,,cuVSLAM,,
81,1761211758661,0.13596785720437765,0.1187114103231579,0.5880204844288528,-0.00016457422828162376,0.0004960495713543674,-9.464363997303893e-05,,,cuVSLAM,,
82,1761211758678,0.15607700333930552,-0.08692446863278747,0.6332905031740665,5.4263426816713075e-05,0.0005906024348289661,-7.628937929563284e-05,,,cuVSLAM,,
83,1761211758695,0.26760599575936794,-0.011987409379798919,0.7022343925200403,6.948167008864642e-05,0.0007209836683215301,-0.00015760623515223598,,,cuVSLAM,,
84,1761211758711,0.29651346267201006,0.1301533484365791,0.641661579720676,-6.87820912667057e-05,0.000768240878270638,-0.00022853381468653392,,,cuVSLAM,,
85,1761211758728,0.31257327646017075,0.2864308189600706,0.5745816743001342,-0.00027281627143971917,0.0007899749201572479,-0.0002618876555255021,,,cuVSLAM,,
86,1761211758744,0.29298834851942956,0.42543260497041047,0.5814516334794462,-0.0005076670728532915,0.0007999461722991432,-0.0002563377573758453,,,cuVSLAM,,
87,1761211758761,0.2860853273887187,0.681699370034039,0.5117057589814067,-0.0007263198662156291,0.0007381196418271708,-0.00035089235870338747,,,cuVSLAM,,
88,1761211758778,0.2855190832633525,0.6897701532579958,0.5041508702561259,-0.0007672834806053485,0.0007024971770608712,-0.00035783930373994264,,,cuVSLAM,,
89,1761211758794,0.28226408176124096,0.7089299615472555,0.5195355042815208,-0.0007277035361775999,0.0006658336358280685,-0.000425183174526103,,,cuVSLAM,,
90,1761211758811,0.2387217100476846,0.6241345545277,0.5906231235712767,-0.0005777166241303979,0.0006954882519011925,-0.0004896627747144898,,,cuVSLAM,,
91,1761211758828,0.17098707030527294,0.4014503792859614,0.7059843628667295,-0.00035541174484772525,0.0007659392212349464,-0.00046339116431011376,,,cuVSLAM,,
92,1761211758844,0.16953509475570172,0.23140468692872673,0.744010612834245,-0.00020735899802247997,0.0008018114171544211,-0.00043770717797604055,,,cuVSLAM,,
93,1761211758861,0.225277675781399,0.2300136984558776,0.810388708487153,-0.00012999496967830434,0.0008731540629945847,-0.0005004483416712767,,,cuVSLAM,,
94,1761211758878,0.2815027837641537,0.26339697069488466,0.8340798085555434,-0.00012267736441007014,0.000937484074336394,-0.0005812833528719901,,,cuVSLAM,,
95,1761211758894,0.26802654610946774,0.2280375629197806,0.7879466866143048,-0.00012603067389316603,0.000932516323710335,-0.0007962787488514033,,,cuVSLAM,,
96,1761211758911,0.2424908016109839,-0.07467091199941933,0.6052704993635416,-0.0001446273693600421,0.0007993399387705873,-0.002058736918645318,,,cuVSLAM,,
97,1761211758928,0.2735431189648807,-0.06088711234042421,0.5870502209290862,-0.0002022222663479993,0.0007651764619499176,-0.005418841578565345,,,cuVSLAM,,
98,1761211758944,0.20348510588519275,-0.2605037880130112,0.5600142758339643,-0.00030527087062016077,0.000675175975770316,-0.00978348491377606,,,cuVSLAM,,
99,1761211758978,0.14038679364603013,-0.7023930083960295,0.6275662453845143,-0.0004136298322265056,0.0006078327993837376,-0.018554846151202276,,,cuVSLAM,,
100,1761211758994,0.23146682360675186,-0.654658186249435,0.5708003300242126,-0.0004087161136131434,0.0005885025722876688,-0.023462132813364605,,,cuVSLAM,,
101,1761211759011,0.32187358010560274,-0.8468233863823116,0.5098695401102304,-0.00036560240808525426,0.0006504295804628666,-0.029793099387693797,,,cuVSLAM,,
102,1761211759028,0.22754060046281666,-1.420091139152646,0.49745565047487617,-0.00035583358615410226,0.0007599942349801896,-0.03775640581121884,,,cuVSLAM,,
103,1761211759044,0.3739365201909095,-1.768183195963502,0.6624946254305542,-0.0004173505313272314,0.0009629868915422854,-0.047666121501151015,,,cuVSLAM,,
104,1761211759061,0.33381927642039955,-2.5263375137001276,0.3494946868158877,-0.0004092049009941342,0.000779914043588551,-0.057502871920491944,,,cuVSLAM,,
105,1761211759078,0.36066267057321966,-2.3235708940774202,0.505868170876056,-0.0005430807443477834,0.0008192771371937877,-0.06575340111328669,,,cuVSLAM,,
106,1761211759094,0.24529919028282166,-2.4277546908706427,0.5178513238206506,-0.0005327180187116845,0.0007008382807113741,-0.07104274711136159,,,cuVSLAM,,
107,1761211759111,0.2513900981284678,-2.345712622627616,0.5149710341356695,-0.0005600946446852382,0.0005949785513266973,-0.07515641356421555,,,cuVSLAM,,
108,1761211759128,0.18692732555791736,-2.387335291132331,0.5234171403571963,-0.0005598681244795167,0.0005131350735523534,-0.07960762601184433,,,cuVSLAM,,
109,1761211759144,0.20406831754371524,-2.537905238568783,0.5836833734065294,-0.0006617451470050555,0.0005273567124262929,-0.08518150741630413,,,cuVSLAM,,
110,1761211759161,0.12108898226870224,-2.7930159121751785,0.5374646279960871,-0.0007814987737515338,0.0004608480667843534,-0.09174897648078105,,,cuVSLAM,,
111,1761211759178,0.05748014518758282,-2.961421152576804,0.6302453111857176,-0.0008581661625219563,0.0004718141826504003,-0.09884439586262724,,,cuVSLAM,,
112,1761211759194,0.07101974915713072,-3.245712723582983,0.7046354585327208,-0.0008959755333507935,0.00044403945728680393,-0.1055276678698631,,,cuVSLAM,,
113,1761211759211,0.020055937056895345,-3.7044393830001354,0.5796268815174699,-0.0008500715332217442,0.0003246592264524132,-0.11175872152161817,,,cuVSLAM,,
114,1761211759228,-0.08664999040775001,-4.063345957547426,0.6759961834177375,-0.0008275923129821199,0.0003389100559637149,-0.11863235074563264,,,cuVSLAM,,
115,1761211759244,-0.11322840146021917,-4.498342517763376,0.8223771583288908,-0.0007507252793063072,0.00040495053144137496,-0.12637317257986264,,,cuVSLAM,,
116,1761211759261,-0.21276844199746847,-4.958978854119778,0.7673612562939525,-0.0007523134263231534,0.00034153883530750785,-0.13472547964753503,,,cuVSLAM,,
117,1761211759278,-0.24188190582208335,-5.108763463795185,0.8642557077109814,-0.0008818515716860256,0.00036931951996992763,-0.14294912667255627,,,cuVSLAM,,
118,1761211759294,-0.34547699033282697,-5.301278084516525,0.6901216693222523,-0.0009313421361038184,0.0001767333170107144,-0.15063971390994071,,,cuVSLAM,,
119,1761211759311,-0.42957509867846966,-5.533964838832617,0.8284001378342509,-0.0010239434471004355,0.0001623739133909517,-0.15799972366997342,,,cuVSLAM,,
120,1761211759328,-0.5783350206911564,-6.144211161881685,1.0324249742552638,-0.0010314207573158306,0.00017665980118584335,-0.16559126142064326,,,cuVSLAM,,
121,1761211759344,-0.6828541518189013,-6.529030855745077,1.0853022104129195,-0.0011303086831634568,0.00013996164655574273,-0.17449035367069657,,,cuVSLAM,,
122,1761211759361,-0.8292616694234312,-7.071021944284439,1.3094001915305853,-0.0011240537790565615,0.00023229852476287774,-0.1848743872919031,,,cuVSLAM,,
123,1761211759378,-0.9093156550079584,-7.589119486510754,1.4101059641689062,-0.001199532079571635,0.00023575472479051932,-0.19624375855224088,,,cuVSLAM,,
124,1761211759394,-1.0305772302672267,-7.938598282635212,1.4840035000815988,-0.0012584589652772727,0.00023141711923491877,-0.20801352100577528,,,cuVSLAM,,
125,1761211759411,-1.1559352278709412,-8.515887893736362,1.2840572744607925,-0.001269598596386481,5.2326881328053506e-05,-0.21926717357439496,,,cuVSLAM,,
126,1761211759428,-1.2495570117607713,-8.925944566726685,1.6877662856131792,-0.0013809978618773253,0.00023444824457438768,-0.2303675443928951,,,cuVSLAM,,
127,1761211759444,-1.342507777735591,-9.37001220881939,1.5946461353451014,-0.0014145110464122226,0.00010312730941574624,-0.24150968986797022,,,cuVSLAM,,
128,1761211759461,-1.4667520299553871,-9.706562384963036,1.6400620806962252,-0.001449020112404982,6.028437773012639e-05,-0.252856402668206,,,cuVSLAM,,
129,1761211759478,-1.6472302377223969,-10.080716572701931,1.7841282533481717,-0.0015002040177411623,5.2496268279898094e-05,-0.2651008810802154,,,cuVSLAM,,
130,1761211759494,-1.8223540391772985,-10.509438812732697,1.9175044726580381,-0.0015571447595653979,2.7525563189218475e-05,-0.2779908294595123,,,cuVSLAM,,
131,1761211759511,-2.0309770479798317,-11.054705828428268,1.9944151863455772,-0.0016219811254491528,-7.079851177032152e-05,-0.29081183247701453,,,cuVSLAM,,
132,1761211759528,-2.359993290156126,-11.73423882573843,1.923674251884222,-0.0016968453526899551,-0.0002669893141535156,-0.3028535368635068,,,cuVSLAM,,
133,1761211759545,-2.623098436743021,-12.053865008056164,2.1072784438729286,-0.0018027148341607402,-0.00030488369750946803,-0.31473001731748673,,,cuVSLAM,,
134,1761211759561,-2.844260074198246,-12.529345229268074,2.211151644587517,-0.0019478970634719736,-0.0003632099922423074,-0.32698285125020127,,,cuVSLAM,,
135,1761211759578,-3.1554684974253178,-13.335795141756535,2.6419837959110737,-0.002138542242098164,-0.00021320439915036322,-0.34025349353306233,,,cuVSLAM,,
136,1761211759594,-3.4986932296305895,-14.337124302983284,2.5618567597121,-0.002064946582017156,-0.0003562397843881551,-0.3542283677413326,,,cuVSLAM,,
137,1761211759611,-3.8580293767154217,-14.760471880435944,2.1498561836779118,-0.0020895898507080576,-0.0007124548646084162,-0.3679458116838331,,,cuVSLAM,,
138,1761211759628,-3.869889071211219,-15.6931821256876,1.848060404881835,-0.002121513058961277,-0.0009959344980420193,-0.37999750845199504,,,cuVSLAM,,
139,1761211759644,-3.9497744292020798,-15.985634177923203,1.775479526259005,-0.00210947160899398,-0.0011378146048559962,-0.39068186331401944,,,cuVSLAM,,
140,1761211759661,-4.25499863922596,-16.472430899739265,1.9348221831023693,-0.0021810537402558094,-0.0011823386517547487,-0.39978326835864103,,,cuVSLAM,,
141,1761211759678,-4.553353413939476,-16.95464551448822,1.966636860743165,-0.002176447492188001,-0.0012522459970534918,-0.4087759093196651,,,cuVSLAM,,
142,1761211759694,-4.788693506270647,-17.392873764038086,2.053791657090187,-0.0022486218664806816,-0.001252636711690212,-0.418697638899035,,,cuVSLAM,,
143,1761211759711,-4.98375715687871,-17.68580451607704,1.947853364981711,-0.00223945229805584,-0.0013623431502669658,-0.42934167337505913,,,cuVSLAM,,
144,1761211759728,-5.183196626603603,-18.123814836144447,1.974278362467885,-0.0022906688453013394,-0.0014332135601133485,-0.43990891736282567,,,cuVSLAM,,
145,1761211759744,-5.493715405464172,-18.60012486577034,2.2713507059961557,-0.0024084909545637008,-0.0013361719299426048,-0.44994395629279416,,,cuVSLAM,,
146,1761211759761,-5.764605011790991,-18.911954015493393,2.150035696104169,-0.0024418601894641806,-0.0015105026316047645,-0.4595066157449692,,,cuVSLAM,,
147,1761211759778,-6.141969468444586,-19.513674080371857,2.1247651893645525,-0.002515781730523547,-0.0015794487940523486,-0.46861924081096784,,,cuVSLAM,,
148,1761211759795,-6.44546328112483,-20.04355937242508,2.11750203743577,-0.0025994222019606397,-0.0016250989488210844,-0.477745551773069,,,cuVSLAM,,
149,1761211759811,-6.654181983321905,-20.48681676387787,2.2214821074157953,-0.00271649802497669,-0.0016124410365759435,-0.48701588518913624,,,cuVSLAM,,
150,1761211759828,-7.057531736791134,-21.005576476454735,2.1947857458144426,-0.0027946292422544677,-0.001656954221482403,-0.4969670774977123,,,cuVSLAM,,
151,1761211759844,-7.1509829722344875,-21.3752668350935,2.249745652079582,-0.0028317865499883133,-0.001646532391201724,-0.507560076832072,,,cuVSLAM,,
152,1761211759861,-7.322270888835192,-21.525966003537178,2.274068770930171,-0.002871719290528567,-0.0016947140599899411,-0.5180732572747353,,,cuVSLAM,,
153,1761211759878,-7.514373864978552,-21.850110962986946,2.6591382920742035,-0.0029176856584530856,-0.0015265269537739449,-0.5277540020198331,,,cuVSLAM,,
154,1761211759894,-7.614074274897575,-22.146066650748253,2.443711506202817,-0.0029860646509019895,-0.001725850586999401,-0.5364671192707374,,,cuVSLAM,,
155,1761211759911,-7.779946085065603,-22.220738232135773,2.507072174921632,-0.0030143980494852164,-0.0017619646953102599,-0.5447639332252303,,,cuVSLAM,,
156,1761211759928,-8.187657222151756,-22.790556773543358,2.7275709435343742,-0.003083030665254339,-0.0017149568177445965,-0.5535623222034097,,,cuVSLAM,,
157,1761211759944,-8.70043970644474,-23.590054363012314,2.724084537476301,-0.002983544254710225,-0.0017842941672887272,-0.5640435132528592,,,cuVSLAM,,
158,1761211759961,-9.201351553201675,-23.83630722761154,2.854607766494155,-0.0030661935489607944,-0.0018000038616493251,-0.5764923514317883,,,cuVSLAM,,
159,1761211759978,-9.53689031302929,-24.12802167236805,2.830350073054433,-0.0031250068466334474,-0.0019326653779258422,-0.5891997216115404,,,cuVSLAM,,
160,1761211759994,-9.975860826671124,-25.018218904733658,2.549197291955352,-0.003011823235945747,-0.002233230246934573,-0.6008184676063082,,,cuVSLAM,,
161,1761211760011,-10.51598321646452,-25.52315592765808,2.5827880017459393,-0.00304795401148204,-0.002362732251013552,-0.6120215860456536,,,cuVSLAM,,
162,1761211760028,-10.936158709228039,-25.681231170892715,2.362116938456893,-0.0031538900888904054,-0.0026144176272080498,-0.6240674539851053,,,cuVSLAM,,
163,1761211760044,-11.148982681334019,-25.597350671887398,2.3222884628921747,-0.0033208551405580753,-0.0026642392758159253,-0.6374516252980061,,,cuVSLAM,,
164,1761211760061,-11.387605220079422,-26.02873183786869,2.200349234044552,-0.003560752865118985,-0.002788918025729307,-0.6515710097028224,,,cuVSLAM,,
165,1761211760078,-11.964625678956509,-26.412393897771835,2.3869057185947895,-0.0036861150555028655,-0.002758460605812028,-0.6657548459196126,,,cuVSLAM,,
166,1761211760094,-12.256236746907234,-26.493772864341736,2.439389703795314,-0.003774166049690196,-0.0028498702297623203,-0.679887088240762,,,cuVSLAM,,
167,1761211760111,-12.300495989620686,-26.81666798889637,2.844176720827818,-0.003939622585245743,-0.002699747566619921,-0.6933385126994699,,,cuVSLAM,,
168,1761211760128,-12.729424051940441,-27.231303974986076,2.5791015941649675,-0.003926657746363456,-0.002915917338830093,-0.7066591835453759,,,cuVSLAM,,
169,1761211760144,-13.01977876573801,-27.30230614542961,2.7596578001976013,-0.004012551868444932,-0.002857071213817729,-0.7205304459868931,,,cuVSLAM,,
170,1761211760161,-13.14328983426094,-27.206210419535637,2.2783256135880947,-0.003957579079731738,-0.003179943326718786,-0.7342423063197328,,,cuVSLAM,,
171,1761211760178,-12.543130666017532,-27.043424546718597,3.004644066095352,-0.0042139306254693094,-0.0027075273198578585,-0.7472093944626009,,,cuVSLAM,,
172,1761211760194,-12.978103011846542,-27.296172454953194,2.829420380294323,-0.004128413319085949,-0.0027989660002882438,-0.7593120456568162,,,cuVSLAM,,
173,1761211760211,-13.574949465692043,-27.950003743171692,2.7904279995709658,-0.00422163874931598,-0.002820017097064174,-0.7721837746173501,,,cuVSLAM,,
174,1761211760228,-13.872290030121803,-28.091616928577423,2.4479154963046312,-0.00416955878583082,-0.0030264639199254198,-0.7865764707870668,,,cuVSLAM,,
175,1761211760244,-14.398795552551746,-28.61807309091091,2.540130401030183,-0.0041181050921587446,-0.0031442713583679665,-0.800116312187697,,,cuVSLAM,,
176,1761211760261,-13.733278028666973,-27.861153706908226,1.6485319938510656,-0.003796735958567774,-0.0037767682356041558,-0.8127991843591335,,,cuVSLAM,,
177,1761211760278,-13.966704718768597,-28.088059276342392,1.6765212640166283,-0.0038927419595222853,-0.0038837860840694894,-0.8225879045975691,,,cuVSLAM,,
178,1761211760294,-14.278464950621128,-28.409350663423538,1.7110243206843734,-0.003972166186337975,-0.003930410993513161,-0.8308871735017809,,,cuVSLAM,,
179,1761211760311,-14.378827065229416,-28.53788435459137,1.6759298741817474,-0.004069125443394047,-0.0038923094538141586,-0.8388038838792411,,,cuVSLAM,,
180,1761211760328,-14.517050236463547,-28.733855113387108,1.6852422850206494,-0.004243887303225967,-0.00376912336519228,-0.8473454816618261,,,cuVSLAM,,
181,1761211760344,-14.83418233692646,-28.94299291074276,1.7366604879498482,-0.004360779413088334,-0.003607233955027941,-0.8573818040527728,,,cuVSLAM,,
182,1761211760361,-15.073767863214016,-29.09744903445244,1.7694573616608977,-0.00450989435274017,-0.003490554288970185,-0.868759027063184,,,cuVSLAM,,
183,1761211760378,-15.335052274167538,-29.29757349193096,1.8766379216685891,-0.004678302133550949,-0.0033791925488068056,-0.8808056139082663,,,cuVSLAM,,
184,1761211760394,-15.794940292835236,-29.565948992967606,1.9172719912603498,-0.004763398867840053,-0.0033745971271357806,-0.8933007355671905,,,cuVSLAM,,
185,1761211760411,-16.24232903122902,-29.92943488061428,1.81274872738868,-0.004726295125285147,-0.003449806953303396,-0.9062923754291432,,,cuVSLAM,,
186,1761211760428,-16.658402979373932,-30.15189990401268,1.8447998445481062,-0.004749328771688754,-0.003494989624561809,-0.9192613254653841,,,cuVSLAM,,
187,1761211760444,-17.01507344841957,-30.32248094677925,1.9075294258072972,-0.004733480141154218,-0.0035999218093055916,-0.931615099829764,,,cuVSLAM,,
188,1761211760461,-17.285790294408798,-30.44772520661354,1.9999067299067974,-0.004751884640262999,-0.0037157534462714525,-0.9431296943970935,,,cuVSLAM,,
189,1761211760478,-17.72237941622734,-30.917583033442497,1.7455468187108636,-0.004768446523126153,-0.004014284795118979,-0.9532688796331832,,,cuVSLAM,,
190,1761211760494,-17.841290682554245,-31.0019813477993,1.9125958206132054,-0.004747710713879148,-0.004029033386302478,-0.9626566017320247,,,cuVSLAM,,
191,1761211760511,-18.19060742855072,-31.25545382499695,1.812249654904008,-0.0047596869157615915,-0.004120554927618126,-0.9711673396224151,,,cuVSLAM,,
192,1761211760528,-18.491914495825768,-31.468909233808517,1.7676790012046695,-0.004720057895791566,-0.004146692395806534,-0.9792842748930514,,,cuVSLAM,,
193,1761211760544,-18.94720084965229,-31.768258661031723,1.8691710429266095,-0.004670731710444354,-0.004115839954259053,-0.9869136295731519,,,cuVSLAM,,
194,1761211760561,-19.140638411045074,-31.80316835641861,1.873357337899506,-0.004662523626062051,-0.004212879032302004,-0.9942733109352265,,,cuVSLAM,,
195,1761211760578,-19.545381888747215,-31.9850891828537,1.8055113032460213,-0.004647518240731619,-0.004395070528120806,-1.0011425695505178,,,cuVSLAM,,
196,1761211760594,-19.579578191041946,-31.95088356733322,1.9381773890927434,-0.004717919550503166,-0.004445494953703121,-1.0073606486244107,,,cuVSLAM,,
197,1761211760611,-20.101362839341164,-32.22573548555374,1.9975367467850447,-0.004689344779586479,-0.004590995684928294,-1.0124437878293335,,,cuVSLAM,,
198,1761211760628,-20.34815028309822,-32.23538398742676,1.9023357890546322,-0.004667826102831661,-0.0047030275974623975,-1.0171547519707316,,,cuVSLAM,,
199,1761211760644,-20.525779575109482,-32.30370953679085,1.9182668766006827,-0.004655419085969006,-0.004745201418932868,-1.0213891884214357,,,cuVSLAM,,
200,1761211760661,-20.592529326677322,-32.28636458516121,1.7407123232260346,-0.004684904954979909,-0.004865666387395039,-1.0256014565742502,,,cuVSLAM,,
201,1761211760678,-20.88139019906521,-32.5339213013649,1.8267740961164236,-0.004601509555496463,-0.004875736756762925,-1.0299228159549416,,,cuVSLAM,,
202,1761211760694,-21.016985177993774,-32.62154385447502,1.9167803693562746,-0.004647262035093542,-0.004870077502617647,-1.034378760737952,,,cuVSLAM,,
203,1761211760711,-21.14093117415905,-32.629743218421936,2.0040536765009165,-0.0045800083468930065,-0.00481283815534852,-1.0387293468412568,,,cuVSLAM,,
204,1761211760728,-21.479442715644836,-32.79111161828041,2.0234135445207357,-0.004496636539008698,-0.0048309214943089585,-1.0424298696868353,,,cuVSLAM,,
205,1761211760744,-21.66524901986122,-32.97096490859985,2.0644639153033495,-0.004440270443858173,-0.004857097906299738,-1.0453504932747102,,,cuVSLAM,,
206,1761211760761,-21.697770804166794,-32.968729734420776,2.106375526636839,-0.004390352238393505,-0.004877478941128124,-1.048275844304545,,,cuVSLAM,,
207,1761211760778,-21.894587203860283,-32.942626625299454,2.073397394269705,-0.0044631469401523365,-0.004987795002401309,-1.051867722661864,,,cuVSLAM,,
208,1761211760794,-21.898649632930756,-32.95481577515602,2.126331441104412,-0.0046033376381604055,-0.005111799415122274,-1.0561223605739969,,,cuVSLAM,,
209,1761211760811,-21.966129541397095,-32.86139294505119,2.2248688619583845,-0.00470864017005831,-0.005152252686674014,-1.0603753527829836,,,cuVSLAM,,
210,1761211760828,-21.9527967274189,-33.11141952872276,2.149598440155387,-0.004802799287848749,-0.0052048241313579265,-1.0635976628107016,,,cuVSLAM,,
211,1761211760844,-21.636057645082474,-33.42194855213165,1.9825610797852278,-0.004781313856675361,-0.005273676659032595,-1.064900441151335,,,cuVSLAM,,
212,1761211760861,-21.586954593658447,-33.450424671173096,1.9561797380447388,-0.004775784043237214,-0.0052795097950092875,-1.0648810399748916,,,cuVSLAM,,
213,1761211760878,-21.64361998438835,-33.472850918769836,2.0025630947202444,-0.0047174129664005054,-0.0052138564216254865,-1.0647941681243225,,,cuVSLAM,,
214,1761211760894,-21.64153754711151,-33.43908116221428,1.9921157509088516,-0.004665234444864771,-0.005173942757491936,-1.0647531401024684,,,cuVSLAM,,
215,1761211760911,-21.601535379886627,-33.464401960372925,1.9950289279222488,-0.004670585163844345,-0.005139965739179141,-1.0647196977854296,,,cuVSLAM,,
216,1761211760928,-21.661648526787758,-33.48137438297272,2.0228205248713493,-0.00467360026537768,-0.0051069300362621165,-1.064617478129301,,,cuVSLAM,,
217,1761211760944,-21.730680018663406,-33.480457961559296,2.1049524657428265,-0.004758169711625698,-0.005048157321520034,-1.064412951677752,,,cuVSLAM,,
218,1761211760978,-21.441418677568436,-33.32364931702614,1.9126636907458305,-0.004893625297079534,-0.005149791367767117,-1.0625612991633713,,,cuVSLAM,,
219,1761211760994,-21.325206384062767,-33.27248990535736,1.9611988682299852,-0.00492977864753106,-0.005128485534826923,-1.0604521169947323,,,cuVSLAM,,
220,1761211761011,-21.376393735408783,-33.28564390540123,2.1333182230591774,-0.004907894158117056,-0.005055806001353124,-1.057620711916414,,,cuVSLAM,,
221,1761211761028,-21.33868634700775,-33.24947878718376,2.0952047780156136,-0.004833682324227069,-0.005021512221010735,-1.0537850521050984,,,cuVSLAM,,
222,1761211761044,-20.89199610054493,-33.10267999768257,1.9837606232613325,-0.004827264292072505,-0.00499301046580008,-1.0488006743155538,,,cuVSLAM,,
223,1761211761061,-20.680464804172516,-33.08279439806938,2.07335501909256,-0.004862836455731193,-0.004855466910967932,-1.0418980519950514,,,cuVSLAM,,
224,1761211761078,-20.206401124596596,-32.89357200264931,2.0519401878118515,-0.004909952653456503,-0.004694901930437488,-1.0333759716283553,,,cuVSLAM,,
225,1761211761094,-19.65462788939476,-32.77084603905678,1.8150664400309324,-0.004950018716800062,-0.0046425880400879594,-1.0236236857452545,,,cuVSLAM,,
226,1761211761111,-19.464202225208282,-32.7698215842247,1.8932507373392582,-0.0048938205217292615,-0.0044760624011307894,-1.0134045491010215,,,cuVSLAM,,
227,1761211761128,-18.915943801403046,-32.61563926935196,1.8370836041867733,-0.004803260832309314,-0.004306176684734305,-1.0037630169296394,,,cuVSLAM,,
228,1761211761144,-18.425337970256805,-32.406918704509735,1.9056645687669516,-0.004673513364084474,-0.004078076626831592,-0.9946700766191549,,,cuVSLAM,,
229,1761211761161,-18.315160647034645,-32.54326060414314,1.87966029625386,-0.004577906993384815,-0.003938587331401833,-0.9858342048624086,,,cuVSLAM,,
230,1761211761178,-17.86506548523903,-32.365359365940094,1.875036396086216,-0.00456167086412056,-0.0037594725968211726,-0.9773167982457097,,,cuVSLAM,,
231,1761211761195,-17.803139984607697,-32.27466717362404,1.947332639247179,-0.004590583354066234,-0.0036551235118272257,-0.9683669035266288,,,cuVSLAM,,
232,1761211761211,-17.2271691262722,-31.99642151594162,1.7700815806165338,-0.004613600591795239,-0.003733532158636127,-0.9592217731108957,,,cuVSLAM,,
233,1761211761228,-17.044873908162117,-31.636226922273636,1.8637675093486905,-0.004640260194412916,-0.0037338221391755564,-0.9497121838251391,,,cuVSLAM,,
234,1761211761245,-16.751067712903023,-31.467821449041367,1.6855746507644653,-0.0047233074723626875,-0.0038575414913549835,-0.9401577397186545,,,cuVSLAM,,
235,1761211761261,-16.54573157429695,-31.138677150011063,1.7741572810336947,-0.004745904989019961,-0.0038020561794451166,-0.9304745275230714,,,cuVSLAM,,
236,1761211761278,-16.29224605858326,-30.893919989466667,1.8196199089288712,-0.0047297098012352495,-0.0037951239148201563,-0.9203226921481499,,,cuVSLAM,,
237,1761211761294,-16.24099537730217,-30.767247080802917,1.8796130316331983,-0.004683358022732892,-0.003684518351237336,-0.9095874473963708,,,cuVSLAM,,
238,1761211761311,-15.54897055029869,-30.34869395196438,1.7036782810464501,-0.004653271412252775,-0.0036090252807442474,-0.8988282237570665,,,cuVSLAM,,
239,1761211761328,-15.193317085504532,-30.138185247778893,1.9580444786697626,-0.004490420866436891,-0.003375846145573771,-0.8875266156927801,,,cuVSLAM,,
240,1761211761344,-15.005161985754967,-30.001895502209663,1.776699791662395,-0.004309349186626697,-0.003318281397077534,-0.8762143419663411,,,cuVSLAM,,
241,1761211761361,-14.6638173609972,-29.899608343839645,1.7227060161530972,-0.004170581628510935,-0.0031839293746634915,-0.8653215609010732,,,cuVSLAM,,
242,1761211761378,-14.245886355638504,-29.557131230831146,1.9035590812563896,-0.004131126546449209,-0.002976666753520886,-0.8546783797066715,,,cuVSLAM,,
243,1761211761394,-14.014801010489464,-29.305823147296906,1.7400420038029552,-0.004090807726566728,-0.0029838859185785747,-0.8438831036688934,,,cuVSLAM,,
244,1761211761411,-13.644954189658165,-28.988467529416084,1.9274877849966288,-0.004074079461757294,-0.0028820215204753688,-0.8329984654604714,,,cuVSLAM,,
245,1761211761428,-13.468816876411438,-28.598275035619736,1.9729537889361382,-0.004109357947669678,-0.002825176999645335,-0.8221583247556231,,,cuVSLAM,,
246,1761211761444,-13.381670229136944,-28.3486545085907,1.8741654930636287,-0.00412260901717844,-0.002865634475211812,-0.8120266641884935,,,cuVSLAM,,
247,1761211761461,-12.98689004033804,-27.9447752982378,1.9831950776278973,-0.004136350273118426,-0.002792153597754423,-0.8030877618218647,,,cuVSLAM,,
248,1761211761478,-12.91601825505495,-27.850588783621788,1.862156204879284,-0.004074204005728315,-0.0028019046340623435,-0.7951593703325562,,,cuVSLAM,,
249,1761211761494,-12.663830071687698,-27.66038477420807,2.0039312075823545,-0.003957271993811546,-0.002704414078601855,-0.7884034739800259,,,cuVSLAM,,
250,1761211761511,-12.5193502753973,-27.47809700667858,1.9598118960857391,-0.0037748074796396017,-0.0027141961659143286,-0.7826573012750598,,,cuVSLAM,,
251,1761211761528,-12.52844836562872,-27.455685660243034,2.038822043687105,-0.0036205684101288287,-0.0026860559388695716,-0.7777778693053469,,,cuVSLAM,,
252,1761211761544,-12.488122098147869,-27.47827209532261,2.068381756544113,-0.0034417044588737305,-0.0027054405696527346,-0.773902225518207,,,cuVSLAM,,
253,1761211761561,-12.278261594474316,-27.297167107462883,1.9390789093449712,-0.0034475180924481213,-0.0028176566616064293,-0.7711855468138816,,,cuVSLAM,,
254,1761211761578,-12.500926852226257,-27.148151770234108,1.9791761878877878,-0.003413048701795722,-0.002931155753540994,-0.768769122133752,,,cuVSLAM,,
255,1761211761594,-12.492400594055653,-26.924626901745796,2.0096057560294867,-0.003439112010438858,-0.0030393356063781176,-0.7661263495403678,,,cuVSLAM,,
256,1761211761611,-12.220975011587143,-26.707196608185768,1.5581315383315086,-0.0036341075235360267,-0.0033453705245160745,-0.7625054980925177,,,cuVSLAM,,
257,1761211761628,-11.815921403467655,-26.265891268849373,1.627933932468295,-0.00376546760271081,-0.0034424277521814374,-0.7569820671995718,,,cuVSLAM,,
258,1761211761644,-11.963826604187489,-26.199137791991234,1.5938844298943877,-0.0037661571232312087,-0.0035515323480012234,-0.7487793904367972,,,cuVSLAM,,
259,1761211761661,-11.478271335363388,-25.69127082824707,1.6841465840116143,-0.0038553933167927335,-0.0035313707075290833,-0.7389176902868045,,,cuVSLAM,,
260,1761211761678,-11.291607283055782,-25.358563289046288,1.8951701931655407,-0.003829328378862587,-0.0033950435988882714,-0.7278666406947784,,,cuVSLAM,,
261,1761211761694,-10.991493239998817,-24.997584521770477,1.7663893522694707,-0.0037646681185204913,-0.003423180264403868,-0.7166639996486078,,,cuVSLAM,,
262,1761211761711,-10.738599114120007,-24.783767759799957,1.7207786440849304,-0.0036814193278857624,-0.0034016741416000133,-0.7058035350469666,,,cuVSLAM,,
263,1761211761728,-10.544100776314735,-24.52445775270462,1.8837805837392807,-0.0035886700597597423,-0.0032727537351743045,-0.6952900681691895,,,cuVSLAM,,
264,1761211761744,-10.372037999331951,-24.210698902606964,1.8439388368278742,-0.003521413526176746,-0.003306437086296592,-0.6846589963924459,,,cuVSLAM,,
265,1761211761761,-10.233260691165924,-23.916929960250854,1.9614361226558685,-0.0034739270926320855,-0.003264335088205107,-0.6734611192076715,,,cuVSLAM,,
266,1761211761778,-9.892834350466728,-23.59655871987343,1.7746685771271586,-0.003438976583041023,-0.00334854610718665,-0.6616646220240764,,,cuVSLAM,,
267,1761211761794,-9.518861770629883,-23.11732806265354,1.7326809465885162,-0.0034806810646787786,-0.003346862407168323,-0.6494030918100686,,,cuVSLAM,,
268,1761211761811,-9.259559214115143,-22.830668836832047,1.7598946578800678,-0.0035488225464562267,-0.0032612464717148228,-0.6367282796805882,,,cuVSLAM,,
269,1761211761844,-8.51738452911377,-21.697551012039185,1.6939399065449834,-0.0036806807497630325,-0.0031817867817062195,-0.6097870278669039,,,cuVSLAM,,
270,1761211761861,-7.8956494107842445,-20.733900368213654,1.6598436050117016,-0.003721673197008379,-0.00309888421480799,-0.5948188343239588,,,cuVSLAM,,
271,1761211761878,-7.7389804646372795,-20.455263555049896,1.815378898754716,-0.0036332734745881784,-0.0028955671723064867,-0.5786413961987226,,,cuVSLAM,,
272,1761211761894,-7.416559848934412,-20.092401653528214,1.800907077267766,-0.0035109681678468373,-0.0027775905900230876,-0.5623572610242689,,,cuVSLAM,,
273,1761211761911,-6.89670629799366,-19.554879516363144,1.8538373988121748,-0.0033863491591417934,-0.00256202897049704,-0.5470343700854954,,,cuVSLAM,,
274,1761211761928,-6.502044852823019,-19.650429487228394,1.8588221864774823,-0.003251163541084774,-0.002349743519350267,-0.532936299695492,,,cuVSLAM,,
275,1761211761944,-6.0231247916817665,-19.284846261143684,1.9101777579635382,-0.0031685919417459335,-0.002122662058092727,-0.5207186600998621,,,cuVSLAM,,
276,1761211761962,-5.793493241071701,-18.962455913424492,1.8817986128851771,-0.0031088052185885844,-0.0019628161673328234,-0.509415568993065,,,cuVSLAM,,
277,1761211761978,-5.651840008795261,-18.72270554304123,1.9307852489873767,-0.003117511562930676,-0.0018042703852313385,-0.49800351953626615,,,cuVSLAM,,
278,1761211761994,-5.4717822931706905,-18.245283514261246,1.8852325156331062,-0.0031041505043189976,-0.0017257422871992153,-0.48589806810684294,,,cuVSLAM,,
279,1761211762011,-5.247677210718393,-17.80885085463524,2.0074506755918264,-0.003055823361594284,-0.0015739839270311217,-0.4728573328121677,,,cuVSLAM,,
280,1761211762028,-4.822836723178625,-17.236195504665375,2.2292681969702244,-0.00304656761658629,-0.001353695227653741,-0.4593554736200984,,,cuVSLAM,,
281,1761211762044,-4.463552962988615,-16.637496650218964,2.135899383574724,-0.0030652753884887105,-0.001261900981203895,-0.44601353049666176,,,cuVSLAM,,
282,1761211762061,-4.43064933642745,-16.248594969511032,2.2583778481930494,-0.003003512374226007,-0.001083469644727572,-0.43315497244973145,,,cuVSLAM,,
283,1761211762078,-4.084720276296139,-15.802433714270592,2.311785239726305,-0.0029760357717257,-0.0009194669300592062,-0.4208736371853657,,,cuVSLAM,,
284,1761211762094,-3.9244266226887703,-15.47323726117611,2.2084140218794346,-0.002942336894878257,-0.0008845525408723853,-0.40843230558818644,,,cuVSLAM,,
285,1761211762111,-3.80559079349041,-14.925047755241394,2.1243535447865725,-0.0028429304575655653,-0.0009159139283796119,-0.3956259188532639,,,cuVSLAM,,
286,1761211762128,-3.8136309012770653,-14.666466042399406,2.3457962088286877,-0.0027538125198835763,-0.0008039563819381545,-0.3826248429716959,,,cuVSLAM,,
287,1761211762144,-3.664664924144745,-14.219640754163265,2.230335958302021,-0.0027372567569659096,-0.0008657229206581912,-0.3701642415631374,,,cuVSLAM,,
288,1761211762161,-3.587203100323677,-13.98323941975832,2.240861067548394,-0.0026272398777003377,-0.0008208378347147584,-0.35840250874552626,,,cuVSLAM,,
289,1761211762178,-3.464745357632637,-13.768329285085201,1.9866027869284153,-0.002613480875817941,-0.0008996738890075387,-0.3477903854590821,,,cuVSLAM,,
290,1761211762194,-3.217790275812149,-13.50859273225069,1.928310957737267,-0.0025469419857554218,-0.000884229214144908,-0.33848819623570775,,,cuVSLAM,,
291,1761211762211,-3.0798381194472313,-13.041988015174866,2.1187334787100554,-0.002470085895946063,-0.0007699189936374835,-0.32993089189082897,,,cuVSLAM,,
292,1761211762228,-3.0188728123903275,-12.72619515657425,2.052747644484043,-0.0023579703848064086,-0.0008376042998892853,-0.3214798147689597,,,cuVSLAM,,
293,1761211762244,-3.1660906970500946,-12.675085105001926,2.1131006069481373,-0.002177223948140327,-0.0008838193946966627,-0.3132090518429554,,,cuVSLAM,,
294,1761211762261,-2.983321435749531,-12.363112531602383,2.165289595723152,-0.002089022876174142,-0.0009342403394254364,-0.30551066195200577,,,cuVSLAM,,
295,1761211762278,-2.997037023305893,-12.183740735054016,2.021360443904996,-0.0019514840705578279,-0.0011498426895409806,-0.29789549350789113,,,cuVSLAM,,
296,1761211762294,-2.9736673459410667,-11.721722781658173,1.8758332589641213,-0.0019054960684579158,-0.001381893010276181,-0.2902260212383659,,,cuVSLAM,,
297,1761211762311,-2.938857302069664,-11.167299933731556,1.9220607355237007,-0.0019344672432285886,-0.0014691587236760298,-0.2821584560827394,,,cuVSLAM,,
298,1761211762328,-2.8167124837636948,-10.999564081430435,2.1385548170655966,-0.002027550568272827,-0.0013966114845610487,-0.27331460480345854,,,cuVSLAM,,
299,1761211762344,-2.869662828743458,-10.37265919148922,2.1078798454254866,-0.002107061176575329,-0.001444997755745083,-0.26374293938809634,,,cuVSLAM,,
300,1761211762361,-2.92951799929142,-9.94940660893917,1.9323988817632198,-0.0022396563621950756,-0.0014998606937722716,-0.2531482810166959,,,cuVSLAM,,
301,1761211762378,-2.5071781128644943,-9.42513719201088,1.6342358430847526,-0.002234716049842964,-0.0015335491322115177,-0.24205769257222498,,,cuVSLAM,,
302,1761211762394,-2.301335334777832,-8.870571851730347,1.5475978143513203,-0.0021581654236674363,-0.0013237252121476016,-0.23020138030417908,,,cuVSLAM,,
303,1761211762411,-1.9037052989006042,-8.211243897676468,1.3980194926261902,-0.0020934011016673013,-0.0011126457291494045,-0.2184309300567764,,,cuVSLAM,,
304,1761211762428,-1.8652435392141342,-8.275005966424942,1.421175547875464,-0.0020987535916701986,-0.0007216240793780497,-0.20696379124600703,,,cuVSLAM,,
305,1761211762444,-1.6579385846853256,-8.05133581161499,1.730451243929565,-0.001999890098493779,-0.00010760454246712876,-0.1958644181240702,,,cuVSLAM,,
306,1761211762461,-1.3971701264381409,-7.255855947732925,1.6604759730398655,-0.0019330280229575402,0.0002715577577550577,-0.18348621338262633,,,cuVSLAM,,
307,1761211762478,-0.5573434755206108,-5.825629457831383,1.1889354791492224,-0.002190163715191405,0.00046451163237594775,-0.1689795112431727,,,cuVSLAM,,
308,1761211762494,-0.12032949598506093,-4.762167111039162,1.2392520438879728,-0.002219220823321383,0.0007348380516995096,-0.15193057987660438,,,cuVSLAM,,
309,1761211762511,-0.008439004886895418,-3.754034172743559,1.1977949179708958,-0.0022029356785079365,0.0008786613784144663,-0.13355774641519913,,,cuVSLAM,,
310,1761211762528,0.07699098205193877,-3.006462939083576,1.2585013173520565,-0.0022592150665640244,0.0010063092897067746,-0.11481539918043317,,,cuVSLAM,,
311,1761211762544,0.191957107745111,-2.0053316839039326,1.3458727626129985,-0.0022555756312866632,0.0011382857622230008,-0.0967368749459679,,,cuVSLAM,,
312,1761211762578,0.1587985025253147,-1.0858578607439995,1.5393663197755814,-0.0021432812894983896,0.001268932096939998,-0.0627091004590097,,,cuVSLAM,,
313,1761211762594,0.17072437913157046,-1.0850909166038036,1.7575441161170602,-0.002029223593734026,0.0014319406967591918,-0.047678953875558885,,,cuVSLAM,,
314,1761211762611,0.3273902111686766,-0.4255729727447033,1.564841833896935,-0.0020309699380578992,0.0013707985792707647,-0.03533094183956556,,,cuVSLAM,,
315,1761211762628,0.24158123414963484,-0.05524372681975365,1.4566500904038548,-0.0019571405180753053,0.0013791164568113597,-0.025004914043486714,,,cuVSLAM,,
316,1761211762644,0.2407296560704708,-0.08779903873801231,1.4573187800124288,-0.0018089514016574244,0.0014451301874081042,-0.016317368402512782,,,cuVSLAM,,
317,1761211762661,0.22244814317673445,0.05894387140870094,1.6523150261491537,-0.0016763400888887123,0.0016266773184138903,-0.009224174311992779,,,cuVSLAM,,
318,1761211762678,0.3673374594654888,0.5050795152783394,1.5238744672387838,-0.001598744238789569,0.0016163588505553586,-0.003023594419723829,,,cuVSLAM,,
319,1761211762694,0.37508533569052815,0.5648662336170673,1.448127906769514,-0.00143750594887835,0.001596781227055675,0.0031406357332287734,,,cuVSLAM,,
320,1761211762711,0.2643263142090291,0.4886481910943985,1.404888927936554,-0.0013012424416982144,0.0015318754172340171,0.009049901919801718,,,cuVSLAM,,
321,1761211762728,0.20038936054334044,0.612413976341486,1.3418382732197642,-0.0012163773254511906,0.0014329735952899473,0.01440396042660168,,,cuVSLAM,,
322,1761211762744,0.10357465362176299,0.947542954236269,1.641904702410102,-0.001175382123926573,0.0015321040036366184,0.01922825381770694,,,cuVSLAM,,
323,1761211762761,0.01835933653637767,1.0852394625544548,1.4733290299773216,-0.0011253086013091218,0.0013492980319292963,0.024122525830831354,,,cuVSLAM,,
324,1761211762778,-0.010789430234581232,1.2975800782442093,1.5575739089399576,-0.0011787837608609776,0.0013506643183022317,0.029419434398939626,,,cuVSLAM,,
325,1761211762794,-0.16844028141349554,1.2798230163753033,1.4444604748860002,-0.0011235100966973557,0.0012273269706947318,0.035544541285944815,,,cuVSLAM,,
326,1761211762811,-0.13004959328100085,2.0268578082323074,1.5102664474397898,-0.0011710757076105226,0.0012456200016203588,0.042120188507427284,,,cuVSLAM,,
327,1761211762828,-0.15560135943815112,2.3871082812547684,1.4151218347251415,-0.0011750917234613135,0.0011438794372150972,0.04970294489831196,,,cuVSLAM,,
328,1761211762844,-0.2544489107094705,2.65956437215209,1.535586197860539,-0.0011050245377753275,0.0011592108294744357,0.057951767225918466,,,cuVSLAM,,
329,1761211762861,-0.29922445537522435,2.9812492430210114,1.605657977052033,-0.0010850192873652993,0.0011935581238101723,0.06664799191903459,,,cuVSLAM,,
330,1761211762878,-0.391781737562269,3.4363288432359695,1.7387382686138153,-0.0010573533386943777,0.0012687760212235365,0.07532097093708064,,,cuVSLAM,,
331,1761211762894,-0.4896704922430217,3.6492981016635895,1.376511761918664,-0.0009793334909632117,0.0010769159826316097,0.08397939148876195,,,cuVSLAM,,
332,1761211762911,-0.33648061798885465,3.8856081664562225,2.019579755142331,-0.0009098312009965301,0.0015875252017668127,0.0923357944458736,,,cuVSLAM,,
333,1761211762928,-0.3518964513204992,4.210564307868481,1.5641949139535427,-0.0008400167661097908,0.0014048796328249903,0.1003026803102723,,,cuVSLAM,,
334,1761211762945,-0.3280329401604831,4.67277504503727,1.6285366145893931,-0.0008440595018593062,0.0015572846900307443,0.10832574894493018,,,cuVSLAM,,
335,1761211762961,-0.32464676769450307,4.824694246053696,1.8968211952596903,-0.0007354246183994552,0.0018190098242537977,0.11673307665337673,,,cuVSLAM,,
336,1761211762978,-0.3912939573638141,5.286164581775665,1.5229042619466782,-0.0007807997784097248,0.0017027952486137461,0.12479230823631457,,,cuVSLAM,,
337,1761211762994,-0.28247671434655786,5.572204478085041,1.9747286569327116,-0.000748195384132041,0.0020840072820945284,0.1327187361968952,,,cuVSLAM,,
338,1761211763011,-0.25098066544160247,5.902914330363274,1.929844613187015,-0.0007151717228575892,0.002178796617109574,0.14039180033750526,,,cuVSLAM,,
339,1761211763028,-0.123133126180619,6.301505491137505,2.1798398811370134,-0.0007335628501764948,0.0025101617015462117,0.14804340655250994,,,cuVSLAM,,
340,1761211763044,-0.17865229165181518,6.585181690752506,2.1485856268554926,-0.0006432573337284595,0.0026758124998343723,0.15599479055723214,,,cuVSLAM,,
341,1761211763061,-0.0972393318079412,6.676788441836834,2.2408815566450357,-0.00048404322790218717,0.002897779530251179,0.16436739578893445,,,cuVSLAM,,
342,1761211763078,-0.18493732204660773,6.687743589282036,2.532006474211812,-0.00024404797179443876,0.003149343130961099,0.17327052107233556,,,cuVSLAM,,
343,1761211763094,-0.36711053689941764,6.840502843260765,2.5669406168162823,-2.8048076889770535e-06,0.0031346689936450666,0.18219396177414623,,,cuVSLAM,,
344,1761211763111,-0.3103657509200275,7.139428518712521,2.57871113717556,0.00013058186578653941,0.003065731328353661,0.19058769068274062,,,cuVSLAM,,
345,1761211763128,-0.49924658378586173,6.389906629920006,2.048628870397806,0.00034158079605668077,0.002644607592811614,0.198276672560561,,,cuVSLAM,,
346,1761211763144,-0.670360226649791,6.680685095489025,1.7262481851503253,0.0002870187631968023,0.0024126969224157924,0.20434145744052293,,,cuVSLAM,,
347,1761211763161,-0.8239235612563789,6.606527604162693,1.7231859965249896,0.0002792583292897535,0.0024014224977132966,0.21086332361404694,,,cuVSLAM,,
348,1761211763178,-0.7961767842061818,7.147527299821377,1.8135630525648594,0.0001270714551823418,0.0025439568613619683,0.2177930203364036,,,cuVSLAM,,
349,1761211763194,-0.725361576769501,8.528875187039375,2.366940723732114,-9.528191528658812e-05,0.0029837281845182325,0.225676218652416,,,cuVSLAM,,
350,1761211763211,-0.8837329805828631,9.344251826405525,2.42272624745965,-0.0001741707467110938,0.003088741412518503,0.23556083669755584,,,cuVSLAM,,
351,1761211763228,-0.9909768123179674,9.856997057795525,2.306054811924696,-0.00015100789476568704,0.003095238172286062,0.24667419620540953,,,cuVSLAM,,
352,1761211763244,-1.0713611263781786,10.1410411298275,2.6510716415941715,-5.252441913418721e-05,0.003369504602503597,0.2576422926261416,,,cuVSLAM,,
353,1761211763261,-1.0879549663513899,10.369405150413513,2.9440228827297688,0.00017453196650134997,0.0036138994081212194,0.2676032284282654,,,cuVSLAM,,
354,1761211763278,-1.156807178631425,10.673406533896923,2.852389356121421,0.000263733887623478,0.0036197343958112235,0.2762969392470358,,,cuVSLAM,,
355,1761211763294,-1.273804111406207,10.74593048542738,2.9103890992701054,0.0003306517693384866,0.003719319047221223,0.28408674014587454,,,cuVSLAM,,
356,1761211763311,-1.3450083788484335,10.997544974088669,2.840332221239805,0.00028724181114058274,0.0037663661502135323,0.29180592678042183,,,cuVSLAM,,
357,1761211763328,-1.354436157271266,11.357711628079414,2.890318166464567,0.0003019335000246852,0.0038826492115713175,0.3002166538390914,,,cuVSLAM,,
358,1761211763344,-1.5572253614664078,11.983893811702728,2.7897129766643047,0.0002497537539049641,0.003855096234750325,0.3094602090095043,,,cuVSLAM,,
359,1761211763361,-1.6363710165023804,12.31507770717144,2.9236581176519394,0.00027783897098727234,0.003991672770717917,0.32004646052384716,,,cuVSLAM,,
360,1761211763378,-1.7289561219513416,12.952763587236404,2.754868706688285,0.00024285834739266502,0.003966855829371581,0.3307041462646216,,,cuVSLAM,,
361,1761211763394,-1.8259051721543074,13.352416455745697,3.4516837913542986,0.00028166781590675415,0.004497343403768697,0.34119810203734674,,,cuVSLAM,,
362,1761211763411,-1.9178793299943209,13.807253912091255,3.2925282139331102,0.0003280882240683535,0.0044850675363961685,0.35140142587911277,,,cuVSLAM,,
363,1761211763428,-2.1195539738982916,14.010874554514885,3.211457282304764,0.0004226127691579077,0.004487850793532712,0.36160829059681315,,,cuVSLAM,,
364,1761211763444,-2.132206689566374,14.234349131584167,3.232745686545968,0.000491946308800204,0.004569435110120215,0.3715101124771994,,,cuVSLAM,,
365,1761211763461,-2.435065573081374,14.491993933916092,3.166249953210354,0.000549575391721942,0.004610823442472674,0.381308610999575,,,cuVSLAM,,
366,1761211763478,-2.5263139978051186,14.902034774422646,3.166279988363385,0.0005873654312902878,0.004728581988414666,0.3911233019876616,,,cuVSLAM,,
367,1761211763494,-2.6529692113399506,15.543503686785698,2.652000170201063,0.0004956551092880665,0.004552559325484921,0.4013208221636355,,,cuVSLAM,,
368,1761211763511,-2.658406738191843,16.14701747894287,3.2284404151141644,0.0004998573116935325,0.0050695055628460035,0.4122097298020435,,,cuVSLAM,,
369,1761211763528,-2.889271592721343,16.581177711486816,3.1127813272178173,0.0004925279212201966,0.005096449583136072,0.4238112205979731,,,cuVSLAM,,
370,1761211763544,-3.1348613556474447,16.58651791512966,2.773670945316553,0.0005658928481843572,0.004999603047541446,0.4361575749916897,,,cuVSLAM,,
371,1761211763561,-3.3483332954347134,17.348799854516983,2.323753433302045,0.0006229546428082484,0.004822610301625923,0.44803984709199696,,,cuVSLAM,,
372,1761211763578,-3.5705461632460356,17.675483599305153,2.358395140618086,0.0007320336483888652,0.004945283204948116,0.45966791630808884,,,cuVSLAM,,
373,1761211763594,-3.720913315191865,18.019385635852814,2.37650447525084,0.0008982752441039005,0.005030791221819817,0.47051350217221766,,,cuVSLAM,,
374,1761211763611,-3.867300460115075,18.51399429142475,2.4903747253119946,0.0008896394179545383,0.005202905899892154,0.48096992715531156,,,cuVSLAM,,
375,1761211763628,-4.132202826440334,18.829984590411186,2.005581744015217,0.0008408946793512376,0.004964367320232458,0.49166261165977576,,,cuVSLAM,,
376,1761211763644,-4.181305877864361,18.85753497481346,2.302725100889802,0.000998180609021861,0.005218635229240065,0.5028913614680568,,,cuVSLAM,,
377,1761211763661,-4.580536391586065,19.44294199347496,2.6242404710501432,0.001025315060043237,0.005518465558300529,0.5139538742343814,,,cuVSLAM,,
378,1761211763678,-4.784964956343174,20.39102278649807,2.5414270348846912,0.0009474035023655309,0.005558786889307514,0.5249501679081537,,,cuVSLAM,,
379,1761211763694,-4.5535992830991745,19.14922147989273,2.349341753870249,0.0011143079558065066,0.005417114537067852,0.537127693557046,,,cuVSLAM,,
380,1761211763711,-4.642882384359837,19.301945343613625,1.8118524458259344,0.001164985507379134,0.005182263302741612,0.5482139234263692,,,cuVSLAM,,
381,1761211763728,-4.640073981136084,19.54730413854122,2.1679119672626257,0.0013074788716784013,0.005528171110548548,0.5587690423834479,,,cuVSLAM,,
382,1761211763744,-4.923956003040075,19.959503784775734,2.017863793298602,0.0013743155394375566,0.005519194011386335,0.5686103549344461,,,cuVSLAM,,
383,1761211763761,-5.045176949352026,20.175503566861153,2.178493421524763,0.0014544523932687966,0.005676538975060682,0.5779974586324043,,,cuVSLAM,,
384,1761211763777,-5.229076370596886,20.506132394075394,2.076141769066453,0.001479564476153833,0.005657194652889465,0.5871060706492894,,,cuVSLAM,,
385,1761211763794,-5.4451581090688705,20.893674343824387,2.0867628045380116,0.0014734463284706806,0.005716739964150081,0.5961105045566064,,,cuVSLAM,,
386,1761211763811,-5.715589039027691,21.260764449834824,1.882397336885333,0.0014400208395831137,0.005641635954642816,0.6050501595928565,,,cuVSLAM,,
387,1761211763827,-5.87642565369606,21.45705185830593,2.0777559839189053,0.001538235769197415,0.00583693879304536,0.6143559955760105,,,cuVSLAM,,
388,1761211763844,-6.127643398940563,21.73919603228569,2.1201972849667072,0.001561009776078874,0.005918668200261879,0.6237225445054358,,,cuVSLAM,,
389,1761211763861,-6.406363099813461,22.162282839417458,2.177430083975196,0.001637566067162826,0.006009739138795598,0.6330413957819873,,,cuVSLAM,,
390,1761211763878,-6.621860433369875,22.370807826519012,2.239067340269685,0.0017286159396852285,0.006128902497103422,0.6424866287502294,,,cuVSLAM,,
391,1761211763894,-6.892566569149494,22.682897746562958,2.3299655877053738,0.001818923503875633,0.0062140875844492365,0.6516381393943624,,,cuVSLAM,,
392,1761211763911,-6.787344813346863,22.686505690217018,2.3716986179351807,0.0019262569870608212,0.006278639539559564,0.6602045230721068,,,cuVSLAM,,
393,1761211763928,-6.946491077542305,22.869473323225975,2.051614224910736,0.001992344124018378,0.006089121139881282,0.6676713002221445,,,cuVSLAM,,
394,1761211763944,-7.084645796567202,22.93972671031952,2.204292453825474,0.002118432852227349,0.00619240669177014,0.6745788432141598,,,cuVSLAM,,
395,1761211763961,-7.269210182130337,23.19381944835186,2.081535290926695,0.00216732760284921,0.006189643755461016,0.6812952069946767,,,cuVSLAM,,
396,1761211763977,-7.372056134045124,23.31576496362686,2.2192473988980055,0.0022441906356474592,0.006340727197212319,0.6886898486325165,,,cuVSLAM,,
397,1761211763994,-7.660277653485537,23.684993386268616,2.283337526023388,0.0021766203040498146,0.006463504565631501,0.6964181839440254,,,cuVSLAM,,
398,1761211764011,-7.858354598283768,23.94751086831093,2.175849862396717,0.002141629890511039,0.006439039166862418,0.7045693260913207,,,cuVSLAM,,
399,1761211764027,-8.034088648855686,24.143191054463387,2.167952246963978,0.0021222205787428464,0.006463129862836784,0.7132961268759467,,,cuVSLAM,,
400,1761211764044,-8.490038104355335,24.52937513589859,2.300799824297428,0.0021261696318244446,0.006561246065130032,0.722606136323459,,,cuVSLAM,,
401,1761211764061,-8.69812909513712,24.778515100479126,2.2154056932777166,0.0021801295559080737,0.0065110763523026135,0.7323709680740355,,,cuVSLAM,,
402,1761211764078,-9.08486545085907,25.067558512091637,2.1536697167903185,0.0022591647355786498,0.006458078923287647,0.7418282981588153,,,cuVSLAM,,
403,1761211764094,-9.241835214197636,25.331242009997368,2.1178126335144043,0.0023518349738035653,0.006474471237884349,0.7508590154231687,,,cuVSLAM,,
404,1761211764111,-9.428517892956734,25.469154119491577,2.1949331276118755,0.0025095787042816744,0.006567902458960728,0.7591847101610109,,,cuVSLAM,,
405,1761211764127,-9.584574028849602,25.607872754335403,2.1606613881886005,0.0025744411998107892,0.006617481393638279,0.7665737035872392,,,cuVSLAM,,
406,1761211764144,-9.682878851890564,25.78796073794365,2.1768836304545403,0.0026482117942824663,0.0067448645652224025,0.7734764921710452,,,cuVSLAM,,
407,1761211764161,-9.931942448019981,25.897346436977386,2.322165295481682,0.0026903854318670348,0.006891272904266094,0.7801211630719326,,,cuVSLAM,,
408,1761211764178,-9.91047266870737,26.125725358724594,2.251866040751338,0.002611445057090593,0.006911847968198552,0.786340110630708,,,cuVSLAM,,
409,1761211764194,-10.241862386465073,26.38416923582554,2.1543577313423157,0.002564774527892777,0.006896689278142912,0.7922259549676804,,,cuVSLAM,,
410,1761211764211,-10.423515923321247,26.6107227653265,2.2338859271258116,0.0025824486039028073,0.006945080106394365,0.7986184106717137,,,cuVSLAM,,
411,1761211764228,-10.751942172646523,26.770716533064842,2.1903945598751307,0.0025555843380085145,0.006886477358536124,0.8060811964662402,,,cuVSLAM,,
412,1761211764261,-11.204894632101059,27.000075206160545,2.3685309570282698,0.002643351876240292,0.006940654120344693,0.8241681971206641,,,cuVSLAM,,
413,1761211764277,-11.494182981550694,27.167944237589836,2.387599553912878,0.002802530712655716,0.006987683428398882,0.8337569599268712,,,cuVSLAM,,
414,1761211764294,-11.637463234364986,27.365636080503464,2.22593336366117,0.002917547715030306,0.006965693014468057,0.842856175421671,,,cuVSLAM,,
415,1761211764311,-11.949827894568443,27.683153748512268,2.098540309816599,0.002941051671190147,0.0070111211695052305,0.8510634269264052,,,cuVSLAM,,
416,1761211764327,-11.83362863957882,27.872886508703232,2.1599712781608105,0.0029440666090373028,0.007169807898227322,0.8584761239405867,,,cuVSLAM,,
417,1761211764344,-11.837778612971306,28.007443994283676,2.2042456548660994,0.0029534364714372554,0.007324708137585104,0.8650376871047889,,,cuVSLAM,,
418,1761211764361,-11.952519416809082,28.26407551765442,2.1269761491566896,0.0029451142181877756,0.0073545587111583,0.8713545856089969,,,cuVSLAM,,
419,1761211764377,-12.365475296974182,28.44690904021263,2.1277740597724915,0.0028782235488652034,0.007406392854327219,0.8777088726564677,,,cuVSLAM,,
420,1761211764394,-12.368389405310154,28.442207723855972,2.2091821301728487,0.0029717641875949535,0.007487765675976348,0.883898923897971,,,cuVSLAM,,
421,1761211764411,-12.646909803152084,28.601162135601044,2.0934524945914745,0.0030821952480635535,0.007495254173907559,0.8892924876373834,,,cuVSLAM,,
422,1761211764427,-12.674008496105671,28.729848563671112,2.0192808005958796,0.003146735680033566,0.007447989166065893,0.8943873783735309,,,cuVSLAM,,
423,1761211764444,-12.851903215050697,28.727466240525246,2.133752219378948,0.003215776349706566,0.007484108173575694,0.8993490177010292,,,cuVSLAM,,
424,1761211764461,-13.067737221717834,28.746262192726135,2.0796332973986864,0.0033137645766345316,0.007404434829345644,0.9040027943616487,,,cuVSLAM,,
425,1761211764477,-13.168366625905037,28.854524716734886,2.004216192290187,0.003378096547608595,0.007315541034209017,0.9085628276610529,,,cuVSLAM,,
426,1761211764494,-13.326428830623627,28.894636780023575,2.0705503411591053,0.0034113044922052817,0.007389950520441995,0.9132096668570373,,,cuVSLAM,,
427,1761211764511,-13.249975629150867,28.92323024570942,2.070492599159479,0.003423939177611976,0.007452161907825627,0.917979701491267,,,cuVSLAM,,
428,1761211764527,-13.51088099181652,29.108326882123947,2.096044598147273,0.0033504542170560985,0.007551776367339588,0.9230622124011378,,,cuVSLAM,,
429,1761211764544,-13.554725795984268,29.203318059444427,1.957031199708581,0.0033381537380761227,0.007534803661652581,0.9287915870082228,,,cuVSLAM,,
430,1761211764561,-13.754406943917274,29.349133372306824,2.02229805290699,0.0032560157988498293,0.0076039469298186,0.9345425366159071,,,cuVSLAM,,
431,1761211764577,-13.965182937681675,29.650211334228516,2.1013293880969286,0.003235941294651819,0.007704200476566356,0.9399054796217994,,,cuVSLAM,,
432,1761211764594,-14.014063403010368,29.803555458784103,2.196855377405882,0.003157025003629078,0.007852124364836172,0.9452502822032434,,,cuVSLAM,,
433,1761211764611,-14.822323806583881,30.300363898277283,1.1881146347150207,0.0028283581585729603,0.007202318270043897,0.9500878937531129,,,cuVSLAM,,
434,1761211764627,-15.043995343148708,30.305147171020508,1.1929842876270413,0.0028956206939187205,0.00729700717738829,0.9542967225114847,,,cuVSLAM,,
435,1761211764644,-14.920095913112164,30.369605869054794,1.1247051879763603,0.0030001664126845713,0.007425580274646798,0.9565427348263581,,,cuVSLAM,,
436,1761211764661,-14.880536124110222,30.35949543118477,1.0267382021993399,0.00312090812412548,0.007486854671255158,0.956715628956,,,cuVSLAM,,
437,1761211764678,-14.796326868236065,30.330339446663857,1.0326674673706293,0.003245153285950957,0.007595564173446828,0.9567028880544318,,,cuVSLAM,,
438,1761211764694,-14.71517514437437,30.27869388461113,1.023160177282989,0.0033657632787472557,0.007686888609235377,0.9566614149327951,,,cuVSLAM,,
439,1761211764711,-14.559772796928883,30.235517770051956,1.1303310748189688,0.0034316344164962453,0.007805942640126033,0.9566355202227873,,,cuVSLAM,,
440,1761211764727,-14.485055580735207,30.18731437623501,1.1459712404757738,0.003487619296344467,0.00787251668096704,0.9565848560767706,,,cuVSLAM,,
441,1761211764744,-14.516276307404041,30.190031975507736,1.1430277954787016,0.0034790412949537264,0.007878939352229369,0.956513291237535,,,cuVSLAM,,
442,1761211764761,-14.601492322981358,30.274271965026855,1.0950736468657851,0.0034419611600529513,0.007864638130027914,0.9563751998168131,,,cuVSLAM,,
443,1761211764777,-14.603565447032452,30.264519155025482,1.0321091394871473,0.003357540438266207,0.007841765242837402,0.9562636543624743,,,cuVSLAM,,
444,1761211764794,-14.598497189581394,30.288932844996452,1.0454191360622644,0.003299589641841608,0.007841726181996689,0.9558513697972603,,,cuVSLAM,,
445,1761211764811,-14.564448967576027,30.4030142724514,0.9566931403242052,0.0032136565857704682,0.007765567733223609,0.9542643108943278,,,cuVSLAM,,
446,1761211764827,-14.438473619520664,30.338438227772713,0.8960806881077588,0.003086524027607293,0.007631492981946322,0.9511496913094526,,,cuVSLAM,,
447,1761211764844,-14.172494411468506,30.22003173828125,1.2263128301128745,0.0030964175366174577,0.0077484534601574735,0.9466151455683962,,,cuVSLAM,,
448,1761211764861,-14.035134576261044,30.196910724043846,1.2066505150869489,0.00312076695995463,0.0077615297814715035,0.9411927165694866,,,cuVSLAM,,
449,1761211764878,-13.666984625160694,30.0743468105793,1.2722925748676062,0.003054473207046488,0.007831853377842337,0.9352624649134379,,,cuVSLAM,,
450,1761211764894,-13.395767658948898,29.96879816055298,1.2587340315803885,0.0029624460380643217,0.007838646582052375,0.9282246712039817,,,cuVSLAM,,
451,1761211764911,-13.153302483260632,29.776379466056824,1.274379319511354,0.002904898364421124,0.007767230509616384,0.9198690354654807,,,cuVSLAM,,
452,1761211764927,-12.775448150932789,29.658770188689232,1.4876227360218763,0.0029640479725780576,0.007690907300273621,0.9108245925484431,,,cuVSLAM,,
453,1761211764944,-12.474391609430313,29.302582144737244,1.526770880445838,0.003000816700451696,0.0075509003143093105,0.9020367796299654,,,cuVSLAM,,
454,1761211764961,-12.235687114298344,29.07899022102356,1.5510942321270704,0.0029985038829809605,0.007435583565188075,0.8933555091198087,,,cuVSLAM,,
455,1761211764977,-11.980617418885231,28.92782911658287,1.438585575670004,0.00284510775675941,0.0072521151191922055,0.884355371223207,,,cuVSLAM,,
456,1761211764994,-11.703848838806152,28.67826633155346,1.5072462847456336,0.0027480819667539754,0.0071963488075247875,0.8747798374947161,,,cuVSLAM,,
457,1761211765011,-11.318620294332504,28.391525149345398,1.354083069600165,0.0027185537354473144,0.006901799825947193,0.8642239045550003,,,cuVSLAM,,
458,1761211765028,-11.141561903059483,28.077663853764534,1.4667066279798746,0.0027083546322632926,0.006769861082678141,0.8526082765264326,,,cuVSLAM,,
459,1761211765044,-10.869225487112999,27.750814333558083,1.5599894104525447,0.0026847938275148457,0.006694207316907956,0.8402874263272232,,,cuVSLAM,,
460,1761211765061,-10.50016563385725,27.42878533899784,1.495134667493403,0.0026397284477966405,0.006590591891833859,0.8278096202402048,,,cuVSLAM,,
461,1761211765077,-10.095648467540741,27.13247947394848,1.4809330459684134,0.002544805168629125,0.006528927943833399,0.8153188622757178,,,cuVSLAM,,
462,1761211765094,-9.728606790304184,26.75546146929264,1.5096275601536036,0.002446918447650676,0.006499969250114338,0.8026593886957072,,,cuVSLAM,,
463,1761211765111,-9.485331363976002,26.539787650108337,1.6231174813583493,0.002327621064001911,0.006433210190603408,0.7896641061752712,,,cuVSLAM,,
464,1761211765127,-9.174579754471779,26.232490316033363,1.519632525742054,0.002168179978514785,0.006243287034945911,0.7764262959590912,,,cuVSLAM,,
465,1761211765144,-8.856923319399357,25.768917053937912,1.6006531659513712,0.0021437760896647357,0.006173754879706343,0.7633032709460946,,,cuVSLAM,,
466,1761211765161,-8.40107537806034,25.404319167137146,1.7426591366529465,0.0020717071981285018,0.006133374271220653,0.7502608346530965,,,cuVSLAM,,
467,1761211765177,-8.203906938433647,24.942390620708466,1.7957489471882582,0.002086869189743663,0.00609194569365594,0.7369773297353015,,,cuVSLAM,,
468,1761211765194,-7.53547390922904,24.414753541350365,1.710020238533616,0.0021342431933777865,0.0059601768181719176,0.7237423181214513,,,cuVSLAM,,
469,1761211765211,-7.202463690191507,23.871373385190964,1.9030171679332852,0.0021847643424141544,0.005982869684421781,0.7104283333994473,,,cuVSLAM,,
470,1761211765227,-6.893537938594818,23.49258027970791,1.8314227927476168,0.00221790976028818,0.005823989897960507,0.696871989023377,,,cuVSLAM,,
471,1761211765244,-6.549568846821785,23.050811141729355,1.9910098053514957,0.00217753663075226,0.005823978299205292,0.6831754750227746,,,cuVSLAM,,
472,1761211765261,-6.11856859177351,22.515343502163887,1.9171704770997167,0.0021444378745855393,0.005654913977031359,0.6696161952131925,,,cuVSLAM,,
473,1761211765277,-6.033227778971195,22.079531103372574,1.8709376454353333,0.0021880022001824575,0.005449833361491732,0.6560537477819797,,,cuVSLAM,,
474,1761211765294,-5.6883180513978004,21.405650302767754,2.0616052206605673,0.0022957061965675554,0.005392473214627221,0.6427664019174971,,,cuVSLAM,,
475,1761211765311,-5.383833311498165,20.934732630848885,1.9576174672693014,0.0023995912334007514,0.005185629655948819,0.6296510853596381,,,cuVSLAM,,
476,1761211765327,-5.203920416533947,20.554732531309128,1.9603646360337734,0.002573753122411392,0.0051285458835020285,0.6172992171490599,,,cuVSLAM,,
477,1761211765344,-5.334056913852692,20.628269761800766,1.6668104799464345,0.0027291181090838756,0.004908347199285514,0.6059884549331247,,,cuVSLAM,,
478,1761211765361,-5.132491700351238,20.506028085947037,1.6399387968704104,0.0027046339626269305,0.004887561099919729,0.59598182768389,,,cuVSLAM,,
479,1761211765377,-4.928295500576496,20.30649408698082,1.6831313259899616,0.002498909549199447,0.004901048561936255,0.586012516673487,,,cuVSLAM,,
480,1761211765394,-4.502180963754654,19.90777626633644,1.6242226120084524,0.0022467930326150604,0.004928715228975179,0.5751635442762568,,,cuVSLAM,,
481,1761211765411,-4.094889387488365,19.39558982849121,1.810687594115734,0.0019416773268500136,0.005025104399123202,0.5625827191935239,,,cuVSLAM,,
482,1761211765444,-3.42433899641037,18.584225326776505,1.8543512560427189,0.0016052985365529314,0.005036418550475909,0.5322731277458808,,,cuVSLAM,,
483,1761211765461,-3.1154993921518326,18.111443147063255,1.7319843173027039,0.0015821812657440411,0.004903627485191934,0.5162756911610837,,,cuVSLAM,,
484,1761211765477,-2.678186632692814,17.453037202358246,1.5805821167305112,0.0016205304489743384,0.0047892895479958566,0.500148197100233,,,cuVSLAM,,
485,1761211765494,-2.3728301748633385,16.731522977352142,1.8054982647299767,0.0017034283923188203,0.00483255104115357,0.4839440750777163,,,cuVSLAM,,
486,1761211765511,-2.1414095535874367,16.11923798918724,1.9143050303682685,0.001733687062492591,0.004801494908311352,0.4685303110581654,,,cuVSLAM,,
487,1761211765527,-2.117185853421688,15.579828061163425,1.973925158381462,0.0017704789341518891,0.00473889401582098,0.45313161857521717,,,cuVSLAM,,
488,1761211765544,-2.0019831135869026,14.975303784012794,2.0504866261035204,0.0018358878816604935,0.004616591766709183,0.437457470410905,,,cuVSLAM,,
489,1761211765561,-1.844119280576706,14.3708735704422,2.0730760879814625,0.0018885001055648153,0.004435665311720636,0.4222411036561573,,,cuVSLAM,,
490,1761211765577,-1.74680445343256,13.85432854294777,2.0151815842837095,0.0018737367638087042,0.004159197614859207,0.4077581286165027,,,cuVSLAM,,
491,1761211765594,-1.9274884834885597,13.481434434652328,2.139925491064787,0.0017593456343358213,0.003994275191648173,0.39359236383757007,,,cuVSLAM,,
492,1761211765611,-1.3902327045798302,12.60504499077797,2.114734146744013,0.0016300599765577837,0.0038987766221066154,0.3793272348534258,,,cuVSLAM,,
493,1761211765627,-1.1843657121062279,12.051954865455627,2.134728478267789,0.0014436440881410288,0.00387002672440587,0.3637243752316455,,,cuVSLAM,,
494,1761211765644,-0.9407547768205404,11.331846006214619,1.7237575957551599,0.0011202857078433754,0.003561523781978891,0.3473092951778625,,,cuVSLAM,,
495,1761211765661,-0.8236742578446865,10.733740404248238,2.1003137808293104,0.0010199565800943957,0.003608301476707914,0.3302899614063785,,,cuVSLAM,,
496,1761211765678,-0.6865717587061226,9.919023141264915,2.1771204192191362,0.0009845765598060583,0.0034288453736339335,0.31346629772736107,,,cuVSLAM,,
497,1761211765694,-0.5392084713093936,9.153146296739578,2.2003839258104563,0.0009825294340938156,0.0031940456726732127,0.2971699470441188,,,cuVSLAM,,
498,1761211765711,-0.5149354692548513,8.601265028119087,2.265114802867174,0.0010449984234640179,0.003002367443448596,0.2814644409355986,,,cuVSLAM,,
499,1761211765727,-0.3361769486218691,7.703989744186401,2.3252058308571577,0.0010855669170121175,0.002947914175826934,0.2661042035932254,,,cuVSLAM,,
500,1761211765744,-0.30111614614725113,7.1939039044082165,2.462891861796379,0.0010431521538788505,0.0029698421951944503,0.24988496000311436,,,cuVSLAM,,
501,1761211765761,-0.15217479085549712,6.2775276601314545,2.35172500833869,0.000976214439408769,0.00280633597398417,0.2331816114676229,,,cuVSLAM,,
502,1761211765777,-0.043091713450849056,5.43217221274972,2.428219886496663,0.0009535532417799797,0.002728780831769665,0.2164352995732254,,,cuVSLAM,,
503,1761211765794,-0.03136100713163614,4.788273014128208,2.6943148113787174,0.0009399220708012097,0.0026640181664919498,0.20018432611774845,,,cuVSLAM,,
504,1761211765811,0.029595685191452503,4.204925149679184,2.75607593357563,0.0009753955172692467,0.002487977024340409,0.18475549541861178,,,cuVSLAM,,
505,1761211765827,0.07356505375355482,3.696514293551445,2.4299679789692163,0.0009626328612186498,0.002142670346967743,0.1698880934035622,,,cuVSLAM,,
506,1761211765844,0.10088749695569277,2.9276376590132713,2.831355668604374,0.0009470973617320812,0.0022841072079881628,0.15545595476155638,,,cuVSLAM,,
507,1761211765861,0.16895693261176348,2.5584502145648003,2.0748856477439404,0.0008007183053813392,0.001751464451054023,0.140823267233519,,,cuVSLAM,,
508,1761211765877,0.18864916637539864,2.0194565877318382,2.3395658936351538,0.0006346453068346989,0.0018057224163189627,0.12585389119227414,,,cuVSLAM,,
509,1761211765894,0.20781042985618114,1.5157097950577736,2.416613744571805,0.00046155377201107016,0.0017304796141803982,0.11022549488430275,,,cuVSLAM,,
510,1761211765911,0.2623011823743582,1.131836324930191,2.494784304872155,0.00031348708800413565,0.001636946582799981,0.09468481409391902,,,cuVSLAM,,
511,1761211765927,0.1782889012247324,0.5815979093313217,2.130612265318632,0.0002026103787094021,0.001280577492254308,0.0796368621223674,,,cuVSLAM,,
512,1761211765944,0.11580763384699821,-0.0903792679309845,1.9093035953119397,0.00015452754473478777,0.001006239930918998,0.064912442633761,,,cuVSLAM,,
513,1761211765961,0.14730636030435562,-0.6520571187138557,1.6525265527889132,0.00013728253334021449,0.0007617771322854518,0.05026688673265162,,,cuVSLAM,,
514,1761211765977,0.2416048664599657,-1.4929138123989105,1.9795398693531752,0.0001670284590031932,0.0009163147173177527,0.03545227928117522,,,cuVSLAM,,
515,1761211765994,0.17070514149963856,-2.2532306611537933,2.0275383722037077,0.00022591962193206422,0.000898003762061752,0.02001938504173178,,,cuVSLAM,,
516,1761211766011,0.15788874588906765,-3.0638454481959343,2.190582687035203,0.0003372651934958243,0.0009345038673963053,0.004510568743032981,,,cuVSLAM,,
517,1761211766027,0.18370687030255795,-3.296641632914543,1.6604721313342452,0.0003446380547298321,0.00048721887036811946,-0.011078229640175253,,,cuVSLAM,,
518,1761211766044,0.19842642359435558,-3.915061242878437,2.357910154387355,0.0002806089900720735,0.0007824168943417778,-0.025999727240576875,,,cuVSLAM,,
519,1761211766061,0.07104710675776005,-4.421207122504711,2.231491031125188,0.00021239339758918451,0.000584835993084745,-0.03991098475857452,,,cuVSLAM,,
520,1761211766077,-0.01712585799396038,-4.963570274412632,2.1528159268200397,6.32179679386328e-05,0.0004588770282351134,-0.053761359441659475,,,cuVSLAM,,
521,1761211766094,0.03178906626999378,-5.194813944399357,2.2905822843313217,-8.357208678214032e-05,0.0005348850471988633,-0.0688825691808723,,,cuVSLAM,,
522,1761211766111,-0.018799444660544395,-5.950604565441608,2.1902774460613728,-0.00017896394327715888,0.0005056986558471711,-0.08506359130228135,,,cuVSLAM,,
523,1761211766127,0.09080651216208935,-6.268379278481007,2.2197349462658167,-0.00027205832780436144,0.0005605246354340972,-0.10245382138920965,,,cuVSLAM,,
524,1761211766144,-0.08011120371520519,-7.195758633315563,2.0276103168725967,-0.0002556727969058243,0.0004322378472226785,-0.11923426184858865,,,cuVSLAM,,
525,1761211766161,-0.11670379899442196,-7.9979123547673225,2.069870475679636,-0.00025493793746542517,0.0004342149969463293,-0.1352491661234304,,,cuVSLAM,,
526,1761211766177,-0.1923560630530119,-8.515010587871075,2.0437806379050016,-0.00024393137384804656,0.0003392708463556074,-0.1506069992130601,,,cuVSLAM,,
527,1761211766194,-0.2898585516959429,-9.21363290399313,2.102168742567301,-0.00025159508638562616,0.00032972027108507933,-0.16572448043184065,,,cuVSLAM,,
528,1761211766211,-0.3083019983023405,-9.476588107645512,2.148943254724145,-0.00042811427374542504,0.0003851849674872548,-0.1818531748745057,,,cuVSLAM,,
529,1761211766227,-0.45824400149285793,-10.49728598445654,2.205914817750454,-0.0005084439164830073,0.0004604213269050205,-0.19882902841871397,,,cuVSLAM,,
530,1761211766244,-0.7669513579457998,-11.387820355594158,1.7960602417588234,-0.0005879870777266439,0.00018997088060625138,-0.21698520846590508,,,cuVSLAM,,
531,1761211766261,-0.9682734962552786,-11.903825215995312,1.5684085665270686,-0.000756642806285035,-4.146092563637929e-05,-0.23578646867329364,,,cuVSLAM,,
532,1761211766277,-1.1487843003123999,-12.849650345742702,1.8921199953183532,-0.0007915625197842525,-2.474347917270418e-05,-0.2535676175642887,,,cuVSLAM,,
533,1761211766294,-1.388465752825141,-13.141405768692493,1.9336359109729528,-0.0009849726004687908,-0.00020919353311414223,-0.2707951162385034,,,cuVSLAM,,
534,1761211766311,-1.6648301389068365,-13.923452235758305,2.1734279580414295,-0.001061747527370225,-0.0002916046604379091,-0.2876243412777659,,,cuVSLAM,,
535,1761211766327,-2.0245432388037443,-14.630795456469059,2.019780222326517,-0.0011117319495275437,-0.0005775289987783928,-0.30491832749450354,,,cuVSLAM,,
536,1761211766344,-2.3851997684687376,-15.438596718013287,2.193980384618044,-0.001118923027178698,-0.0006435107166447339,-0.3226641108541728,,,cuVSLAM,,
537,1761211766361,-2.7722769882529974,-15.898380428552628,1.844895537942648,-0.001133818730574422,-0.0010407185817766674,-0.3401356111667087,,,cuVSLAM,,
538,1761211766377,-2.973137190565467,-16.04870706796646,1.6909863334149122,-0.0011966897889229156,-0.001389039014636585,-0.3561657775999101,,,cuVSLAM,,
539,1761211766394,-2.963877050206065,-15.468756668269634,1.2168786488473415,-0.0012832394384369244,-0.0019179070332558611,-0.3705117084415308,,,cuVSLAM,,
540,1761211766411,-3.2560627441853285,-15.201804228127003,0.7600223179906607,-0.0013014157827018601,-0.0024493204777569027,-0.38340217947952226,,,cuVSLAM,,
541,1761211766427,-3.6265819799154997,-15.768051147460938,1.2099610175937414,-0.0014336967262210086,-0.002381105688839676,-0.39537565677047204,,,cuVSLAM,,
542,1761211766444,-4.047799855470657,-16.287390142679214,1.198022859171033,-0.0014539379621307698,-0.0025221810125393394,-0.4085396529945631,,,cuVSLAM,,
543,1761211766461,-4.716974683105946,-18.009036779403687,1.3955446192994714,-0.0014925387927616509,-0.0025280489685523657,-0.42301473233212694,,,cuVSLAM,,
544,1761211766477,-5.117107182741165,-18.845554441213608,1.6008397797122598,-0.001579476944664858,-0.0024962789730982914,-0.4390066803509519,,,cuVSLAM,,
545,1761211766494,-5.430448800325394,-19.354894757270813,1.4527818420901895,-0.0016455061622776103,-0.0026440286728372296,-0.45447218422017,,,cuVSLAM,,
546,1761211766511,-5.267579108476639,-19.25494149327278,1.4898343943059444,-0.0017149038425940278,-0.0026541291575781618,-0.4681925967340618,,,cuVSLAM,,
547,1761211766527,-5.29454555362463,-19.622541964054108,1.6792883398011327,-0.001784014198409185,-0.0025128272391418374,-0.4790890168220432,,,cuVSLAM,,
548,1761211766544,-5.417772568762302,-19.78892832994461,1.5601005870848894,-0.0018173623573869873,-0.0024594689288051576,-0.4891058391157192,,,cuVSLAM,,
549,1761211766561,-5.496637895703316,-20.133033394813538,1.7809639684855938,-0.001936511882590918,-0.002137746438985703,-0.4991616956596635,,,cuVSLAM,,
550,1761211766578,-5.400089547038078,-20.579084753990173,1.8466028850525618,-0.0021019841725526205,-0.0018643295398421348,-0.5083887300488892,,,cuVSLAM,,
551,1761211766594,-5.588584579527378,-20.912516862154007,1.6604613047093153,-0.0022366842142627088,-0.0017696244976738243,-0.5164233665870488,,,cuVSLAM,,
552,1761211766611,-5.665778182446957,-21.234694868326187,1.6706492751836777,-0.0025421297632156983,-0.0016811360204443777,-0.5251437013951479,,,cuVSLAM,,
553,1761211766627,-5.812986753880978,-21.60090208053589,1.8267242703586817,-0.002915879333554782,-0.001520228551342399,-0.5358283337309048,,,cuVSLAM,,
554,1761211766644,-6.057942286133766,-21.480310708284378,1.5919931465759873,-0.003135589050662411,-0.0016590570369493832,-0.5502141515688395,,,cuVSLAM,,
555,1761211766661,-6.5946681424975395,-22.199708968400955,1.8076212145388126,-0.0035024832681694075,-0.0016863817545813102,-0.5672398914842608,,,cuVSLAM,,
556,1761211766677,-7.533871568739414,-23.570720106363297,1.8100653542205691,-0.0034156612138456183,-0.0018865447681683804,-0.5851628486851229,,,cuVSLAM,,
557,1761211766694,-8.095418103039265,-21.29124477505684,1.9402067409828305,-0.003880181743076347,-0.0018291566204970055,-0.6038371912659752,,,cuVSLAM,,
558,1761211766711,-8.459817618131638,-21.543601527810097,1.9060885533690453,-0.003626679717722796,-0.0022278139529808604,-0.6171982226082504,,,cuVSLAM,,
559,1761211766727,-8.90715979039669,-21.96081355214119,1.8565504578873515,-0.0033497366245377213,-0.0026748558030618174,-0.6245955843824564,,,cuVSLAM,,
560,1761211766744,-9.241544641554356,-21.953394636511803,1.7451385501772165,-0.003080724049268549,-0.0032132453756484715,-0.6275953285247637,,,cuVSLAM,,
561,1761211766761,-9.365716949105263,-21.80623821914196,1.7515562940388918,-0.0029308863069708816,-0.003652956297860919,-0.6290444217762478,,,cuVSLAM,,
562,1761211766777,-9.739354252815247,-21.957771852612495,1.6878042370080948,-0.002812215778450231,-0.004085722612213213,-0.6307959748826695,,,cuVSLAM,,
563,1761211766794,-9.918268769979477,-21.874137222766876,1.7987341852858663,-0.0028335805167426084,-0.004328411364331725,-0.6330944524937363,,,cuVSLAM,,
564,1761211766811,-10.176124051213264,-21.967463195323944,1.862493809312582,-0.002925722689719491,-0.004530176622836083,-0.6354323943406849,,,cuVSLAM,,
565,1761211766827,-10.333775542676449,-21.96681685745716,1.8883382435888052,-0.00302401574581894,-0.0046311841701869895,-0.6384934465779082,,,cuVSLAM,,
566,1761211766844,-10.475864633917809,-22.036399692296982,1.9980308134108782,-0.0031395851017396574,-0.004617818232459096,-0.6422251890942784,,,cuVSLAM,,
567,1761211766861,-10.441040620207787,-22.02066220343113,1.905440236441791,-0.0032794061331012253,-0.004634879094180263,-0.6463570396222162,,,cuVSLAM,,
568,1761211766877,-10.508337989449501,-22.103387862443924,1.821455080062151,-0.003409481055589314,-0.004588139837919802,-0.6498808339430567,,,cuVSLAM,,
569,1761211766894,-10.355980135500431,-21.97909913957119,1.7543715657666326,-0.0035599048924115327,-0.004497059219282904,-0.651925019222379,,,cuVSLAM,,
570,1761211766911,-10.320330038666725,-22.029107436537743,1.8779783276841044,-0.0036758332827635043,-0.004367591249101175,-0.6519584388097905,,,cuVSLAM,,
571,1761211766927,-10.138317942619324,-22.002652287483215,1.9364507170394063,-0.0036640031539752144,-0.004265415628548658,-0.6516842101619552,,,cuVSLAM,,
572,1761211766944,-10.096445679664612,-22.06970751285553,2.0295274443924427,-0.003572799315008303,-0.004136784304767001,-0.6512253712164877,,,cuVSLAM,,
573,1761211766961,-10.103252716362476,-22.224968299269676,1.9253436475992203,-0.0033605212993928738,-0.004071937068402422,-0.6501143975406992,,,cuVSLAM,,
574,1761211766977,-10.00488456338644,-22.33627438545227,1.982949674129486,-0.0031210696912930837,-0.003930515135020318,-0.6482594325855988,,,cuVSLAM,,
575,1761211766994,-9.972757659852505,-22.371917963027954,1.9445006037130952,-0.0028907658057541713,-0.003912837329464695,-0.6461265131869817,,,cuVSLAM,,
576,1761211767011,-10.00837329775095,-22.417977452278137,1.8420914420858026,-0.002680843986654886,-0.003933192717732466,-0.6443979009183988,,,cuVSLAM,,
577,1761211767027,-10.081305168569088,-22.578153759241104,1.856995397247374,-0.0025899769802886024,-0.0039050689068308034,-0.643511508885316,,,cuVSLAM,,
578,1761211767044,-10.045323520898819,-22.617187350988388,1.7947959713637829,-0.0025981765497005613,-0.003906364253405488,-0.6433819274827227,,,cuVSLAM,,
579,1761211767061,-9.915045462548733,-22.51325733959675,1.7962923739105463,-0.002650332028132156,-0.003869378910659549,-0.6434436372974117,,,cuVSLAM,,
580,1761211767077,-9.839371778070927,-22.4167350679636,1.831532223150134,-0.0028468775274315176,-0.0038041932650612373,-0.6434471631736993,,,cuVSLAM,,
581,1761211767094,-9.847196750342846,-22.415168583393097,1.7522347625344992,-0.0029844811793285726,-0.003872211901543672,-0.643376891037535,,,cuVSLAM,,
582,1761211767111,-9.69115924090147,-22.245923057198524,1.8594653811305761,-0.0031555792141864207,-0.003759697242667872,-0.6434284871667418,,,cuVSLAM,,
583,1761211767127,-9.727029129862785,-22.303806617856026,1.8639586633071303,-0.0031832828192057223,-0.003712709000463797,-0.6433612743642415,,,cuVSLAM,,
584,1761211767144,-9.715254418551922,-22.28318713605404,1.7957371892407537,-0.003188012938872249,-0.0037004441538039824,-0.64333885729764,,,cuVSLAM,,
585,1761211767161,-9.71333310008049,-22.3184023052454,1.8719610525295138,-0.0030806130008876843,-0.003707640041350103,-0.6433151386889595,,,cuVSLAM,,
586,1761211767177,-9.816713631153107,-22.34083041548729,1.9134002504870296,-0.0029473129830008306,-0.0038079669031201,-0.6432913604830265,,,cuVSLAM,,
587,1761211767194,-10.0029818713665,-22.560209035873413,1.7701935721561313,-0.0026802155440485377,-0.004062292528959492,-0.6432305222674863,,,cuVSLAM,,
588,1761211767211,-10.084720328450203,-22.678835317492485,1.7717521404847503,-0.002559065405072869,-0.004086441935507801,-0.6432203736528673,,,cuVSLAM,,
589,1761211767227,-10.070521384477615,-22.659393027424812,1.814318005926907,-0.0024698752649093578,-0.004051781268227804,-0.6433097527832751,,,cuVSLAM,,
590,1761211767244,-10.138877667486668,-22.680552676320076,1.7843010136857629,-0.0024712825050543013,-0.004020680602580914,-0.6433312618090415,,,cuVSLAM,,
591,1761211767261,-10.120920836925507,-22.6723812520504,1.7750755650922656,-0.002508520084653364,-0.004013265472253489,-0.6433228215809896,,,cuVSLAM,,
592,1761211767277,-10.116500779986382,-22.54095859825611,1.8819187534973025,-0.0026710676883729095,-0.003981006229889574,-0.6433190459307555,,,cuVSLAM,,
593,1761211767294,-10.098990052938461,-22.4589966237545,1.9335446413606405,-0.0028423808854959533,-0.004012300010070621,-0.6432702197105331,,,cuVSLAM,,
594,1761211767311,-10.037882253527641,-22.408366203308105,1.9230032339692116,-0.0030165507865526123,-0.004047065647524784,-0.6432375997932387,,,cuVSLAM,,
595,1761211767327,-9.977820329368114,-22.30294980108738,1.8420738633722067,-0.003176785430283712,-0.004076333306431993,-0.6432494252927405,,,cuVSLAM,,
596,1761211767344,-9.951803833246231,-22.194093093276024,1.8470600480213761,-0.003323815223722062,-0.0039967698371584015,-0.6432369623771552,,,cuVSLAM,,
597,1761211767361,-9.867635555565357,-22.010846063494682,1.8228531116619706,-0.0034141174625906636,-0.003942914407060223,-0.6431761220211277,,,cuVSLAM,,
598,1761211767377,-9.911337867379189,-21.983811631798744,2.0378590561449528,-0.003428589453613074,-0.003928558542826801,-0.6424342524738925,,,cuVSLAM,,
599,1761211767394,-9.958796203136444,-21.845653653144836,1.8739815568551421,-0.003421347120649335,-0.004230377696281514,-0.6401920039757701,,,cuVSLAM,,
600,1761211767411,-9.771025739610195,-21.53649553656578,2.028572605922818,-0.0034777920687882715,-0.004319396518830949,-0.6353841158780867,,,cuVSLAM,,
601,1761211767427,-9.602931328117847,-21.293561905622482,2.068307949230075,-0.003437721878549989,-0.004265965133925346,-0.6273470359221432,,,cuVSLAM,,
602,1761211767444,-9.325161576271057,-21.075287833809853,2.107063075527549,-0.0034505101044305683,-0.0041129372745465,-0.6176549753718845,,,cuVSLAM,,
603,1761211767461,-9.03784018009901,-20.92849649488926,2.3087088484317064,-0.003290188425977155,-0.0038525363408990145,-0.6076989884953463,,,cuVSLAM,,
604,1761211767477,-8.840826340019703,-20.901840180158615,2.5329068303108215,-0.0032195949523032216,-0.0035708424093834185,-0.598541909029814,,,cuVSLAM,,
605,1761211767494,-8.899523876607418,-21.12986333668232,2.4797942023724318,-0.003055734241544151,-0.0035217512669839463,-0.5907148459016364,,,cuVSLAM,,
606,1761211767511,-8.736600168049335,-21.053841337561607,2.6940610259771347,-0.0030697138699465323,-0.0033792180766144737,-0.5847644215177477,,,cuVSLAM,,
607,1761211767527,-8.660515770316124,-20.888034254312515,2.5111413560807705,-0.00321484701742389,-0.003429131223004348,-0.5804236659370368,,,cuVSLAM,,
608,1761211767544,-8.572437800467014,-20.63973993062973,2.3492611944675446,-0.003391698645119637,-0.0035466622691345162,-0.5775920519738421,,,cuVSLAM,,
609,1761211767561,-8.61151423305273,-20.546413958072662,2.5322376750409603,-0.0036043435668362666,-0.0035106670404517876,-0.5749794407211889,,,cuVSLAM,,
610,1761211767577,-8.486520498991013,-20.116601139307022,2.6615855749696493,-0.0038085490135210034,-0.003533120773468742,-0.5717772823590385,,,cuVSLAM,,
611,1761211767594,-8.484167978167534,-19.859131425619125,2.592428121715784,-0.003936074103211177,-0.0037487301998557565,-0.5672572424294331,,,cuVSLAM,,
612,1761211767627,-8.215839974582195,-19.328076392412186,2.543990034610033,-0.004153126479537898,-0.003804283966779954,-0.5585523357462182,,,cuVSLAM,,
613,1761211767644,-8.240113034844398,-19.347582012414932,2.664875937625766,-0.0042005763554885025,-0.0036977598906309467,-0.5550603524303529,,,cuVSLAM,,
614,1761211767661,-8.123221807181835,-19.148599356412888,2.737970557063818,-0.004265395790751532,-0.0036087288592839615,-0.5516977501375743,,,cuVSLAM,,
615,1761211767677,-7.984749041497707,-19.123224541544914,2.6766497176140547,-0.004202177090226224,-0.003511036654801249,-0.5482565735246665,,,cuVSLAM,,
616,1761211767694,-7.84437358379364,-19.01233196258545,2.8215632773935795,-0.004068275776380717,-0.0032355345539130105,-0.5458584253307202,,,cuVSLAM,,
617,1761211767711,-7.855961099267006,-19.1324595361948,2.863464178517461,-0.003942562063706299,-0.003133833152094109,-0.5444331941360764,,,cuVSLAM,,
618,1761211767727,-8.015438914299011,-19.344523549079895,2.6720145251601934,-0.0038351611572256627,-0.0033007144339275716,-0.5430924118276534,,,cuVSLAM,,
619,1761211767744,-7.938869297504425,-19.104529172182083,2.62529868632555,-0.003784349814676472,-0.003394398783576205,-0.5421034539998706,,,cuVSLAM,,
620,1761211767761,-8.001487702131271,-19.124239683151245,2.723787212744355,-0.003775601674986515,-0.0034386039878366776,-0.5420114192069021,,,cuVSLAM,,
621,1761211767777,-8.144211955368519,-19.1021878272295,2.8014867566525936,-0.0037595323841967793,-0.0035725599040214015,-0.5420309239972579,,,cuVSLAM,,
622,1761211767794,-8.306201547384262,-18.94102618098259,2.732318826019764,-0.003934657720777223,-0.0038772949318022043,-0.5419977822116638,,,cuVSLAM,,
623,1761211767811,-8.490076288580894,-18.664810806512833,2.770744264125824,-0.004187239987453412,-0.004241716397692055,-0.5416220811257122,,,cuVSLAM,,
624,1761211767827,-8.759372867643833,-18.492288887500763,2.7008582837879658,-0.004345156098111547,-0.004692412427128049,-0.5404982622641464,,,cuVSLAM,,
625,1761211767844,-8.942562155425549,-18.133409321308136,2.77731753885746,-0.004534008557553735,-0.005075923292502158,-0.5398923287037242,,,cuVSLAM,,
626,1761211767861,-9.393925778567791,-18.102005124092102,2.7061449363827705,-0.004627481103475245,-0.0057136018866951336,-0.5376508693453206,,,cuVSLAM,,
627,1761211767877,-9.703166782855988,-17.742011696100235,2.746119163930416,-0.004727226503251289,-0.006395357506362937,-0.5344394096030018,,,cuVSLAM,,
628,1761211767894,-10.097337886691093,-17.359312623739243,2.8005754575133324,-0.004951226597182275,-0.007113256926630591,-0.5311114125076933,,,cuVSLAM,,
629,1761211767911,-10.6430035084486,-17.131490632891655,2.9185651801526546,-0.005046520825017592,-0.007816856869439576,-0.5281383790365466,,,cuVSLAM,,
630,1761211767927,-10.983332991600037,-16.766730695962906,2.7171634137630463,-0.0051123328321028925,-0.008648999533359332,-0.5257747078842719,,,cuVSLAM,,
631,1761211767944,-11.544025503098965,-16.575798392295837,2.7197040617465973,-0.005130815757575148,-0.009385109480220402,-0.5235495298479325,,,cuVSLAM,,
632,1761211767961,-12.133842334151268,-16.476592049002647,2.860506996512413,-0.005101427839034146,-0.010113609737388824,-0.5212167155362025,,,cuVSLAM,,
633,1761211767977,-12.649187818169594,-16.29919558763504,2.854993101209402,-0.004969177939343768,-0.010949114902582564,-0.5192287384880115,,,cuVSLAM,,
634,1761211767994,-13.475676998496056,-16.284506767988205,2.8737029060721397,-0.004827205216974592,-0.011889611007610334,-0.5183494812317497,,,cuVSLAM,,
635,1761211768011,-14.226904138922691,-16.258016228675842,3.0369828455150127,-0.004673057703861626,-0.01282159219617902,-0.5181994208928392,,,cuVSLAM,,
636,1761211768027,-14.883443713188171,-16.141973435878754,3.023945726454258,-0.004412198750506875,-0.014040914219189635,-0.518030630414239,,,cuVSLAM,,
637,1761211768044,-15.939179807901382,-16.23278483748436,3.0145084019750357,-0.004067992175751731,-0.015391627513259879,-0.517536956488926,,,cuVSLAM,,
638,1761211768061,-16.866356134414673,-16.216730698943138,3.116677049547434,-0.0036301804691829544,-0.016691047182062827,-0.5176340128859188,,,cuVSLAM,,
639,1761211768077,-17.90175959467888,-16.332730650901794,2.9351431876420975,-0.0030238625057491812,-0.018195038158639654,-0.5178455497649498,,,cuVSLAM,,
640,1761211768094,-19.120562821626663,-16.53357967734337,3.1716814264655113,-0.002336314355101208,-0.019522499562080475,-0.5177476912405986,,,cuVSLAM,,
641,1761211768111,-20.391009747982025,-16.80692657828331,3.2418621703982353,-0.0015064662349370324,-0.02099697606275974,-0.5170969768748845,,,cuVSLAM,,
642,1761211768127,-21.47884853184223,-16.80498756468296,3.1875395216047764,-0.0007649041046693902,-0.02261972109475672,-0.5153876319597234,,,cuVSLAM,,
643,1761211768144,-22.759459912776947,-17.140736803412437,3.334508743137121,0.00011251967233622888,-0.024173208715015194,-0.5131043562361144,,,cuVSLAM,,
644,1761211768161,-23.940175771713257,-17.505018040537834,3.297069575637579,0.0011534302144635196,-0.02585233315385007,-0.5134997051955311,,,cuVSLAM,,
645,1761211768177,-25.188308209180832,-18.145553767681122,3.311922075226903,0.0023305166298147823,-0.027179379410247728,-0.5148129733878639,,,cuVSLAM,,
646,1761211768194,-26.30956470966339,-18.590424209833145,3.1696613878011703,0.0033437931919787773,-0.0285823002906193,-0.5143569381124684,,,cuVSLAM,,
647,1761211768211,-27.336139231920242,-18.967412412166595,3.4007811918854713,0.004340916396445543,-0.029853885795166426,-0.5132278256698714,,,cuVSLAM,,
648,1761211768227,-28.16351130604744,-19.36747133731842,3.145142924040556,0.005379480698972391,-0.030902611192281083,-0.5123488767386323,,,cuVSLAM,,
649,1761211768244,-29.143638908863068,-19.750507548451424,3.0212809797376394,0.006348899846220268,-0.032332956538450655,-0.5115989961175946,,,cuVSLAM,,
650,1761211768261,-29.8711359500885,-20.127074792981148,3.127244533970952,0.007361380661793458,-0.033139932967403175,-0.5099346569986486,,,cuVSLAM,,
651,1761211768277,-30.714813619852066,-20.739521831274033,3.091025399044156,0.008433332522961292,-0.034071770281077676,-0.5086640371961815,,,cuVSLAM,,
652,1761211768294,-31.40909969806671,-21.096689626574516,3.0980524607002735,0.00950838583958104,-0.03494251280391183,-0.5087933760750853,,,cuVSLAM,,
653,1761211768311,-32.06473961472511,-21.754764020442963,3.2470012083649635,0.010652183799822725,-0.03545156864554543,-0.5091143769272807,,,cuVSLAM,,
654,1761211768327,-32.66960382461548,-22.535348311066628,3.1960504129529,0.011757660983737987,-0.03589500965776539,-0.5091285781023845,,,cuVSLAM,,
655,1761211768344,-33.09173509478569,-23.31961691379547,3.05053498595953,0.01289857044993,-0.0362890440878641,-0.5076037176807998,,,cuVSLAM,,
656,1761211768361,-33.454641699790955,-23.961711674928665,3.1993011943995953,0.014173078966458124,-0.03654003499948572,-0.5051796490359087,,,cuVSLAM,,
657,1761211768377,-33.89433026313782,-24.81958456337452,3.2696910202503204,0.015590571866870297,-0.0367225483264309,-0.503826039054927,,,cuVSLAM,,
658,1761211768394,-34.27935764193535,-25.808893144130707,3.044773358851671,0.017116581710119157,-0.03700676882026664,-0.5031856197165995,,,cuVSLAM,,
659,1761211768411,-34.72590446472168,-26.97671577334404,3.0452823266386986,0.018833294471941146,-0.03717974131918687,-0.5021619316317538,,,cuVSLAM,,
660,1761211768427,-35.10352224111557,-28.176655992865562,2.9331627301871777,0.020702943549197723,-0.037359330152018644,-0.5004005057750519,,,cuVSLAM,,
661,1761211768444,-35.33952683210373,-29.525848105549812,2.7945220936089754,0.022830571762792864,-0.037368891688219184,-0.49844078187285246,,,cuVSLAM,,
662,1761211768461,-35.64659506082535,-31.126584857702255,2.7819236274808645,0.025095085688056754,-0.03717132740433602,-0.49745493481159275,,,cuVSLAM,,
663,1761211768477,-35.92078760266304,-32.8156016767025,2.393468050286174,0.02764246625929054,-0.037109090779211665,-0.49672411992356863,,,cuVSLAM,,
664,1761211768494,-36.02151572704315,-34.79176014661789,2.615115139633417,0.03039817524116436,-0.03653175342473568,-0.49533673549113827,,,cuVSLAM,,
665,1761211768511,-36.14497929811478,-36.79880499839783,2.4407729506492615,0.03329875593985581,-0.035965005819883815,-0.494168283103249,,,cuVSLAM,,
666,1761211768527,-36.23485937714577,-38.99663686752319,2.434131922200322,0.03644958760514545,-0.03519596875993888,-0.49366692580490024,,,cuVSLAM,,
667,1761211768544,-36.03656589984894,-41.322655975818634,2.492615021765232,0.039692262166061885,-0.03413413459663135,-0.49350999553273106,,,cuVSLAM,,
668,1761211768561,-35.94387322664261,-43.99710148572922,2.250857651233673,0.043252158166385814,-0.03301113092739243,-0.4926901846159128,,,cuVSLAM,,
669,1761211768577,-35.66063195466995,-46.535417437553406,2.1875835955142975,0.04684539683604541,-0.03174750080027629,-0.49199875717190517,,,cuVSLAM,,
670,1761211768594,-35.411424934864044,-49.39492791891098,2.0981847774237394,0.050689146546694576,-0.03031317430789945,-0.4921357229171198,,,cuVSLAM,,
671,1761211768627,-34.578509628772736,-55.31013756990433,1.5049714129418135,0.058599344926415546,-0.027067348715768397,-0.4920712193330494,,,cuVSLAM,,
672,1761211768644,-33.799126744270325,-57.88418650627136,1.2112893164157867,0.0625720589647948,-0.025252101609253896,-0.4903690926140389,,,cuVSLAM,,
673,1761211768661,-33.008016645908356,-60.613494366407394,0.7821677718311548,0.06648507082600033,-0.023490908613802364,-0.4870751556173491,,,cuVSLAM,,
674,1761211768677,-32.246097922325134,-63.747406005859375,0.3310759784653783,0.07046286430583883,-0.02166951026533793,-0.48246536018491554,,,cuVSLAM,,
675,1761211768694,-31.41077235341072,-66.59837812185287,0.16188493464142084,0.07444685420136771,-0.01970049114691183,-0.4767777457866931,,,cuVSLAM,,
676,1761211768711,-30.384238809347153,-69.34118270874023,0.018023885786533356,0.07843587582901154,-0.01774717849009345,-0.46948183856809744,,,cuVSLAM,,
677,1761211768727,-29.37973290681839,-72.00770080089569,-0.30551187228411436,0.08237834228484743,-0.015926523826849573,-0.46111957542332693,,,cuVSLAM,,
678,1761211768744,-28.58247235417366,-75.01867413520813,-0.6647725822404027,0.08644039196147309,-0.014019636175387757,-0.45462675588140244,,,cuVSLAM,,
679,1761211768761,-27.507688850164413,-77.9624730348587,-0.9151442209258676,0.09037287918520052,-0.011960141377896364,-0.4500918730132484,,,cuVSLAM,,
680,1761211768777,-26.42267569899559,-80.55683970451355,-1.2034521205350757,0.09428668583240318,-0.009936690507411632,-0.44617782061380606,,,cuVSLAM,,
681,1761211768794,-25.57232230901718,-83.54853093624115,-1.5455657849088311,0.09814706695981681,-0.0079841630550326,-0.44109674387060593,,,cuVSLAM,,
682,1761211768811,-24.418730288743973,-86.02762222290039,-2.0943437702953815,0.10184302720566324,-0.0061352155356212525,-0.4357826270614646,,,cuVSLAM,,
683,1761211768827,-23.45283329486847,-88.69443833827972,-2.0353449508547783,0.10545444440876502,-0.0038664661682778563,-0.4314097989818284,,,cuVSLAM,,
684,1761211768844,-22.425830364227295,-91.47192537784576,-2.501887269318104,0.10900158648094184,-0.0019096284449605784,-0.42726213775889205,,,cuVSLAM,,
685,1761211768861,-21.36131003499031,-94.00303661823273,-2.5900579057633877,0.1124429482970476,0.0002394700625970651,-0.4224460046228028,,,cuVSLAM,,
686,1761211768877,-20.247723907232285,-96.39380872249603,-2.966041676700115,0.11574298090330697,0.002152768080637251,-0.4168801955971504,,,cuVSLAM,,
687,1761211768894,-19.250553101301193,-98.7715870141983,-3.4643039107322693,0.11895059775673864,0.003957606902206177,-0.41168216865892243,,,cuVSLAM,,
688,1761211768911,-18.23348179459572,-100.9276807308197,-4.202166106551886,0.1219244412987943,0.005639271198734521,-0.40759898529189587,,,cuVSLAM,,
689,1761211768927,-17.329145222902298,-103.13114523887634,-4.600075073540211,0.12491200192810327,0.0074333144147840265,-0.4040201057686807,,,cuVSLAM,,
690,1761211768944,-16.259465366601944,-105.03236949443817,-4.782353527843952,0.12767340100051427,0.009226462027630597,-0.40048657373231666,,,cuVSLAM,,
691,1761211768961,-15.439827926456928,-107.05962777137756,-5.136038176715374,0.1304053971306995,0.010719023662037362,-0.3958490127834018,,,cuVSLAM,,
692,1761211768977,-14.702149666845798,-108.79555344581604,-4.697306547313929,0.13302821730861042,0.01238366451657316,-0.38955317924808236,,,cuVSLAM,,
693,1761211768994,-13.935481198132038,-110.47646403312683,-4.953266121447086,0.13569573840060603,0.013407741456487814,-0.3828548039346012,,,cuVSLAM,,
694,1761211769011,-13.289947994053364,-112.16974258422852,-5.195402540266514,0.13831484464711802,0.014354164075519047,-0.3771506632303499,,,cuVSLAM,,
695,1761211769027,-12.782090343534946,-114.1178160905838,-5.322030279785395,0.1409920176295942,0.015266110984874705,-0.37267607734259844,,,cuVSLAM,,
696,1761211769044,-12.461473233997822,-115.89327454566956,-5.393106024712324,0.14356842433478392,0.01598110093699533,-0.3682290235708305,,,cuVSLAM,,
697,1761211769061,-12.303442694246769,-117.64112114906311,-5.69391343742609,0.14622051849454884,0.016343629575505114,-0.3629785894715851,,,cuVSLAM,,
698,1761211769077,-12.08112109452486,-119.20836567878723,-5.918142385780811,0.14888394084516468,0.016490375353818563,-0.3572859643643196,,,cuVSLAM,,
699,1761211769094,-12.078975327312946,-120.95963954925537,-6.069664843380451,0.1516750261844076,0.016583353420734057,-0.3520283592357445,,,cuVSLAM,,
700,1761211769111,-12.226601131260395,-122.85022437572479,-6.572668440639973,0.1543748687913299,0.016423221384699434,-0.34757343644494765,,,cuVSLAM,,
701,1761211769127,-12.475741095840931,-124.65642392635345,-7.092592306435108,0.15713363693483035,0.016097442457340568,-0.3432090290146073,,,cuVSLAM,,
702,1761211769144,-12.669791467487812,-126.40494108200073,-7.217017002403736,0.15994426622716115,0.015776644625435144,-0.3374963360590736,,,cuVSLAM,,
703,1761211769161,-13.006255961954594,-127.9548704624176,-7.5317686423659325,0.16273665506025073,0.015233463884195253,-0.3313019386728148,,,cuVSLAM,,
704,1761211769177,-13.275598175823689,-130.04224002361298,-8.095054887235165,0.16553521711663444,0.014646332941414448,-0.3264248663405506,,,cuVSLAM,,
705,1761211769194,-13.734874315559864,-131.96255266666412,-8.755980059504509,0.1683403825592887,0.014124094282185267,-0.3235976708921146,,,cuVSLAM,,
706,1761211769211,-14.147155918180943,-133.9038908481598,-9.381386451423168,0.17127454518120738,0.013682596165965127,-0.32137486144775196,,,cuVSLAM,,
707,1761211769227,-14.558297581970692,-135.42704284191132,-9.523776359856129,0.17422981454914693,0.013336479313476554,-0.3189942405004599,,,cuVSLAM,,
708,1761211769244,-14.995907433331013,-137.71171867847443,-9.49846114963293,0.17712980193033276,0.013135080023261886,-0.31567769439280885,,,cuVSLAM,,
709,1761211769261,-15.392393805086613,-139.29440081119537,-9.810799732804298,0.17995344772161062,0.012746427540796258,-0.3131406420672943,,,cuVSLAM,,
710,1761211769277,-15.852153301239014,-141.34348928928375,-10.286585427820683,0.18281864385936042,0.012379133250977607,-0.31038634064043485,,,cuVSLAM,,
711,1761211769294,-16.11662283539772,-143.412247300148,-10.142907500267029,0.18561918375609704,0.012426422718217192,-0.30785439031641026,,,cuVSLAM,,
712,1761211769311,-16.309894621372223,-145.0735479593277,-10.478492826223373,0.18858725552057964,0.012224326711955091,-0.3059719987272969,,,cuVSLAM,,
713,1761211769344,-16.631871461868286,-148.8507241010666,-10.963589884340763,0.19435355023301273,0.012509166509020416,-0.3047596253318052,,,cuVSLAM,,
714,1761211769361,-16.75580069422722,-150.7692039012909,-11.55325397849083,0.19722687015408016,0.012593890409417286,-0.303930361967212,,,cuVSLAM,,
715,1761211769377,-16.90134033560753,-152.7315378189087,-12.378941290080547,0.20019445087356613,0.012593519298562998,-0.3022153986009663,,,cuVSLAM,,
716,1761211769394,-16.931667923927307,-154.92995083332062,-12.384102679789066,0.2031658962457129,0.013170971483902373,-0.29993758746328203,,,cuVSLAM,,
717,1761211769411,-16.608677804470062,-156.75361454486847,-12.860771268606186,0.20604932993299366,0.013682293846361819,-0.2980729835872905,,,cuVSLAM,,
718,1761211769427,-16.273166984319687,-158.74597430229187,-13.201232068240643,0.2090314895304846,0.014456174650725224,-0.2967228120898132,,,cuVSLAM,,
719,1761211769444,-15.76697826385498,-160.7700139284134,-13.404498808085918,0.2120648652041002,0.015543709732361204,-0.29589642481006506,,,cuVSLAM,,
720,1761211769461,-15.340310521423817,-162.81045973300934,-14.11347184330225,0.2151056390387158,0.01639422001815117,-0.2948348938995627,,,cuVSLAM,,
721,1761211769477,-14.697466976940632,-164.71730172634125,-14.823625795543194,0.21813126076786715,0.01734107773030095,-0.2935656246661772,,,cuVSLAM,,
722,1761211769494,-13.976392336189747,-167.11854934692383,-14.999628998339176,0.22103811394958153,0.018714473455951543,-0.29178120952793446,,,cuVSLAM,,
723,1761211769511,-13.410900719463825,-168.94440352916718,-15.95713384449482,0.22396982768140153,0.019604408332349152,-0.2894143628308836,,,cuVSLAM,,
724,1761211769527,-12.71261740475893,-171.09881341457367,-16.254544258117676,0.22700396148323124,0.020876127415462093,-0.2863153091386452,,,cuVSLAM,,
725,1761211769544,-11.791643686592579,-172.8779822587967,-16.687912866473198,0.22983395727005004,0.022083828195494686,-0.2828897882308844,,,cuVSLAM,,
726,1761211769561,-10.796104557812214,-174.6707260608673,-17.230799421668053,0.23275969299842456,0.023248038031251448,-0.2791353725752811,,,cuVSLAM,,
727,1761211769577,-9.883021004498005,-176.30930244922638,-18.186550587415695,0.2354670850810977,0.02435378559123979,-0.2761738440493518,,,cuVSLAM,,
728,1761211769594,-8.814399130642414,-178.04083228111267,-18.804987892508507,0.23818114733381568,0.0257705539611202,-0.2737093231567969,,,cuVSLAM,,
729,1761211769611,-7.900943048298359,-180.0425797700882,-19.574269652366638,0.24094214352945323,0.027055489407099998,-0.2704884968300233,,,cuVSLAM,,
730,1761211769627,-7.061881013214588,-181.9409877061844,-20.84643580019474,0.24368677288391882,0.02796079818677015,-0.26725390177532465,,,cuVSLAM,,
731,1761211769644,-6.072436459362507,-183.80433320999146,-21.048055961728096,0.24629330825440449,0.029585734586267416,-0.2646719080456824,,,cuVSLAM,,
732,1761211769661,-4.410811699926853,-183.50082635879517,-22.36380986869335,0.2487170525785316,0.030480841403767927,-0.2631102511670421,,,cuVSLAM,,
733,1761211769677,-3.4920978359878063,-185.19063293933868,-22.624937817454338,0.2512860436841625,0.03177869973174116,-0.2602438008480674,,,cuVSLAM,,
734,1761211769694,-2.7786886785179377,-186.60414218902588,-23.577656596899033,0.2538868451800033,0.0325338091239114,-0.2576749177940868,,,cuVSLAM,,
735,1761211769711,-1.9235257059335709,-188.54664266109467,-23.461338132619858,0.2563523286360638,0.03396700975162921,-0.25528738096255216,,,cuVSLAM,,
736,1761211769727,-1.3251032214611769,-190.15957415103912,-23.814400658011436,0.2587523803949828,0.03491698260461616,-0.2530394129645801,,,cuVSLAM,,
737,1761211769744,-0.8219471201300621,-191.89871847629547,-24.614064022898674,0.26140891896877966,0.035481191772158284,-0.25027479309268225,,,cuVSLAM,,
738,1761211769761,-0.2256091684103012,-193.5080587863922,-25.094246491789818,0.26402808781175235,0.03631229315757721,-0.24784742341136004,,,cuVSLAM,,
739,1761211769777,0.40738843381404877,-195.3200101852417,-25.76259709894657,0.26677438983030455,0.03719969589673681,-0.24602962312036225,,,cuVSLAM,,
740,1761211769794,1.0336502455174923,-197.17024266719818,-26.280514895915985,0.26957076283121895,0.03838474664202036,-0.24473941763436385,,,cuVSLAM,,
741,1761211769811,1.8657809123396873,-199.17337596416473,-26.731951162219048,0.27246495685506084,0.039669281337517175,-0.24303656417797326,,,cuVSLAM,,
742,1761211769827,2.695945091545582,-200.93385875225067,-27.526980265975,0.27537046255913705,0.04067397300286466,-0.2409304532943693,,,cuVSLAM,,
743,1761211769844,3.451975993812084,-202.7871161699295,-28.448008000850677,0.2783567113563913,0.041737338655345624,-0.23877335673760003,,,cuVSLAM,,
744,1761211769861,4.3292054906487465,-204.90321516990662,-28.932809829711914,0.2813292966815345,0.04312996710931692,-0.23683403747296214,,,cuVSLAM,,
745,1761211769877,5.163644440472126,-206.88828825950623,-29.705606400966644,0.28436946362146265,0.04433615672937494,-0.23510575598797415,,,cuVSLAM,,
746,1761211769894,6.03195745497942,-208.8104635477066,-30.59026412665844,0.2874071459813461,0.04556656603329829,-0.2334202489166923,,,cuVSLAM,,
747,1761211769911,6.903105415403843,-211.04787290096283,-30.881525948643684,0.29053808257243036,0.047239561726502635,-0.23181403159744027,,,cuVSLAM,,
748,1761211769927,7.7604614198207855,-213.1822556257248,-31.64079785346985,0.2936645715360633,0.04862478597302309,-0.2307021417801182,,,cuVSLAM,,
749,1761211769944,8.53304099291563,-215.3356373310089,-32.56949782371521,0.2968600388404934,0.04990148469674618,-0.22976559749004458,,,cuVSLAM,,
750,1761211769961,9.397933259606361,-217.5721526145935,-33.097270876169205,0.30005512063982687,0.05141294603481735,-0.22857405825854354,,,cuVSLAM,,
751,1761211769978,10.113367810845375,-219.64380145072937,-33.74723345041275,0.3031488007733092,0.05280264516472014,-0.2275335238337934,,,cuVSLAM,,
752,1761211769994,10.844076983630657,-221.83483839035034,-34.80345010757446,0.30635842367995625,0.054063035301844926,-0.22665925560895206,,,cuVSLAM,,
753,1761211770011,11.808251030743122,-223.90997409820557,-35.303451120853424,0.3093793280304025,0.05572082382103709,-0.22564279680506671,,,cuVSLAM,,
754,1761211770027,12.755232863128185,-225.95937550067902,-35.95437854528427,0.3124791247222265,0.05734776279815922,-0.22442588053028215,,,cuVSLAM,,
755,1761211770044,13.613640330731869,-228.2644361257553,-36.77825629711151,0.3157017689094005,0.058833711370738555,-0.22331110748191987,,,cuVSLAM,,
756,1761211770061,14.626449905335903,-230.21937906742096,-37.59227693080902,0.3187797797015374,0.06041465188245676,-0.2228553457518914,,,cuVSLAM,,
757,1761211770077,15.644561499357224,-232.13636875152588,-38.58562558889389,0.32183595032524215,0.062031195452281425,-0.22281352817132602,,,cuVSLAM,,
758,1761211770094,16.754169017076492,-234.45382714271545,-38.89738768339157,0.3249187437804681,0.06420572988252102,-0.22233103220637762,,,cuVSLAM,,
759,1761211770111,17.639245837926865,-236.52544617652893,-40.1107594370842,0.3279388758662231,0.06565804378308604,-0.22143005863332388,,,cuVSLAM,,
760,1761211770144,19.78883519768715,-240.42746424674988,-41.720256209373474,0.3339146597530061,0.06927356303451081,-0.21986100819851118,,,cuVSLAM,,
761,1761211770161,21.003015339374542,-242.26444959640503,-42.8553968667984,0.3367475931380265,0.07106794863848553,-0.2200812118721372,,,cuVSLAM,,
762,1761211770177,21.973859518766403,-244.3334311246872,-43.54295879602432,0.33954296777080206,0.073102223426693,-0.22051114421120074,,,cuVSLAM,,
763,1761211770194,23.05646240711212,-246.18840217590332,-44.48321461677551,0.3421701483616124,0.07495822781046156,-0.22062793072553652,,,cuVSLAM,,
764,1761211770211,24.262655526399612,-248.0343133211136,-45.03930360078812,0.3447480017151036,0.0769761511006929,-0.22016348328785051,,,cuVSLAM,,
765,1761211770228,25.344640016555786,-249.78503584861755,-45.69675773382187,0.34723487393721914,0.07889977123614811,-0.21934365030265915,,,cuVSLAM,,
766,1761211770244,26.515915989875793,-251.51950120925903,-46.56454175710678,0.34965904592981845,0.08076011305556129,-0.21872682102898688,,,cuVSLAM,,
767,1761211770261,27.733508497476578,-253.08573246002197,-47.24825918674469,0.35203891194068515,0.08274670056420735,-0.21858620012785362,,,cuVSLAM,,
768,1761211770277,28.837647289037704,-254.8355758190155,-47.88179695606232,0.3543436825524085,0.08478961211674188,-0.21852806715524806,,,cuVSLAM,,
769,1761211770294,30.020050704479218,-256.24901056289673,-48.93919080495834,0.35664392248577975,0.08644306203888218,-0.21814900831884684,,,cuVSLAM,,
770,1761211770311,31.185388565063477,-257.93516635894775,-49.47863146662712,0.3589072056268596,0.08835728244908131,-0.21714598341311794,,,cuVSLAM,,
771,1761211770327,32.2704091668129,-259.42981243133545,-49.99455064535141,0.36114861838837725,0.09016107447636068,-0.2161159297738008,,,cuVSLAM,,
772,1761211770344,33.31167250871658,-261.04527711868286,-50.561293959617615,0.36333686702404633,0.09185889271504201,-0.21510851946993775,,,cuVSLAM,,
773,1761211770361,34.22945365309715,-262.45665550231934,-51.663849502801895,0.3656045759449458,0.09314805852002336,-0.21442682245823166,,,cuVSLAM,,
774,1761211770377,35.0789800286293,-263.89071345329285,-52.607983350753784,0.3678165114558152,0.09448005565298648,-0.2140218156442349,,,cuVSLAM,,
775,1761211770394,36.03948652744293,-265.3160095214844,-53.04314196109772,0.3699638867913962,0.09602641818069613,-0.2133430317098175,,,cuVSLAM,,
776,1761211770411,36.82853654026985,-266.8571472167969,-54.21946942806244,0.37237329470081904,0.09703089699854853,-0.21197966414946354,,,cuVSLAM,,
777,1761211770427,37.65987604856491,-268.3566212654114,-54.9246147274971,0.3746768148769055,0.09826474927624097,-0.21040044340734898,,,cuVSLAM,,
778,1761211770444,38.52061182260513,-269.75125074386597,-55.832140147686005,0.3770890246935005,0.09937738541333109,-0.20904294670154344,,,cuVSLAM,,
779,1761211770461,39.346396923065186,-271.36868238449097,-56.39992654323578,0.37951657192513366,0.10089436248326086,-0.20858293971847244,,,cuVSLAM,,
780,1761211770477,40.1761531829834,-273.1686532497406,-57.375483214855194,0.3820347858759546,0.10241375108303939,-0.20917820362382464,,,cuVSLAM,,
781,1761211770494,40.925633162260056,-274.94093775749207,-58.383822441101074,0.3845897586215783,0.10392274040974869,-0.20996522236350304,,,cuVSLAM,,
782,1761211770511,41.73630848526955,-276.77038311958313,-59.13512408733368,0.38724987876294925,0.10556354449710005,-0.2101940191469432,,,cuVSLAM,,
783,1761211770527,42.59137809276581,-278.69391441345215,-60.25129556655884,0.3900485887978812,0.10688525302439363,-0.2095695386852384,,,cuVSLAM,,
784,1761211770544,43.58229041099548,-280.6251645088196,-60.722850263118744,0.3929230022296878,0.10861717396502205,-0.20837312280285605,,,cuVSLAM,,
785,1761211770561,44.47361081838608,-282.4971377849579,-61.80853396654129,0.3958974009374427,0.10996692912351369,-0.20699868685764528,,,cuVSLAM,,
786,1761211770577,45.358289033174515,-284.33412313461304,-63.166193664073944,0.39892323289875337,0.11135043187403544,-0.2063236619216491,,,cuVSLAM,,
787,1761211770594,46.35966196656227,-286.29547357559204,-64.16016817092896,0.4018475839206186,0.11314453340265439,-0.20617448635168495,,,cuVSLAM,,
788,1761211770611,47.39176481962204,-288.2211208343506,-65.04366546869278,0.4046566235680979,0.1150051828718992,-0.20585921673677984,,,cuVSLAM,,
789,1761211770628,48.496801406145096,-290.10969400405884,-66.2907287478447,0.4076007731659707,0.11656359827750731,-0.20445088111880635,,,cuVSLAM,,
790,1761211770644,49.66031759977341,-292.13693737983704,-67.16062128543854,0.4106979816568649,0.11829999141901199,-0.2020540963905379,,,cuVSLAM,,
791,1761211770661,50.92306435108185,-293.8412129878998,-68.04483383893967,0.4137480418211319,0.11992388608241139,-0.1997266073592723,,,cuVSLAM,,
792,1761211770677,51.9801490008831,-295.97222805023193,-69.14199888706207,0.41692927176856404,0.12159055302369694,-0.19790776130153093,,,cuVSLAM,,
793,1761211770694,52.92881280183792,-297.7861166000366,-70.46112418174744,0.4200711123191865,0.12314826799280228,-0.19722798123904983,,,cuVSLAM,,
794,1761211770711,53.91960218548775,-299.9492287635803,-71.62431627511978,0.42315800256862457,0.12479669406192472,-0.1965404288373113,,,cuVSLAM,,
795,1761211770727,54.82042208313942,-301.9757568836212,-72.71174341440201,0.42631674382593077,0.12635367482458482,-0.19577443477070855,,,cuVSLAM,,
796,1761211770744,55.78034371137619,-303.92464995384216,-73.78567010164261,0.4295089995455333,0.12784380630696382,-0.19463957193505402,,,cuVSLAM,,
797,1761211770761,56.712083518505096,-305.9680461883545,-75.07682591676712,0.4328088594377489,0.12913808759706816,-0.19286327256834393,,,cuVSLAM,,
798,1761211770777,57.707153260707855,-307.87086486816406,-76.09643042087555,0.43609937029278545,0.13045460552317198,-0.19073998941540765,,,cuVSLAM,,
799,1761211770794,58.60035866498947,-309.9781274795532,-77.2714763879776,0.43947222666459146,0.1316155703734747,-0.18850124509581193,,,cuVSLAM,,
800,1761211770811,59.404946863651276,-311.9106888771057,-78.27751338481903,0.4429180972027702,0.13285526341731915,-0.18675132427889862,,,cuVSLAM,,
801,1761211770827,60.19815057516098,-314.1440749168396,-79.54749464988708,0.44638867759793666,0.134091824815598,-0.18536281683981098,,,cuVSLAM,,
802,1761211770844,61.103761196136475,-316.2534236907959,-80.74293285608292,0.4498738528937708,0.1356219326861337,-0.18468395830295897,,,cuVSLAM,,
803,1761211770861,62.0373860001564,-318.56346130371094,-81.99344575405121,0.4534413312375132,0.13727908050620158,-0.18398202119574172,,,cuVSLAM,,
804,1761211770877,63.01816552877426,-320.70228457450867,-83.15934240818024,0.45702565914470383,0.13900944328420783,-0.18308701346421408,,,cuVSLAM,,
805,1761211770894,63.97821754217148,-322.9374587535858,-84.7933366894722,0.4607802308145316,0.14042212862898398,-0.18166686122113995,,,cuVSLAM,,
806,1761211770911,65.07478654384613,-325.2663016319275,-86.03918552398682,0.4644297990059772,0.14227262955815106,-0.18033342761472318,,,cuVSLAM,,
807,1761211770927,66.2301555275917,-327.42244005203247,-87.37480640411377,0.4681219249789018,0.14425491472419882,-0.17973916050627273,,,cuVSLAM,,
808,1761211770944,67.37420707941055,-329.7090232372284,-89.0149474143982,0.4718301336352,0.1462714189199564,-0.17955324368777786,,,cuVSLAM,,
809,1761211770961,68.56226176023483,-332.02946186065674,-90.41085839271545,0.475621402693885,0.1485546191690814,-0.1796292821954675,,,cuVSLAM,,
810,1761211770977,69.78584080934525,-334.5368206501007,-91.92885458469391,0.4793126246300805,0.15090822062807907,-0.17966548174694938,,,cuVSLAM,,
811,1761211770994,71.09866291284561,-336.95167303085327,-93.33297610282898,0.4831297830526498,0.15331729388525575,-0.17955753872842095,,,cuVSLAM,,
812,1761211771011,72.40178436040878,-339.4238352775574,-94.90151703357697,0.4869483995440957,0.15555657214316326,-0.17895356720392075,,,cuVSLAM,,
813,1761211771027,73.71952384710312,-341.75166487693787,-96.4328795671463,0.49085010178864885,0.15774008750556495,-0.17814673930160618,,,cuVSLAM,,
814,1761211771044,74.96163249015808,-344.24030780792236,-97.9665219783783,0.49476953146998076,0.1598695035336093,-0.1769539676832967,,,cuVSLAM,,
815,1761211771061,76.24757289886475,-346.63453698158264,-99.82579946517944,0.4987219446744389,0.161856770216405,-0.17587401520748563,,,cuVSLAM,,
816,1761211771094,78.79185676574707,-351.2125611305237,-103.0077338218689,0.5064606000332978,0.16617221045904274,-0.17432612112343573,,,cuVSLAM,,
817,1761211771111,80.08363097906113,-353.4013032913208,-104.3742448091507,0.510165025935175,0.16849388821275255,-0.17409325989254035,,,cuVSLAM,,
818,1761211771127,81.3189372420311,-355.6879758834839,-105.97240924835205,0.5138663872112277,0.1705761716066813,-0.17358333749220312,,,cuVSLAM,,
819,1761211771144,82.39658921957016,-358.0320477485657,-107.29873180389404,0.5174327922757777,0.17267140833997133,-0.17277069741215598,,,cuVSLAM,,
820,1761211771161,83.51265639066696,-360.0097894668579,-108.86812210083008,0.5209807906425519,0.1744858291236175,-0.17206111194918033,,,cuVSLAM,,
821,1761211771177,84.53617244958878,-362.14253306388855,-110.54777354001999,0.5244826941898255,0.1761146133540149,-0.17117471418841515,,,cuVSLAM,,
822,1761211771194,85.51578968763351,-363.8014793395996,-112.25907504558563,0.527741536140172,0.1774600846774039,-0.17021004872628398,,,cuVSLAM,,
823,1761211771211,86.37484163045883,-365.7214939594269,-113.3948490023613,0.5310464869672818,0.1790425713757582,-0.1690446089279489,,,cuVSLAM,,
824,1761211771227,87.21911162137985,-367.7096366882324,-114.6990954875946,0.5342114902631622,0.18039946234521786,-0.16777714309649627,,,cuVSLAM,,
825,1761211771244,87.90262043476105,-369.5001006126404,-116.12182855606079,0.537311684200074,0.18150002009824795,-0.16643652805203557,,,cuVSLAM,,
826,1761211771261,88.60998600721359,-371.18303775787354,-117.47640371322632,0.5402377274301309,0.18250607785105297,-0.16522478518325595,,,cuVSLAM,,
827,1761211771277,89.21796828508377,-372.92730808258057,-118.65571141242981,0.5431020294862325,0.1834726768169722,-0.16407369280945058,,,cuVSLAM,,
828,1761211771294,89.77414667606354,-374.43849444389343,-119.56945806741714,0.5457980163573573,0.18440084226367112,-0.16318168496164775,,,cuVSLAM,,
829,1761211771311,90.21508693695068,-375.9012818336487,-120.45610696077347,0.5482850151964975,0.18522080460402618,-0.16243433402250262,,,cuVSLAM,,
830,1761211771327,90.60873836278915,-377.2955536842346,-121.46318703889847,0.5506535609030901,0.18595587368880223,-0.1620197235237628,,,cuVSLAM,,
831,1761211771344,90.92498570680618,-378.548264503479,-122.39088118076324,0.5528259014632075,0.18657487384637858,-0.1616984596671708,,,cuVSLAM,,
832,1761211771361,91.31953865289688,-379.66659665107727,-123.02307784557343,0.554804472775909,0.18720739897904848,-0.16117464797559308,,,cuVSLAM,,
833,1761211771377,91.56304597854614,-380.6805908679962,-123.74503910541534,0.5567367425523706,0.18758796161514163,-0.16052450943255112,,,cuVSLAM,,
834,1761211771394,91.74587577581406,-381.588339805603,-124.64392930269241,0.558434297562931,0.1877600500477745,-0.15997571311384365,,,cuVSLAM,,
835,1761211771411,91.92026406526566,-382.4765384197235,-125.0452846288681,0.5598681095901361,0.188265087868207,-0.15992993629930824,,,cuVSLAM,,
836,1761211771427,91.8872132897377,-383.0949664115906,-125.68898499011993,0.5610665195460867,0.18842454712339288,-0.16018232030604404,,,cuVSLAM,,
837,1761211771444,91.96969866752625,-383.587121963501,-126.05656683444977,0.5619903430865452,0.18864007129510493,-0.16060594532073477,,,cuVSLAM,,
838,1761211771461,91.91963076591492,-383.9608430862427,-126.14138424396515,0.5626427635030529,0.18888363394425037,-0.1613088725915349,,,cuVSLAM,,
839,1761211771477,91.73661470413208,-384.2543959617615,-126.31769478321075,0.5630192730250442,0.18898114456779674,-0.16207996076272913,,,cuVSLAM,,
840,1761211771494,91.64322167634964,-384.2739462852478,-126.41547620296478,0.5632140445342182,0.1889944149803378,-0.16300228467994507,,,cuVSLAM,,
841,1761211771511,91.50835871696472,-384.36073064804077,-126.3706237077713,0.5630874599416512,0.18903742224589876,-0.16370004224124363,,,cuVSLAM,,
842,1761211771527,91.40082448720932,-384.0385675430298,-126.0843425989151,0.5626964909775412,0.18894076369597307,-0.1642825297886939,,,cuVSLAM,,
843,1761211771544,91.25436097383499,-383.5947811603546,-125.78582763671875,0.5619847393367586,0.18861866940094413,-0.16444221470605422,,,cuVSLAM,,
844,1761211771561,91.17141366004944,-383.12649726867676,-125.31386315822601,0.5608245418617323,0.18832349551466052,-0.1643725953783483,,,cuVSLAM,,
845,1761211771577,91.03132039308548,-382.28514790534973,-124.61312115192413,0.5593942921014641,0.1880450522911725,-0.16454187952837715,,,cuVSLAM,,
846,1761211771594,90.91001749038696,-381.1572790145874,-124.03874844312668,0.5577325290731229,0.1876269994185181,-0.1649887067278258,,,cuVSLAM,,
847,1761211771611,90.66308289766312,-379.78261709213257,-123.59023839235306,0.5556810318675475,0.18706343827109334,-0.1660618180859081,,,cuVSLAM,,
848,1761211771627,90.47655016183853,-378.5308599472046,-122.4527657032013,0.5531778423438954,0.1869649746604122,-0.1675080897408618,,,cuVSLAM,,
849,1761211771644,90.25532752275467,-377.0328164100647,-121.17980420589447,0.5503096949895476,0.1866548106449044,-0.16852770042780751,,,cuVSLAM,,
850,1761211771661,90.16161412000656,-374.98244643211365,-119.66215074062347,0.5472061651843635,0.18617787573666264,-0.16878921010365208,,,cuVSLAM,,
851,1761211771677,89.8294448852539,-373.2782304286957,-118.44600737094879,0.5438068086567586,0.18519921071050496,-0.1679907097592129,,,cuVSLAM,,
852,1761211771694,89.71479535102844,-370.77224254608154,-117.07323044538498,0.5402147394242512,0.18409442023548028,-0.16739180037817739,,,cuVSLAM,,
853,1761211771711,89.52576667070389,-368.53063106536865,-115.47374725341797,0.5362311710812202,0.18323696481347815,-0.16702466177392447,,,cuVSLAM,,
854,1761211771727,89.12279456853867,-365.9745454788208,-114.344522356987,0.5320479728070986,0.18202394259499025,-0.1671207068510996,,,cuVSLAM,,
855,1761211771744,88.82377296686172,-363.1124496459961,-112.39096522331238,0.5274078092676638,0.18122433842305533,-0.1676487275687939,,,cuVSLAM,,
856,1761211771761,88.54157477617264,-360.42362451553345,-110.39844155311584,0.5225179608480882,0.18028723770068322,-0.16752940181119796,,,cuVSLAM,,
857,1761211771777,88.32108229398727,-357.1836054325104,-108.50456357002258,0.5174109264080926,0.17902612324997097,-0.16694338125248165,,,cuVSLAM,,
858,1761211771794,88.00219744443893,-354.0439009666443,-106.41612112522125,0.5121283011867398,0.17777427146897384,-0.1660781183148033,,,cuVSLAM,,
859,1761211771811,87.66674995422363,-350.7033586502075,-104.44213449954987,0.5066452949069223,0.17643863590656506,-0.16540709436013662,,,cuVSLAM,,
860,1761211771827,87.42468059062958,-347.3137319087982,-101.94771736860275,0.5008629402228997,0.17560003598691593,-0.16544672662238644,,,cuVSLAM,,
861,1761211771844,87.09854632616043,-343.6596393585205,-99.79669004678726,0.4949216439700979,0.17466005078685576,-0.16619011025964117,,,cuVSLAM,,
862,1761211771861,86.89529448747635,-340.0391936302185,-97.66027331352234,0.4887996921431196,0.173682163255205,-0.16653400154471254,,,cuVSLAM,,
863,1761211771877,86.58186346292496,-336.13836765289307,-95.51894664764404,0.4826329250550298,0.17234531871601202,-0.16576458509687833,,,cuVSLAM,,
864,1761211771894,86.27132326364517,-332.20309019088745,-93.28098595142365,0.4763284816430289,0.17077000255423375,-0.1640307279728384,,,cuVSLAM,,
865,1761211771911,86.04330569505692,-328.1867504119873,-90.74398875236511,0.4698607511388524,0.16939543186137926,-0.16223563376463054,,,cuVSLAM,,
866,1761211771927,85.83474904298782,-323.93699884414673,-88.64498138427734,0.46323106566459155,0.1678606826662855,-0.16088741432627351,,,cuVSLAM,,
867,1761211771944,85.66371351480484,-319.6130096912384,-86.39053255319595,0.4564374392665804,0.16661540561751823,-0.16029199430347232,,,cuVSLAM,,
868,1761211771961,85.42031794786453,-315.1664733886719,-84.4353511929512,0.44959672097232856,0.16530684389258965,-0.1602904511046361,,,cuVSLAM,,
869,1761211771977,85.21440625190735,-310.81315875053406,-82.22056925296783,0.442578683792766,0.16420820545471,-0.1601018636221127,,,cuVSLAM,,
870,1761211771994,85.0207656621933,-306.6442608833313,-79.67115193605423,0.43543812267695164,0.16318171979156418,-0.15892124166941654,,,cuVSLAM,,
871,1761211772011,85.00160276889801,-301.85046792030334,-76.86363160610199,0.42823178174396914,0.16214691335454784,-0.15737682795232127,,,cuVSLAM,,
872,1761211772027,84.9374309182167,-297.1218228340149,-74.66664165258408,0.42107115904510733,0.16080844046843867,-0.15560087723542082,,,cuVSLAM,,
873,1761211772044,84.87783372402191,-292.3557162284851,-72.68882542848587,0.41376948957547793,0.15947727272464138,-0.15426604099950145,,,cuVSLAM,,
874,1761211772061,84.80040729045868,-287.56436705589294,-70.66303491592407,0.40646653692409973,0.15830873543548826,-0.15355506336190555,,,cuVSLAM,,
875,1761211772077,84.70194786787033,-282.61440992355347,-68.3865174651146,0.39899150139825085,0.15732861608317367,-0.15306357160437686,,,cuVSLAM,,
876,1761211772094,84.67770367860794,-278.1141996383667,-65.80548733472824,0.39160237891928057,0.15665217945351928,-0.1520764268256961,,,cuVSLAM,,
877,1761211772111,84.55831557512283,-273.2740044593811,-63.9742836356163,0.3843397927730673,0.15525214515614139,-0.15056224646318192,,,cuVSLAM,,
878,1761211772144,84.26542580127716,-263.55135440826416,-59.90855395793915,0.36971233799023767,0.15263268591126844,-0.14729796116138863,,,cuVSLAM,,
879,1761211772161,84.01867002248764,-258.8161826133728,-57.960085570812225,0.3625322301199424,0.1513383258905859,-0.14595666417002529,,,cuVSLAM,,
880,1761211772177,83.72706174850464,-254.17092442512512,-55.76910823583603,0.355342137721019,0.15011975116469536,-0.14451708581923411,,,cuVSLAM,,
881,1761211772194,83.3829715847969,-249.41226840019226,-53.98473143577576,0.348325703352602,0.14853457210124724,-0.1433084075732096,,,cuVSLAM,,
882,1761211772211,82.85067975521088,-244.90176141262054,-52.030354738235474,0.3413584550025738,0.14704610287994638,-0.14236572735919567,,,cuVSLAM,,
883,1761211772227,82.26477354764938,-239.98412489891052,-50.590988248586655,0.3345050654362566,0.14505185355810007,-0.14140885249819066,,,cuVSLAM,,
884,1761211772244,81.60437643527985,-235.69881916046143,-48.819318413734436,0.32776710994212194,0.1431385475690989,-0.13946627323059088,,,cuVSLAM,,
885,1761211772261,80.90671896934509,-231.14532232284546,-46.81763052940369,0.3211758858161777,0.14130207753330815,-0.137632124928159,,,cuVSLAM,,
886,1761211772277,80.00778406858444,-226.82881355285645,-45.072779059410095,0.31466977398026225,0.1392679990127838,-0.13581925651118443,,,cuVSLAM,,
887,1761211772294,79.14795726537704,-222.41631150245667,-43.62834990024567,0.3082358405242813,0.13708864655512118,-0.13422068366830636,,,cuVSLAM,,
888,1761211772311,78.35493981838226,-218.04563701152802,-41.667282581329346,0.3018156428142015,0.1352197926775555,-0.13279285885586448,,,cuVSLAM,,
889,1761211772327,77.33523845672607,-213.6508822441101,-40.0628000497818,0.2955390494169033,0.13312865281894176,-0.13158751601425087,,,cuVSLAM,,
890,1761211772344,76.53350383043289,-209.59942042827606,-38.02154213190079,0.289262521356549,0.13147094464909825,-0.13025480238596002,,,cuVSLAM,,
891,1761211772361,75.46482980251312,-204.9953043460846,-37.102941423654556,0.2830984904079491,0.128978245431553,-0.1291069257489997,,,cuVSLAM,,
892,1761211772377,74.5614618062973,-200.70797204971313,-35.42027249932289,0.2767877980706158,0.12705486645851752,-0.12766127348827996,,,cuVSLAM,,
893,1761211772394,73.63571971654892,-196.37246429920197,-33.90228748321533,0.27052779305771035,0.12501150034641878,-0.1260205361000022,,,cuVSLAM,,
894,1761211772411,72.84926623106003,-192.29556620121002,-31.70035034418106,0.2640863171950731,0.12347650681421603,-0.12421990963816024,,,cuVSLAM,,
895,1761211772427,71.87405973672867,-187.58325278759003,-30.70046566426754,0.25777684170403964,0.12116141057036231,-0.12267318145970149,,,cuVSLAM,,
896,1761211772444,70.93144208192825,-183.47974121570587,-29.0302112698555,0.2514341840910786,0.11942527239872384,-0.12117392042897648,,,cuVSLAM,,
897,1761211772461,70.09941339492798,-179.03384566307068,-27.417205274105072,0.2449306025651951,0.11768054895905147,-0.12031613283478713,,,cuVSLAM,,
898,1761211772477,69.20196861028671,-174.33294653892517,-26.116207242012024,0.23844740576517132,0.11576263729780882,-0.11971055502842863,,,cuVSLAM,,
899,1761211772494,67.84269958734512,-169.54092681407928,-26.473484933376312,0.23192847017090829,0.11287896529583896,-0.11849277973540231,,,cuVSLAM,,
900,1761211772511,66.92910939455032,-165.00242054462433,-24.696266278624535,0.2253220744947439,0.11122542600400259,-0.11675234269702056,,,cuVSLAM,,
901,1761211772527,66.15211069583893,-160.27991473674774,-23.405680432915688,0.21856885918000277,0.1093401841333914,-0.1153274264080787,,,cuVSLAM,,
902,1761211772544,65.16791135072708,-155.6399017572403,-22.141296416521072,0.21176103602844404,0.10754030052263738,-0.11427508200375072,,,cuVSLAM,,
903,1761211772561,64.41354006528854,-150.88064968585968,-20.647728815674782,0.20476276978842342,0.1060293378160273,-0.113210046652969,,,cuVSLAM,,
904,1761211772577,63.658662140369415,-145.88290452957153,-19.541971385478973,0.19769222900761313,0.1042794947703062,-0.11178784133364464,,,cuVSLAM,,
905,1761211772594,63.09942901134491,-140.6211256980896,-18.306076526641846,0.190432146295008,0.1027344345184183,-0.10963302810260167,,,cuVSLAM,,
906,1761211772610,62.50190734863281,-135.42123138904572,-17.386645078659058,0.18315527527850195,0.101088237010177,-0.10667784587177893,,,cuVSLAM,,
907,1761211772627,61.992865055799484,-130.26973605155945,-16.160743311047554,0.17583027821607788,0.099823971310138,-0.1034519266411052,,,cuVSLAM,,
908,1761211772644,61.66759878396988,-125.16075372695923,-14.835216104984283,0.16849710364556564,0.09873882856735965,-0.10023194023876772,,,cuVSLAM,,
909,1761211772661,61.379045248031616,-120.00048905611038,-13.414173386991024,0.16100911790244696,0.09785939259979266,-0.09690826290909214,,,cuVSLAM,,
910,1761211772677,61.103105545043945,-114.61023986339569,-12.500124052166939,0.15347230978185694,0.09678424274609211,-0.09346662599078225,,,cuVSLAM,,
911,1761211772694,60.816895216703415,-109.35851186513901,-11.494290083646774,0.14590015855057265,0.09582921182489833,-0.08963259879825348,,,cuVSLAM,,
912,1761211772711,60.65167486667633,-103.57983410358429,-10.6247179210186,0.13817924516703045,0.09486925268878353,-0.08582053785675915,,,cuVSLAM,,
913,1761211772727,60.402754694223404,-98.10662269592285,-9.551621973514557,0.13035511524365048,0.0940502743764012,-0.08167978763993106,,,cuVSLAM,,
914,1761211772744,60.1327121257782,-92.20428764820099,-9.181573987007141,0.12237301223224613,0.09276764066531204,-0.07782622816670401,,,cuVSLAM,,
915,1761211772761,59.85023081302643,-86.3468125462532,-8.156022056937218,0.11431661266705452,0.09193673953510696,-0.07395802147932243,,,cuVSLAM,,
916,1761211772777,59.467364102602005,-80.57136833667755,-7.518390193581581,0.10607739276747796,0.09087069512451526,-0.07018107309242616,,,cuVSLAM,,
917,1761211772794,59.06308442354202,-74.52831417322159,-6.702279672026634,0.09772827585305773,0.08985375362474761,-0.06684206611542802,,,cuVSLAM,,
918,1761211772810,58.494698256254196,-68.54140013456345,-5.9798043221235275,0.08931666956370715,0.08870956128314093,-0.06379783363096897,,,cuVSLAM,,
919,1761211772827,57.88254365324974,-62.821418046951294,-4.988754168152809,0.0809091094892504,0.08767100287888949,-0.0610588002079556,,,cuVSLAM,,
920,1761211772844,57.29703605175018,-56.91859871149063,-4.525408148765564,0.07233082160631997,0.08632481935656879,-0.05871837969366767,,,cuVSLAM,,
921,1761211772877,55.94200640916824,-44.92025822401047,-3.497812896966934,0.05528770318173616,0.08365094405026867,-0.052975074374077676,,,cuVSLAM,,
922,1761211772894,55.20972982048988,-38.84433209896088,-2.987988293170929,0.04673371513741954,0.0823624416402801,-0.04972881446871215,,,cuVSLAM,,
923,1761211772911,54.43808436393738,-32.769545912742615,-2.3828521370887756,0.038271650603707484,0.08116042910823289,-0.046839144992109505,,,cuVSLAM,,
924,1761211772927,53.590379655361176,-26.652157306671143,-2.734728157520294,0.029716109211632005,0.0794822990608484,-0.04458796851747663,,,cuVSLAM,,
925,1761211772944,53.06112766265869,-20.585447549819946,-1.889452338218689,0.02131328359797989,0.07863244219263445,-0.04278451875553797,,,cuVSLAM,,
926,1761211772961,52.39447206258774,-14.747455716133118,-1.9835215061903,0.013005243341043055,0.07729139163159959,-0.04089543262517782,,,cuVSLAM,,
927,1761211772977,51.81810259819031,-8.802786469459534,-1.9777175039052963,0.004690736243936698,0.07619627001407556,-0.038916852400597904,,,cuVSLAM,,
928,1761211772994,51.23526602983475,-3.145471215248108,-2.108801156282425,-0.003339818008477955,0.0751678095131171,-0.037157607780263294,,,cuVSLAM,,
929,1761211773011,50.81568658351898,2.1643340587615967,-1.992490142583847,-0.011252236091265931,0.07456853418218798,-0.035994321095458734,,,cuVSLAM,,
930,1761211773027,50.57129263877869,7.4084848165512085,-2.155344933271408,-0.018872298743767963,0.07413942759881723,-0.03552553898366889,,,cuVSLAM,,
931,1761211773044,50.57644471526146,12.508794665336609,-2.120696008205414,-0.02634872346521593,0.07413042863465637,-0.03497260468680051,,,cuVSLAM,,
932,1761211773060,50.69069564342499,17.4904465675354,-2.225171774625778,-0.03356360996265531,0.07431750744086225,-0.033617301365867054,,,cuVSLAM,,
933,1761211773077,50.97784847021103,22.319838404655457,-2.4272743612527847,-0.040473562796121305,0.07471889760563949,-0.031505688925141086,,,cuVSLAM,,
934,1761211773094,51.58641189336777,27.295827865600586,-2.406541258096695,-0.047338984490789535,0.07553810969777407,-0.02945974033834395,,,cuVSLAM,,
935,1761211773111,51.94583535194397,32.02046453952789,-3.086943179368973,-0.053815151411582156,0.07609434773628332,-0.02760733644975867,,,cuVSLAM,,
936,1761211773127,52.660051733255386,36.18663549423218,-3.2973550260066986,-0.0600805747298402,0.07716794712608024,-0.026118135183240684,,,cuVSLAM,,
937,1761211773144,53.4045472741127,40.37708044052124,-4.004521295428276,-0.06608053196232921,0.07811587186015366,-0.025217474379438047,,,cuVSLAM,,
938,1761211773161,54.30661141872406,44.35853660106659,-4.093917086720467,-0.07183653905312931,0.07958808539428916,-0.024179761116573658,,,cuVSLAM,,
939,1761211773177,55.24855479598045,48.250675201416016,-4.473643377423286,-0.0774987761288231,0.08104494735435229,-0.02285256957252773,,,cuVSLAM,,
940,1761211773194,56.2748983502388,52.33559012413025,-5.158737301826477,-0.0828846305288437,0.08233856090934301,-0.02148926967412676,,,cuVSLAM,,
941,1761211773210,57.14832991361618,55.898845195770264,-5.347661674022675,-0.08810241719165013,0.08393021757154931,-0.019531219506231406,,,cuVSLAM,,
942,1761211773227,58.095864951610565,59.35138463973999,-5.484132096171379,-0.09305587936785562,0.0855401091085151,-0.01762902853471603,,,cuVSLAM,,
943,1761211773244,59.06311795115471,62.518104910850525,-5.8185867965221405,-0.09767746352605347,0.08699662337891086,-0.015910705566571003,,,cuVSLAM,,
944,1761211773261,60.04359573125839,65.90293347835541,-6.549812853336334,-0.10227420258398565,0.08825501369488939,-0.014389319923227555,,,cuVSLAM,,
945,1761211773277,60.784004628658295,69.04223561286926,-6.927568465471268,-0.1066886906490265,0.08960645383923176,-0.012599574463236049,,,cuVSLAM,,
946,1761211773294,61.64038926362991,71.98221981525421,-7.689442485570908,-0.11087580326644497,0.0906909666035872,-0.010393313164684476,,,cuVSLAM,,
947,1761211773310,62.36856430768967,74.86920058727264,-7.817912846803665,-0.11499682872693556,0.09202942622586116,-0.00767340323797551,,,cuVSLAM,,
948,1761211773327,63.11485171318054,77.72617042064667,-7.680803537368774,-0.11897216228970157,0.09346087214246268,-0.00510504474513287,,,cuVSLAM,,
949,1761211773344,63.56413662433624,80.37002384662628,-7.794097065925598,-0.1228234033176461,0.09453103417221073,-0.0025945172153990013,,,cuVSLAM,,
950,1761211773361,63.978537917137146,83.28194916248322,-8.614938706159592,-0.12667099476496627,0.09509755258065422,-0.0003601562488204609,,,cuVSLAM,,
951,1761211773377,64.2891675233841,86.11790835857391,-9.21449065208435,-0.1304835721389537,0.09561077693386694,0.001767604250537943,,,cuVSLAM,,
952,1761211773394,64.4698441028595,88.60485255718231,-9.448748081922531,-0.13431136645624164,0.09621816961093664,0.003928581194151905,,,cuVSLAM,,
953,1761211773410,64.44346159696579,91.21929109096527,-9.693175554275513,-0.13816228858310856,0.09659473212580469,0.005905816942062453,,,cuVSLAM,,
954,1761211773427,64.29915130138397,93.99892389774323,-10.388091206550598,-0.14203237901354188,0.0964774376388072,0.007832343084747095,,,cuVSLAM,,
955,1761211773444,64.11962956190109,96.7416912317276,-10.85277646780014,-0.14587436038650403,0.09624744856488575,0.00994983242614509,,,cuVSLAM,,
956,1761211773461,63.75911086797714,99.59082305431366,-11.080466210842133,-0.1498822509123543,0.09607969088352221,0.01237026081451959,,,cuVSLAM,,
957,1761211773477,63.23996186256409,102.51106321811676,-11.453300714492798,-0.15389064858007898,0.09566855605201009,0.014939816166354335,,,cuVSLAM,,
958,1761211773494,62.83670663833618,105.4629534482956,-11.968065053224564,-0.15799795042753062,0.09510431977061722,0.01725394369690827,,,cuVSLAM,,
959,1761211773510,62.138162553310394,108.31616818904877,-12.568969279527664,-0.16220732768462412,0.0943902418419757,0.019346584685470243,,,cuVSLAM,,
960,1761211773527,61.88023462891579,112.31429874897003,-12.830350548028946,-0.16672835623831994,0.09396069799727691,0.02081153151494629,,,cuVSLAM,,
961,1761211773544,61.165936291217804,115.55691063404083,-12.708686292171478,-0.17127364934096156,0.09369343337278417,0.022991666797507655,,,cuVSLAM,,
962,1761211773560,60.5732724070549,118.78837645053864,-13.034656643867493,-0.17590977842382066,0.09314558525464865,0.025366601780217442,,,cuVSLAM,,
963,1761211773577,59.89798903465271,122.10695445537567,-13.478752225637436,-0.1806368985458201,0.09254594282049071,0.027805409944246063,,,cuVSLAM,,
964,1761211773594,59.183865785598755,125.69929659366608,-14.266319572925568,-0.18549149996597422,0.09177369753770448,0.029960920968567523,,,cuVSLAM,,
965,1761211773610,58.55138972401619,129.24085557460785,-14.73947986960411,-0.1904835255507174,0.09124934287834804,0.032274031570937556,,,cuVSLAM,,
966,1761211773627,57.796660810709,132.80029594898224,-15.579286962747574,-0.19548493849588325,0.0904641208691968,0.034667326384132245,,,cuVSLAM,,
967,1761211773644,57.097841054201126,136.35848462581635,-16.28207415342331,-0.20045971148998884,0.08981235218254112,0.037272194219683204,,,cuVSLAM,,
968,1761211773660,56.193362921476364,139.8005336523056,-16.974586993455887,-0.20555077441334876,0.08926735725549936,0.040351544933079714,,,cuVSLAM,,
969,1761211773677,55.897124111652374,143.889918923378,-17.485741525888443,-0.21082328172879444,0.08906950060610122,0.043344889493199326,,,cuVSLAM,,
970,1761211773694,55.15707656741142,147.40543067455292,-18.329739570617676,-0.21595253177100876,0.08858747140623988,0.04704469378623003,,,cuVSLAM,,
971,1761211773710,54.35696989297867,150.9840041399002,-19.399240612983704,-0.22133910868728324,0.08808317484233563,0.051112988602820944,,,cuVSLAM,,
972,1761211773727,53.81488427519798,155.04764020442963,-19.71222460269928,-0.2267132345529518,0.08824987832743303,0.05505894043687078,,,cuVSLAM,,
973,1761211773744,53.251251578330994,158.98515284061432,-20.40892094373703,-0.2321534664106113,0.08829754312103841,0.05928586844789053,,,cuVSLAM,,
974,1761211773760,52.738696336746216,163.2719188928604,-20.400717854499817,-0.23767237653073817,0.08884206076289436,0.0636055691251569,,,cuVSLAM,,
975,1761211773777,51.99236422777176,167.149618268013,-21.268926560878754,-0.24306372680433888,0.08881987161795439,0.06782907970627129,,,cuVSLAM,,
976,1761211773794,51.62554606795311,171.34280502796173,-22.544488310813904,-0.24854125669458882,0.08873029210721177,0.071930428548864,,,cuVSLAM,,
977,1761211773810,51.101699471473694,175.8933812379837,-23.645862936973572,-0.25410902309385597,0.08891764549526622,0.07654651739826361,,,cuVSLAM,,
978,1761211773827,50.847187638282776,180.17582595348358,-23.95101636648178,-0.25935067783733845,0.08965661195027597,0.08149899280974295,,,cuVSLAM,,
979,1761211773844,50.2484068274498,184.11733210086823,-25.442667305469513,-0.26441940100691913,0.0895164856738258,0.08632501983805242,,,cuVSLAM,,
980,1761211773860,50.88376626372337,188.6841505765915,-29.510946944355965,-0.26992208888766217,0.08797679531611606,0.08948048783330317,,,cuVSLAM,,
981,1761211773877,50.43741688132286,192.77940690517426,-30.461572110652924,-0.27524157701282914,0.08831917139301232,0.09354237191217371,,,cuVSLAM,,
982,1761211773894,50.006505101919174,196.96998596191406,-31.245023012161255,-0.2804377083537859,0.08900593413881844,0.0985342580422479,,,cuVSLAM,,
983,1761211773910,49.616336822509766,200.6697803735733,-32.4060432612896,-0.28553033135089184,0.08956208892181575,0.10452579071705193,,,cuVSLAM,,
984,1761211773927,49.113623797893524,204.47976887226105,-33.69268402457237,-0.29057885488651314,0.0900120729252871,0.11034965935935677,,,cuVSLAM,,
985,1761211773944,48.62493276596069,208.0613374710083,-34.68853235244751,-0.29554405249980253,0.09065537466301678,0.11601492610198447,,,cuVSLAM,,
986,1761211773960,48.277489840984344,211.86156570911407,-35.87735816836357,-0.30043857699774346,0.09129916783901784,0.12201594198353038,,,cuVSLAM,,
987,1761211773977,47.79638350009918,215.29333293437958,-36.89752146601677,-0.3050853609341253,0.09200072994524831,0.12829253087018547,,,cuVSLAM,,
988,1761211773994,47.445010393857956,218.86785328388214,-38.066938519477844,-0.3097347727108123,0.09266462465060962,0.13385522061179092,,,cuVSLAM,,
989,1761211774010,47.03696817159653,222.23509848117828,-39.00173306465149,-0.3142330930320114,0.0933512477552027,0.13859043457424466,,,cuVSLAM,,
990,1761211774027,46.62356525659561,225.31995177268982,-40.216151624917984,-0.31857235262366257,0.09380655276886476,0.1429678020900691,,,cuVSLAM,,
991,1761211774044,46.28128185868263,228.32918167114258,-41.120078414678574,-0.3227422383055183,0.09452727959459234,0.14760697074531176,,,cuVSLAM,,
992,1761211774060,45.84094136953354,231.00747168064117,-41.93628579378128,-0.3265749781596383,0.09525419433955187,0.15232838192898104,,,cuVSLAM,,
993,1761211774077,45.5818772315979,233.64204168319702,-42.59536415338516,-0.3301096333157439,0.09604859711283333,0.15671198910153655,,,cuVSLAM,,
994,1761211774094,45.208364725112915,235.89201271533966,-43.37843507528305,-0.33346971098882816,0.09662710227988308,0.16068913971309398,,,cuVSLAM,,
995,1761211774110,44.99669000506401,238.2430136203766,-44.20735314488411,-0.3366307695523587,0.09714725927140028,0.16409191774319629,,,cuVSLAM,,
996,1761211774127,44.70091685652733,240.49048125743866,-44.61120069026947,-0.33964587067270446,0.09779789163896,0.1672402524355986,,,cuVSLAM,,
997,1761211774144,44.47197914123535,242.63639748096466,-45.51545903086662,-0.3424570434625691,0.09824009317708429,0.17097797041387244,,,cuVSLAM,,
998,1761211774160,43.98747533559799,244.53364312648773,-45.89425027370453,-0.3450430460063496,0.09904436871837255,0.17604357768713588,,,cuVSLAM,,
999,1761211774177,43.676942586898804,246.5304285287857,-46.805862337350845,-0.34749625162398984,0.09959767498338827,0.18143109152730905,,,cuVSLAM,,
1000,1761211774194,43.14025118947029,248.26952815055847,-47.48339578509331,-0.3497099463888165,0.10021250999291478,0.18722931316635524,,,cuVSLAM,,
1001,1761211774210,42.632341384887695,249.83754754066467,-48.00201207399368,-0.35183938219354777,0.10088326926475459,0.19317541048841555,,,cuVSLAM,,
1002,1761211774227,42.21067950129509,251.2134313583374,-48.48961532115936,-0.3537901201171379,0.10142804788358613,0.19855137302036946,,,cuVSLAM,,
1003,1761211774244,41.57174751162529,252.50497460365295,-49.08598214387894,-0.35569330020989126,0.10176444885963223,0.20344088516486003,,,cuVSLAM,,
1004,1761211774260,40.7765731215477,253.781259059906,-49.970097839832306,-0.35744309792732387,0.10210806530326667,0.2097880804543191,,,cuVSLAM,,
1005,1761211774277,40.079258382320404,255.55413961410522,-50.72108656167984,-0.3591369797013769,0.10295892761693401,0.21818461594538754,,,cuVSLAM,,
1006,1761211774294,39.3865741789341,257.2652995586395,-51.27652734518051,-0.3607289309596297,0.10391521365655694,0.22728227471239557,,,cuVSLAM,,
1007,1761211774310,38.4816899895668,258.7665617465973,-51.76891386508942,-0.36227644274837456,0.10474463623630556,0.23655505792826015,,,cuVSLAM,,
1008,1761211774327,37.74673491716385,260.0930631160736,-52.26007103919983,-0.36374126497810794,0.10534843737087324,0.24500554742279315,,,cuVSLAM,,
1009,1761211774344,36.85422241687775,261.19464635849,-52.990127354860306,-0.36513988127224273,0.10548191238891393,0.25252178418252413,,,cuVSLAM,,
1010,1761211774360,35.875797271728516,262.50913739204407,-53.48166078329086,-0.36658690496238344,0.10579625316790961,0.2595248919684496,,,cuVSLAM,,
1011,1761211774377,34.91230681538582,263.65745067596436,-53.89454960823059,-0.367926686946202,0.10614143350069889,0.2668933850854218,,,cuVSLAM,,
1012,1761211774394,34.04132276773453,264.9967074394226,-54.09768968820572,-0.3692837942335761,0.10672445913715511,0.2743294322910216,,,cuVSLAM,,
1013,1761211774410,32.92744606733322,266.15071296691895,-54.81792241334915,-0.37065910054148427,0.10682015546184556,0.28167687347560544,,,cuVSLAM,,
1014,1761211774427,31.954258680343628,267.4303650856018,-55.13995140790939,-0.37200741398053444,0.10700812942802497,0.2882714226615911,,,cuVSLAM,,
1015,1761211774444,31.002715229988098,268.67806911468506,-55.553317070007324,-0.37342851527856485,0.10707322213620182,0.2943698724951451,,,cuVSLAM,,
1016,1761211774461,29.907025396823883,269.97214555740356,-55.901914834976196,-0.37481536881429034,0.10725918986576383,0.3006753011708957,,,cuVSLAM,,
1017,1761211774477,29.024334624409676,271.43603563308716,-56.556105613708496,-0.37622981737285577,0.10752708465934073,0.3076118166989884,,,cuVSLAM,,
1018,1761211774494,28.0369333922863,272.61266112327576,-56.68109655380249,-0.37758044725445256,0.10817070984218544,0.3150773956854432,,,cuVSLAM,,
1019,1761211774510,27.078837156295776,273.91868829727173,-56.98258802294731,-0.37888226029390926,0.1086740363542518,0.3223058762397585,,,cuVSLAM,,
1020,1761211774527,26.072096079587936,274.9751806259155,-57.9255148768425,-0.38023931997447796,0.10879087479517512,0.3294301566411693,,,cuVSLAM,,
1021,1761211774544,25.223707780241966,276.01638436317444,-58.318812400102615,-0.38148744927680384,0.1093176114784562,0.33658015230238886,,,cuVSLAM,,
1022,1761211774560,24.44320172071457,276.96600556373596,-59.123896062374115,-0.382741653466007,0.10956612785930074,0.3429012947516736,,,cuVSLAM,,
1023,1761211774577,23.828815668821335,278.1512141227722,-59.233181178569794,-0.3839504071647236,0.11029005606114095,0.3484756178450494,,,cuVSLAM,,
1024,1761211774594,23.238003253936768,279.25315499305725,-59.65089052915573,-0.38521247935754643,0.11092053893045942,0.3537993152739807,,,cuVSLAM,,
1025,1761211774610,22.791897878050804,280.3853154182434,-60.12943387031555,-0.3864793368215991,0.11166693361238547,0.359129656429787,,,cuVSLAM,,
1026,1761211774627,22.378530353307724,281.3529074192047,-60.40176749229431,-0.3875676985405734,0.11280208170041556,0.3652402184826768,,,cuVSLAM,,
1027,1761211774644,21.97914570569992,282.51734375953674,-60.6132447719574,-0.38860319827919243,0.11422972663768764,0.3718538026243539,,,cuVSLAM,,
1028,1761211774660,21.628601476550102,283.6444675922394,-60.96977740526199,-0.389599700442718,0.11575392936270662,0.37874230747829285,,,cuVSLAM,,
1029,1761211774677,21.601442247629166,284.94298458099365,-61.907343566417694,-0.39084122108279024,0.11721621901164782,0.3855009285351374,,,cuVSLAM,,
1030,1761211774694,21.60831168293953,286.0413193702698,-62.33924627304077,-0.3920493713319733,0.11912633097334148,0.3922506374311125,,,cuVSLAM,,
1031,1761211774710,21.681562066078186,287.08475828170776,-62.73948401212692,-0.3932758782905705,0.12111559054413859,0.3984725495300006,,,cuVSLAM,,
1032,1761211774727,22.088604047894478,288.5168790817261,-63.27839195728302,-0.39466462902306176,0.12328341667360149,0.4038079636238418,,,cuVSLAM,,
1033,1761211774744,22.53367379307747,289.98517990112305,-64.10698592662811,-0.39617271031675577,0.12551760083162386,0.4084347264254277,,,cuVSLAM,,
1034,1761211774761,23.432793095707893,291.3719415664673,-64.69457596540451,-0.3977249933760015,0.12819121067748948,0.41252042245514947,,,cuVSLAM,,
1035,1761211774777,24.534229189157486,292.63463616371155,-65.38204848766327,-0.39936523643820954,0.13088315732429873,0.4157463421428246,,,cuVSLAM,,
1036,1761211774794,25.677505880594254,293.87208819389343,-66.53928011655807,-0.4011598737100719,0.13349041218494187,0.41797513752274484,,,cuVSLAM,,
1037,1761211774810,27.165312319993973,295.329213142395,-67.48545914888382,-0.40293011691225883,0.13660537541739862,0.41974298636458807,,,cuVSLAM,,
1038,1761211774827,28.844697400927544,296.72619700431824,-68.55138391256332,-0.4047411645576879,0.14019289430917325,0.42212408660133083,,,cuVSLAM,,
1039,1761211774844,30.86167573928833,298.5627055168152,-69.93938237428665,-0.4066712502098216,0.14417847256077457,0.4248375712085302,,,cuVSLAM,,
1040,1761211774860,33.04600715637207,300.498902797699,-70.88138163089752,-0.4084754495565305,0.14877926108209183,0.42718032737468575,,,cuVSLAM,,
1041,1761211774877,35.574786365032196,302.1092712879181,-72.60040938854218,-0.41043558426284105,0.1531511717311238,0.42885392849792586,,,cuVSLAM,,
1042,1761211774894,38.966815918684006,303.37655544281006,-77.22848653793335,-0.4118588796122641,0.15598758168218052,0.429466421038669,,,cuVSLAM,,
1043,1761211774910,42.09807142615318,304.92207407951355,-78.36860418319702,-0.41393637477202566,0.16097992028431468,0.4290062643632426,,,cuVSLAM,,
1044,1761211774927,45.326221734285355,306.83934688568115,-79.81635630130768,-0.4160398354965947,0.16617701816956512,0.42829808297105565,,,cuVSLAM,,
1045,1761211774944,48.678990453481674,308.7102174758911,-81.12318068742752,-0.4181972192034456,0.17170022075518418,0.42773018762625764,,,cuVSLAM,,
1046,1761211774960,52.14433744549751,310.75504422187805,-82.76960253715515,-0.4204198780344379,0.1772079313322985,0.42685733253401187,,,cuVSLAM,,
1047,1761211774977,55.710747838020325,312.7008080482483,-84.29577946662903,-0.4227443669093213,0.18298631866481527,0.425937011176542,,,cuVSLAM,,
1048,1761211774994,59.37767028808594,314.8159384727478,-86.00004017353058,-0.42520111097389013,0.1889048691712914,0.4249713919877449,,,cuVSLAM,,
1049,1761211775010,63.06707113981247,317.06899404525757,-87.77661621570587,-0.427743885231002,0.19502916066180623,0.4243968337056189,,,cuVSLAM,,
1050,1761211775027,66.82943552732468,319.2981481552124,-89.51781690120697,-0.43034983764871315,0.20142675086448147,0.42428429986895866,,,cuVSLAM,,
1051,1761211775044,70.55792212486267,321.66966795921326,-91.49740636348724,-0.4330657047798796,0.20781029745037605,0.42413551369369046,,,cuVSLAM,,
1052,1761211775060,74.35707747936249,324.1221606731415,-93.32472831010818,-0.4359308090110386,0.21449188093486318,0.4239834673654825,,,cuVSLAM,,
1053,1761211775077,78.27325165271759,326.50667428970337,-95.70927917957306,-0.4389570192365806,0.22089657535420612,0.4239170379229012,,,cuVSLAM,,
1054,1761211775094,82.08190649747849,329.0574550628662,-97.92273491621017,-0.44211623246423015,0.2275681394076932,0.4240798759678664,,,cuVSLAM,,
1055,1761211775110,85.85575222969055,331.7190110683441,-100.17465054988861,-0.4454046355168213,0.23436531588432113,0.424540309027558,,,cuVSLAM,,
1056,1761211775127,89.5385891199112,334.53965187072754,-102.50528901815414,-0.44876208777680004,0.24118099380075897,0.42506069700598204,,,cuVSLAM,,
1057,1761211775144,93.26590597629547,337.32685446739197,-105.23712635040283,-0.45223272585162005,0.2478635087510855,0.4256756297421426,,,cuVSLAM,,
1058,1761211775160,97.01550006866455,340.17956256866455,-107.7837273478508,-0.45583401918020966,0.25477650488021164,0.4263021082277831,,,cuVSLAM,,
1059,1761211775177,100.64852237701416,343.10194849967957,-110.49916595220566,-0.4595502608322347,0.26161151379726527,0.426850264735249,,,cuVSLAM,,
1060,1761211775194,104.23776507377625,346.0405468940735,-113.32352459430695,-0.4633853240097249,0.26847129407548775,0.42770541393956735,,,cuVSLAM,,
1061,1761211775210,107.81899094581604,349.0758538246155,-115.92056602239609,-0.46716104239104017,0.2754349493857693,0.42850065969907364,,,cuVSLAM,,
1062,1761211775227,111.32174730300903,352.24607586860657,-118.84889006614685,-0.4711145511343595,0.2821299115878754,0.4288458054415775,,,cuVSLAM,,
1063,1761211775244,114.87281322479248,355.1345467567444,-121.68288230895996,-0.4751947307294127,0.2887229458587241,0.4289149719014229,,,cuVSLAM,,
1064,1761211775260,118.33024024963379,358.00135135650635,-124.62318688631058,-0.47935877796066556,0.29504750657906953,0.42846057355392975,,,cuVSLAM,,
1065,1761211775277,121.67267501354218,361.0026240348816,-127.4174451828003,-0.48357000913790843,0.3013752610775651,0.4277691901665039,,,cuVSLAM,,
1066,1761211775294,124.91156160831451,363.97144198417664,-130.25236129760742,-0.4878458063954747,0.30755356216832636,0.4271431973692613,,,cuVSLAM,,
1067,1761211775310,128.0800998210907,366.7953610420227,-133.10828804969788,-0.4920844002929196,0.31358080926367743,0.4266886583644489,,,cuVSLAM,,
1068,1761211775327,131.0662180185318,369.6717321872711,-136.07561588287354,-0.49631713336607075,0.3193382099708121,0.4261462201373072,,,cuVSLAM,,
1069,1761211775344,134.00235772132874,372.48140573501587,-138.7825459241867,-0.5005721175126182,0.3250227676234328,0.42549332087962227,,,cuVSLAM,,
1070,1761211775360,136.76658272743225,375.29072165489197,-141.48204028606415,-0.504806131221832,0.33037391694071,0.42464124632583544,,,cuVSLAM,,
1071,1761211775377,139.26933705806732,377.95162200927734,-144.3023383617401,-0.5089705284671903,0.33523629539475774,0.4236435926409611,,,cuVSLAM,,
1072,1761211775394,141.74306392669678,380.7029128074646,-146.9089835882187,-0.5130961280817333,0.3400051666422075,0.42253123994201003,,,cuVSLAM,,
1073,1761211775410,143.89100670814514,383.2559287548065,-149.550199508667,-0.5171916588900463,0.344383346254534,0.42158008903229677,,,cuVSLAM,,
1074,1761211775427,145.96222341060638,385.77407598495483,-152.07532048225403,-0.5211676536663219,0.34857553321710566,0.4206707764367575,,,cuVSLAM,,
1075,1761211775444,147.7215141057968,388.01372051239014,-154.5345038175583,-0.5249162814838022,0.352407111444418,0.420092976511633,,,cuVSLAM,,
1076,1761211775460,149.41570162773132,390.33180475234985,-156.73001110553741,-0.5284383526287818,0.3560646467169633,0.41943837203005074,,,cuVSLAM,,
1077,1761211775477,150.96914768218994,392.13472604751587,-159.0767502784729,-0.5317023514269302,0.35904164116122744,0.41877625361442816,,,cuVSLAM,,
1078,1761211775494,152.44093537330627,394.0648138523102,-160.60245037078857,-0.5347586302512052,0.3622280353637201,0.417752024786748,,,cuVSLAM,,
1079,1761211775510,153.7342667579651,395.81453800201416,-162.3690277338028,-0.5376395178786973,0.3647272941561818,0.4164475191764002,,,cuVSLAM,,
1080,1761211775527,154.91265058517456,397.2982168197632,-163.76657783985138,-0.54011606455976,0.3670916801823215,0.4154608620796755,,,cuVSLAM,,
1081,1761211775544,155.9494137763977,398.6096382141113,-165.20190238952637,-0.5421907474505517,0.3692404549252491,0.41488815368768317,,,cuVSLAM,,
1082,1761211775560,157.0071578025818,399.67480301856995,-166.29678010940552,-0.5439254150418114,0.37147122215590594,0.41465757883048976,,,cuVSLAM,,
1083,1761211775577,157.96369314193726,400.6503224372864,-167.32218861579895,-0.545340409643862,0.37356698149313816,0.4145183112295996,,,cuVSLAM,,
1084,1761211775594,158.9617282152176,401.5437066555023,-168.1649684906006,-0.546490792205652,0.3756935935488521,0.41447025938692295,,,cuVSLAM,,
1085,1761211775611,159.89339351654053,401.94186568260193,-169.0995991230011,-0.5472976141060646,0.3772698689830363,0.4141696688964926,,,cuVSLAM,,
1086,1761211775627,160.93623638153076,402.3376703262329,-169.57278549671173,-0.5478072630471962,0.3789485341691821,0.4136050151701383,,,cuVSLAM,,
1087,1761211775644,161.89801692962646,402.6007652282715,-170.28537392616272,-0.5481063124540063,0.38036237557937735,0.4130443171479407,,,cuVSLAM,,
1088,1761211775660,162.80631721019745,403.07173132896423,-170.23155093193054,-0.5482188233826533,0.3824925851762332,0.41289539116957735,,,cuVSLAM,,
1089,1761211775677,163.63094747066498,403.4472107887268,-170.57552933692932,-0.5481189035086396,0.38442463139393634,0.4133504308149426,,,cuVSLAM,,
1090,1761211775694,164.40728306770325,403.5203754901886,-171.02780938148499,-0.5478332282981359,0.3861611992850768,0.4145065567419724,,,cuVSLAM,,
1091,1761211775710,165.26027023792267,403.56701612472534,-171.17847502231598,-0.5471757003466499,0.38811595593350323,0.41615571603331314,,,cuVSLAM,,
1092,1761211775727,166.04964435100555,403.62095832824707,-171.32768034934998,-0.5463752874184891,0.390164376043059,0.41827752990371714,,,cuVSLAM,,
1093,1761211775744,166.93301498889923,403.49721908569336,-171.53507471084595,-0.5451935541804508,0.39235272642622404,0.4210960774182075,,,cuVSLAM,,
1094,1761211775760,167.78594255447388,403.2236933708191,-171.81342840194702,-0.5438273067994133,0.3946235148334971,0.4244237782057,,,cuVSLAM,,
1095,1761211775777,168.7287539243698,403.065025806427,-171.85799777507782,-0.5423314209270433,0.39711451299168404,0.42775388920931184,,,cuVSLAM,,
1096,1761211775794,169.61529850959778,402.6985764503479,-171.95090651512146,-0.5407550468659049,0.39941466215332155,0.43105631940617883,,,cuVSLAM,,
1097,1761211775810,170.4392433166504,402.31961011886597,-172.22654819488525,-0.5390363517144345,0.4015249910251071,0.4345523472519989,,,cuVSLAM,,
1098,1761211775827,171.35486006736755,401.98248624801636,-171.70190811157227,-0.5370607420116961,0.4042578102862024,0.43830727716944695,,,cuVSLAM,,
1099,1761211775844,172.17297852039337,401.3659656047821,-171.7386096715927,-0.5349279818297328,0.4063815016406981,0.44217225413675704,,,cuVSLAM,,
1100,1761211775860,172.965869307518,400.871217250824,-171.85699939727783,-0.5325954396576967,0.4085995736662922,0.44615608683218616,,,cuVSLAM,,
1101,1761211775877,173.8739162683487,400.08461475372314,-171.658456325531,-0.5300200268701332,0.4111608937820851,0.450641418549052,,,cuVSLAM,,
1102,1761211775894,174.89942908287048,399.39987659454346,-171.34347558021545,-0.5272540331334943,0.4137574792303445,0.4549665405791886,,,cuVSLAM,,
1103,1761211775910,175.92574656009674,398.44390749931335,-171.04938626289368,-0.5244895461003193,0.4161472400544657,0.4589053696516246,,,cuVSLAM,,
1104,1761211775927,177.1850734949112,397.41432666778564,-170.71041464805603,-0.5216562926442354,0.41851658840016454,0.46236063693967766,,,cuVSLAM,,
1105,1761211775944,178.39843034744263,396.3650166988373,-170.4699695110321,-0.5188156586628869,0.4207956755349502,0.4655284070211129,,,cuVSLAM,,
1106,1761211775960,179.57651615142822,395.4615294933319,-169.87520456314087,-0.5158619283160824,0.4234647550608407,0.46865573307492897,,,cuVSLAM,,
1107,1761211775977,180.89252710342407,394.4091796875,-169.57959532737732,-0.5128003339514401,0.426061284733493,0.4720345461818159,,,cuVSLAM,,
1108,1761211775994,182.18162655830383,393.2325839996338,-169.43654417991638,-0.5095370660974976,0.4285283313150961,0.4754683989741347,,,cuVSLAM,,
1109,1761211776010,183.61526727676392,392.1692967414856,-169.1308617591858,-0.5061020796798219,0.4313558434438637,0.478736976070053,,,cuVSLAM,,
1110,1761211776027,185.28778851032257,390.86735248565674,-169.03971135616302,-0.5027063409891244,0.4341752098277585,0.481840232148544,,,cuVSLAM,,
1111,1761211776061,188.97083401679993,388.1683945655823,-168.6529666185379,-0.49559072842285495,0.4402299675682382,0.48730648292311946,,,cuVSLAM,,
1112,1761211776077,192.11752712726593,387.2920572757721,-167.51082241535187,-0.4917072721109531,0.44428615143943134,0.48934974499785333,,,cuVSLAM,,
1113,1761211776094,194.32416558265686,385.6928050518036,-167.37106442451477,-0.48815123501403496,0.4474163130631055,0.49084796530263314,,,cuVSLAM,,
1114,1761211776110,196.70864939689636,384.1954171657562,-167.25724935531616,-0.48469654433053355,0.45065680993411394,0.4914923396657984,,,cuVSLAM,,
1115,1761211776127,199.24257695674896,382.68348574638367,-167.287215590477,-0.48132502151885687,0.45407374060010885,0.49189945687655096,,,cuVSLAM,,
1116,1761211776144,201.8413096666336,381.18547201156616,-167.36526787281036,-0.47798866957095637,0.45758191671773135,0.4922281075064919,,,cuVSLAM,,
1117,1761211776160,204.55944538116455,379.8045814037323,-167.54208505153656,-0.4746656712855573,0.4611836083126636,0.4924947083436487,,,cuVSLAM,,
1118,1761211776177,207.2066068649292,378.38563323020935,-167.7248179912567,-0.47122681427620866,0.4648892626709331,0.4930925138751281,,,cuVSLAM,,
1119,1761211776194,210.03352105617523,376.98042392730713,-167.8377389907837,-0.46776052445148797,0.46877048278981276,0.4936643679605268,,,cuVSLAM,,
1120,1761211776210,212.82771229743958,375.35735964775085,-168.18393766880035,-0.4645187963403718,0.4724162277143258,0.4938068532407548,,,cuVSLAM,,
1121,1761211776227,215.73984622955322,374.0256130695343,-168.47163438796997,-0.4614055847763043,0.47619632965327874,0.4932298118616989,,,cuVSLAM,,
1122,1761211776244,218.52870285511017,372.55024909973145,-168.94137859344482,-0.4584974536284549,0.4798151200301621,0.4923176382301878,,,cuVSLAM,,
1123,1761211776260,221.54651582241058,371.2434768676758,-169.322669506073,-0.4555909154273159,0.48365887249914963,0.4913361914626947,,,cuVSLAM,,
1124,1761211776277,224.4160920381546,369.86878514289856,-169.7545051574707,-0.45269230893146034,0.48746155941322333,0.4906062030713757,,,cuVSLAM,,
1125,1761211776294,227.1152138710022,368.5290515422821,-170.54514586925507,-0.44996486992379525,0.49097208921624386,0.49002412544972984,,,cuVSLAM,,
1126,1761211776310,229.92444038391113,367.4224317073822,-171.0403710603714,-0.447249313154981,0.49483635812589816,0.48954643562612643,,,cuVSLAM,,
1127,1761211776327,232.66103863716125,366.2773668766022,-171.7107892036438,-0.44463288850422217,0.49859900534045865,0.4890205988651443,,,cuVSLAM,,
1128,1761211776344,235.44707894325256,365.05675315856934,-172.3073571920395,-0.44216433517568177,0.5022749360943075,0.48818730816106104,,,cuVSLAM,,
1129,1761211776360,238.24459314346313,363.91502618789673,-172.98446595668793,-0.4399648824532501,0.5059173008577456,0.4869476812060251,,,cuVSLAM,,
1130,1761211776377,240.89883267879486,362.9344403743744,-173.64411056041718,-0.4379032101383432,0.5094483967281084,0.485602860728749,,,cuVSLAM,,
1131,1761211776394,243.52407455444336,361.9144856929779,-174.38949644565582,-0.4359743331933572,0.5128222440218392,0.4842709080693699,,,cuVSLAM,,
1132,1761211776410,246.07789516448975,360.92832684516907,-175.02844333648682,-0.43416220134928024,0.5161551091713972,0.4828142041850787,,,cuVSLAM,,
1133,1761211776427,248.52697551250458,360.12300848960876,-175.82370340824127,-0.4325040881540168,0.5192347579130838,0.48089834743193544,,,cuVSLAM,,
1134,1761211776444,251.01014971733093,359.1590225696564,-176.5727698802948,-0.43089992194008253,0.5223493123504138,0.47897665111014076,,,cuVSLAM,,
1135,1761211776460,253.50520014762878,358.1482768058777,-177.40413546562195,-0.42937189640439066,0.5254430379913599,0.47692591777556675,,,cuVSLAM,,
1136,1761211776477,256.03529810905457,357.32847452163696,-177.96707153320312,-0.4279465356999079,0.5286464709088315,0.4744000623166366,,,cuVSLAM,,
1137,1761211776494,258.5279941558838,356.36964440345764,-178.89806628227234,-0.4266903556809254,0.5314075436630716,0.4713268790738362,,,cuVSLAM,,
1138,1761211776510,260.9536349773407,355.2524745464325,-179.7245889902115,-0.4258053226980764,0.5339476015009585,0.4675232652439559,,,cuVSLAM,,
1139,1761211776527,263.40633630752563,354.46667671203613,-180.33988773822784,-0.42495819509949945,0.5366987801509958,0.46352819480638174,,,cuVSLAM,,
1140,1761211776544,265.64058661460876,353.79570722579956,-181.4323216676712,-0.42400969399137367,0.5393102213157815,0.4604865006051497,,,cuVSLAM,,
1141,1761211776560,267.967164516449,353.08316349983215,-182.11273849010468,-0.4228531767796604,0.5422635489346906,0.458325891800667,,,cuVSLAM,,
1142,1761211776577,270.08262276649475,352.3467779159546,-182.98903107643127,-0.42168652611964613,0.5449919519232709,0.4564424272720892,,,cuVSLAM,,
1143,1761211776594,272.32497930526733,351.7092764377594,-183.70960652828217,-0.4204450072187467,0.5479083194537171,0.4546140944625053,,,cuVSLAM,,
1144,1761211776610,274.41662549972534,350.8812189102173,-184.64961647987366,-0.41926857008080687,0.5507296244129547,0.45297941661265373,,,cuVSLAM,,
1145,1761211776627,276.8615782260895,350.26904940605164,-185.44822931289673,-0.4180934542423041,0.5539737221867687,0.45112318836415655,,,cuVSLAM,,
1146,1761211776644,279.28271889686584,349.6069312095642,-186.23223900794983,-0.4168951749591865,0.5572799559082918,0.44929060617547223,,,cuVSLAM,,
1147,1761211776660,281.67256712913513,348.76549243927,-187.26572394371033,-0.4157111793083481,0.5605035429978628,0.4475265176144732,,,cuVSLAM,,
1148,1761211776677,284.0675115585327,347.9136824607849,-188.46145272254944,-0.41452589984140004,0.5637183493160713,0.4455599108069198,,,cuVSLAM,,
1149,1761211776694,286.5446209907532,347.05910086631775,-189.47041034698486,-0.4131831688924116,0.5671523133562173,0.44369406308481524,,,cuVSLAM,,
1150,1761211776710,289.17303681373596,346.2408185005188,-190.55432081222534,-0.4117408118659597,0.5708127141065762,0.4419533188433553,,,cuVSLAM,,
1151,1761211776727,291.7307913303375,345.51069140434265,-191.75216555595398,-0.4102455694805925,0.5745398512789287,0.4404857045928665,,,cuVSLAM,,
1152,1761211776744,294.4907546043396,344.71628069877625,-192.747563123703,-0.4086410979039999,0.5786521467616392,0.4393889717523332,,,cuVSLAM,,
1153,1761211776760,297.05876111984253,343.87657046318054,-194.07960772514343,-0.4070695701569263,0.5824482298658504,0.4383098657798597,,,cuVSLAM,,
1154,1761211776777,299.66649413108826,343.061625957489,-195.24350762367249,-0.40550734759473855,0.5863767874123588,0.4371981551669764,,,cuVSLAM,,
1155,1761211776794,302.20988392829895,342.20486879348755,-196.42049074172974,-0.4039307297801636,0.5902082920421151,0.4361085682983353,,,cuVSLAM,,
1156,1761211776810,304.62104082107544,341.0630524158478,-197.64937460422516,-0.40243055217062157,0.593755452097029,0.4349725196905017,,,cuVSLAM,,
1157,1761211776827,307.3134422302246,340.0447964668274,-198.64904880523682,-0.40101812037686074,0.5974044557019454,0.4330385869022651,,,cuVSLAM,,
1158,1761211776844,309.81242656707764,338.9716148376465,-199.68771934509277,-0.3996391786349656,0.6006355276294992,0.43058986063489757,,,cuVSLAM,,
1159,1761211776860,312.25332617759705,337.7867341041565,-200.4430592060089,-0.3981278444716276,0.6036937736699468,0.4279631474370794,,,cuVSLAM,,
1160,1761211776877,314.47553634643555,336.6723656654358,-201.16601884365082,-0.3965547661663384,0.6062285420392508,0.4251079373304352,,,cuVSLAM,,
1161,1761211776894,316.56551361083984,335.20689606666565,-201.5659660100937,-0.394811729448688,0.6084557484452796,0.4223670801273975,,,cuVSLAM,,
1162,1761211776910,318.4184730052948,333.64030718803406,-202.01542973518372,-0.393029491758843,0.6100713132609094,0.4190676372933101,,,cuVSLAM,,
1163,1761211776927,320.2444911003113,331.9127857685089,-202.1569311618805,-0.39104612342105416,0.6115350979595874,0.41557912920129414,,,cuVSLAM,,
1164,1761211776944,322.0415711402893,329.99688386917114,-202.06168293952942,-0.388765841724894,0.612971352014529,0.4123818964890071,,,cuVSLAM,,
1165,1761211776960,323.7176537513733,327.91584730148315,-201.90808176994324,-0.3861592042187595,0.6139579575825026,0.4090455624892986,,,cuVSLAM,,
1166,1761211776977,325.1418173313141,325.5362808704376,-201.55799388885498,-0.38330280214979795,0.6145027887076433,0.4056987550139388,,,cuVSLAM,,
1167,1761211776994,326.5007734298706,323.059618473053,-200.9739875793457,-0.38031442409643146,0.6147767166216864,0.4021393078474294,,,cuVSLAM,,
1168,1761211777011,327.8074860572815,320.5343782901764,-200.23885369300842,-0.3771298480663347,0.6147528580846059,0.39835815111236594,,,cuVSLAM,,
1169,1761211777027,329.01084423065186,317.8730010986328,-199.42478835582733,-0.37365445891808413,0.61457255215833,0.3948021268922638,,,cuVSLAM,,
1170,1761211777044,329.9422860145569,315.0593638420105,-198.5648274421692,-0.3699656468981956,0.6141971537206041,0.39177683153253484,,,cuVSLAM,,
1171,1761211777060,330.8658003807068,312.118262052536,-197.62727618217468,-0.36599746659042665,0.6137601970862563,0.38934668027010355,,,cuVSLAM,,
1172,1761211777077,331.79545402526855,309.0602159500122,-196.54415547847748,-0.36168355457812756,0.6134119365376047,0.38759266020632444,,,cuVSLAM,,
1173,1761211777094,332.64899253845215,306.18950724601746,-195.3124850988388,-0.3570181818778696,0.6132327188055343,0.3863543420405487,,,cuVSLAM,,
1174,1761211777110,333.5254490375519,303.2766878604889,-194.25544142723083,-0.3521745598175401,0.6129891926687012,0.38538011648400416,,,cuVSLAM,,
1175,1761211777127,334.4413936138153,300.2302944660187,-193.06983053684235,-0.3471421948304423,0.6128686651549949,0.3845595518905574,,,cuVSLAM,,
1176,1761211777144,335.2557420730591,296.9827651977539,-191.8838918209076,-0.342030149271565,0.6125470529933985,0.38340931073586954,,,cuVSLAM,,
1177,1761211777160,336.1375331878662,293.7600612640381,-190.5834972858429,-0.3368716904823362,0.6122533817396817,0.38210518098496843,,,cuVSLAM,,
1178,1761211777177,336.91996335983276,290.2759909629822,-189.17740881443024,-0.33139085786436895,0.6118593449380031,0.38122305193196954,,,cuVSLAM,,
1179,1761211777194,337.61757612228394,286.82953119277954,-187.81766295433044,-0.32596219158017997,0.6112994795538732,0.38041407318929554,,,cuVSLAM,,
1180,1761211777210,338.3241891860962,283.38563442230225,-186.3599419593811,-0.3203106045541731,0.6108197210446237,0.3802423645888381,,,cuVSLAM,,
1181,1761211777227,338.9320373535156,280.0348401069641,-184.95012819766998,-0.3145030653263978,0.6103061836529412,0.38042913245733545,,,cuVSLAM,,
1182,1761211777244,339.54179286956787,276.61243081092834,-183.62486362457275,-0.3086633353865138,0.6096035239843575,0.3802735001159085,,,cuVSLAM,,
1183,1761211777260,340.10568261146545,273.0104923248291,-182.25786089897156,-0.30294133276171603,0.6088092360204719,0.37951549976989546,,,cuVSLAM,,
1184,1761211777277,340.814471244812,269.4609463214874,-180.79903721809387,-0.29734064002796884,0.6080383548128283,0.37798003489354925,,,cuVSLAM,,
1185,1761211777294,341.43930673599243,265.71905612945557,-179.31868135929108,-0.2917748821805257,0.6071286079233934,0.37634002278953366,,,cuVSLAM,,
1186,1761211777310,342.0701026916504,262.2925639152527,-177.93914675712585,-0.2860138260334142,0.6061717655500145,0.3747823963722902,,,cuVSLAM,,
1187,1761211777327,342.5571918487549,258.5437297821045,-176.31667852401733,-0.2801228151147006,0.6052547897799853,0.3740096738641198,,,cuVSLAM,,
1188,1761211777344,342.9103493690491,254.7159194946289,-174.8121976852417,-0.27408953498410105,0.6041534012615243,0.37330090220740775,,,cuVSLAM,,
1189,1761211777360,343.37371587753296,250.93382596969604,-173.27657341957092,-0.2681214563298599,0.6029970723978282,0.3721442895138356,,,cuVSLAM,,
1190,1761211777377,343.67635846138,247.0840960741043,-171.80654406547546,-0.2621440614153499,0.6015889076634972,0.37089445947410216,,,cuVSLAM,,
1191,1761211777394,343.90416741371155,243.23295056819916,-170.2270805835724,-0.25629950465115015,0.6001101165035151,0.3696803767214756,,,cuVSLAM,,
1192,1761211777410,344.03806924819946,239.3420934677124,-168.52512955665588,-0.2503687214487422,0.5985673204426206,0.3689424105589833,,,cuVSLAM,,
1193,1761211777427,344.0917134284973,235.56922376155853,-166.96886718273163,-0.24434450364518026,0.5968543457407682,0.36839875560249485,,,cuVSLAM,,
1194,1761211777444,344.1767990589142,231.84049129486084,-165.32623767852783,-0.2384859228799878,0.5952964665762183,0.368017798369353,,,cuVSLAM,,
1195,1761211777461,344.28122639656067,228.0636429786682,-163.53507339954376,-0.2325297488109628,0.593862026914834,0.3677354746589199,,,cuVSLAM,,
1196,1761211777477,344.2385196685791,224.24685955047607,-162.09588944911957,-0.22654180330437582,0.5920926594567784,0.36729966635684297,,,cuVSLAM,,
1197,1761211777494,344.2497253417969,220.4716056585312,-160.46574711799622,-0.22058928107720704,0.5904944014123182,0.3664153000767362,,,cuVSLAM,,
1198,1761211777510,344.302773475647,216.66806936264038,-158.89321267604828,-0.214678037615134,0.5887859299626361,0.3652994211661857,,,cuVSLAM,,
1199,1761211777527,344.19965744018555,212.60324120521545,-157.37789869308472,-0.20892268865577682,0.5869038023062197,0.3641706316518875,,,cuVSLAM,,
1200,1761211777544,344.2540168762207,208.87136459350586,-155.66155314445496,-0.2031913848502575,0.5852065009170253,0.3626943098702498,,,cuVSLAM,,
1201,1761211777560,343.9691662788391,204.80751991271973,-154.23452854156494,-0.19755640076942096,0.5830304239693477,0.36118656774025854,,,cuVSLAM,,
1202,1761211777577,343.86420249938965,200.9352147579193,-152.6188999414444,-0.19196947402266037,0.5810543084188481,0.3596009370314729,,,cuVSLAM,,
1203,1761211777594,343.66729855537415,197.0667839050293,-150.93839168548584,-0.18628681014644524,0.5789827079959536,0.35794390327450204,,,cuVSLAM,,
1204,1761211777610,343.4256911277771,192.99978017807007,-149.46794509887695,-0.1804954160223236,0.5768090444532968,0.3565407617529631,,,cuVSLAM,,
1205,1761211777627,343.12793612480164,189.02498483657837,-148.08788895606995,-0.1748149448662768,0.5746052764862546,0.3550362368853232,,,cuVSLAM,,
1206,1761211777644,342.9486155509949,185.0298047065735,-146.41940593719482,-0.16916822298452935,0.5725996698769507,0.3532885457122927,,,cuVSLAM,,
1207,1761211777660,342.69601106643677,181.08108639717102,-144.91021633148193,-0.1636568691351371,0.5704479606721672,0.35134805106971134,,,cuVSLAM,,
1208,1761211777677,342.361181974411,177.11074650287628,-143.26727390289307,-0.15811368447519428,0.568277367147084,0.349196950509572,,,cuVSLAM,,
1209,1761211777694,342.0255184173584,173.0000376701355,-141.84431731700897,-0.15259131441043264,0.5659763056120145,0.34716413834471715,,,cuVSLAM,,
1210,1761211777710,341.83284640312195,169.0022498369217,-140.29371738433838,-0.14714174812491404,0.5639194216946164,0.3449326000288622,,,cuVSLAM,,
1211,1761211777727,341.5824770927429,164.90909457206726,-138.94501328468323,-0.14161095279146782,0.5617831792825392,0.34246856829253997,,,cuVSLAM,,
1212,1761211777744,341.20815992355347,160.587340593338,-137.57601380348206,-0.13602934457712643,0.5595104688379937,0.3397522829803519,,,cuVSLAM,,
1213,1761211777760,341.07232093811035,156.39115869998932,-136.1551284790039,-0.130463493961876,0.5574380610869071,0.33668819307521636,,,cuVSLAM,,
1214,1761211777777,340.88975191116333,152.38618850708008,-134.76985692977905,-0.1249959185844673,0.5553700731234833,0.3334287011383713,,,cuVSLAM,,
1215,1761211777794,340.5936360359192,147.98389375209808,-133.40669870376587,-0.11933040990825809,0.5531445984637571,0.3303816406384564,,,cuVSLAM,,
1216,1761211777810,342.74840354919434,144.59258317947388,-131.576269865036,-0.11272060075366439,0.552076866867314,0.3260499927903889,,,cuVSLAM,,
1217,1761211777827,342.46623516082764,140.0294154882431,-130.33773005008698,-0.10690261238214555,0.5499210987338632,0.322703220802048,,,cuVSLAM,,
1218,1761211777844,342.32982993125916,135.38679480552673,-129.02165949344635,-0.1009306697182923,0.5479541100059494,0.3191378200958308,,,cuVSLAM,,
1219,1761211777860,342.1602249145508,130.6871622800827,-127.83356010913849,-0.09498924474740528,0.545950125165017,0.3153584960257572,,,cuVSLAM,,
1220,1761211777877,342.0184254646301,125.928595662117,-126.589834690094,-0.08906468175439962,0.5439865288640653,0.31116764456470936,,,cuVSLAM,,
1221,1761211777894,341.88348054885864,121.06654793024063,-125.54711103439331,-0.08310385930138775,0.5419475839692575,0.3069393949338531,,,cuVSLAM,,
1222,1761211777910,341.8019711971283,116.06729030609131,-124.27341192960739,-0.0770280073626365,0.5401764156887399,0.3027055638393174,,,cuVSLAM,,
1223,1761211777927,341.7065739631653,111.0764890909195,-123.25474619865417,-0.07080106080621422,0.5382902351130747,0.29828644002229315,,,cuVSLAM,,
1224,1761211777944,341.6879177093506,105.84105551242828,-122.3805844783783,-0.06452985765989444,0.5364669250151309,0.2937064617622903,,,cuVSLAM,,
1225,1761211777960,341.7137861251831,100.6917804479599,-121.38934433460236,-0.05813392878149037,0.5348890917158752,0.2888651833129116,,,cuVSLAM,,
1226,1761211777977,341.8094515800476,95.47314047813416,-120.52323669195175,-0.0516163494378757,0.5333865332284676,0.2838494301936064,,,cuVSLAM,,
1227,1761211777994,341.92803502082825,90.06579220294952,-119.69663947820663,-0.04505503489296182,0.531996715023089,0.2788029739567198,,,cuVSLAM,,
1228,1761211778010,342.08008646965027,84.70439910888672,-119.0563440322876,-0.03843018123016773,0.5306389670931966,0.27377775535331167,,,cuVSLAM,,
1229,1761211778027,342.27195382118225,79.1882798075676,-118.42343956232071,-0.0317306866801093,0.5294507586870522,0.2687417845651313,,,cuVSLAM,,
1230,1761211778044,342.5197899341583,73.54294508695602,-117.81049519777298,-0.02494893567372066,0.528454048153046,0.2636621068470356,,,cuVSLAM,,
1231,1761211778060,342.9017961025238,67.89194047451019,-117.26167052984238,-0.018114030913705927,0.5276375452821427,0.2585973311736163,,,cuVSLAM,,
1232,1761211778077,343.25888752937317,62.13177740573883,-116.99925363063812,-0.010974596531723042,0.5267657158980454,0.2538870400248584,,,cuVSLAM,,
1233,1761211778094,343.5603082180023,56.48224800825119,-116.70054495334625,-0.003667939440678618,0.5259905196718252,0.2494925369248386,,,cuVSLAM,,
1234,1761211778110,344.09046173095703,50.63892900943756,-116.40534549951553,0.003789293729406147,0.5254702941727691,0.2454999248154399,,,cuVSLAM,,
1235,1761211778127,344.483882188797,44.908829033374786,-116.34794622659683,0.01144998039309184,0.5249019791615397,0.24200947127191605,,,cuVSLAM,,
1236,1761211778144,344.9564576148987,39.06697779893875,-116.18001759052277,0.019350623649481237,0.524531583290977,0.23912122226313193,,,cuVSLAM,,
1237,1761211778160,345.4338610172272,33.30998122692108,-116.02672934532166,0.0275393557559248,0.524231578761628,0.23682493293953752,,,cuVSLAM,,
1238,1761211778177,345.8167314529419,27.611300349235535,-115.98730087280273,0.035828534093878345,0.52385388390253,0.23479812154112836,,,cuVSLAM,,
1239,1761211778194,346.2165892124176,21.779775619506836,-115.84392189979553,0.04411060550740128,0.5235937121335532,0.23263715223538847,,,cuVSLAM,,
1240,1761211778210,346.47202491760254,15.9415602684021,-115.97305536270142,0.05233681662247548,0.5230473745509779,0.23002101873214537,,,cuVSLAM,,
1241,1761211778227,346.7334508895874,10.172992944717407,-115.92943221330643,0.06029447953777612,0.5225193360767675,0.2269738469354813,,,cuVSLAM,,
1242,1761211778244,346.88690304756165,4.459172487258911,-115.91821908950806,0.06810753973163707,0.5219141635445679,0.22395858265097937,,,cuVSLAM,,
1243,1761211778260,347.0028340816498,-1.1700242757797241,-116.06424301862717,0.07576483858077046,0.5211639269303238,0.22141566634715143,,,cuVSLAM,,
1244,1761211778277,346.90243005752563,-6.656229496002197,-116.31312966346741,0.08336771423892624,0.5202073473001789,0.21925389854962388,,,cuVSLAM,,
1245,1761211778294,346.9376862049103,-11.96645200252533,-116.32686853408813,0.09075723691143275,0.5195014646365353,0.21693398971652142,,,cuVSLAM,,
1246,1761211778310,346.9773530960083,-17.393574118614197,-116.41066521406174,0.09781849646123596,0.5187837384628569,0.21427467744330586,,,cuVSLAM,,
1247,1761211778327,346.99001908302307,-22.42419123649597,-116.2276491522789,0.10455569145608505,0.5182795982240652,0.21075470168132288,,,cuVSLAM,,
1248,1761211778344,346.6920554637909,-27.587980031967163,-116.59258604049683,0.11098842709106542,0.5172498232011371,0.2068720821701604,,,cuVSLAM,,
1249,1761211778360,346.56545519828796,-32.36167132854462,-116.75496399402618,0.1171370863685991,0.5165041517297853,0.20272887457041436,,,cuVSLAM,,
1250,1761211778377,346.47542238235474,-37.25704550743103,-116.92051589488983,0.12299009680586603,0.5157755453672853,0.19953220754222598,,,cuVSLAM,,
1251,1761211778394,346.3170826435089,-41.80058836936951,-117.0547679066658,0.1287383923361368,0.5149489139400887,0.19666276439842434,,,cuVSLAM,,
1252,1761211778410,345.9927439689636,-45.95351219177246,-117.12753772735596,0.1343249406616326,0.51411339437147,0.19357980631044436,,,cuVSLAM,,
1253,1761211778427,345.58379650115967,-50.40602385997772,-117.54123866558075,0.13976148109386427,0.5130654285379618,0.19059584611486866,,,cuVSLAM,,
1254,1761211778444,345.3599512577057,-54.35222387313843,-117.42211133241653,0.1448994371926723,0.5125044189795108,0.18656104085635158,,,cuVSLAM,,
1255,1761211778460,344.832181930542,-58.90950560569763,-117.98025667667389,0.14968007252074486,0.5114406375274714,0.18183957678801987,,,cuVSLAM,,
1256,1761211778494,344.12330389022827,-66.7349100112915,-118.26978623867035,0.15832009483888446,0.5101939501006693,0.17097906154015388,,,cuVSLAM,,
1257,1761211778510,343.7166213989258,-70.73783874511719,-118.16390603780746,0.1626871055477425,0.5096233949559799,0.1662657795372357,,,cuVSLAM,,
1258,1761211778527,343.22917461395264,-74.72705841064453,-118.43888461589813,0.16708438270286746,0.5086806940401127,0.16184037425773862,,,cuVSLAM,,
1259,1761211778544,342.63163805007935,-78.46073806285858,-118.52379888296127,0.1714739430730019,0.5078085538363274,0.15720212918163462,,,cuVSLAM,,
1260,1761211778560,342.0088291168213,-82.4769139289856,-118.7683567404747,0.17569843676823504,0.5068157680045442,0.15244661359045836,,,cuVSLAM,,
1261,1761211778577,341.2916362285614,-86.31058037281036,-118.94934624433517,0.17986644071672833,0.5058265244020482,0.1473151110532338,,,cuVSLAM,,
1262,1761211778594,340.5471742153168,-90.2378261089325,-119.21041458845139,0.18389476817838865,0.5046858416779053,0.1423345814923344,,,cuVSLAM,,
1263,1761211778611,339.87680077552795,-93.95872056484222,-119.10276859998703,0.1878481824985205,0.5037879329161183,0.13724302269982364,,,cuVSLAM,,
1264,1761211778627,339.02227878570557,-97.75160253047943,-119.16733533143997,0.1920155934464441,0.5025719322098219,0.13266806348723403,,,cuVSLAM,,
1265,1761211778644,338.16200494766235,-101.4438271522522,-119.0219447016716,0.19613646521860167,0.5013561702692886,0.12822708000824448,,,cuVSLAM,,
1266,1761211778660,337.1990919113159,-105.21778464317322,-118.99173259735107,0.2001807440346346,0.49997772363120657,0.12370107798965993,,,cuVSLAM,,
1267,1761211778677,336.1976742744446,-108.80482196807861,-118.8095435500145,0.20428607927287865,0.49863710798519983,0.11914034328714039,,,cuVSLAM,,
1268,1761211778694,335.0350558757782,-112.60050535202026,-119.09381300210953,0.2083393908799405,0.4968284801144694,0.11516650509157432,,,cuVSLAM,,
1269,1761211778710,333.9521884918213,-116.15699529647827,-118.93052607774734,0.2124256598504658,0.4953033468283752,0.11085277393692108,,,cuVSLAM,,
1270,1761211778727,332.69986510276794,-119.80247497558594,-118.93339455127716,0.21662474171854404,0.49361904302490706,0.10655090121252057,,,cuVSLAM,,
1271,1761211778744,331.56487345695496,-123.68720769882202,-118.96878480911255,0.22085140617803015,0.49200274912865305,0.10229918821290637,,,cuVSLAM,,
1272,1761211778760,330.3416669368744,-127.49570608139038,-119.02701109647751,0.22500761574263908,0.49043295320453184,0.09745675701715652,,,cuVSLAM,,
1273,1761211778777,329.28261160850525,-131.1376690864563,-118.8342422246933,0.22900289108703528,0.4891689488943709,0.0923364950765512,,,cuVSLAM,,
1274,1761211778794,327.92210578918457,-134.72145795822144,-119.17153000831604,0.23302261341740718,0.4873936927620182,0.0875070220546409,,,cuVSLAM,,
1275,1761211778810,326.58952474594116,-137.6977264881134,-119.49296295642853,0.2370344496024863,0.4855565351121486,0.08228576473295067,,,cuVSLAM,,
1276,1761211778827,325.1928687095642,-139.21931385993958,-120.2159896492958,0.24111275689845352,0.48335778906593924,0.07610589481964757,,,cuVSLAM,,
1277,1761211778844,324.04208183288574,-142.7859365940094,-120.46603113412857,0.24531385082289595,0.48192278096119984,0.07143251299354385,,,cuVSLAM,,
1278,1761211778860,322.8757083415985,-146.40188217163086,-120.71248888969421,0.24941001111878366,0.4806549291915204,0.06612087006719519,,,cuVSLAM,,
1279,1761211778877,322.07074761390686,-154.22138571739197,-119.25569921731949,0.2528015978947124,0.4819632752583942,0.06268310882417578,,,cuVSLAM,,
1280,1761211778894,320.933997631073,-157.94797241687775,-119.75669115781784,0.2564630124081501,0.48095318892705047,0.05588888410889883,,,cuVSLAM,,
1281,1761211778910,319.80186700820923,-161.63325309753418,-120.04321813583374,0.26035237172332815,0.4799669864690865,0.05014767190459309,,,cuVSLAM,,
1282,1761211778927,318.69372725486755,-165.26198387145996,-120.32443284988403,0.2644748259475167,0.47874591710610825,0.04530850864119969,,,cuVSLAM,,
1283,1761211778944,317.3932731151581,-168.9346879720688,-120.58880925178528,0.2686633636610941,0.4774055883556882,0.04077960609797868,,,cuVSLAM,,
1284,1761211778960,316.09272956848145,-172.6396530866623,-120.84431946277618,0.2728348128620922,0.47600215643082244,0.036118498330628246,,,cuVSLAM,,
1285,1761211778977,314.724862575531,-176.35506391525269,-121.1032047867775,0.27685503541790396,0.4745786194195848,0.03055513797818355,,,cuVSLAM,,
1286,1761211778994,313.1583333015442,-180.1316738128662,-121.34858220815659,0.2808244123205382,0.47318032299703744,0.02430246891970797,,,cuVSLAM,,
1287,1761211779010,311.62622570991516,-183.98180603981018,-121.60909175872803,0.2847190599930158,0.4717777362016674,0.017791685902914547,,,cuVSLAM,,
1288,1761211779027,310.01225113868713,-187.84336745738983,-121.93990498781204,0.28880118585684617,0.4702462316782694,0.011561338252107433,,,cuVSLAM,,
1289,1761211779044,308.3944618701935,-191.78888201713562,-122.22742289304733,0.29292879231677327,0.4687018685322961,0.005726903059092427,,,cuVSLAM,,
1290,1761211779060,306.69477581977844,-195.55333256721497,-122.45483696460724,0.2971022576205529,0.4671986891249317,-0.00026155061118118475,,,cuVSLAM,,
1291,1761211779077,305.0490915775299,-199.5202600955963,-122.86188453435898,0.30137770293765237,0.4656675164481256,-0.006288665373524708,,,cuVSLAM,,
1292,1761211779094,303.37342619895935,-203.54525744915009,-123.34589660167694,0.30571048198868633,0.46417835935984275,-0.012635548646110746,,,cuVSLAM,,
1293,1761211779110,301.6759753227234,-207.56345987319946,-123.61433357000351,0.31010226540625985,0.46285341787788686,-0.018683495377161925,,,cuVSLAM,,
1294,1761211779127,299.95691776275635,-211.6059958934784,-124.04347956180573,0.3145398237842395,0.46142083128259315,-0.02436607827676291,,,cuVSLAM,,
1295,1761211779144,298.31910133361816,-215.4991626739502,-124.6083527803421,0.31913658445993115,0.45987011139246053,-0.02961696950316657,,,cuVSLAM,,
1296,1761211779160,296.62907123565674,-219.3329632282257,-125.03910064697266,0.3239112850388771,0.45834653736964837,-0.03415697895229995,,,cuVSLAM,,
1297,1761211779177,295.01742124557495,-223.47283363342285,-125.661700963974,0.32892486391050046,0.45683540269733375,-0.037980287697264054,,,cuVSLAM,,
1298,1761211779194,293.4032678604126,-227.36874222755432,-126.28328800201416,0.33401984537928264,0.455422197520277,-0.042114856022240646,,,cuVSLAM,,
1299,1761211779211,291.79564118385315,-231.3683032989502,-126.8991231918335,0.33919828778870437,0.4541831615573244,-0.04637235800212406,,,cuVSLAM,,
1300,1761211779227,290.2682423591614,-235.51274836063385,-127.70581245422363,0.3444453167128566,0.4528783204423139,-0.05085083653767886,,,cuVSLAM,,
1301,1761211779244,288.63489627838135,-239.8301064968109,-128.5383701324463,0.3498355628866819,0.4516225530040712,-0.055405226585915394,,,cuVSLAM,,
1302,1761211779260,286.94948554039,-244.18696761131287,-129.54816222190857,0.35528142150871195,0.45025855735060305,-0.05988938152595362,,,cuVSLAM,,
1303,1761211779277,285.16173362731934,-248.31032752990723,-130.4665505886078,0.3609038873293581,0.44885824871728114,-0.06429706679853328,,,cuVSLAM,,
1304,1761211779294,283.4528684616089,-252.74282693862915,-131.41556084156036,0.36657632591535877,0.44751251372187234,-0.06851832428221646,,,cuVSLAM,,
1305,1761211779310,281.74448013305664,-257.0836544036865,-132.31846690177917,0.3722819470333534,0.4462184714614392,-0.07285376315925302,,,cuVSLAM,,
1306,1761211779344,278.2507538795471,-265.83558320999146,-134.24023985862732,0.3839031617294671,0.4434525767687072,-0.08053166025744288,,,cuVSLAM,,
1307,1761211779360,276.37091279029846,-269.98481154441833,-135.46176254749298,0.3899015596823731,0.441808277065698,-0.08413198629338453,,,cuVSLAM,,
1308,1761211779377,274.43844079971313,-274.1469144821167,-136.49210333824158,0.3958315077263126,0.4402509661320152,-0.08781118305745031,,,cuVSLAM,,
1309,1761211779394,272.459477186203,-278.27131748199463,-137.64530420303345,0.4016184545436566,0.43853748136625414,-0.09141795503498121,,,cuVSLAM,,
1310,1761211779410,270.45783400535583,-282.3813557624817,-138.52930068969727,0.4072846352930447,0.4367859446672332,-0.09476515205373282,,,cuVSLAM,,
1311,1761211779427,268.32324266433716,-286.329060792923,-139.4684910774231,0.41278888083490406,0.43484041425406605,-0.09831604948869944,,,cuVSLAM,,
1312,1761211779444,266.1650776863098,-290.2694344520569,-140.25229215621948,0.4181869821852916,0.4328767752367101,-0.10188080485991188,,,cuVSLAM,,
1313,1761211779460,264.0013098716736,-294.0230369567871,-141.17448031902313,0.4233999082402863,0.43071126871902676,-0.10521762346304935,,,cuVSLAM,,
1314,1761211779477,261.707067489624,-297.431617975235,-142.04294979572296,0.4284920186566457,0.42842520427511466,-0.10837926515484912,,,cuVSLAM,,
1315,1761211779494,259.4795227050781,-300.8606731891632,-142.70751178264618,0.4334092473876097,0.4260789958182257,-0.11091722364586049,,,cuVSLAM,,
1316,1761211779510,257.14701414108276,-304.1897416114807,-143.29271018505096,0.4382059356942116,0.42356701097278027,-0.11312167831746672,,,cuVSLAM,,
1317,1761211779527,254.8927366733551,-307.3006868362427,-143.63993704319,0.4426672154194697,0.4211140052138987,-0.11570916457840183,,,cuVSLAM,,
1318,1761211779544,252.41488218307495,-310.31835079193115,-144.2074477672577,0.4468774448160217,0.4183800141762283,-0.1187047509218253,,,cuVSLAM,,
1319,1761211779560,249.84969198703766,-312.9727840423584,-144.41390335559845,0.45058451406709366,0.4157569420097301,-0.12235399377831689,,,cuVSLAM,,
1320,1761211779577,247.24039435386658,-315.85872173309326,-144.48215067386627,0.45415844424601265,0.41306361565829436,-0.1256019014463276,,,cuVSLAM,,
1321,1761211779594,244.56346035003662,-318.581223487854,-144.49506998062134,0.4575516681864775,0.41007862737553546,-0.12848459641946508,,,cuVSLAM,,
1322,1761211779610,241.7314350605011,-320.8204507827759,-144.66401934623718,0.4608671186556767,0.40653955634415334,-0.1310168105262211,,,cuVSLAM,,
1323,1761211779627,238.86710405349731,-323.0067193508148,-144.5106714963913,0.4640674432188742,0.402902023730002,-0.1330268516745833,,,cuVSLAM,,
1324,1761211779644,235.8921766281128,-325.0776529312134,-144.2551165819168,0.4669955947751382,0.3990050778654837,-0.13514231548823943,,,cuVSLAM,,
1325,1761211779660,232.7263206243515,-327.08072662353516,-143.91282200813293,0.4697083001379835,0.3949689489018033,-0.13768167295780212,,,cuVSLAM,,
1326,1761211779677,229.40365970134735,-328.99364829063416,-143.4304267168045,0.4721847201657983,0.3908169119531458,-0.14060633161067973,,,cuVSLAM,,
1327,1761211779694,226.05624794960022,-330.8655023574829,-142.80006289482117,0.4744182713430453,0.3866000989633682,-0.14352593806491953,,,cuVSLAM,,
1328,1761211779710,222.62215614318848,-332.50680565834045,-142.14661717414856,0.4764989668552922,0.38215999464302663,-0.14634213841406277,,,cuVSLAM,,
1329,1761211779727,219.09287571907043,-334.1057598590851,-141.27902686595917,0.4784174031072264,0.37755451533341405,-0.14868968693265586,,,cuVSLAM,,
1330,1761211779744,215.53614735603333,-335.38109064102173,-140.4474526643753,0.4801785763337111,0.3726638615359585,-0.1508559086724409,,,cuVSLAM,,
1331,1761211779760,211.87618374824524,-336.47075295448303,-139.42153751850128,0.4816802314643109,0.36771657403691105,-0.1533812388122529,,,cuVSLAM,,
1332,1761211779777,208.04095268249512,-337.4716639518738,-138.59401643276215,0.48304698382966904,0.3625289581607639,-0.15639312221605137,,,cuVSLAM,,
1333,1761211779794,204.20685410499573,-338.55342864990234,-137.44542002677917,0.4840962456897525,0.35748990943245945,-0.1596093210583558,,,cuVSLAM,,
1334,1761211779810,200.1834511756897,-339.4547700881958,-136.46216690540314,0.4850978291040574,0.3520653179818524,-0.16268881269901977,,,cuVSLAM,,
1335,1761211779827,196.19040191173553,-340.14105796813965,-135.17020642757416,0.48584994033503376,0.34657216612813807,-0.1656645624118316,,,cuVSLAM,,
1336,1761211779844,192.13919341564178,-340.78317880630493,-133.6999237537384,0.48636697379534066,0.3410243316706026,-0.16848172076300805,,,cuVSLAM,,
1337,1761211779860,187.9662573337555,-341.1755561828613,-132.6925754547119,0.4868206405554017,0.33502712619048186,-0.17116622791977978,,,cuVSLAM,,
1338,1761211779877,183.75392258167267,-341.25223755836487,-131.41880929470062,0.4870217027914901,0.3290825979282168,-0.17390724505408522,,,cuVSLAM,,
1339,1761211779894,179.59986627101898,-341.54313802719116,-129.8069953918457,0.48690758470237955,0.3234211799783873,-0.17665023139918054,,,cuVSLAM,,
1340,1761211779910,175.52323639392853,-341.4846360683441,-128.2522827386856,0.4865673908049774,0.31762217768740336,-0.17955521460347293,,,cuVSLAM,,
1341,1761211779927,171.38031125068665,-341.349720954895,-126.66575610637665,0.4861212301119455,0.3117498622932986,-0.18223182175372546,,,cuVSLAM,,
1342,1761211779944,167.3388034105301,-341.38211607933044,-124.73905086517334,0.4854099560572358,0.30618658384723724,-0.18481275719033669,,,cuVSLAM,,
1343,1761211779960,163.27430307865143,-341.011643409729,-123.16533178091049,0.48460819320143034,0.3003460589089188,-0.1874245940035553,,,cuVSLAM,,
1344,1761211779977,159.30414199829102,-340.3581976890564,-121.43662571907043,0.48360249854657,0.2945990311512274,-0.18982328592467176,,,cuVSLAM,,
1345,1761211779994,155.3507149219513,-339.9341106414795,-119.51522529125214,0.4824109465867853,0.2890282042341913,-0.19210806177569192,,,cuVSLAM,,
1346,1761211780010,151.4328569173813,-339.27667140960693,-117.89880692958832,0.48111502053153526,0.2832526920887967,-0.19435032506437594,,,cuVSLAM,,
1347,1761211780027,147.54639565944672,-338.30714225769043,-116.31883680820465,0.47966468246715355,0.2772867843603252,-0.19598023097471945,,,cuVSLAM,,
1348,1761211780044,143.8206285238266,-337.2938632965088,-114.27417397499084,0.47812936945679024,0.27166189986659367,-0.19692776037493026,,,cuVSLAM,,
1349,1761211780060,140.27313888072968,-336.2673819065094,-112.4318540096283,0.4764706879230787,0.2660405246893851,-0.1976571938235531,,,cuVSLAM,,
1350,1761211780077,136.72757148742676,-334.7172737121582,-110.72713881731033,0.4746590797453352,0.2602462567560309,-0.19839739911305623,,,cuVSLAM,,
1351,1761211780094,133.17903876304626,-333.4481120109558,-108.54313522577286,0.4726817155432632,0.25474686592628504,-0.1985695662933498,,,cuVSLAM,,
1352,1761211780110,129.7307163476944,-332.1623206138611,-106.77920281887054,0.470627692579526,0.24904507910723428,-0.19837528396158374,,,cuVSLAM,,
1353,1761211780127,126.44432485103607,-330.62943816185,-104.77820038795471,0.4683210778287221,0.24355510575679806,-0.19832345336556972,,,cuVSLAM,,
1354,1761211780144,123.04870784282684,-328.6641836166382,-103.23458909988403,0.4658606599617609,0.23785921172219035,-0.19851587845332672,,,cuVSLAM,,
1355,1761211780160,119.78013813495636,-327.4252414703369,-100.92125833034515,0.4632111811031596,0.23288526681325208,-0.1985665855557949,,,cuVSLAM,,
1356,1761211780177,116.4289116859436,-325.29789209365845,-99.48991984128952,0.4604961005497003,0.22726823466605997,-0.19911556834311842,,,cuVSLAM,,
1357,1761211780194,113.28423023223877,-323.5224783420563,-97.20344096422195,0.4574140776594966,0.22225752887712552,-0.1994122445685722,,,cuVSLAM,,
1358,1761211780210,110.09205877780914,-321.1267292499542,-95.77842056751251,0.45439624737767303,0.2165722821147739,-0.1994129951094764,,,cuVSLAM,,
1359,1761211780227,106.90850019454956,-318.88294219970703,-93.89197826385498,0.4511946725255638,0.21111131128265995,-0.19887955095286214,,,cuVSLAM,,
1360,1761211780244,103.9818823337555,-316.76584482192993,-90.95514565706253,0.44764924608320195,0.20651394412414187,-0.1983902427795781,,,cuVSLAM,,
1361,1761211780260,100.98215937614441,-314.35006856918335,-88.67433667182922,0.44404530535499637,0.20143351771714751,-0.19800949673219548,,,cuVSLAM,,
1362,1761211780277,97.78134524822235,-311.4604949951172,-86.98025345802307,0.4404601815357758,0.19576737140034925,-0.1974910941258068,,,cuVSLAM,,
1363,1761211780294,94.80322897434235,-308.75328183174133,-84.59354192018509,0.4365641477479687,0.19053764049616487,-0.1966725498523672,,,cuVSLAM,,
1364,1761211780310,91.73724055290222,-306.2625825405121,-82.40841329097748,0.4325873388763578,0.18519229737781415,-0.19580917125642966,,,cuVSLAM,,
1365,1761211780327,88.59913051128387,-303.3125102519989,-80.45603334903717,0.42848739937100894,0.1795875336107193,-0.19522475506078876,,,cuVSLAM,,
1366,1761211780344,85.49657464027405,-300.48730969429016,-78.05395126342773,0.4242272676930352,0.17427195913337767,-0.1946475529719587,,,cuVSLAM,,
1367,1761211780360,82.4432224035263,-297.5977063179016,-75.45723021030426,0.4197612681120553,0.1690997167491572,-0.19394096603674688,,,cuVSLAM,,
1368,1761211780377,79.11132276058197,-294.10868883132935,-74.05947893857956,0.4153580034956916,0.1629824373323313,-0.19344630998071882,,,cuVSLAM,,
1369,1761211780394,75.90080797672272,-290.85567593574524,-71.82412594556808,0.4106688180851986,0.15746056914673773,-0.19311854173757256,,,cuVSLAM,,
1370,1761211780410,72.32898473739624,-287.597119808197,-70.0465440750122,0.40597202039851077,0.1514445938199956,-0.19262263586217565,,,cuVSLAM,,
1371,1761211780444,65.55956602096558,-280.7682156562805,-65.27464091777802,0.3959031477818761,0.14003623122416425,-0.19179202095807216,,,cuVSLAM,,
1372,1761211780460,62.35584616661072,-276.8423557281494,-62.79909610748291,0.39066073241115434,0.13421109297920794,-0.19067590818000266,,,cuVSLAM,,
1373,1761211780477,59.08510088920593,-272.67366647720337,-60.76112017035484,0.3853141682622865,0.1278124490511975,-0.188165044746126,,,cuVSLAM,,
1374,1761211780494,55.73761463165283,-268.732488155365,-58.49882215261459,0.3799152396690955,0.12151742374599614,-0.1845672447430858,,,cuVSLAM,,
1375,1761211780510,52.40601301193237,-264.5738124847412,-56.65039271116257,0.3744776291923969,0.11522692479862243,-0.18185774120282322,,,cuVSLAM,,
1376,1761211780527,49.02711510658264,-260.8407437801361,-55.06744235754013,0.36896369627568804,0.10906301597873748,-0.1803309155132242,,,cuVSLAM,,
1377,1761211780544,45.66621780395508,-256.8623423576355,-53.106993436813354,0.3632340627283283,0.10335186778625655,-0.18011321691049273,,,cuVSLAM,,
1378,1761211780560,42.28171706199646,-253.06260585784912,-50.72592943906784,0.35739490249002825,0.09797635076169446,-0.1801978857937861,,,cuVSLAM,,
1379,1761211780577,39.008259773254395,-248.8989233970642,-48.7951934337616,0.3515585726714962,0.09227610442674573,-0.1803567097218889,,,cuVSLAM,,
1380,1761211780594,35.53277254104614,-245.04950642585754,-46.43908888101578,0.34581470241821577,0.08681218000005217,-0.18009484846733503,,,cuVSLAM,,
1381,1761211780610,32.189518213272095,-240.93516170978546,-44.74588483572006,0.34009798786630546,0.08102534572484034,-0.17949738360371564,,,cuVSLAM,,
1382,1761211780627,29.114902019500732,-236.7842048406601,-42.80197620391846,0.3343580026634579,0.07558341204646593,-0.17832934055880986,,,cuVSLAM,,
1383,1761211780644,25.591015815734863,-232.41187632083893,-42.80904680490494,0.3289139149290279,0.06888366369386933,-0.17695964503597622,,,cuVSLAM,,
1384,1761211780660,22.58855104446411,-228.58154773712158,-40.772609412670135,0.3232476665773332,0.06393479930542285,-0.17603346380386928,,,cuVSLAM,,
1385,1761211780677,19.70541477203369,-224.4708091020584,-39.09708559513092,0.3176257005843104,0.05900472963076686,-0.17583863902866018,,,cuVSLAM,,
1386,1761211780694,16.632646322250366,-220.92971205711365,-37.367649376392365,0.3121901513645318,0.05427377731596317,-0.1756092278316599,,,cuVSLAM,,
1387,1761211780710,13.842493295669556,-217.32307970523834,-35.53982824087143,0.3068175458128498,0.04971114492738332,-0.17538953159208437,,,cuVSLAM,,
1388,1761211780727,10.975182056427002,-213.61318230628967,-34.113235771656036,0.3014818257105372,0.04502484618449703,-0.17508429587813357,,,cuVSLAM,,
1389,1761211780744,8.332669734954834,-209.62554216384888,-32.66628831624985,0.2962757302790048,0.040452060629068476,-0.1747430207762546,,,cuVSLAM,,
1390,1761211780760,5.634993314743042,-205.70768415927887,-31.45299106836319,0.2911442018406759,0.03579668893109436,-0.17433544594091566,,,cuVSLAM,,
1391,1761211780777,3.041177988052368,-202.07147300243378,-30.188776552677155,0.286097715772823,0.031450929871552256,-0.1740354633295067,,,cuVSLAM,,
1392,1761211780794,0.4227757453918457,-198.91288876533508,-28.700821101665497,0.28129813785255614,0.027437839984218598,-0.17366028898071995,,,cuVSLAM,,
1393,1761211780810,-1.7838478088378906,-195.93960046768188,-26.538193225860596,0.2764912268785802,0.024035949656798967,-0.1732547678696944,,,cuVSLAM,,
1394,1761211780827,-4.29043173789978,-192.54741072654724,-25.72743594646454,0.2719224677991259,0.0198410294834169,-0.17301114182924976,,,cuVSLAM,,
1395,1761211780844,-6.807386875152588,-189.09841775894165,-25.22624284029007,0.267373599649086,0.015543809077543007,-0.17267776447238942,,,cuVSLAM,,
1396,1761211780860,-9.160369634628296,-185.99627912044525,-24.358823895454407,0.2628280505371427,0.011619452797318923,-0.17186656307903395,,,cuVSLAM,,
1397,1761211780877,-11.454463005065918,-183.13643336296082,-22.968284785747528,0.258469399915743,0.00805851910559541,-0.1707157355321536,,,cuVSLAM,,
1398,1761211780894,-13.900071382522583,-180.04359304904938,-22.216878831386566,0.2541018152393099,0.00417519726033827,-0.1690098006598008,,,cuVSLAM,,
1399,1761211780910,-15.686005353927612,-176.97995901107788,-20.962469279766083,0.2496590737996255,0.0008728936452701232,-0.16692838004221053,,,cuVSLAM,,
1400,1761211780927,-17.590969800949097,-173.53981733322144,-20.111441612243652,0.2452625075506038,-0.0025912650773137337,-0.16501053657927336,,,cuVSLAM,,
1401,1761211780944,-19.521057605743408,-170.16452550888062,-19.777365028858185,0.24092169770988084,-0.006231177268439285,-0.16337691819892908,,,cuVSLAM,,
1402,1761211780960,-21.376341581344604,-166.8931543827057,-19.142545759677887,0.23663451707041783,-0.009556908918946137,-0.16180315199342135,,,cuVSLAM,,
1403,1761211780977,-23.174554109573364,-163.7830287218094,-18.40447634458542,0.23222064171083046,-0.012795388675654929,-0.1593101470243826,,,cuVSLAM,,
1404,1761211780994,-24.851858615875244,-160.31357645988464,-17.813846468925476,0.22791005703458247,-0.016113789802960604,-0.1559293876618844,,,cuVSLAM,,
1405,1761211781010,-26.24821662902832,-157.06470608711243,-16.710318624973297,0.22347682103771302,-0.01890614375746242,-0.1528225458054271,,,cuVSLAM,,
1406,1761211781027,-27.804404497146606,-154.21104431152344,-15.530899167060852,0.2191551555105994,-0.021477393620884338,-0.14998581197764477,,,cuVSLAM,,
1407,1761211781044,-29.406338930130005,-150.81392228603363,-15.22596925497055,0.21485894064300745,-0.024473610970418773,-0.14756407557362702,,,cuVSLAM,,
1408,1761211781077,-31.844764947891235,-144.47177946567535,-13.720385730266571,0.20603740017235295,-0.02936906475233202,-0.14225478195646804,,,cuVSLAM,,
1409,1761211781094,-33.233046531677246,-141.5824294090271,-13.189293444156647,0.20171888069442903,-0.03173436306625833,-0.1392689351910095,,,cuVSLAM,,
1410,1761211781110,-34.32956337928772,-138.2504105567932,-12.51199096441269,0.19740830238381704,-0.03395318229335986,-0.13641738098717382,,,cuVSLAM,,
1411,1761211781127,-35.2301299571991,-135.6094479560852,-10.932333767414093,0.19310664026809338,-0.035466591911936345,-0.13277345387245973,,,cuVSLAM,,
1412,1761211781144,-36.197662353515625,-132.16865062713623,-10.448090732097626,0.1885835943289318,-0.037632086544149325,-0.1294705221821795,,,cuVSLAM,,
1413,1761211781160,-36.930352449417114,-128.9176046848297,-9.116500616073608,0.18398978689123013,-0.03912975230740807,-0.12626776227473158,,,cuVSLAM,,
1414,1761211781177,-37.83637285232544,-125.89773535728455,-8.296683430671692,0.17935661055802898,-0.04089275982282001,-0.12254179016621891,,,cuVSLAM,,
1415,1761211781194,-38.5780930519104,-122.18845635652542,-7.945708930492401,0.17461465667735496,-0.04285058077777157,-0.11881912578702909,,,cuVSLAM,,
1416,1761211781210,-39.040207862854004,-118.82475018501282,-6.7683011293411255,0.16967274883710998,-0.0441059928495573,-0.11473133911292191,,,cuVSLAM,,
1417,1761211781227,-39.84859958291054,-115.66676199436188,-7.011017762124538,0.16448963370271016,-0.046071536060538515,-0.10977824154584012,,,cuVSLAM,,
1418,1761211781244,-40.23336246609688,-111.86452209949493,-6.590039469301701,0.15923135345491893,-0.047474140350478915,-0.10490399622550034,,,cuVSLAM,,
1419,1761211781260,-40.5292883515358,-108.2010567188263,-5.907198414206505,0.15387844845800117,-0.04850300560173543,-0.10020152205849545,,,cuVSLAM,,
1420,1761211781277,-40.68591073155403,-104.18164730072021,-5.368394777178764,0.14841630225747998,-0.04946516146522572,-0.0955975469665534,,,cuVSLAM,,
1421,1761211781294,-40.938783437013626,-100.24402290582657,-4.804224707186222,0.14271570998364533,-0.050327506616645715,-0.09029583700923677,,,cuVSLAM,,
1422,1761211781310,-40.961772203445435,-95.84999084472656,-4.26893588155508,0.13677294751150282,-0.051058030062408215,-0.08418000714086062,,,cuVSLAM,,
1423,1761211781327,-40.80876708030701,-91.53654426336288,-3.577571362257004,0.1306064592954493,-0.05153590179165802,-0.07723574173509147,,,cuVSLAM,,
1424,1761211781344,-40.523797273635864,-86.92966401576996,-2.8733043000102043,0.1243056511629375,-0.0518034652715537,-0.07063959789187223,,,cuVSLAM,,
1425,1761211781360,-40.10123759508133,-82.05229043960571,-2.083859406411648,0.11781958665849257,-0.05175416849762841,-0.06521875288433095,,,cuVSLAM,,
1426,1761211781377,-39.741843938827515,-77.64233648777008,-1.4096442610025406,0.11135343875784595,-0.051625323393436166,-0.0597611606368037,,,cuVSLAM,,
1427,1761211781394,-39.271168410778046,-72.64561206102371,-0.9488253854215145,0.10448854771483146,-0.05152306567855226,-0.05380784849736208,,,cuVSLAM,,
1428,1761211781410,-38.88137266039848,-67.71380454301834,-0.23575779050588608,0.09742511814580684,-0.05118099396407637,-0.04659712288624415,,,cuVSLAM,,
1429,1761211781427,-38.29474002122879,-62.58220225572586,0.3587505780160427,0.09013794484196032,-0.050826647502836796,-0.038671099630242026,,,cuVSLAM,,
1430,1761211781444,-37.741828709840775,-57.14189633727074,0.8716098964214325,0.08266695421704451,-0.05041465109069086,-0.03123366569169276,,,cuVSLAM,,
1431,1761211781460,-37.156134843826294,-51.88288539648056,1.1948654428124428,0.07521891001337153,-0.05004692788107456,-0.02406905748907129,,,cuVSLAM,,
1432,1761211781477,-36.67406365275383,-46.33227735757828,1.5585320070385933,0.06755634569500775,-0.049570603251499284,-0.01726273777153379,,,cuVSLAM,,
1433,1761211781494,-36.17134690284729,-40.91764986515045,1.8962947651743889,0.05977362934177919,-0.04900505600535796,-0.010235682332757018,,,cuVSLAM,,
1434,1761211781510,-35.68441793322563,-35.53742170333862,2.129380591213703,0.05192683791976952,-0.0484484346015245,-0.0030077899546573604,,,cuVSLAM,,
1435,1761211781527,-35.10716184973717,-29.830798506736755,2.521802671253681,0.0439179513253376,-0.04772628732664269,0.0043733125091080524,,,cuVSLAM,,
1436,1761211781544,-34.51872989535332,-23.81211519241333,2.8558671474456787,0.035783212935733395,-0.04702094420532241,0.011621380982291454,,,cuVSLAM,,
1437,1761211781560,-34.13054347038269,-18.087811768054962,3.0779801309108734,0.02761900050006182,-0.04636983084282498,0.019371587493543507,,,cuVSLAM,,
1438,1761211781577,-33.570703119039536,-11.658675968647003,3.205467015504837,0.019339444453617318,-0.04567099236987455,0.027642164069207,,,cuVSLAM,,
1439,1761211781594,-33.10227394104004,-6.088756024837494,3.183223307132721,0.01107431355434597,-0.04488496509890702,0.036915070580030455,,,cuVSLAM,,
1440,1761211781610,-32.74409472942352,-0.3634542226791382,3.0627762898802757,0.0028391865288064904,-0.04413726084350471,0.045963167391541125,,,cuVSLAM,,
1441,1761211781627,-32.29943662881851,5.46872615814209,2.8484072536230087,-0.005343917098579243,-0.043379737173732676,0.05461577168963554,,,cuVSLAM,,
1442,1761211781644,-31.950458884239197,11.517301201820374,2.91247945278883,-0.013652172917520437,-0.04235988143003838,0.06313368233814269,,,cuVSLAM,,
1443,1761211781660,-31.314805150032043,17.652645707130432,2.635996788740158,-0.02203858221731794,-0.041438095011461035,0.07210480221127875,,,cuVSLAM,,
1444,1761211781677,-30.866574496030807,23.922815918922424,2.457289956510067,-0.030326515974126316,-0.040344924185010116,0.08163308597068415,,,cuVSLAM,,
1445,1761211781694,-30.507050454616547,29.757589101791382,2.1723033860325813,-0.03848650401315366,-0.039178767295437275,0.09134171341642472,,,cuVSLAM,,
1446,1761211781710,-29.7623910009861,35.81565618515015,2.1407967433333397,-0.04652167849888158,-0.03774993099810674,0.0995929440469332,,,cuVSLAM,,
1447,1761211781727,-29.245713725686073,41.49599373340607,1.8243612721562386,-0.054436353485243484,-0.036288304573323785,0.10708209701268949,,,cuVSLAM,,
1448,1761211781744,-28.635922819375992,47.10768163204193,1.304767094552517,-0.062123714741054895,-0.034835305267078086,0.11480907354234225,,,cuVSLAM,,
1449,1761211781760,-28.202775865793228,52.93102562427521,1.313154585659504,-0.06984909717020374,-0.032883668444106076,0.12348287794206922,,,cuVSLAM,,
1450,1761211781777,-27.562234550714493,58.47722291946411,0.9730914607644081,-0.07731950101495001,-0.030934997031018884,0.13313893229500073,,,cuVSLAM,,
1451,1761211781794,-26.653867214918137,64.01565670967102,0.504729337990284,-0.08467577004356897,-0.028823350558567194,0.14188179995746752,,,cuVSLAM,,
1452,1761211781810,-25.79684928059578,69.14317607879639,0.14424975961446762,-0.09165872512091391,-0.02662446085157452,0.1486292728519854,,,cuVSLAM,,
1453,1761211781827,-24.869011715054512,74.00953769683838,-0.3605550155043602,-0.0984247262147535,-0.024386767423865304,0.15446078858302817,,,cuVSLAM,,
1454,1761211781844,-23.828119039535522,78.71754467487335,-0.9404448792338371,-0.104833919575363,-0.02203145692927571,0.16049261052460737,,,cuVSLAM,,
1455,1761211781860,-22.65395224094391,83.6283415555954,-1.792854629456997,-0.11108095460792303,-0.019740840133550135,0.16694498626799945,,,cuVSLAM,,
1456,1761211781877,-21.639585494995117,88.0775898694992,-2.3799417540431023,-0.11711512276015644,-0.017189189442355257,0.17423816002577708,,,cuVSLAM,,
1457,1761211781894,-20.598530769348145,92.08600223064423,-2.667718566954136,-0.12272547807830336,-0.014515190396685003,0.1808038179164419,,,cuVSLAM,,
1458,1761211781910,-19.418738782405853,96.1548388004303,-3.216932527720928,-0.12791609418274874,-0.012106573525717895,0.18528213149874312,,,cuVSLAM,,
1459,1761211781927,-18.180180341005325,99.8934954404831,-3.630976192653179,-0.13276427543964095,-0.009683644869192633,0.18874862452177565,,,cuVSLAM,,
1460,1761211781944,-17.038166522979736,103.25227677822113,-4.494654946029186,-0.13733548968111112,-0.007555350082694415,0.19160598195714176,,,cuVSLAM,,
1461,1761211781960,-15.985582023859024,106.11221194267273,-4.653739742934704,-0.14149036465612394,-0.005078415263809999,0.19472730772892907,,,cuVSLAM,,
1462,1761211781977,-15.07633738219738,108.76728594303131,-5.1972223445773125,-0.14535036992293593,-0.002819632894660122,0.19901780222666107,,,cuVSLAM,,
1463,1761211781994,-13.88002559542656,111.80394887924194,-5.467879585921764,-0.14900695540389028,-0.00025243818061886737,0.20398321309731898,,,cuVSLAM,,
1464,1761211782010,-12.743216007947922,114.60961401462555,-5.982588045299053,-0.152330881571924,0.0020576783060179994,0.20851180098027158,,,cuVSLAM,,
1465,1761211782027,-11.693939566612244,116.72505736351013,-6.489439867436886,-0.15511883857385886,0.004156343633628259,0.21252812667864007,,,cuVSLAM,,
1466,1761211782044,-10.719966143369675,118.8487857580185,-6.761382333934307,-0.15764214831375808,0.0062862181153126905,0.21600756740308785,,,cuVSLAM,,
1467,1761211782060,-9.620791301131248,120.96720933914185,-7.029755972325802,-0.16004901568584068,0.00840649228102052,0.21975501503572145,,,cuVSLAM,,
1468,1761211782077,-8.690975606441498,122.73706495761871,-7.350697182118893,-0.16220324631569408,0.010329140458827192,0.2240454166296863,,,cuVSLAM,,
1469,1761211782094,-8.006975054740906,124.24671649932861,-7.7518438920378685,-0.16401623519677366,0.011910975164257638,0.22841456737556182,,,cuVSLAM,,
1470,1761211782110,-7.641147822141647,124.93729591369629,-7.913249544799328,-0.16543007933072018,0.013267922968477622,0.2318262943458444,,,cuVSLAM,,
1471,1761211782127,-7.062394171953201,125.83531439304352,-7.963451556861401,-0.1666920108587698,0.014566155452636063,0.2337634752059269,,,cuVSLAM,,
1472,1761211782144,-6.474640220403671,126.72099471092224,-8.313394151628017,-0.16741919822271603,0.015357591614265392,0.23423245258568962,,,cuVSLAM,,
1473,1761211782160,-5.932468920946121,126.95039808750153,-8.005916140973568,-0.16774930774697433,0.0162810849328672,0.23434649857543832,,,cuVSLAM,,
1474,1761211782177,-5.818791687488556,126.45533680915833,-7.992307655513287,-0.1677427625881019,0.016747805907000285,0.23435315735943016,,,cuVSLAM,,
1475,1761211782194,-4.5125894248485565,124.1154670715332,-9.58427507430315,-0.1680737826079284,0.015832796035121055,0.23483825623515492,,,cuVSLAM,,
1476,1761211782210,-4.4796401634812355,123.58208745718002,-9.704860858619213,-0.16720561026836106,0.015613694685085293,0.23350358025923318,,,cuVSLAM,,
1477,1761211782227,-4.448954481631517,122.30698764324188,-9.181845001876354,-0.16565214960306623,0.0154965488991106,0.2323196450285559,,,cuVSLAM,,
1478,1761211782244,-4.479409195482731,120.83838880062103,-8.948283270001411,-0.1636725735039559,0.015065633878792818,0.23064511336195043,,,cuVSLAM,,
1479,1761211782260,-4.587233532220125,118.9458817243576,-8.669032715260983,-0.1611282511618581,0.014369525040941878,0.2282756434691233,,,cuVSLAM,,
1480,1761211782277,-4.749855026602745,116.79182946681976,-8.414126001298428,-0.15811865705989284,0.013524228391170916,0.2257018315379394,,,cuVSLAM,,
1481,1761211782294,-4.947924520820379,114.3130362033844,-7.7860369347035885,-0.1546299962965381,0.012812641666481706,0.2239192030131053,,,cuVSLAM,,
1482,1761211782310,-5.087928846478462,111.35473102331161,-7.162925787270069,-0.15064342876874048,0.011998846140304434,0.22231016719188298,,,cuVSLAM,,
1483,1761211782327,-5.479145795106888,108.32064598798752,-6.550932303071022,-0.14625697964135057,0.011029469471127096,0.22091429344927507,,,cuVSLAM,,
1484,1761211782344,-5.76338917016983,104.74124550819397,-6.107641384005547,-0.14139349501406212,0.009867101811382362,0.220134646057789,,,cuVSLAM,,
1485,1761211782360,-6.077884696424007,100.9773388504982,-5.5397022515535355,-0.13605817805484366,0.00868709607180295,0.21933290951010456,,,cuVSLAM,,
1486,1761211782377,-6.5093752928078175,96.93212807178497,-4.721157252788544,-0.13035935599707377,0.007478274080889583,0.2178099358297485,,,cuVSLAM,,
1487,1761211782394,-6.940957624465227,92.58407354354858,-4.094390198588371,-0.12424997177274606,0.0060457568679754365,0.21531861769087524,,,cuVSLAM,,
1488,1761211782410,-7.3971375823020935,88.04824948310852,-3.3344519324600697,-0.11788617397322997,0.004682873815890836,0.2125106720882854,,,cuVSLAM,,
1489,1761211782427,-7.757074199616909,83.06120336055756,-2.7161347679793835,-0.11115646527323947,0.003143120110428041,0.20985405231364584,,,cuVSLAM,,
1490,1761211782444,-8.18400364369154,77.91031152009964,-2.035677433013916,-0.10410016118864475,0.001609255743330702,0.20697042706525487,,,cuVSLAM,,
1491,1761211782460,-8.641690015792847,72.55585491657257,-1.1819284409284592,-0.09666480630888356,0.00012939976452623546,0.20367021748095807,,,cuVSLAM,,
1492,1761211782477,-9.078738279640675,66.82172417640686,-0.5962010473012924,-0.08893738103635503,-0.0015936297552734964,0.19951423562354395,,,cuVSLAM,,
1493,1761211782494,-9.571652859449387,61.15371733903885,-0.029093585908412933,-0.08118705522930363,-0.003348270447502852,0.19430574825582703,,,cuVSLAM,,
1494,1761211782510,-10.027407668530941,55.320098996162415,0.4810849204659462,-0.07317472220599255,-0.005197669875594606,0.1887904981493846,,,cuVSLAM,,
1495,1761211782527,-10.696403682231903,49.48908090591431,1.0157711803913116,-0.06508297563251701,-0.007072666490718609,0.1827730923837672,,,cuVSLAM,,
1496,1761211782544,-11.366819962859154,43.34744065999985,1.2402180582284927,-0.056857080066492684,-0.00908250045457152,0.1770409365498551,,,cuVSLAM,,
1497,1761211782560,-11.99907623231411,37.068501114845276,1.8760478124022484,-0.04849138850143368,-0.010823047772698886,0.17139985449233552,,,cuVSLAM,,
1498,1761211782577,-12.6413032412529,31.198151409626007,1.8896488472819328,-0.04023999996508302,-0.012868053299627195,0.16559469583726485,,,cuVSLAM,,
1499,1761211782594,-13.326844200491905,24.85264092683792,2.658921293914318,-0.031853856157247035,-0.014361549807690213,0.16053980669057122,,,cuVSLAM,,
1500,1761211782610,-14.053691178560257,18.785111606121063,3.1686415895819664,-0.023465104915917887,-0.016007993946158684,0.15562170494712296,,,cuVSLAM,,
1501,1761211782627,-14.731625095009804,12.844689190387726,3.0373428016901016,-0.015004690257944245,-0.01804297524015898,0.15094423417716876,,,cuVSLAM,,
1502,1761211782644,-15.551719814538956,6.455354392528534,3.590807318687439,-0.0065205996142840665,-0.019556369839360162,0.1468820035516826,,,cuVSLAM,,
1503,1761211782660,-16.29975624382496,0.7008016109466553,3.9105042815208435,0.0017966905988396648,-0.02114168922225929,0.14306180668878143,,,cuVSLAM,,
1504,1761211782677,-17.12857559323311,-5.360335111618042,3.8658427074551582,0.010038769934478147,-0.022840631164544753,0.13951468494677002,,,cuVSLAM,,
1505,1761211782693,-17.80708134174347,-11.237218976020813,3.9092181250452995,0.018167255964229495,-0.024401494031353953,0.13552980668209705,,,cuVSLAM,,
1506,1761211782710,-18.555764108896255,-16.96154475212097,3.9672041311860085,0.026002378343962063,-0.02579399629821134,0.13122755283530163,,,cuVSLAM,,
1507,1761211782727,-19.153006374835968,-22.770985960960388,3.9510615170001984,0.033821119436814054,-0.027112896144903694,0.12648217115271881,,,cuVSLAM,,
1508,1761211782744,-19.740302115678787,-28.049856424331665,3.567049279808998,0.04133193427914408,-0.02846334893697768,0.1218789559817973,,,cuVSLAM,,
1509,1761211782760,-20.325802266597748,-33.32282602787018,3.534848801791668,0.04863373824766993,-0.02945640499374747,0.11807155911478523,,,cuVSLAM,,
1510,1761211782777,-20.685553550720215,-38.357824087142944,3.0305245891213417,0.05570463695072273,-0.03055695228142792,0.11389347454284274,,,cuVSLAM,,
1511,1761211782794,-21.214064210653305,-43.430835008621216,2.8197653591632843,0.06257545491238044,-0.031255294728683033,0.10829642599367513,,,cuVSLAM,,
1512,1761211782810,-21.49699628353119,-48.334360122680664,2.314404584467411,0.06931306036630261,-0.03195708149688897,0.10102091219056021,,,cuVSLAM,,
1513,1761211782827,-21.752741187810898,-53.18112671375275,2.182719297707081,0.07584952969526487,-0.032255479911872685,0.09351525744732228,,,cuVSLAM,,
1514,1761211782843,-22.023111581802368,-58.007270097732544,1.742272637784481,0.08220419174123317,-0.032620769164515416,0.08637907228709192,,,cuVSLAM,,
1515,1761211782860,-22.209759801626205,-62.41197884082794,1.5893159434199333,0.08829269031096279,-0.032682755971029584,0.07922593060427331,,,cuVSLAM,,
1516,1761211782877,-22.265009582042694,-66.823810338974,1.1532241478562355,0.09428568651109921,-0.03279422088001588,0.07137328768078446,,,cuVSLAM,,
1517,1761211782893,-22.394001483917236,-71.10969722270966,0.6764242425560951,0.10015933128398745,-0.03271334533612855,0.06301978212830532,,,cuVSLAM,,
1518,1761211782910,-22.394850850105286,-75.4365622997284,0.2499045804142952,0.1058241151791327,-0.03241913107744886,0.0551032250570117,,,cuVSLAM,,
1519,1761211782927,-22.281698882579803,-79.65059578418732,-0.3045862540602684,0.11142973443475464,-0.03213066057319385,0.04714389651040099,,,cuVSLAM,,
1520,1761211782943,-22.241685539484024,-83.51941406726837,-0.9904718026518822,0.11695298303542252,-0.031715960379148964,0.03846738360495666,,,cuVSLAM,,
1521,1761211782960,-21.940741688013077,-87.88555860519409,-1.458524726331234,0.12246704199362209,-0.030949311715302165,0.03001872269699813,,,cuVSLAM,,
1522,1761211782977,-21.67130634188652,-91.89267456531525,-1.611064188182354,0.12778156763769805,-0.02988846650616942,0.021784432617452807,,,cuVSLAM,,
1523,1761211782994,-21.22817561030388,-95.58945894241333,-1.9599581137299538,0.13312989570627484,-0.028741001045502215,0.013087569287797463,,,cuVSLAM,,
1524,1761211783010,-20.65063640475273,-98.81709516048431,-2.5132866576313972,0.13838922919211927,-0.02755121886686119,0.004176076668417303,,,cuVSLAM,,
1525,1761211783027,-20.078841596841812,-102.70901024341583,-3.407715819776058,0.14370752935892722,-0.026296332126543136,-0.004355481908936293,,,cuVSLAM,,
1526,1761211783044,-19.366294145584106,-106.8827211856842,-3.852742724120617,0.14905366803389858,-0.024484256245148703,-0.013064873631213328,,,cuVSLAM,,
1527,1761211783060,-18.444284796714783,-110.68528890609741,-4.4646719470620155,0.15435001781173202,-0.02257802342275336,-0.02155269493029407,,,cuVSLAM,,
1528,1761211783077,-17.511792480945587,-114.51588571071625,-5.4761553183197975,0.15973596039438973,-0.02064337330375976,-0.030039651062173753,,,cuVSLAM,,
1529,1761211783093,-16.326062381267548,-118.85899305343628,-6.319512613117695,0.1651684673594486,-0.018182684689065958,-0.039074868790451245,,,cuVSLAM,,
1530,1761211783110,-15.053998678922653,-123.21606278419495,-7.114262320101261,0.17065387400907345,-0.01533631730351753,-0.04812152553235113,,,cuVSLAM,,
1531,1761211783127,-13.392060995101929,-127.43565440177917,-8.196038194000721,0.17618919959620377,-0.012327120324981108,-0.05714228898837188,,,cuVSLAM,,
1532,1761211783144,-11.63545623421669,-131.94984197616577,-8.8674770668149,0.18179500755135136,-0.008745931491009017,-0.0657754857128527,,,cuVSLAM,,
1533,1761211783160,-9.64425876736641,-135.880708694458,-9.9469730630517,0.18737628821758825,-0.005101096862117938,-0.07418722232759997,,,cuVSLAM,,
1534,1761211783177,-7.567554712295532,-140.4358148574829,-10.620311833918095,0.19308734816110223,-0.0008880958944206756,-0.08197655143973366,,,cuVSLAM,,
1535,1761211783193,-5.126025527715683,-144.7586715221405,-11.78052369505167,0.19892069029388224,0.00355927402853404,-0.09088838491328764,,,cuVSLAM,,
1536,1761211783210,-2.586100250482559,-149.32528138160706,-12.963359244167805,0.20475746428627664,0.008400218025627761,-0.09996970757932913,,,cuVSLAM,,
1537,1761211783227,0.05928054451942444,-153.5421907901764,-14.319290407001972,0.21064216514026776,0.013446778096162421,-0.10908730544940237,,,cuVSLAM,,
1538,1761211783243,3.0570626258850098,-158.5094928741455,-15.773389488458633,0.21668043320296068,0.018917087851963228,-0.11758929902890757,,,cuVSLAM,,
1539,1761211783260,6.081093102693558,-163.10396790504456,-17.15836673974991,0.22273576865304842,0.024757493535487278,-0.12627106191884796,,,cuVSLAM,,
1540,1761211783277,9.518016129732132,-167.38703846931458,-17.991207540035248,0.22869914243015219,0.03145473972294623,-0.13671418475794947,,,cuVSLAM,,
1541,1761211783294,13.054139912128448,-172.66854643821716,-19.32152733206749,0.23483998638791212,0.038331209905031007,-0.14687067332509746,,,cuVSLAM,,
1542,1761211783310,16.722679138183594,-177.49392986297607,-21.058332175016403,0.24090560024788388,0.045004160606525546,-0.1547270948154731,,,cuVSLAM,,
1543,1761211783327,20.627550780773163,-182.12085962295532,-23.202519863843918,0.24710920120076035,0.05157665000393701,-0.1615676176795171,,,cuVSLAM,,
1544,1761211783343,24.39902350306511,-187.01252341270447,-25.872133672237396,0.25331054377514867,0.058185681257953224,-0.1683231158476577,,,cuVSLAM,,
1545,1761211783360,28.527025133371353,-191.66651368141174,-27.316339313983917,0.2591056982736431,0.06597086613569163,-0.17646054920742085,,,cuVSLAM,,
1546,1761211783377,32.676950097084045,-196.650892496109,-29.0573388338089,0.26476948440984804,0.07396496126890455,-0.18560859865607213,,,cuVSLAM,,
1547,1761211783393,36.825258284807205,-201.60239934921265,-31.291808933019638,0.2703658308277016,0.08194759176982057,-0.1950490371671259,,,cuVSLAM,,
1548,1761211783410,41.61682724952698,-205.50048351287842,-32.54460170865059,0.2755679720455251,0.09035567242555537,-0.2035114715132852,,,cuVSLAM,,
1549,1761211783427,46.01655900478363,-209.39916372299194,-33.704932779073715,0.28059322152046684,0.09841627556520925,-0.20898917568008485,,,cuVSLAM,,
1550,1761211783444,50.30323192477226,-212.68028020858765,-35.29961034655571,0.28558476272926264,0.10581249403370907,-0.21269566072617058,,,cuVSLAM,,
1551,1761211783460,54.437700659036636,-216.81943535804749,-37.052758038043976,0.2906210310848575,0.11307088895670371,-0.21588029566137518,,,cuVSLAM,,
1552,1761211783477,58.49223956465721,-220.9458351135254,-39.1225703060627,0.2955328425508052,0.12012309506773548,-0.21967392547507386,,,cuVSLAM,,
1553,1761211783493,62.28457763791084,-224.87640380859375,-40.86298123002052,0.30005608257060984,0.12714492234936992,-0.22323621599350252,,,cuVSLAM,,
1554,1761211783510,66.29453599452972,-228.3693253993988,-42.31879115104675,0.30440342691731176,0.13400303988828238,-0.22582129963238448,,,cuVSLAM,,
1555,1761211783527,70.05076110363007,-231.7865788936615,-43.65585371851921,0.308482812237252,0.14054284220543042,-0.2268823429501359,,,cuVSLAM,,
1556,1761211783543,73.75648617744446,-234.77789759635925,-45.41550949215889,0.31255051570611825,0.14649323792614904,-0.2271687955229949,,,cuVSLAM,,
1557,1761211783560,77.31384038925171,-237.8406524658203,-47.220125794410706,0.3165293154518203,0.15213221708930877,-0.22665061753102111,,,cuVSLAM,,
1558,1761211783577,80.77394962310791,-240.5681014060974,-48.711735755205154,0.3202964349868869,0.15780635048300426,-0.22590491760730413,,,cuVSLAM,,
1559,1761211783593,84.15822684764862,-243.48536133766174,-50.42882636189461,0.32385790733496533,0.1631015854624575,-0.22472847813320712,,,cuVSLAM,,
1560,1761211783610,87.50019967556,-246.2117075920105,-52.117619663476944,0.32732816015793265,0.16826630804872603,-0.22341492479486594,,,cuVSLAM,,
1561,1761211783627,90.7651036977768,-248.19374084472656,-53.40030416846275,0.3306552320761737,0.17349101962604,-0.22233845147750886,,,cuVSLAM,,
1562,1761211783643,94.05636787414551,-250.29313564300537,-54.27714064717293,0.333854132642822,0.1788031568859707,-0.22099478741569334,,,cuVSLAM,,
1563,1761211783660,97.07024693489075,-252.65631079673767,-56.1174713075161,0.3370892043528489,0.18342987598830615,-0.21934227105653092,,,cuVSLAM,,
1564,1761211783677,100.18868744373322,-254.73058223724365,-57.652510702610016,0.34026483791094325,0.18820333451259558,-0.2182526849964989,,,cuVSLAM,,
1565,1761211783693,103.30280661582947,-257.02914595603943,-59.08295139670372,0.3433640065769713,0.1932061811982903,-0.21770025955707595,,,cuVSLAM,,
1566,1761211783710,106.28001391887665,-259.2625021934509,-60.884665697813034,0.34657821038383135,0.19798535403176484,-0.21751700217305833,,,cuVSLAM,,
1567,1761211783727,109.30822789669037,-261.5565359592438,-62.57204711437225,0.3496382713484991,0.20287938737665268,-0.21783948715643345,,,cuVSLAM,,
1568,1761211783743,112.36932873725891,-263.4853720664978,-64.04191255569458,0.3526573905562704,0.20806769742480036,-0.21910831936414438,,,cuVSLAM,,
1569,1761211783760,115.32062292098999,-265.862911939621,-65.83694368600845,0.3557608700854547,0.21317013717237487,-0.22044591294625193,,,cuVSLAM,,
1570,1761211783777,118.326336145401,-268.5285210609436,-67.72378832101822,0.35893449136756905,0.2182747357895763,-0.22121914078276098,,,cuVSLAM,,
1571,1761211783793,121.42719328403473,-270.94265818595886,-69.89143788814545,0.36217547343334205,0.22324170304270918,-0.22171656537326248,,,cuVSLAM,,
1572,1761211783810,124.5514303445816,-273.08598160743713,-71.57915085554123,0.36529401655074184,0.2286390364543887,-0.22301635692173366,,,cuVSLAM,,
1573,1761211783827,127.62771546840668,-275.33140778541565,-73.54450225830078,0.3684038295106139,0.23414752560031596,-0.22464356529174082,,,cuVSLAM,,
1574,1761211783843,130.93367218971252,-277.70739793777466,-75.12950152158737,0.3714796183230338,0.24003206779003944,-0.22562666933119938,,,cuVSLAM,,
1575,1761211783860,134.3384087085724,-280.06163239479065,-77.10907608270645,0.37457320138909195,0.24573483035356206,-0.2259905454762767,,,cuVSLAM,,
1576,1761211783877,137.9760354757309,-281.9920778274536,-79.19895648956299,0.37760296857832026,0.2513618722334341,-0.22556898633949352,,,cuVSLAM,,
1577,1761211783893,141.56408607959747,-284.28155183792114,-80.85975795984268,0.3805450840775222,0.25737139997698294,-0.22453100738616238,,,cuVSLAM,,
1578,1761211783910,145.26045322418213,-286.2219214439392,-82.66668766736984,0.3831537177850879,0.2635134836866429,-0.22437427665431237,,,cuVSLAM,,
1579,1761211783927,148.9558219909668,-288.1290912628174,-84.81757342815399,0.3855758528027974,0.26975673848407655,-0.22514659643029009,,,cuVSLAM,,
1580,1761211783943,152.88549661636353,-289.8540198802948,-86.81746572256088,0.38765719550151495,0.27632783275618844,-0.22654878513432777,,,cuVSLAM,,
1581,1761211783960,156.90520405769348,-291.48638248443604,-88.63993734121323,0.38941484536078086,0.2832118054823467,-0.22801984429998975,,,cuVSLAM,,
1582,1761211783977,160.90872883796692,-293.03616285324097,-90.73297679424286,0.39109463673954525,0.2899993451517233,-0.22907557004248597,,,cuVSLAM,,
1583,1761211783993,165.0744080543518,-294.4301664829254,-92.58521348237991,0.3926574830564056,0.29695824449915886,-0.22963446837347581,,,cuVSLAM,,
1584,1761211784010,169.24281418323517,-295.735239982605,-94.8096290230751,0.3941841742315763,0.3036422148800401,-0.22961069575609663,,,cuVSLAM,,
1585,1761211784027,173.49185049533844,-296.994686126709,-96.79332375526428,0.3955776044848275,0.31059787462791405,-0.22945208708983797,,,cuVSLAM,,
1586,1761211784043,177.75729298591614,-298.0526089668274,-98.64562749862671,0.3967931796366403,0.3176393326115169,-0.22927266222286924,,,cuVSLAM,,
1587,1761211784060,182.0821762084961,-298.9802956581116,-100.97555816173553,0.3979502379254599,0.32443526664853956,-0.22901875760496587,,,cuVSLAM,,
1588,1761211784077,186.4931732416153,-300.0665605068207,-102.99322009086609,0.39894691644954255,0.331547926508742,-0.2285735259394331,,,cuVSLAM,,
1589,1761211784093,190.9252405166626,-300.74647068977356,-104.836106300354,0.3998593842552935,0.3387206996675094,-0.2280677631003489,,,cuVSLAM,,
1590,1761211784110,195.41439414024353,-301.352322101593,-107.034333050251,0.4007111649931093,0.3455568056682526,-0.22706873624502302,,,cuVSLAM,,
1591,1761211784127,199.83935356140137,-301.97674036026,-108.92393440008163,0.4013221119454828,0.352520283684018,-0.22588433018378662,,,cuVSLAM,,
1592,1761211784143,204.18860018253326,-302.43992805480957,-111.03396117687225,0.40180610205071526,0.35932239158863766,-0.22495504470742697,,,cuVSLAM,,
1593,1761211784160,208.53011310100555,-302.7879297733307,-113.1327822804451,0.40207596716064714,0.36615167625430145,-0.22437522149846933,,,cuVSLAM,,
1594,1761211784177,212.9226177930832,-303.07668447494507,-114.88957703113556,0.40206393924011774,0.3731511806005781,-0.22385176525379594,,,cuVSLAM,,
1595,1761211784194,217.18747913837433,-303.2873570919037,-116.5943294763565,0.4020188367370647,0.3800025387815228,-0.22293444311265084,,,cuVSLAM,,
1596,1761211784210,221.33676707744598,-303.33176255226135,-118.77554655075073,0.4019904380185625,0.3862501063594113,-0.22172379634062875,,,cuVSLAM,,
1597,1761211784227,225.43105483055115,-303.30076813697815,-120.51410228013992,0.4018615487139132,0.3925414047402307,-0.2202713637066837,,,cuVSLAM,,
1598,1761211784243,229.51623797416687,-303.0526340007782,-122.27623164653778,0.4015958505339368,0.3986687279200661,-0.21885397190337613,,,cuVSLAM,,
1599,1761211784260,233.41557383537292,-302.74051427841187,-124.10350143909454,0.4011591876936289,0.40458134702178494,-0.21780569532412344,,,cuVSLAM,,
1600,1761211784277,237.1298372745514,-302.3681342601776,-126.06692314147949,0.4005514424655178,0.4102106396987131,-0.21725472602731544,,,cuVSLAM,,
1601,1761211784293,240.756094455719,-302.0750880241394,-127.52702832221985,0.3997199686213645,0.41609355611010845,-0.2172079162109368,,,cuVSLAM,,
1602,1761211784310,244.27162110805511,-301.6515374183655,-129.2330026626587,0.3987866675462752,0.42156790623838175,-0.2171713239573268,,,cuVSLAM,,
1603,1761211784327,247.65408039093018,-301.1055588722229,-130.36000728607178,0.39785709104672223,0.42706053642340586,-0.2165524021361214,,,cuVSLAM,,
1604,1761211784343,250.92297792434692,-300.4646599292755,-131.67431950569153,0.3968927195030522,0.43205294875080663,-0.21530990602996164,,,cuVSLAM,,
1605,1761211784360,254.13179397583008,-299.9008297920227,-132.8117847442627,0.3958945629268269,0.4369627591537949,-0.21406121875343978,,,cuVSLAM,,
1606,1761211784377,257.150262594223,-299.04383420944214,-134.2814564704895,0.39472603742275036,0.4413492804782016,-0.21334805505117518,,,cuVSLAM,,
1607,1761211784393,260.0744366645813,-298.34792017936707,-135.4222148656845,0.3933246006152142,0.4458740649322424,-0.2132811277552914,,,cuVSLAM,,
1608,1761211784410,262.72568106651306,-297.6157069206238,-136.41132414340973,0.39167540803909434,0.45026499730199887,-0.2137327809931514,,,cuVSLAM,,
1609,1761211784427,265.39087295532227,-296.87628149986267,-137.1181458234787,0.38983242570127336,0.454586893132436,-0.21421990798183835,,,cuVSLAM,,
1610,1761211784443,267.88330078125,-295.90916633605957,-137.67459988594055,0.38803194629863497,0.45866269663279813,-0.21419874366846656,,,cuVSLAM,,
1611,1761211784460,270.2689468860626,-294.3773567676544,-138.66229355335236,0.38628899324524024,0.4619810295517473,-0.21384377950675687,,,cuVSLAM,,
1612,1761211784477,272.6582884788513,-293.03354024887085,-139.39382135868073,0.3844023048119956,0.465352593516633,-0.21348469278811355,,,cuVSLAM,,
1613,1761211784493,274.7475504875183,-292.3238277435303,-140.1543915271759,0.3820551516417587,0.4687802421076842,-0.21378408032823829,,,cuVSLAM,,
1614,1761211784510,276.9351005554199,-291.27708077430725,-140.4055505990982,0.37910075214373196,0.47279306929595977,-0.21612328051903373,,,cuVSLAM,,
1615,1761211784527,278.99521589279175,-290.0022864341736,-140.98100364208221,0.3756317844600063,0.47669946594572876,-0.22015691106654595,,,cuVSLAM,,
1616,1761211784543,281.12179040908813,-288.34807872772217,-141.694113612175,0.37181167690169453,0.48041877547631656,-0.22412590282116238,,,cuVSLAM,,
1617,1761211784560,283.2857370376587,-286.2504720687866,-142.29267835617065,0.36782129880826286,0.4839351647316373,-0.22747674272627164,,,cuVSLAM,,
1618,1761211784577,285.5759859085083,-284.3065857887268,-142.58387684822083,0.3637661985653909,0.48759850104471697,-0.2296979809335978,,,cuVSLAM,,
1619,1761211784593,287.99736499786377,-282.1149230003357,-142.70761609077454,0.3596510910344352,0.4911147591045014,-0.23044110231065706,,,cuVSLAM,,
1620,1761211784610,290.3783619403839,-279.592365026474,-142.97035336494446,0.3553960555428901,0.49442948862047903,-0.23076999023742767,,,cuVSLAM,,
1621,1761211784627,292.9583191871643,-277.0732045173645,-142.90286600589752,0.35048994258806493,0.4982670098895887,-0.23189459524212516,,,cuVSLAM,,
1622,1761211784643,295.4433560371399,-274.1565704345703,-143.29096674919128,0.3450372399771831,0.5019505278881901,-0.23412083208481144,,,cuVSLAM,,
1623,1761211784660,298.1351912021637,-271.12144231796265,-143.5825079679489,0.3393500755420912,0.5058622704976014,-0.2360353484578553,,,cuVSLAM,,
1624,1761211784677,300.94900727272034,-267.64798164367676,-143.60040426254272,0.3336473716665467,0.5097484275325767,-0.2365932498060721,,,cuVSLAM,,
1625,1761211784693,303.9056360721588,-264.16921615600586,-143.36317777633667,0.3278018773876712,0.5137547890492021,-0.23608445782060428,,,cuVSLAM,,
1626,1761211784710,306.84205889701843,-260.37344336509705,-143.74297857284546,0.32154037935751417,0.5173977170293629,-0.2362089991591282,,,cuVSLAM,,
1627,1761211784727,309.80008840560913,-256.5529942512512,-143.75661313533783,0.3148139995427965,0.5213836210392722,-0.2370162969987255,,,cuVSLAM,,
1628,1761211784743,312.7981424331665,-252.65809893608093,-143.9400017261505,0.30767899939365745,0.5254011633149842,-0.23813798222112517,,,cuVSLAM,,
1629,1761211784760,315.8143162727356,-248.48398566246033,-143.835186958313,0.30033719368914014,0.5295625740666551,-0.23924840106617948,,,cuVSLAM,,
1630,1761211784777,318.8653588294983,-244.09949779510498,-143.9342200756073,0.29315452155637667,0.5333167226808112,-0.23905168933224336,,,cuVSLAM,,
1631,1761211784793,321.8977749347687,-239.67242240905762,-144.04429495334625,0.2859207219678665,0.536914838160539,-0.23827111224020447,,,cuVSLAM,,
1632,1761211784810,324.8572051525116,-235.11019349098206,-143.73241364955902,0.2783021996669501,0.5408253295204289,-0.23841895243056896,,,cuVSLAM,,
1633,1761211784827,327.56274938583374,-230.4685413837433,-144.0129280090332,0.270556370917104,0.5440446687540542,-0.238964711818672,,,cuVSLAM,,
1634,1761211784843,330.2784562110901,-225.90193152427673,-143.87664198875427,0.2628727152529934,0.5473276349431178,-0.2386940008011552,,,cuVSLAM,,
1635,1761211784860,332.98400044441223,-221.08235955238342,-143.94894242286682,0.25559649330130624,0.5500867311414195,-0.23719236430460694,,,cuVSLAM,,
1636,1761211784893,337.8596305847168,-211.76883578300476,-143.55890452861786,0.24156400625702548,0.5550317337576827,-0.23248215510625125,,,cuVSLAM,,
1637,1761211784910,340.1336967945099,-207.145094871521,-143.1426703929901,0.23392832280572187,0.5576395006152802,-0.23234366381562363,,,cuVSLAM,,
1638,1761211784927,342.1027660369873,-202.67917215824127,-142.97305047512054,0.22599213356765996,0.5599618327027204,-0.23388077828120113,,,cuVSLAM,,
1639,1761211784943,343.99527311325073,-198.17137718200684,-142.85215735435486,0.2181498883939814,0.5619912821869116,-0.23546994056110476,,,cuVSLAM,,
1640,1761211784960,345.655620098114,-193.79909336566925,-142.66103506088257,0.2108887807287795,0.5636638501506156,-0.23580564721775182,,,cuVSLAM,,
1641,1761211784977,347.2498655319214,-189.62973356246948,-142.27290451526642,0.20410111848544157,0.5651168621231725,-0.23488557363923576,,,cuVSLAM,,
1642,1761211784993,348.7892150878906,-185.34088134765625,-141.74598455429077,0.19723445134748246,0.5666520948405912,-0.23456550153294212,,,cuVSLAM,,
1643,1761211785010,350.24893283843994,-181.1026632785797,-141.49129390716553,0.19022226280794477,0.5679970338495985,-0.23511014753303255,,,cuVSLAM,,
1644,1761211785027,351.70304775238037,-176.99964344501495,-140.90228080749512,0.18335788088885302,0.5694814951890592,-0.2360955586453752,,,cuVSLAM,,
1645,1761211785043,352.9757261276245,-172.94244468212128,-140.24366438388824,0.1767287762090862,0.5708119377509174,-0.23658285806007562,,,cuVSLAM,,
1646,1761211785060,354.29733991622925,-168.92874240875244,-139.85499739646912,0.17042561775235202,0.5718774631947858,-0.23628814572574575,,,cuVSLAM,,
1647,1761211785077,355.3815484046936,-165.04687070846558,-139.5309567451477,0.1642633844765488,0.5727508903365903,-0.23583795550434297,,,cuVSLAM,,
1648,1761211785094,356.51272535324097,-161.09132766723633,-139.27575945854187,0.15797397528518012,0.5735738419231544,-0.2361747945904392,,,cuVSLAM,,
1649,1761211785110,357.45394229888916,-157.43519365787506,-138.8634741306305,0.15166797544231464,0.5744445780552246,-0.23652692855785323,,,cuVSLAM,,
1650,1761211785127,358.5054874420166,-153.4843146800995,-138.53485882282257,0.14539345783834381,0.5751636956482897,-0.2368714946679716,,,cuVSLAM,,
1651,1761211785143,359.37410593032837,-149.66991543769836,-138.15321028232574,0.13932468101314827,0.5756972647036185,-0.2367464176154416,,,cuVSLAM,,
1652,1761211785160,360.2493405342102,-145.91361582279205,-137.8081738948822,0.13304877018078043,0.5762261175052736,-0.23726766407049873,,,cuVSLAM,,
1653,1761211785177,360.96328496932983,-142.20601320266724,-137.60311901569366,0.12671412663064227,0.5765803234432145,-0.23819692972312714,,,cuVSLAM,,
1654,1761211785193,361.7391884326935,-138.3809745311737,-137.33160495758057,0.12031096146373485,0.5769028311103842,-0.23920495800777597,,,cuVSLAM,,
1655,1761211785210,364.4044101238251,-132.54185020923615,-136.18117570877075,0.11363391329437542,0.5783377963041516,-0.2421396220126895,,,cuVSLAM,,
1656,1761211785227,365.1143014431,-128.77467274665833,-135.89774072170258,0.10702946995981848,0.5787123547696535,-0.24395162926729266,,,cuVSLAM,,
1657,1761211785243,365.75138568878174,-124.99012053012848,-135.59766113758087,0.10051418247752485,0.5789672074300473,-0.24534063152158245,,,cuVSLAM,,
1658,1761211785260,366.32663011550903,-121.2274581193924,-135.2803111076355,0.09396589892375344,0.579116505023783,-0.24690880587815836,,,cuVSLAM,,
1659,1761211785277,366.85919761657715,-117.54117161035538,-134.81180369853973,0.08749941449574862,0.5791998830326075,-0.24831596846408513,,,cuVSLAM,,
1660,1761211785293,367.2370910644531,-113.83338272571564,-134.35719907283783,0.0809900647003409,0.5789577836194233,-0.2502421619104462,,,cuVSLAM,,
1661,1761211785310,367.382287979126,-110.23274809122086,-133.76930356025696,0.07417472456025563,0.5784948931379753,-0.25321276909212315,,,cuVSLAM,,
1662,1761211785327,367.4534559249878,-106.43726587295532,-133.12770426273346,0.06784279224682029,0.5777071399277767,-0.25472985106556706,,,cuVSLAM,,
1663,1761211785343,367.28376150131226,-102.62644290924072,-132.5386017560959,0.062240826934552705,0.5763227260070483,-0.25415330814982895,,,cuVSLAM,,
1664,1761211785360,367.1424090862274,-98.88625144958496,-131.6138505935669,0.05650372577776969,0.5751100848060761,-0.2542412036652687,,,cuVSLAM,,
1665,1761211785377,366.7955696582794,-95.31206637620926,-130.85223734378815,0.05084162031326727,0.5736366024036101,-0.25446477439425064,,,cuVSLAM,,
1666,1761211785393,366.367369890213,-91.7193740606308,-130.12441992759705,0.045126667169076755,0.5718822673645915,-0.25515035348823695,,,cuVSLAM,,
1667,1761211785410,365.9135401248932,-88.16704154014587,-129.07002866268158,0.03948483912755807,0.5701728682290218,-0.25541841463631904,,,cuVSLAM,,
1668,1761211785427,365.1869595050812,-84.54078435897827,-128.13910841941833,0.033880067187517286,0.568156590445294,-0.2559881990686955,,,cuVSLAM,,
1669,1761211785444,364.4010126590729,-80.94124495983124,-127.1975189447403,0.02794789296293206,0.5658846359545924,-0.2577326946649307,,,cuVSLAM,,
1670,1761211785460,363.4836673736572,-77.40501314401627,-126.07620656490326,0.02213563708625824,0.563420581936078,-0.2591715886676358,,,cuVSLAM,,
1671,1761211785477,362.53395676612854,-73.73742759227753,-124.83160197734833,0.01661034181199733,0.5608913246565727,-0.2594599261688546,,,cuVSLAM,,
1672,1761211785494,361.4019751548767,-69.97175514698029,-123.74294549226761,0.011555289651509724,0.5581284452078579,-0.2579063616951298,,,cuVSLAM,,
1673,1761211785510,360.3536784648895,-65.9341961145401,-122.60015308856964,0.0065610020927299225,0.5552927563535474,-0.2557151041789494,,,cuVSLAM,,
1674,1761211785527,359.2608869075775,-62.003619968891144,-121.49305641651154,0.001456316328917788,0.5523358507571846,-0.25388969665324984,,,cuVSLAM,,
1675,1761211785543,358.17307233810425,-57.98647552728653,-120.14037370681763,-0.004011867750690812,0.5495590323731697,-0.2522336077054486,,,cuVSLAM,,
1676,1761211785560,356.90292716026306,-53.90595644712448,-119.00638043880463,-0.009617567589958242,0.5465082975835651,-0.2507069570614527,,,cuVSLAM,,
1677,1761211785577,355.75634241104126,-49.50827360153198,-117.85377562046051,-0.015276696480653511,0.5434548561376651,-0.24902853893744384,,,cuVSLAM,,
1678,1761211785593,354.41797971725464,-45.09763419628143,-116.65932834148407,-0.020895115334057895,0.5403165985823779,-0.2470022227280378,,,cuVSLAM,,
1679,1761211785610,353.02165150642395,-40.64640402793884,-115.50945788621902,-0.026907785547950504,0.5369504241433073,-0.24549902318306296,,,cuVSLAM,,
1680,1761211785627,351.6739010810852,-36.01323068141937,-114.22164738178253,-0.0332246345490812,0.5336313930543902,-0.24440265756125648,,,cuVSLAM,,
1681,1761211785643,350.21620988845825,-31.43370896577835,-113.11522126197815,-0.03986670725089483,0.5301357126343218,-0.24391134458549427,,,cuVSLAM,,
1682,1761211785660,348.81341457366943,-26.48918330669403,-112.0321974158287,-0.046990000369086286,0.5266414469330324,-0.24441992624453635,,,cuVSLAM,,
1683,1761211785677,347.2633361816406,-21.72553539276123,-110.88366061449051,-0.054311089503127144,0.5231371995806774,-0.24467200108347567,,,cuVSLAM,,
1684,1761211785693,345.7409143447876,-16.624704003334045,-109.81158912181854,-0.061947503155922665,0.519545897463789,-0.2454913339544641,,,cuVSLAM,,
1685,1761211785710,344.1762626171112,-11.507555842399597,-108.75995457172394,-0.06979755985763711,0.5159491049352599,-0.2461057522231828,,,cuVSLAM,,
1686,1761211785727,342.6491618156433,-6.033465266227722,-107.67463594675064,-0.07798452860521882,0.5123001939561629,-0.2473138669977197,,,cuVSLAM,,
1687,1761211785743,341.02314710617065,-0.46284496784210205,-106.62961006164551,-0.08651750627528228,0.5085332958873864,-0.24955562456582342,,,cuVSLAM,,
1688,1761211785760,339.47235345840454,4.997774958610535,-105.67059367895126,-0.09505442920131914,0.5048006808719522,-0.2516520420375563,,,cuVSLAM,,
1689,1761211785777,337.85033226013184,10.624662041664124,-104.92974519729614,-0.10370619499854815,0.5008900753262283,-0.25381930751035325,,,cuVSLAM,,
1690,1761211785793,336.30138635635376,16.15270972251892,-104.01734709739685,-0.112527080624453,0.49724514591042124,-0.25634099681938094,,,cuVSLAM,,
1691,1761211785810,334.67555046081543,21.672889590263367,-103.22237014770508,-0.121545377061214,0.4935631486911519,-0.25952964055628985,,,cuVSLAM,,
1692,1761211785827,333.08714628219604,27.140051126480103,-102.6533991098404,-0.13072163895346506,0.4897914801320382,-0.2635559948471277,,,cuVSLAM,,
1693,1761211785843,331.76037669181824,32.645389437675476,-101.9793450832367,-0.13973151832335443,0.48636189587230894,-0.2667660352952712,,,cuVSLAM,,
1694,1761211785860,330.202579498291,38.14701735973358,-101.68908536434174,-0.14867601245037854,0.4826461254002175,-0.270619693876244,,,cuVSLAM,,
1695,1761211785877,328.7973701953888,43.55531930923462,-101.2033075094223,-0.15791399158108826,0.4790050699805972,-0.2756222034024909,,,cuVSLAM,,
1696,1761211785893,327.46702432632446,48.657968640327454,-100.87282210588455,-0.16766413743614728,0.4753314800432916,-0.28315711040862807,,,cuVSLAM,,
1697,1761211785910,326.0819911956787,53.5653680562973,-100.53914040327072,-0.17810194988316683,0.4714062761903888,-0.2940994127434784,,,cuVSLAM,,
1698,1761211785927,324.87303018569946,58.535680174827576,-100.36396235227585,-0.18832316181076375,0.4673673691222001,-0.3047790329727804,,,cuVSLAM,,
1699,1761211785943,323.6435353755951,63.299596309661865,-99.93240237236023,-0.19770444773423484,0.4637564046876345,-0.3126821208123343,,,cuVSLAM,,
1700,1761211785960,322.44157791137695,68.19146871566772,-99.93597865104675,-0.20637660484279488,0.46023319927680983,-0.3187278569046778,,,cuVSLAM,,
1701,1761211785977,321.18186354637146,72.67481088638306,-99.71917420625687,-0.21535907744381208,0.45659722285898346,-0.32704171729980236,,,cuVSLAM,,
1702,1761211785993,319.8942542076111,76.7870545387268,-99.71588850021362,-0.2248695305700977,0.4524498014199428,-0.3388794133067987,,,cuVSLAM,,
1703,1761211786010,318.78551840782166,80.752894282341,-99.56830739974976,-0.23410250084516618,0.44866352572920226,-0.35033090002559497,,,cuVSLAM,,
1704,1761211786027,317.7094757556915,84.63165163993835,-99.44196045398712,-0.24312447206510365,0.4449255253577864,-0.36179595811326654,,,cuVSLAM,,
1705,1761211786043,316.72272086143494,88.54320645332336,-99.50463473796844,-0.25177474232095826,0.44129063562934945,-0.3723339585476958,,,cuVSLAM,,
1706,1761211786060,315.90884923934937,92.38596260547638,-99.63133931159973,-0.25959265511963636,0.4381348670577981,-0.38020985671554547,,,cuVSLAM,,
1707,1761211786077,314.8888051509857,95.87867558002472,-99.84666109085083,-0.2675033038665755,0.4348643385825478,-0.3894865590564183,,,cuVSLAM,,
1708,1761211786093,314.13763761520386,99.13189709186554,-99.99656677246094,-0.2758648987609862,0.43159181084851256,-0.40134924064997274,,,cuVSLAM,,
1709,1761211786110,313.66026401519775,102.45145857334137,-100.22516548633575,-0.2839398155301832,0.4285454578645218,-0.412746182241798,,,cuVSLAM,,
1710,1761211786127,313.16864490509033,105.56283593177795,-100.57957470417023,-0.29171898748947145,0.42565409814013316,-0.42321196784928933,,,cuVSLAM,,
1711,1761211786143,312.8524422645569,108.90592634677887,-101.1277437210083,-0.2987445473909531,0.4231919726845094,-0.431666895892516,,,cuVSLAM,,
1712,1761211786160,312.34902143478394,111.63419485092163,-101.66041553020477,-0.3052546348543444,0.4207818241627649,-0.4388462254298691,,,cuVSLAM,,
1713,1761211786177,312.1216595172882,114.43020403385162,-101.87919437885284,-0.312228325870086,0.41834444370104246,-0.44843907475692346,,,cuVSLAM,,
1714,1761211786193,311.7399215698242,117.10451543331146,-102.46303677558899,-0.3192724896654847,0.4155180515942504,-0.4589024514990901,,,cuVSLAM,,
1715,1761211786210,311.4755153656006,119.90015208721161,-102.8326079249382,-0.32620928837035024,0.41292529107426584,-0.46898690376463825,,,cuVSLAM,,
1716,1761211786227,311.35860085487366,122.56063520908356,-103.20182889699936,-0.3327275084892351,0.41061042573543555,-0.4772656007320245,,,cuVSLAM,,
1717,1761211786244,311.1669719219208,125.29246509075165,-103.77013683319092,-0.3385547819461861,0.40847998321455764,-0.4832131830210104,,,cuVSLAM,,
1718,1761211786261,310.9111785888672,127.963587641716,-104.24801707267761,-0.3446638773570452,0.4060685661960884,-0.4907639630640657,,,cuVSLAM,,
1719,1761211786277,310.65770983695984,130.48221170902252,-104.27827388048172,-0.35104676059014267,0.4036093533098917,-0.4997701208511593,,,cuVSLAM,,
1720,1761211786293,310.3606700897217,132.92203843593597,-104.67595607042313,-0.3570499410080819,0.401018613167278,-0.507635479726748,,,cuVSLAM,,
1721,1761211786310,310.0346326828003,135.4362517595291,-105.0754263997078,-0.3627597641883355,0.3983957367092642,-0.515176821028675,,,cuVSLAM,,
1722,1761211786327,309.9379539489746,137.45719194412231,-105.82202672958374,-0.3681000150130629,0.3956295233895912,-0.5211354979516957,,,cuVSLAM,,
1723,1761211786343,309.503436088562,139.98885452747345,-106.26810044050217,-0.3728871861079963,0.39331367879948087,-0.5254460502665795,,,cuVSLAM,,
1724,1761211786360,308.98523330688477,142.23667979240417,-106.53785616159439,-0.37769554925615983,0.3908159978190556,-0.5303573236829482,,,cuVSLAM,,
1725,1761211786377,308.3117604255676,144.51754093170166,-106.60921037197113,-0.3824413992191253,0.38823881606848887,-0.5355828419246883,,,cuVSLAM,,
1726,1761211786393,307.76992440223694,146.9322144985199,-106.89201205968857,-0.3865179056168903,0.3859094998841318,-0.5388154813043884,,,cuVSLAM,,
1727,1761211786410,307.1160614490509,149.2246687412262,-107.11629688739777,-0.38982374414344223,0.38379964149906604,-0.5398953339111208,,,cuVSLAM,,
1728,1761211786427,306.3778579235077,151.2952595949173,-107.10924863815308,-0.3928812797947897,0.38181329655710117,-0.5405882299731087,,,cuVSLAM,,
1729,1761211786443,305.47434091567993,153.24726700782776,-107.09626972675323,-0.39550773045553334,0.3797337493855225,-0.540559490890658,,,cuVSLAM,,
1730,1761211786460,304.6007752418518,155.16921877861023,-107.17257857322693,-0.3972257855164161,0.3780048163207998,-0.5377663191623877,,,cuVSLAM,,
1731,1761211786477,303.75224351882935,156.97389841079712,-106.93253576755524,-0.39823509931960044,0.3768721360939827,-0.5329014402967284,,,cuVSLAM,,
1732,1761211786493,302.7555048465729,158.73228013515472,-106.86859488487244,-0.39909779185569666,0.37530568197532593,-0.5290779083995226,,,cuVSLAM,,
1733,1761211786510,301.46875977516174,159.97198224067688,-106.53842985630035,-0.39965442341794155,0.37364328265764657,-0.5249782357924008,,,cuVSLAM,,
1734,1761211786527,300.37200450897217,161.50394082069397,-106.27802461385727,-0.3993221512119352,0.3724564335073617,-0.5183003918184649,,,cuVSLAM,,
1735,1761211786543,299.324631690979,162.87241876125336,-106.16207867860794,-0.39765021312476456,0.3721687982062063,-0.5066697989230645,,,cuVSLAM,,
1736,1761211786560,298.26390743255615,164.06524181365967,-105.89344799518585,-0.3947654020546444,0.37294736657422084,-0.4907316452122601,,,cuVSLAM,,
1737,1761211786577,297.273725271225,165.2778685092926,-105.75681924819946,-0.3916672175437684,0.37371166498691544,-0.47474057000461795,,,cuVSLAM,,
1738,1761211786593,296.2263226509094,166.35636985301971,-105.64110428094864,-0.38865883977960536,0.374143603621705,-0.4602381072239334,,,cuVSLAM,,
1739,1761211786610,295.18675804138184,167.14592278003693,-105.42403161525726,-0.38521488676932153,0.3749371601477118,-0.4447623953693413,,,cuVSLAM,,
1740,1761211786627,294.33369636535645,167.89618134498596,-105.02231121063232,-0.38129459302672314,0.37642136811394133,-0.42764799533039377,,,cuVSLAM,,
1741,1761211786660,292.8726375102997,168.7629371881485,-104.44145649671555,-0.37300533848403905,0.37977940653198894,-0.3936107904413751,,,cuVSLAM,,
1742,1761211786677,292.35145449638367,169.03695464134216,-104.01992499828339,-0.3685279684450871,0.3819227716667271,-0.37666545098745985,,,cuVSLAM,,
1743,1761211786693,291.9157147407532,168.99025440216064,-103.8551777601242,-0.36403466068000884,0.38364129366321886,-0.3617864674621312,,,cuVSLAM,,
1744,1761211786710,291.3919687271118,168.70084404945374,-103.26101630926132,-0.3591489432414,0.38589202475271794,-0.3459051716662353,,,cuVSLAM,,
1745,1761211786727,291.16785526275635,168.52577030658722,-103.30866277217865,-0.3539178969678375,0.38803016785496386,-0.32904270162108123,,,cuVSLAM,,
1746,1761211786743,291.2024259567261,168.1823581457138,-103.19153219461441,-0.34868866400138604,0.39034760418009057,-0.3135299482757458,,,cuVSLAM,,
1747,1761211786760,290.92055559158325,167.2038733959198,-102.93799638748169,-0.343759600507494,0.3924452281260921,-0.2999337206546129,,,cuVSLAM,,
1748,1761211786777,290.85883498191833,166.07952117919922,-102.59056836366653,-0.33912528897593547,0.39420906782976217,-0.2890411821918715,,,cuVSLAM,,
1749,1761211786794,290.6697988510132,164.858877658844,-102.1670326590538,-0.3343463576514785,0.39600404146194246,-0.2785974634611789,,,cuVSLAM,,
1750,1761211786810,290.6912565231323,163.73442113399506,-101.73740983009338,-0.329472925139206,0.3978627150271608,-0.2679683146671667,,,cuVSLAM,,
1751,1761211786827,290.7065153121948,162.41054236888885,-101.24629735946655,-0.32422525183211637,0.3999145224045148,-0.2565023109724895,,,cuVSLAM,,
1752,1761211786843,290.8978760242462,161.06638312339783,-100.86551308631897,-0.3184644974737852,0.4023858375533254,-0.243648433420529,,,cuVSLAM,,
1753,1761211786860,291.08360409736633,159.56363081932068,-100.60105472803116,-0.3121248815561096,0.4049703411887093,-0.22928130220786302,,,cuVSLAM,,
1754,1761211786877,291.07391834259033,157.4867218732834,-100.14217346906662,-0.3058317478071075,0.407374432859748,-0.21590202961694127,,,cuVSLAM,,
1755,1761211786893,291.14824533462524,155.60060739517212,-99.81823712587357,-0.29943845286348836,0.40953585601283987,-0.20346844647082277,,,cuVSLAM,,
1756,1761211786910,291.40397906303406,153.82015705108643,-99.21221435070038,-0.2931805123935328,0.411843328854133,-0.19144100366584654,,,cuVSLAM,,
1757,1761211786927,291.4375960826874,151.717871427536,-98.64898025989532,-0.28680069504440353,0.4138925329121337,-0.1796420768404325,,,cuVSLAM,,
1758,1761211786943,291.61587357521057,149.81704950332642,-98.23103994131088,-0.2802510971134657,0.41591305323671374,-0.1678080685385309,,,cuVSLAM,,
1759,1761211786960,291.7412519454956,147.70448207855225,-97.70958870649338,-0.27343222499202813,0.41799276525139156,-0.15514008313198238,,,cuVSLAM,,
1760,1761211786977,291.76899790763855,145.5216258764267,-97.1582904458046,-0.26640713354507867,0.420002168927855,-0.142031112300304,,,cuVSLAM,,
1761,1761211786993,291.79471731185913,143.30832660198212,-96.61911427974701,-0.2590720882837413,0.42197135448154516,-0.1281896586714647,,,cuVSLAM,,
1762,1761211787010,291.80893301963806,141.18051528930664,-95.92988342046738,-0.2517422445804914,0.42390030613543517,-0.11465378697775999,,,cuVSLAM,,
1763,1761211787027,291.82761907577515,138.588085770607,-95.65643966197968,-0.24460177135222505,0.4252695459500249,-0.10207381944220964,,,cuVSLAM,,
1764,1761211787043,291.6865944862366,136.03737950325012,-94.90806609392166,-0.2375220116159557,0.42682192459305607,-0.09013593872669841,,,cuVSLAM,,
1765,1761211787060,291.59849882125854,133.5505098104477,-94.40959244966507,-0.2301823468957357,0.428299870838389,-0.07733287585908305,,,cuVSLAM,,
1766,1761211787077,291.56336188316345,131.1521679162979,-93.85240077972412,-0.2229467812438971,0.42958552202973366,-0.06512324809665354,,,cuVSLAM,,
1767,1761211787093,291.4511263370514,128.74582409858704,-93.22261810302734,-0.2153651448586467,0.43094988682248675,-0.05173975648853157,,,cuVSLAM,,
1768,1761211787110,291.47234559059143,126.39026343822479,-92.60310232639313,-0.20761109004816392,0.432337359396039,-0.037768499011107105,,,cuVSLAM,,
1769,1761211787127,291.35313630104065,123.43481183052063,-91.91067516803741,-0.1999823801837451,0.4335024293727631,-0.0250363301046515,,,cuVSLAM,,
1770,1761211787143,291.0670340061188,120.34975737333298,-91.50463342666626,-0.19301989608041106,0.43404482348894674,-0.015202796354939613,,,cuVSLAM,,
1771,1761211787160,290.99732637405396,117.57975071668625,-90.87184071540833,-0.186083048503146,0.4347676911688744,-0.005968901634782808,,,cuVSLAM,,
1772,1761211787177,291.1202609539032,115.14018476009369,-90.20132571458817,-0.1786179078924444,0.4357054157221827,0.005185274177971575,,,cuVSLAM,,
1773,1761211787193,290.92180728912354,112.2717559337616,-89.61587399244308,-0.17097093395139243,0.4364486651173937,0.017066256156571594,,,cuVSLAM,,
1774,1761211787210,290.78954458236694,109.57183688879013,-89.01606500148773,-0.1631323441561766,0.4372496500826468,0.029718606162207638,,,cuVSLAM,,
1775,1761211787227,290.45790433883667,106.4755916595459,-88.4564220905304,-0.15536907399085007,0.4377344493660514,0.04223899173770296,,,cuVSLAM,,
1776,1761211787243,290.03193974494934,102.9181107878685,-87.99649775028229,-0.14792127863638257,0.4378483600263256,0.05268560066407577,,,cuVSLAM,,
1777,1761211787260,290.07068276405334,100.13525933027267,-87.27488666772842,-0.14067395200593472,0.4383595064374902,0.062248294952951234,,,cuVSLAM,,
1778,1761211787277,289.890319108963,97.29637205600739,-86.88545972108841,-0.13316520788010955,0.4388166575102302,0.07373692643337594,,,cuVSLAM,,
1779,1761211787293,290.4427945613861,94.94705498218536,-87.0925560593605,-0.12521931025169192,0.43892963570911064,0.08793624939957928,,,cuVSLAM,,
1780,1761211787310,290.3713583946228,92.12549775838852,-86.62887662649155,-0.11759107350942832,0.4393265663576055,0.10066300897072537,,,cuVSLAM,,
1781,1761211787327,290.14039039611816,89.40648287534714,-86.03128790855408,-0.11068401723687826,0.4394578052815179,0.11034925521981381,,,cuVSLAM,,
1782,1761211787343,289.8903787136078,86.73074096441269,-85.90473979711533,-0.10414170197293734,0.43909131574479005,0.11923749111435654,,,cuVSLAM,,
1783,1761211787361,289.731502532959,84.35651659965515,-85.2886512875557,-0.09760954954465392,0.43911975001684406,0.12883008292098166,,,cuVSLAM,,
1784,1761211787377,289.4509732723236,82.08803087472916,-84.78738367557526,-0.09110279417729195,0.43901902982669383,0.13915418730538318,,,cuVSLAM,,
1785,1761211787393,289.2475426197052,79.87847179174423,-84.2171236872673,-0.0847359044496591,0.43903277802110974,0.14974563154073445,,,cuVSLAM,,
1786,1761211787410,288.9499068260193,77.75889337062836,-83.83472263813019,-0.07855809495186276,0.4387908191740396,0.16025080571700723,,,cuVSLAM,,
1787,1761211787427,288.5441780090332,75.82255452871323,-83.66309851408005,-0.0725971795591683,0.43830027547170813,0.1703087935532446,,,cuVSLAM,,
1788,1761211787443,288.2255017757416,73.61115515232086,-82.9332023859024,-0.06718923857110314,0.43804298716345974,0.17894433427792314,,,cuVSLAM,,
1789,1761211787477,287.4973714351654,69.75072622299194,-82.01711624860764,-0.05806889189608024,0.4368661965291805,0.1915074077918287,,,cuVSLAM,,
1790,1761211787493,287.1617078781128,68.14680993556976,-81.69211447238922,-0.053776672505459186,0.43636554179674786,0.19805325910306476,,,cuVSLAM,,
1791,1761211787510,286.7790162563324,66.87965989112854,-81.42898976802826,-0.049262598131372314,0.43588697429474166,0.205785069819629,,,cuVSLAM,,
1792,1761211787527,286.5106761455536,65.50206989049911,-81.11012727022171,-0.04494486771694087,0.43543469352093006,0.21317576793490814,,,cuVSLAM,,
1793,1761211787543,286.20678186416626,63.96704912185669,-80.76796680688858,-0.04078843649344793,0.4350931416882249,0.2207827489492968,,,cuVSLAM,,
1794,1761211787560,285.97965836524963,62.74174153804779,-80.3646668791771,-0.03669683410146688,0.4348954668975499,0.22882269246390244,,,cuVSLAM,,
1795,1761211787577,285.693883895874,61.698589473962784,-80.21257072687149,-0.03276505292733457,0.43448309096815174,0.23713167144725836,,,cuVSLAM,,
1796,1761211787593,285.4357063770294,60.73039397597313,-80.0696313381195,-0.028723387352146613,0.43411059635568955,0.2462845468910612,,,cuVSLAM,,
1797,1761211787610,285.1560711860657,59.90840867161751,-79.74044978618622,-0.02476806709503109,0.4338601104579849,0.2558166310198246,,,cuVSLAM,,
1798,1761211787627,284.9699556827545,58.746445924043655,-79.67286556959152,-0.021359054165636715,0.43353893242386116,0.26378624256856753,,,cuVSLAM,,
1799,1761211787643,284.81751680374146,57.95916169881821,-79.6424075961113,-0.018263486891456748,0.4332750991966159,0.27074871868507233,,,cuVSLAM,,
1800,1761211787660,284.73761677742004,57.20477178692818,-79.63820546865463,-0.015519519600049663,0.43309716500473355,0.27669907719595666,,,cuVSLAM,,
1801,1761211787677,284.75868701934814,56.474193930625916,-79.71323281526566,-0.013093827902080161,0.4331717552216458,0.28219615454708163,,,cuVSLAM,,
1802,1761211787693,284.95651483535767,55.53702265024185,-79.69243079423904,-0.011102257303145626,0.4333537026868759,0.28533285118014373,,,cuVSLAM,,
1803,1761211787710,285.18974781036377,54.94207888841629,-79.84090596437454,-0.00956260099600897,0.43359509537039376,0.28701946608632795,,,cuVSLAM,,
1804,1761211787727,285.42760014533997,54.55236881971359,-79.81649041175842,-0.007717956292273792,0.4341427154394027,0.2907062624747362,,,cuVSLAM,,
1805,1761211787743,285.7552468776703,54.15894091129303,-80.01286536455154,-0.006162409061487979,0.4345342721530375,0.2934015452951089,,,cuVSLAM,,
1806,1761211787760,286.1745357513428,53.47128584980965,-80.136738717556,-0.0049990165130580815,0.4350956242478786,0.29472937180419573,,,cuVSLAM,,
1807,1761211787777,286.67202591896057,53.02120000123978,-80.38600534200668,-0.004460423926804871,0.4356720839260268,0.29366215995475325,,,cuVSLAM,,
1808,1761211787793,287.15452551841736,52.030447870492935,-80.91655373573303,-0.005048356827629929,0.4359904014607462,0.28721326783123274,,,cuVSLAM,,
1809,1761211787810,287.9219353199005,50.71576312184334,-81.21728897094727,-0.007727090536271667,0.43660964518561274,0.27116456124581784,,,cuVSLAM,,
1810,1761211787827,289.0312075614929,49.14429038763046,-81.66578412055969,-0.012004613693925,0.4372878089887562,0.2479671085353544,,,cuVSLAM,,
1811,1761211787844,290.1513874530792,47.85231873393059,-82.08268135786057,-0.016035977058440475,0.4384242788908148,0.2258662300649209,,,cuVSLAM,,
1812,1761211787860,291.2982702255249,46.95591703057289,-82.74918049573898,-0.018684918100573274,0.439553694310166,0.2096442400222941,,,cuVSLAM,,
1813,1761211787877,292.46121644973755,45.77521234750748,-83.2928791642189,-0.021217758908650845,0.4408029868702376,0.1949734450438834,,,cuVSLAM,,
1814,1761211787893,293.5959994792938,44.47232186794281,-83.93154293298721,-0.024508069540772958,0.4418518862187241,0.17621313273057232,,,cuVSLAM,,
1815,1761211787910,294.94622349739075,42.79892146587372,-84.19299125671387,-0.028920430573069176,0.44314832593235026,0.15168118831738261,,,cuVSLAM,,
1816,1761211787927,296.2190508842468,41.29135236144066,-84.91557836532593,-0.03375958425253906,0.44424432123770835,0.12539970689943122,,,cuVSLAM,,
1817,1761211787943,297.55789041519165,40.105778723955154,-85.17536520957947,-0.037105395003789066,0.44597230490633205,0.10580455380981803,,,cuVSLAM,,
1818,1761211787960,298.59742522239685,38.99834677577019,-85.55541187524796,-0.038738634969136876,0.4472833323742048,0.0933836697280496,,,cuVSLAM,,
1819,1761211787977,299.4021475315094,37.84423694014549,-85.78920364379883,-0.040117775207880124,0.4481523337257159,0.08216475948215497,,,cuVSLAM,,
1820,1761211787993,300.02516508102417,36.65997087955475,-85.83909273147583,-0.04163632584545557,0.4487397564343325,0.069623487249741,,,cuVSLAM,,
1821,1761211788010,300.42725801467896,34.85339134931564,-86.02358400821686,-0.043234073773001785,0.4488789610229019,0.05590046958341757,,,cuVSLAM,,
1822,1761211788027,300.72227120399475,33.422984182834625,-86.04488521814346,-0.0448363116445043,0.4488852131736278,0.04177743091514805,,,cuVSLAM,,
1823,1761211788043,300.8563220500946,32.08386152982712,-85.94459295272827,-0.045889625386279546,0.4487994837092664,0.02934325321627789,,,cuVSLAM,,
1824,1761211788060,300.8142411708832,30.603326857089996,-85.95385402441025,-0.04648592311577136,0.4483842455331324,0.01924233251171932,,,cuVSLAM,,
1825,1761211788077,300.79805850982666,28.757162392139435,-85.81367135047913,-0.04659102064131769,0.4479227152598853,0.010696796062219517,,,cuVSLAM,,
1826,1761211788093,300.6090819835663,27.24577486515045,-85.44232696294785,-0.04711155950712919,0.4474590136642871,3.783867839708188e-05,,,cuVSLAM,,
1827,1761211788110,300.4112243652344,25.277160108089447,-85.2486714720726,-0.047987713479518065,0.4467563692886941,-0.012653425113428677,,,cuVSLAM,,
1828,1761211788127,300.2818524837494,23.080192506313324,-84.91288870573044,-0.04884226347965112,0.44614930859802093,-0.0253832337710603,,,cuVSLAM,,
1829,1761211788143,299.8701333999634,21.29100263118744,-84.76342260837555,-0.04929707649149374,0.4454112032830653,-0.037235210456406605,,,cuVSLAM,,
1830,1761211788177,299.1812527179718,17.801187932491302,-84.4816118478775,-0.04719440410329598,0.4439141501046067,-0.04952135617832288,,,cuVSLAM,,
1831,1761211788193,298.70039224624634,15.5344158411026,-84.25125479698181,-0.04649919829085743,0.44300638442882057,-0.058991690787232536,,,cuVSLAM,,
1832,1761211788210,298.28304052352905,13.112403452396393,-83.94108712673187,-0.04629653229443209,0.4421381894518941,-0.07135257260778383,,,cuVSLAM,,
1833,1761211788227,297.78698086738586,10.458111763000488,-83.68038386106491,-0.04585770155550756,0.441252178576979,-0.08401185834723154,,,cuVSLAM,,
1834,1761211788243,297.26943373680115,7.945738732814789,-83.52671563625336,-0.04489010760943862,0.4402931072293481,-0.09462758393201973,,,cuVSLAM,,
1835,1761211788260,296.67022824287415,5.677260458469391,-83.03478360176086,-0.04279888472248247,0.43953092482054323,-0.10126522898905074,,,cuVSLAM,,
1836,1761211788277,296.0962653160095,2.978794276714325,-82.3841467499733,-0.04036505763641893,0.43871839239267996,-0.10810297791164565,,,cuVSLAM,,
1837,1761211788293,295.11699080467224,0.005088746547698975,-82.09042996168137,-0.03837135215320166,0.4373883164181135,-0.11794791606075157,,,cuVSLAM,,
1838,1761211788310,294.2325174808502,-3.9013177156448364,-81.61687850952148,-0.0362299186076112,0.43602460586716135,-0.1284546447877755,,,cuVSLAM,,
1839,1761211788327,293.1648790836334,-7.437467575073242,-81.11889660358429,-0.03398932499025296,0.4345752111805903,-0.13947920495594793,,,cuVSLAM,,
1840,1761211788343,291.99931025505066,-10.947927832603455,-80.50444722175598,-0.03131482881680613,0.433079303909803,-0.14951102100121724,,,cuVSLAM,,
1841,1761211788360,290.70335626602173,-14.361433684825897,-79.92285490036011,-0.028479408738331855,0.43139665974225344,-0.15999596847935957,,,cuVSLAM,,
1842,1761211788377,289.3409729003906,-18.04562658071518,-78.90051603317261,-0.02553331162978773,0.4298557264519791,-0.17080388426616938,,,cuVSLAM,,
1843,1761211788393,287.74791955947876,-22.309690713882446,-78.44765484333038,-0.02228507401573262,0.42773088434709533,-0.1811810676760682,,,cuVSLAM,,
1844,1761211788410,286.3444685935974,-25.657394900918007,-78.43511551618576,-0.018868251623717646,0.4250687882468659,-0.19221767365359246,,,cuVSLAM,,
1845,1761211788427,284.5282554626465,-29.588449746370316,-77.79105752706528,-0.015150715992967157,0.42271595873957213,-0.2021095192282407,,,cuVSLAM,,
1846,1761211788443,282.5896143913269,-33.78129005432129,-76.90714299678802,-0.011378233160207456,0.42046264334839895,-0.21226146553189706,,,cuVSLAM,,
1847,1761211788460,280.4763913154602,-38.12862187623978,-76.09139382839203,-0.007530096099331905,0.417978891509607,-0.22297940473376612,,,cuVSLAM,,
1848,1761211788477,278.464138507843,-42.270004749298096,-75.24753361940384,-0.0032511493074655995,0.4154765285801447,-0.231907988111754,,,cuVSLAM,,
1849,1761211788493,276.181161403656,-46.41655832529068,-74.33032244443893,0.001264530850193104,0.41294601474935644,-0.24018102527837246,,,cuVSLAM,,
1850,1761211788510,273.8211750984192,-50.657764077186584,-73.34168255329132,0.005589298775936746,0.4103772139363167,-0.24972157617574858,,,cuVSLAM,,
1851,1761211788527,271.4071571826935,-55.061597377061844,-72.40255922079086,0.009731052441457642,0.40774169676757754,-0.26030375371539827,,,cuVSLAM,,
1852,1761211788543,268.86430382728577,-59.41718816757202,-71.46856933832169,0.01377080135813771,0.4050794542281549,-0.2713772053187116,,,cuVSLAM,,
1853,1761211788560,266.31179451942444,-63.71331959962845,-70.65043598413467,0.017490709511562216,0.4023286357778526,-0.28419353938939484,,,cuVSLAM,,
1854,1761211788577,263.63587379455566,-68.20573657751083,-69.89656388759613,0.02093059850996598,0.39962096356717447,-0.29846870871717335,,,cuVSLAM,,
1855,1761211788593,261.17628812789917,-72.28054106235504,-68.8013955950737,0.024505636806270173,0.39715716271533824,-0.3112424507014759,,,cuVSLAM,,
1856,1761211788610,258.5724890232086,-76.3639286160469,-68.19169968366623,0.028634155371018804,0.3943202407911132,-0.3212593732567957,,,cuVSLAM,,
1857,1761211788627,255.9463083744049,-80.25618642568588,-67.27714836597443,0.032742838951845946,0.3918845103989036,-0.3311219987522959,,,cuVSLAM,,
1858,1761211788643,253.3157467842102,-84.35297757387161,-66.41893833875656,0.03671645983476139,0.38958139314911805,-0.34113121445984323,,,cuVSLAM,,
1859,1761211788660,250.81124901771545,-88.18379789590836,-65.69638848304749,0.04079546299182002,0.38719742150373937,-0.3504869018610034,,,cuVSLAM,,
1860,1761211788677,248.21846187114716,-92.03477948904037,-64.87556546926498,0.04479604891267073,0.3848793725895083,-0.3595302724341809,,,cuVSLAM,,
1861,1761211788693,245.7297444343567,-95.63808888196945,-64.40482288599014,0.04898651415340649,0.3823544494730476,-0.36712156618051134,,,cuVSLAM,,
1862,1761211788710,243.34177374839783,-98.8016277551651,-64.19496983289719,0.05380128375007473,0.3795643060480221,-0.3712997001019538,,,cuVSLAM,,
1863,1761211788727,240.9413754940033,-101.99645906686783,-63.597433269023895,0.05890210978697232,0.37698047137564134,-0.3727586942268222,,,cuVSLAM,,
1864,1761211788743,238.571897149086,-105.02108186483383,-63.17929923534393,0.06420072883067737,0.37410195442531263,-0.3727221511504728,,,cuVSLAM,,
1865,1761211788760,235.96689105033875,-108.0586239695549,-62.55088746547699,0.06944379355653188,0.37106547838966364,-0.3728942633310974,,,cuVSLAM,,
1866,1761211788777,233.41302573680878,-110.68674176931381,-62.011584639549255,0.07483092856994976,0.36770150025923887,-0.3716810669666164,,,cuVSLAM,,
1867,1761211788793,230.7870090007782,-113.19363862276077,-61.31935864686966,0.08069056219042409,0.36410997270967066,-0.36721239510825104,,,cuVSLAM,,
1868,1761211788810,227.91697084903717,-115.63195288181305,-60.9222874045372,0.08687285626591477,0.3599922659232071,-0.36049472002791777,,,cuVSLAM,,
1869,1761211788827,225.1524180173874,-117.90906637907028,-60.1041279733181,0.09297408601372024,0.35583134264079014,-0.3529908491949324,,,cuVSLAM,,
1870,1761211788843,222.34056890010834,-119.96486037969589,-59.157393872737885,0.09927697358166468,0.35140844117729025,-0.34337710679432565,,,cuVSLAM,,
1871,1761211788860,219.40147876739502,-121.94529175758362,-58.394528925418854,0.10614887031335955,0.3464651189301005,-0.32986300552269987,,,cuVSLAM,,
1872,1761211788877,216.47655963897705,-123.67915362119675,-57.61602148413658,0.11308909258057785,0.34119489350433957,-0.3144743303878439,,,cuVSLAM,,
1873,1761211788893,213.3629471063614,-125.1697838306427,-57.616591453552246,0.11974281023297324,0.33547109772409417,-0.30055561115723084,,,cuVSLAM,,
1874,1761211788910,210.47869324684143,-126.67050957679749,-56.67293444275856,0.12597675465704927,0.3304155059715302,-0.2858711071041948,,,cuVSLAM,,
1875,1761211788927,207.52590894699097,-127.85233557224274,-55.84130808711052,0.13191611394378672,0.32507702079684536,-0.270843700561044,,,cuVSLAM,,
1876,1761211788943,204.5634686946869,-129.1978359222412,-55.09854108095169,0.13723672840474485,0.3196717879556656,-0.2577667250213899,,,cuVSLAM,,
1877,1761211788960,201.6056478023529,-129.9211084842682,-54.3951615691185,0.14214034353526656,0.3141957802604034,-0.2450991075026763,,,cuVSLAM,,
1878,1761211788977,198.60002398490906,-130.54290413856506,-53.80714684724808,0.14727996024320575,0.3083410366493615,-0.22846264078309853,,,cuVSLAM,,
1879,1761211788993,195.7346647977829,-131.18310272693634,-52.655793726444244,0.15247775658877033,0.30263069663017267,-0.21007881101564652,,,cuVSLAM,,
1880,1761211789010,192.68950819969177,-131.9027841091156,-52.10208147764206,0.15655507905043237,0.2969239891833107,-0.1977183465370899,,,cuVSLAM,,
1881,1761211789027,189.4603669643402,-132.89406895637512,-51.15792527794838,0.15978043862035154,0.29160628875512984,-0.18898633455430544,,,cuVSLAM,,
1882,1761211789043,186.37388944625854,-133.467435836792,-50.02523213624954,0.1627073504232904,0.2863293642599567,-0.17985838851942043,,,cuVSLAM,,
1883,1761211789060,183.27122926712036,-133.68229568004608,-49.03269186615944,0.16547356611841169,0.2807201855584305,-0.170315254115446,,,cuVSLAM,,
1884,1761211789077,180.14225363731384,-133.84968042373657,-47.73866385221481,0.16785273530011188,0.27536669346098297,-0.16088040531939818,,,cuVSLAM,,
1885,1761211789094,177.11922526359558,-133.81604850292206,-46.50954157114029,0.17005978216209958,0.2699834954102328,-0.15109571617410608,,,cuVSLAM,,
1886,1761211789110,174.04919862747192,-133.74421000480652,-45.59307545423508,0.17211825628907162,0.2644450705270417,-0.14112482508243895,,,cuVSLAM,,
1887,1761211789127,171.07002437114716,-133.51887464523315,-44.384412467479706,0.1738315695330505,0.25917242349174713,-0.13199837851144847,,,cuVSLAM,,
1888,1761211789143,168.02123188972473,-133.40486586093903,-43.767284601926804,0.1749839990548222,0.25383340950820965,-0.12514970334556152,,,cuVSLAM,,
1889,1761211789160,165.25469720363617,-132.90385901927948,-42.65370965003967,0.1756502789275421,0.2490114973346203,-0.11912467250659917,,,cuVSLAM,,
1890,1761211789177,162.50592470169067,-132.01935589313507,-42.17813163995743,0.17624414077640854,0.2438628769682749,-0.11143501423960993,,,cuVSLAM,,
1891,1761211789193,160.00492870807648,-130.875363945961,-41.3583368062973,0.1771911628649608,0.23872438569200558,-0.09862412867914798,,,cuVSLAM,,
1892,1761211789210,157.5193554162979,-129.69815731048584,-40.3381884098053,0.17822338301076865,0.2336567015569882,-0.08366519623955625,,,cuVSLAM,,
1893,1761211789227,155.01859784126282,-129.06111776828766,-39.21961411833763,0.1782671910846465,0.2294034225913745,-0.07555081662211405,,,cuVSLAM,,
1894,1761211789243,152.61586010456085,-128.1851828098297,-38.67166489362717,0.17755395072013616,0.22528531058952223,-0.07129942965055182,,,cuVSLAM,,
1895,1761211789260,150.6236046552658,-126.80716812610626,-37.847042083740234,0.1768415421514498,0.2215815734343625,-0.0655324334939374,,,cuVSLAM,,
1896,1761211789278,148.785337805748,-125.21713972091675,-37.146348506212234,0.1764510527145827,0.21772202047331968,-0.05627244253164257,,,cuVSLAM,,
1897,1761211789310,144.9614316225052,-121.42512947320938,-36.38670966029167,0.17649597997376892,0.20872660167637738,-0.02518198588526588,,,cuVSLAM,,
1898,1761211789327,143.04384589195251,-120.24671584367752,-34.75472331047058,0.17591192306624148,0.20549855807439923,-0.013728133295893672,,,cuVSLAM,,
1899,1761211789343,141.31885766983032,-119.0447211265564,-33.200327306985855,0.17483016316462813,0.20254441655623073,-0.006590195266217827,,,cuVSLAM,,
1900,1761211789360,139.29709792137146,-117.51813441514969,-32.29394927620888,0.17384733925964732,0.1989340127508222,0.00046697668534478496,,,cuVSLAM,,
1901,1761211789377,137.1460258960724,-115.83007127046585,-31.557653099298477,0.1729658045642935,0.19496289289384727,0.009467562129610854,,,cuVSLAM,,
1902,1761211789393,134.8755955696106,-114.40113186836243,-30.762910842895508,0.17205909424682594,0.19077303455662817,0.019609940248155117,,,cuVSLAM,,
1903,1761211789410,132.42626190185547,-113.06261271238327,-29.779165983200073,0.1711467582446776,0.18647420729753095,0.029023821160831662,,,cuVSLAM,,
1904,1761211789427,129.43054735660553,-112.71045356988907,-29.38167005777359,0.17031154891431888,0.1815722842102728,0.03760244381108242,,,cuVSLAM,,
1905,1761211789443,126.44751369953156,-112.44138330221176,-25.249185040593147,0.16854119823577107,0.17911760397091542,0.04420041668409148,,,cuVSLAM,,
1906,1761211789460,123.17756563425064,-111.33188754320145,-24.361446499824524,0.16745879568302663,0.17394885978577604,0.049129159955392174,,,cuVSLAM,,
1907,1761211789477,119.76264417171478,-110.5220764875412,-23.111775517463684,0.1664595831811554,0.1686471279421977,0.053128062455894784,,,cuVSLAM,,
1908,1761211789493,116.08133465051651,-109.83410477638245,-22.14026264846325,0.16545509151615295,0.16297813040394277,0.05645255132021093,,,cuVSLAM,,
1909,1761211789510,112.12076991796494,-108.9898869395256,-21.258722990751266,0.16456970270899623,0.15698919979269965,0.05944184617808356,,,cuVSLAM,,
1910,1761211789527,107.9719066619873,-108.07543992996216,-20.35355009138584,0.1638073975070888,0.15069127370663296,0.06399672437740278,,,cuVSLAM,,
1911,1761211789543,103.73876988887787,-107.52063989639282,-19.21282336115837,0.16335798287052875,0.14413298292116428,0.06954125067691848,,,cuVSLAM,,
1912,1761211789560,99.05706346035004,-107.01968520879745,-18.457934260368347,0.16299732024058713,0.1369477061597223,0.07264014881954187,,,cuVSLAM,,
1913,1761211789577,94.21351552009583,-106.98441416025162,-17.569463700056076,0.16265238470899723,0.12968329723495783,0.07439672643651307,,,cuVSLAM,,
1914,1761211789594,89.10765498876572,-106.82360827922821,-16.744982451200485,0.16239883454250095,0.12212113618190942,0.07580501770048527,,,cuVSLAM,,
1915,1761211789610,83.86141061782837,-106.87832534313202,-15.71178063750267,0.16229217468705184,0.1143693550268271,0.07795981413130307,,,cuVSLAM,,
1916,1761211789627,78.3480852842331,-107.07749426364899,-14.659612439572811,0.16238681922494014,0.10629897245497275,0.08018289408592351,,,cuVSLAM,,
1917,1761211789643,72.62806594371796,-107.24388808012009,-13.955428265035152,0.1625913238794297,0.09788691664767522,0.08146272673412223,,,cuVSLAM,,
1918,1761211789660,66.74441695213318,-107.92097449302673,-12.827463448047638,0.16300259530950686,0.08949216398745134,0.08283901926226943,,,cuVSLAM,,
1919,1761211789677,60.74676662683487,-108.10107737779617,-12.391853146255016,0.1634532821471818,0.08046748672697294,0.08368478806075624,,,cuVSLAM,,
1920,1761211789694,54.65700477361679,-108.88008028268814,-11.413706466555595,0.16410488428297482,0.0716702471022284,0.08539699880027647,,,cuVSLAM,,
1921,1761211789710,48.46742004156113,-109.49735343456268,-10.787546634674072,0.16484141503942382,0.06252211169751216,0.08746289757357213,,,cuVSLAM,,
1922,1761211789727,42.33373701572418,-109.93073880672455,-10.314708575606346,0.16555904432050447,0.05331270501508741,0.08929546957646825,,,cuVSLAM,,
1923,1761211789743,36.10905259847641,-110.58356612920761,-9.990572929382324,0.16637786392038684,0.04418336334291301,0.09069070252233642,,,cuVSLAM,,
1924,1761211789760,30.00803291797638,-111.42822355031967,-9.194273501634598,0.16726134297534825,0.03540017332665279,0.0918468851640561,,,cuVSLAM,,
1925,1761211789777,23.87099713087082,-112.04874515533447,-8.777780458331108,0.1681216392808547,0.02644406832800741,0.09288090725472228,,,cuVSLAM,,
1926,1761211789794,17.89957284927368,-112.6241534948349,-8.16807895898819,0.16898907352046974,0.017730095683938702,0.09433693306220003,,,cuVSLAM,,
1927,1761211789810,11.973828077316284,-113.15907537937164,-8.161893114447594,0.16981546886087065,0.008801465778368342,0.09660061497763255,,,cuVSLAM,,
1928,1761211789827,6.331488490104675,-113.57851326465607,-7.614482194185257,0.1705636667308728,0.0005516568282910612,0.0985446903528641,,,cuVSLAM,,
1929,1761211789843,0.7954686880111694,-114.29375410079956,-7.203530520200729,0.17136994669394792,-0.007365540200892987,0.09981919229018292,,,cuVSLAM,,
1930,1761211789860,-4.444628953933716,-114.7126629948616,-6.469449028372765,0.17206716279336476,-0.014742326813602843,0.10000387758344205,,,cuVSLAM,,
1931,1761211789877,-9.70640778541565,-115.19086360931396,-6.5388306975364685,0.17270673161729982,-0.022414170720321334,0.10024286761931014,,,cuVSLAM,,
1932,1761211789893,-14.724001288414001,-115.50172418355942,-6.57949224114418,0.17334698805606708,-0.02982301603447387,0.10132802931825372,,,cuVSLAM,,
1933,1761211789910,-19.31023597717285,-115.98896980285645,-6.096674129366875,0.17386340457745297,-0.03638659196090518,0.10329787845218022,,,cuVSLAM,,
1934,1761211789927,-23.684144020080566,-116.49369448423386,-6.262902170419693,0.17435570710334597,-0.04290371549715386,0.10587606204882241,,,cuVSLAM,,
1935,1761211789943,-27.73888409137726,-116.9116348028183,-6.1269644647836685,0.17485342193482534,-0.04887109969990756,0.10893582110787631,,,cuVSLAM,,
1936,1761211789960,-31.34787082672119,-117.12643504142761,-5.77886775135994,0.17538388117363063,-0.054305269458176486,0.11098611586002086,,,cuVSLAM,,
1937,1761211789977,-34.67956185340881,-117.42393672466278,-5.250846967101097,0.175839968077555,-0.05905566300140832,0.1119446686042761,,,cuVSLAM,,
1938,1761211789993,-37.97122836112976,-117.65718460083008,-5.271706730127335,0.17619184213428812,-0.06380030415969526,0.11288067663956976,,,cuVSLAM,,
1939,1761211790010,-40.995195508003235,-118.04027110338211,-5.520706996321678,0.1765153825433971,-0.06839865449092696,0.11463066170162134,,,cuVSLAM,,
1940,1761211790027,-43.71929168701172,-118.32098662853241,-5.1750298589468,0.176762618647874,-0.07227106393007791,0.11662993536511562,,,cuVSLAM,,
1941,1761211790043,-46.34910821914673,-118.22497099637985,-5.622079595923424,0.17690861742932645,-0.07640094036248554,0.1192275122806927,,,cuVSLAM,,
1942,1761211790060,-48.609405755996704,-118.31846833229065,-5.361545830965042,0.17702227064393358,-0.07983760636025397,0.1226066354888537,,,cuVSLAM,,
1943,1761211790077,-50.95657706260681,-118.50252002477646,-5.664365366101265,0.1769612703574372,-0.08330240919044106,0.12526172709754715,,,cuVSLAM,,
1944,1761211790093,-52.974775433540344,-118.44053864479065,-5.602758377790451,0.17697367027034225,-0.08628544171898736,0.12708163537831083,,,cuVSLAM,,
1945,1761211790110,-54.69450354576111,-118.6612918972969,-5.447437986731529,0.1769196556591481,-0.08878565753277075,0.128148875659775,,,cuVSLAM,,
1946,1761211790127,-56.42300844192505,-118.79682540893555,-5.461625754833221,0.17689919545764404,-0.09110194087014595,0.12904779319346352,,,cuVSLAM,,
1947,1761211790143,-57.65199661254883,-118.43568831682205,-5.40897436439991,0.1766896567171693,-0.09317626792790873,0.13019549437450081,,,cuVSLAM,,
1948,1761211790160,-58.99469554424286,-118.39406192302704,-5.384536460042,0.17639023310324717,-0.09516874671307918,0.132523433287655,,,cuVSLAM,,
1949,1761211790177,-60.00424921512604,-117.86272376775742,-5.067402496933937,0.17596154676073839,-0.09687888869004746,0.1355673215704381,,,cuVSLAM,,
1950,1761211790210,-61.79523468017578,-117.68331378698349,-5.398571491241455,0.1752791772513394,-0.09974213190488133,0.13738683205319446,,,cuVSLAM,,
1951,1761211790227,-62.26435303688049,-117.79233813285828,-5.343418568372726,0.1749800989676783,-0.10034419016851462,0.13717072025126978,,,cuVSLAM,,
1952,1761211790243,-62.55736947059631,-117.37093329429626,-5.6092385202646255,0.17453854537648653,-0.10071154479681504,0.1369908424370547,,,cuVSLAM,,
1953,1761211790260,-62.37773597240448,-116.9004812836647,-5.535431206226349,0.17407030108826826,-0.10051874415432678,0.13711268497472867,,,cuVSLAM,,
1954,1761211790277,-61.858296394348145,-116.40550196170807,-5.323406308889389,0.17362748918941573,-0.09984085734016816,0.1372658358737395,,,cuVSLAM,,
1955,1761211790293,-61.31330132484436,-116.09549075365067,-5.816739052534103,0.1729788229912032,-0.09906081240946464,0.1373854931490757,,,cuVSLAM,,
1956,1761211790310,-60.19666790962219,-115.4530942440033,-5.679471418261528,0.1722681578020277,-0.09738322391919683,0.13688356184150743,,,cuVSLAM,,
1957,1761211790327,-58.872222900390625,-115.4126226902008,-5.75035996735096,0.17152301155709154,-0.09534047111471333,0.13659023935756773,,,cuVSLAM,,
1958,1761211790343,-56.94948136806488,-114.47850614786148,-5.308801308274269,0.1706621845149053,-0.09254563252213487,0.1359138954186463,,,cuVSLAM,,
1959,1761211790360,-54.79620397090912,-113.56975883245468,-4.765147343277931,0.1697253393410692,-0.08929631103148707,0.13555586527484229,,,cuVSLAM,,
1960,1761211790377,-52.498459815979004,-113.25671523809433,-4.537725821137428,0.16875840090703462,-0.08574662840740668,0.13562458533164917,,,cuVSLAM,,
1961,1761211790393,-49.80219900608063,-112.33136802911758,-4.732051864266396,0.16763055483745504,-0.08186695292448799,0.13460793939596752,,,cuVSLAM,,
1962,1761211790410,-46.69918119907379,-111.20568960905075,-4.6771857887506485,0.1662988100766237,-0.07731744003865187,0.13308482921856318,,,cuVSLAM,,
1963,1761211790427,-43.279364705085754,-110.37859320640564,-4.418279975652695,0.1650891928119022,-0.07224297690878015,0.13125338806869571,,,cuVSLAM,,
1964,1761211790443,-39.83530402183533,-109.3967854976654,-4.439342767000198,0.1636968117931317,-0.06695342933423461,0.12864916753258837,,,cuVSLAM,,
1965,1761211790460,-36.13881766796112,-108.58781635761261,-4.460200667381287,0.16237869175193045,-0.06130987921266474,0.12484943844891057,,,cuVSLAM,,
1966,1761211790477,-32.15993940830231,-107.6657846570015,-3.9744284003973007,0.16102727897938834,-0.05508686643688449,0.11931337244722488,,,cuVSLAM,,
1967,1761211790493,-28.219103813171387,-106.66559636592865,-3.9283744990825653,0.15959999608670578,-0.048950766556669495,0.1141866084439223,,,cuVSLAM,,
1968,1761211790510,-24.22100305557251,-105.62913119792938,-3.9889756590127945,0.15808834791644102,-0.043019548658556964,0.11091163745807915,,,cuVSLAM,,
1969,1761211790527,-20.33945918083191,-104.85141724348068,-4.388531669974327,0.15676010106815252,-0.03728625910908574,0.10718938043984275,,,cuVSLAM,,
1970,1761211790543,-16.398757696151733,-104.14110124111176,-4.375798627734184,0.15547885452338445,-0.031011606524110318,0.10126769925841834,,,cuVSLAM,,
1971,1761211790560,-12.326151132583618,-103.68569195270538,-4.319285973906517,0.15442687232801897,-0.024518329466553128,0.09210574820176945,,,cuVSLAM,,
1972,1761211790577,-8.459776639938354,-103.32873463630676,-4.697948694229126,0.15335939434730703,-0.018135342569678005,0.08045508768966589,,,cuVSLAM,,
1973,1761211790593,-4.544064402580261,-102.93464362621307,-5.394583567976952,0.15236194879321932,-0.011987115479436846,0.06920246424350164,,,cuVSLAM,,
1974,1761211790610,-0.6178468465805054,-102.6054173707962,-4.922155290842056,0.15132147361526035,-0.005387068707809216,0.060678411983393306,,,cuVSLAM,,
1975,1761211790627,3.204137086868286,-102.25745290517807,-5.097206681966782,0.1505189407169455,0.0005614243264032005,0.05433873970113658,,,cuVSLAM,,
1976,1761211790643,6.997011601924896,-102.11510211229324,-5.379602313041687,0.14991929834720288,0.006454914880359618,0.047409609299731946,,,cuVSLAM,,
1977,1761211790660,10.7588991522789,-102.38125920295715,-5.536433309316635,0.14941188965974445,0.01259786424288434,0.03859420654768138,,,cuVSLAM,,
1978,1761211790677,14.481186866760254,-102.69158333539963,-5.980959162116051,0.14904182911608782,0.018708612069446327,0.02740478974517248,,,cuVSLAM,,
1979,1761211790693,18.349148333072662,-103.09328883886337,-6.6399723291397095,0.1486918970578746,0.024849924178437937,0.01440685299878943,,,cuVSLAM,,
1980,1761211790710,22.037185728549957,-103.66997867822647,-6.900398060679436,0.14847830309967885,0.031256321209244146,0.002025606248899027,,,cuVSLAM,,
1981,1761211790727,25.837913155555725,-103.91943156719208,-7.562989369034767,0.14828341218432095,0.037395397151301434,-0.008630271542874898,,,cuVSLAM,,
1982,1761211790743,29.785990715026855,-104.48437929153442,-7.753249257802963,0.14826745006191544,0.04383757367994336,-0.01820075097791964,,,cuVSLAM,,
1983,1761211790760,33.641062676906586,-105.16609996557236,-8.922433480620384,0.1482367836331746,0.049824104168300645,-0.028547102862700638,,,cuVSLAM,,
1984,1761211790777,37.60442137718201,-105.79480230808258,-9.534528478980064,0.14819191607658214,0.05634413017123481,-0.040339577969265974,,,cuVSLAM,,
1985,1761211790793,41.474685072898865,-106.6821739077568,-10.308997705578804,0.14810646388644547,0.06290490648697024,-0.05480799887925838,,,cuVSLAM,,
1986,1761211790810,45.46922445297241,-107.87200927734375,-10.858003050088882,0.14790862925476414,0.06986535151340652,-0.07041534974840667,,,cuVSLAM,,
1987,1761211790827,49.244217574596405,-108.59206318855286,-11.774580925703049,0.14780809959261595,0.07624865566800115,-0.0826057142905376,,,cuVSLAM,,
1988,1761211790843,53.06500941514969,-109.4527617096901,-12.320416048169136,0.14770767163589568,0.08269646133209578,-0.09325920879048089,,,cuVSLAM,,
1989,1761211790860,56.88634514808655,-110.1236566901207,-13.202968053519726,0.1475760087601935,0.0888286952062014,-0.10352064768744203,,,cuVSLAM,,
1990,1761211790877,60.57918071746826,-110.82187294960022,-14.149586670100689,0.14724832160004386,0.09496212316547414,-0.11499597785486279,,,cuVSLAM,,
1991,1761211790893,64.38720971345901,-111.77203804254532,-14.635959640145302,0.1465347674577925,0.1015051835624229,-0.1287506022139792,,,cuVSLAM,,
1992,1761211790910,68.01454722881317,-112.28569597005844,-15.440071001648903,0.14571242843046406,0.10761771363070764,-0.14192330025388758,,,cuVSLAM,,
1993,1761211790927,71.40719145536423,-112.68682777881622,-16.17719978094101,0.14482183196361065,0.11343358131650175,-0.15193119813732356,,,cuVSLAM,,
1994,1761211790943,74.80394840240479,-113.11092972755432,-16.49058796465397,0.14387592106275066,0.11913200609256619,-0.1599560590562277,,,cuVSLAM,,
1995,1761211790960,77.98677682876587,-113.27243596315384,-16.968734562397003,0.14261832456281975,0.12458156200642267,-0.16747635595007584,,,cuVSLAM,,
1996,1761211790977,81.32103085517883,-113.14918845891953,-17.555508762598038,0.14114277190875774,0.1299350783902825,-0.17649480857247352,,,cuVSLAM,,
1997,1761211790993,84.32681858539581,-113.31906169652939,-18.36029440164566,0.13943492618642367,0.1350872903143253,-0.18706973967767423,,,cuVSLAM,,
1998,1761211791010,87.2262492775917,-113.25758695602417,-18.89493502676487,0.13741736102773688,0.1402000073609878,-0.19795273428730928,,,cuVSLAM,,
1999,1761211791027,90.00913798809052,-113.64905536174774,-19.025512039661407,0.13521986184439475,0.14517623853057476,-0.20727325219862297,,,cuVSLAM,,
2000,1761211791043,92.67163276672363,-112.92167007923126,-19.470486789941788,0.13301062337863773,0.14954428918809057,-0.21446225937645147,,,cuVSLAM,,
2001,1761211791060,95.3802540898323,-112.06424981355667,-20.0532004237175,0.13075252092289671,0.15361951252802286,-0.21966259476217534,,,cuVSLAM,,
2002,1761211791077,98.00785779953003,-111.24137789011002,-20.572487264871597,0.12844478846115429,0.15750483689510164,-0.2247277692615593,,,cuVSLAM,,
2003,1761211791093,100.49484670162201,-110.49160361289978,-20.89790441095829,0.12591829283996828,0.16144824994035598,-0.23077702853267618,,,cuVSLAM,,
2004,1761211791110,102.82909125089645,-109.81090366840363,-21.430987864732742,0.12317188193115972,0.16519430030165758,-0.23782402853577028,,,cuVSLAM,,
2005,1761211791127,105.2263006567955,-108.54928195476532,-21.826021373271942,0.12029835172729289,0.16882139182324507,-0.24422528134959545,,,cuVSLAM,,
2006,1761211791143,107.61343687772751,-107.4109897017479,-22.071313112974167,0.11745813958446426,0.1723555847123999,-0.24773066366661142,,,cuVSLAM,,
2007,1761211791160,110.14028638601303,-105.76540231704712,-22.451113909482956,0.11480775256254591,0.175757254714722,-0.24918395499463927,,,cuVSLAM,,
2008,1761211791177,112.61820793151855,-104.08518463373184,-23.078424856066704,0.11201811457058487,0.17898219643665142,-0.24956217812739834,,,cuVSLAM,,
2009,1761211791193,115.14455080032349,-102.31023281812668,-23.372093215584755,0.10902364011386384,0.18239962153853898,-0.25058302747436495,,,cuVSLAM,,
2010,1761211791210,117.59470403194427,-100.86357593536377,-23.87882024049759,0.10601106677834263,0.18572740451836547,-0.2514718640643813,,,cuVSLAM,,
2011,1761211791227,120.27895450592041,-98.94867986440659,-24.273712188005447,0.10289685866008277,0.1892378249780281,-0.25163659622811335,,,cuVSLAM,,
2012,1761211791243,122.9061633348465,-97.2290113568306,-24.616023525595665,0.09963202497844548,0.19284816111460673,-0.25131278094089815,,,cuVSLAM,,
2013,1761211791260,125.70233643054962,-94.95529532432556,-25.342248380184174,0.09635072148909146,0.1961887225172937,-0.2504951886059562,,,cuVSLAM,,
2014,1761211791277,128.47745418548584,-92.91639924049377,-25.554100051522255,0.09288769744712784,0.19982846487249106,-0.24918379566114046,,,cuVSLAM,,
2015,1761211791293,131.1689168214798,-90.74754267930984,-25.968294590711594,0.08947164565730527,0.20324059980047834,-0.2476525902742461,,,cuVSLAM,,
2016,1761211791310,133.79894196987152,-88.30827474594116,-26.414182037115097,0.08591146113684188,0.20646576849543788,-0.24583999826612427,,,cuVSLAM,,
2017,1761211791327,136.28998398780823,-86.01263910531998,-26.886943727731705,0.08226496047041446,0.2094426381650713,-0.2437562476670998,,,cuVSLAM,,
2018,1761211791343,138.64248991012573,-83.16459506750107,-27.627859264612198,0.07866625840083645,0.21202936846363724,-0.241280994955628,,,cuVSLAM,,
2019,1761211791360,140.90916514396667,-80.53191751241684,-26.435844600200653,0.07507127818170313,0.21567027028099844,-0.2369346566419396,,,cuVSLAM,,
2020,1761211791377,142.90925860404968,-77.61228829622269,-27.066677808761597,0.07144803904240735,0.21759988515258816,-0.2322093720339919,,,cuVSLAM,,
2021,1761211791393,144.74846422672272,-74.73085820674896,-27.21383608877659,0.06773159494156863,0.219524920322168,-0.22771270692265788,,,cuVSLAM,,
2022,1761211791410,146.21877670288086,-71.92222028970718,-27.274608612060547,0.06375269351266598,0.22107238768335383,-0.22394724300304575,,,cuVSLAM,,
2023,1761211791427,147.44552969932556,-68.70076805353165,-27.37913466989994,0.0596657786867465,0.22208867749979988,-0.22061142961406557,,,cuVSLAM,,
2024,1761211791443,148.39357137680054,-65.53255021572113,-27.358179911971092,0.05550260916746032,0.2227593456748951,-0.21663999789157123,,,cuVSLAM,,
2025,1761211791460,149.00261163711548,-62.13405728340149,-27.225052937865257,0.05142368655980634,0.22305850589537668,-0.21117637004399112,,,cuVSLAM,,
2026,1761211791477,149.36360716819763,-58.58529359102249,-27.270883321762085,0.04756193988240779,0.222707709858252,-0.20402573848570907,,,cuVSLAM,,
2027,1761211791493,149.36485886573792,-55.35025894641876,-26.677029207348824,0.04337201576150789,0.22221706956184092,-0.19854358057864624,,,cuVSLAM,,
2028,1761211791510,149.1554081439972,-51.945485174655914,-26.302559301257133,0.03887986312972097,0.22115518872963702,-0.19505854565547776,,,cuVSLAM,,
2029,1761211791527,148.59940111637115,-48.32344129681587,-25.970857590436935,0.034179940809082855,0.2198045440170936,-0.19226119052044455,,,cuVSLAM,,
2030,1761211791543,147.9528695344925,-44.798143208026886,-25.670671835541725,0.029400331691798693,0.21814397742114505,-0.18918297030423417,,,cuVSLAM,,
2031,1761211791560,147.26212620735168,-40.82873836159706,-25.088366121053696,0.024483531436291946,0.2165064029765318,-0.18561352225653127,,,cuVSLAM,,
2032,1761211791577,146.46399021148682,-36.84783726930618,-24.650081992149353,0.019433470967520565,0.2147193712797764,-0.18148709955799197,,,cuVSLAM,,
2033,1761211791593,145.62848210334778,-32.83573314547539,-24.511344730854034,0.014340018320846581,0.21271255533722863,-0.1773471230254545,,,cuVSLAM,,
2034,1761211791610,144.88725364208221,-28.588537126779556,-23.905590176582336,0.008869475126424308,0.21111005365242477,-0.17394315611112157,,,cuVSLAM,,
2035,1761211791627,144.18019354343414,-24.30814877152443,-23.672735318541527,0.0032682196011397766,0.2093825847594172,-0.17067151735309793,,,cuVSLAM,,
2036,1761211791643,143.59638094902039,-19.77057009935379,-23.573512211441994,-0.002465871554923757,0.20787319185707304,-0.16677466661743376,,,cuVSLAM,,
2037,1761211791660,143.15973222255707,-15.138089656829834,-23.458268493413925,-0.008364023542293842,0.20663641901121313,-0.16198566186088728,,,cuVSLAM,,
2038,1761211791677,142.85986125469208,-10.37442684173584,-23.328861221671104,-0.014480008357498093,0.20564246097549183,-0.15710255844946602,,,cuVSLAM,,
2039,1761211791693,142.77228713035583,-5.506046116352081,-23.215416818857193,-0.020897790722714745,0.20491334695431962,-0.15210733875600005,,,cuVSLAM,,
2040,1761211791710,142.7464783191681,-0.38517266511917114,-23.364413529634476,-0.027378083135287758,0.20427778766255564,-0.1473304544672401,,,cuVSLAM,,
2041,1761211791727,142.77207851409912,4.633724689483643,-23.499634116888046,-0.0339788154005061,0.20387300157907587,-0.1423910421345767,,,cuVSLAM,,
2042,1761211791743,142.9540365934372,9.796075522899628,-23.836690932512283,-0.04073593400095517,0.20360754670332457,-0.13743709575595392,,,cuVSLAM,,
2043,1761211791760,143.24282109737396,14.967761933803558,-23.881901055574417,-0.047663633207538934,0.20365171113652145,-0.13258327441384934,,,cuVSLAM,,
2044,1761211791777,143.5432732105255,20.50725370645523,-24.224504828453064,-0.05487526955119108,0.20366314135954414,-0.12856123346545964,,,cuVSLAM,,
2045,1761211791793,143.85950565338135,25.879934430122375,-24.40151572227478,-0.0621919783395245,0.20385067814875663,-0.1244518706236123,,,cuVSLAM,,
2046,1761211791810,144.28099989891052,31.271569430828094,-24.685638025403023,-0.0694254504295029,0.20414840267422799,-0.11992144980640951,,,cuVSLAM,,
2047,1761211791827,144.51256394386292,36.536239087581635,-24.923205375671387,-0.07660249585788932,0.20445347781170028,-0.11508117399626044,,,cuVSLAM,,
2048,1761211791843,145.02258598804474,42.02111065387726,-25.508148595690727,-0.08365677005819673,0.20464900221267368,-0.1102202289787939,,,cuVSLAM,,
2049,1761211791860,145.24278044700623,47.21986502408981,-25.888215750455856,-0.0906909197552757,0.20502862332814834,-0.10508400307269293,,,cuVSLAM,,
2050,1761211791877,145.57386934757233,52.51336842775345,-26.249729096889496,-0.09772296563343057,0.20551627078940993,-0.09998852723359422,,,cuVSLAM,,
2051,1761211791893,146.0448056459427,57.668350636959076,-26.7278254032135,-0.10460425342469355,0.2059961774004304,-0.09533165111026672,,,cuVSLAM,,
2052,1761211791910,146.25196158885956,62.75784224271774,-27.301263064146042,-0.11148928488819686,0.20637583772668905,-0.09091721070241023,,,cuVSLAM,,
2053,1761211791927,146.52958512306213,67.56792217493057,-27.605362236499786,-0.11804980876057476,0.2069136188680845,-0.08614299181499575,,,cuVSLAM,,
2054,1761211791943,146.7738151550293,72.59506732225418,-28.093453496694565,-0.12458389454320215,0.20723676635627036,-0.08186973782068983,,,cuVSLAM,,
2055,1761211791960,146.81875705718994,77.38647609949112,-28.831273317337036,-0.13103504100072916,0.20730836461379293,-0.07797177167214078,,,cuVSLAM,,
2056,1761211791977,146.72619104385376,81.78625255823135,-29.1600301861763,-0.13725374545362254,0.20748910563152087,-0.07443206273362567,,,cuVSLAM,,
2057,1761211791993,146.68282866477966,86.1201360821724,-29.40424531698227,-0.14331464032850388,0.20756473028708283,-0.07110689578142593,,,cuVSLAM,,
2058,1761211792010,146.33528888225555,90.54886549711227,-30.60987964272499,-0.14913351809961883,0.20691428593821293,-0.06749677563290882,,,cuVSLAM,,
2059,1761211792027,146.0205614566803,94.71156448125839,-31.091902405023575,-0.15447230135863893,0.2066012115198576,-0.06341525084896601,,,cuVSLAM,,
2060,1761211792043,145.4465687274933,98.57306629419327,-31.42482414841652,-0.15957358110324368,0.20610157201912396,-0.05959540907959293,,,cuVSLAM,,
2061,1761211792060,144.8218673467636,102.0965650677681,-31.48426115512848,-0.1646059840548474,0.20560897435973485,-0.056302268335883525,,,cuVSLAM,,
2062,1761211792093,143.23006570339203,108.58740657567978,-32.04197436571121,-0.17363305835658113,0.20369403209788242,-0.05089450115737528,,,cuVSLAM,,
2063,1761211792110,142.47483015060425,111.79838329553604,-32.254770398139954,-0.17781030318140872,0.20273465075944497,-0.04841085866671649,,,cuVSLAM,,
2064,1761211792127,141.3319706916809,114.53705281019211,-32.40304812788963,-0.18163176831089703,0.20160836758048545,-0.045270651677436595,,,cuVSLAM,,
2065,1761211792143,140.49038290977478,117.30440706014633,-32.342709600925446,-0.18505726968722702,0.2006586076884326,-0.0417918285930938,,,cuVSLAM,,
2066,1761211792160,139.49476182460785,119.81738358736038,-32.90535882115364,-0.1882233533131874,0.19930282499100763,-0.03818188182033523,,,cuVSLAM,,
2067,1761211792177,138.62526416778564,122.28705734014511,-32.75051712989807,-0.19132244821934777,0.19845437688090206,-0.03496744030977005,,,cuVSLAM,,
2068,1761211792193,137.61615753173828,124.54641610383987,-32.950349152088165,-0.19430622651326734,0.1974013762099636,-0.032016633579107105,,,cuVSLAM,,
2069,1761211792210,136.59167289733887,126.61948800086975,-33.25837105512619,-0.19704902542857924,0.19630471888028125,-0.029161844810276834,,,cuVSLAM,,
2070,1761211792227,135.72224974632263,128.75548005104065,-33.761873841285706,-0.19964974824457152,0.1951811641009466,-0.02605869850261746,,,cuVSLAM,,
2071,1761211792243,135.06309688091278,131.25020265579224,-34.01077166199684,-0.2021442264314592,0.19446670761080967,-0.02248105712689102,,,cuVSLAM,,
2072,1761211792260,134.1574192047119,133.30063223838806,-34.292735159397125,-0.20442279457188225,0.19363039865589476,-0.018178295299601653,,,cuVSLAM,,
2073,1761211792277,133.38616490364075,135.46401262283325,-34.63362157344818,-0.20665847247063973,0.19297558133279774,-0.013437634190413578,,,cuVSLAM,,
2074,1761211792293,132.7163279056549,137.4320387840271,-34.60395336151123,-0.20886446331674838,0.19269678940964163,-0.007938885988120984,,,cuVSLAM,,
2075,1761211792310,131.94265961647034,139.38498497009277,-34.84422340989113,-0.2110232364533441,0.19226878591536964,-0.0028326166886271913,,,cuVSLAM,,
2076,1761211792326,131.29428029060364,141.41693711280823,-35.21271422505379,-0.2132555674708613,0.19190067866454172,0.0021383902851673945,,,cuVSLAM,,
2077,1761211792343,130.77999651432037,143.5893177986145,-35.70272773504257,-0.2155663195622504,0.19167960252627803,0.007307209425783718,,,cuVSLAM,,
2078,1761211792360,130.3633749485016,145.5625295639038,-36.01822257041931,-0.21786141078014482,0.19166086556512577,0.012256877517069005,,,cuVSLAM,,
2079,1761211792377,129.93168830871582,147.55037426948547,-36.38702258467674,-0.22003949234466416,0.19182672553288657,0.01786716988696909,,,cuVSLAM,,
2080,1761211792393,129.6863704919815,149.6051549911499,-36.58616915345192,-0.2220938732573106,0.19234635205169037,0.02456084935963829,,,cuVSLAM,,
2081,1761211792410,129.51946258544922,151.74809098243713,-36.79811581969261,-0.22422688029310206,0.19315786736565205,0.03149212886766783,,,cuVSLAM,,
2082,1761211792426,129.50077652931213,153.85261178016663,-37.162020802497864,-0.22617881400812884,0.19399092718542274,0.038006511077522544,,,cuVSLAM,,
2083,1761211792443,129.45514917373657,155.65821528434753,-38.156066089868546,-0.22816882332757682,0.19449740374557653,0.044046926367671546,,,cuVSLAM,,
2084,1761211792460,129.56498563289642,157.3607623577118,-38.42552751302719,-0.22976014820556515,0.1956452563261997,0.05016370017651431,,,cuVSLAM,,
2085,1761211792476,129.5955628156662,158.845454454422,-38.95215690135956,-0.2312049566987511,0.19654155237908652,0.055295376806271966,,,cuVSLAM,,
2086,1761211792493,129.98877465724945,160.08266806602478,-39.294980466365814,-0.23238275164249406,0.19763153081064297,0.05925856454428014,,,cuVSLAM,,
2087,1761211792510,130.4168552160263,160.9572470188141,-39.8893877863884,-0.23310181303852548,0.1986863193802428,0.06346409284652137,,,cuVSLAM,,
2088,1761211792526,130.91963529586792,161.59117221832275,-39.845436811447144,-0.2331452269152482,0.20027606949520602,0.06818133503364142,,,cuVSLAM,,
2089,1761211792543,131.4830183982849,161.9541049003601,-40.649618953466415,-0.2326828743569628,0.2015285926101898,0.07376393672219302,,,cuVSLAM,,
2090,1761211792560,132.15762376785278,162.01943159103394,-41.025951504707336,-0.23159621379550813,0.20339639497046638,0.08041123626812112,,,cuVSLAM,,
2091,1761211792576,133.27357172966003,161.4990234375,-40.9604087471962,-0.22988266052102138,0.2057234015190052,0.08667459664496761,,,cuVSLAM,,
2092,1761211792593,134.45815443992615,160.39884090423584,-40.701724588871,-0.22767351369116484,0.20821490286834798,0.09079562366469479,,,cuVSLAM,,
2093,1761211792610,136.12914085388184,158.79109501838684,-40.81853851675987,-0.22522584604720722,0.21048772495041157,0.09177013765364411,,,cuVSLAM,,
2094,1761211792627,138.04225623607635,156.8739414215088,-40.669891983270645,-0.22247461488844705,0.21322354921035067,0.09115818919452348,,,cuVSLAM,,
2095,1761211792644,140.2544528245926,154.6417474746704,-40.99074751138687,-0.21918575673598806,0.21612018446610495,0.0904505727238271,,,cuVSLAM,,
2096,1761211792660,142.94938743114471,152.10703015327454,-41.29255563020706,-0.21521388103640288,0.21973370722584828,0.09080937474390442,,,cuVSLAM,,
2097,1761211792676,145.8379477262497,149.2805778980255,-41.686952114105225,-0.21040044004713263,0.22392863676522048,0.09266920303835063,,,cuVSLAM,,
2098,1761211792693,149.21598136425018,146.0915505886078,-41.47448390722275,-0.20516430509137698,0.22905988586603188,0.09549754591994468,,,cuVSLAM,,
2099,1761211792710,152.86675095558167,142.78456568717957,-41.67603701353073,-0.1996444850471449,0.234181329886325,0.097196450596354,,,cuVSLAM,,
2100,1761211792726,156.49662911891937,138.91616463661194,-42.13029146194458,-0.1938259387729299,0.2393973586137621,0.09772898883323652,,,cuVSLAM,,
2101,1761211792743,160.63866019248962,134.90259647369385,-42.353563010692596,-0.18782189127920146,0.24536186693366502,0.09789252947375031,,,cuVSLAM,,
2102,1761211792760,165.18519818782806,130.95828890800476,-43.05541515350342,-0.18161554247819253,0.25158607156458,0.09816278278845762,,,cuVSLAM,,
2103,1761211792776,169.87532377243042,126.99013948440552,-43.78630220890045,-0.17514443789725434,0.2581940606370175,0.09910991595150204,,,cuVSLAM,,
2104,1761211792793,175.57841539382935,124.09739941358566,-45.27942091226578,-0.16851219429206515,0.2651185205918136,0.10093647694238048,,,cuVSLAM,,
2105,1761211792810,180.4993748664856,120.28168141841888,-45.89870199561119,-0.16170801818462302,0.27235641856818354,0.10318792675976583,,,cuVSLAM,,
2106,1761211792827,185.32057106494904,116.04360491037369,-46.88437655568123,-0.15509678470618024,0.27931140028038426,0.10425272786845585,,,cuVSLAM,,
2107,1761211792843,190.08970260620117,111.69170588254929,-48.07277396321297,-0.14883258667955115,0.2860528315042078,0.10373503979817307,,,cuVSLAM,,
2108,1761211792860,195.03211975097656,107.66154527664185,-49.14217069745064,-0.14289252015997989,0.293024086974404,0.10282401218071506,,,cuVSLAM,,
2109,1761211792876,199.78255033493042,103.86697947978973,-50.38546770811081,-0.13709966740791937,0.2997534326455592,0.10274899447753179,,,cuVSLAM,,
2110,1761211792893,204.36111092567444,100.30801594257355,-51.30159482359886,-0.13134602555966005,0.30645920623234624,0.10359556647633311,,,cuVSLAM,,
2111,1761211792910,208.68702232837677,96.99779748916626,-52.43144556879997,-0.12585623051359063,0.31268615487433626,0.1046418581636926,,,cuVSLAM,,
2112,1761211792927,212.70018815994263,93.77042949199677,-53.38620766997337,-0.12079655564607077,0.318600746746436,0.10505876321736328,,,cuVSLAM,,
2113,1761211792943,216.50314331054688,90.60913324356079,-54.39552664756775,-0.11613457920068514,0.32416858350825445,0.10470095085435419,,,cuVSLAM,,
2114,1761211792960,220.15899419784546,87.64955401420593,-55.52225187420845,-0.11182304037497676,0.3293839927219648,0.1039353281949886,,,cuVSLAM,,
2115,1761211792976,223.72287511825562,85.04551649093628,-56.51077628135681,-0.10777084466305636,0.33446508170603895,0.10368768338477777,,,cuVSLAM,,
2116,1761211792993,227.1217405796051,82.78748393058777,-57.43132904171944,-0.10392430562694044,0.3395387984043653,0.10438066370842178,,,cuVSLAM,,
2117,1761211793010,230.3783744573593,80.56585490703583,-58.598343282938,-0.10020440944900384,0.3444159470947041,0.1060393823211616,,,cuVSLAM,,
2118,1761211793026,233.63067209720612,78.48488539457321,-59.71066653728485,-0.09677380076429935,0.34931022368262943,0.10759516004047573,,,cuVSLAM,,
2119,1761211793043,236.87657713890076,76.73481851816177,-60.93042716383934,-0.09377254564236621,0.35412758114963,0.10820579867620587,,,cuVSLAM,,
2120,1761211793060,240.18605053424835,75.17844438552856,-61.993557959795,-0.0911546002778704,0.35924811150175606,0.10876018232334607,,,cuVSLAM,,
2121,1761211793076,243.5159683227539,73.78745824098587,-63.25596570968628,-0.08878488628616812,0.36424891559077266,0.109397944539982,,,cuVSLAM,,
2122,1761211793093,246.82292342185974,72.50906527042389,-64.69029188156128,-0.08643131438935323,0.369286615503859,0.11046492110643998,,,cuVSLAM,,
2123,1761211793110,250.20167231559753,71.36649638414383,-66.01975113153458,-0.08427949535317003,0.37459374050877514,0.11197816557129898,,,cuVSLAM,,
2124,1761211793127,253.7056803703308,70.5321729183197,-67.5308108329773,-0.0824024206566637,0.3799469835680306,0.11337499862245372,,,cuVSLAM,,
2125,1761211793143,257.1263313293457,69.58164274692535,-69.0779983997345,-0.08069915963216809,0.38540700689024393,0.11467204174897826,,,cuVSLAM,,
2126,1761211793160,260.66145300865173,69.02671605348587,-70.70477306842804,-0.07920572786970405,0.3909803728064548,0.11559434379222128,,,cuVSLAM,,
2127,1761211793176,264.2485201358795,68.32568347454071,-72.44087755680084,-0.07798892240797954,0.39651016494669566,0.1163044517417599,,,cuVSLAM,,
2128,1761211793193,267.8728699684143,67.65330582857132,-73.90221953392029,-0.07681083648269764,0.40234029546206723,0.11711242956865317,,,cuVSLAM,,
2129,1761211793210,271.503746509552,67.2152042388916,-75.89191198348999,-0.07568439886322216,0.40794123579857144,0.11791654784408985,,,cuVSLAM,,
2130,1761211793227,275.1205265522003,66.93870574235916,-77.66114920377731,-0.07464967405600963,0.4137725205954154,0.11869940665870442,,,cuVSLAM,,
2131,1761211793243,278.66607904434204,66.55260920524597,-79.56726104021072,-0.07386052066690414,0.4194100181459566,0.11916946915128554,,,cuVSLAM,,
2132,1761211793260,282.2013795375824,66.15705788135529,-81.24971389770508,-0.07318116884010122,0.4250573408716304,0.11924902349276874,,,cuVSLAM,,
2133,1761211793276,285.5674624443054,65.8431351184845,-82.89523422718048,-0.07272410889685128,0.4305036309603969,0.1189413146594503,,,cuVSLAM,,
2134,1761211793293,288.8995110988617,65.50995260477066,-84.45156365633011,-0.07227833585904407,0.43580811818861476,0.11867984350912042,,,cuVSLAM,,
2135,1761211793310,291.97004437446594,65.33116102218628,-86.3412693142891,-0.07173498579686943,0.4406482907396006,0.11869026613625583,,,cuVSLAM,,
2136,1761211793326,295.0367331504822,65.23224711418152,-87.7215713262558,-0.07114774289298643,0.4456753644265015,0.11891551102984844,,,cuVSLAM,,
2137,1761211793343,297.78170585632324,64.91219997406006,-89.49357271194458,-0.07056632808192027,0.44996900477031254,0.11917921465351254,,,cuVSLAM,,
2138,1761211793360,300.3869652748108,64.8198202252388,-90.75353294610977,-0.07002248795798985,0.4543009502048981,0.11918634835564079,,,cuVSLAM,,
2139,1761211793376,302.75797843933105,64.46017324924469,-92.1614021062851,-0.06955470746342186,0.45807937559570433,0.11906910510220295,,,cuVSLAM,,
2140,1761211793393,304.9507737159729,64.25517797470093,-93.79301220178604,-0.0690926231099032,0.4613059199467239,0.11850612136467459,,,cuVSLAM,,
2141,1761211793410,306.93984031677246,63.76417726278305,-94.91278231143951,-0.06859589518642262,0.46457814383159973,0.11811689262945291,,,cuVSLAM,,
2142,1761211793426,308.81381034851074,63.357435166835785,-95.87397426366806,-0.0681445558770286,0.4675692188497174,0.11747179469866229,,,cuVSLAM,,
2143,1761211793443,310.51039695739746,62.635160982608795,-96.68225049972534,-0.06760161048635122,0.47029476430415756,0.11636899348970793,,,cuVSLAM,,
2144,1761211793460,312.0986819267273,61.94020435214043,-97.41885960102081,-0.06709273027106218,0.47276580310798627,0.11460577533734542,,,cuVSLAM,,
2145,1761211793476,313.56194615364075,61.171092092990875,-98.13368320465088,-0.066532231418055,0.47496476973241347,0.112673767864434,,,cuVSLAM,,
2146,1761211793493,314.8791790008545,60.37504971027374,-98.84609282016754,-0.06573035261066658,0.4769481882459476,0.11071813485949664,,,cuVSLAM,,
2147,1761211793510,316.05327129364014,59.44373458623886,-99.62315857410431,-0.06473729206545273,0.4786789035803317,0.10912737662279949,,,cuVSLAM,,
2148,1761211793526,317.2927498817444,58.46499651670456,-99.90677237510681,-0.06361390730156194,0.480616899308752,0.10755969566063667,,,cuVSLAM,,
2149,1761211793543,318.2089924812317,57.397112250328064,-100.50125420093536,-0.062446863228142614,0.4819990693045229,0.1059023563501566,,,cuVSLAM,,
2150,1761211793560,319.038450717926,55.97904324531555,-100.59545189142227,-0.061218271439524935,0.48331612587021133,0.10379921118725788,,,cuVSLAM,,
2151,1761211793576,319.5992708206177,54.55402284860611,-100.67472606897354,-0.06000672249883855,0.48407501148777043,0.10087891798648123,,,cuVSLAM,,
2152,1761211793593,319.9065923690796,52.98532545566559,-100.58115422725677,-0.05869659671660772,0.4843608727439757,0.09767059270816977,,,cuVSLAM,,
2153,1761211793610,319.93773579597473,51.42580717802048,-100.52186250686646,-0.057152045543144174,0.4840645531967805,0.09457081307332457,,,cuVSLAM,,
2154,1761211793626,319.6372389793396,49.63803291320801,-100.39076209068298,-0.055313398620984916,0.48327409426126355,0.09154060884179395,,,cuVSLAM,,
2155,1761211793643,319.17473673820496,47.58878797292709,-100.10719299316406,-0.053112030772416184,0.48214055391667043,0.0886873201511399,,,cuVSLAM,,
2156,1761211793660,318.5212016105652,45.399315655231476,-99.37936067581177,-0.05053074780856627,0.4808091136676255,0.08616947050117706,,,cuVSLAM,,
2157,1761211793676,317.49579310417175,42.952775955200195,-98.65173697471619,-0.04764490515314101,0.4788997877257617,0.08358080889902103,,,cuVSLAM,,
2158,1761211793693,316.383957862854,40.33149778842926,-97.66635298728943,-0.04437444490863159,0.47676984700313324,0.08126430099025903,,,cuVSLAM,,
2159,1761211793710,315.06168842315674,37.481650710105896,-96.57694399356842,-0.040530620189847336,0.47431914405840486,0.07949250134534698,,,cuVSLAM,,
2160,1761211793726,313.5765790939331,34.32917594909668,-95.34962475299835,-0.03631798764310067,0.4715639187131802,0.07777926945909978,,,cuVSLAM,,
2161,1761211793743,311.89608573913574,31.001627445220947,-94.29483115673065,-0.03161244238235823,0.46842483306318244,0.0762575111858423,,,cuVSLAM,,
2162,1761211793760,310.1404011249542,27.440257370471954,-93.12871098518372,-0.02649705731459834,0.4652777723802068,0.07507488099427626,,,cuVSLAM,,
2163,1761211793776,308.355450630188,23.651503026485443,-91.99659526348114,-0.020947105071135962,0.46203979162100484,0.07411454277803775,,,cuVSLAM,,
2164,1761211793793,306.68896436691284,19.68037337064743,-91.10923111438751,-0.015054785262550954,0.45870375381379896,0.07353320578169151,,,cuVSLAM,,
2165,1761211793810,304.9447536468506,15.427276492118835,-89.97300267219543,-0.008804154063372127,0.4556942502121273,0.07338349739389508,,,cuVSLAM,,
2166,1761211793826,303.4926652908325,11.153221130371094,-88.91651034355164,-0.0021889175635394554,0.45291710917210926,0.07328198329330442,,,cuVSLAM,,
2167,1761211793844,301.99557542800903,6.621524691581726,-88.23694288730621,0.004639177634304774,0.4501234667724683,0.07333040320218302,,,cuVSLAM,,
2168,1761211793860,300.7017970085144,2.0384639501571655,-87.4539390206337,0.011706551844607182,0.4477871115026334,0.07316720619390693,,,cuVSLAM,,
2169,1761211793876,299.5649576187134,-2.8949156403541565,-86.67561411857605,0.018801460737882764,0.4457785372751925,0.07257699806732257,,,cuVSLAM,,
2170,1761211793893,298.5447645187378,-7.827930152416229,-86.04902029037476,0.02612127597770663,0.4440260152216374,0.07214682604677662,,,cuVSLAM,,
2171,1761211793910,297.685444355011,-12.601889669895172,-86.05606853961945,0.0336465207522897,0.44221942235081146,0.07188228542052238,,,cuVSLAM,,
2172,1761211793927,296.9912886619568,-17.736144363880157,-86.01341396570206,0.04147688343579416,0.4407739850890398,0.07222831795940438,,,cuVSLAM,,
2173,1761211793943,296.42578959465027,-22.88839966058731,-85.7962816953659,0.049434893261023176,0.439633971226303,0.07288019180928038,,,cuVSLAM,,
2174,1761211793960,295.8742082118988,-28.172515332698822,-85.71300655603409,0.05757579140582377,0.43856331430618894,0.07350028169838596,,,cuVSLAM,,
2175,1761211793976,295.53234577178955,-33.243365585803986,-85.86464822292328,0.06576758648055513,0.43757321915750624,0.07412358976609035,,,cuVSLAM,,
2176,1761211793993,295.08763551712036,-38.694195449352264,-85.76600253582001,0.0740137778289785,0.43691360043986893,0.07465717649371005,,,cuVSLAM,,
2177,1761211794010,294.7467565536499,-43.96600276231766,-85.89518815279007,0.08228461748399087,0.4361394558935716,0.07488737651635703,,,cuVSLAM,,
2178,1761211794027,294.3052053451538,-49.32384938001633,-86.17871254682541,0.0905825794462194,0.4351536502144154,0.07565905523589873,,,cuVSLAM,,
2179,1761211794043,293.87935996055603,-54.56214398145676,-86.47004514932632,0.09890872629077992,0.4340354766507874,0.07641367728968819,,,cuVSLAM,,
2180,1761211794060,293.2834327220917,-59.88685041666031,-86.55274659395218,0.10717294883711265,0.43293726263203497,0.07735286640224125,,,cuVSLAM,,
2181,1761211794076,292.52129793167114,-65.15740603208542,-86.74681931734085,0.11544092257561832,0.43167456585028885,0.0781637675192286,,,cuVSLAM,,
2182,1761211794093,291.779100894928,-70.31307369470596,-86.9041234254837,0.1234223750391868,0.43043793820536047,0.07821418386413673,,,cuVSLAM,,
2183,1761211794110,291.0858392715454,-75.594462454319,-87.22289651632309,0.1312041247232082,0.4290549680438814,0.07761970688201865,,,cuVSLAM,,
2184,1761211794126,290.1044487953186,-80.93608170747757,-87.69486844539642,0.13900530244459233,0.4274841011310642,0.07728975940612938,,,cuVSLAM,,
2185,1761211794143,289.3946170806885,-86.00326627492905,-87.78633177280426,0.14675415251330048,0.42622013433333095,0.07730542749231135,,,cuVSLAM,,
2186,1761211794160,288.65623474121094,-90.85435420274734,-87.97435462474823,0.1545050163116202,0.42481086064392654,0.07767155722965435,,,cuVSLAM,,
2187,1761211794176,287.6918315887451,-95.8937332034111,-88.24099600315094,0.16223520710586528,0.4232287070849302,0.07827405337272589,,,cuVSLAM,,
2188,1761211794193,286.89539432525635,-100.607268512249,-88.63597363233566,0.1698351202376869,0.4214646541638308,0.07867270729132107,,,cuVSLAM,,
2189,1761211794210,285.7324481010437,-105.75146228075027,-89.05506134033203,0.17727676820715937,0.4196517572003295,0.07925361566392165,,,cuVSLAM,,
2190,1761211794227,284.8316729068756,-110.32954603433609,-89.43122625350952,0.18453472456950057,0.41791240177459915,0.07918517587610564,,,cuVSLAM,,
2191,1761211794243,283.8432788848877,-115.00474065542221,-89.76468443870544,0.19177522430499455,0.416249570722886,0.07910078073174916,,,cuVSLAM,,
2192,1761211794260,282.72637724876404,-119.77089196443558,-89.91314470767975,0.19889482181418025,0.4147235609709742,0.07925616757212656,,,cuVSLAM,,
2193,1761211794276,281.79699182510376,-124.36964362859726,-90.1932418346405,0.20595886244027023,0.4130490771016487,0.07973732669451766,,,cuVSLAM,,
2194,1761211794293,280.6224822998047,-128.97789478302002,-90.70678055286407,0.21314765208279923,0.41104324046428414,0.08068779799715525,,,cuVSLAM,,
2195,1761211794310,279.5533239841461,-133.40160250663757,-91.06386452913284,0.22020358861828662,0.4091657130610249,0.08161575157055763,,,cuVSLAM,,
2196,1761211794326,278.62095832824707,-137.88405060768127,-91.10984206199646,0.22705361419906867,0.40760137110252614,0.08231618302531199,,,cuVSLAM,,
2197,1761211794343,277.6690125465393,-142.25280284881592,-91.35766327381134,0.2339312252164585,0.405986856890154,0.08261278396583396,,,cuVSLAM,,
2198,1761211794360,276.49399638175964,-146.8205749988556,-91.73600375652313,0.24092487300870807,0.404264679834234,0.08306345375450397,,,cuVSLAM,,
2199,1761211794376,275.47988295555115,-151.25977993011475,-92.27459132671356,0.2478743305887108,0.4025005389937326,0.08378135600541758,,,cuVSLAM,,
2200,1761211794393,274.3982672691345,-155.7188630104065,-92.97199547290802,0.25483643211259666,0.40057064548242216,0.08455697487986283,,,cuVSLAM,,
2201,1761211794410,273.2274532318115,-160.48383712768555,-93.57145428657532,0.2618135347508837,0.3987986391539624,0.08487019987981266,,,cuVSLAM,,
2202,1761211794426,271.930992603302,-165.35905003547668,-94.60645914077759,0.26879586826277774,0.39671653094820925,0.08453143500749562,,,cuVSLAM,,
2203,1761211794443,270.65879106521606,-169.88718509674072,-95.2204167842865,0.27543335748540276,0.3949252946480396,0.08383833979797896,,,cuVSLAM,,
2204,1761211794460,269.6029543876648,-174.3355691432953,-96.02244198322296,0.28221909941769985,0.39297835058719655,0.08340144096695908,,,cuVSLAM,,
2205,1761211794476,268.3367133140564,-178.7794828414917,-96.82207554578781,0.28903394002925437,0.3909594893587991,0.08321393488411204,,,cuVSLAM,,
2206,1761211794493,267.11705327033997,-183.28729271888733,-97.19616919755936,0.295707510711646,0.38927518441485287,0.08315676411622314,,,cuVSLAM,,
2207,1761211794510,265.8407688140869,-187.66677379608154,-98.08705002069473,0.30252822193161427,0.3870335693724328,0.08321851959536081,,,cuVSLAM,,
2208,1761211794526,264.43445682525635,-192.0807957649231,-98.89843314886093,0.30924641924073115,0.3847774769875446,0.08330260640011368,,,cuVSLAM,,
2209,1761211794543,263.1116509437561,-196.37972116470337,-99.59545731544495,0.315938624356177,0.3825833681329868,0.08299579851848198,,,cuVSLAM,,
2210,1761211794560,261.87634468078613,-201.77897810935974,-99.563829600811,0.3223849951036025,0.3810356372213088,0.08271736091550515,,,cuVSLAM,,
2211,1761211794576,260.25494933128357,-206.53533935546875,-99.9339371919632,0.32875719081291715,0.37899686912067154,0.08153964058629422,,,cuVSLAM,,
2212,1761211794593,258.5954964160919,-210.99978685379028,-100.58556497097015,0.33504843916905547,0.37643448890140335,0.08047019935101751,,,cuVSLAM,,
2213,1761211794610,256.73210620880127,-215.205579996109,-101.13808512687683,0.3412508181971331,0.3735900752866137,0.07936888145234008,,,cuVSLAM,,
2214,1761211794626,254.63789701461792,-219.2920446395874,-101.56716406345367,0.34730141763893596,0.370441155780663,0.07880476772379301,,,cuVSLAM,,
2215,1761211794643,252.42871046066284,-223.28108549118042,-102.48473286628723,0.3534927400924562,0.36653482115354297,0.0788990184321635,,,cuVSLAM,,
2216,1761211794660,250.0894069671631,-227.21105813980103,-102.34099626541138,0.3593573968666495,0.3631132063173177,0.07876429128850158,,,cuVSLAM,,
2217,1761211794676,247.46988713741302,-231.1168909072876,-102.64746844768524,0.3650521200619768,0.3592139153612616,0.07820684352021119,,,cuVSLAM,,
2218,1761211794693,244.85450983047485,-235.0468933582306,-102.72789001464844,0.3705030251656996,0.35526814610110335,0.07766254746573524,,,cuVSLAM,,
2219,1761211794710,242.036372423172,-238.79188299179077,-103.31655293703079,0.37601859179377944,0.3508470667560097,0.07679679411899198,,,cuVSLAM,,
2220,1761211794726,239.2636239528656,-242.45339632034302,-103.61643880605698,0.3812880996997072,0.34658781230644614,0.07587737345589038,,,cuVSLAM,,
2221,1761211794743,236.49582266807556,-246.0341453552246,-103.48798334598541,0.3863873568711574,0.3426024096116381,0.07476799958429681,,,cuVSLAM,,
2222,1761211794760,233.58575999736786,-249.90308284759521,-103.66140305995941,0.39147075138261406,0.3384377312537467,0.0734401206390582,,,cuVSLAM,,
2223,1761211794776,230.57134449481964,-253.13037633895874,-103.91828417778015,0.3963859245489924,0.3341138929625395,0.07179100201840423,,,cuVSLAM,,
2224,1761211794793,229.67469692230225,-252.47341394424438,-102.68526524305344,0.39991649650524164,0.33083995329400584,0.06788984357602766,,,cuVSLAM,,
2225,1761211794810,226.69236361980438,-255.75649738311768,-102.62315720319748,0.4046853055159235,0.32646316164375877,0.06671800789173955,,,cuVSLAM,,
2226,1761211794826,223.58447313308716,-259.27120447158813,-102.75311022996902,0.40925971611594736,0.3220294147611508,0.0650481640821715,,,cuVSLAM,,
2227,1761211794843,220.4364687204361,-262.80274987220764,-102.68513858318329,0.41365037479205974,0.3176990011484404,0.06290617817773199,,,cuVSLAM,,
2228,1761211794860,217.19950437545776,-265.842080116272,-102.7950569987297,0.417829779282833,0.3131201461649186,0.06035584366051679,,,cuVSLAM,,
2229,1761211794876,213.92686665058136,-268.91595125198364,-102.60378569364548,0.42187394752216223,0.30857150977689807,0.058289179885879526,,,cuVSLAM,,
2230,1761211794893,210.57817339897156,-271.6718912124634,-102.58179903030396,0.4257431030492143,0.3035530355179425,0.05691703471680883,,,cuVSLAM,,
2231,1761211794910,207.11901783943176,-274.6061980724335,-102.01087594032288,0.4294138056517463,0.298677051786147,0.056488422522803394,,,cuVSLAM,,
2232,1761211794943,199.92701709270477,-279.3964147567749,-101.39128565788269,0.4358008439757588,0.2881336542229761,0.05419270502288632,,,cuVSLAM,,
2233,1761211794960,196.2021142244339,-281.5435826778412,-100.95030814409256,0.4383551990855562,0.2828032874532852,0.05221884464742486,,,cuVSLAM,,
2234,1761211794976,192.34272837638855,-283.4777235984802,-100.56911408901215,0.4404648741539477,0.27729135703195207,0.049966440659871776,,,cuVSLAM,,
2235,1761211794993,188.44929337501526,-284.9389910697937,-99.91142153739929,0.4422699676861028,0.27158081945216395,0.04802822331157576,,,cuVSLAM,,
2236,1761211795010,184.35105681419373,-286.33570671081543,-99.27280247211456,0.4437437997842583,0.26553039224663727,0.0466398345997495,,,cuVSLAM,,
2237,1761211795026,180.24277687072754,-287.4186038970947,-98.32426905632019,0.4447970542055409,0.2594873324797856,0.04507941879242209,,,cuVSLAM,,
2238,1761211795043,176.05900764465332,-288.1680130958557,-97.21297770738602,0.44535239469090404,0.25351487280812973,0.04306976180357219,,,cuVSLAM,,
2239,1761211795060,171.77359759807587,-288.9886200428009,-96.08994424343109,0.4455355009817026,0.24752220458208943,0.040858248518461204,,,cuVSLAM,,
2240,1761211795076,167.45610535144806,-289.38454389572144,-94.68002617359161,0.4453485031188219,0.24149549563551292,0.03837954482466164,,,cuVSLAM,,
2241,1761211795093,162.9837453365326,-289.39011693000793,-93.57119351625443,0.4448121327330565,0.23496290220573346,0.03608279936479979,,,cuVSLAM,,
2242,1761211795110,158.5421860218048,-289.3737852573395,-91.88399463891983,0.4439246376868275,0.2285499825163768,0.0345378935152195,,,cuVSLAM,,
2243,1761211795126,153.9076268672943,-289.00229930877686,-90.32604098320007,0.4427535080955052,0.2217215019933076,0.033537843294942776,,,cuVSLAM,,
2244,1761211795143,149.28513765335083,-288.55961561203003,-88.5886549949646,0.4412587641050493,0.21495940185304493,0.032691420803423264,,,cuVSLAM,,
2245,1761211795160,144.6922868490219,-287.69412636756897,-87.04773336648941,0.43943061619408136,0.20801698185676218,0.03153097611232926,,,cuVSLAM,,
2246,1761211795176,139.9395763874054,-286.9760990142822,-85.30187606811523,0.43739227410915216,0.2012190167517455,0.03011295076033177,,,cuVSLAM,,
2247,1761211795193,135.2817714214325,-285.8469486236572,-83.60889554023743,0.4349142034984127,0.1944708897723045,0.02838853658380839,,,cuVSLAM,,
2248,1761211795210,130.7772696018219,-284.4301462173462,-81.57527446746826,0.43221428266527895,0.18783406416404508,0.027313021167951135,,,cuVSLAM,,
2249,1761211795226,126.44815444946289,-283.00008177757263,-79.54186946153641,0.42924336611664093,0.1813515129794371,0.02689937785884317,,,cuVSLAM,,
2250,1761211795243,122.31277674436569,-281.005322933197,-77.6941105723381,0.42597007477465676,0.17508931492910218,0.02641905603095373,,,cuVSLAM,,
2251,1761211795260,118.41387301683426,-278.9049744606018,-76.03812962770462,0.42249841781095576,0.16917157581365933,0.026222325134321448,,,cuVSLAM,,
2252,1761211795276,115.03105610609055,-276.9473195075989,-73.96527379751205,0.41869851442692757,0.16441018807265054,0.025379018592670492,,,cuVSLAM,,
2253,1761211795293,111.91681772470474,-274.34042096138,-72.41003215312958,0.41450952179630957,0.16010727172991288,0.02291414912058293,,,cuVSLAM,,
2254,1761211795310,109.39711332321167,-271.7912197113037,-70.55764645338058,0.4099558165882183,0.15684518430204572,0.02051181422293073,,,cuVSLAM,,
2255,1761211795326,107.23546892404556,-268.62695813179016,-69.11810487508774,0.4052240592719412,0.15383063662083593,0.018972500695408907,,,cuVSLAM,,
2256,1761211795343,105.90269416570663,-265.6324505805969,-67.50693917274475,0.40028670772657265,0.15162897096648262,0.018875496805042222,,,cuVSLAM,,
2257,1761211795360,105.15622049570084,-262.51059770584106,-65.75141847133636,0.3951587273854824,0.15036731243072757,0.01949015806012305,,,cuVSLAM,,
2258,1761211795377,104.86410558223724,-258.83278250694275,-64.6950900554657,0.38979111353940876,0.14946686524146183,0.02037091713475396,,,cuVSLAM,,
2259,1761211795393,105.14148324728012,-255.18977642059326,-63.48331272602081,0.3841552856337184,0.14958071867905845,0.021559398391407615,,,cuVSLAM,,
2260,1761211795410,105.9112474322319,-251.20827555656433,-62.33826279640198,0.3782943378408612,0.15044864949112796,0.0220655430705564,,,cuVSLAM,,
2261,1761211795427,106.95580393075943,-247.34993278980255,-60.911402106285095,0.37215377707060054,0.15217780970789493,0.022119317668753524,,,cuVSLAM,,
2262,1761211795443,108.27911645174026,-243.1691586971283,-59.74307656288147,0.36580878254983046,0.1541259684213863,0.022244160971975378,,,cuVSLAM,,
2263,1761211795460,109.9151000380516,-238.74999582767487,-58.28388407826424,0.3592348994011124,0.1565434607776814,0.022699737704814038,,,cuVSLAM,,
2264,1761211795476,111.74516379833221,-234.36664044857025,-56.63762986660004,0.3524818463710966,0.15921670618281814,0.02344295807256645,,,cuVSLAM,,
2265,1761211795493,113.43210935592651,-229.69530522823334,-55.87541311979294,0.34544249527550347,0.1613882132442393,0.02398109165191859,,,cuVSLAM,,
2266,1761211795510,115.28805643320084,-225.23166239261627,-54.200250655412674,0.3382705125154944,0.16408761581089112,0.024833009273282074,,,cuVSLAM,,
2267,1761211795526,116.92938208580017,-220.12856602668762,-52.601221948862076,0.33089833213024133,0.16648100273689176,0.02598729393324523,,,cuVSLAM,,
2268,1761211795543,118.47448348999023,-215.03399312496185,-51.54886841773987,0.32341180117666574,0.16843937429362693,0.02670410848322753,,,cuVSLAM,,
2269,1761211795560,119.89312618970871,-209.95813608169556,-50.14270544052124,0.3156438326069608,0.1704968719234366,0.027114607370090915,,,cuVSLAM,,
2270,1761211795576,121.1804747581482,-204.87305521965027,-48.53957146406174,0.3076930720537614,0.17236902410142502,0.027672589322579245,,,cuVSLAM,,
2271,1761211795593,122.17766046524048,-199.38120245933533,-47.3724864423275,0.2995564085710584,0.17357270529117835,0.027772609634243953,,,cuVSLAM,,
2272,1761211795610,122.95178323984146,-193.9721405506134,-45.79317569732666,0.2913207359784477,0.17471113540489125,0.028535584394673148,,,cuVSLAM,,
2273,1761211795626,123.57042729854584,-188.53266537189484,-44.14637014269829,0.2830903174972729,0.1754659751705668,0.030602029983386934,,,cuVSLAM,,
2274,1761211795643,123.92908334732056,-182.9921007156372,-42.67510026693344,0.27490835861642804,0.17560922586646666,0.033144245923939525,,,cuVSLAM,,
2275,1761211795660,124.03617054224014,-177.19578742980957,-41.109148412942886,0.2665312084008897,0.17555666543878068,0.03522576049502409,,,cuVSLAM,,
2276,1761211795676,123.90060722827911,-171.36338353157043,-39.70182687044144,0.2580276816895074,0.17518686057927646,0.03672741241216593,,,cuVSLAM,,
2277,1761211795693,123.66475909948349,-165.46425223350525,-37.989214062690735,0.24931892107083267,0.1748307928099442,0.03737547617743627,,,cuVSLAM,,
2278,1761211795710,123.18651378154755,-159.67847406864166,-36.23303025960922,0.24049637519187367,0.17423468037517648,0.03798794175331932,,,cuVSLAM,,
2279,1761211795726,122.68219888210297,-153.6777913570404,-34.16414558887482,0.2315248632169315,0.17357871904598246,0.03890164717629737,,,cuVSLAM,,
2280,1761211795743,121.83020263910294,-147.49053120613098,-32.83495455980301,0.22251613461506575,0.1721504705505134,0.04068102969712855,,,cuVSLAM,,
2281,1761211795760,120.97529321908951,-141.16376638412476,-31.08670562505722,0.2135097158281977,0.17081248170740423,0.042760999606462485,,,cuVSLAM,,
2282,1761211795776,119.97434496879578,-135.01015305519104,-29.499858617782593,0.20428455767997653,0.16929323986075254,0.04488604540165621,,,cuVSLAM,,
2283,1761211795793,118.95975470542908,-128.53756546974182,-27.84639596939087,0.1949574020443755,0.16778668613181377,0.0464436512500846,,,cuVSLAM,,
2284,1761211795810,117.7210658788681,-122.17631936073303,-26.251323521137238,0.18553583702150941,0.16617329530039732,0.047724257909912526,,,cuVSLAM,,
2285,1761211795826,116.46159738302231,-115.72560667991638,-24.760931730270386,0.17616019228769803,0.1643768451726863,0.04971268082042534,,,cuVSLAM,,
2286,1761211795843,115.18322676420212,-109.10525918006897,-23.46329391002655,0.16677278157263242,0.1623842797072769,0.05309246880052912,,,cuVSLAM,,
2287,1761211795860,113.97779732942581,-102.27160155773163,-22.147491574287415,0.1574859552332738,0.16049322339284425,0.05721687647078029,,,cuVSLAM,,
2288,1761211795876,112.7987653017044,-95.96684575080872,-20.43084055185318,0.1482965236876307,0.15898679785745426,0.061346743211931405,,,cuVSLAM,,
2289,1761211795893,111.49270087480545,-89.2183929681778,-19.62849497795105,0.13908948484878628,0.1568744557963324,0.06472539624785222,,,cuVSLAM,,
2290,1761211795910,110.16619950532913,-82.88252353668213,-18.703386187553406,0.129888193185894,0.15498651294908564,0.06760711832223142,,,cuVSLAM,,
2291,1761211795926,108.90299081802368,-76.60999894142151,-17.51907914876938,0.12087904749959592,0.15334689683405503,0.0700223910837436,,,cuVSLAM,,
2292,1761211795943,107.58852958679199,-70.11714577674866,-17.139144241809845,0.11196212375973871,0.1512377052577006,0.07220363734440244,,,cuVSLAM,,
2293,1761211795960,106.23381286859512,-64.33501839637756,-15.887133777141571,0.10334119066304638,0.14977764837933172,0.07524979725823043,,,cuVSLAM,,
2294,1761211795976,104.96564954519272,-58.288052678108215,-14.893494546413422,0.09487886177949595,0.14823036689537183,0.07816773299220932,,,cuVSLAM,,
2295,1761211795993,103.58943045139313,-52.68697440624237,-14.250241219997406,0.0865943746129622,0.14656506953848356,0.08047067840857916,,,cuVSLAM,,
2296,1761211796010,102.34205424785614,-47.37061262130737,-13.364680111408234,0.07856368779804555,0.14504565958497226,0.08156886895836835,,,cuVSLAM,,
2297,1761211796026,100.97941756248474,-41.848137974739075,-12.754805386066437,0.07048862889430554,0.1433202939127704,0.08180314982850222,,,cuVSLAM,,
2298,1761211796043,99.46851432323456,-36.426842212677,-12.248091399669647,0.06263815789569314,0.1414767969308106,0.08250424009316336,,,cuVSLAM,,
2299,1761211796060,97.93820977210999,-31.316503882408142,-11.806540191173553,0.05496855380418859,0.13957643255349067,0.08373235234310943,,,cuVSLAM,,
2300,1761211796076,96.48233652114868,-25.93502402305603,-11.426694691181183,0.04744655184096856,0.13764133992681066,0.08486232186798827,,,cuVSLAM,,
2301,1761211796093,94.9346125125885,-20.734310150146484,-11.247210204601288,0.04014714907920449,0.1355754649512371,0.08621523216804065,,,cuVSLAM,,
2302,1761211796110,93.39019656181335,-15.856996178627014,-10.805033147335052,0.03294188118978545,0.1337162994717509,0.0876590596932723,,,cuVSLAM,,
2303,1761211796126,91.90250933170319,-11.034220457077026,-10.220080614089966,0.02601443171290399,0.13198882632014147,0.08935855224355421,,,cuVSLAM,,
2304,1761211796143,90.5316174030304,-6.183058023452759,-10.076135396957397,0.019214775677892156,0.13020618765529568,0.09106166264705556,,,cuVSLAM,,
2305,1761211796160,89.21386301517487,-1.5451908111572266,-9.947158396244049,0.012781640612912629,0.12856389381396152,0.09297467578811612,,,cuVSLAM,,
2306,1761211796176,88.01168203353882,3.0014514923095703,-9.798221290111542,0.006415324525076922,0.1271493408274253,0.09514104043930874,,,cuVSLAM,,
2307,1761211796193,86.89071238040924,7.327526807785034,-9.528078138828278,0.0002792376704745327,0.12597969868341966,0.09777744967301374,,,cuVSLAM,,
2308,1761211796210,85.8476310968399,11.565566062927246,-9.200148284435272,-0.0057188736227654245,0.12506938409520013,0.10046970924037417,,,cuVSLAM,,
2309,1761211796226,84.89346504211426,15.856742858886719,-9.362690150737762,-0.011659827113959414,0.12396797972525878,0.10321782589970852,,,cuVSLAM,,
2310,1761211796243,84.11693572998047,20.223915576934814,-9.327061474323273,-0.017644365459089564,0.12318599986137811,0.10583127324541561,,,cuVSLAM,,
2311,1761211796260,83.21589231491089,24.066537618637085,-9.494863450527191,-0.023309815459096977,0.12234153709010247,0.10848357095644515,,,cuVSLAM,,
2312,1761211796276,82.56953954696655,28.27697992324829,-9.312532842159271,-0.028998426408212492,0.12184599972452008,0.11069591417759109,,,cuVSLAM,,
2313,1761211796293,82.01135694980621,32.36442804336548,-9.40040498971939,-0.03456054325208043,0.12133345093888731,0.11298518783192836,,,cuVSLAM,,
2314,1761211796310,81.4201682806015,36.53803467750549,-9.416379034519196,-0.04026148882671621,0.12096304151014875,0.11538925060364089,,,cuVSLAM,,
2315,1761211796326,80.8490663766861,40.696948766708374,-9.425662457942963,-0.04588389109928883,0.12065908250942563,0.11783960179696937,,,cuVSLAM,,
2316,1761211796343,80.18475770950317,44.59589719772339,-9.599752724170685,-0.05139183217745903,0.12034229467699731,0.12042810382215394,,,cuVSLAM,,
2317,1761211796360,79.88160848617554,48.671841621398926,-9.709097445011139,-0.057107828747810715,0.12026316524975408,0.1227846725713955,,,cuVSLAM,,
2318,1761211796376,79.35315370559692,52.78515815734863,-9.951092302799225,-0.06292067748546905,0.12009153379274222,0.12518004266253885,,,cuVSLAM,,
2319,1761211796393,78.81477475166321,56.84852600097656,-10.312177240848541,-0.06867779634514454,0.11988322719273846,0.12761155849441796,,,cuVSLAM,,
2320,1761211796410,78.42610776424408,61.36229634284973,-10.748259723186493,-0.07470772810627371,0.11971365472725531,0.1297110611360622,,,cuVSLAM,,
2321,1761211796426,77.94459164142609,65.4028058052063,-11.15678995847702,-0.08068745844648234,0.11957392297875655,0.1320488620107548,,,cuVSLAM,,
2322,1761211796443,77.6674896478653,70.09437680244446,-11.751770973205566,-0.08696151173570764,0.11943036666435432,0.13359737509890052,,,cuVSLAM,,
2323,1761211796460,77.16943323612213,74.3645429611206,-12.186430394649506,-0.09324700569199225,0.1193307022993109,0.13484730875487713,,,cuVSLAM,,
2324,1761211796476,76.70941948890686,78.86755466461182,-12.671224772930145,-0.09956778484457025,0.11922335772723958,0.1358074996075246,,,cuVSLAM,,
2325,1761211796493,76.33815705776215,83.46354961395264,-12.970946729183197,-0.1059799724196932,0.11925150241391883,0.13695945414143396,,,cuVSLAM,,
2326,1761211796510,75.82718133926392,87.75132894515991,-13.264797627925873,-0.1124402109364404,0.1193133193915563,0.1385144273641518,,,cuVSLAM,,
2327,1761211796526,75.2507895231247,92.07484126091003,-13.982348144054413,-0.1189075202334753,0.11917320358349356,0.1401174107329485,,,cuVSLAM,,
2328,1761211796543,74.84419643878937,96.75565361976624,-14.521874487400055,-0.12565624008654633,0.11922895629573445,0.14129565506842934,,,cuVSLAM,,
2329,1761211796560,74.2655098438263,101.25640034675598,-15.333443880081177,-0.13228999666942293,0.11904039468489426,0.14254278552280633,,,cuVSLAM,,
2330,1761211796576,73.7382024526596,105.86419701576233,-16.19800180196762,-0.1388726077158233,0.11881256777116991,0.1439907752786194,,,cuVSLAM,,
2331,1761211796593,73.17307591438293,110.2156937122345,-16.712643206119537,-0.14547868771207542,0.11884421202772748,0.14583886639390298,,,cuVSLAM,,
2332,1761211796610,72.51828908920288,114.9207055568695,-17.922908067703247,-0.15216342490212306,0.11852145949011027,0.14758960477425595,,,cuVSLAM,,
2333,1761211796643,71.30491733551025,124.29174780845642,-19.188426434993744,-0.1654354570258749,0.11878177942438438,0.1517520462917446,,,cuVSLAM,,
2334,1761211796660,70.71024179458618,128.88333201408386,-20.40071040391922,-0.17211173599186114,0.11863734201619823,0.1539253371310147,,,cuVSLAM,,
2335,1761211796676,70.48025727272034,133.84786248207092,-21.072790026664734,-0.17866000192681777,0.11881328211051023,0.15577807746787115,,,cuVSLAM,,
2336,1761211796693,69.99483704566956,138.60076665878296,-22.326312959194183,-0.1853344541006933,0.11869370472767769,0.15784073326677167,,,cuVSLAM,,
2337,1761211796710,69.41314041614532,143.24110746383667,-22.82004803419113,-0.19186482806765584,0.11912695831592819,0.16024142305130826,,,cuVSLAM,,
2338,1761211796726,69.04150545597076,147.87563681602478,-23.64862710237503,-0.19825448527709194,0.11946195906258333,0.16293496401975452,,,cuVSLAM,,
2339,1761211796743,68.43625009059906,152.3551046848297,-25.251343846321106,-0.2047048902385769,0.11939751293329796,0.1660045729906157,,,cuVSLAM,,
2340,1761211796760,67.83552467823029,156.61153197288513,-26.17630362510681,-0.211119001101984,0.11978850087445411,0.16911632371064161,,,cuVSLAM,,
2341,1761211796776,68.9132958650589,159.9358171224594,-29.085882008075714,-0.2175000116383134,0.11884679440638886,0.17202127921806656,,,cuVSLAM,,
2342,1761211796793,68.61105561256409,164.1996055841446,-30.296415090560913,-0.2238469355266106,0.1190753697899139,0.17361520789764273,,,cuVSLAM,,
2343,1761211796810,68.36540997028351,168.69968175888062,-31.48885816335678,-0.2303171358327293,0.1194379799277765,0.17481678229946115,,,cuVSLAM,,
2344,1761211796826,68.12573224306107,173.11237752437592,-32.52109885215759,-0.2367057638527462,0.12001465285165386,0.17630784439808767,,,cuVSLAM,,
2345,1761211796843,67.99200177192688,177.37247049808502,-33.71953219175339,-0.24301943803912027,0.12057923541657749,0.17786497556753536,,,cuVSLAM,,
2346,1761211796860,67.84971803426743,181.46216869354248,-34.954629838466644,-0.24932217956086106,0.12126266655390015,0.1795141236091868,,,cuVSLAM,,
2347,1761211796876,67.84497201442719,185.94439327716827,-36.0204316675663,-0.2555010451759004,0.12211287020187374,0.1807760106578804,,,cuVSLAM,,
2348,1761211796893,67.86702573299408,190.0569051504135,-37.26933151483536,-0.2616056787667537,0.12287382030187674,0.1818841311893958,,,cuVSLAM,,
2349,1761211796910,67.9248794913292,194.1232979297638,-38.79287838935852,-0.2676868573146179,0.12359455877302854,0.18273822515472835,,,cuVSLAM,,
2350,1761211796926,68.11045110225677,197.96068966388702,-40.04187136888504,-0.2735660410752533,0.12453614930138145,0.1834718818296411,,,cuVSLAM,,
2351,1761211796943,68.25842708349228,201.6465961933136,-40.9875363111496,-0.27913614469679926,0.12566462207669668,0.1841410747377207,,,cuVSLAM,,
2352,1761211796960,68.61010938882828,205.45721054077148,-42.52125695347786,-0.28465077283777324,0.12654534129697015,0.18463889468997052,,,cuVSLAM,,
2353,1761211796977,68.88696551322937,208.7356150150299,-43.613918125629425,-0.28976947006374953,0.12766939307369213,0.185390668914601,,,cuVSLAM,,
2354,1761211796993,69.20432299375534,211.9876891374588,-44.35683786869049,-0.294632392493962,0.128966878815549,0.1859758629526104,,,cuVSLAM,,
2355,1761211797010,69.54601407051086,215.0048166513443,-45.844100415706635,-0.299189725340836,0.1297078179503601,0.18638188519097745,,,cuVSLAM,,
2356,1761211797026,69.90520656108856,218.00024807453156,-46.723999083042145,-0.3034342683765405,0.13076622898874038,0.18643959937427096,,,cuVSLAM,,
2357,1761211797043,70.1630488038063,220.25299072265625,-47.58736118674278,-0.30718424359059704,0.13160443480318873,0.18644668015888363,,,cuVSLAM,,
2358,1761211797060,70.44462114572525,222.47940301895142,-48.45178499817848,-0.3104724696926929,0.13234489998938265,0.18631117094757596,,,cuVSLAM,,
2359,1761211797076,70.77138125896454,224.14422035217285,-49.168165773153305,-0.3131307968023368,0.1330846333080604,0.18642185696726787,,,cuVSLAM,,
2360,1761211797093,71.23887538909912,225.8164882659912,-49.74251985549927,-0.31542390891601285,0.13389618132729214,0.18627737724310114,,,cuVSLAM,,
2361,1761211797110,71.55542075634003,226.7095148563385,-50.18419772386551,-0.31691939661246765,0.13453499652664916,0.1863308429301741,,,cuVSLAM,,
2362,1761211797127,72.00628519058228,227.48544812202454,-50.564274191856384,-0.3179136372546979,0.1351894776458824,0.18611975506657175,,,cuVSLAM,,
2363,1761211797143,72.43098318576813,227.6114821434021,-50.569310784339905,-0.31815879968513777,0.13590732443032216,0.18599536786247003,,,cuVSLAM,,
2364,1761211797160,72.95200973749161,227.42301225662231,-50.36544054746628,-0.3177379583313348,0.13664177138510183,0.18554969896164847,,,cuVSLAM,,
2365,1761211797176,73.55361431837082,226.85003280639648,-50.43220520019531,-0.31671576795560646,0.1370819223024391,0.1847770719457987,,,cuVSLAM,,
2366,1761211797193,74.08014684915543,225.62576830387115,-50.228241831064224,-0.31497995303733645,0.13746323773983046,0.18393996501537332,,,cuVSLAM,,
2367,1761211797210,74.6399313211441,224.06378388404846,-49.942746758461,-0.31261044676580163,0.13770328820903732,0.18272986286234577,,,cuVSLAM,,
2368,1761211797226,75.19663125276566,221.8785583972931,-49.36370253562927,-0.3096242365987065,0.13798608721109193,0.18155802344311828,,,cuVSLAM,,
2369,1761211797243,75.9967565536499,219.7025865316391,-48.451587557792664,-0.306099080765507,0.13847920726379842,0.18014656092745085,,,cuVSLAM,,
2370,1761211797260,76.6136646270752,216.66845679283142,-47.50324413180351,-0.30188739493720096,0.13897983867324487,0.17949017518915047,,,cuVSLAM,,
2371,1761211797276,77.39219069480896,213.41632306575775,-46.344272792339325,-0.29704392611286107,0.13975757086250018,0.1794662486963922,,,cuVSLAM,,
2372,1761211797293,78.3625915646553,210.2951556444168,-45.21860182285309,-0.2917143275742337,0.1405950898667382,0.17930166623078464,,,cuVSLAM,,
2373,1761211797310,79.20460402965546,206.51987195014954,-44.13621500134468,-0.28594222294610433,0.14138209401371957,0.17946299310925792,,,cuVSLAM,,
2374,1761211797326,80.23316413164139,202.37256586551666,-42.782895267009735,-0.27961924057674925,0.1424627398330383,0.18019782292693398,,,cuVSLAM,,
2375,1761211797343,81.25844597816467,197.86697626113892,-41.33398458361626,-0.2728450861313911,0.14369081374167092,0.18142503764606752,,,cuVSLAM,,
2376,1761211797410,86.11345291137695,178.2035529613495,-36.96880489587784,-0.24195319302302581,0.14775622931436935,0.18390636114118927,,,cuVSLAM,,
2377,1761211797426,87.43765950202942,172.5020855665207,-35.41579842567444,-0.23330083431909077,0.14892555809383334,0.18410122919113717,,,cuVSLAM,,
2378,1761211797443,88.77536654472351,166.70973598957062,-34.06911715865135,-0.22438211307457354,0.14995141572015913,0.18407022929220332,,,cuVSLAM,,
2379,1761211797460,90.06739407777786,160.62992811203003,-33.04748982191086,-0.2151738708650248,0.1507618020186519,0.18419977252225683,,,cuVSLAM,,
2380,1761211797476,91.35954082012177,154.38325703144073,-31.811200082302094,-0.2056904247684814,0.15169416754138915,0.18395542224604983,,,cuVSLAM,,
2381,1761211797493,92.57874637842178,147.5757509469986,-30.71598708629608,-0.19592120994043283,0.15240029197908375,0.1833092969332481,,,cuVSLAM,,
2382,1761211797510,93.9410850405693,140.79663157463074,-29.359353706240654,-0.18590039465885252,0.15332923454360153,0.18237062189568795,,,cuVSLAM,,
2383,1761211797526,95.27915716171265,134.0026557445526,-28.10598537325859,-0.17563598758643087,0.15426717998317055,0.18173233170740363,,,cuVSLAM,,
2384,1761211797543,96.64425998926163,127.01953947544098,-26.787355542182922,-0.16514649495219522,0.1551676593633724,0.18125718151858985,,,cuVSLAM,,
2385,1761211797560,97.93166816234589,119.90371346473694,-25.743482634425163,-0.15445822507823917,0.1558943040072657,0.1806795376974154,,,cuVSLAM,,
2386,1761211797576,99.0692526102066,112.37853765487671,-24.566732347011566,-0.14356632063302127,0.15663661869203327,0.18050585454592905,,,cuVSLAM,,
2387,1761211797593,100.20075738430023,104.71926629543304,-23.45259301364422,-0.13245455847733784,0.1572536455446082,0.18052561181559434,,,cuVSLAM,,
2388,1761211797610,101.32519155740738,97.2113236784935,-22.52439595758915,-0.12140272895236778,0.15774856144792618,0.18009050302373994,,,cuVSLAM,,
2389,1761211797626,102.35970467329025,89.64624255895615,-21.685468032956123,-0.11024775319748195,0.1580871983427019,0.17947583249424157,,,cuVSLAM,,
2390,1761211797643,103.36969792842865,82.04499632120132,-20.698418840765953,-0.0990790311682236,0.15850913269844616,0.1790857348921597,,,cuVSLAM,,
2391,1761211797660,104.2715236544609,74.74840432405472,-20.401660352945328,-0.08797883532796812,0.15851029538810504,0.17888501599060608,,,cuVSLAM,,
2392,1761211797676,105.09327054023743,67.06669926643372,-19.403941929340363,-0.07676513073088824,0.1588875459787149,0.17905845146804766,,,cuVSLAM,,
2393,1761211797693,105.76161742210388,59.27306413650513,-18.89685168862343,-0.06559452752951178,0.15894615565273443,0.17941296464632223,,,cuVSLAM,,
2394,1761211797710,106.48678243160248,51.73595994710922,-18.11385713517666,-0.05458085084023406,0.1592203572820352,0.1798449966232671,,,cuVSLAM,,
2395,1761211797726,107.25662857294083,44.54074800014496,-17.728237435221672,-0.04372425869169439,0.15924119831826988,0.17980367881867304,,,cuVSLAM,,
2396,1761211797743,107.73834586143494,36.97340190410614,-17.577165737748146,-0.032994229095884835,0.15905083005535814,0.1798186956666688,,,cuVSLAM,,
2397,1761211797760,108.42251777648926,29.988408088684082,-17.118478193879128,-0.022568822871553037,0.15917272649091896,0.17954607136621895,,,cuVSLAM,,
2398,1761211797776,108.95705223083496,22.92148768901825,-17.201267182826996,-0.012186395046721152,0.1588914600373239,0.17940123556887508,,,cuVSLAM,,
2399,1761211797793,109.56719517707825,15.931695699691772,-16.923455521464348,-0.002055276423689341,0.1589117509558931,0.17948408853754327,,,cuVSLAM,,
2400,1761211797810,110.14406383037567,9.171828627586365,-16.96932129561901,0.007818920428536656,0.15884005846926624,0.17947165448628835,,,cuVSLAM,,
2401,1761211797826,110.61606556177139,2.449512481689453,-17.181040719151497,0.017458077498416453,0.15875980647089677,0.17943454562248567,,,cuVSLAM,,
2402,1761211797843,111.25317960977554,-4.214823246002197,-16.8342012912035,0.026840000135409766,0.1591394853879924,0.17964099336739864,,,cuVSLAM,,
2403,1761211797860,111.91479861736298,-10.174080729484558,-17.05174706876278,0.03583478028321975,0.15921932362265687,0.1795413072821273,,,cuVSLAM,,
2404,1761211797876,112.50752210617065,-15.831202268600464,-17.435157671570778,0.044587018504670395,0.15925715784149763,0.17910920909142233,,,cuVSLAM,,
2405,1761211797893,113.09897899627686,-21.503567695617676,-17.698179930448532,0.05310946907758372,0.15941858010986507,0.17842521192327354,,,cuVSLAM,,
2406,1761211797910,113.65265399217606,-27.301296591758728,-17.665738239884377,0.061461378470738216,0.1597931937223593,0.17799299084419762,,,cuVSLAM,,
2407,1761211797926,114.22358453273773,-32.88258612155914,-17.98185706138611,0.06958504358465005,0.15993267838616657,0.1778151859288283,,,cuVSLAM,,
2408,1761211797943,114.65808749198914,-38.23043406009674,-18.35096813738346,0.07751245695629648,0.15996522050383338,0.17746075331242017,,,cuVSLAM,,
2409,1761211797960,115.08022248744965,-44.10386085510254,-18.66265758872032,0.08544606191681754,0.15994086124216852,0.1770687917052293,,,cuVSLAM,,
2410,1761211797976,115.44965952634811,-49.6135950088501,-18.662869930267334,0.09309708185953944,0.16014870863812558,0.17619295494467377,,,cuVSLAM,,
2411,1761211797993,115.74357748031616,-54.94627356529236,-19.312411546707153,0.10073715990741845,0.15990471432493217,0.17551609867501736,,,cuVSLAM,,
2412,1761211798010,115.99881947040558,-60.17738580703735,-19.81881633400917,0.1082816380224059,0.15970871838470796,0.17487345432402404,,,cuVSLAM,,
2413,1761211798026,116.28782749176025,-64.9152398109436,-20.188312977552414,0.11569429105906184,0.15961650814742934,0.17393338820247375,,,cuVSLAM,,
2414,1761211798043,116.61706864833832,-70.60755789279938,-19.937843084335327,0.12325617361265172,0.16000720011349828,0.17387012978821897,,,cuVSLAM,,
2415,1761211798060,116.73161387443542,-75.76902210712433,-20.503342151641846,0.1307190236133342,0.15978213202013958,0.1736225646920296,,,cuVSLAM,,
2416,1761211798076,117.03410744667053,-80.98670840263367,-21.04628086090088,0.13828730761401656,0.15962875292645318,0.17361187286825064,,,cuVSLAM,,
2417,1761211798093,117.21116304397583,-86.2593948841095,-21.314386278390884,0.14590401032646283,0.15965284162228882,0.17442470341476343,,,cuVSLAM,,
2418,1761211798110,117.43685603141785,-91.4633721113205,-21.63846418261528,0.15363804003983514,0.15965590475339386,0.17552825880136702,,,cuVSLAM,,
2419,1761211798126,117.76123940944672,-96.99590504169464,-22.43993431329727,0.16155342196103614,0.1594384918823141,0.17651169904714245,,,cuVSLAM,,
2420,1761211798143,118.23569238185883,-102.40693390369415,-23.499734699726105,0.16958746456832036,0.15926031907252078,0.17713913005260154,,,cuVSLAM,,
2421,1761211798160,118.71157586574554,-107.86677896976471,-24.23422783613205,0.17767161186282182,0.15942390017846697,0.17768510947400562,,,cuVSLAM,,
2422,1761211798176,119.2750334739685,-113.45292627811432,-25.215089321136475,0.18603559658925709,0.15958438128081293,0.17841995358755938,,,cuVSLAM,,
2423,1761211798193,119.99651044607162,-119.09599602222443,-26.01674199104309,0.19450817369515405,0.1600134032341836,0.17913735368284833,,,cuVSLAM,,
2424,1761211798210,120.68388611078262,-124.89043176174164,-27.283601462841034,0.2031585977465629,0.16027070661910145,0.18023111363881292,,,cuVSLAM,,
2425,1761211798226,121.61754816770554,-130.71726262569427,-27.63453498482704,0.21199049432998707,0.16135422157190962,0.18120005234650616,,,cuVSLAM,,
2426,1761211798243,122.81396239995956,-136.77026331424713,-28.17491814494133,0.22094455896289394,0.16258296655461132,0.1819642573570073,,,cuVSLAM,,
2427,1761211798260,123.89487028121948,-143.1116908788681,-29.76728230714798,0.23032216355079282,0.16333241825027617,0.18224339335010206,,,cuVSLAM,,
2428,1761211798276,125.00894069671631,-149.44975078105927,-31.178653240203857,0.23974265887324894,0.16436544433357603,0.18241414263184208,,,cuVSLAM,,
2429,1761211798293,126.20370090007782,-155.76322376728058,-32.2798490524292,0.2494341722091593,0.1655709406957248,0.1832449460363627,,,cuVSLAM,,
2430,1761211798310,127.38834321498871,-162.17179596424103,-33.856697380542755,0.2592951419174026,0.16654770185369358,0.1848018125850805,,,cuVSLAM,,
2431,1761211798326,128.5884976387024,-168.44482719898224,-35.91366857290268,0.26938325347991415,0.16733813502568826,0.18633317354102896,,,cuVSLAM,,
2432,1761211798343,129.84049320220947,-175.07292330265045,-38.147933781147,0.2796407702146425,0.1682288112120999,0.1876223930402771,,,cuVSLAM,,
2433,1761211798360,131.11160695552826,-181.70513212680817,-40.84920883178711,0.28982185605214145,0.16890577277787752,0.18835833869256957,,,cuVSLAM,,
2434,1761211798376,132.60163366794586,-188.2135421037674,-42.37910360097885,0.3000948991510423,0.170572964704376,0.18873445955758436,,,cuVSLAM,,
2435,1761211798393,133.9433342218399,-194.97241079807281,-44.52496021986008,0.31035218798117037,0.17172625397393074,0.18972334513203234,,,cuVSLAM,,
2436,1761211798410,135.17168164253235,-201.28796994686127,-46.870991587638855,0.32064473224610146,0.1726540604679708,0.19077521689493898,,,cuVSLAM,,
2437,1761211798426,136.5041732788086,-207.8717201948166,-48.968225717544556,0.3310769566135339,0.17384210026352506,0.1917926421481415,,,cuVSLAM,,
2438,1761211798443,137.77422904968262,-214.7790640592575,-51.31605267524719,0.3414708590314119,0.17492385922683182,0.1926281225881467,,,cuVSLAM,,
2439,1761211798460,138.76086473464966,-220.98378837108612,-54.05738949775696,0.351646209729241,0.17564039662834363,0.19265120510757516,,,cuVSLAM,,
2440,1761211798476,139.88614082336426,-227.2421270608902,-56.41918629407883,0.3617019086457264,0.17664025717542645,0.19247350611611583,,,cuVSLAM,,
2441,1761211798493,140.83218574523926,-233.61138999462128,-59.219129383563995,0.3717633977903238,0.1771952689513867,0.19281931242988423,,,cuVSLAM,,
2442,1761211798510,141.75346493721008,-239.89073932170868,-61.64492666721344,0.3817267873735489,0.1779638295753683,0.19317880047802596,,,cuVSLAM,,
2443,1761211798526,142.61335134506226,-246.11146748065948,-63.95518779754639,0.39166614402221456,0.17868926648811,0.19365261227271993,,,cuVSLAM,,
2444,1761211798543,143.30992102622986,-252.28065252304077,-66.6637122631073,0.4014579674198785,0.17899278561725138,0.1941527506134126,,,cuVSLAM,,
2445,1761211798560,144.07844841480255,-258.2656741142273,-69.18097287416458,0.41117740959094096,0.17940710613150396,0.19451725663556468,,,cuVSLAM,,
2446,1761211798576,144.70243453979492,-264.02145624160767,-71.77843153476715,0.42068672003041063,0.1796514242436239,0.19504766634016044,,,cuVSLAM,,
2447,1761211798593,145.17849683761597,-269.46985721588135,-75.33669471740723,0.4299754421865888,0.17926985648506447,0.19505806751166274,,,cuVSLAM,,
2448,1761211798610,145.90862393379211,-275.4663825035095,-78.12532782554626,0.43937541081873766,0.17972563558526608,0.19462661265503076,,,cuVSLAM,,
2449,1761211798626,146.47012948989868,-281.2143564224243,-80.71622997522354,0.44837412872513754,0.18032675542702273,0.1935879474502349,,,cuVSLAM,,
2450,1761211798643,147.0002979040146,-286.5225672721863,-83.80141109228134,0.45731582663435333,0.18059802915567072,0.1923295352008246,,,cuVSLAM,,
2451,1761211798660,147.5309133529663,-292.1298146247864,-86.32538467645645,0.466100932416977,0.18141242068308636,0.19108749478789205,,,cuVSLAM,,
2452,1761211798676,148.15321564674377,-297.4780201911926,-89.15761858224869,0.4747893126365406,0.18219692539031662,0.1892789988352477,,,cuVSLAM,,
2453,1761211798693,148.88319373130798,-303.02906036376953,-91.86580032110214,0.48342326128582225,0.18338356338246423,0.18708089369629774,,,cuVSLAM,,
2454,1761211798710,149.58935976028442,-308.60716104507446,-94.51313316822052,0.4920329329714477,0.18462652350621933,0.18506458100403597,,,cuVSLAM,,
2455,1761211798726,150.3300815820694,-314.30888175964355,-97.78960049152374,0.500715435274596,0.1855511351356478,0.1835278815963867,,,cuVSLAM,,
2456,1761211798743,151.08686685562134,-319.03010606765747,-101.23994201421738,0.5092439679343815,0.1862763441360312,0.18184274346508078,,,cuVSLAM,,
2457,1761211798760,151.94082260131836,-324.2177963256836,-104.56863045692444,0.5178085360325676,0.18715736562367252,0.18092930852495753,,,cuVSLAM,,
2458,1761211798777,153.86202931404114,-326.73388719558716,-107.4163168668747,0.5258821318677744,0.18840097223574906,0.17817734347844438,,,cuVSLAM,,
2459,1761211798793,154.83957529067993,-332.0516347885132,-110.19670218229294,0.5341050118629127,0.19014430603799234,0.17676554103458825,,,cuVSLAM,,
2460,1761211798810,155.7968556880951,-336.8360996246338,-113.06989192962646,0.5422222246863301,0.19199951797299142,0.1745528265734322,,,cuVSLAM,,
2461,1761211798826,156.91059827804565,-341.661661863327,-116.34387075901031,0.5502463665768947,0.19377458083755814,0.17226048832505914,,,cuVSLAM,,
2462,1761211798843,158.04705023765564,-346.4840352535248,-119.29913610219955,0.5581203248508805,0.19591774172834264,0.16995590392080565,,,cuVSLAM,,
2463,1761211798860,159.27010774612427,-351.04241967201233,-122.37010151147842,0.565863633048667,0.19803671217812618,0.16812785185444587,,,cuVSLAM,,
2464,1761211798876,160.5231910943985,-355.5836081504822,-125.69274008274078,0.5735039955653496,0.20004855334987112,0.16636734429162758,,,cuVSLAM,,
2465,1761211798893,161.82051599025726,-360.066682100296,-128.96496057510376,0.5807520940747285,0.20242898795116854,0.16413923031676156,,,cuVSLAM,,
2466,1761211798910,163.1658673286438,-364.05879259109497,-132.03881680965424,0.5875699359998784,0.20507419672399502,0.16142657872650007,,,cuVSLAM,,
2467,1761211798926,164.64611887931824,-367.5561547279358,-134.94594395160675,0.5940246611582383,0.20778284128948427,0.15858790769830164,,,cuVSLAM,,
2468,1761211798943,166.11835360527039,-370.97540497779846,-137.88717985153198,0.5999301622904246,0.21062517061025904,0.15580587574344196,,,cuVSLAM,,
2469,1761211798960,167.64913499355316,-373.98695945739746,-140.63745737075806,0.6052692745453369,0.21360878281506993,0.15263287174548257,,,cuVSLAM,,
2470,1761211798976,169.18209195137024,-376.8406808376312,-143.03246140480042,0.6100384992242709,0.2168217367046447,0.14977265332545867,,,cuVSLAM,,
2471,1761211798993,170.80464959144592,-379.215806722641,-145.0386792421341,0.6142120926459727,0.22005112608039795,0.14734369841753184,,,cuVSLAM,,
2472,1761211799010,172.33654856681824,-381.4046382904053,-147.1770852804184,0.6177378825612816,0.22324051248511256,0.14456374243951833,,,cuVSLAM,,
2473,1761211799026,173.89792203903198,-382.862389087677,-149.07218515872955,0.6205247333074544,0.2266098575754828,0.14087411496563892,,,cuVSLAM,,
2474,1761211799043,175.37200450897217,-384.09149646759033,-150.4792869091034,0.622773330825508,0.230027510451108,0.13759940368457732,,,cuVSLAM,,
2475,1761211799060,176.908940076828,-385.0640654563904,-151.8954336643219,0.6245433823453268,0.23304449051599463,0.13506607405829202,,,cuVSLAM,,
2476,1761211799076,178.3953458070755,-385.8182728290558,-153.0565768480301,0.6257310126130432,0.23610828326114872,0.132532068999997,,,cuVSLAM,,
2477,1761211799093,179.8107475042343,-386.11114025115967,-153.77816557884216,0.6263174235415091,0.23927182195075777,0.12966149240187075,,,cuVSLAM,,
2478,1761211799110,181.05003237724304,-386.1611783504486,-154.59059178829193,0.6263721740316622,0.24241094698233628,0.12619303425836398,,,cuVSLAM,,
2479,1761211799126,182.39793181419373,-386.08476519584656,-155.00932931900024,0.6259478166104632,0.24570263824006455,0.12270246903755959,,,cuVSLAM,,
2480,1761211799143,183.64855647087097,-385.92076301574707,-155.09876608848572,0.6248860582427086,0.24918593366003336,0.11862375897177842,,,cuVSLAM,,
2481,1761211799160,184.85036492347717,-385.5232894420624,-155.18173575401306,0.6234455930750303,0.2528611164696322,0.11331348723737106,,,cuVSLAM,,
2482,1761211799176,186.04867160320282,-384.92995500564575,-155.45004606246948,0.6214879998406536,0.2566003427531467,0.10719158068881521,,,cuVSLAM,,
2483,1761211799193,187.214195728302,-384.26515460014343,-155.45962750911713,0.6191371085147932,0.2605371544901334,0.1007080119133103,,,cuVSLAM,,
2484,1761211799210,188.50596249103546,-383.23256373405457,-155.1549732685089,0.6164533610599332,0.2647168585886522,0.09371554017314,,,cuVSLAM,,
2485,1761211799226,189.78947401046753,-382.2217881679535,-155.1242172718048,0.6133480332945659,0.26896708331434926,0.08643900221306927,,,cuVSLAM,,
2486,1761211799243,191.2955939769745,-381.2315762042999,-154.7914743423462,0.6098217783754234,0.2739191681602349,0.078169725038626,,,cuVSLAM,,
2487,1761211799260,192.8735375404358,-379.78482246398926,-154.6379029750824,0.6060246123412435,0.2790782031957748,0.06940036644870527,,,cuVSLAM,,
2488,1761211799276,194.70857083797455,-378.268837928772,-154.6832025051117,0.6020817834552654,0.28429440562492553,0.061048904330374874,,,cuVSLAM,,
2489,1761211799293,196.69631123542786,-376.5684962272644,-154.4763296842575,0.5981450429461688,0.2895917545006511,0.05357648899498536,,,cuVSLAM,,
2490,1761211799310,198.96075129508972,-374.8522996902466,-154.30700778961182,0.5942590047550501,0.2946942476406082,0.04789651080198151,,,cuVSLAM,,
2491,1761211799326,201.31365954875946,-373.0994760990143,-154.2750895023346,0.5901202111754419,0.29997569438213256,0.04213946946037166,,,cuVSLAM,,
2492,1761211799343,203.79453897476196,-371.4170753955841,-153.9323329925537,0.5855984291892445,0.3060964010159921,0.03498502535147279,,,cuVSLAM,,
2493,1761211799360,206.34780824184418,-369.5273995399475,-153.63933145999908,0.5802399021648968,0.3132801339796601,0.024518748863083074,,,cuVSLAM,,
2494,1761211799376,209.0333104133606,-367.8106963634491,-153.46349775791168,0.574255266884104,0.321377263978423,0.01151810257216216,,,cuVSLAM,,
2495,1761211799393,211.803138256073,-365.9531772136688,-153.25313806533813,0.5680682856012483,0.3297339512473039,-0.001871331714033663,,,cuVSLAM,,
2496,1761211799410,214.7480845451355,-364.18861150741577,-153.1781554222107,0.5616505301553354,0.33825739107703745,-0.01526923569446271,,,cuVSLAM,,
2497,1761211799426,217.7351415157318,-361.8771731853485,-153.49110960960388,0.5557081465034744,0.3455657080168453,-0.025441126963445658,,,cuVSLAM,,
2498,1761211799443,220.8920568227768,-359.6181571483612,-153.13386917114258,0.550343525775632,0.35242722965606915,-0.03211684008565658,,,cuVSLAM,,
2499,1761211799460,223.954439163208,-357.43898153305054,-152.99345552921295,0.5449008754552139,0.35914660644642393,-0.03894973214681673,,,cuVSLAM,,
2500,1761211799476,227.06887125968933,-355.1211357116699,-152.9764086008072,0.5392774148721708,0.3658278828142812,-0.046241567327059495,,,cuVSLAM,,
2501,1761211799493,230.124831199646,-352.72911190986633,-153.01457047462463,0.5336611652192099,0.3723379629539453,-0.053308875939266025,,,cuVSLAM,,
2502,1761211799510,233.21953415870667,-350.41171312332153,-152.92440354824066,0.527848404490412,0.37890593149768925,-0.060307690594908474,,,cuVSLAM,,
2503,1761211799526,236.2940013408661,-347.83270955085754,-152.7232527732849,0.5220915958331849,0.38516264341233086,-0.06650809578009552,,,cuVSLAM,,
2504,1761211799543,239.34674263000488,-344.9338376522064,-152.69841253757477,0.5163702218625242,0.390773401453094,-0.07126942273476587,,,cuVSLAM,,
2505,1761211799560,242.30831861495972,-342.1415090560913,-152.87238359451294,0.5105444560089506,0.3960959423315627,-0.07573258448741498,,,cuVSLAM,,
2506,1761211799576,245.06673216819763,-339.61930871009827,-152.44294703006744,0.5043181322342627,0.40206129311370287,-0.08147207591495624,,,cuVSLAM,,
2507,1761211799593,247.97603487968445,-336.76040172576904,-152.19709277153015,0.49787106993814745,0.40774700362128263,-0.08765824237650165,,,cuVSLAM,,
2508,1761211799610,250.67436695098877,-333.69943499565125,-152.21957862377167,0.491614060379209,0.41268450495608927,-0.09257111199281451,,,cuVSLAM,,
2509,1761211799626,253.40455770492554,-330.72853088378906,-152.23737061023712,0.4854719159170956,0.4173450150353466,-0.09669980825965656,,,cuVSLAM,,
2510,1761211799643,255.9739053249359,-327.75622606277466,-151.72012150287628,0.479362010907022,0.4222000054325264,-0.10041854660421039,,,cuVSLAM,,
2511,1761211799660,258.67459177970886,-324.5633840560913,-151.15481615066528,0.47340420861483073,0.4266767253407932,-0.10313722064379233,,,cuVSLAM,,
2512,1761211799676,261.31778955459595,-321.53791189193726,-150.57510137557983,0.46748619727591934,0.43100872821575487,-0.10542625199726641,,,cuVSLAM,,
2513,1761211799693,263.8506889343262,-318.5196816921234,-150.21789073944092,0.4613139299197051,0.4352951013334416,-0.10859184392428571,,,cuVSLAM,,
2514,1761211799710,266.3216292858124,-315.44291973114014,-149.77622032165527,0.4549214224840501,0.43976166636335345,-0.11248385999378512,,,cuVSLAM,,
2515,1761211799726,268.84925365448,-312.40877509117126,-149.30084347724915,0.44835988946688315,0.44423363157337065,-0.11636845717111038,,,cuVSLAM,,
2516,1761211799743,271.3618874549866,-309.2067241668701,-148.9647775888443,0.4418976131243991,0.44835522192462296,-0.11968940279746543,,,cuVSLAM,,
2517,1761211799760,273.79313111305237,-305.59664964675903,-148.48190546035767,0.43591700909877623,0.4519291470456266,-0.12106987304602707,,,cuVSLAM,,
2518,1761211799776,276.30722522735596,-301.8937408924103,-148.20696413516998,0.43030140362498076,0.4548911128177684,-0.12109347160091934,,,cuVSLAM,,
2519,1761211799810,280.651330947876,-295.3941524028778,-147.39206433296204,0.4186624133876509,0.46106433164722527,-0.12243276673575762,,,cuVSLAM,,
2520,1761211799826,282.66775608062744,-292.1724319458008,-147.00959622859955,0.412425484621865,0.46410553121949244,-0.12437828553406839,,,cuVSLAM,,
2521,1761211799843,284.5844626426697,-288.8236939907074,-146.48795127868652,0.4062264069611638,0.4669145938000237,-0.12628324212573336,,,cuVSLAM,,
2522,1761211799860,286.42481565475464,-285.2897644042969,-145.65585553646088,0.4002317330022047,0.46936634130546634,-0.12714562689049835,,,cuVSLAM,,
2523,1761211799876,288.0440950393677,-281.7542850971222,-144.95567977428436,0.394312131176022,0.47133137439731965,-0.12732658665985902,,,cuVSLAM,,
2524,1761211799893,289.5059883594513,-278.45871448516846,-144.23169195652008,0.38833764342009375,0.47301558790254206,-0.12722510412303517,,,cuVSLAM,,
2525,1761211799910,290.9524440765381,-274.6914327144623,-143.2161033153534,0.382161136785434,0.47470537188889333,-0.1277326462750816,,,cuVSLAM,,
2526,1761211799926,292.05065965652466,-271.0258662700653,-142.50344038009644,0.37568203680782253,0.47594543421939056,-0.12892107390594254,,,cuVSLAM,,
2527,1761211799943,293.21858286857605,-267.27569103240967,-141.0498023033142,0.36898434038022604,0.47749632834666217,-0.1304724216567593,,,cuVSLAM,,
2528,1761211799960,294.18855905532837,-263.41307163238525,-140.16905426979065,0.36251032198128164,0.47798148312823624,-0.13090035769706793,,,cuVSLAM,,
2529,1761211799976,294.91275548934937,-259.4490647315979,-138.56230676174164,0.35628151831436006,0.47819506329279854,-0.1295534652240958,,,cuVSLAM,,
2530,1761211799993,295.4142093658447,-255.3287148475647,-136.98998093605042,0.3501495163545291,0.47769620022597703,-0.12700008059107368,,,cuVSLAM,,
2531,1761211800010,295.69438099861145,-251.1770725250244,-135.29068231582642,0.3436448037198559,0.4768941324737766,-0.12540926596956775,,,cuVSLAM,,
2532,1761211800026,295.64380645751953,-246.9252645969391,-133.4153264760971,0.3368331152195962,0.4757939501844715,-0.12471144006513324,,,cuVSLAM,,
2533,1761211800043,295.48415541648865,-242.74927377700806,-131.27298653125763,0.3293526012630317,0.47472152862491396,-0.12573882169381462,,,cuVSLAM,,
2534,1761211800060,294.98425126075745,-238.32197487354279,-129.10448014736176,0.32139364268378834,0.473388752608049,-0.1279982684763224,,,cuVSLAM,,
2535,1761211800076,294.2383587360382,-233.89030992984772,-126.81347131729126,0.3132742327096037,0.4716602431119137,-0.12959335334467212,,,cuVSLAM,,
2536,1761211800093,293.3940589427948,-229.0375977754593,-124.6187835931778,0.30509009321742464,0.4695278373786787,-0.1312188052121274,,,cuVSLAM,,
2537,1761211800110,292.5283908843994,-223.88671338558197,-122.28365242481232,0.29631521921095966,0.467448646647653,-0.13400460950349466,,,cuVSLAM,,
2538,1761211800126,291.5385663509369,-218.86567771434784,-119.91840600967407,0.28726264287308756,0.46534671170799397,-0.13744690443107807,,,cuVSLAM,,
2539,1761211800143,290.44777154922485,-213.53182196617126,-117.56271868944168,0.278094672815747,0.46295856656318646,-0.14067637681633005,,,cuVSLAM,,
2540,1761211800160,289.1656756401062,-208.4132730960846,-115.09361863136292,0.26870103431042475,0.4604463604192765,-0.1441608455418531,,,cuVSLAM,,
2541,1761211800176,287.97638416290283,-203.0625343322754,-112.49547451734543,0.2591048768004342,0.4578937593270408,-0.14821532750115246,,,cuVSLAM,,
2542,1761211800193,286.60446405410767,-197.4663883447647,-110.0420281291008,0.24926720368577865,0.45507774474594553,-0.15267259018456966,,,cuVSLAM,,
2543,1761211800210,285.183310508728,-192.0393407344818,-107.23832994699478,0.23933623577610316,0.45235496787062496,-0.15685094055021712,,,cuVSLAM,,
2544,1761211800226,283.9741110801697,-186.4224672317505,-104.14565354585648,0.229567256580295,0.4495999009333634,-0.15991809911604477,,,cuVSLAM,,
2545,1761211800243,282.49725699424744,-179.90802228450775,-102.78032720088959,0.21940241277003922,0.4454365259501546,-0.16415396372270252,,,cuVSLAM,,
2546,1761211800260,280.862957239151,-174.18703436851501,-100.06941854953766,0.20918825745654585,0.44221388874851264,-0.16885222008732176,,,cuVSLAM,,
2547,1761211800276,279.0601849555969,-168.29536855220795,-97.53945469856262,0.1985865918677019,0.4387898986872491,-0.174601328056481,,,cuVSLAM,,
2548,1761211800293,277.18988060951233,-162.25498914718628,-95.11493146419525,0.1877930348815902,0.43512915021298815,-0.18069701013473838,,,cuVSLAM,,
2549,1761211800310,275.2329111099243,-156.162291765213,-92.4544632434845,0.17741211901040457,0.4312953415988066,-0.18474257798934898,,,cuVSLAM,,
2550,1761211800326,273.13634753227234,-149.78289604187012,-90.037502348423,0.16738132414299103,0.4268663804592109,-0.18722758060920466,,,cuVSLAM,,
2551,1761211800343,270.93204855918884,-143.46390962600708,-87.4190479516983,0.15752871575169175,0.4222991310990581,-0.18924675550490105,,,cuVSLAM,,
2552,1761211800360,268.57805252075195,-137.28417456150055,-84.89063382148743,0.14760414371238556,0.4175267876185193,-0.19131874554554096,,,cuVSLAM,,
2553,1761211800376,266.0972476005554,-130.91851770877838,-82.4447050690651,0.1376072606216711,0.41252866076525574,-0.19399982995272114,,,cuVSLAM,,
2554,1761211800393,263.53293657302856,-124.71864372491837,-80.01312613487244,0.12779705339008302,0.4073719176114284,-0.19619289124232758,,,cuVSLAM,,
2555,1761211800410,260.916531085968,-118.21943521499634,-77.52645015716553,0.11825293229388908,0.4020377491079524,-0.19732526102120113,,,cuVSLAM,,
2556,1761211800426,258.20282101631165,-111.77109181880951,-75.05235075950623,0.10908213573203368,0.396473228484058,-0.1965951072533902,,,cuVSLAM,,
2557,1761211800443,255.2843689918518,-105.25570809841156,-72.57155328989029,0.10030051399824164,0.3906595045563758,-0.19467136294120838,,,cuVSLAM,,
2558,1761211800460,252.13974714279175,-99.01262819766998,-70.20285725593567,0.09176708169733555,0.3845603913816515,-0.19264799398050578,,,cuVSLAM,,
2559,1761211800476,248.9079385995865,-92.77893602848053,-67.73902475833893,0.08332777920295366,0.37833478557590516,-0.19130127668732574,,,cuVSLAM,,
2560,1761211800493,245.4083412885666,-86.7658406496048,-65.46737253665924,0.0751053447896088,0.37180867634657455,-0.18992577606324398,,,cuVSLAM,,
2561,1761211800510,241.8816238641739,-80.55783808231354,-63.02459537982941,0.06719490403170209,0.36522977375133897,-0.18750377702671248,,,cuVSLAM,,
2562,1761211800526,238.043874502182,-74.34466481208801,-60.883477330207825,0.05964758635983125,0.3581289623120284,-0.18388128953614183,,,cuVSLAM,,
2563,1761211800543,234.12790894508362,-68.25453042984009,-58.6966834962368,0.05261432339336094,0.3508463852888101,-0.17883907078815423,,,cuVSLAM,,
2564,1761211800560,229.82223331928253,-62.40266561508179,-56.35625123977661,0.045604757568500985,0.3432710546973843,-0.17426434795679593,,,cuVSLAM,,
2565,1761211800576,225.26532411575317,-56.58084154129028,-54.17807400226593,0.03855885952469964,0.3352738550205336,-0.17062581317830497,,,cuVSLAM,,
2566,1761211800593,220.54550051689148,-50.875261425971985,-52.03524976968765,0.0316475064220421,0.3270011154167561,-0.1671874241304026,,,cuVSLAM,,
2567,1761211800610,215.70219099521637,-45.15719413757324,-49.7785285115242,0.024875466660286057,0.3186775386970132,-0.1631172879999254,,,cuVSLAM,,
2568,1761211800626,210.81115305423737,-39.28746283054352,-47.74141311645508,0.01841874502393564,0.31030021024107085,-0.15775748333584932,,,cuVSLAM,,
2569,1761211800643,205.81810176372528,-33.63886475563049,-45.861538499593735,0.012430152606347125,0.30193164902479547,-0.1511595236602857,,,cuVSLAM,,
2570,1761211800660,200.85470378398895,-28.213322162628174,-43.5885414481163,0.006448749086009666,0.2938703752953623,-0.14414610620907545,,,cuVSLAM,,
2571,1761211800676,195.722296833992,-22.880539298057556,-41.55883938074112,0.0006442528000959137,0.2855871264097383,-0.13712354606753602,,,cuVSLAM,,
2572,1761211800693,190.62986969947815,-17.375439405441284,-39.83478248119354,-0.005113398996891649,0.2770845171277708,-0.13010059942877325,,,cuVSLAM,,
2573,1761211800710,185.48357486724854,-12.135788798332214,-37.81367838382721,-0.010802213907941133,0.2689072351105814,-0.12303458931138196,,,cuVSLAM,,
2574,1761211800726,180.33729493618011,-7.466480135917664,-35.38215160369873,-0.01631728320249834,0.2611777333671387,-0.11674540822053861,,,cuVSLAM,,
2575,1761211800743,175.26903748512268,-2.8712302446365356,-33.61039608716965,-0.0219413666808317,0.25326003480221304,-0.11167062794100567,,,cuVSLAM,,
2576,1761211800760,170.23174464702606,1.7477422952651978,-32.05394744873047,-0.02750373392917479,0.24550951664019394,-0.10676318595247009,,,cuVSLAM,,
2577,1761211800776,165.4215157032013,6.406128406524658,-30.597209930419922,-0.03293398472860481,0.23811430156632052,-0.10224174308945262,,,cuVSLAM,,
2578,1761211800793,160.77792644500732,11.002525687217712,-28.987035155296326,-0.038213119176703614,0.23111182516639786,-0.09768179933460179,,,cuVSLAM,,
2579,1761211800810,156.06877207756042,15.104398131370544,-27.953490614891052,-0.04321503256664076,0.2240390626453026,-0.09217177226513172,,,cuVSLAM,,
2580,1761211800826,151.7757624387741,19.394978880882263,-26.562444865703583,-0.048086034821794105,0.21751531982752834,-0.08647811456499968,,,cuVSLAM,,
2581,1761211800843,147.28271961212158,23.363083600997925,-25.349721312522888,-0.05253715555020302,0.21089354910100633,-0.08037873642410459,,,cuVSLAM,,
2582,1761211800860,142.8253799676895,26.994168758392334,-24.68787133693695,-0.0566192783844719,0.2042167155569561,-0.07498816787538065,,,cuVSLAM,,
2583,1761211800876,138.60942423343658,30.369460582733154,-23.958563804626465,-0.06061504438510552,0.19793186896194895,-0.0702710783212422,,,cuVSLAM,,
2584,1761211800893,134.56270098686218,33.546969294548035,-22.972479462623596,-0.06436856607388976,0.19206601019522485,-0.06610534078246873,,,cuVSLAM,,
2585,1761211800910,130.57081401348114,36.323994398117065,-22.70263433456421,-0.06768408168995688,0.1861126400606809,-0.06232084312747474,,,cuVSLAM,,
2586,1761211800926,127.0102858543396,39.12462294101715,-22.07745611667633,-0.07050400986786559,0.1808292986993508,-0.058364378904776006,,,cuVSLAM,,
2587,1761211800960,120.00098824501038,42.989566922187805,-20.91190218925476,-0.07457722844080851,0.1708155738012887,-0.04895563906164444,,,cuVSLAM,,
2588,1761211800976,116.64795875549316,44.26802694797516,-20.40940523147583,-0.07563231334810334,0.16611341730005433,-0.044250670075201406,,,cuVSLAM,,
2589,1761211800993,113.48703503608704,45.29562592506409,-19.657999277114868,-0.07614600155853539,0.161736195680284,-0.03977950214464533,,,cuVSLAM,,
2590,1761211801010,110.36364734172821,45.81780731678009,-19.123278558254242,-0.07613748206478399,0.15732650717934402,-0.03470403423934896,,,cuVSLAM,,
2591,1761211801026,107.26223886013031,45.91301083564758,-17.978474497795105,-0.07552113213834048,0.15350938234528955,-0.027606388948532283,,,cuVSLAM,,
2592,1761211801043,104.36010360717773,46.40556871891022,-17.16729998588562,-0.07449708703016748,0.14967765857313603,-0.019700819939497002,,,cuVSLAM,,
2593,1761211801060,101.47018730640411,45.903414487838745,-16.500726342201233,-0.07311052601205441,0.1457302672545983,-0.01186318517712368,,,cuVSLAM,,
2594,1761211801076,98.49068522453308,45.5126166343689,-16.084514558315277,-0.07143817515999502,0.14161495458918705,-0.004658594386482295,,,cuVSLAM,,
2595,1761211801093,95.65630555152893,45.19306123256683,-15.35903662443161,-0.06949751243809317,0.13764802773509335,0.0028514899079292435,,,cuVSLAM,,
2596,1761211801110,92.42852032184601,44.17937994003296,-15.178307890892029,-0.06703174133580775,0.13313403917142325,0.010587709371155206,,,cuVSLAM,,
2597,1761211801126,89.41379189491272,43.381914496421814,-14.72502201795578,-0.06455126754318527,0.12877356255932945,0.018040500776185634,,,cuVSLAM,,
2598,1761211801143,86.2441211938858,41.907355189323425,-13.68848979473114,-0.06173623516959526,0.12469982086240362,0.026389568736548137,,,cuVSLAM,,
2599,1761211801160,83.15946161746979,40.875598788261414,-13.05784285068512,-0.05876234057476985,0.12045677109868035,0.035653358098444284,,,cuVSLAM,,
2600,1761211801176,79.85223829746246,39.7181361913681,-12.627005577087402,-0.055503555675661974,0.11600444482474082,0.046701689687525645,,,cuVSLAM,,
2601,1761211801193,76.90796256065369,38.410887122154236,-11.781290173530579,-0.05207467381706497,0.11180668866350785,0.05853634496191483,,,cuVSLAM,,
2602,1761211801210,73.45333695411682,35.827428102493286,-11.783882975578308,-0.04845621682243301,0.10683862516547907,0.06891938136505658,,,cuVSLAM,,
2603,1761211801226,70.1785534620285,34.231409430503845,-11.187456548213959,-0.04501453570816042,0.10222081755075425,0.07812833630692079,,,cuVSLAM,,
2604,1761211801243,66.65678322315216,32.48065710067749,-10.695956647396088,-0.0414414181809735,0.09749879774394742,0.08965483367702383,,,cuVSLAM,,
2605,1761211801260,63.597679138183594,30.932560563087463,-9.392984211444855,-0.03786244536853104,0.09347244920106666,0.1006916784441916,,,cuVSLAM,,
2606,1761211801276,60.64624339342117,29.005877673625946,-8.585222996771336,-0.03398251276333847,0.08910588268491017,0.10882985029150365,,,cuVSLAM,,
2607,1761211801293,57.646118104457855,26.72104351222515,-7.665949407964945,-0.030816124412665825,0.08504048802819561,0.11452498810993866,,,cuVSLAM,,
2608,1761211801310,54.797109216451645,25.126714259386063,-7.30131147429347,-0.027783028502090634,0.08088387331219378,0.11943652169286309,,,cuVSLAM,,
2609,1761211801326,52.025504410266876,23.121673613786697,-7.069554645568132,-0.024829507628349002,0.07686689935609585,0.1249659977864866,,,cuVSLAM,,
2610,1761211801343,49.6283620595932,21.666470915079117,-6.813136860728264,-0.022025489266652612,0.07313498429523373,0.1287269345115655,,,cuVSLAM,,
2611,1761211801360,47.29919135570526,19.85800638794899,-6.311085540801287,-0.019288523448276335,0.06976020137537273,0.13261545367755753,,,cuVSLAM,,
2612,1761211801376,45.14072462916374,18.19470338523388,-5.831369664520025,-0.016588114753633577,0.06669062494567454,0.13789956891051158,,,cuVSLAM,,
2613,1761211801393,43.15415024757385,16.991911455988884,-5.73352538049221,-0.01405066508675178,0.06368918608318767,0.14530175667815276,,,cuVSLAM,,
2614,1761211801410,41.34756326675415,15.787072479724884,-5.246033426374197,-0.011560254960036044,0.06118537628213931,0.15434221341400653,,,cuVSLAM,,
2615,1761211801426,39.666980504989624,14.330942183732986,-5.0422679632902145,-0.009266162521565703,0.0587649405756178,0.1609455864084673,,,cuVSLAM,,
2616,1761211801443,38.23135048151016,13.136152178049088,-5.215346813201904,-0.007376422086577435,0.05647851538071802,0.16499556855059702,,,cuVSLAM,,
2617,1761211801460,37.03853487968445,12.138500809669495,-5.065606907010078,-0.005672534751264989,0.05461659561090644,0.1689827845890383,,,cuVSLAM,,
2618,1761211801476,35.8426533639431,11.135561391711235,-5.082070827484131,-0.004163628106665879,0.052894607840587825,0.1734831462785279,,,cuVSLAM,,
2619,1761211801493,35.06239503622055,10.71619801223278,-4.788861609995365,-0.002949134989432294,0.05170088761331381,0.17762185573329584,,,cuVSLAM,,
2620,1761211801509,34.322068095207214,10.387778282165527,-4.581067245453596,-0.002075987457481687,0.050721808661750224,0.18141723393776601,,,cuVSLAM,,
2621,1761211801526,33.803075551986694,9.885778650641441,-4.59104822948575,-0.0013466759136226433,0.04984710886410174,0.18459320955611844,,,cuVSLAM,,
2622,1761211801543,33.28316658735275,9.59978997707367,-4.424137994647026,-0.000868350339343232,0.04926292881443653,0.18819658381817322,,,cuVSLAM,,
2623,1761211801560,33.040788024663925,9.595077484846115,-4.381169099360704,-0.0005216586667589824,0.04879420427952369,0.19298175102349344,,,cuVSLAM,,
2624,1761211801576,32.71852061152458,9.844591841101646,-4.551868885755539,-0.0002947317220816314,0.048384252715112576,0.19751980009063236,,,cuVSLAM,,
2625,1761211801593,32.642267644405365,10.201787576079369,-4.387781489640474,-0.00029258910452294927,0.048375528657408885,0.2018074559063226,,,cuVSLAM,,
2626,1761211801609,32.60686993598938,10.50826720893383,-4.438851960003376,-0.0004458371492260876,0.048446507000152544,0.20800516651875495,,,cuVSLAM,,
2627,1761211801626,32.570403069257736,11.167347431182861,-4.606558009982109,-0.0007250314089791062,0.04857600109313841,0.21616772072947438,,,cuVSLAM,,
2628,1761211801643,32.494157552719116,11.876769363880157,-4.667270462960005,-0.0009766619792178266,0.04880542768121389,0.22680319801513782,,,cuVSLAM,,
2629,1761211801660,32.59730339050293,12.79907301068306,-4.319082014262676,-0.0013177605662976685,0.049383215046935075,0.23674609638448577,,,cuVSLAM,,
2630,1761211801676,32.76956081390381,13.261610642075539,-4.375578369945288,-0.0017070091648211034,0.049755878863368824,0.24315324886492057,,,cuVSLAM,,
2631,1761211801693,32.984472811222076,13.828147202730179,-4.223381634801626,-0.0023199622578384577,0.05034627892661807,0.2468515119638307,,,cuVSLAM,,
2632,1761211801709,33.09695050120354,14.538692310452461,-4.395525902509689,-0.002832996211041464,0.05060016687911554,0.25101698783277593,,,cuVSLAM,,
2633,1761211801726,33.266954123973846,15.052742324769497,-4.337307531386614,-0.003308309314760466,0.05090433438649777,0.25568822892436743,,,cuVSLAM,,
2634,1761211801743,33.13729539513588,15.517640858888626,-4.4127656146883965,-0.003700670361037502,0.051024650800322646,0.2602460197332613,,,cuVSLAM,,
2635,1761211801759,33.07357430458069,15.836646780371666,-4.48665814474225,-0.0039592608352931645,0.05100196103242378,0.26506225497279645,,,cuVSLAM,,
2636,1761211801793,32.944537699222565,16.392506659030914,-4.350651986896992,-0.004068513061128856,0.0509145212425684,0.2712053481685468,,,cuVSLAM,,
2637,1761211801810,32.750315964221954,16.190556809306145,-4.21308446675539,-0.004035183270562099,0.05085808907739437,0.27197932533906216,,,cuVSLAM,,
2638,1761211801826,32.60977566242218,16.15634746849537,-4.154382273554802,-0.003908070331671553,0.05070002264046521,0.2718799514694007,,,cuVSLAM,,
2639,1761211801843,32.429665327072144,16.0292387008667,-4.1854423470795155,-0.003625187632796046,0.05036534145327025,0.2713170712726115,,,cuVSLAM,,
2640,1761211801859,32.23159909248352,15.622387640178204,-4.092191811650991,-0.0031081759568315926,0.04989864709829883,0.2703695139355939,,,cuVSLAM,,
2641,1761211801876,31.849399209022522,15.067157335579395,-3.9820661768317223,-0.002335841167824352,0.049281899893270795,0.2695808844322931,,,cuVSLAM,,
2642,1761211801893,31.42811357975006,14.056319370865822,-4.131844732910395,-0.0014440805522889432,0.048478066985710305,0.26882512700122013,,,cuVSLAM,,
2643,1761211801910,31.27797693014145,13.411140069365501,-3.843181300908327,-0.0003788479801179569,0.04810225580760328,0.26792273987058907,,,cuVSLAM,,
2644,1761211801926,31.100302934646606,12.600686401128769,-3.7384903989732265,0.0008325928562203429,0.047666244623094274,0.2673741690686702,,,cuVSLAM,,
2645,1761211801943,30.86978755891323,11.442212387919426,-3.633787389844656,0.002170243844313642,0.04723293207388433,0.26734103841913837,,,cuVSLAM,,
2646,1761211801959,30.79512156546116,10.774843394756317,-3.7223403342068195,0.0035303359266252382,0.04680283483134652,0.2674495246665123,,,cuVSLAM,,
2647,1761211801976,30.75997345149517,9.706966578960419,-3.4900037571787834,0.005049520968563586,0.046644955180264756,0.2679852749694534,,,cuVSLAM,,
2648,1761211801993,30.890513211488724,8.70261900126934,-3.4030810929834843,0.006511896527284992,0.04667856731423429,0.26830158913733143,,,cuVSLAM,,
2649,1761211802010,31.11335262656212,7.694937288761139,-3.436821512877941,0.007783064249070652,0.04680512444142465,0.26842607345417313,,,cuVSLAM,,
2650,1761211802026,31.478416174650192,7.081124931573868,-3.2986467704176903,0.008870430499973627,0.04734279332994647,0.26805312306515017,,,cuVSLAM,,
2651,1761211802043,31.851191073656082,6.41486793756485,-3.2835016027092934,0.009594180856610556,0.047763384901599044,0.2674401408310505,,,cuVSLAM,,
2652,1761211802060,32.219089567661285,5.995003506541252,-3.5683619789779186,0.010146971914179584,0.04807740297261998,0.2666219526514261,,,cuVSLAM,,
2653,1761211802076,32.58650004863739,5.899960175156593,-3.7550637498497963,0.01046666134884089,0.048518913521738885,0.26597544901445,,,cuVSLAM,,
2654,1761211802093,32.95716270804405,5.9912241995334625,-3.964049741625786,0.010467959015751493,0.048847439369547274,0.26460158887155155,,,cuVSLAM,,
2655,1761211802109,33.225737512111664,5.9394873678684235,-3.7585757672786713,0.010195900362617765,0.04947949716398012,0.2626428965184148,,,cuVSLAM,,
2656,1761211802126,33.50164741277695,5.902567878365517,-3.6729178391397,0.009732806667455438,0.04999545657867995,0.26052272218522987,,,cuVSLAM,,
2657,1761211802143,33.6594358086586,6.2774233520030975,-4.02255542576313,0.00910778359968233,0.05006690487709333,0.2587221692672075,,,cuVSLAM,,
2658,1761211802159,33.748410642147064,6.7896973341703415,-3.7450138479471207,0.008641472747852597,0.05041631745254764,0.257801239654079,,,cuVSLAM,,
2659,1761211802176,33.664580434560776,7.114417850971222,-3.9565381594002247,0.008352960083640526,0.050189010396128005,0.2575859702227671,,,cuVSLAM,,
2660,1761211802193,33.56143832206726,7.458291947841644,-4.0244245901703835,0.007903747009146263,0.049981906890184453,0.25730873004425403,,,cuVSLAM,,
2661,1761211802209,33.44297409057617,7.484626024961472,-3.7031047977507114,0.007593647244036837,0.04994644685892712,0.25659976829259923,,,cuVSLAM,,
2662,1761211802226,33.208414912223816,7.574019953608513,-3.7954426370561123,0.007397854316899211,0.0496225019182219,0.25548651238643993,,,cuVSLAM,,
2663,1761211802243,33.03270787000656,7.472837343811989,-3.956262022256851,0.007357615812832781,0.04920026104152798,0.255113879870144,,,cuVSLAM,,
2664,1761211802259,32.69815817475319,7.283022627234459,-3.8066930137574673,0.0075792729504780935,0.048921628394614,0.25512048969424417,,,cuVSLAM,,
2665,1761211802276,32.51916170120239,7.185075432062149,-3.9483685977756977,0.007805531861693399,0.04855811689466814,0.2550909182753314,,,cuVSLAM,,
2666,1761211802293,32.385796308517456,7.030494511127472,-3.8112946785986423,0.008141104619662873,0.04841168748873328,0.2551634023556472,,,cuVSLAM,,
2667,1761211802309,32.2776660323143,6.685223430395126,-3.7324842996895313,0.008471589796926776,0.04826963858162402,0.2555228686262682,,,cuVSLAM,,
2668,1761211802326,32.33193978667259,6.7417211830616,-3.7019727751612663,0.008620137170583717,0.04819720335200301,0.2554715853026159,,,cuVSLAM,,
2669,1761211802343,32.37899765372276,6.472999230027199,-3.578211646527052,0.008721546174865234,0.04839496658270418,0.25562030678728354,,,cuVSLAM,,
2670,1761211802359,32.63098746538162,6.821582093834877,-3.722674213349819,0.008615884652404612,0.04864775780957024,0.2557518820599045,,,cuVSLAM,,
2671,1761211802376,32.71083906292915,7.380833849310875,-4.0353271178901196,0.008289616979260696,0.048709413966369644,0.2570371895689513,,,cuVSLAM,,
2672,1761211802393,32.63863921165466,7.534835487604141,-3.619141411036253,0.008176078408914775,0.04893341677428635,0.2591595057493639,,,cuVSLAM,,
2673,1761211802409,32.62626379728317,7.843155413866043,-3.5611488856375217,0.008032116042232513,0.048830120368146275,0.26082058369162303,,,cuVSLAM,,
2674,1761211802426,32.531946897506714,7.876299321651459,-3.460206091403961,0.007938824620599388,0.04873786686563802,0.262316814374772,,,cuVSLAM,,
2675,1761211802443,32.452672719955444,7.953077554702759,-3.5110414028167725,0.007863316884304798,0.04866141420542924,0.26341624539526654,,,cuVSLAM,,
2676,1761211802459,32.438211143016815,7.843641564249992,-3.4232502803206444,0.007906611001209955,0.048799786965789606,0.264916524009635,,,cuVSLAM,,
2677,1761211802476,32.332632690668106,7.873000577092171,-3.5603707656264305,0.00812509153980884,0.04872449482455572,0.26749018646136524,,,cuVSLAM,,
2678,1761211802493,32.23496675491333,7.919022813439369,-3.390268888324499,0.008610531500534077,0.048714499948398916,0.270553681222779,,,cuVSLAM,,
2679,1761211802509,32.01361000537872,7.697854191064835,-3.685899544507265,0.009073850163307749,0.04827068524379536,0.27308808707956317,,,cuVSLAM,,
2680,1761211802526,31.816445291042328,7.396401837468147,-3.666812554001808,0.009475399604718916,0.04790920843514063,0.2749937016224231,,,cuVSLAM,,
2681,1761211802543,31.6033773124218,7.39838182926178,-3.767929971218109,0.009666905221437802,0.04753999881404201,0.2762596579495832,,,cuVSLAM,,
2682,1761211802561,31.43562376499176,7.579343393445015,-3.6243959330022335,0.009688660589529647,0.0473384446940605,0.27699741503932673,,,cuVSLAM,,
2683,1761211802576,31.262557953596115,7.758123800158501,-3.5796775482594967,0.009604723238446336,0.04708723789779499,0.2771344392389205,,,cuVSLAM,,
2684,1761211802593,31.107306480407715,7.646046578884125,-3.5617738030850887,0.009610713247303263,0.04687963636312894,0.2777164055469027,,,cuVSLAM,,
2685,1761211802609,31.0974083840847,7.311074063181877,-3.246752079576254,0.009813513975165828,0.047017160929315654,0.279510497076328,,,cuVSLAM,,
2686,1761211802626,31.24377317726612,7.274657487869263,-3.377205226570368,0.010001618134039044,0.047091876996528746,0.2824282571305176,,,cuVSLAM,,
2687,1761211802643,31.259067356586456,7.624443620443344,-3.2450230792164803,0.010070157300178767,0.047400932082614,0.2856300796846975,,,cuVSLAM,,
2688,1761211802659,31.41384944319725,7.988376542925835,-3.393783699721098,0.009932403774928385,0.04750335446733404,0.2889094444094505,,,cuVSLAM,,
2689,1761211802676,31.413115561008453,8.253959938883781,-3.139808773994446,0.009740525936570878,0.04778812861972722,0.2915525479430337,,,cuVSLAM,,
2690,1761211802693,31.384099274873734,8.543204516172409,-2.9602134600281715,0.009523114026231018,0.0478746891162717,0.294575544031796,,,cuVSLAM,,
2691,1761211802709,31.41944855451584,9.18479636311531,-2.8751431964337826,0.009432098051278752,0.04779608616117973,0.29821267766895004,,,cuVSLAM,,
2692,1761211802726,31.27438575029373,9.2870332300663,-2.8502102941274643,0.009606669742309426,0.047623638804862665,0.3026274888846069,,,cuVSLAM,,
2693,1761211802743,31.19216114282608,9.102486073970795,-2.892876975238323,0.009948400342902062,0.0475404458530876,0.30589266453151864,,,cuVSLAM,,
2694,1761211802759,31.341124325990677,9.170018136501312,-2.977604977786541,0.010231133151739073,0.04763741701459259,0.30700499846573415,,,cuVSLAM,,
2695,1761211802776,31.385257840156555,8.996454998850822,-2.6685306802392006,0.01054365138604078,0.047986157700782774,0.3089431724815683,,,cuVSLAM,,
2696,1761211802793,31.353868544101715,9.025359526276588,-2.832256257534027,0.010840408311197897,0.0479363283621259,0.3125130036225034,,,cuVSLAM,,
2697,1761211802809,31.244488433003426,9.293396025896072,-2.562220674008131,0.010982995719596909,0.04797665186084995,0.31732412640781377,,,cuVSLAM,,
2698,1761211802826,30.947642400860786,9.652076289057732,-2.1881312131881714,0.01090296028863835,0.047858997820552016,0.32185838796996513,,,cuVSLAM,,
2699,1761211802843,30.448216944932938,9.942630305886269,-2.2952938452363014,0.01049165545439458,0.047253294340336115,0.32506990114676143,,,cuVSLAM,,
2700,1761211802859,30.09313903748989,10.324159637093544,-2.103801816701889,0.009859665375259343,0.04688016277001399,0.3267177872975349,,,cuVSLAM,,
2701,1761211802876,29.892832040786743,10.914407670497894,-2.101259771734476,0.009323322393899897,0.04656282748038644,0.3280369710041256,,,cuVSLAM,,
2702,1761211802893,29.6680498868227,11.029649525880814,-2.119980752468109,0.00910572212922663,0.04626340093761045,0.32981058912236755,,,cuVSLAM,,
2703,1761211802909,29.623843729496002,10.79278439283371,-1.9736229442059994,0.009313476921534313,0.04627450508611007,0.33200256802697103,,,cuVSLAM,,
2704,1761211802926,29.55642156302929,10.955903679132462,-1.9651222974061966,0.009689327194902246,0.04627411149931497,0.33551791463394914,,,cuVSLAM,,
2705,1761211802943,29.586240649223328,11.058449745178223,-2.0695137791335583,0.010020266050104315,0.04625607068114732,0.33995289781565724,,,cuVSLAM,,
2706,1761211802959,29.628563672304153,11.263146996498108,-1.9274386577308178,0.010201023671845583,0.04646144914255275,0.34328539020587107,,,cuVSLAM,,
2707,1761211802976,29.620813205838203,11.359350755810738,-2.0637856796383858,0.010076170699297908,0.04649172227317919,0.3446554550597849,,,cuVSLAM,,
2708,1761211802993,29.568158090114594,11.621633544564247,-2.143183723092079,0.0099772555125399,0.04645577098560646,0.3447094390473336,,,cuVSLAM,,
2709,1761211803009,29.565347358584404,11.622639372944832,-2.239667344838381,0.009999498306915166,0.046298663493112596,0.34474912128278157,,,cuVSLAM,,
2710,1761211803026,29.46660853922367,11.371608823537827,-2.1514850668609142,0.010229536316743532,0.046133934610705446,0.34477512458377163,,,cuVSLAM,,
2711,1761211803043,29.406802728772163,11.150309816002846,-2.1322593092918396,0.01057348377339088,0.0459496315056114,0.34470015412369787,,,cuVSLAM,,
2712,1761211803060,29.349513351917267,10.948676615953445,-2.030001487582922,0.010777347552289731,0.04589370216525458,0.3447472835121424,,,cuVSLAM,,
2713,1761211803076,29.341958463191986,11.054152622818947,-2.266067545861006,0.010865315045738027,0.04565386381118048,0.3446688989441336,,,cuVSLAM,,
2714,1761211803093,29.18870374560356,10.922795161604881,-2.513943240046501,0.010969502445493075,0.04539402081625816,0.34443314838121847,,,cuVSLAM,,
2715,1761211803109,29.07821163535118,10.861527174711227,-2.4292217567563057,0.01115559090474132,0.045242898588301356,0.3427293171672623,,,cuVSLAM,,
2716,1761211803126,28.94704043865204,10.53619384765625,-2.063548192381859,0.011444078140024181,0.04518350436510779,0.3411753061529745,,,cuVSLAM,,
2717,1761211803143,28.767455369234085,9.959191083908081,-1.846694853156805,0.011747310937772124,0.04499121576057168,0.34106942588683875,,,cuVSLAM,,
2718,1761211803159,28.627660125494003,9.747885167598724,-1.8701967783272266,0.011851780914760657,0.04477318873850866,0.34113556466964806,,,cuVSLAM,,
2719,1761211803176,28.469346463680267,9.810201823711395,-1.9511403515934944,0.011788773160669879,0.04461975332512157,0.34075415787940433,,,cuVSLAM,,
2720,1761211803193,28.486650437116623,9.961569681763649,-2.076113596558571,0.011695461430908511,0.04452302048410184,0.3381525051890222,,,cuVSLAM,,
2721,1761211803210,28.65118533372879,9.904466569423676,-2.077430486679077,0.011625890889065732,0.044561201194249625,0.33274685974562673,,,cuVSLAM,,
2722,1761211803226,28.61802652478218,9.355517104268074,-2.0409217104315758,0.01173193760729554,0.04445280945985444,0.326906938558385,,,cuVSLAM,,
2723,1761211803243,28.617359697818756,9.238678961992264,-2.22282437607646,0.011692081647086346,0.04423938818063,0.3216474079077126,,,cuVSLAM,,
2724,1761211803259,28.70495617389679,9.028865024447441,-1.9948231056332588,0.011727886108113565,0.04429207444925838,0.317946400210062,,,cuVSLAM,,
2725,1761211803276,28.703104704618454,8.806593716144562,-2.001620829105377,0.011736547758407606,0.04425716472665932,0.3145973461322673,,,cuVSLAM,,
2726,1761211803293,28.87243777513504,8.762624114751816,-2.1559568122029305,0.011730164391752134,0.04423051832614825,0.3100427198162132,,,cuVSLAM,,
2727,1761211803309,28.88556569814682,8.21751169860363,-2.2895168513059616,0.011860578111748458,0.044191197246433694,0.30536447542419454,,,cuVSLAM,,
2728,1761211803326,28.943009674549103,7.71099328994751,-2.404410857707262,0.011829791706478061,0.04421667111082015,0.30127615365130345,,,cuVSLAM,,
2729,1761211803343,29.090989381074905,7.789287716150284,-2.5219982489943504,0.011941280662356665,0.044128652786085354,0.29811110274312724,,,cuVSLAM,,
2730,1761211803359,29.128842055797577,7.681079208850861,-2.30105547234416,0.012028294244179435,0.04415522846061983,0.297198162599982,,,cuVSLAM,,
2731,1761211803376,28.90869230031967,7.626987993717194,-2.162211574614048,0.01207006220249895,0.044074265583769125,0.29711782894346617,,,cuVSLAM,,
2732,1761211803393,28.71806174516678,7.629521191120148,-2.561533823609352,0.012004730701691795,0.04358294696303376,0.2967863933720758,,,cuVSLAM,,
2733,1761211803409,28.555043041706085,7.639739662408829,-2.3364052176475525,0.011851525054043221,0.0434608364653595,0.2958486226498808,,,cuVSLAM,,
2734,1761211803426,28.29139679670334,7.729519158601761,-2.2494886070489883,0.011665709783468982,0.04318275299832305,0.2943196520509112,,,cuVSLAM,,
2735,1761211803443,28.00185978412628,7.832780480384827,-2.457202412188053,0.011454876396442036,0.042634626077679254,0.29236174874321097,,,cuVSLAM,,
2736,1761211803459,27.739308774471283,7.820425555109978,-2.2722743451595306,0.01126963469437839,0.04232861893217591,0.29015868853365034,,,cuVSLAM,,
2737,1761211803476,27.496181428432465,7.75468535721302,-2.474261913448572,0.011175343948446608,0.04176000809184948,0.2889206930073283,,,cuVSLAM,,
2738,1761211803493,27.157720178365707,7.8675393015146255,-2.6600114069879055,0.011144338217718111,0.041239215758898065,0.288317441613403,,,cuVSLAM,,
2739,1761211803509,26.85941755771637,7.939055562019348,-2.583569847047329,0.011030438396609353,0.04083756786385529,0.28755380278568327,,,cuVSLAM,,
2740,1761211803526,26.63952484726906,8.034922182559967,-2.5196587666869164,0.01077225312234773,0.04045154699894773,0.28672402910488703,,,cuVSLAM,,
2741,1761211803543,26.412341743707657,8.212052285671234,-2.8045587241649628,0.010434856505557775,0.040045063946333545,0.28616840119478665,,,cuVSLAM,,
2742,1761211803559,26.275325566530228,8.122093975543976,-2.890676259994507,0.010320658792676247,0.039920247256456334,0.2862315291120311,,,cuVSLAM,,
2743,1761211803576,26.279985904693604,8.25561210513115,-2.79504107311368,0.010325298915144509,0.03991509364879401,0.28612825294309274,,,cuVSLAM,,
2744,1761211803593,26.241786777973175,7.902160286903381,-2.501741051673889,0.010476621122214827,0.03994252532014568,0.28636567437797916,,,cuVSLAM,,
2745,1761211803609,26.144780218601227,7.9269204288721085,-2.487009856849909,0.010531302223196136,0.03978294835049149,0.2863790700236412,,,cuVSLAM,,
2746,1761211803626,26.08758956193924,7.953457534313202,-2.608052920550108,0.010644194816883222,0.03959699357319767,0.28662160183021046,,,cuVSLAM,,
2747,1761211803643,25.999486446380615,7.9381149262189865,-2.504543401300907,0.010649118979575978,0.03960625476658474,0.2869912017277504,,,cuVSLAM,,
2748,1761211803659,25.855470448732376,7.789768278598785,-2.547097858041525,0.01074057721200917,0.039473181674049215,0.2878927482145791,,,cuVSLAM,,
2749,1761211803676,25.860711932182312,8.119773119688034,-2.858969382941723,0.010889157957613013,0.03907568203101567,0.28978024402857355,,,cuVSLAM,,
2750,1761211803693,25.6698839366436,8.244644850492477,-2.92840413749218,0.010877386304590939,0.03881033356454109,0.2923116156299127,,,cuVSLAM,,
2751,1761211803709,25.43371543288231,8.438825607299805,-3.053314983844757,0.010827518607491027,0.03840468980463682,0.29278326227890666,,,cuVSLAM,,
2752,1761211803743,25.02482384443283,8.270632475614548,-2.8091706335544586,0.01093405637296658,0.03774458542489931,0.2929650557410382,,,cuVSLAM,,
2753,1761211803759,24.965517222881317,8.212000131607056,-2.9744086787104607,0.01100231978392348,0.037529533708834155,0.29305867759078036,,,cuVSLAM,,
2754,1761211803776,25.071553885936737,8.394848555326462,-2.9094330966472626,0.010947255701746239,0.03769441878233975,0.29304302395890724,,,cuVSLAM,,
2755,1761211803793,25.204520672559738,8.083786815404892,-3.011760301887989,0.011072485507122752,0.0378408965001382,0.293293949561058,,,cuVSLAM,,
2756,1761211803809,25.343332439661026,8.161287754774094,-3.136285115033388,0.01117631141755463,0.03801410284632716,0.29326516321495677,,,cuVSLAM,,
2757,1761211803826,25.50094947218895,8.256033062934875,-3.018041141331196,0.011302276006603319,0.03823538595917721,0.29320338446252847,,,cuVSLAM,,
2758,1761211803843,25.600694119930267,8.127162232995033,-3.0273343436419964,0.011318484547302998,0.03836086931692408,0.2933487603623087,,,cuVSLAM,,
2759,1761211803859,25.65673366189003,8.210910484194756,-3.1291693449020386,0.011250085641736025,0.03842251347374916,0.29342900491623863,,,cuVSLAM,,
2760,1761211803876,25.743301957845688,8.286252617835999,-2.848973497748375,0.011129641671587082,0.03871736977114233,0.29352040819645575,,,cuVSLAM,,
2761,1761211803893,25.816641747951508,8.410001173615456,-2.6613115333020687,0.010929991633155993,0.03898962507187018,0.29356085437424534,,,cuVSLAM,,
2762,1761211803910,25.90329572558403,8.558474481105804,-2.529092598706484,0.010775011096224987,0.03920019198720112,0.2935333573606772,,,cuVSLAM,,
2763,1761211803926,25.995802134275436,8.751802146434784,-2.3826099932193756,0.010512181061930977,0.039421887031021494,0.29336066998491767,,,cuVSLAM,,
2764,1761211803943,25.976326316595078,8.664863184094429,-2.086472697556019,0.010346079809419395,0.03961053167236855,0.29269390159866593,,,cuVSLAM,,
2765,1761211803959,25.872372090816498,8.637936785817146,-1.9301497377455235,0.010154015051233874,0.039610659925343294,0.29046069878085734,,,cuVSLAM,,
2766,1761211803976,25.6572887301445,8.273836225271225,-1.7756680026650429,0.010242825168810211,0.039491299455267616,0.2872344476513066,,,cuVSLAM,,
2767,1761211803993,25.592844933271408,8.017553016543388,-1.9891755655407906,0.01033449538714475,0.039146091723895715,0.28321619812391546,,,cuVSLAM,,
2768,1761211804010,25.652732700109482,7.4359700083732605,-2.049187198281288,0.010696523334382004,0.03893784231861754,0.27902083344326617,,,cuVSLAM,,
2769,1761211804026,25.737863034009933,7.1250926703214645,-2.2189519368112087,0.011001516677390476,0.03874032083194241,0.2743839238122443,,,cuVSLAM,,
2770,1761211804043,25.747135281562805,6.201453506946564,-1.8931999802589417,0.011389369196730644,0.03887688511643087,0.26966768452712564,,,cuVSLAM,,
2771,1761211804059,25.88915079832077,5.897074937820435,-2.1913968957960606,0.011491614453877691,0.03878310075424453,0.26308522669523454,,,cuVSLAM,,
2772,1761211804076,26.04200318455696,5.7757459580898285,-2.1773381158709526,0.011532332015244343,0.038871811007089294,0.2553106701799624,,,cuVSLAM,,
2773,1761211804093,26.077590882778168,5.156219005584717,-2.169912215322256,0.011545725778143574,0.038888772978196075,0.24841652742699544,,,cuVSLAM,,
2774,1761211804109,26.170477271080017,4.774557426571846,-2.0017167553305626,0.01155706617313926,0.03896056488932308,0.24234636867601325,,,cuVSLAM,,
2775,1761211804126,26.211947202682495,4.410427063703537,-2.1643447689712048,0.011743967689448432,0.03893770613509189,0.23679118900903778,,,cuVSLAM,,
2776,1761211804143,26.23479813337326,3.9716102182865143,-1.9926819950342178,0.011667637050050333,0.03900837946303864,0.23141623655538224,,,cuVSLAM,,
2777,1761211804159,26.177115738391876,4.046935588121414,-2.29174317792058,0.011342361999269638,0.0388471129125695,0.22645209432294075,,,cuVSLAM,,
2778,1761211804176,26.381153613328934,4.297543317079544,-2.4121575988829136,0.010934436003816772,0.03884034606226435,0.22261563933983702,,,cuVSLAM,,
2779,1761211804193,26.539720594882965,4.668638110160828,-2.3687281645834446,0.010507300813198504,0.03894695549757522,0.21982117364909629,,,cuVSLAM,,
2780,1761211804209,26.474785059690475,4.7224219888448715,-2.5859237648546696,0.01018788476557317,0.038791425171318984,0.21830764235154312,,,cuVSLAM,,
2781,1761211804226,26.523981243371964,5.0403643399477005,-2.403164282441139,0.009910408596337541,0.038902178046135154,0.21713725443272403,,,cuVSLAM,,
2782,1761211804243,26.44304931163788,5.1398929208517075,-2.651187125593424,0.009681469422965456,0.03871110947199868,0.21603443225764923,,,cuVSLAM,,
2783,1761211804259,26.32778510451317,5.054779350757599,-2.788221463561058,0.009572846090267583,0.03849863707578142,0.21557828077119873,,,cuVSLAM,,
2784,1761211804276,26.20016410946846,5.317328497767448,-3.132093697786331,0.009392783281923464,0.03819687543160785,0.21559344040347006,,,cuVSLAM,,
2785,1761211804293,26.168756186962128,5.245998501777649,-3.0054892413318157,0.009328760790161105,0.03817055636075451,0.21584941427743154,,,cuVSLAM,,
2786,1761211804309,26.13498643040657,5.1887501031160355,-2.935426775366068,0.00941841556048186,0.03818765987907175,0.21587972862922114,,,cuVSLAM,,
2787,1761211804326,26.206761598587036,5.027294158935547,-2.997996285557747,0.009693596120575612,0.03815525812338531,0.2158171992632227,,,cuVSLAM,,
2788,1761211804343,26.291701942682266,4.671325907111168,-2.8571332804858685,0.00998277164706187,0.038372615042702375,0.21580552056452793,,,cuVSLAM,,
2789,1761211804360,26.425223797559738,4.3448396027088165,-2.7326145209372044,0.010204927610805594,0.038595707037215696,0.2159109796744286,,,cuVSLAM,,
2790,1761211804376,26.619218289852142,4.326434805989265,-2.985638100653887,0.010273382755805416,0.03868505181977654,0.21577009029500913,,,cuVSLAM,,
2791,1761211804393,26.719212532043457,4.680400714278221,-3.133583813905716,0.010207112702264947,0.03877851589799456,0.21529203255737428,,,cuVSLAM,,
2792,1761211804409,26.802510023117065,4.581857472658157,-3.0300836078822613,0.010228504131813485,0.038939355361016226,0.21518259883536656,,,cuVSLAM,,
2793,1761211804426,26.80693194270134,4.577722400426865,-3.021486569195986,0.010282878819148552,0.039010184981989875,0.21492063386564092,,,cuVSLAM,,
2794,1761211804443,26.747580617666245,4.635864868760109,-2.9412666335701942,0.010320005194914026,0.03900998102059644,0.21446976257448697,,,cuVSLAM,,
2795,1761211804459,26.763170957565308,4.726123064756393,-3.2050320878624916,0.010303312703322152,0.038763331294762234,0.21363269214573882,,,cuVSLAM,,
2796,1761211804476,26.731111109256744,4.6557169407606125,-2.80661229044199,0.010260552594927988,0.03893103264375917,0.21245752332927156,,,cuVSLAM,,
2797,1761211804493,26.736926287412643,4.74148616194725,-2.5540278293192387,0.010146921943553011,0.039061755253934974,0.21068114991742598,,,cuVSLAM,,
2798,1761211804509,26.59367397427559,4.611337557435036,-2.6564355939626694,0.010072880082595742,0.038968825540421484,0.20885135543679675,,,cuVSLAM,,
2799,1761211804526,26.628296822309494,4.583058878779411,-2.7393135242164135,0.009961340072694525,0.038911471641534016,0.20596027322688332,,,cuVSLAM,,
2800,1761211804543,26.67437121272087,4.557771608233452,-3.3044335432350636,0.009752627723419475,0.03870576724376985,0.20047092211052006,,,cuVSLAM,,
2801,1761211804559,26.81979537010193,3.885626792907715,-2.899975050240755,0.009593206452046964,0.039113385403234356,0.19299882860546788,,,cuVSLAM,,
2802,1761211804576,26.95540338754654,3.691965714097023,-3.216271288692951,0.009277701004794962,0.03903788361880812,0.18407630691179758,,,cuVSLAM,,
2803,1761211804593,27.089864015579224,3.5653337836265564,-3.139390144497156,0.009112211438173,0.03908481633389247,0.17516112726024588,,,cuVSLAM,,
2804,1761211804609,27.19012275338173,3.0712448060512543,-2.7243243530392647,0.009049285718574052,0.03933106950199921,0.16710883301393722,,,cuVSLAM,,
2805,1761211804626,27.388397604227066,2.6196669787168503,-2.5838310830295086,0.008896841456504887,0.03944840693071399,0.15772866999231971,,,cuVSLAM,,
2806,1761211804643,27.473781257867813,1.9636228680610657,-2.9437029734253883,0.008687304594201282,0.03926990812118666,0.14536865664775292,,,cuVSLAM,,
2807,1761211804659,27.56144478917122,1.4337170869112015,-2.6449752040207386,0.008414550682434489,0.039516189603745346,0.13052460335369928,,,cuVSLAM,,
2808,1761211804676,27.616146951913834,0.5678832530975342,-2.8509553521871567,0.008209389532478264,0.039366517800708385,0.11582154545372747,,,cuVSLAM,,
2809,1761211804693,27.787845581769943,0.08966531459009275,-1.177293132059276,0.007890762814439466,0.04040907423472558,0.10184438919125147,,,cuVSLAM,,
2810,1761211804709,27.78957597911358,-0.6730759632773697,-1.0698061669245362,0.0077661664024519525,0.040409441637854294,0.08800469245668405,,,cuVSLAM,,
2811,1761211804726,27.84736454486847,-1.153720309957862,-1.1267991503700614,0.007635345444557912,0.04038359655508535,0.07269485088587085,,,cuVSLAM,,
2812,1761211804743,27.894863858819008,-1.798655721358955,-0.9011976653710008,0.007313414746840825,0.04057920399032883,0.05639746379480025,,,cuVSLAM,,
2813,1761211804759,27.971073985099792,-2.6326612569391727,-0.7709246128797531,0.006963434306290011,0.04075884173070415,0.0406199540524514,,,cuVSLAM,,
2814,1761211804776,28.065580874681473,-3.184407949447632,-1.4195218682289124,0.006608157295179407,0.04044599614145991,0.02585675796150653,,,cuVSLAM,,
2815,1761211804793,28.03763374686241,-3.773117670789361,-1.4950857730582356,0.006321811603060132,0.04043047078953486,0.01207597005469418,,,cuVSLAM,,
2816,1761211804809,28.085919097065926,-4.245148040354252,-1.1447952128946781,0.00604428606358633,0.04063281072980828,-0.0011758165087236586,,,cuVSLAM,,
2817,1761211804826,27.97648124396801,-4.946278873831034,-1.2155360309407115,0.005820467885580717,0.040534493638427774,-0.014017607442998799,,,cuVSLAM,,
2818,1761211804843,27.90287882089615,-5.510244518518448,-1.5046501066535711,0.00547068671751641,0.04033429305254585,-0.027263959631643898,,,cuVSLAM,,
2819,1761211804859,27.93397195637226,-5.8519067242741585,-1.5758166555315256,0.005056827993116422,0.04034432433382138,-0.04191312910453654,,,cuVSLAM,,
2820,1761211804876,28.07793952524662,-6.2493616715073586,-1.1928085004910827,0.004537592303198319,0.040663942214613835,-0.05752037773833209,,,cuVSLAM,,
2821,1761211804893,28.034768998622894,-6.95545831695199,-1.4097244711592793,0.0041244228131301205,0.040586807610066486,-0.07273095286204861,,,cuVSLAM,,
2822,1761211804909,28.008470311760902,-7.187018170952797,-1.5364030841737986,0.0036707970031839604,0.040577358059186226,-0.08790789296631871,,,cuVSLAM,,
2823,1761211804926,27.889519929885864,-7.939374074339867,-1.560776960104704,0.0032730905088001715,0.04058565167866838,-0.10351107700427936,,,cuVSLAM,,
2824,1761211804943,27.87625975906849,-8.567947894334793,-1.5764066483825445,0.002805579433907528,0.040591291208406384,-0.12096951935706406,,,cuVSLAM,,
2825,1761211804959,27.76467800140381,-9.238600730895996,-1.8492471426725388,0.0023638635127577116,0.040395418028801984,-0.13961960792438266,,,cuVSLAM,,
2826,1761211804976,27.66239456832409,-9.728755801916122,-1.3269685441628098,0.0018206470974384918,0.04062884529565535,-0.1577170599880315,,,cuVSLAM,,
2827,1761211804993,27.51815691590309,-10.277779772877693,-1.162951928563416,0.001404694584029671,0.040600888361427466,-0.17381396737256663,,,cuVSLAM,,
2828,1761211805009,27.396811172366142,-10.853436775505543,-1.4467990258708596,0.0009399582413836858,0.040292996657758325,-0.18840852348812817,,,cuVSLAM,,
2829,1761211805026,27.17515453696251,-11.445297859609127,-1.305523095652461,0.0006534705655438352,0.04024562663633793,-0.2025539055823048,,,cuVSLAM,,
2830,1761211805043,27.05114148557186,-11.954200454056263,-1.1136215180158615,0.00030672727051794774,0.04027629394188178,-0.2168957773223776,,,cuVSLAM,,
2831,1761211805059,26.877596974372864,-12.550978921353817,-1.3083148514851928,8.547253335031003e-05,0.040062926775597356,-0.23138669148340177,,,cuVSLAM,,
2832,1761211805076,26.683390140533447,-13.296617195010185,-1.2187121901661158,-6.436566440682604e-05,0.04006436269913083,-0.2460017012357151,,,cuVSLAM,,
2833,1761211805093,26.490628719329834,-13.995208777487278,-1.123769790865481,-0.00026429084631987397,0.040138596448006124,-0.26126376647576816,,,cuVSLAM,,
2834,1761211805109,26.31724625825882,-14.465724118053913,-1.3804702321067452,-0.000510249440244488,0.04001426503190219,-0.277646386195691,,,cuVSLAM,,
2835,1761211805126,25.96970647573471,-15.738207846879959,-1.6443843487650156,-0.0007049935172402095,0.03988242006070574,-0.29380439466313163,,,cuVSLAM,,
2836,1761211805143,25.81612952053547,-16.07462763786316,-1.5131516847759485,-0.0010978398851430615,0.04000017791448526,-0.310124151204659,,,cuVSLAM,,
2837,1761211805159,25.62398836016655,-16.783734783530235,-1.6974556492641568,-0.0014478671502824783,0.03990748033688531,-0.3256788939158472,,,cuVSLAM,,
2838,1761211805176,25.42349137365818,-17.407149076461792,-1.3464292278513312,-0.0019053700150657102,0.04011716636866365,-0.3406848852072957,,,cuVSLAM,,
2839,1761211805193,25.126392021775246,-18.157267943024635,-1.343347830697894,-0.002273026054585143,0.040115973624058145,-0.35532385985681264,,,cuVSLAM,,
2840,1761211805210,24.89110454916954,-18.869996070861816,-1.2693897588178515,-0.0026836330722808176,0.04017537399583218,-0.3695473771275788,,,cuVSLAM,,
2841,1761211805226,24.6551726013422,-19.364723935723305,-1.2694612378254533,-0.0030265395576248417,0.0401348130304007,-0.3828605944044103,,,cuVSLAM,,
2842,1761211805243,24.616407230496407,-19.953295588493347,-0.6882812012918293,-0.0035038389106914272,0.040418328391258085,-0.39472805251093973,,,cuVSLAM,,
2843,1761211805259,24.292245507240295,-20.45295573771,-1.0443368228152394,-0.003764304950125951,0.04013984693737803,-0.4061415918220863,,,cuVSLAM,,
2844,1761211805276,24.04738962650299,-20.724961534142494,-1.0817453730851412,-0.004082216202832305,0.0400653491667807,-0.4179720564200077,,,cuVSLAM,,
2845,1761211805293,23.790037259459496,-21.219946444034576,-0.8501654956489801,-0.004440642340917531,0.04018347272747853,-0.4296697031858329,,,cuVSLAM,,
2846,1761211805309,23.558927699923515,-21.727845072746277,-0.4519162466749549,-0.004813797221441617,0.0404158760160954,-0.44091208662179293,,,cuVSLAM,,
2847,1761211805326,23.42890575528145,-21.96981944143772,-0.6273904582485557,-0.005063670061280242,0.04026724615916265,-0.4514313368983399,,,cuVSLAM,,
2848,1761211805343,23.189913481473923,-22.41005189716816,-0.07387204095721245,-0.0053149581995938265,0.04049245056771075,-0.46091052560918183,,,cuVSLAM,,
2849,1761211805359,22.939996793866158,-22.680768743157387,-0.3397237160243094,-0.005476372710104738,0.04021971720918398,-0.47017240864110493,,,cuVSLAM,,
2850,1761211805376,22.76042476296425,-23.157604038715363,0.18379453103989363,-0.005715276705136717,0.04046888233919748,-0.4795097248514593,,,cuVSLAM,,
2851,1761211805393,22.5452221930027,-23.48671294748783,-0.018678954802453518,-0.005820786428340545,0.04030704870001915,-0.48971965654154004,,,cuVSLAM,,
2852,1761211805409,22.374123334884644,-23.860938847064972,0.13381976168602705,-0.006050369761072028,0.04037015497968089,-0.5009059775985982,,,cuVSLAM,,
2853,1761211805426,21.967489272356033,-24.874502792954445,-0.21424685837700963,-0.006121936777861494,0.04015405994858986,-0.5124882869582095,,,cuVSLAM,,
2854,1761211805443,21.813973784446716,-25.36911703646183,0.3462388413026929,-0.0064622078873676665,0.0405012192253139,-0.5246846552995712,,,cuVSLAM,,
2855,1761211805459,21.57379873096943,-25.776226073503494,0.26028300635516644,-0.006856610935897331,0.040486088079905835,-0.5380069273273433,,,cuVSLAM,,
2856,1761211805476,21.243270486593246,-26.527676731348038,0.34158199559897184,-0.007262617113786012,0.040550253876559916,-0.55194074725277,,,cuVSLAM,,
2857,1761211805493,20.998526364564896,-26.741966605186462,-0.07456389721482992,-0.0076592932767178675,0.040281211401879256,-0.5661852259269277,,,cuVSLAM,,
2858,1761211805509,20.585238933563232,-27.23047323524952,-0.07134070619940758,-0.008140162266367379,0.040180460791791224,-0.5798017833339595,,,cuVSLAM,,
2859,1761211805526,20.414303988218307,-27.104591950774193,-0.7786950445733964,-0.008487005955412038,0.03963246723410334,-0.5928861102506351,,,cuVSLAM,,
2860,1761211805543,20.4898864030838,-27.002718299627304,-1.17115443572402,-0.008957186413321253,0.03927892784007421,-0.6048516804167777,,,cuVSLAM,,
2861,1761211805559,20.35757526755333,-27.02389471232891,-1.1977322865277529,-0.009354931091267503,0.03919166704618526,-0.6157638876684842,,,cuVSLAM,,
2862,1761211805576,20.024918019771576,-27.13618241250515,-1.2266661506146193,-0.009710166748505838,0.039127275078807026,-0.6257815456259888,,,cuVSLAM,,
2863,1761211805593,19.73428949713707,-27.462823316454887,-1.3011291157454252,-0.009962507728833656,0.03909657646494231,-0.6351522802926153,,,cuVSLAM,,
2864,1761211805609,19.441314041614532,-27.966195717453957,-1.172897987999022,-0.010290471143969908,0.039135295070955596,-0.6437107605388599,,,cuVSLAM,,
2865,1761211805626,19.242091104388237,-28.310786932706833,-1.0730056092143059,-0.010552184753803916,0.039236565976966085,-0.6516860648809336,,,cuVSLAM,,
2866,1761211805643,19.14239302277565,-28.248073533177376,-1.1025700950995088,-0.010737823266817645,0.039264553055756664,-0.6594820096647775,,,cuVSLAM,,
2867,1761211805659,18.839586526155472,-28.60288880765438,-1.2552704429253936,-0.01087710282797457,0.03922359495697732,-0.6667871433961862,,,cuVSLAM,,
2868,1761211805676,18.667250871658325,-28.671681880950928,-1.3404331402853131,-0.011064878115518071,0.039181286520815296,-0.6740476433075534,,,cuVSLAM,,
2869,1761211805693,18.388867378234863,-28.7312138825655,-1.7791101709008217,-0.011070616255934324,0.03886482690693859,-0.6810958188615183,,,cuVSLAM,,
2870,1761211805709,18.227271735668182,-29.081715270876884,-1.3191925827413797,-0.011351463143458926,0.039013603763877726,-0.6876208940731835,,,cuVSLAM,,
2871,1761211805726,18.049564212560654,-29.32378463447094,-1.2018175330013037,-0.011506590242640422,0.038980952949872735,-0.693816476920762,,,cuVSLAM,,
2872,1761211805743,17.890680581331253,-29.263338074088097,-1.382327638566494,-0.011590450839948092,0.03875274714622909,-0.6993704180004364,,,cuVSLAM,,
2873,1761211805759,18.40844936668873,-29.70018796622753,-0.8321483619511127,-0.011783432571070373,0.03905173936207288,-0.7036206106422178,,,cuVSLAM,,
2874,1761211805776,18.810154870152473,-29.260657727718353,-1.9403882324695587,-0.01177371817487753,0.0383772102052646,-0.706548164814556,,,cuVSLAM,,
2875,1761211805793,18.83925497531891,-29.014281928539276,-2.4264962412416935,-0.011729058416100316,0.038069813454778015,-0.7076849938862142,,,cuVSLAM,,
2876,1761211805810,18.729601055383682,-28.992783278226852,-2.7036312967538834,-0.01170342484968487,0.03792174121270621,-0.7080053560381133,,,cuVSLAM,,
2877,1761211805826,18.809186294674873,-29.14605475962162,-2.5214790366590023,-0.011721477656926741,0.038065924142181316,-0.7081194845491596,,,cuVSLAM,,
2878,1761211805843,18.769506365060806,-29.430022463202477,-2.324966015294194,-0.011613487290211017,0.03824041827568746,-0.7081310745898237,,,cuVSLAM,,
2879,1761211805860,18.725769594311714,-29.497554525732994,-2.429747488349676,-0.011529687380706139,0.03821326053858021,-0.7082177348463013,,,cuVSLAM,,
2880,1761211805876,18.683001399040222,-29.55758385360241,-2.373757306486368,-0.011446603633419962,0.038246523099659466,-0.7081775606092503,,,cuVSLAM,,
2881,1761211805893,18.736422061920166,-29.25565466284752,-2.8017694130539894,-0.011323447660605154,0.03798250348369386,-0.7079950156957614,,,cuVSLAM,,
2882,1761211805909,18.80374178290367,-29.523758217692375,-2.3963218554854393,-0.011415289429196757,0.03818980105182995,-0.7062811738415012,,,cuVSLAM,,
2883,1761211805926,18.780328333377838,-29.54973466694355,-2.462238073348999,-0.011335317953662473,0.03809607381391266,-0.7037667466474605,,,cuVSLAM,,
2884,1761211805943,18.817491829395294,-29.482504352927208,-2.493085339665413,-0.011322738961818726,0.03805242543513177,-0.7011552262303604,,,cuVSLAM,,
2885,1761211805960,18.825169652700424,-29.28592637181282,-2.3103912826627493,-0.01125244926237349,0.03812787678959819,-0.6984291509106292,,,cuVSLAM,,
2886,1761211805976,18.874337896704674,-29.16518971323967,-2.272006357088685,-0.01117511655943761,0.03813315038246527,-0.6950195791192751,,,cuVSLAM,,
2887,1761211805993,19.130704924464226,-29.409030452370644,-1.814087270759046,-0.01123955681334282,0.03841590014215079,-0.6901573384470501,,,cuVSLAM,,
2888,1761211806010,19.41242627799511,-29.21794354915619,-1.6804258339107037,-0.011101366102948176,0.03854962640513471,-0.6838970717864111,,,cuVSLAM,,
2889,1761211806026,19.847335293889046,-28.85298989713192,-1.439276384189725,-0.010979930629513577,0.038821624720612714,-0.6769106712876821,,,cuVSLAM,,
2890,1761211806043,19.94776353240013,-28.642194345593452,-1.6612858744338155,-0.010757980634082221,0.038800578702641385,-0.6692180701575998,,,cuVSLAM,,
2891,1761211806060,20.256243646144867,-28.552692383527756,-1.675704144872725,-0.010466738353052249,0.03890733495619546,-0.6613332336880303,,,cuVSLAM,,
2892,1761211806076,20.473357290029526,-28.371799737215042,-1.615470857359469,-0.010222604823116417,0.03905723501751498,-0.653662051307008,,,cuVSLAM,,
2893,1761211806093,20.569153130054474,-28.215350583195686,-1.6889235703274608,-0.00993253977498374,0.03906278909771369,-0.6462055648057691,,,cuVSLAM,,
2894,1761211806109,20.677179098129272,-28.427649289369583,-1.3231593184173107,-0.009828347849425167,0.0392787846796477,-0.6386423275995793,,,cuVSLAM,,
2895,1761211806126,20.823393017053604,-28.17288041114807,-1.0670392075553536,-0.009628034327370116,0.039403592529227496,-0.6310289568822572,,,cuVSLAM,,
2896,1761211806143,20.879782736301422,-27.77373045682907,-1.0612374171614647,-0.00946552233179335,0.039324801169419873,-0.6227774667214216,,,cuVSLAM,,
2897,1761211806159,21.224375814199448,-27.393463999032974,-1.0701637947931886,-0.009277900597835823,0.03930721823385943,-0.6140560805679953,,,cuVSLAM,,
2898,1761211806176,21.3111974298954,-27.20797061920166,-1.1417737696319818,-0.00903661719204012,0.039316842147494924,-0.6049680993159031,,,cuVSLAM,,
2899,1761211806193,21.523943170905113,-26.971327140927315,-1.0388661175966263,-0.008729894389288185,0.03950112597654307,-0.5960002133174751,,,cuVSLAM,,
2900,1761211806209,21.603666245937347,-27.0591601729393,-0.7881742785684764,-0.00839209765438923,0.03982205347042746,-0.5871530941283584,,,cuVSLAM,,
2901,1761211806226,21.950075402855873,-26.827393099665642,-1.0603615082800388,-0.008099546171662985,0.03986874330664395,-0.5783275007758953,,,cuVSLAM,,
2902,1761211806259,22.602837532758713,-25.975320488214493,-0.9630885324440897,-0.007570366182383147,0.04014714713400486,-0.5578994576435703,,,cuVSLAM,,
2903,1761211806276,22.567421197891235,-26.030033826828003,-0.6747975712642074,-0.007237307128938008,0.04027526731017206,-0.544684721323483,,,cuVSLAM,,
2904,1761211806293,22.921742871403694,-25.466395542025566,-0.6954226410016418,-0.006936685372468074,0.0402785947919418,-0.5303071040859946,,,cuVSLAM,,
2905,1761211806309,23.154083639383316,-24.586839601397514,0.04727010673377663,-0.006483470022403607,0.040814550934511404,-0.5157539987051067,,,cuVSLAM,,
2906,1761211806326,23.498188704252243,-24.144001305103302,0.07574303890578449,-0.006116039749197397,0.04091485345643961,-0.5016429601048096,,,cuVSLAM,,
2907,1761211806343,23.86169508099556,-23.648370057344437,0.00528530654264614,-0.005699707269102211,0.040995788011194495,-0.4882555048915379,,,cuVSLAM,,
2908,1761211806359,24.085622280836105,-23.407546803355217,0.041422787035116926,-0.005231420817824824,0.041127271042506436,-0.4746590850068544,,,cuVSLAM,,
2909,1761211806376,24.40723031759262,-22.868026047945023,-0.026560250262264162,-0.0047300651110112075,0.04113267890383411,-0.4601396608974709,,,cuVSLAM,,
2910,1761211806393,24.688811972737312,-22.369442507624626,-0.1654850784689188,-0.0042461172045337725,0.04110756547594424,-0.44431781991599206,,,cuVSLAM,,
2911,1761211806409,24.88500624895096,-21.854961290955544,-0.07663818541914225,-0.0038498972412641347,0.04127212110208614,-0.4281766923064911,,,cuVSLAM,,
2912,1761211806426,25.188615545630455,-21.349990740418434,-0.12407467875164002,-0.0034287819851291004,0.04138292774868219,-0.4131858622860801,,,cuVSLAM,,
2913,1761211806443,25.470305234193802,-20.864123478531837,-0.01944401446962729,-0.003084102322904422,0.041537571036079475,-0.39933418203665033,,,cuVSLAM,,
2914,1761211806459,25.76625533401966,-20.34205198287964,-0.16625688294880092,-0.002809013691548485,0.041460817866711956,-0.3857527826520545,,,cuVSLAM,,
2915,1761211806476,25.746416300535202,-19.857779145240784,-0.04174374771537259,-0.0025167507253900934,0.04150946864599028,-0.3715621074402357,,,cuVSLAM,,
2916,1761211806493,26.077553629875183,-19.057365134358406,-0.08455420902464539,-0.002253675799980704,0.04148628841046026,-0.35717192271071657,,,cuVSLAM,,
2917,1761211806509,26.304729282855988,-18.434198573231697,0.06541777838720009,-0.0019430963284889375,0.041699354727708575,-0.3429091489128219,,,cuVSLAM,,
2918,1761211806526,26.412999257445335,-18.10155063867569,-0.06056631536921486,-0.0015841296963814682,0.0418046622062074,-0.3292234915387993,,,cuVSLAM,,
2919,1761211806543,26.847664266824722,-17.50974729657173,-0.21961929451208562,-0.00130461620977354,0.04189809337754522,-0.315815706616848,,,cuVSLAM,,
2920,1761211806559,26.84186026453972,-17.19030737876892,-0.015215780877042562,-0.0009368606401854582,0.04214368033009713,-0.30118345241201727,,,cuVSLAM,,
2921,1761211806576,27.155861258506775,-16.362428665161133,-0.036376542993821204,-0.0005841899713069117,0.04221223271144976,-0.28550645051665374,,,cuVSLAM,,
2922,1761211806593,27.18101069331169,-15.987550839781761,-0.004148547304794192,-9.947550472736227e-05,0.04226231244647411,-0.2685691234170544,,,cuVSLAM,,
2923,1761211806609,27.322236448526382,-15.327919274568558,-0.006523507181555033,0.0003300742686331447,0.042312911511121244,-0.25169128773633775,,,cuVSLAM,,
2924,1761211806626,27.573563158512115,-14.752392657101154,0.07516883488278836,0.0007992955947230267,0.04243200082442237,-0.2349672257204439,,,cuVSLAM,,
2925,1761211806643,27.658957988023758,-13.967175036668777,0.0600596540607512,0.0011772033949079199,0.04244647041059059,-0.2180981000538749,,,cuVSLAM,,
2926,1761211806659,27.742303907871246,-13.342169113457203,-0.020861567463725805,0.0016222844196447873,0.04240674338489923,-0.20029742374987636,,,cuVSLAM,,
2927,1761211806676,27.905333787202835,-12.685786932706833,0.16476705786772072,0.002141443155030091,0.04255211810095888,-0.18156511829644478,,,cuVSLAM,,
2928,1761211806693,28.1488336622715,-11.830206960439682,0.017945931176654994,0.002665146205432792,0.042600089847215576,-0.16243608548900154,,,cuVSLAM,,
2929,1761211806709,28.23014371097088,-11.078722774982452,0.5594925605691969,0.003162171892050535,0.04303186349986937,-0.14335138236928419,,,cuVSLAM,,
2930,1761211806726,28.445564210414886,-10.382376611232758,0.3225382533855736,0.0036192201409872816,0.042991695531351036,-0.1246039730226609,,,cuVSLAM,,
2931,1761211806743,28.48685346543789,-9.483562782406807,0.7253437070176005,0.0040410564939085255,0.04328583275997145,-0.10593444163324299,,,cuVSLAM,,
2932,1761211806759,28.524145483970642,-8.789539337158203,0.6155601004138589,0.00446459162403036,0.04327446605780528,-0.08654386898033874,,,cuVSLAM,,
2933,1761211806776,28.595345094799995,-8.52152518928051,0.2869788440875709,0.004965982072786044,0.043100619604963496,-0.0661838475609892,,,cuVSLAM,,
2934,1761211806793,28.498848900198936,-8.222488686442375,0.06791217310819775,0.005515366453786014,0.04300542401292068,-0.04583576709362633,,,cuVSLAM,,
2935,1761211806809,28.612002730369568,-7.479660212993622,-0.5482516717165709,0.005986469905641385,0.042726704231342116,-0.02683596270934817,,,cuVSLAM,,
2936,1761211806843,28.45027670264244,-7.121728733181953,-0.6957249715924263,0.006933476053062628,0.04272044884121442,0.010550314082685489,,,cuVSLAM,,
2937,1761211806859,28.396330773830414,-6.319977343082428,-0.31421909807249904,0.0074164428290646525,0.04293019002803317,0.029656163064636955,,,cuVSLAM,,
2938,1761211806876,28.24900485575199,-5.551746115088463,-0.7077365880832076,0.00792617174803838,0.04266124946554326,0.049775498863285174,,,cuVSLAM,,
2939,1761211806893,28.322909027338028,-4.3443795293569565,-0.5590296350419521,0.008490288706186074,0.04280373253903632,0.07018427180400909,,,cuVSLAM,,
2940,1761211806909,28.26567552983761,-3.711652010679245,-0.8594982791692019,0.009047025477286051,0.04276075770657489,0.0906161205359783,,,cuVSLAM,,
2941,1761211806926,28.668435290455818,-2.5839749723672867,-0.04741335578728467,0.009575894370374911,0.043479472894581664,0.11014103844097264,,,cuVSLAM,,
2942,1761211806943,28.627818450331688,-2.2600609809160233,0.1507536944700405,0.010032971031550118,0.04376788931082737,0.12964918131567557,,,cuVSLAM,,
2943,1761211806959,28.484055772423744,-0.9590163826942444,-0.4951140144839883,0.01044820139683685,0.043445985397398953,0.14824852074577577,,,cuVSLAM,,
2944,1761211806976,28.562109917402267,-0.07403828203678131,0.5331654101610184,0.01095679128674469,0.044149044937155144,0.16686929718190854,,,cuVSLAM,,
2945,1761211806993,28.3335167914629,0.06975792348384857,0.5926867597736418,0.011428633695983337,0.04410199399728123,0.18561038315506367,,,cuVSLAM,,
2946,1761211807009,28.15047651529312,1.102641224861145,-0.00841137079987675,0.011746291131996423,0.043642539177301175,0.20299963419297393,,,cuVSLAM,,
2947,1761211807026,27.899974957108498,1.6081370413303375,-0.8992720395326614,0.012098489810841108,0.042975655417474695,0.2196990833491773,,,cuVSLAM,,
2948,1761211807043,27.712814509868622,2.1270811557769775,-1.087572192773223,0.012619177722007463,0.04272548287174215,0.23558552007103234,,,cuVSLAM,,
2949,1761211807059,27.442779392004013,2.3220423609018326,-0.8189093205146492,0.013015989325394458,0.042869026776744146,0.25131709657472934,,,cuVSLAM,,
2950,1761211807076,27.49524638056755,3.3136457204818726,-0.9942938340827823,0.013348269754066633,0.04282175841280948,0.2665049929911218,,,cuVSLAM,,
2951,1761211807093,27.188433334231377,3.000132739543915,-0.9849440539255738,0.013937919625146795,0.04286922321735751,0.2829145723290014,,,cuVSLAM,,
2952,1761211807109,27.047980576753616,3.987979143857956,-0.7701960275880992,0.014286819960835098,0.043110714262884695,0.29922483464923444,,,cuVSLAM,,
2953,1761211807126,26.876457035541534,4.891904070973396,-0.7541276863776147,0.014763159651977395,0.04320021902284474,0.3160706724772185,,,cuVSLAM,,
2954,1761211807143,26.69982612133026,5.578441545367241,-0.8292552083730698,0.01520375936135001,0.04324570525943192,0.33354449071083747,,,cuVSLAM,,
2955,1761211807159,26.521900668740273,6.418982520699501,-0.7558704819530249,0.015703793759640747,0.04326872444648631,0.35145560011748245,,,cuVSLAM,,
2956,1761211807176,26.456717401742935,8.388815447688103,-1.1142896255478263,0.016086621015127867,0.04297120070193387,0.36900415082584087,,,cuVSLAM,,
2957,1761211807193,26.41480602324009,9.153017774224281,-0.506661250256002,0.01649030075374887,0.043308480736748166,0.38734748320504003,,,cuVSLAM,,
2958,1761211807210,26.85360610485077,9.951054118573666,-0.4260975692886859,0.016601167895221258,0.04332490894041286,0.4057124590158356,,,cuVSLAM,,
2959,1761211807226,26.459790766239166,10.773555375635624,-0.6021953886374831,0.01694570211122221,0.04312183279582247,0.4236055712125333,,,cuVSLAM,,
2960,1761211807243,26.375748217105865,11.233171448111534,-0.5576378898695111,0.017404724713563042,0.04310580633525137,0.44130188846906804,,,cuVSLAM,,
2961,1761211807259,26.054326444864273,11.878742836415768,-0.5176856648176908,0.017783429050802695,0.043180108658810376,0.4579396737038969,,,cuVSLAM,,
2962,1761211807276,25.82716755568981,12.488587759435177,-0.7476067985408008,0.01813097350465151,0.043137713165293405,0.4735941488177424,,,cuVSLAM,,
2963,1761211807293,25.660119950771332,12.927350588142872,-0.5855190684087574,0.018512493223832,0.04332825571145413,0.4888122431856332,,,cuVSLAM,,
2964,1761211807309,25.52015148103237,13.349886052310467,-0.5170208751223981,0.018872941652549068,0.04340031941468228,0.5040288111428672,,,cuVSLAM,,
2965,1761211807326,25.162160396575928,13.96709680557251,-0.6019604625180364,0.01921775647474956,0.043300268706528644,0.5194246017811484,,,cuVSLAM,,
2966,1761211807343,24.869900196790695,14.406428672373295,-0.4336981219239533,0.01968793487837657,0.043271069193353204,0.5353108273302974,,,cuVSLAM,,
2967,1761211807359,24.414943531155586,14.921626076102257,-0.4352792748250067,0.020135445822515738,0.043103636974083925,0.5514339648147311,,,cuVSLAM,,
2968,1761211807376,23.976827040314674,15.421716496348381,-0.4105354018975049,0.02062329241068171,0.04298720200011544,0.5675224963034725,,,cuVSLAM,,
2969,1761211807393,23.72864820063114,15.830187126994133,-0.5299501935951412,0.02106775690113719,0.042853035579948774,0.5831778913933917,,,cuVSLAM,,
2970,1761211807409,23.518292233347893,16.21735468506813,-0.5150421056896448,0.021432517360605977,0.042885045891281254,0.5982332285339793,,,cuVSLAM,,
2971,1761211807426,23.11776392161846,16.852697357535362,-0.2221813629148528,0.021791218738817432,0.04306190426631927,0.6127509286158108,,,cuVSLAM,,
2972,1761211807443,22.832617163658142,17.260827124118805,-0.29826973332092166,0.022121519684324065,0.04304542901992597,0.6276819482622018,,,cuVSLAM,,
2973,1761211807459,22.39462174475193,17.90127158164978,-0.2754323650151491,0.022493670424156325,0.04303169903219713,0.6427671371507342,,,cuVSLAM,,
2974,1761211807476,22.0797061920166,18.24553683400154,-0.21703907987102866,0.022827573977734265,0.04300524273599977,0.6580345423531009,,,cuVSLAM,,
2975,1761211807493,21.801946684718132,18.645450472831726,-0.38716901326552033,0.023119986752626377,0.04285573278176873,0.672585148929152,,,cuVSLAM,,
2976,1761211807509,21.491775289177895,19.105535000562668,-0.1818559831008315,0.023405763979189913,0.04298554058196072,0.6858296306619336,,,cuVSLAM,,
2977,1761211807526,21.80800400674343,19.189903512597084,-0.36556454142555594,0.023650102507530486,0.04286998347571332,0.6983487685378477,,,cuVSLAM,,
2978,1761211807543,21.50614745914936,19.48763243854046,-0.3880799631588161,0.023932007904145892,0.04275137114198107,0.7101881246911788,,,cuVSLAM,,
2979,1761211807559,21.06105163693428,19.76839080452919,-0.3161840431857854,0.02427095856881565,0.042656680172670144,0.7218858782939543,,,cuVSLAM,,
2980,1761211807576,20.92580869793892,19.994128495454788,-0.16485175001434982,0.024696757285608707,0.04258587301383034,0.7337335006977321,,,cuVSLAM,,
2981,1761211807593,20.569685846567154,20.110253244638443,-0.12315448839217424,0.025110810506429458,0.04240210877418788,0.7455306848102571,,,cuVSLAM,,
2982,1761211807609,20.328497514128685,20.317643880844116,-0.2049207832897082,0.02549536871920672,0.042204141528452095,0.7569574280673895,,,cuVSLAM,,
2983,1761211807626,19.92299035191536,20.426958799362183,-0.3643134841695428,0.02582055808048112,0.042068601762968956,0.7678993703815793,,,cuVSLAM,,
2984,1761211807643,19.709935411810875,20.772118121385574,-0.18367983284406364,0.026112296266407212,0.04219740677434757,0.7784583589428417,,,cuVSLAM,,
2985,1761211807659,19.381366670131683,21.016474813222885,-0.14489932800643146,0.026403361324264477,0.04222127136142814,0.7889914873584073,,,cuVSLAM,,
2986,1761211807676,19.310029223561287,21.280139684677124,-0.2999529824592173,0.026646520450360766,0.04210966024533746,0.7996178389076711,,,cuVSLAM,,
2987,1761211807693,19.068416208028793,21.42232656478882,-0.17919728998094797,0.02691449226515064,0.04214767493927648,0.8101715556267558,,,cuVSLAM,,
2988,1761211807709,18.665866926312447,21.70480415225029,-0.09172465070150793,0.027121591079881702,0.042133914805129874,0.8204282247471053,,,cuVSLAM,,
2989,1761211807726,18.39151605963707,22.01220393180847,-0.14678528532385826,0.027290881349658284,0.04200693553868161,0.8301916078992642,,,cuVSLAM,,
2990,1761211807743,18.42738687992096,22.100549191236496,-0.27820392278954387,0.027555988335210505,0.04190692404481945,0.8389569335391586,,,cuVSLAM,,
2991,1761211807759,17.330171540379524,22.994430735707283,-0.3456282720435411,0.02767239634966271,0.041848575318652506,0.8456750012275271,,,cuVSLAM,,
2992,1761211807776,17.26812683045864,23.075487464666367,-0.3412457590457052,0.02775534391069356,0.04190075642464491,0.8517108147900001,,,cuVSLAM,,
2993,1761211807793,17.12023839354515,23.18594418466091,-0.3292036126367748,0.027849440908089745,0.041957468777357634,0.8566972293792231,,,cuVSLAM,,
2994,1761211807809,17.019690945744514,23.263506591320038,-0.3988403477706015,0.027994682786797717,0.04190615197117077,0.8606511591204292,,,cuVSLAM,,
2995,1761211807826,16.967974603176117,23.292269557714462,-0.5010230233892798,0.0281113723208596,0.041808846513526,0.8635557565022101,,,cuVSLAM,,
2996,1761211807843,16.785847023129463,23.2530664652586,-0.3796123492065817,0.02824903111401239,0.041811548734955,0.8656672247617085,,,cuVSLAM,,
2997,1761211807859,16.68763905763626,23.308368399739265,-0.31092786230146885,0.028360761838702016,0.04181435382436227,0.866953073677614,,,cuVSLAM,,
2998,1761211807876,16.846291720867157,23.17645028233528,-0.2712321002036333,0.02846626632045553,0.041865224121539764,0.8674798232596985,,,cuVSLAM,,
2999,1761211807893,16.82198792695999,23.18250574171543,-0.30977121787145734,0.02849473765683225,0.04188195201897533,0.8673539222012789,,,cuVSLAM,,
3000,1761211807909,16.83739572763443,23.137148469686508,-0.38867007242515683,0.02857853242114192,0.04188161200295908,0.8666374224541427,,,cuVSLAM,,
3001,1761211807926,16.96234941482544,23.050788789987564,-0.3826839674729854,0.028592757952495006,0.04190895427558419,0.865035368052782,,,cuVSLAM,,
3002,1761211807943,17.108971253037453,23.095380514860153,-0.5482274573296309,0.028494910108448197,0.041834702436981716,0.8621427602421751,,,cuVSLAM,,
3003,1761211807959,17.34745502471924,22.887466475367546,-0.3358203684911132,0.028420531266535234,0.04201143395179102,0.8580591927130632,,,cuVSLAM,,
3004,1761211807976,17.4461230635643,22.82130718231201,-0.424653961090371,0.028270033607099704,0.042026500157404306,0.8525600610655786,,,cuVSLAM,,
3005,1761211807993,17.832765355706215,22.589122876524925,-0.352333125192672,0.02811916179820198,0.042135166745504694,0.8459807695736354,,,cuVSLAM,,
3006,1761211808009,17.89308339357376,22.506041452288628,-0.31116188620217144,0.028002024914769417,0.04217750501346177,0.8382089742868939,,,cuVSLAM,,
3007,1761211808026,18.228227272629738,22.166244685649872,-0.28067504172213376,0.027920176329509848,0.04217440717707041,0.829460514179116,,,cuVSLAM,,
3008,1761211808043,18.52579042315483,21.894384175539017,-0.3905629855580628,0.027814615986553656,0.04206783551576106,0.8196308817174578,,,cuVSLAM,,
3009,1761211808059,18.757501617074013,21.47016115486622,-0.125987600767985,0.027709127625097137,0.04223234693699085,0.8091157920944657,,,cuVSLAM,,
3010,1761211808076,19.11403425037861,21.18881791830063,-0.08373821037821472,0.02748489372919482,0.0423309203634004,0.7976425431274395,,,cuVSLAM,,
3011,1761211808093,19.527435302734375,20.894277840852737,-0.24952058447524905,0.02720950956380969,0.04235153337639248,0.7852617864442584,,,cuVSLAM,,
3012,1761211808109,19.973985850811005,20.507795736193657,-0.0801175192464143,0.026916423200782514,0.042622940551200784,0.7724102468411199,,,cuVSLAM,,
3013,1761211808126,20.30389755964279,20.16703598201275,-0.02521637361496687,0.02661922527071584,0.04276228027892092,0.7593079144222231,,,cuVSLAM,,
3014,1761211808143,20.637430250644684,19.689342007040977,0.05974707892164588,0.02630051873450772,0.04286200552621633,0.7460396516311301,,,cuVSLAM,,
3015,1761211808159,20.928654819726944,19.37895268201828,0.1420654880348593,0.02596937145435074,0.04292695197855775,0.7325856142812053,,,cuVSLAM,,
3016,1761211808176,21.22044563293457,18.918847665190697,0.20280599710531533,0.02564553315229693,0.042906828952979946,0.7189984222631629,,,cuVSLAM,,
3017,1761211808193,21.631555631756783,18.442388623952866,0.06364044384099543,0.025271886633104344,0.04279306185458262,0.7048575787528798,,,cuVSLAM,,
3018,1761211808209,21.881872788071632,17.923668026924133,0.3229752473998815,0.024936936215024384,0.04294664678198317,0.6899666240534907,,,cuVSLAM,,
3019,1761211808226,22.149454802274704,17.559366300702095,0.30918160337023437,0.024430288352913054,0.04296729649289179,0.6743640937039825,,,cuVSLAM,,
3020,1761211808243,22.591782733798027,17.120307311415672,0.15033726231195033,0.023945140185140896,0.042952023783124835,0.6583973376859606,,,cuVSLAM,,
3021,1761211808259,22.863462567329407,16.63806103169918,0.262753659626469,0.023539942865902507,0.043087229470532666,0.6421729587064455,,,cuVSLAM,,
3022,1761211808276,23.240234702825546,16.201425343751907,0.0666124396957457,0.023112110420303162,0.04305180960926172,0.625874219626369,,,cuVSLAM,,
3023,1761211808293,23.673657327890396,15.670638531446457,-0.12355810031294823,0.0226827187139544,0.042998118284708314,0.6094360906604928,,,cuVSLAM,,
3024,1761211808309,24.01476725935936,15.131426975131035,0.11266945512033999,0.022320314234985237,0.043233984132821965,0.5924670033794815,,,cuVSLAM,,
3025,1761211808326,24.361729621887207,14.728779904544353,-0.037044170312583447,0.02190762915986198,0.04322050126597538,0.5746524800815972,,,cuVSLAM,,
3026,1761211808343,24.786734953522682,14.06867429614067,0.41764284833334386,0.0215555720096614,0.04360377530737798,0.5561749204689685,,,cuVSLAM,,
3027,1761211808359,24.896621704101562,13.652202673256397,0.20797012257389724,0.021122843461577837,0.043558590506126656,0.5368898842654569,,,cuVSLAM,,
3028,1761211808376,25.442691519856453,12.78289221227169,0.2635990094859153,0.020655494779401037,0.04374313149413466,0.5174985933644362,,,cuVSLAM,,
3029,1761211808393,25.700723752379417,12.304472737014294,0.14368307893164456,0.020108594841870598,0.04368825852529581,0.4978665003636871,,,cuVSLAM,,
3030,1761211808409,25.79810842871666,11.930856853723526,-0.1763221516739577,0.019723475630179437,0.043481719189025304,0.47847314715395234,,,cuVSLAM,,
3031,1761211808426,26.04653686285019,11.348584666848183,-0.4245013988111168,0.019341194860293977,0.043281388168188904,0.4599447530645378,,,cuVSLAM,,
3032,1761211808459,26.028349995613098,10.413721203804016,-0.17601685249246657,0.0184941993354601,0.04328312623839006,0.4246342795372231,,,cuVSLAM,,
3033,1761211808476,26.41132101416588,9.620977565646172,-0.15484591131098568,0.018115204526049818,0.04334294426417874,0.406797288969148,,,cuVSLAM,,
3034,1761211808493,26.61106549203396,8.911925368010998,0.12794675421901047,0.017552619822550436,0.04357708080506646,0.3879535849827647,,,cuVSLAM,,
3035,1761211808509,26.622746139764786,8.438067510724068,-0.03219724749214947,0.016994272407028038,0.04360814648115191,0.36820007138968597,,,cuVSLAM,,
3036,1761211808526,27.249934151768684,7.387788966298103,0.2625763590913266,0.01644459618085306,0.043925445965877816,0.34861526290428846,,,cuVSLAM,,
3037,1761211808543,27.688026428222656,6.472324952483177,0.2643025654833764,0.0159071326594466,0.04404203122813949,0.3294236463517724,,,cuVSLAM,,
3038,1761211808559,27.63943374156952,5.763562396168709,0.6280033849179745,0.015366154424172105,0.04424529645387218,0.31069638775021213,,,cuVSLAM,,
3039,1761211808576,27.853064239025116,5.12130931019783,0.4527060373220593,0.014921204604245692,0.04411019669505404,0.29229096957121575,,,cuVSLAM,,
3040,1761211808593,28.255322948098183,4.084927961230278,0.40041745523922145,0.014467642282174035,0.04405797688735432,0.27390106365478545,,,cuVSLAM,,
3041,1761211808609,28.477877378463745,2.9517095535993576,0.7535482291132212,0.013997288864951404,0.044248377268347586,0.2550572729913562,,,cuVSLAM,,
3042,1761211808626,28.65774743258953,2.287115901708603,0.5563751328736544,0.013484866070821843,0.044061324751440215,0.23575539733724998,,,cuVSLAM,,
3043,1761211808643,28.780926018953323,1.3928264379501343,0.8369539864361286,0.01294644684597583,0.04418550707042704,0.21688698751671767,,,cuVSLAM,,
3044,1761211808659,28.940118849277496,0.5904454737901688,0.590608105994761,0.012479891413282854,0.044004835768168715,0.1982782233780914,,,cuVSLAM,,
3045,1761211808676,29.165035113692284,0.17712661065161228,0.4182377888355404,0.011987073504977222,0.04393069226038753,0.17955704007379916,,,cuVSLAM,,
3046,1761211808693,29.24119122326374,-0.47561083920300007,0.5933681386522949,0.011571682470310795,0.04405632924801309,0.16085625406086557,,,cuVSLAM,,
3047,1761211808709,29.337571933865547,-1.0039261542260647,0.9949237573891878,0.01100216219703416,0.04439656911862115,0.14153788575419674,,,cuVSLAM,,
3048,1761211808726,29.407406225800514,-2.1099436562508345,1.1046595172956586,0.01041812453127371,0.044574468339912285,0.12137413852090405,,,cuVSLAM,,
3049,1761211808743,29.420195147395134,-2.7317481581121683,0.4399880417622626,0.009744045467996633,0.044292592773267817,0.09941356612406319,,,cuVSLAM,,
3050,1761211808759,29.646389186382294,-3.387956414371729,0.34672010224312544,0.009041235496910017,0.04434276077275784,0.07615963479095994,,,cuVSLAM,,
3051,1761211808776,29.657913371920586,-4.2160069569945335,0.20786910317838192,0.008313631046523384,0.04429046623003203,0.05256021928174512,,,cuVSLAM,,
3052,1761211808793,29.579542577266693,-5.035800859332085,-6.225309334695339e-05,0.007593855609885601,0.04410118860106668,0.029584511270438953,,,cuVSLAM,,
3053,1761211808809,29.636064544320107,-6.010420620441437,0.3849369823001325,0.006982551300565642,0.04423213108516869,0.007585489200303071,,,cuVSLAM,,
3054,1761211808826,29.52979877591133,-6.793878972530365,0.49986859085038304,0.0064609439560603405,0.044174864977340036,-0.014870768875338393,,,cuVSLAM,,
3055,1761211808843,29.389478266239166,-7.418008521199226,0.6239346694201231,0.005815836088089417,0.04421280211222236,-0.03929157522100659,,,cuVSLAM,,
3056,1761211808859,29.34443950653076,-8.475737646222115,0.8521119598299265,0.0052074911433402146,0.044353674768352856,-0.064898688691815,,,cuVSLAM,,
3057,1761211808876,29.292244464159012,-9.333235211670399,0.5029538297094405,0.004561202456319518,0.04408566710281182,-0.09088739858740004,,,cuVSLAM,,
3058,1761211808893,29.154155403375626,-10.036872699856758,0.8337984327226877,0.003945176678128719,0.04417786133420539,-0.11620132114899093,,,cuVSLAM,,
3059,1761211808909,29.060058295726776,-10.919295251369476,0.7923372322693467,0.0034013097897591213,0.044032386769671535,-0.13990430421990835,,,cuVSLAM,,
3060,1761211808926,28.9996936917305,-11.708258651196957,0.5243349587544799,0.0028822885738939755,0.043774127094866055,-0.16190716587362355,,,cuVSLAM,,
3061,1761211808943,28.731007128953934,-12.55358662456274,0.40838157292455435,0.0023792360402326842,0.04359508300818453,-0.18242184904952555,,,cuVSLAM,,
3062,1761211808959,28.58881652355194,-13.286941684782505,0.6649477872997522,0.0018220035926867298,0.04372723821636755,-0.203183892292252,,,cuVSLAM,,
3063,1761211808976,28.39065156877041,-14.147236943244934,0.29931182507425547,0.0013244196571202858,0.0434999719801967,-0.2247420779938753,,,cuVSLAM,,
3064,1761211808993,28.21996994316578,-14.974231831729412,0.46592680155299604,0.0007721786507492155,0.0435689006686031,-0.24621592356099783,,,cuVSLAM,,
3065,1761211809009,28.050368651747704,-15.633491799235344,0.47022002399899065,0.00024278750545854774,0.04355271344394756,-0.26721057955202093,,,cuVSLAM,,
3066,1761211809026,27.803899720311165,-16.46023616194725,0.5851297173649073,-0.00031447871642974087,0.04352806881260181,-0.28689434167570926,,,cuVSLAM,,
3067,1761211809043,27.586592361330986,-16.980715095996857,0.8730394765734673,-0.0009634551466983024,0.043595738606803214,-0.3052631050126974,,,cuVSLAM,,
3068,1761211809059,27.28334441781044,-17.31056161224842,0.9976167930290103,-0.001485284699056398,0.04356794032596926,-0.3238601721322206,,,cuVSLAM,,
3069,1761211809076,26.732947677373886,-18.3638297021389,0.7434757426381111,-0.0019036076392835476,0.04331851982644752,-0.34323597786539845,,,cuVSLAM,,
3070,1761211809093,26.323504745960236,-19.411863759160042,0.7661908166483045,-0.002466755885316215,0.043237816879810945,-0.36383738034727875,,,cuVSLAM,,
3071,1761211809109,25.8783046156168,-20.06066031754017,0.9817449608817697,-0.0030393330891014935,0.04323724059304528,-0.3840391468768588,,,cuVSLAM,,
3072,1761211809126,26.09163708984852,-19.990695640444756,0.7854530122131109,-0.003496556666366178,0.042997740783237336,-0.4030205800726751,,,cuVSLAM,,
3073,1761211809143,25.92984400689602,-21.091552451252937,0.207527496968396,-0.003740460285159756,0.04250083897914744,-0.4188880172262661,,,cuVSLAM,,
3074,1761211809159,25.45924484729767,-21.915383636951447,0.32646249746903777,-0.004175920057042957,0.04242261676895266,-0.43360733440793076,,,cuVSLAM,,
3075,1761211809176,25.153959169983864,-22.613592445850372,0.10665052104741335,-0.004570118921857219,0.042259769140501606,-0.44931341640316474,,,cuVSLAM,,
3076,1761211809193,24.545330554246902,-23.489005863666534,0.036856712540611625,-0.004941876311255356,0.04220872717721136,-0.46636914945736285,,,cuVSLAM,,
3077,1761211809209,24.209527298808098,-24.05053935945034,0.27677876641973853,-0.005352024128724436,0.04232151872036577,-0.48327102020074514,,,cuVSLAM,,
3078,1761211809226,24.24287050962448,-24.424664676189423,0.42882346315309405,-0.005714806474526611,0.042359850130267794,-0.4982390591730541,,,cuVSLAM,,
3079,1761211809243,23.81312847137451,-25.083161890506744,0.5860106321051717,-0.006076385426205797,0.04230786611329339,-0.510360224145493,,,cuVSLAM,,
3080,1761211809259,23.668069392442703,-25.6473571062088,0.8427018765360117,-0.006355552801810717,0.04237196287966803,-0.5208155390712504,,,cuVSLAM,,
3081,1761211809276,23.270826786756516,-26.223501190543175,0.8465228602290154,-0.006620054184356005,0.04227997336938621,-0.5305398780788549,,,cuVSLAM,,
3082,1761211809293,22.948838770389557,-26.482051238417625,0.7943359669297934,-0.006885920891291498,0.04215904734448604,-0.5404952657160561,,,cuVSLAM,,
3083,1761211809309,22.79057539999485,-26.92316100001335,1.1063594138249755,-0.007241002355642782,0.04235464987896629,-0.5505895324764873,,,cuVSLAM,,
3084,1761211809326,22.29825221002102,-27.733787894248962,1.142263994552195,-0.007454472013615142,0.0423277402481762,-0.5596154267713036,,,cuVSLAM,,
3085,1761211809343,22.39636704325676,-27.65556611120701,1.4041472459211946,-0.007785707078240976,0.042466535372496804,-0.5677895906551554,,,cuVSLAM,,
3086,1761211809359,22.533083334565163,-27.44642086327076,1.028817263431847,-0.007874764999570606,0.04219070687691775,-0.5743962015173805,,,cuVSLAM,,
3087,1761211809376,22.530220448970795,-27.324119582772255,0.8501579286530614,-0.00795095730844395,0.04199822629800117,-0.5789563329730045,,,cuVSLAM,,
3088,1761211809393,22.51860685646534,-27.42486074566841,1.0794085683301091,-0.008037991916407014,0.04206316571430024,-0.5816754529179948,,,cuVSLAM,,
3089,1761211809409,22.505884990096092,-27.40197256207466,1.043496886268258,-0.008045346498002941,0.041977997427789,-0.5830511114229926,,,cuVSLAM,,
3090,1761211809426,22.516945376992226,-27.40275301039219,0.988901243545115,-0.007992496994017322,0.04191164349549772,-0.583104801519311,,,cuVSLAM,,
3091,1761211809443,22.274881601333618,-27.65204757452011,0.9256822522729635,-0.007824028851777727,0.04181647382087609,-0.5816297789307013,,,cuVSLAM,,
3092,1761211809459,22.274890914559364,-27.798959985375404,1.3082304503768682,-0.0076168211907014826,0.041994291914593654,-0.5781305151741196,,,cuVSLAM,,
3093,1761211809476,22.497886791825294,-27.28378027677536,1.4423312386497855,-0.007472664181027265,0.04203126458677478,-0.5727220350282655,,,cuVSLAM,,
3094,1761211809493,22.51485548913479,-27.72430144250393,1.68575718998909,-0.007228935059214256,0.042235048424836795,-0.5650054277344798,,,cuVSLAM,,
3095,1761211809509,22.664742544293404,-27.225250378251076,1.7224010080099106,-0.007089052789920773,0.042332001733044314,-0.5567592449355129,,,cuVSLAM,,
3096,1761211809526,22.970475256443024,-26.744557544589043,1.1341954814270139,-0.0067433654736752556,0.04210272389438995,-0.5478170844714376,,,cuVSLAM,,
3097,1761211809543,23.146584630012512,-26.781480759382248,1.4245413476601243,-0.006486338193328828,0.04237881241825007,-0.5380094749473147,,,cuVSLAM,,
3098,1761211809559,23.480553179979324,-26.363737881183624,1.1025468120351434,-0.006213503404814403,0.04227481226401556,-0.5279550758823763,,,cuVSLAM,,
3099,1761211809576,23.496244102716446,-26.085469871759415,0.8707712404429913,-0.005780110171893305,0.04213818983994223,-0.516727970275066,,,cuVSLAM,,
3100,1761211809593,23.71964417397976,-25.95626376569271,1.264807884581387,-0.005465050815544856,0.04240924554385564,-0.504155662280631,,,cuVSLAM,,
3101,1761211809609,24.012962356209755,-25.30478872358799,1.0166033171117306,-0.005118687271122392,0.042302261476041436,-0.491217642334442,,,cuVSLAM,,
3102,1761211809626,24.267809465527534,-25.065558031201363,1.4132085489109159,-0.00483174580907083,0.04262077989792542,-0.4780415477192389,,,cuVSLAM,,
3103,1761211809643,24.290837347507477,-24.754106998443604,0.8782177465036511,-0.0044369849941190784,0.042388433804787684,-0.4652336830323343,,,cuVSLAM,,
3104,1761211809659,24.64621514081955,-24.296501651406288,0.8529196493327618,-0.004155225157049379,0.042433707189664174,-0.45272985627241585,,,cuVSLAM,,
3105,1761211809676,24.756211787462234,-24.08674731850624,1.0669628391042352,-0.0038103414843281514,0.04257346825149985,-0.43940644575524046,,,cuVSLAM,,
3106,1761211809693,24.886909872293472,-23.859161883592606,1.3196903746575117,-0.00339353864240216,0.04273001555051717,-0.42505441046482517,,,cuVSLAM,,
3107,1761211809709,25.08309856057167,-23.530088365077972,1.3618057128041983,-0.002965698820545336,0.04280392551538554,-0.4099454517049149,,,cuVSLAM,,
3108,1761211809726,25.387335568666458,-22.649211809039116,1.0258284164592624,-0.002594264053056335,0.04270595333358842,-0.39550347643953854,,,cuVSLAM,,
3109,1761211809743,25.521041825413704,-22.598950192332268,0.9428989142179489,-0.0022056214845572525,0.042762733150394965,-0.3818352915218642,,,cuVSLAM,,
3110,1761211809759,25.721020996570587,-22.062014788389206,0.9035627590492368,-0.0018766865967930627,0.042871999827387916,-0.3695236384360426,,,cuVSLAM,,
3111,1761211809776,25.979885831475258,-21.633891388773918,0.7737528067082167,-0.0016163084819981628,0.042820211007071333,-0.35698563284518936,,,cuVSLAM,,
3112,1761211809793,26.07983537018299,-21.298721432685852,1.1370825814083219,-0.0013697997620181937,0.04301410979216224,-0.3432811424247256,,,cuVSLAM,,
3113,1761211809810,26.104003190994263,-21.10670506954193,1.1744224466383457,-0.0010005868942113108,0.042995854726604124,-0.32817968832543204,,,cuVSLAM,,
3114,1761211809826,26.40625834465027,-20.471923053264618,0.9071355452761054,-0.0006527691077980011,0.04285857170133369,-0.3124439251139795,,,cuVSLAM,,
3115,1761211809843,26.546703651547432,-20.137088373303413,1.3733664527535439,-0.00024578368494315554,0.043211612867458504,-0.2965552519073352,,,cuVSLAM,,
3116,1761211809859,26.78605169057846,-19.13711428642273,0.5262858467176557,0.00014766086207739667,0.042856072773418935,-0.28214493118884676,,,cuVSLAM,,
3117,1761211809876,26.99830010533333,-18.64060014486313,0.372031208826229,0.0004906989277688824,0.04290029633584405,-0.2680984237944486,,,cuVSLAM,,
3118,1761211809893,27.15277671813965,-18.230030313134193,0.7278227712959051,0.0008685633247020345,0.04317405170825249,-0.25367808402876457,,,cuVSLAM,,
3119,1761211809909,27.247026562690735,-17.55915768444538,0.6923195905983448,0.0012997920276121985,0.0431616146207572,-0.23853924886007513,,,cuVSLAM,,
3120,1761211809927,27.280990034341812,-17.190059646964073,0.1985895651159808,0.0017267968888149152,0.04289221224853859,-0.22256022558913688,,,cuVSLAM,,
3121,1761211809943,27.53622457385063,-16.534872353076935,0.45823268010281026,0.0020999747063793293,0.04314028620531151,-0.20657964127339887,,,cuVSLAM,,
3122,1761211809959,27.93123386800289,-16.015738248825073,0.8300800109282136,0.0024460804327205883,0.043534046983595975,-0.19073722737163748,,,cuVSLAM,,
3123,1761211809976,27.902856469154358,-15.66283032298088,0.4263177397660911,0.0028178764817555755,0.04348051231585126,-0.17542728572235133,,,cuVSLAM,,
3124,1761211809993,27.9666930437088,-15.197418630123138,0.48872490879148245,0.003245966599752301,0.043601899527883396,-0.1605177162886804,,,cuVSLAM,,
3125,1761211810009,28.038091957569122,-14.60085716098547,0.16340715228579938,0.003534111367614469,0.04345218266992164,-0.14542056346991503,,,cuVSLAM,,
3126,1761211810026,28.08612585067749,-13.946508057415485,-0.2501277776900679,0.003968465567483734,0.043202041010420314,-0.1301107147170332,,,cuVSLAM,,
3127,1761211810043,28.297223150730133,-13.309755362570286,-0.4062987572979182,0.004355491931270492,0.04310211714073245,-0.11471328458162224,,,cuVSLAM,,
3128,1761211810059,28.35427038371563,-12.581940740346909,-0.47718899440951645,0.0046128157714871556,0.04313438951024128,-0.0996261427221755,,,cuVSLAM,,
3129,1761211810076,28.336109593510628,-12.41941750049591,-0.5664383061230183,0.005123886802309307,0.04314840821656913,-0.08522015654076649,,,cuVSLAM,,
3130,1761211810093,28.43768708407879,-11.614454910159111,-0.6269463337957859,0.005413352832004668,0.04318590478120214,-0.07245051449208086,,,cuVSLAM,,
3131,1761211810109,28.39263342320919,-11.21534500271082,-0.7979720830917358,0.005757685887985816,0.043114056309360944,-0.06056713810222805,,,cuVSLAM,,
3132,1761211810126,28.322219848632812,-10.882934555411339,-0.8284623036161065,0.005972025755714307,0.043122896370950625,-0.04919450769643185,,,cuVSLAM,,
3133,1761211810143,28.297578915953636,-10.26654988527298,-0.7086229743435979,0.006304798464088634,0.0431350290215841,-0.03789420556403808,,,cuVSLAM,,
3134,1761211810159,28.36560271680355,-9.919975884258747,-0.5651619285345078,0.006597866210395576,0.04313712539072824,-0.025878291560988045,,,cuVSLAM,,
3135,1761211810176,28.355615213513374,-9.076607413589954,-0.5554816452786326,0.0068840975865172346,0.0430716582718515,-0.013373765088558042,,,cuVSLAM,,
3136,1761211810193,28.37570756673813,-8.435185067355633,-0.6578989559784532,0.007222998662588922,0.04299975404845025,-0.0006845008125180753,,,cuVSLAM,,
3137,1761211810209,28.364557772874832,-8.096441626548767,-0.632423092611134,0.007475753291433108,0.043127148639576215,0.011216019360402356,,,cuVSLAM,,
3138,1761211810226,28.528491035103798,-7.328398525714874,-0.7548031862825155,0.007783298127714728,0.043199021181961984,0.021266755762211174,,,cuVSLAM,,
3139,1761211810243,28.399117290973663,-7.301852107048035,-0.7114184554666281,0.008004769495839746,0.043364608484972776,0.030414070472094372,,,cuVSLAM,,
3140,1761211810259,28.32731418311596,-7.470591925084591,-0.512527534738183,0.008225301594689252,0.0436288122480444,0.038690582054170454,,,cuVSLAM,,
3141,1761211810276,28.42947468161583,-7.040292024612427,-0.5738552426919341,0.00836977120924257,0.04366454503964639,0.04646587385494574,,,cuVSLAM,,
3142,1761211810293,28.39481458067894,-6.721797399222851,-0.6471422966569662,0.008518972683398546,0.04359455924978562,0.054830081017741505,,,cuVSLAM,,
3143,1761211810309,28.303662315011024,-6.533004343509674,-0.2938114630524069,0.008774438492168128,0.04369728504155077,0.06343980049061756,,,cuVSLAM,,
3144,1761211810326,28.140375390648842,-6.209336221218109,-0.9464998729526997,0.008963019857872543,0.04320253932536839,0.07127085095230748,,,cuVSLAM,,
3145,1761211810343,28.026917949318886,-5.97032904624939,-1.3329111970961094,0.00916595576734286,0.04287940293341647,0.0775447420292364,,,cuVSLAM,,
3146,1761211810359,27.978338301181793,-5.903313867747784,-1.0825316421687603,0.00919537736109697,0.04306036992760864,0.08205911306725365,,,cuVSLAM,,
3147,1761211810376,27.95695886015892,-5.951178260147572,-0.6095565622672439,0.009304186415212459,0.04342377672432515,0.08487181640667942,,,cuVSLAM,,
3148,1761211810393,28.21287512779236,-5.88862132281065,-0.8381586521863937,0.009334907125674327,0.04345135704315302,0.08626266982244261,,,cuVSLAM,,
3149,1761211810409,28.3342357724905,-5.811906419694424,-0.8892032783478498,0.009372595073095319,0.0435912853096432,0.08666953114243656,,,cuVSLAM,,
3150,1761211810426,28.518356382846832,-5.774189718067646,-0.5976591492071748,0.00944382958510139,0.04389293732379433,0.08660502615190874,,,cuVSLAM,,
3151,1761211810443,28.58143299818039,-5.67841250449419,-0.546162948012352,0.00941313382052819,0.0440095594548539,0.08627971492685248,,,cuVSLAM,,
3152,1761211810459,29.825666919350624,-3.3873487263917923,-0.3744037530850619,0.009340922234626764,0.0442107959547273,0.0843081149649757,,,cuVSLAM,,
3153,1761211810476,29.82974797487259,-3.600213909521699,-0.26097751106135547,0.009460328871544325,0.04421131862365068,0.08401474987692961,,,cuVSLAM,,
3154,1761211810493,29.77970987558365,-3.749479539692402,-0.43695757631212473,0.009573163336912997,0.04398475691409308,0.08371322593063885,,,cuVSLAM,,
3155,1761211810509,29.71363253891468,-3.8791236001998186,-0.1685698371147737,0.009706243188898844,0.044038056415151614,0.08344857624333071,,,cuVSLAM,,
3156,1761211810526,29.681546613574028,-4.040870349854231,-0.16369139484595507,0.009827113340774653,0.043986338931935653,0.08326785173930519,,,cuVSLAM,,
3157,1761211810543,29.652798548340797,-3.954898100346327,-0.24668133119121194,0.00985531747373131,0.04393742323397452,0.08316165394403124,,,cuVSLAM,,
3158,1761211810559,29.695361852645874,-3.9675640873610973,-0.2997360716108233,0.009914407592192375,0.04396564892648157,0.08330951528306751,,,cuVSLAM,,
3159,1761211810576,29.833929613232613,-3.8352799601852894,-0.42177512659691274,0.009903243150505036,0.04402003128939537,0.08362126460901419,,,cuVSLAM,,
3160,1761211810593,29.92650307714939,-3.9407722651958466,-0.3042163734789938,0.00992031661653571,0.04426131779906199,0.08398662070911037,,,cuVSLAM,,
3161,1761211810609,29.99814599752426,-4.036350641399622,-0.36126660415902734,0.009987393269782582,0.04443125267587473,0.08402479068799475,,,cuVSLAM,,
3162,1761211810626,30.115589499473572,-4.059279337525368,-0.47460972564294934,0.010016213292681417,0.044557168861037,0.08365068774219377,,,cuVSLAM,,
3163,1761211810643,30.261080712080002,-4.094034433364868,-0.5142478621564806,0.010031383037370716,0.044699512729047194,0.08298925454327867,,,cuVSLAM,,
3164,1761211810659,30.235331505537033,-4.091115668416023,-0.6325632566586137,0.010047198189272083,0.0446693863896779,0.08248079888676396,,,cuVSLAM,,
3165,1761211810676,30.251091346144676,-4.383645951747894,-0.4431483394000679,0.010094336892791857,0.04479993530053041,0.08218323291496268,,,cuVSLAM,,
3166,1761211810693,30.27530387043953,-4.301618784666061,-0.5577571573667228,0.01019998912600715,0.04474040361785924,0.08138692272321937,,,cuVSLAM,,
3167,1761211810709,30.315564945340157,-4.6161627396941185,-0.663819198962301,0.0103500690442263,0.044739502467839795,0.08071489154684679,,,cuVSLAM,,
3168,1761211810726,30.375417321920395,-4.919745959341526,-0.3976951993536204,0.01061522527202554,0.04503485167938338,0.08029933757838255,,,cuVSLAM,,
3169,1761211810743,30.42834997177124,-4.971886985003948,-0.6384782027453184,0.010893054410949378,0.04494631277730002,0.08031974189967656,,,cuVSLAM,,
3170,1761211810759,30.531514436006546,-4.797158762812614,-0.8853997569531202,0.011186004057090384,0.044947265113367066,0.08070805966077609,,,cuVSLAM,,
3171,1761211810776,30.569396913051605,-5.162613932043314,-0.7274778909049928,0.01141068430219887,0.04513771665253121,0.08162128456309135,,,cuVSLAM,,
3172,1761211810793,30.611669644713402,-5.4063331335783005,-0.7236959645524621,0.011571451699217333,0.045234636944704566,0.08241260137132068,,,cuVSLAM,,
3173,1761211810809,30.653394758701324,-5.463188048452139,-0.7674903608858585,0.011671459844733107,0.045324431379370526,0.08298891849705513,,,cuVSLAM,,
3174,1761211810826,30.754713341593742,-5.2584512159228325,-1.057877205312252,0.01173264003697996,0.045287526802361526,0.08332024677436055,,,cuVSLAM,,
3175,1761211810843,30.84600158035755,-5.228646099567413,-0.7225411245599389,0.01176048737251772,0.04557175057820587,0.08390641534552719,,,cuVSLAM,,
3176,1761211810859,30.80570697784424,-5.209491588175297,-0.930079142563045,0.011715707978922976,0.04549296926746747,0.08451460077969644,,,cuVSLAM,,
3177,1761211810876,30.90866096317768,-5.04181208088994,-0.911144888959825,0.01170463304887777,0.045556372881786614,0.08496883244893569,,,cuVSLAM,,
3178,1761211810892,30.964236706495285,-5.1046814769506454,-0.8718778844922781,0.011782715269155643,0.04558980678653875,0.08546510028318921,,,cuVSLAM,,
3179,1761211810909,30.954020097851753,-5.237037315964699,-0.8230870589613914,0.011883685829898958,0.04564136264358134,0.0858313071118607,,,cuVSLAM,,
3180,1761211810926,30.979814007878304,-5.412552505731583,-0.9057233110070229,0.012068342781609885,0.04557970491148333,0.0859977967541547,,,cuVSLAM,,
3181,1761211810942,30.981440097093582,-5.5302041582763195,-0.8221501484513283,0.012219858484569036,0.04562039270244558,0.0860745387791365,,,cuVSLAM,,
3182,1761211810959,30.956508591771126,-5.781021434813738,-0.7756401319056749,0.01243858648063776,0.04562750824615401,0.08619001489653426,,,cuVSLAM,,
3183,1761211810976,30.951544642448425,-5.988572724163532,-0.5963048315607011,0.012638143192935688,0.04572307405106981,0.08624379989301938,,,cuVSLAM,,
3184,1761211810992,30.96913732588291,-6.07941672205925,-0.5659433081746101,0.012763963766178126,0.04574737773908704,0.08622164913338044,,,cuVSLAM,,
3185,1761211811009,30.99164366722107,-6.102999206632376,-0.46614010352641344,0.012792844862377658,0.045831898176260995,0.08619879174823036,,,cuVSLAM,,
3186,1761211811026,30.99733404815197,-6.158864125609398,-0.48159572179429233,0.012796580034615566,0.04587025987324255,0.08621698688929283,,,cuVSLAM,,
3187,1761211811042,31.02097101509571,-6.1402651481330395,-0.6149215041659772,0.012735757099550878,0.045876736766865156,0.08622726495223468,,,cuVSLAM,,
3188,1761211811059,31.07926808297634,-5.966740660369396,-0.7345374906435609,0.012638313869733674,0.04589597508239302,0.08618291757237975,,,cuVSLAM,,
3189,1761211811076,31.160693615674973,-5.926279351115227,-0.7316842675209045,0.012584933120983221,0.04598712395850912,0.0862122236352436,,,cuVSLAM,,
3190,1761211811093,31.18741139769554,-6.001187488436699,-0.7868744432926178,0.012566492709887094,0.04603136283155543,0.08630390280154203,,,cuVSLAM,,
3191,1761211811109,31.21015429496765,-5.977177061140537,-0.8388909045606852,0.012582744220656418,0.046038086602330185,0.08630239422882426,,,cuVSLAM,,
3192,1761211811126,31.25009313225746,-6.022766698151827,-0.8639997104182839,0.012641180904686923,0.04606394391840429,0.08633715535607633,,,cuVSLAM,,
3193,1761211811143,31.2725231051445,-6.071198731660843,-0.8653879631310701,0.012703249861507582,0.04608674351030745,0.08634780146762791,,,cuVSLAM,,
3194,1761211811159,31.298819929361343,-6.164463236927986,-0.873835408128798,0.01279146633795683,0.04610688994768769,0.0863827188798274,,,cuVSLAM,,
3195,1761211811176,31.299792230129242,-6.209419574588537,-0.7798356236889958,0.012924910490613364,0.04620211614968132,0.08634188203176182,,,cuVSLAM,,
3196,1761211811192,31.294651329517365,-6.286271847784519,-0.6380809936672449,0.012995563735639974,0.04627194606135751,0.08636583086352134,,,cuVSLAM,,
3197,1761211811226,31.290069222450256,-6.384983193129301,-0.626255408860743,0.013058563070986278,0.04626307082972586,0.08640313648299622,,,cuVSLAM,,
3198,1761211811242,31.29006177186966,-6.384983658790588,-0.6262609385885298,0.0130585650959188,0.046263062492040145,0.08640310524488637,,,cuVSLAM,,
3199,1761211811259,31.302276998758316,-6.276823114603758,-0.6231669103726745,0.01302209068237788,0.046296174807615234,0.08634805679129717,,,cuVSLAM,,
3200,1761211811276,31.36821836233139,-6.178930401802063,-0.6225088145583868,0.01296706485938606,0.04634453016110431,0.08630405117600358,,,cuVSLAM,,
3201,1761211811292,31.448200345039368,-6.123552098870277,-0.5872021429240704,0.01294284455667042,0.046419580240231566,0.08628010671954159,,,cuVSLAM,,
3202,1761211811309,31.442470848560333,-6.08998816460371,-0.6404824671335518,0.012927634433054095,0.04642894110881689,0.08626671437909597,,,cuVSLAM,,
3203,1761211811326,31.459104269742966,-6.034446880221367,-0.6129605462774634,0.012908422046599172,0.046487789218910044,0.08622951214979795,,,cuVSLAM,,
3204,1761211811343,31.468480825424194,-6.040208041667938,-0.5724246730096638,0.012928756662869337,0.04654043647036976,0.08622763602274101,,,cuVSLAM,,
3205,1761211811359,31.468477100133896,-6.040208041667938,-0.5724275251850486,0.012928756698319919,0.04654043249326147,0.08622762382389262,,,cuVSLAM,,
3206,1761211811376,31.437937170267105,-6.107836030423641,-0.5606737686321139,0.012975135434263015,0.046530844029158205,0.08623473226382782,,,cuVSLAM,,
3207,1761211811392,31.413301825523376,-6.185441743582487,-0.591654097661376,0.013027781217456957,0.04647339659565518,0.08624149419392284,,,cuVSLAM,,
3208,1761211811409,31.37103095650673,-6.268663331866264,-0.5491685587912798,0.013061719313158757,0.04646396461234806,0.08626700583905135,,,cuVSLAM,,
3209,1761211811426,31.28945082426071,-6.277662701904774,-0.4593278863467276,0.013078254738079173,0.046477954107876605,0.08626221881903742,,,cuVSLAM,,
3210,1761211811442,31.289447098970413,-6.27766503021121,-0.4593295161612332,0.013078256292571902,0.04647795321005961,0.08626219876457158,,,cuVSLAM,,
3211,1761211811459,31.289443373680115,-6.277665495872498,-0.459331669844687,0.01307825757550827,0.04647795487044134,0.08626217999540432,,,cuVSLAM,,
3212,1761211811476,31.3296876847744,-6.202420219779015,-0.43896009447053075,0.01303319862371026,0.04651127362192034,0.08622101296030628,,,cuVSLAM,,
3213,1761211811492,31.36063739657402,-6.112328264862299,-0.37020054878666997,0.01301812149143983,0.04658336309361731,0.0861709506954243,,,cuVSLAM,,
3214,1761211811509,31.4328595995903,-6.025991402566433,-0.16006355872377753,0.013013484075353762,0.04675362867421943,0.08612139254748437,,,cuVSLAM,,
3215,1761211811526,31.46808221936226,-6.024591624736786,-0.09310257155448198,0.013012696763356252,0.04682356435172279,0.08611696844029675,,,cuVSLAM,,
3216,1761211811542,31.468085944652557,-6.024589296430349,-0.09310460882261395,0.013012696490503566,0.04682356318255526,0.08611697345268617,,,cuVSLAM,,
3217,1761211811559,31.468085944652557,-6.024585571140051,-0.09310641326010227,0.013012693420913875,0.04682356575119747,0.08611696728281355,,,cuVSLAM,,
3218,1761211811576,31.474340707063675,-6.056004669517279,-0.07709054625593126,0.013048622381902507,0.04684229835000328,0.08611873410354196,,,cuVSLAM,,
3219,1761211811593,31.474336981773376,-6.0560014098882675,-0.07708754856139421,0.013048623161312924,0.046842304879323365,0.08611873178477801,,,cuVSLAM,,
3220,1761211811609,31.417641788721085,-6.0686045326292515,-0.024229870177805424,0.013069920112205438,0.046842086543929934,0.08611777555737286,,,cuVSLAM,,
3221,1761211811626,31.417641788721085,-6.068611983209848,-0.024221575586125255,0.013069919021786875,0.046842098650888765,0.08611779932247508,,,cuVSLAM,,
3222,1761211811643,31.40949457883835,-5.989271681755781,0.03043087781406939,0.01304797601002691,0.046855697573936074,0.08607011393716192,,,cuVSLAM,,
3223,1761211811659,31.40949457883835,-5.989269353449345,0.03043079050257802,0.013047974065707334,0.04685570642922081,0.08607012022652963,,,cuVSLAM,,
3224,1761211811676,31.409498304128647,-5.989265628159046,0.030429771868512034,0.013047972978240665,0.04685571108950891,0.08607012535999,,,cuVSLAM,,
3225,1761211811692,31.409505754709244,-5.989257246255875,0.030428142054006457,0.01304796948093415,0.04685572274263664,0.08607013305739725,,,cuVSLAM,,
3226,1761211811709,31.462334096431732,-5.963739939033985,0.13169835438020527,0.013062772773673166,0.04694720415339708,0.08604498354659292,,,cuVSLAM,,
3227,1761211811726,31.529705971479416,-5.9899864718317986,0.17855889745987952,0.013070976985031244,0.04700401837378609,0.08605549688749141,,,cuVSLAM,,
3228,1761211811742,31.52972087264061,-5.9899683110415936,0.17855505575425923,0.013070964928845148,0.047004035607932954,0.08605551667099164,,,cuVSLAM,,
3229,1761211811759,31.529735773801804,-5.9899501502513885,0.17855220357887447,0.013070953067400339,0.04700405540806724,0.08605553773660858,,,cuVSLAM,,
3230,1761211811776,31.529750674962997,-5.989929661154747,0.1785488857422024,0.013070940271931081,0.04700407333826654,0.08605556625720188,,,cuVSLAM,,
3231,1761211811792,31.502030789852142,-6.026169750839472,0.10380614548921585,0.013075029545792111,0.04693198978428796,0.08606906699597869,,,cuVSLAM,,
3232,1761211811809,31.502030789852142,-6.026171613484621,0.10380891035310924,0.013075028611703803,0.04693199537687811,0.0860690707191555,,,cuVSLAM,,
3233,1761211811826,31.458374112844467,-6.010879762470722,0.24995687999762595,0.013079377846116432,0.04699147827195763,0.08605948113765645,,,cuVSLAM,,
3234,1761211811842,31.458374112844467,-6.010876037180424,0.24995460989885032,0.013079375678231562,0.04699146896375134,0.08605948396233876,,,cuVSLAM,,
3235,1761211811859,31.45837038755417,-6.0108741745352745,0.24995094281621277,0.013079373706229582,0.046991465956375884,0.08605948061313957,,,cuVSLAM,,
3236,1761211811876,31.45837038755417,-6.010870449244976,0.24994681007228792,0.013079370259278978,0.04699145875578321,0.08605947983492872,,,cuVSLAM,,
3237,1761211811892,31.474079936742783,-5.956620909273624,0.24504432803951204,0.013119901411855265,0.046983750886043674,0.08602369783577692,,,cuVSLAM,,
3238,1761211811909,31.47406131029129,-5.956628359854221,0.24504083557985723,0.01311989201064778,0.04698371871337722,0.08602370787957807,,,cuVSLAM,,
3239,1761211811926,31.474046409130096,-5.956635344773531,0.24503647000528872,0.013119881059659439,0.046983693073684774,0.08602372305290892,,,cuVSLAM,,
3240,1761211811942,31.474024057388306,-5.956642329692841,0.24503274471499026,0.013119869495468891,0.04698366465191002,0.08602372845477865,,,cuVSLAM,,
3241,1761211811959,31.474001705646515,-5.956650245934725,0.2450272731948644,0.01311985851889721,0.04698362527465151,0.08602374144092302,,,cuVSLAM,,
3242,1761211811976,31.473979353904724,-5.956657696515322,0.2450217434670776,0.013119848521518538,0.046983587538300224,0.08602375711606204,,,cuVSLAM,,
3243,1761211811993,31.473953276872635,-5.956665612757206,0.24501545703969896,0.01311983751782414,0.046983549343458435,0.08602376790497838,,,cuVSLAM,,
3244,1761211812009,31.473923474550247,-5.956671200692654,0.2450082974974066,0.01311982562921611,0.046983497869675525,0.0860237813932944,,,cuVSLAM,,
3245,1761211812026,31.47389367222786,-5.956679582595825,0.24500172003172338,0.013119814990160544,0.046983451066047566,0.086023796285112,,,cuVSLAM,,
3246,1761211812043,31.47386759519577,-5.956687033176422,0.2449936291668564,0.013119805060117189,0.04698340100900367,0.08602381515270188,,,cuVSLAM,,
3247,1761211812059,31.486153602600098,-5.831967107951641,0.1500877842772752,0.013131319545227843,0.046911201704913884,0.08595056714628149,,,cuVSLAM,,
3248,1761211812076,31.4861498773098,-5.8319708332419395,0.15008417540229857,0.013131316400503065,0.046911192606575516,0.08595058218027482,,,cuVSLAM,,
3249,1761211812092,31.4861461520195,-5.831973161548376,0.15008155605755746,0.0131313129864777,0.04691117861538711,0.08595059477314804,,,cuVSLAM,,
3250,1761211812109,31.486142426729202,-5.831973627209663,0.15007893671281636,0.013131309693029253,0.046911164855544696,0.08595061493957964,,,cuVSLAM,,
3251,1761211812126,31.486138701438904,-5.831973627209663,0.15007492038421333,0.013131304927205437,0.046911150635106265,0.08595063021768216,,,cuVSLAM,,
3252,1761211812142,31.486134976148605,-5.831973627209663,0.15007038018666208,0.013131301213880916,0.046911138508411394,0.08595065679470294,,,cuVSLAM,,
3253,1761211812159,31.486131250858307,-5.831974092870951,0.15006682951934636,0.013131296764144387,0.046911121486400656,0.08595068465748168,,,cuVSLAM,,
3254,1761211812176,31.547993421554565,-5.861259996891022,0.30249901465140283,0.013131280554552876,0.04702556774580857,0.08597376741503357,,,cuVSLAM,,
3255,1761211812193,31.54798597097397,-5.861266050487757,0.30249261180870235,0.013131284802795781,0.04702555074450993,0.08597376265867053,,,cuVSLAM,,
3256,1761211812209,31.54798224568367,-5.861268378794193,0.3024858597200364,0.013131289837749919,0.04702553096348521,0.08597374812755403,,,cuVSLAM,,
3257,1761211812226,31.547971069812775,-5.861267447471619,0.302479398669675,0.01313129266174295,0.04702551328667204,0.0859737374434387,,,cuVSLAM,,
3258,1761211812242,31.54795989394188,-5.861262790858746,0.30247311224229634,0.013131296272448308,0.04702549283012555,0.08597371698456083,,,cuVSLAM,,
3259,1761211812259,31.547948718070984,-5.861259996891022,0.30246665119193494,0.01313130020147792,0.04702547518388125,0.0859736942008138,,,cuVSLAM,,
3260,1761211812276,31.54793381690979,-5.861253477632999,0.3024604811798781,0.013131304646644441,0.04702545545925276,0.08597366292453208,,,cuVSLAM,,
3261,1761211812292,31.547915190458298,-5.861241836100817,0.3024544275831431,0.0131313082795709,0.047025435971160844,0.08597363922302192,,,cuVSLAM,,
3262,1761211812309,31.547896564006805,-5.861230194568634,0.30244808294810355,0.01313131223312122,0.04702541743589526,0.08597360201748809,,,cuVSLAM,,
3263,1761211812326,31.547874212265015,-5.86121529340744,0.3024413890670985,0.013131314910509654,0.04702539541472944,0.08597356120891993,,,cuVSLAM,,
3264,1761211812343,31.547848135232925,-5.861202254891396,0.30243516084738076,0.013131318913792638,0.04702537480109002,0.08597351551085022,,,cuVSLAM,,
3265,1761211812359,31.547822058200836,-5.8611854910850525,0.30242817592807114,0.013131321911299532,0.04702535186519351,0.08597346492621849,,,cuVSLAM,,
3266,1761211812376,31.56302124261856,-5.911818705499172,0.23265372146852314,0.01318121598335475,0.04698655126768794,0.08598868681758562,,,cuVSLAM,,
3267,1761211812392,31.56302496790886,-5.911818239837885,0.23266140487976372,0.01318121163106433,0.04698657083366442,0.08598872547803835,,,cuVSLAM,,
3268,1761211812409,31.563028693199158,-5.911814048886299,0.23266926291398704,0.013181206865115973,0.04698658831593977,0.08598875937405825,,,cuVSLAM,,
3269,1761211812426,31.558148562908173,-5.857670679688454,0.2392409078311175,0.013214754237255315,0.04698637452672646,0.08593682989104161,,,cuVSLAM,,
3270,1761211812442,31.558144837617874,-5.85767300799489,0.23923974367789924,0.013214755494672653,0.04698637174208613,0.08593682384075658,,,cuVSLAM,,
3271,1761211812459,31.558141112327576,-5.8576734736561775,0.23923991830088198,0.013214756214322049,0.04698636849649669,0.08593681662832374,,,cuVSLAM,,
3272,1761211812476,31.558137387037277,-5.8576734736561775,0.23923817207105458,0.013214757795629506,0.046986362924800705,0.0859368082547323,,,cuVSLAM,,
3273,1761211812492,31.550150364637375,-5.762782413512468,0.22384044132195413,0.013252405394302254,0.046959868128142596,0.08587079779174762,,,cuVSLAM,,
3274,1761211812509,31.550157815217972,-5.762764718383551,0.22383747273124754,0.013252405862508341,0.046959884925709794,0.08587077914635151,,,cuVSLAM,,
3275,1761211812542,31.55016526579857,-5.762745626270771,0.2238355518784374,0.013252405199354852,0.0469599028855432,0.08587076294605715,,,cuVSLAM,,
3276,1761211812559,31.550172716379166,-5.762731656432152,0.22383246687240899,0.01325240293830478,0.04695991641015643,0.0858707529215189,,,cuVSLAM,,
3277,1761211812576,31.55018389225006,-5.762715823948383,0.22382973111234605,0.013252400874893551,0.046959930635102315,0.08587074417760827,,,cuVSLAM,,
3278,1761211812592,31.550198793411255,-5.762697663158178,0.22382554016076028,0.01325239807630113,0.0469599455604782,0.08587073671450168,,,cuVSLAM,,
3279,1761211812609,31.55020996928215,-5.762679502367973,0.22382181487046182,0.013252394340965078,0.04695996420343609,0.08587074788309244,,,cuVSLAM,,
3280,1761211812626,31.550228595733643,-5.762661807239056,0.2238174492958933,0.013252388740569415,0.04695997725156014,0.0858707590557967,,,cuVSLAM,,
3281,1761211812643,31.550243496894836,-5.762643180787563,0.2238126762676984,0.01325238313927296,0.046959992162186694,0.08587077395405308,,,cuVSLAM,,
3282,1761211812659,31.609516590833664,-5.839090794324875,0.17263760673813522,0.013283711520918574,0.046930114559653374,0.08589712459168626,,,cuVSLAM,,
3283,1761211812676,31.609520316123962,-5.839082412421703,0.17263690824620426,0.013283707588435553,0.04693012317768825,0.08589713448552282,,,cuVSLAM,,
3284,1761211812692,31.60952776670456,-5.839074961841106,0.1726366754155606,0.013283705791250258,0.046930138563151376,0.0858971319124712,,,cuVSLAM,,
3285,1761211812709,31.609535217285156,-5.839062854647636,0.17263650079257786,0.013283701663626999,0.046930152088856654,0.08589712188750809,,,cuVSLAM,,
3286,1761211812726,31.609542667865753,-5.8390493504703045,0.17263632616959512,0.013283699400353685,0.046930171206893266,0.08589711558523612,,,cuVSLAM,,
3287,1761211812742,31.60954639315605,-5.839032121002674,0.17263527843169868,0.0132836980709316,0.04693019405986435,0.08589710182667407,,,cuVSLAM,,
3288,1761211812759,31.60955384373665,-5.839014425873756,0.17263522022403777,0.013283695807786529,0.04693021877543563,0.08589709179384085,,,cuVSLAM,,
3289,1761211812776,31.609557569026947,-5.838993936777115,0.17263615154661238,0.01328369467891957,0.0469302460683385,0.08589706440658029,,,cuVSLAM,,
3290,1761211812792,31.609565019607544,-5.838966928422451,0.17263702466152608,0.013283691485404208,0.046930274524047695,0.08589703946420649,,,cuVSLAM,,
3291,1761211812809,31.60957247018814,-5.838941782712936,0.1726379559841007,0.013283688024615357,0.046930307414727424,0.08589700834682915,,,cuVSLAM,,
3292,1761211812826,31.60957619547844,-5.8389101177453995,0.17263900372199714,0.013283686698996043,0.0469303414752936,0.08589696849313179,,,cuVSLAM,,
3293,1761211812842,31.609583646059036,-5.838875658810139,0.17264284542761743,0.013283682575626227,0.04693037553865411,0.08589692491316553,,,cuVSLAM,,
3294,1761211812859,31.609587371349335,-5.838839802891016,0.1726462214719504,0.013283680586457245,0.046930420096949525,0.0858968725906185,,,cuVSLAM,,
3295,1761211812876,31.60959482192993,-5.838803946971893,0.17265012138523161,0.013283680196429403,0.04693046162998095,0.08589681409772583,,,cuVSLAM,,
3296,1761211812892,31.60959854722023,-5.838766228407621,0.17265454516746104,0.013283677940889874,0.04693050876073947,0.08589675187462974,,,cuVSLAM,,
3297,1761211812909,31.60960227251053,-5.838724784553051,0.172659958479926,0.013283674952763478,0.04693055659900461,0.08589667975232003,,,cuVSLAM,,
3298,1761211812926,31.609605997800827,-5.838679615408182,0.17266449867747724,0.013283674562282521,0.04693060932459422,0.08589661752511714,,,cuVSLAM,,
3299,1761211812942,31.609613448381424,-5.838632583618164,0.17266892245970666,0.013283672577110134,0.04693066322546208,0.08589653910870931,,,cuVSLAM,,
3300,1761211812959,31.609617173671722,-5.838583223521709,0.17267433577217162,0.0132836735895331,0.04693072156096317,0.08589645451667596,,,cuVSLAM,,
3301,1761211812976,31.60962089896202,-5.83853293210268,0.1726802729535848,0.013283672072510948,0.046930779199310255,0.08589636491727967,,,cuVSLAM,,
3302,1761211812992,31.609628349542618,-5.838479846715927,0.17268667579628527,0.013283671488436543,0.046930842435089895,0.08589627158715303,,,cuVSLAM,,
3303,1761211813009,31.609632074832916,-5.838423501700163,0.17269272939302027,0.013283671766272695,0.04693090706811042,0.08589618454575958,,,cuVSLAM,,
3304,1761211813026,31.609635800123215,-5.838365294039249,0.1726997143123299,0.013283672978796656,0.04693098103610302,0.08589608259071874,,,cuVSLAM,,
3305,1761211813042,31.609639525413513,-5.8383033610880375,0.17270722310058773,0.013283672595082887,0.046931050576822925,0.08589597563064748,,,cuVSLAM,,
3306,1761211813059,31.60964325070381,-5.838239565491676,0.17271333490498364,0.013283674077136228,0.046931125714879035,0.08589586493966704,,,cuVSLAM,,
3307,1761211813076,31.60964697599411,-5.838172044605017,0.172720494447276,0.013283674159250884,0.04693120085057025,0.0858957579757605,,,cuVSLAM,,
3308,1761211813092,31.60965070128441,-5.838104523718357,0.17272934201173484,0.013283674979044953,0.04693128089381107,0.08589563109291828,,,cuVSLAM,,
3309,1761211813109,31.609654426574707,-5.8380295522511005,0.17273807316087186,0.01328367552943742,0.04693136536451297,0.08589550921546679,,,cuVSLAM,,
3310,1761211813126,31.609654426574707,-5.837954580783844,0.17274575657211244,0.013283677015164516,0.04693144611261187,0.08589537615994638,,,cuVSLAM,,
3311,1761211813143,31.609658151865005,-5.837876349687576,0.17275355639867485,0.01328367830272063,0.046931533623338725,0.0858952380916288,,,cuVSLAM,,
3312,1761211813159,31.609661877155304,-5.837795324623585,0.17276316066272557,0.013283679054504493,0.04693162813401515,0.0858950951281181,,,cuVSLAM,,
3313,1761211813176,31.609661877155304,-5.837713368237019,0.17277288134209812,0.013283679610698458,0.04693171822227568,0.08589493970572615,,,cuVSLAM,,
3314,1761211813192,31.609665602445602,-5.837630946189165,0.17278394079767168,0.01328368136653199,0.04693181506800196,0.0858947867238813,,,cuVSLAM,,
3315,1761211813209,31.6096693277359,-5.837542936205864,0.17279459279961884,0.013283683518381724,0.046931915178558756,0.08589463630276119,,,cuVSLAM,,
3316,1761211813226,31.6096693277359,-5.837453529238701,0.17280629253946245,0.013283685942082032,0.046932014601676356,0.08589446596657174,,,cuVSLAM,,
3317,1761211813242,31.6096693277359,-5.837361793965101,0.17281898180954158,0.013283688830707473,0.04693212148226908,0.08589429935209189,,,cuVSLAM,,
3318,1761211813259,31.582161784172058,-5.748425144702196,0.2031006442848593,0.013321628396838337,0.04694379094186829,0.08585024597597758,,,cuVSLAM,,
3319,1761211813276,31.582165509462357,-5.74842095375061,0.20309825777076185,0.013321623063724164,0.04694379395979865,0.08585026332813922,,,cuVSLAM,,
3320,1761211813293,31.582169234752655,-5.748417228460312,0.20309575484134257,0.01332161853453615,0.046943794879812435,0.08585027311227172,,,cuVSLAM,,
3321,1761211813309,31.582176685333252,-5.748412571847439,0.20309313549660146,0.013321613138882625,0.04694379998719477,0.08585029151249784,,,cuVSLAM,,
3322,1761211813326,31.58218413591385,-5.748407915234566,0.20309086539782584,0.013321605945756862,0.04694380555703917,0.08585031107789483,,,cuVSLAM,,
3323,1761211813342,31.582195311784744,-5.748403258621693,0.20308818784542382,0.013321599287204678,0.046943811589102005,0.08585033180801618,,,cuVSLAM,,
3324,1761211813359,31.582210212945938,-5.74839860200882,0.20308568491600454,0.013321590832604115,0.04694381808863572,0.08585034624970475,,,cuVSLAM,,
3325,1761211813376,31.582225114107132,-5.74839161708951,0.20308318198658526,0.01332158357714096,0.04694382388291926,0.08585036686439877,,,cuVSLAM,,
3326,1761211813392,31.587835401296616,-5.708063952624798,0.3121306363027543,0.013347484710022329,0.04698532888805789,0.08583736232183084,,,cuVSLAM,,
3327,1761211813409,31.587831676006317,-5.708067677915096,0.31213308102451265,0.013347488577817401,0.046985333547251824,0.08583735346861925,,,cuVSLAM,,
3328,1761211813426,31.58782795071602,-5.708072334527969,0.3121355839539319,0.013347492514747492,0.046985342405001206,0.08583733459770522,,,cuVSLAM,,
3329,1761211813442,31.58782422542572,-5.708076059818268,0.3121383779216558,0.013347495585213679,0.046985347988850866,0.08583732434828678,,,cuVSLAM,,
3330,1761211813459,31.58782422542572,-5.708079785108566,0.31214128830470145,0.013347498256659117,0.04698535403377407,0.08583731526416623,,,cuVSLAM,,
3331,1761211813476,31.58782795071602,-5.708083510398865,0.3121419867966324,0.013347501927724624,0.046985366134634075,0.0858373073413164,,,cuVSLAM,,
3332,1761211813492,31.587831676006317,-5.708086770027876,0.312143616611138,0.013347503136180524,0.046985374268548555,0.08583729557970483,,,cuVSLAM,,
3333,1761211813509,31.587839126586914,-5.708091892302036,0.31214513001032174,0.013347506474382573,0.04698538542148212,0.08583729744221191,,,cuVSLAM,,
3334,1761211813526,31.584393233060837,-5.621080286800861,0.3360540431458503,0.013355103590235956,0.04698789552818183,0.08576427098549426,,,cuVSLAM,,
3335,1761211813542,31.584393233060837,-5.621072836220264,0.3360497939866036,0.013355101730675988,0.046987894358004205,0.08576425457624859,,,cuVSLAM,,
3336,1761211813559,31.584400683641434,-5.621064454317093,0.3360458940733224,0.013355100004853996,0.046987899704719734,0.08576424049802636,,,cuVSLAM,,
3337,1761211813576,31.58440813422203,-5.621058400720358,0.336042809067294,0.013355099478694458,0.046987908080535115,0.08576422513800429,,,cuVSLAM,,
3338,1761211813593,31.584415584802628,-5.621050484478474,0.3360401897225529,0.013355098691045106,0.04698791225427027,0.08576419837682292,,,cuVSLAM,,
3339,1761211813626,31.584426760673523,-5.621043965220451,0.3360383852850646,0.013355097768667296,0.0469879217756793,0.08576418268063753,,,cuVSLAM,,
3340,1761211813642,31.612202525138855,-5.598340183496475,0.35452263546176255,0.01341020004190353,0.0469878799841421,0.08573147157996339,,,cuVSLAM,,
3341,1761211813659,31.612198799848557,-5.598332732915878,0.3545267099980265,0.01341020457499728,0.046987892121727236,0.0857314617799843,,,cuVSLAM,,
3342,1761211813676,31.612195074558258,-5.598325747996569,0.35452833981253207,0.013410206976638231,0.04698789936531971,0.08573145326274928,,,cuVSLAM,,
3343,1761211813692,31.61219134926796,-5.598320625722408,0.3545285726431757,0.013410208313332742,0.046987909414600675,0.08573144613324628,,,cuVSLAM,,
3344,1761211813709,31.61218762397766,-5.598313175141811,0.3545293875504285,0.01341021031408553,0.0469879220220664,0.08573145146132871,,,cuVSLAM,,
3345,1761211813726,31.612183898687363,-5.598306190222502,0.3545305517036468,0.013410212251733633,0.04698792484861535,0.08573144817371273,,,cuVSLAM,,
3346,1761211813742,31.612180173397064,-5.598299205303192,0.35453078453429043,0.01341021225661685,0.04698792907440129,0.08573145117042566,,,cuVSLAM,,
3347,1761211813759,31.612176448106766,-5.598291754722595,0.354529736796394,0.013410212660836746,0.04698792723668902,0.08573146418283073,,,cuVSLAM,,
3348,1761211813776,31.612172722816467,-5.598282907158136,0.35452863085083663,0.013410210668545988,0.04698792867327482,0.0857314685712191,,,cuVSLAM,,
3349,1761211813793,31.61216899752617,-5.598275922238827,0.35452746669761837,0.013410208674110278,0.04698793010234945,0.08573148414000872,,,cuVSLAM,,
3350,1761211813809,31.61216527223587,-5.59826847165823,0.3545264189597219,0.013410206413453508,0.04698793036722375,0.0857315009886936,,,cuVSLAM,,
3351,1761211813826,31.612161546945572,-5.59826148673892,0.35452385782264173,0.013410202421839238,0.04698792900709467,0.08573151794917547,,,cuVSLAM,,
3352,1761211813842,31.612157821655273,-5.59825636446476,0.3545218787621707,0.013410199296612618,0.04698792904841335,0.085731537466673,,,cuVSLAM,,
3353,1761211813859,31.612150371074677,-5.598248913884163,0.354518968379125,0.013410194705089935,0.04698792302641625,0.08573156700025472,,,cuVSLAM,,
3354,1761211813876,31.61214292049408,-5.598242394626141,0.35451611620374024,0.013410188849727323,0.04698791538186349,0.08573159291875487,,,cuVSLAM,,
3355,1761211813892,31.61213919520378,-5.598234944045544,0.35451175062917173,0.013410183194155205,0.04698791030305558,0.08573162011457522,,,cuVSLAM,,
3356,1761211813909,31.612131744623184,-5.598228424787521,0.35450796713121235,0.013410177272229843,0.046987898462525914,0.08573165232087779,,,cuVSLAM,,
3357,1761211813926,31.612128019332886,-5.598219111561775,0.35450319410301745,0.013410169152017785,0.04698788685952444,0.08573168836465422,,,cuVSLAM,,
3358,1761211813942,31.612124294042587,-5.598212126642466,0.35449882852844894,0.013410162366222953,0.04698787479791628,0.08573171951302008,,,cuVSLAM,,
3359,1761211813959,31.63117542862892,-5.738995503634214,0.3286350693088025,0.013464902983768507,0.046974989119926376,0.08581574000894268,,,cuVSLAM,,
3360,1761211813976,31.631171703338623,-5.739001557230949,0.32863751403056085,0.013464907384617959,0.046974987962549744,0.0858157301087506,,,cuVSLAM,,
3361,1761211813992,31.631167978048325,-5.739007610827684,0.32864089007489383,0.013464911053652325,0.04697498564081969,0.08581572148979875,,,cuVSLAM,,
3362,1761211814009,31.631167978048325,-5.739013198763132,0.32864362583495677,0.013464915188182101,0.04697498518154523,0.08581571659631901,,,cuVSLAM,,
3363,1761211814026,31.631167978048325,-5.73901878669858,0.3286463615950197,0.013464919990845372,0.04697498356027556,0.08581570925699468,,,cuVSLAM,,
3364,1761211814042,31.631167978048325,-5.7390243746340275,0.32864915556274354,0.013464924125897393,0.04697498496851754,0.0858157006354457,,,cuVSLAM,,
3365,1761211814059,31.631167978048325,-5.739029962569475,0.3286518913228065,0.013464928726316402,0.04697498264167725,0.08581569946994363,,,cuVSLAM,,
3366,1761211814076,31.631167978048325,-5.739035550504923,0.3286550345364958,0.01346493172813336,0.046974979619436884,0.0858156895712714,,,cuVSLAM,,
3367,1761211814092,31.631167978048325,-5.739041604101658,0.32865782850421965,0.01346493679580966,0.046974982892591506,0.08581568094828877,,,cuVSLAM,,
3368,1761211814109,31.631160527467728,-5.739047192037106,0.32866079709492624,0.013464939997195636,0.04697497870088743,0.08581567978430825,,,cuVSLAM,,
3369,1761211814126,31.631160527467728,-5.739053245633841,0.3286631836090237,0.013464944799664298,0.046974978944628244,0.08581567244372804,,,cuVSLAM,,
3370,1761211814142,31.631160527467728,-5.739056970924139,0.32866597757674754,0.013464948468504241,0.04697497848790835,0.08581566382351909,,,cuVSLAM,,
3371,1761211814159,31.631160527467728,-5.7390606962144375,0.3286692372057587,0.013464953069446478,0.046974978028584406,0.08581565892994646,,,cuVSLAM,,
3372,1761211814176,31.631160527467728,-5.739064421504736,0.3286719729658216,0.013464957670388989,0.04697497756926042,0.08581565403637352,,,cuVSLAM,,
3373,1761211814192,31.631160527467728,-5.739068612456322,0.32867470872588456,0.013464961137898938,0.04697497454446442,0.08581564786442526,,,cuVSLAM,,
3374,1761211814209,31.61514177918434,-5.803403444588184,0.11955181253142655,0.013510916046027636,0.04683062901394134,0.08586894285049546,,,cuVSLAM,,
3375,1761211814226,31.615138053894043,-5.803396459668875,0.11956508387811482,0.013510912983112277,0.046830659565423226,0.08586892547768596,,,cuVSLAM,,
3376,1761211814242,31.615134328603745,-5.803387612104416,0.11957800597883761,0.013510910060105323,0.0468306884871463,0.08586890449565172,,,cuVSLAM,,
3377,1761211814259,31.615126878023148,-5.8033824898302555,0.11959232506342232,0.013510907541725445,0.046830716945672306,0.08586887862244803,,,cuVSLAM,,
3378,1761211814276,31.61511942744255,-5.803374107927084,0.11960594565607607,0.013510906359546857,0.04683074307089102,0.08586885531276096,,,cuVSLAM,,
3379,1761211814292,31.615108251571655,-5.803367588669062,0.11962003191001713,0.013510905116503207,0.046830766870450305,0.08586882338642782,,,cuVSLAM,,
3380,1761211814309,31.61509335041046,-5.803363397717476,0.11963516590185463,0.0135109048060828,0.04683079253493403,0.08586879145865496,,,cuVSLAM,,
3381,1761211814326,31.615078449249268,-5.80335920676589,0.11964861187152565,0.013510904433027314,0.046830812136229596,0.08586876209716238,,,cuVSLAM,,
3382,1761211814342,31.615063548088074,-5.803351290524006,0.11966199963353574,0.013510904929698569,0.04683083686683508,0.08586873156745693,,,cuVSLAM,,
3383,1761211814359,31.61504492163658,-5.803343839943409,0.11967445607297122,0.013510905628651045,0.046830854835794127,0.0858687023233378,,,cuVSLAM,,
3384,1761211814376,31.61502629518509,-5.803336389362812,0.11968766921199858,0.013510908069484167,0.04683087374328731,0.08586866329541608,,,cuVSLAM,,
3385,1761211814392,31.675387173891068,-5.940931849181652,0.12431523646228015,0.013537112614496272,0.04683594599309307,0.08595607824496093,,,cuVSLAM,,
3386,1761211814409,31.675387173891068,-5.940933711826801,0.124311976833269,0.013537114138157362,0.04683593759882514,0.08595608057427294,,,cuVSLAM,,
3387,1761211814426,31.675390899181366,-5.9409355744719505,0.12430900824256241,0.013537114727548184,0.04683592919965187,0.08595609035739615,,,cuVSLAM,,
3388,1761211814443,31.675394624471664,-5.9409369714558125,0.12430510832928121,0.013537114384115482,0.04683592080057813,0.08595610014069902,,,cuVSLAM,,
3389,1761211814459,31.675398349761963,-5.940938368439674,0.1243002770934254,0.013537113106939083,0.04683591426412344,0.08595611364974513,,,cuVSLAM,,
3390,1761211814476,31.67540580034256,-5.940940231084824,0.12429439811967313,0.013537110895295853,0.046835909587785024,0.08595613461134849,,,cuVSLAM,,
3391,1761211814492,31.67540952563286,-5.940941162407398,0.12429003254510462,0.013537107283365492,0.04683590117654656,0.08595616302935183,,,cuVSLAM,,
3392,1761211814509,31.675416976213455,-5.94094255939126,0.12428456102497876,0.013537103407106395,0.04683589159882309,0.08595619273059979,,,cuVSLAM,,
3393,1761211814526,31.67543187737465,-5.9409430250525475,0.1242778089363128,0.013537099792809934,0.046835885045100785,0.08595623232778742,,,cuVSLAM,,
3394,1761211814542,31.675443053245544,-5.940942093729973,0.12427070760168135,0.013537093846323947,0.046835872894058765,0.0859562756559897,,,cuVSLAM,,
3395,1761211814559,31.67545795440674,-5.940942093729973,0.12426296598277986,0.013537087697559446,0.046835863774575034,0.08595631769977628,,,cuVSLAM,,
3396,1761211814576,31.675472855567932,-5.9409430250525475,0.12425435124896467,0.01353708174844609,0.0468358628086582,0.08595636847408668,,,cuVSLAM,,
3397,1761211814592,31.675487756729126,-5.9409430250525475,0.12424515443854034,0.013537073201761927,0.04683585134388874,0.08595643171878943,,,cuVSLAM,,
3398,1761211814626,31.675510108470917,-5.940943490713835,0.12423624866642058,0.013537064251244136,0.046835845944735936,0.08595648866784775,,,cuVSLAM,,
3399,1761211814642,31.67552873492241,-5.940943490713835,0.12422792497090995,0.013537056899938631,0.04683583190880733,0.08595656181204368,,,cuVSLAM,,
3400,1761211814659,31.6755510866642,-5.940943490713835,0.12421797146089375,0.013537046749180406,0.04683582719827968,0.08595663495051697,,,cuVSLAM,,
3401,1761211814676,31.67557343840599,-5.940941162407398,0.12420761049725115,0.013537036596844692,0.04683581688518331,0.08595671927317129,,,cuVSLAM,,
3402,1761211814692,31.67559951543808,-5.940941162407398,0.12419759877957404,0.013537025979019204,0.04683580470961932,0.08595679987034503,,,cuVSLAM,,
3403,1761211814709,31.67562559247017,-5.940940231084824,0.12418741243891418,0.013537013494235329,0.04683579812681258,0.08595688419092841,,,cuVSLAM,,
3404,1761211814726,31.768154352903366,-5.912597291171551,0.15460498980246484,0.01354723245957852,0.046880779973858235,0.08594326911285775,,,cuVSLAM,,
3405,1761211814742,31.768158078193665,-5.912593565881252,0.1546044077258557,0.013547229660517777,0.046880785569213365,0.08594326910964384,,,cuVSLAM,,
3406,1761211814759,31.768161803483963,-5.912591237574816,0.15460330178029835,0.013547227528457289,0.04688079185866582,0.08594327784168104,,,cuVSLAM,,
3407,1761211814776,31.76816925406456,-5.91258704662323,0.15460161375813186,0.013547222393523326,0.04688079930676511,0.08594329647173868,,,cuVSLAM,,
3408,1761211814792,31.768180429935455,-5.912582390010357,0.15459887799806893,0.013547218658415846,0.046880801159657245,0.08594331510528166,,,cuVSLAM,,
3409,1761211814809,31.768187880516052,-5.912577733397484,0.154596142238006,0.013547213989564382,0.046880804875163294,0.08594333746456755,,,cuVSLAM,,
3410,1761211814826,31.768199056386948,-5.912573076784611,0.15459334827028215,0.013547207452896014,0.0468808085833533,0.08594337100465814,,,cuVSLAM,,
3411,1761211814842,31.768210232257843,-5.912568420171738,0.15458915731869638,0.013547200916425039,0.04688081042652358,0.08594340454600093,,,cuVSLAM,,
3412,1761211814859,31.768225133419037,-5.912561435252428,0.1545844424981624,0.013547194379427741,0.0468808104021697,0.08594344181541018,,,cuVSLAM,,
3413,1761211814876,31.76824375987053,-5.912556312978268,0.1545789127703756,0.013547184981950611,0.04688081550901705,0.08594347791956607,,,cuVSLAM,,
3414,1761211814892,31.76826238632202,-5.91255072504282,0.15457291738130152,0.013547176778776905,0.046880819906542644,0.08594352764899367,,,cuVSLAM,,
3415,1761211814909,31.768281012773514,-5.9125469997525215,0.15456604887731373,0.013547167642451096,0.04688082057162294,0.08594358110792252,,,cuVSLAM,,
3416,1761211814926,31.768299639225006,-5.912541411817074,0.1545594714116305,0.013547156639558038,0.046880823099415984,0.08594363829277701,,,cuVSLAM,,
3417,1761211814942,31.768321990966797,-5.912535823881626,0.15455196262337267,0.013547144965849581,0.04688082678560861,0.08594370537519537,,,cuVSLAM,,
3418,1761211814959,31.838208436965942,-5.895984824746847,0.10270584607496858,0.013615722667042538,0.046833273772854955,0.08591605376885098,,,cuVSLAM,,
3419,1761211814976,31.83821216225624,-5.895982496440411,0.10270709753967822,0.01361571980682812,0.046833275165092746,0.08591606378572646,,,cuVSLAM,,
3420,1761211814992,31.83821588754654,-5.895978771150112,0.10270701022818685,0.013615715953827087,0.04683328168691215,0.08591607263617446,,,cuVSLAM,,
3421,1761211815009,31.910762190818787,-5.760703701525927,-0.07903363439254463,0.013614349341554925,0.04672595602469963,0.08582748872711202,,,cuVSLAM,,
3422,1761211815026,31.910758465528488,-5.760704167187214,-0.07903377991169691,0.01361434986770593,0.046725960225954606,0.08582748616322504,,,cuVSLAM,,
3423,1761211815042,31.910762190818787,-5.760703701525927,-0.079033721704036,0.01361434905588975,0.046725961171097126,0.08582747731399355,,,cuVSLAM,,
3424,1761211815059,31.910765916109085,-5.760703235864639,-0.07903389632701874,0.013614347836878454,0.04672596445008556,0.0858274696291117,,,cuVSLAM,,
3425,1761211815076,31.910773366689682,-5.760702770203352,-0.07903296500444412,0.013614346675826054,0.046725968192870025,0.08582747056334768,,,cuVSLAM,,
3426,1761211815092,31.91077709197998,-5.760702304542065,-0.0790320336818695,0.013614346040396224,0.046725974269399874,0.08582747266175,,,cuVSLAM,,
3427,1761211815109,31.910788267850876,-5.76070137321949,-0.07903232472017407,0.013614343598348226,0.04672598454493398,0.08582747592352559,,,cuVSLAM,,
3428,1761211815126,31.91079944372177,-5.760700441896915,-0.07903238292783499,0.01361434074989722,0.04672598969425623,0.0858274803546331,,,cuVSLAM,,
3429,1761211815142,31.910810619592667,-5.760699510574341,-0.07903220830485225,0.013614337493328842,0.046725999039938994,0.08582748967564262,,,cuVSLAM,,
3430,1761211815159,31.91082552075386,-5.760696716606617,-0.07903241203166544,0.013614333624683367,0.04672601374765287,0.08582750633212392,,,cuVSLAM,,
3431,1761211815176,31.910840421915054,-5.760695319622755,-0.07903215009719133,0.013614330019412025,0.046726027758464274,0.08582752170852348,,,cuVSLAM,,
3432,1761211815192,31.910859048366547,-5.760693922638893,-0.07903220830485225,0.013614327465386907,0.04672604643674835,0.08582753941323941,,,cuVSLAM,,
3433,1761211815209,31.91087767481804,-5.760692059993744,-0.07903232472017407,0.013614322640056232,0.04672605999150738,0.08582755456083656,,,cuVSLAM,,
3434,1761211815226,31.91089630126953,-5.760690663009882,-0.07903238292783499,0.01361431880471294,0.046726081469986094,0.08582757832234612,,,cuVSLAM,,
3435,1761211815242,31.91092237830162,-5.760688334703445,-0.07903232472017407,0.013614314095639388,0.04672609968481292,0.08582760697880179,,,cuVSLAM,,
3436,1761211815259,31.91094473004341,-5.760686472058296,-0.07903267396613955,0.013614308716732087,0.04672612093284328,0.08582763435284918,,,cuVSLAM,,
3437,1761211815276,31.94279968738556,-5.61147928237915,-0.033940450521185994,0.013610658749843912,0.04676886096048156,0.08573667478588286,,,cuVSLAM,,
3438,1761211815293,31.94279968738556,-5.611475557088852,-0.03394152736291289,0.013610657290510583,0.04676886608813876,0.08573667361420306,,,cuVSLAM,,
3439,1761211815309,31.94279968738556,-5.6114718317985535,-0.03394333180040121,0.013610654838183966,0.04676886328340301,0.08573667873306658,,,cuVSLAM,,
3440,1761211815326,31.94279968738556,-5.611469969153404,-0.033946154871955514,0.013610653258224619,0.04676886187358004,0.08573668640908565,,,cuVSLAM,,
3441,1761211815342,31.957369297742844,-5.4550208151340485,-0.012083328329026699,0.013592841681129529,0.046791554600812836,0.08564967083338902,,,cuVSLAM,,
3442,1761211815359,31.957365572452545,-5.45503618195653,-0.01207939931191504,0.013592846524817586,0.04679155413328771,0.08564967807296499,,,cuVSLAM,,
3443,1761211815376,31.957365572452545,-5.455051548779011,-0.012073665857315063,0.013592850555802352,0.046791554599499956,0.08564968765434525,,,cuVSLAM,,
3444,1761211815392,31.93214163184166,-5.258653778582811,-0.038700527511537075,0.013545073878919485,0.046772385236801786,0.08552830656391365,,,cuVSLAM,,
3445,1761211815409,31.932152807712555,-5.258658435195684,-0.03869511419907212,0.01354507360973627,0.04677239711189138,0.08552832646602203,,,cuVSLAM,,
3446,1761211815426,31.93216398358345,-5.258664954453707,-0.03868923522531986,0.01354507267214776,0.046772408289498746,0.08552834509270954,,,cuVSLAM,,
3447,1761211815442,31.875651329755783,-5.068466067314148,-0.17354998271912336,0.013517227191711821,0.046689456607436,0.0854043096116508,,,cuVSLAM,,
3448,1761211815459,31.875640153884888,-5.068457685410976,-0.1735538535285741,0.01351722319575558,0.0466894498417578,0.0854043146178619,,,cuVSLAM,,
3449,1761211815476,31.87563270330429,-5.068450700491667,-0.1735597033984959,0.013517218002182125,0.04668944377251933,0.08540432089800089,,,cuVSLAM,,
3450,1761211815492,31.87563270330429,-5.06844324991107,-0.1735650876071304,0.01351721347411743,0.0466894346596427,0.08540434336134185,,,cuVSLAM,,
3451,1761211815509,31.875628978013992,-5.06843626499176,-0.17357101023662835,0.013517208746226823,0.04668942858787573,0.08540435336818107,,,cuVSLAM,,
3452,1761211815526,31.875628978013992,-5.068426486104727,-0.17357742763124406,0.013517201484419216,0.04668941808761499,0.08540436583107708,,,cuVSLAM,,
3453,1761211815543,31.875628978013992,-5.06841903552413,-0.17358502373099327,0.013517193953619704,0.04668941386625384,0.08540439819794872,,,cuVSLAM,,
3454,1761211815559,31.87563270330429,-5.068411119282246,-0.17359224148094654,0.013517185957724621,0.04668940405246855,0.08540442684184092,,,cuVSLAM,,
3455,1761211815576,31.87563270330429,-5.068403668701649,-0.17359973571728915,0.013517174960334555,0.04668940100014153,0.08540445793444387,,,cuVSLAM,,
3456,1761211815592,31.882796436548233,-4.908330738544464,-0.24559954181313515,0.013514518902272331,0.046653062208552684,0.08530181232020327,,,cuVSLAM,,
3457,1761211815609,31.88280388712883,-4.908318631350994,-0.24559954181313515,0.013514507766517768,0.046653071993209075,0.08530183213130624,,,cuVSLAM,,
3458,1761211815626,31.882815062999725,-4.908304661512375,-0.2456003858242184,0.013514497096446788,0.04665308177534221,0.08530185566910493,,,cuVSLAM,,
3459,1761211815642,31.88282623887062,-4.908292554318905,-0.24560149176977575,0.01351448615956822,0.04665309038087407,0.08530189166071664,,,cuVSLAM,,
3460,1761211815659,31.882841140031815,-4.908278118818998,-0.24560338351875544,0.01351447129086199,0.04665309642854343,0.08530192265536482,,,cuVSLAM,,
3461,1761211815692,31.88285604119301,-4.908263683319092,-0.24560553720220923,0.013514458283583742,0.04665310805858247,0.08530197227987321,,,cuVSLAM,,
3462,1761211815709,31.882870942354202,-4.908251576125622,-0.24560841848142445,0.013514444810623425,0.046653119691143455,0.08530201817768207,,,cuVSLAM,,
3463,1761211815726,31.882889568805695,-4.908238537609577,-0.24561240570619702,0.01351443040382385,0.046653127588898335,0.08530207153171275,,,cuVSLAM,,
3464,1761211815742,31.882908195257187,-4.908225499093533,-0.24561616010032594,0.013514416463424562,0.046653135486603756,0.08530212488565059,,,cuVSLAM,,
3465,1761211815759,31.882930546998978,-4.908212460577488,-0.24561991449445486,0.013514402519767944,0.04665314710436972,0.08530219314425422,,,cuVSLAM,,
3466,1761211815776,31.882956624031067,-4.9082026816904545,-0.24562454200349748,0.01351438671123124,0.04665315872480454,0.08530225767642625,,,cuVSLAM,,
3467,1761211815792,31.882986426353455,-4.908191040158272,-0.24562946055084467,0.013514371570313438,0.046653167308510914,0.08530232720989898,,,cuVSLAM,,
3468,1761211815809,31.883016228675842,-4.908180795609951,-0.2456351649016142,0.01351435575962871,0.04665317892152348,0.08530240292241992,,,cuVSLAM,,
3469,1761211815826,31.88304603099823,-4.908166825771332,-0.24564162595197558,0.013514339481504373,0.046653186799681556,0.08530248609106984,,,cuVSLAM,,
3470,1761211815842,31.883079558610916,-4.908156581223011,-0.24564930936321616,0.013514322736265138,0.04665319467541439,0.08530257298658919,,,cuVSLAM,,
3471,1761211815859,31.883113086223602,-4.908144474029541,-0.245656818151474,0.013514303923887477,0.046653201855591686,0.0853026586103213,,,cuVSLAM,,
3472,1761211815876,31.88314661383629,-4.908129572868347,-0.24566438514739275,0.01351428577691114,0.046653213454004146,0.08530275668397787,,,cuVSLAM,,
3473,1761211815892,31.883183866739273,-4.908115603029728,-0.24567247601225972,0.013514266431563166,0.046653225745840306,0.08530285975682447,,,cuVSLAM,,
3474,1761211815909,31.883224844932556,-4.908100701868534,-0.24568266235291958,0.013514246682483787,0.046653229181316404,0.0853029677438953,,,cuVSLAM,,
3475,1761211815926,31.88326582312584,-4.90808580070734,-0.24569183005951345,0.013514226667960153,0.04665323890752423,0.08530307699948096,,,cuVSLAM,,
3476,1761211815942,31.883306801319122,-4.908070433884859,-0.24570227833464742,0.013514207117687279,0.046653248626261246,0.08530319743532294,,,cuVSLAM,,
3477,1761211815959,31.883351504802704,-4.908055532723665,-0.24571275571361184,0.013514185235223585,0.04665326021021965,0.08530331787036814,,,cuVSLAM,,
3478,1761211815976,31.883392482995987,-4.908042028546333,-0.24572492111474276,0.013514165419052851,0.04665326688985421,0.0853034470344773,,,cuVSLAM,,
3479,1761211815992,31.842272728681564,-4.717733711004257,-0.37847369094379246,0.013482998263653793,0.046554866543961716,0.08517670258527238,,,cuVSLAM,,
3480,1761211816009,31.842272728681564,-4.717737901955843,-0.37847465137019753,0.013482997392770864,0.046554867013021306,0.08517671122394656,,,cuVSLAM,,
3481,1761211816026,31.842272728681564,-4.717741627246141,-0.37847564090043306,0.013482997053050845,0.046554867960853355,0.0851767135939158,,,cuVSLAM,,
3482,1761211816042,31.842276453971863,-4.717746749520302,-0.3784765722230077,0.013482995376375083,0.04655487311019791,0.08517672087340454,,,cuVSLAM,,
3483,1761211816059,31.84228017926216,-4.7177523374557495,-0.37847727071493864,0.013482993762714402,0.0465548750010288,0.08517673306707267,,,cuVSLAM,,
3484,1761211816076,31.83506429195404,-4.530934151262045,-0.4123536928091198,0.013450211327642453,0.04652161946021084,0.08506312354785821,,,cuVSLAM,,
3485,1761211816092,31.83506801724434,-4.530918784439564,-0.41235837852582335,0.013450204732695039,0.04652162271347339,0.08506312608508415,,,cuVSLAM,,
3486,1761211816109,31.835071742534637,-4.530903417617083,-0.4123630642425269,0.013450197872065209,0.04652163225791959,0.0850631261604965,,,cuVSLAM,,
3487,1761211816126,31.835075467824936,-4.530888050794601,-0.41236678953282535,0.013450190079744967,0.046521638074996874,0.08506312251177199,,,cuVSLAM,,
3488,1761211816142,31.835079193115234,-4.53087268397212,-0.41237144614569843,0.013450182285807235,0.046521645752118604,0.0850631263153665,,,cuVSLAM,,
3489,1761211816159,31.835082918405533,-4.53085545450449,-0.4123763937968761,0.013450173559984445,0.04652165156683446,0.0850631263935942,,,cuVSLAM,,
3490,1761211816176,31.83508664369583,-4.5308382250368595,-0.41238011908717453,0.013450164367376925,0.04652166111152676,0.08506312646945106,,,cuVSLAM,,
3491,1761211816192,31.835094094276428,-4.530820995569229,-0.41238500853069127,0.013450154910252667,0.04652166575762299,0.0850631240908729,,,cuVSLAM,,
3492,1761211816209,31.835097819566727,-4.530803766101599,-0.41238873382098973,0.013450144584852218,0.04652166901373664,0.08506312290203548,,,cuVSLAM,,
3493,1761211816226,31.835101544857025,-4.530786536633968,-0.41239362326450646,0.013450133993056928,0.04652167855857683,0.08506312297815885,,,cuVSLAM,,
3494,1761211816242,31.835105270147324,-4.530767444521189,-0.4123975522816181,0.013450122469765064,0.04652168251108295,0.08506311933137407,,,cuVSLAM,,
3495,1761211816259,31.835105270147324,-4.530748352408409,-0.41240142309106886,0.01345011094556654,0.04652168832609371,0.08506311941013485,,,cuVSLAM,,
3496,1761211816276,31.835108995437622,-4.530729725956917,-0.41240511927753687,0.01345009922058874,0.046521695312282646,0.08506311821910403,,,cuVSLAM,,
3497,1761211816292,31.83511644601822,-4.53071016818285,-0.41240901919081807,0.013450086563014415,0.04652170043360506,0.08506311702948079,,,cuVSLAM,,
3498,1761211816309,31.83511644601822,-4.530691541731358,-0.41241280268877745,0.013450073640144266,0.046521708116187124,0.08506311338050211,,,cuVSLAM,,
3499,1761211816326,31.83511644601822,-4.5306747779250145,-0.4124165861867368,0.01345006091772842,0.046521710895203856,0.08506311473055087,,,cuVSLAM,,
3500,1761211816342,31.83511644601822,-4.530655685812235,-0.4124204278923571,0.013450045928886357,0.04652171601923028,0.08506310981459533,,,cuVSLAM,,
3501,1761211816359,31.835120171308517,-4.530636593699455,-0.4124245315324515,0.013450032072511029,0.04652172369945152,0.08506310989257027,,,cuVSLAM,,
3502,1761211816376,31.835123896598816,-4.530619829893112,-0.41242825682275,0.013450017017920236,0.04652172834367726,0.0850631112418336,,,cuVSLAM,,
3503,1761211816392,31.835123896598816,-4.53060120344162,-0.4124320112168789,0.013450001762550798,0.046521734159081014,0.08506311132130522,,,cuVSLAM,,
3504,1761211816409,31.835123896598816,-4.5305839739739895,-0.41243480518460274,0.01344998577568269,0.04652174067082968,0.08506310894273936,,,cuVSLAM,,
3505,1761211816426,31.835123896598816,-4.530561622232199,-0.4124378028791398,0.013449970320117254,0.0465217420625173,0.08506310775610852,,,cuVSLAM,,
3506,1761211816442,31.835123896598816,-4.530539270490408,-0.41244056774303317,0.013449953199484513,0.046521751610506576,0.08506310410669816,,,cuVSLAM,,
3507,1761211816459,31.818043440580368,-4.675991367548704,-0.19501479982864112,0.013452726454891862,0.04665755426591855,0.08513015412236694,,,cuVSLAM,,
3508,1761211816476,31.81803971529007,-4.6759918332099915,-0.19501369388308376,0.01345272978566105,0.04665755847374307,0.08513014412525192,,,cuVSLAM,,
3509,1761211816492,31.81803598999977,-4.675989970564842,-0.1950127916643396,0.013452734050131344,0.0466575608189703,0.08513013040240876,,,cuVSLAM,,
3510,1761211816509,31.818032264709473,-4.6759904362261295,-0.19501193310134113,0.013452737381611967,0.04665756502926328,0.08513011667850989,,,cuVSLAM,,
3511,1761211816526,31.818028539419174,-4.675990901887417,-0.1950117584783584,0.013452741645174843,0.04665756923698957,0.08513010668121893,,,cuVSLAM,,
3512,1761211816542,31.818024814128876,-4.675990901887417,-0.19500998314470053,0.01345274611026811,0.04665757227803072,0.08513009422794154,,,cuVSLAM,,
3513,1761211816559,31.818021088838577,-4.675991367548704,-0.1950081787072122,0.013452749908145264,0.04665757648827429,0.08513008050395583,,,cuVSLAM,,
3514,1761211816576,31.81801736354828,-4.675989970564842,-0.19500611233524978,0.013452754839440258,0.0466575813942346,0.08513006804935594,,,cuVSLAM,,
3515,1761211816592,31.81801363825798,-4.675989970564842,-0.19500430789776146,0.013452760035991546,0.04665758373689438,0.08513005805312385,,,cuVSLAM,,
3516,1761211816609,31.818009912967682,-4.6759904362261295,-0.19500250346027315,0.013452764300265095,0.0466575879470885,0.08513004432905118,,,cuVSLAM,,
3517,1761211816626,31.818006187677383,-4.675990901887417,-0.19500072812661529,0.013452769030935481,0.04665759215723359,0.08513003060489036,,,cuVSLAM,,
3518,1761211816642,31.818002462387085,-4.675990901887417,-0.19499985501170158,0.013452774693687875,0.04665759636481202,0.0851300206073368,,,cuVSLAM,,
3519,1761211816659,31.83644264936447,-4.78309253230691,-0.027947186026722193,0.01344398173321907,0.04677598869996259,0.0851721109914537,,,cuVSLAM,,
3520,1761211816676,31.83644264936447,-4.783088807016611,-0.027947156922891736,0.013443976809079133,0.04677598682389316,0.08517211743239636,,,cuVSLAM,,
3521,1761211816709,31.836438924074173,-4.7830855473876,-0.027946458430960774,0.01344397455412433,0.04677598587793607,0.08517212150140785,,,cuVSLAM,,
3522,1761211816726,31.836431473493576,-4.783086013048887,-0.027945643523707986,0.01344397097165097,0.04677598283017065,0.08517212447195742,,,cuVSLAM,,
3523,1761211816742,31.83642402291298,-4.783084616065025,-0.027945730835199356,0.013443966658364755,0.046775973022672716,0.08517212499103807,,,cuVSLAM,,
3524,1761211816759,31.836412847042084,-4.7830818220973015,-0.02794666215777397,0.013443964746739511,0.04677596670293206,0.08517213186081984,,,cuVSLAM,,
3525,1761211816776,31.836405396461487,-4.783080890774727,-0.027947593480348587,0.013443960842514967,0.04677595385884845,0.08517212891091971,,,cuVSLAM,,
3526,1761211816792,31.836390495300293,-4.783078096807003,-0.02794837928377092,0.01344395660846185,0.046775935650179054,0.08517212604993311,,,cuVSLAM,,
3527,1761211816809,31.8363755941391,-4.783077165484428,-0.027949048671871424,0.013443952908853068,0.046775922789474796,0.08517213699237243,,,cuVSLAM,,
3528,1761211816826,31.836360692977905,-4.783076699823141,-0.02795102773234248,0.013443948149633898,0.046775901539331616,0.08517213811618218,,,cuVSLAM,,
3529,1761211816842,31.836342066526413,-4.783076234161854,-0.027953035896643996,0.013443944861286609,0.0467758781870479,0.0851721381409935,,,cuVSLAM,,
3530,1761211816859,31.836319714784622,-4.783072508871555,-0.027954665711149573,0.013443939377505676,0.04677584947033639,0.08517213825507743,,,cuVSLAM,,
3531,1761211816876,31.83629736304283,-4.783072508871555,-0.027957314159721136,0.013443934495784213,0.04677581725139229,0.08517214218347277,,,cuVSLAM,,
3532,1761211816892,31.83627501130104,-4.783072508871555,-0.027961155865341425,0.013443930151741652,0.04677578666033309,0.08517214501057381,,,cuVSLAM,,
3533,1761211816909,31.83624893426895,-4.783071111887693,-0.027964095352217555,0.013443926345252927,0.046775752099730075,0.08517215046691028,,,cuVSLAM,,
3534,1761211816926,31.836219131946564,-4.783067852258682,-0.027967995265498757,0.013443920876559674,0.04677571078433316,0.08517214601830607,,,cuVSLAM,,
3535,1761211816943,31.836185604333878,-4.783063195645809,-0.02797172055579722,0.013443917076120863,0.04677567738180594,0.08517215291517398,,,cuVSLAM,,
3536,1761211816959,31.83615207672119,-4.783060401678085,-0.02797608613036573,0.013443910550033036,0.0467756381500042,0.08517215498949962,,,cuVSLAM,,
3537,1761211816976,31.836114823818207,-4.783059936016798,-0.02798045170493424,0.013443905826015222,0.046775589125669634,0.08517215588457275,,,cuVSLAM,,
3538,1761211816992,31.867817044258118,-4.700198769569397,0.07362558972090483,0.013440144722113547,0.046833889597869965,0.08511107236370334,,,cuVSLAM,,
3539,1761211817009,31.86781331896782,-4.7002010978758335,0.07362183532677591,0.013440145788179075,0.04683387934886482,0.0851110598374447,,,cuVSLAM,,
3540,1761211817026,31.86781331896782,-4.700202494859695,0.07361828465946019,0.013440145518036494,0.046833871425597716,0.08511105595080944,,,cuVSLAM,,
3541,1761211817042,31.867817044258118,-4.700204357504845,0.07361351163126528,0.01344014577801095,0.046833865830350846,0.08511105697660304,,,cuVSLAM,,
3542,1761211817059,31.853970140218735,-4.6621086075901985,0.22456786246038973,0.01343363482360903,0.046923337156471005,0.08507214710973171,,,cuVSLAM,,
3543,1761211817076,31.853970140218735,-4.6621086075901985,0.2245659998152405,0.01343363355798942,0.04692333552109198,0.08507215837239787,,,cuVSLAM,,
3544,1761211817092,31.83748945593834,-4.718047566711903,0.5486758891493082,0.013445930535699577,0.04713097634242092,0.08510377441937055,,,cuVSLAM,,
3545,1761211817109,31.837474554777145,-4.718057811260223,0.5486764712259173,0.013445923076596202,0.04713096446868402,0.08510379822402729,,,cuVSLAM,,
3546,1761211817126,31.83745965361595,-4.718066658824682,0.5486762383952737,0.01344591435474532,0.04713094911132321,0.08510382211350061,,,cuVSLAM,,
3547,1761211817142,31.837444752454758,-4.718073643743992,0.5486768204718828,0.013445903637978823,0.047130936570777326,0.0851038436265666,,,cuVSLAM,,
3548,1761211817159,31.837429851293564,-4.718076903373003,0.54867600556463,0.013445892326102033,0.04713092125193031,0.08510386276670076,,,cuVSLAM,,
3549,1761211817176,31.83741495013237,-4.718078300356865,0.5486748414114118,0.013445881350819281,0.04713090688216526,0.08510388325809212,,,cuVSLAM,,
3550,1761211817192,31.83496743440628,-4.816378932446241,0.9235079633072019,0.013433176266220384,0.047369410305361626,0.08517526073766951,,,cuVSLAM,,
3551,1761211817209,31.853552907705307,-4.909443203359842,1.2250900035724044,0.013437390666261371,0.04755831169547417,0.08523251769535614,,,cuVSLAM,,
3552,1761211817226,31.85354918241501,-4.909439478069544,1.2250873260200024,0.013437390273178538,0.04755830965954175,0.08523250542056836,,,cuVSLAM,,
3553,1761211817242,31.85354918241501,-4.909436218440533,1.225084182806313,0.01343739047935542,0.047558307878839884,0.08523250814104708,,,cuVSLAM,,
3554,1761211817259,31.85354545712471,-4.909432493150234,1.225081505253911,0.013437389221083028,0.04755830378686576,0.08523251340663822,,,cuVSLAM,,
3555,1761211817276,31.85354545712471,-4.909428767859936,1.2250773143023252,0.013437388365744027,0.04755830112097447,0.0852325100338087,,,cuVSLAM,,
3556,1761211817292,31.85354173183441,-4.909425042569637,1.2250719591975212,0.013437386976641635,0.047558296136151,0.08523252038657418,,,cuVSLAM,,
3557,1761211817309,31.85354173183441,-4.909421317279339,1.2250669533386827,0.013437385989247319,0.04755829070737167,0.08523252955595421,,,cuVSLAM,,
3558,1761211817326,31.853538006544113,-4.909418057650328,1.2250618310645223,0.013437385403958507,0.04755828110463686,0.08523253754446834,,,cuVSLAM,,
3559,1761211817342,31.853534281253815,-4.909414332360029,1.225054613314569,0.013437383153107095,0.04755826847883885,0.08523255053387264,,,cuVSLAM,,
3560,1761211817359,31.853534281253815,-4.909410607069731,1.2250462314113975,0.013437381969350444,0.0475582561132523,0.08523257106470894,,,cuVSLAM,,
3561,1761211817376,31.853530555963516,-4.909406881779432,1.2250399449840188,0.013437379322365887,0.04755824330642014,0.08523258668563251,,,cuVSLAM,,
3562,1761211817392,31.853530555963516,-4.909403156489134,1.2250324944034219,0.013437376609451062,0.04755822818563087,0.08523260857831473,,,cuVSLAM,,
3563,1761211817409,31.853530555963516,-4.909399431198835,1.225025043822825,0.01343737496343249,0.04755821519004962,0.08523263801119058,,,cuVSLAM,,
3564,1761211817426,31.853526830673218,-4.909395705908537,1.2250164290890098,0.013437371653982537,0.047558199178951106,0.08523266126429721,,,cuVSLAM,,
3565,1761211817442,31.876008957624435,-5.0279805436730385,1.4925318537279963,0.013449427494262142,0.047723019304292826,0.08531950062208574,,,cuVSLAM,,
3566,1761211817459,31.87602013349533,-5.027977749705315,1.492528710514307,0.013449425686041626,0.0477230309132772,0.08531953161082,,,cuVSLAM,,
3567,1761211817476,31.876035034656525,-5.027973093092442,1.492526731453836,0.013449425078227537,0.047723045547997646,0.08531955014360694,,,cuVSLAM,,
3568,1761211817492,31.87604621052742,-5.027970299124718,1.492524752393365,0.013449423399606003,0.04772305617246354,0.08531957976810528,,,cuVSLAM,,
3569,1761211817509,31.876061111688614,-5.027967039495707,1.492522656917572,0.013449420851984153,0.047723065368468084,0.08531961430165286,,,cuVSLAM,,
3570,1761211817526,31.876076012849808,-5.027961917221546,1.492520677857101,0.01344941716995628,0.047723083177885574,0.08531964755661842,,,cuVSLAM,,
3571,1761211817542,31.869444996118546,-5.104473792016506,1.8132398836314678,0.013451765950362574,0.0479170919601628,0.08537460204814147,,,cuVSLAM,,
3572,1761211817559,31.869441270828247,-5.104478448629379,1.8132419791072607,0.013451767011028416,0.047917092823879716,0.08537460813300614,,,cuVSLAM,,
3573,1761211817576,31.869441270828247,-5.104482173919678,1.813243143260479,0.013451767671491336,0.047917095993465594,0.08537460421499912,,,cuVSLAM,,
3574,1761211817592,31.869441270828247,-5.104485899209976,1.8132454715669155,0.013451767930210764,0.047917095866260556,0.08537460147868764,,,cuVSLAM,,
3575,1761211817609,31.869444996118546,-5.104489158838987,1.8132473342120647,0.013451766852124148,0.04791709989731925,0.08537460737299624,,,cuVSLAM,,
3576,1761211817626,31.91278874874115,-5.208069458603859,2.152656437829137,0.013466657536426896,0.04812835730886271,0.08544941880266975,,,cuVSLAM,,
3577,1761211817642,31.912796199321747,-5.208068527281284,2.152657136321068,0.013466655395209016,0.04812836418474922,0.08544942232977079,,,cuVSLAM,,
3578,1761211817659,31.912803649902344,-5.208068061619997,2.1526592317968607,0.013466654314485403,0.04812837191426213,0.08544942821035058,,,cuVSLAM,,
3579,1761211817676,31.91281110048294,-5.20806759595871,2.1526620257645845,0.013466652832198419,0.04812838380582563,0.08544942781143627,,,cuVSLAM,,
3580,1761211817692,31.912822276353836,-5.208066664636135,2.152665052562952,0.013466650544528018,0.04812839841622463,0.08544942976507988,,,cuVSLAM,,
3581,1761211817709,31.912829726934433,-5.208066198974848,2.152667846530676,0.013466648383597651,0.04812841574279746,0.08544943779802561,,,cuVSLAM,,
3582,1761211817726,31.91284090280533,-5.208065267652273,2.1526734344661236,0.013466646352671648,0.04812843206574156,0.08544943700512816,,,cuVSLAM,,
3583,1761211817759,31.912852078676224,-5.208064336329699,2.152679953724146,0.013466644914814224,0.048128458567398544,0.08544943855940501,,,cuVSLAM,,
3584,1761211817776,31.912866979837418,-5.208062939345837,2.152686705812812,0.013466644071233538,0.04812848405769327,0.08544944246852214,,,cuVSLAM,,
3585,1761211817792,31.91288188099861,-5.208062008023262,2.1526929922401905,0.013466642357214835,0.048128509969810544,0.08544945500847677,,,cuVSLAM,,
3586,1761211817809,31.898140907287598,-5.2527738735079765,2.4696048349142075,0.013482874514676018,0.048319029540423254,0.08548112810691788,,,cuVSLAM,,
3587,1761211817826,31.898133456707,-5.252778064459562,2.469608560204506,0.013482873517372465,0.048319032846813305,0.0854811306555776,,,cuVSLAM,,
3588,1761211817842,31.898126006126404,-5.252784118056297,2.4696141481399536,0.013482874385436609,0.04831903242041348,0.08548113693337601,,,cuVSLAM,,
3589,1761211817859,31.898118555545807,-5.25278877466917,2.4696188047528267,0.0134828747877039,0.048319039459239654,0.08548113575227057,,,cuVSLAM,,
3590,1761211817876,31.89810737967491,-5.252795293927193,2.4696234613656998,0.013482875658431332,0.04831904090812002,0.08548112712106756,,,cuVSLAM,,
3591,1761211817892,31.898096203804016,-5.252799950540066,2.4696309119462967,0.01348287746414777,0.04831904236460162,0.08548110730889592,,,cuVSLAM,,
3592,1761211817909,31.889136880636215,-5.368095822632313,2.7444567531347275,0.013498700878748863,0.04848371914560121,0.08555813491772439,,,cuVSLAM,,
3593,1761211817926,31.889133155345917,-5.368099547922611,2.7444602455943823,0.013498701006126875,0.04848371811822574,0.08555812981229952,,,cuVSLAM,,
3594,1761211817943,31.889133155345917,-5.36810327321291,2.7444646693766117,0.013498702661584726,0.048483716068479656,0.08555811214730402,,,cuVSLAM,,
3595,1761211817959,31.88912943005562,-5.3681074641644955,2.744469093158841,0.01349870257576483,0.04848372044388212,0.08555810055290908,,,cuVSLAM,,
3596,1761211817976,31.88912943005562,-5.368111655116081,2.744473749771714,0.013498702148543843,0.04848372564923633,0.08555809503271208,,,cuVSLAM,,
3597,1761211817992,31.88912943005562,-5.368114914745092,2.744480734691024,0.013498702782166461,0.04848373729231922,0.08555807694789035,,,cuVSLAM,,
3598,1761211818009,31.889133155345917,-5.3681181743741035,2.7444881852716208,0.013498704473245473,0.04848375349521809,0.08555806493442315,,,cuVSLAM,,
3599,1761211818026,31.882159411907196,-5.4747574031353,3.0002405401319265,0.013530410392540954,0.0486215498289978,0.08562261019732785,,,cuVSLAM,,
3600,1761211818042,31.882163137197495,-5.474762991070747,3.0002340208739042,0.013530412863387131,0.048621540808908834,0.08562262148947293,,,cuVSLAM,,
3601,1761211818059,31.882163137197495,-5.474768579006195,3.0002298299223185,0.01353041340404951,0.04862153509917057,0.08562264278856672,,,cuVSLAM,,
3602,1761211818076,31.882166862487793,-5.474771838635206,3.000223310664296,0.013530413883404221,0.04862152338226281,0.08562266291989047,,,cuVSLAM,,
3603,1761211818092,31.882166862487793,-5.4747737012803555,3.0002156272530556,0.013530412901567378,0.04862151125338439,0.08562268187983393,,,cuVSLAM,,
3604,1761211818109,31.882166862487793,-5.474775098264217,3.0002074781805277,0.013530410192872227,0.04862149570250431,0.08562270840192032,,,cuVSLAM,,
3605,1761211818126,31.882166862487793,-5.474776960909367,3.0001995619386435,0.013530407748090785,0.04862147942385214,0.08562273737391778,,,cuVSLAM,,
3606,1761211818142,31.882166862487793,-5.474778823554516,3.000191180035472,0.013530404246102419,0.04862146045344531,0.08562276773103997,,,cuVSLAM,,
3607,1761211818159,31.882166862487793,-5.474780686199665,3.00018023699522,0.013530398816699816,0.04862143920609279,0.08562279691817765,,,cuVSLAM,,
3608,1761211818176,31.882166862487793,-5.474780686199665,3.0001699924468994,0.013530394521006635,0.0486214205461848,0.08562283110776148,,,cuVSLAM,,
3609,1761211818192,31.93306177854538,-5.615918897092342,3.291039727628231,0.013534395198238016,0.04879773623477738,0.08571223165788613,,,cuVSLAM,,
3610,1761211818209,31.93306177854538,-5.615909583866596,3.291049040853977,0.013534389133876397,0.04879775675590014,0.08571222419083835,,,cuVSLAM,,
3611,1761211818226,32.01626613736153,-5.775353405624628,3.522249171510339,0.013556500096294642,0.04895529037325817,0.08581192253826811,,,cuVSLAM,,
3612,1761211818242,32.01625868678093,-5.775353871285915,3.5222473088651896,0.013556495961328102,0.04895528145333437,0.08581191998464605,,,cuVSLAM,,
3613,1761211818259,32.01625123620033,-5.77535480260849,3.522246377542615,0.013556493286996865,0.048955271070372876,0.08581191859806475,,,cuVSLAM,,
3614,1761211818276,32.016243785619736,-5.775352939963341,3.5222454462200403,0.013556493676524088,0.048955263692221376,0.0858119084745169,,,cuVSLAM,,
3615,1761211818292,32.01623633503914,-5.775355733931065,3.5222445148974657,0.013556492060433101,0.048955252258867626,0.0858118945131976,,,cuVSLAM,,
3616,1761211818309,32.01623260974884,-5.775355733931065,3.5222468432039022,0.01355649050393576,0.04895524868516328,0.0858118854396341,,,cuVSLAM,,
3617,1761211818326,32.017551362514496,-5.825220607221127,3.841908648610115,0.013543001047501984,0.04915135620530002,0.0858638835994398,,,cuVSLAM,,
3618,1761211818342,32.01756253838539,-5.825217813253403,3.8419077172875404,0.01354300271135022,0.049151361069772054,0.08586387858760218,,,cuVSLAM,,
3619,1761211818359,32.01756998896599,-5.825213622301817,3.841906785964966,0.013543001236473277,0.04915135740989037,0.0858638647309282,,,cuVSLAM,,
3620,1761211818376,32.01758116483688,-5.825209431350231,3.8419063203036785,0.013543002294902394,0.049151361942907555,0.08586385214911817,,,cuVSLAM,,
3621,1761211818392,32.01758861541748,-5.825202912092209,3.841907251626253,0.01354300467445816,0.049151366537922264,0.08586383688841223,,,cuVSLAM,,
3622,1761211818409,32.01759606599808,-5.825198255479336,3.841908648610115,0.013543007053392607,0.04915137672802499,0.0858638216237752,,,cuVSLAM,,
3623,1761211818426,32.01760724186897,-5.8251917362213135,3.8419109769165516,0.013543010490343316,0.04915138212074447,0.08586380123785538,,,cuVSLAM,,
3624,1761211818442,32.01761841773987,-5.82518894225359,3.84191470220685,0.013543013461171033,0.04915139124619509,0.08586377712243347,,,cuVSLAM,,
3625,1761211818459,32.01762959361076,-5.825186148285866,3.841917496174574,0.013543018219346045,0.04915140229861442,0.08586375032672992,,,cuVSLAM,,
3626,1761211818476,32.01764076948166,-5.825181491672993,3.841922152787447,0.013543023382611884,0.04915141108966692,0.08586372236780358,,,cuVSLAM,,
3627,1761211818492,32.017651945352554,-5.825178697705269,3.84192680940032,0.013543028933517009,0.04915142553789514,0.08586369172625308,,,cuVSLAM,,
3628,1761211818509,32.01766312122345,-5.825174506753683,3.841934259980917,0.013543035417279036,0.04915143998601084,0.08586366108454103,,,cuVSLAM,,
3629,1761211818526,32.017674297094345,-5.825171712785959,3.8419426418840885,0.013543042227547908,0.04915145596495906,0.08586362659838052,,,cuVSLAM,,
3630,1761211818542,32.01768547296524,-5.825167056173086,3.84195102378726,0.013543050499160532,0.04915147420766838,0.08586358954815293,,,cuVSLAM,,
3631,1761211818559,32.017696648836136,-5.825164262205362,3.8419589400291443,0.01354305816534705,0.049151492118904266,0.0858635449280171,,,cuVSLAM,,
3632,1761211818576,32.0722870528698,-5.87761215865612,3.986382856965065,0.013530295304467555,0.04924682527018976,0.08587625552180415,,,cuVSLAM,,
3633,1761211818592,32.072294503450394,-5.877620540559292,3.986379597336054,0.013530296619111632,0.04924682716379701,0.08587629011039627,,,cuVSLAM,,
3634,1761211818609,32.07230940461159,-5.877626594156027,3.9863763377070427,0.0135302972629558,0.04924683204516007,0.08587633459661814,,,cuVSLAM,,
3635,1761211818626,32.07232430577278,-5.877634510397911,3.986372146755457,0.013530297502086749,0.04924683918502583,0.08587638024568668,,,cuVSLAM,,
3636,1761211818642,32.072339206933975,-5.877642892301083,3.9863688871264458,0.013530297071862657,0.04924684931790275,0.08587642833843238,,,cuVSLAM,,
3637,1761211818659,32.07235783338547,-5.877650808542967,3.9863670244812965,0.01353029650125959,0.04924685724209293,0.08587648004278071,,,cuVSLAM,,
3638,1761211818676,32.07237645983696,-5.877658724784851,3.9863656274974346,0.013530295524913541,0.049246863689477366,0.08587654036652868,,,cuVSLAM,,
3639,1761211818692,32.07239508628845,-5.877666175365448,3.9863637648522854,0.01353029434615849,0.04924687499746976,0.08587659940556144,,,cuVSLAM,,
3640,1761211818709,32.14946389198303,-6.01723650470376,4.053276497870684,0.013528308561672068,0.049284351948234356,0.08595618637873327,,,cuVSLAM,,
3641,1761211818726,32.149460166692734,-6.017233245074749,4.053276963531971,0.01352830836228906,0.04928434935608955,0.0859561739172022,,,cuVSLAM,,
3642,1761211818742,32.149456441402435,-6.017227657139301,4.053276032209396,0.013528305893042021,0.04928435088919685,0.08595615888821356,,,cuVSLAM,,
3643,1761211818759,32.223548740148544,-6.062437780201435,4.217355512082577,0.01349938183758114,0.049393205489406185,0.0859959526169419,,,cuVSLAM,,
3644,1761211818776,32.223548740148544,-6.0624415054917336,4.217356443405151,0.013499380169155794,0.04939320994311125,0.08599597253207672,,,cuVSLAM,,
3645,1761211818792,32.223548740148544,-6.0624415054917336,4.217357374727726,0.013499378766864188,0.04939321739546028,0.08599598370799721,,,cuVSLAM,,
3646,1761211818809,32.22355246543884,-6.0624415054917336,4.2173611000180244,0.013499376898139999,0.04939322484786113,0.08599599488400794,,,cuVSLAM,,
3647,1761211818826,32.223548740148544,-6.062437780201435,4.217363893985748,0.013499375700162351,0.049393238645141065,0.08599598870361376,,,cuVSLAM,,
3648,1761211818859,32.223548740148544,-6.062432192265987,4.217366687953472,0.013499372901559385,0.04939325170593378,0.0859959812409597,,,cuVSLAM,,
3649,1761211818876,32.223548740148544,-6.062422879040241,4.217370413243771,0.013499372170114174,0.04939327110088918,0.08599597132953746,,,cuVSLAM,,
3650,1761211818892,32.223548740148544,-6.062411703169346,4.217376466840506,0.013499370974401223,0.04939329050381816,0.08599595023727392,,,cuVSLAM,,
3651,1761211818909,32.22355246543884,-6.062398664653301,4.217382054775953,0.013499369980115597,0.049393316241118576,0.08599592669660154,,,cuVSLAM,,
3652,1761211818926,32.29455649852753,-6.116869859397411,4.21579135581851,0.013508099390487352,0.049388969971798286,0.08604302744444846,,,cuVSLAM,,
3653,1761211818942,32.294560223817825,-6.116869393736124,4.215806256979704,0.013508087780399245,0.04938899318945104,0.08604300842216556,,,cuVSLAM,,
3654,1761211818959,32.29456767439842,-6.116868928074837,4.215821623802185,0.01350807549911915,0.04938901939006434,0.08604300302200782,,,cuVSLAM,,
3655,1761211818976,32.29457512497902,-6.116868462413549,4.215836524963379,0.013508062814413321,0.04938904224983677,0.0860429987836841,,,cuVSLAM,,
3656,1761211818992,32.294586300849915,-6.116867996752262,4.21585189178586,0.013508048994767296,0.049389069968214336,0.08604299325834859,,,cuVSLAM,,
3657,1761211819009,32.29459747672081,-6.1168670654296875,4.215866327285767,0.01350803690126828,0.04938909733632552,0.08604299133549669,,,cuVSLAM,,
3658,1761211819026,32.294608652591705,-6.116866134107113,4.215881694108248,0.013508020935587775,0.049389128082205615,0.08604299674054065,,,cuVSLAM,,
3659,1761211819042,32.376669347286224,-6.053824909031391,3.971732687205076,0.013549607648917609,0.04924367900876431,0.08600986832239056,,,cuVSLAM,,
3660,1761211819059,32.426297664642334,-5.98458107560873,3.668873570859432,0.013564085222402851,0.04906027416108576,0.08596834507399805,,,cuVSLAM,,
3661,1761211819076,32.426297664642334,-5.984573625028133,3.6688758991658688,0.01356407482155454,0.04906027570244379,0.08596833377303675,,,cuVSLAM,,
3662,1761211819092,32.426293939352036,-5.9845661744475365,3.668877761811018,0.013564065150548877,0.04906027650940263,0.0859683249167353,,,cuVSLAM,,
3663,1761211819109,32.426297664642334,-5.9845587238669395,3.66887915879488,0.013564053411537333,0.04906027658489438,0.08596831477868536,,,cuVSLAM,,
3664,1761211819126,32.426293939352036,-5.984551273286343,3.668881021440029,0.013564042808401254,0.04906027739457823,0.08596830219561577,,,cuVSLAM,,
3665,1761211819142,32.426297664642334,-5.984543822705746,3.6688819527626038,0.013564030541841706,0.04906027893614255,0.08596829089502148,,,cuVSLAM,,
3666,1761211819159,32.426297664642334,-5.984536372125149,3.6688842810690403,0.013564018802109994,0.049060279009012386,0.08596828448392717,,,cuVSLAM,,
3667,1761211819176,32.42629021406174,-5.984528921544552,3.6688833497464657,0.013564005603626963,0.04906027868827712,0.08596826945787599,,,cuVSLAM,,
3668,1761211819192,32.42629021406174,-5.984521470963955,3.6688828840851784,0.01356399313405598,0.04906027949554573,0.08596826060212515,,,cuVSLAM,,
3669,1761211819209,32.42628648877144,-5.984514486044645,3.6688828840851784,0.01356398040055457,0.04906027916951529,0.08596825302988734,,,cuVSLAM,,
3670,1761211819226,32.42628276348114,-5.9845056384801865,3.6688828840851784,0.013563965397795592,0.049060281115636366,0.08596823543726942,,,cuVSLAM,,
3671,1761211819242,32.42627903819084,-5.9844981878995895,3.668882418423891,0.01356395079930682,0.04906028079243445,0.08596822413844583,,,cuVSLAM,,
3672,1761211819259,32.42627531290054,-5.984490737318993,3.6688828840851784,0.013563936868812597,0.049060281198232636,0.08596821784859254,,,cuVSLAM,,
3673,1761211819276,32.426271587610245,-5.98448421806097,3.6688828840851784,0.013563922736548065,0.04906028274000297,0.08596820654836913,,,cuVSLAM,,
3674,1761211819292,32.42626413702965,-5.9844753704965115,3.6688828840851784,0.013563907670909403,0.04906028241423098,0.08596819897658857,,,cuVSLAM,,
3675,1761211819309,32.42626041173935,-5.984468385577202,3.6688842810690403,0.013563892607239782,0.04906028396134797,0.08596818022264892,,,cuVSLAM,,
3676,1761211819326,32.42625296115875,-5.984460934996605,3.6688842810690403,0.013563877076313655,0.049060279908202054,0.08596816892663306,,,cuVSLAM,,
3677,1761211819342,32.426245510578156,-5.984450690448284,3.668886609375477,0.013563859475627287,0.049060284446086136,0.08596816006926696,,,cuVSLAM,,
3678,1761211819359,32.42623805999756,-5.9844437055289745,3.668888472020626,0.01356384347838002,0.04906028599068447,0.08596814504246207,,,cuVSLAM,,
3679,1761211819376,32.4716754257679,-5.969559773802757,3.8046902045607567,0.013566953033704306,0.04916392760614111,0.08598029553808585,,,cuVSLAM,,
3680,1761211819392,32.4716791510582,-5.969564896076918,3.8046943955123425,0.01356695921645747,0.04916393771714214,0.08598030530618696,,,cuVSLAM,,
3681,1761211819409,32.471682876348495,-5.969571880996227,3.804698120802641,0.013566965602062359,0.04916395042901358,0.0859803126283091,,,cuVSLAM,,
3682,1761211819426,32.471686601638794,-5.969579331576824,3.8047018460929394,0.013566972049633932,0.0491639598093678,0.08598031738707167,,,cuVSLAM,,
3683,1761211819442,32.49311447143555,-6.025449838489294,4.120284225791693,0.013551393426530833,0.04937210375489137,0.08604365478882693,,,cuVSLAM,,
3684,1761211819459,32.49311447143555,-6.025449372828007,4.120290279388428,0.01355139381447399,0.049372120593681325,0.08604364090390354,,,cuVSLAM,,
3685,1761211819476,32.493118196725845,-6.025449372828007,4.120298661291599,0.013551394263918262,0.049372135957122754,0.08604362817938158,,,cuVSLAM,,
3686,1761211819492,32.493121922016144,-6.025449372828007,4.120306111872196,0.013551395708344908,0.04937215731049794,0.0860436091558673,,,cuVSLAM,,
3687,1761211819509,32.493121922016144,-6.025449372828007,4.120314493775368,0.013551396484961405,0.04937217793023304,0.08604358512224598,,,cuVSLAM,,
3688,1761211819526,32.49312564730644,-6.025448907166719,4.120323341339827,0.013551399858272334,0.049372195948297,0.0860435598061719,,,cuVSLAM,,
3689,1761211819542,32.49312937259674,-6.025448907166719,4.120335448533297,0.013551402360320975,0.04937221808882882,0.08604353191976356,,,cuVSLAM,,
3690,1761211819559,32.49313309788704,-6.025448441505432,4.120345693081617,0.013551405391233607,0.04937223689156794,0.08604350146803458,,,cuVSLAM,,
3691,1761211819576,32.49313309788704,-6.025448441505432,4.120356868952513,0.013551410349988526,0.04937226168412259,0.08604346471715354,,,cuVSLAM,,
3692,1761211819592,32.526541501283646,-6.140909157693386,4.398799501359463,0.01354824529502012,0.04956188108815219,0.08613224227750177,,,cuVSLAM,,
3693,1761211819609,32.526541501283646,-6.14089984446764,4.398798570036888,0.01354824602593082,0.049561885946630614,0.08613223726180519,,,cuVSLAM,,
3694,1761211819626,32.52653777599335,-6.140889599919319,4.398796707391739,0.01354824396041474,0.04956189081338278,0.08613222106573366,,,cuVSLAM,,
3695,1761211819642,32.52653405070305,-6.140878424048424,4.398796241730452,0.01354824209612011,0.04956190387940803,0.08613220614891656,,,cuVSLAM,,
3696,1761211819659,32.52653405070305,-6.14086352288723,4.398798570036888,0.013548240497345918,0.04956191247881895,0.0861321862231284,,,cuVSLAM,,
3697,1761211819676,32.52653405070305,-6.140844896435738,4.39879996702075,0.013548241698724693,0.049561926680963875,0.08613215511189762,,,cuVSLAM,,
3698,1761211819692,32.52653032541275,-6.140824407339096,4.3988036923110485,0.013548240365252158,0.04956194573929715,0.08613212271258076,,,cuVSLAM,,
3699,1761211819709,32.52652660012245,-6.140800658613443,4.398808348923922,0.013548240167637499,0.04956196367430853,0.08613208787199784,,,cuVSLAM,,
3700,1761211819726,32.52652287483215,-6.140776444226503,4.398814402520657,0.013548236969980027,0.049561988335895396,0.08613204428814858,,,cuVSLAM,,
3701,1761211819742,32.52652287483215,-6.140747107565403,4.398821387439966,0.013548236571441987,0.04956201486484998,0.08613199697545847,,,cuVSLAM,,
3702,1761211819759,32.52652287483215,-6.1407131142914295,4.398826975375414,0.013548236904232059,0.04956204252222098,0.0861319446497334,,,cuVSLAM,,
3703,1761211819776,32.52652287483215,-6.140678189694881,4.398833494633436,0.013548236508277467,0.04956207838958241,0.08613187869555401,,,cuVSLAM,,
3704,1761211819792,32.52652287483215,-6.1406404711306095,4.398842342197895,0.013548235644955088,0.04956211611936871,0.08613181646711453,,,cuVSLAM,,
3705,1761211819809,32.526519149541855,-6.140603683888912,4.3988521210849285,0.01354823664830163,0.04956215198656929,0.0861317505126706,,,cuVSLAM,,
3706,1761211819826,32.526515424251556,-6.140562705695629,4.398864693939686,0.013548236313833815,0.04956219383566138,0.08613168198399855,,,cuVSLAM,,
3707,1761211819842,32.526519149541855,-6.140519864857197,4.3988763354718685,0.01354823638399478,0.049562239030755406,0.08613161229613976,,,cuVSLAM,,
3708,1761211819859,32.526515424251556,-6.140475161373615,4.398887511342764,0.013548235258669564,0.049562288703183695,0.08613153270953891,,,cuVSLAM,,
3709,1761211819876,32.526515424251556,-6.140424869954586,4.398901015520096,0.013548235798473673,0.04956233764154497,0.08613144438408477,,,cuVSLAM,,
3710,1761211819892,32.52651169896126,-6.140371318906546,4.398913122713566,0.013548234471400446,0.049562390307514526,0.0861313597833162,,,cuVSLAM,,
3711,1761211819909,32.52650797367096,-6.1403135769069195,4.398929886519909,0.013548235013062517,0.049562448581624334,0.08613125654335209,,,cuVSLAM,,
3712,1761211819926,32.61515498161316,-6.221277639269829,4.420299548655748,0.0135364711209327,0.04960758017853822,0.08618913183490663,,,cuVSLAM,,
3713,1761211819959,32.61514753103256,-6.221279967576265,4.420303739607334,0.013536475661593444,0.049607581277764046,0.08618912952320644,,,cuVSLAM,,
3714,1761211819976,32.615143805742264,-6.221284158527851,4.420306533575058,0.013536480608401106,0.04960758199961165,0.08618911860273311,,,cuVSLAM,,
3715,1761211819992,32.61512890458107,-6.221286952495575,4.420309793204069,0.013536486426549355,0.0496075804736816,0.08618910652867208,,,cuVSLAM,,
3716,1761211820009,32.615117728710175,-6.221289746463299,4.420314449816942,0.013536491716316738,0.049607580430193254,0.08618909329863597,,,cuVSLAM,,
3717,1761211820026,32.61510655283928,-6.221289746463299,4.420317709445953,0.013536496945281199,0.04960757814168846,0.08618907518821381,,,cuVSLAM,,
3718,1761211820042,32.615091651678085,-6.221290677785873,4.4203209690749645,0.013536504444684896,0.049607575470279754,0.0861890559225964,,,cuVSLAM,,
3719,1761211820059,32.615069299936295,-6.221294403076172,4.420324694365263,0.01353651028179249,0.04960756608144462,0.08618903422108216,,,cuVSLAM,,
3720,1761211820076,32.6150506734848,-6.221296265721321,4.4203284196555614,0.013536516927363625,0.04960755778959066,0.08618901393555231,,,cuVSLAM,,
3721,1761211820092,32.61502832174301,-6.22129812836647,4.42033214494586,0.013536524507468752,0.04960754763790918,0.08618898619719813,,,cuVSLAM,,
3722,1761211820109,32.61500597000122,-6.22129812836647,4.420335870236158,0.013536532228140219,0.049607534113349123,0.08618895859215729,,,cuVSLAM,,
3723,1761211820126,32.61497989296913,-6.221301853656769,4.4203391298651695,0.013536540353932739,0.04960751647601278,0.08618892983492447,,,cuVSLAM,,
3724,1761211820142,32.614946365356445,-6.221304647624493,4.420343320816755,0.013536549351382588,0.04960750032360808,0.08618889619443423,,,cuVSLAM,,
3725,1761211820159,32.61491656303406,-6.2213074415922165,4.420347511768341,0.013536558350289924,0.04960748417650639,0.08618885509994645,,,cuVSLAM,,
3726,1761211820176,32.61488303542137,-6.221308372914791,4.420350771397352,0.013536568561853389,0.04960746687598048,0.08618881799489188,,,cuVSLAM,,
3727,1761211820192,32.614849507808685,-6.221311166882515,4.420354962348938,0.013536578976969051,0.04960744845555563,0.08618877472256316,,,cuVSLAM,,
3728,1761211820209,32.6148085296154,-6.221314892172813,4.4203586876392365,0.01353658886558138,0.049607427792792744,0.08618872284287915,,,cuVSLAM,,
3729,1761211820225,32.614775002002716,-6.221317686140537,4.420361947268248,0.013536598225097259,0.049607408609794276,0.08618867353414385,,,cuVSLAM,,
3730,1761211820242,32.61473402380943,-6.221321411430836,4.420365672558546,0.013536610057893096,0.049607387921321064,0.08618862062989083,,,cuVSLAM,,
3731,1761211820259,32.61468932032585,-6.221325136721134,4.4203693978488445,0.013536620630297388,0.04960736571981158,0.08618857531182564,,,cuVSLAM,,
3732,1761211820276,32.61464834213257,-6.221326999366283,4.42037358880043,0.013536632341519632,0.04960734054121114,0.08618851264658772,,,cuVSLAM,,
3733,1761211820292,32.61459618806839,-6.221327465027571,4.420377314090729,0.013536643121232005,0.04960730977020335,0.0861884462584323,,,cuVSLAM,,
3734,1761211820309,32.61454403400421,-6.221329793334007,4.420381039381027,0.013536653775830838,0.04960728009357812,0.08618838501334262,,,cuVSLAM,,
3735,1761211820326,32.61449560523033,-6.221332121640444,4.420385230332613,0.013536665566450314,0.04960725302701111,0.0861883175980489,,,cuVSLAM,,
3736,1761211820342,32.614439725875854,-6.221337243914604,4.420389886945486,0.013536677964304836,0.049607220722388976,0.086188250317193,,,cuVSLAM,,
3737,1761211820359,32.61438384652138,-6.221340037882328,4.4203936122357845,0.013536690500881061,0.049607188769585045,0.08618819062089864,,,cuVSLAM,,
3738,1761211820376,32.6143242418766,-6.2213437631726265,4.42039780318737,0.013536703505785994,0.04960715309188661,0.08618812347303839,,,cuVSLAM,,
3739,1761211820392,32.61426463723183,-6.221347022801638,4.420401528477669,0.013536718720482918,0.04960712038397192,0.08618804655835746,,,cuVSLAM,,
3740,1761211820409,32.61420875787735,-6.221350282430649,4.4204057194292545,0.01353673160362799,0.04960708208109243,0.08618796964798055,,,cuVSLAM,,
3741,1761211820425,32.614145427942276,-6.221354007720947,4.420408979058266,0.013536745156784163,0.04960704265819321,0.0861878865700623,,,cuVSLAM,,
3742,1761211820442,32.6140820980072,-6.221357733011246,4.4204131700098515,0.013536758584842356,0.04960700432963727,0.08618780863514858,,,cuVSLAM,,
3743,1761211820459,32.67352283000946,-6.374460179358721,4.66419430449605,0.013515170640201784,0.04975925836059769,0.08627874466829531,,,cuVSLAM,,
3744,1761211820475,32.67351910471916,-6.374466232955456,4.664200358092785,0.013515170575538986,0.04975926543740704,0.0862787509649669,,,cuVSLAM,,
3745,1761211820492,32.67351537942886,-6.3744704239070415,4.664204083383083,0.01351517018413737,0.04975927474600555,0.08627875366804992,,,cuVSLAM,,
3746,1761211820509,32.67350792884827,-6.374470889568329,4.664206877350807,0.013515168797678605,0.04975928181153177,0.08627875522057442,,,cuVSLAM,,
3747,1761211820525,32.67350420355797,-6.3744657672941685,4.664211068302393,0.01351516828110463,0.04975929409403928,0.0862787556168402,,,cuVSLAM,,
3748,1761211820542,32.67349675297737,-6.374458782374859,4.664215259253979,0.013515165836681475,0.049759309731447626,0.0862787511316812,,,cuVSLAM,,
3749,1761211820559,32.673489302396774,-6.374448537826538,4.664218053221703,0.013515163796227286,0.04975931939282935,0.08627874922540227,,,cuVSLAM,,
3750,1761211820575,32.67348185181618,-6.374431774020195,4.664221778512001,0.013515159626871293,0.04975933353473288,0.08627873742254363,,,cuVSLAM,,
3751,1761211820592,32.67347440123558,-6.374414078891277,4.664224572479725,0.013515156730016787,0.04975935251012722,0.0862787307653443,,,cuVSLAM,,
3752,1761211820609,32.673463225364685,-6.37439638376236,4.664227832108736,0.01351515217102382,0.0497593666379931,0.08627871794518514,,,cuVSLAM,,
3753,1761211820625,32.67345204949379,-6.374373100697994,4.6642315573990345,0.013515147549121207,0.04975939158083537,0.0862787002378861,,,cuVSLAM,,
3754,1761211820642,32.633665949106216,-6.404451094567776,4.795831628143787,0.013567830925161797,0.04983721891721699,0.0862705825750961,,,cuVSLAM,,
3755,1761211820659,32.63367339968681,-6.404435262084007,4.795823711901903,0.013567832175754139,0.049837237181539,0.08627060851650975,,,cuVSLAM,,
3756,1761211820676,32.63368085026741,-6.404413841664791,4.795815795660019,0.01356783476654664,0.04983725321019623,0.08627062585255552,,,cuVSLAM,,
3757,1761211820692,32.63368457555771,-6.404391489923,4.795808345079422,0.013567835773605527,0.04983727929940323,0.08627064345094947,,,cuVSLAM,,
3758,1761211820709,32.63368830084801,-6.404366344213486,4.795800428837538,0.01356783544411809,0.04983729457681339,0.08627065848290195,,,cuVSLAM,,
3759,1761211820726,32.633692026138306,-6.404339801520109,4.795792978256941,0.013567835722821022,0.04983732141743126,0.08627066618697124,,,cuVSLAM,,
3760,1761211820742,32.633695751428604,-6.404311396181583,4.7957864589989185,0.013567835473758075,0.04983734601458488,0.08627067646720508,,,cuVSLAM,,
3761,1761211820759,32.6336994767189,-6.404279265552759,4.7957804054021835,0.013567833299563653,0.04983737024152076,0.08627067814137368,,,cuVSLAM,,
3762,1761211820775,32.6337069272995,-6.4042434096336365,4.795771557837725,0.013567831732734343,0.04983740043112482,0.08627067994577778,,,cuVSLAM,,
3763,1761211820792,32.6337106525898,-6.404205225408077,4.795764107257128,0.013567828968821504,0.04983742576629886,0.08627068676817722,,,cuVSLAM,,
3764,1761211820809,32.633714377880096,-6.404160521924496,4.795758053660393,0.013567824340884788,0.049837454839852774,0.08627068240709551,,,cuVSLAM,,
3765,1761211820826,32.633714377880096,-6.40411302447319,4.7957501374185085,0.013567821131598618,0.04983748912443074,0.08627067587142366,,,cuVSLAM,,
3766,1761211820842,32.633718103170395,-6.40406459569931,4.795742686837912,0.013567814981563764,0.04983752117409063,0.08627067293035559,,,cuVSLAM,,
3767,1761211820859,32.633718103170395,-6.404015235602856,4.795734770596027,0.013567807046791813,0.04983755694853272,0.08627066524192835,,,cuVSLAM,,
3768,1761211820876,32.63372182846069,-6.4039649441838264,4.7957273200154305,0.013567800309940224,0.04983759011715455,0.08627065254083965,,,cuVSLAM,,
3769,1761211820892,32.63372182846069,-6.403912324458361,4.795720335096121,0.013567791522701161,0.04983762215067261,0.08627064756432991,,,cuVSLAM,,
3770,1761211820909,32.63372182846069,-6.403855979442596,4.795714281499386,0.013567782129011515,0.04983765941999416,0.08627063126836619,,,cuVSLAM,,
3771,1761211820925,32.63372182846069,-6.40379823744297,4.795706365257502,0.013567772146320392,0.04983769780025721,0.08627061639356232,,,cuVSLAM,,
3772,1761211820942,32.63372182846069,-6.403731182217598,4.795698914676905,0.01356776196054052,0.04983773543459024,0.08627060395915674,,,cuVSLAM,,
3773,1761211820975,32.62109309434891,-6.27859216183424,5.011489149183035,0.013523976087273432,0.049967811675330015,0.08621914945753655,,,cuVSLAM,,
3774,1761211820992,32.62108564376831,-6.2785944901406765,5.011488683521748,0.013523979572807255,0.049967795269476485,0.08621914112498415,,,cuVSLAM,,
3775,1761211821009,32.621078193187714,-6.278598681092262,5.011487286537886,0.013523982529569665,0.049967780356863306,0.0862191316373151,,,cuVSLAM,,
3776,1761211821026,32.62106701731682,-6.278601475059986,5.011486820876598,0.013523986357840538,0.04996776507493632,0.0862191172685161,,,cuVSLAM,,
3777,1761211821042,32.621052116155624,-6.278605200350285,5.011484492570162,0.013523991524279152,0.049967747558566956,0.08621909801983171,,,cuVSLAM,,
3778,1761211821059,32.62103348970413,-6.278609856963158,5.011482629925013,0.013523995696644147,0.04996772780801478,0.08621907389171009,,,cuVSLAM,,
3779,1761211821075,32.62101486325264,-6.278615444898605,5.011480301618576,0.013524000274071118,0.04996770768819429,0.0862190448825347,,,cuVSLAM,,
3780,1761211821092,32.62099623680115,-6.278619170188904,5.011479370296001,0.01352400525583595,0.049967687196425276,0.08621901471938198,,,cuVSLAM,,
3781,1761211821109,32.62097015976906,-6.278622895479202,5.011479835957289,0.013524009507036404,0.04996766185474931,0.08621898584630064,,,cuVSLAM,,
3782,1761211821125,32.62094780802727,-6.278626620769501,5.011479835957289,0.013524014830725111,0.0499676368862953,0.08621895710503741,,,cuVSLAM,,
3783,1761211821142,32.62092173099518,-6.2786308117210865,5.011479370296001,0.013524019829425811,0.04996760856641801,0.08621892104436452,,,cuVSLAM,,
3784,1761211821159,32.62089565396309,-6.278633140027523,5.011477507650852,0.013524026430114775,0.04996757912918925,0.08621888254353217,,,cuVSLAM,,
3785,1761211821175,32.6208621263504,-6.278637330979109,5.011477041989565,0.013524032967036859,0.04996755117976918,0.08621885034163054,,,cuVSLAM,,
3786,1761211821192,32.620832324028015,-6.278640124946833,5.011477507650852,0.013524040843071858,0.04996751913347069,0.08621880953404241,,,cuVSLAM,,
3787,1761211821209,32.62079879641533,-6.278644781559706,5.011477041989565,0.013524047725036688,0.04996748485295088,0.08621876384695958,,,cuVSLAM,,
3788,1761211821225,32.617151737213135,-6.096791010349989,4.918902646750212,0.013504683385793663,0.04989049211674556,0.08610213130120536,,,cuVSLAM,,
3789,1761211821242,32.61715918779373,-6.096794269979,4.9189068377017975,0.013504681714887817,0.049890505897870016,0.08610215866599688,,,cuVSLAM,,
3790,1761211821259,32.61716663837433,-6.096795201301575,4.918912425637245,0.01350467957753381,0.04989051967904721,0.0861021860308795,,,cuVSLAM,,
3791,1761211821275,32.61717036366463,-6.096791476011276,4.91891847923398,0.013504676508823749,0.04989053906356706,0.08610220221066889,,,cuVSLAM,,
3792,1761211821292,32.617174088954926,-6.096784956753254,4.918923135846853,0.013504675772658195,0.049890562180647094,0.08610221466024684,,,cuVSLAM,,
3793,1761211821309,32.61718153953552,-6.096777506172657,4.918930120766163,0.013504673638080483,0.04989058343547966,0.08610222338434154,,,cuVSLAM,,
3794,1761211821325,32.61718526482582,-6.096768192946911,4.918936640024185,0.013504673369693819,0.04989061402082202,0.0861022246472194,,,cuVSLAM,,
3795,1761211821342,32.61719271540642,-6.096754223108292,4.918945021927357,0.013504671703617795,0.049890642746587464,0.08610221845752364,,,cuVSLAM,,
3796,1761211821359,32.617196440696716,-6.096739321947098,4.9189552664756775,0.013504671437494153,0.04989067893783992,0.08610220480803588,,,cuVSLAM,,
3797,1761211821375,32.617200165987015,-6.096720229834318,4.9189673736691475,0.013504671170438255,0.049890716991498704,0.08610219488430254,,,cuVSLAM,,
3798,1761211821392,32.61720761656761,-6.0967011377215385,4.918978083878756,0.0135046711705869,0.049890754309033995,0.08610217249505858,,,cuVSLAM,,
3799,1761211821409,32.61721134185791,-6.0966769233345985,4.918990656733513,0.013504670174404383,0.0498908043106892,0.0861021452121929,,,cuVSLAM,,
3800,1761211821425,32.61721506714821,-6.096646189689636,4.91900322958827,0.013504671777268695,0.04989084424524003,0.0861021129242202,,,cuVSLAM,,
3801,1761211821442,32.61721879243851,-6.096618250012398,4.919016733765602,0.013504672913570022,0.04989089164281781,0.08610207690390581,,,cuVSLAM,,
3802,1761211821459,32.617222517728806,-6.096586585044861,4.919031634926796,0.013504673116346746,0.04989094463572907,0.08610204087976542,,,cuVSLAM,,
3803,1761211821475,32.66361355781555,-5.9491414576768875,4.726379178464413,0.013485811039296912,0.049768235417223916,0.08599709759839576,,,cuVSLAM,,
3804,1761211821492,32.663606107234955,-5.949141923338175,4.726381506770849,0.013485818504592816,0.04976823542437111,0.08599708641570694,,,cuVSLAM,,
3805,1761211821509,32.652903348207474,-5.756423342972994,4.420116543769836,0.013472518841014162,0.04956608976723718,0.0858654706785375,,,cuVSLAM,,
3806,1761211821525,32.652903348207474,-5.75642753392458,4.420118406414986,0.013472520642315518,0.049566083782657824,0.08586547697185225,,,cuVSLAM,,
3807,1761211821542,32.652903348207474,-5.756431259214878,4.420117940753698,0.013472520576505066,0.049566083390828825,0.08586548698862831,,,cuVSLAM,,
3808,1761211821559,32.652903348207474,-5.7564349845051765,4.420117940753698,0.01347252284362646,0.04956608300138601,0.08586549327788551,,,cuVSLAM,,
3809,1761211821576,32.652903348207474,-5.7564349845051765,4.420117940753698,0.013472521845857621,0.04956608074724336,0.08586549956909519,,,cuVSLAM,,
3810,1761211821592,32.652903348207474,-5.7564349845051765,4.420117940753698,0.013472524313191523,0.0495660810943915,0.08586551086603579,,,cuVSLAM,,
3811,1761211821609,32.652899622917175,-5.7564349845051765,4.420118406414986,0.013472524248722952,0.04956607511001845,0.08586551715971229,,,cuVSLAM,,
3812,1761211821625,32.65289589762688,-5.756435450166464,4.420118406414986,0.01347252558203287,0.04956607658309671,0.0858655271748987,,,cuVSLAM,,
3813,1761211821642,32.65289217233658,-5.756435915827751,4.420119803398848,0.013472524118236464,0.049566070598878846,0.08586553346884576,,,cuVSLAM,,
3814,1761211821659,32.65288844704628,-5.756435915827751,4.420121666043997,0.013472523851287072,0.049566071332876036,0.08586554220368986,,,cuVSLAM,,
3815,1761211821675,32.65288472175598,-5.756440106779337,4.420121666043997,0.013472522853518083,0.049566069078732636,0.0858655484949021,,,cuVSLAM,,
3816,1761211821692,32.65288099646568,-5.7564424350857735,4.420122131705284,0.013472522787915235,0.049566066821839644,0.08586555851300583,,,cuVSLAM,,
3817,1761211821710,32.652877271175385,-5.7564424350857735,4.420123994350433,0.01347252065561025,0.04956606382591746,0.08586556725085616,,,cuVSLAM,,
3818,1761211821725,32.652873545885086,-5.756442900747061,4.420124925673008,0.013472520590518894,0.0495660634367334,0.085865573540567,,,cuVSLAM,,
3819,1761211821742,32.65286982059479,-5.756443366408348,4.420125391334295,0.013472518658218522,0.04956606304246552,0.08586558728478004,,,cuVSLAM,,
3820,1761211821759,32.65286609530449,-5.756443366408348,4.420125391334295,0.01347251879364342,0.049566067122645406,0.08586559485246019,,,cuVSLAM,,
3821,1761211821775,32.65286237001419,-5.756441969424486,4.420125391334295,0.01347251826252438,0.049566063003385855,0.08586560114490806,,,cuVSLAM,,
3822,1761211821792,32.65285864472389,-5.756440572440624,4.420125856995583,0.013472518196298713,0.04956606634168359,0.0858656111590466,,,cuVSLAM,,
3823,1761211821809,32.652854919433594,-5.756440572440624,4.420127719640732,0.013472517665691193,0.049566064090133276,0.08586561372310085,,,cuVSLAM,,
3824,1761211821825,32.652851194143295,-5.7564410381019115,4.420128650963306,0.013472517132511169,0.049566065560773566,0.08586562746572483,,,cuVSLAM,,
