Frame,Timestamp,Translation_X,Translation_Y,Translation_Z,Rotation_X,Rotation_Y,Rotation_Z,Pose_Confidence,Tracking_State,Spatial_Memory,Odometry,Tracking_Fusion
0,1761211756344,0.0,0.0,0.0,0.0,0.0,0.0,100,OK,INITIALIZING,OK,INERTIAL
1,1761211756361,0.0,0.0,0.0,0.0,0.0,0.0,100,OK,INITIALIZING,OK,INERTIAL
2,1761211756378,0.0,0.0,0.0,0.0,0.0,0.0,100,OK,INITIALIZING,OK,INERTIAL
3,1761211756394,0.0,0.0,0.0,0.0,0.0,0.0,100,OK,INITIALIZING,OK,VISUAL_INERTIAL
4,1761211756411,-0.04874556543654762,-0.08931483898777515,0.0028623385333048645,4.586763316183351e-05,-1.321475974691566e-05,1.1604112842178438e-05,100,OK,INITIALIZING,OK,VISUAL_INERTIAL
5,1761211756428,-0.05801723091281019,-0.11982626165263355,-0.002200244352934533,6.785616278648376e-05,-2.1309711883077398e-05,8.417057870246936e-06,100,OK,INITIALIZING,OK,VISUAL_INERTIAL
6,1761211756444,-0.07366511272266507,-0.13998056238051504,0.00394092876376817,8.504092693328857e-05,-2.932937968580518e-05,1.184417760669021e-05,100,OK,INITIALIZING,OK,VISUAL_INERTIAL
7,1761211756461,-0.06156124436529353,-0.1402220514137298,0.002453067963870126,8.062831329880282e-05,-1.4377606021298561e-05,1.4407262824533973e-05,100,OK,INITIALIZING,OK,VISUAL_INERTIAL
8,1761211756478,-0.04345610796008259,-0.13828996452502906,-3.879424337327464e-06,8.137523400364444e-05,-7.375680979748722e-06,8.124497981043532e-06,100,OK,INITIALIZING,OK,VISUAL_INERTIAL
9,1761211756495,-0.023996759409783408,-0.10743246093625203,0.006603700057894457,6.902776658535004e-05,-6.816700533818221e-06,-8.667184374644421e-06,100,OK,INITIALIZING,OK,VISUAL_INERTIAL
10,1761211756511,-0.012541720934677869,-0.08622348104836419,0.008385222827200778,5.523115396499634e-05,2.6141101443499792e-06,-6.245497388590593e-06,100,OK,INITIALIZING,OK,VISUAL_INERTIAL
11,1761211756528,9.246872600954248e-06,-0.08504834841005504,0.03398533590370789,5.4234638810157776e-05,8.355943464266602e-06,5.756138307333458e-06,100,OK,INITIALIZING,OK,VISUAL_INERTIAL
12,1761211756545,-0.00816507417766843,-0.09786006557988003,0.02276804661960341,6.640888750553131e-05,-3.2631519388814922e-06,2.035769057329162e-06,100,OK,INITIALIZING,OK,VISUAL_INERTIAL
13,1761211756561,0.0012139436194047448,-0.10525181278353557,-0.0012776027915606392,6.12288640695624e-05,2.9541031381086214e-06,-5.42320867680246e-06,100,OK,INITIALIZING,OK,VISUAL_INERTIAL
14,1761211756578,0.020486664652707987,-0.10755679977592081,-0.008746325875108596,5.8338046073913574e-05,1.4536359230987728e-05,-5.037447408540174e-06,100,OK,INITIALIZING,OK,VISUAL_INERTIAL
15,1761211756594,0.0011878645409524324,-0.09692932508187369,0.019487119061523117,5.633569890051149e-05,2.7382995995139936e-06,7.523173280787887e-06,100,OK,INITIALIZING,OK,VISUAL_INERTIAL
16,1761211756611,-0.015841178537812084,-0.09121838957071304,0.02300133928656578,5.421042806119658e-05,-2.5331860342703294e-06,1.0154319170396775e-05,100,OK,INITIALIZING,OK,VISUAL_INERTIAL
17,1761211756628,-0.03616564208641648,-0.09222765220329165,0.030900282581569627,6.0867518186569214e-05,-1.0272165127389599e-05,6.174635018396657e-06,100,OK,INITIALIZING,OK,VISUAL_INERTIAL
18,1761211756644,-0.03797361932811327,-0.07596124487463385,0.02295962804055307,4.5631080865859985e-05,-1.0778524483612273e-05,9.809989933273755e-06,100,OK,INITIALIZING,OK,VISUAL_INERTIAL
19,1761211756661,-0.05660986062139273,-0.10645242582540959,0.0293138473352883,6.517395377159119e-05,-2.812136517604813e-05,8.046329639910255e-06,100,OK,INITIALIZING,OK,VISUAL_INERTIAL
20,1761211756678,-0.060920756368432194,-0.12708714348264039,0.02716829112614505,7.964856922626495e-05,-2.5400924641871825e-05,5.568340839090524e-06,100,OK,INITIALIZING,OK,VISUAL_INERTIAL
21,1761211756695,-0.07145599374780431,-0.1409247488481924,0.025172515961457975,8.846819400787354e-05,-3.155673039145768e-05,1.2409804185153916e-05,100,OK,INITIALIZING,OK,VISUAL_INERTIAL
22,1761211756711,-0.07200505933724344,-0.1412824058206752,0.013028003195358906,8.212961256504059e-05,-3.183274748153053e-05,1.7719994502840564e-05,100,OK,INITIALIZING,OK,VISUAL_INERTIAL
23,1761211756728,-0.050820479373214766,-0.1238798868143931,0.011802855624409858,7.520616054534912e-05,-2.247049633297138e-05,1.0747534361144062e-05,100,OK,INITIALIZING,OK,VISUAL_INERTIAL
24,1761211756745,-0.05608536957879551,-0.12996859732083976,0.02341438812436536,8.0157071352005e-05,-2.6023104510386474e-05,-2.8508491141110426e-06,100,OK,INITIALIZING,OK,VISUAL_INERTIAL
25,1761211756761,-0.06337519880617037,-0.17010615556500852,0.021907806512899697,0.00010724924504756927,-3.485152046778239e-05,-1.440994947188301e-05,100,OK,INITIALIZING,OK,VISUAL_INERTIAL
26,1761211756778,-0.036078185075894,-0.14490810281131417,0.011350198292348068,8.806400001049042e-05,-1.531042653368786e-05,-3.315990397823043e-06,100,OK,INITIALIZING,OK,VISUAL_INERTIAL
27,1761211756795,-0.0374660303350538,-0.123807811178267,-0.004398742021294311,6.942637264728546e-05,-1.697444349701982e-05,7.99313511379296e-06,100,OK,INITIALIZING,OK,VISUAL_INERTIAL
28,1761211756811,-0.0374660303350538,-0.123807811178267,-0.004398742021294311,6.942637264728546e-05,-1.697444349701982e-05,7.99313511379296e-06,100,OK,INITIALIZING,OK,VISUAL_INERTIAL
29,1761211756828,-0.016343910829164088,-0.11050023749703541,-0.011438468391133938,5.478969978867099e-05,-4.908074515697081e-06,3.188742994097993e-07,100,OK,INITIALIZING,OK,VISUAL_INERTIAL
30,1761211756844,-0.0037782531308039324,-0.0914227930479683,0.003828655280813109,5.48623465874698e-05,9.992737432185095e-06,2.2379838355846005e-06,100,OK,INITIALIZING,OK,VISUAL_INERTIAL
31,1761211756861,0.020364110241644084,-0.07417168671963736,0.013337198652152438,4.8488374886801466e-05,2.2783371605328284e-05,6.659151040366851e-06,100,OK,INITIALIZING,OK,VISUAL_INERTIAL
32,1761211756878,-0.002144533709724783,-0.10008425306295976,0.021671414287993684,6.0131773352622986e-05,1.1063068996008951e-05,1.5537771105300635e-05,100,OK,INITIALIZING,OK,VISUAL_INERTIAL
33,1761211756894,-0.01453175354981795,-0.0779655238147825,0.02963740007544402,4.999898374080658e-05,-2.3781174149917206e-06,1.011926360661164e-05,100,OK,INITIALIZING,OK,VISUAL_INERTIAL
34,1761211756911,-0.03410474528209306,-0.08367159898625687,0.025827879653661512,4.573166006593965e-05,-5.015953775000526e-06,6.113890776759945e-06,100,OK,INITIALIZING,OK,VISUAL_INERTIAL
35,1761211756928,-0.02976601717818994,-0.07234341319417581,0.022797505152993836,3.487803041934967e-05,-3.8960674828558695e-06,4.894548055744963e-06,100,OK,INITIALIZING,OK,VISUAL_INERTIAL
36,1761211756944,-0.031089373806025833,-0.07375075801974162,0.013203220987634268,3.667362398118712e-05,-1.330385020992253e-05,4.092531071364647e-06,100,OK,INITIALIZING,OK,VISUAL_INERTIAL
37,1761211756961,-0.031089373806025833,-0.07375075801974162,0.013203220987634268,3.667362398118712e-05,-1.330385020992253e-05,4.092531071364647e-06,100,OK,INITIALIZING,OK,VISUAL_INERTIAL
38,1761211756978,-0.028033764465362765,-0.11234382691327482,0.019612483811215498,6.624310481129214e-05,-1.1986679965048097e-05,2.6013731257990003e-06,100,OK,INITIALIZING,OK,VISUAL_INERTIAL
39,1761211756994,-0.0463544565718621,-0.10471476707607508,0.027846752345794812,6.20763748884201e-05,-2.4470025891787373e-05,5.465204139909474e-06,100,OK,INITIALIZING,OK,VISUAL_INERTIAL
40,1761211757011,-0.05265081927063875,-0.07812221156200394,0.02393066642980557,4.2757023038575426e-05,-2.0705670976894908e-05,1.0617007319524419e-05,100,OK,INITIALIZING,OK,VISUAL_INERTIAL
41,1761211757028,-0.03498278965707868,-0.0779567490098998,0.03267546708229929,3.755279249162413e-05,-4.245663149049506e-06,1.1859118785650935e-05,100,OK,INITIALIZING,OK,VISUAL_INERTIAL
42,1761211757044,-0.027664005756378174,-0.08827449346426874,0.031617764761904255,4.902109503746033e-05,-1.7187430785270408e-06,1.0813445442181546e-05,100,OK,INITIALIZING,OK,VISUAL_INERTIAL
43,1761211757061,-0.01101529869629303,-0.10486003156984225,0.030067591069382615,6.539934111060575e-05,5.103483999846503e-06,-7.4633010171965e-07,100,OK,INITIALIZING,OK,VISUAL_INERTIAL
44,1761211757078,-0.027834936190629378,-0.1292785891564563,0.01850864282459952,7.882528734626248e-05,-1.2671449439949356e-05,-1.6877500002010493e-06,100,OK,INITIALIZING,OK,VISUAL_INERTIAL
45,1761211757094,-0.04045937384944409,-0.07642438868060708,0.010171503163292073,4.899502528132871e-05,-1.637718924030196e-05,2.1362436655181227e-06,100,OK,INITIALIZING,OK,VISUAL_INERTIAL
46,1761211757111,-0.03637094050645828,-0.08006943244254217,0.017071350157493725,5.3279101848602295e-05,-1.0293349077983294e-05,-5.176286776986672e-06,100,OK,INITIALIZING,OK,VISUAL_INERTIAL
47,1761211757128,-0.029782711862935685,-0.06477119313785806,0.02605428198876325,4.318542778491974e-05,-4.577325853460934e-06,-6.638760169153102e-06,100,OK,INITIALIZING,OK,VISUAL_INERTIAL
48,1761211757144,-0.034036154829664156,-0.041996525396825746,0.022102378352428786,3.277323048678227e-05,-5.625548965326743e-06,-4.460807303985348e-06,100,OK,INITIALIZING,OK,VISUAL_INERTIAL
49,1761211757161,-0.019054099539062008,-0.0681625897414051,0.01595970206835773,4.422106212587096e-05,1.2548691302072257e-05,6.095045137044508e-06,100,OK,INITIALIZING,OK,VISUAL_INERTIAL
50,1761211757178,-0.02135377326339949,-0.09428351040696725,0.024252120056189597,5.976855391054414e-05,1.0411367838969454e-05,1.3261479580251034e-05,100,OK,INITIALIZING,OK,VISUAL_INERTIAL
51,1761211757194,-0.018184031432610936,-0.08692649862496182,0.003923087660950841,5.2602965297410265e-05,-1.190190005218028e-06,-2.6169973352807574e-06,100,OK,INITIALIZING,OK,VISUAL_INERTIAL
52,1761211757211,-0.015462919691344723,-0.05407069329521619,0.0036272438137530116,3.220884900656529e-05,4.892221113550477e-06,-2.310638819835731e-06,100,OK,INITIALIZING,OK,VISUAL_INERTIAL
53,1761211757228,-0.015462919691344723,-0.05407069329521619,0.0036272438137530116,3.220884900656529e-05,4.892221113550477e-06,-2.310638819835731e-06,100,OK,INITIALIZING,OK,VISUAL_INERTIAL
54,1761211757244,-0.046266224671853706,-0.09353170025860891,0.029736118449363858,6.256811320781708e-05,-1.475229873904027e-05,6.826355274824891e-06,100,OK,INITIALIZING,OK,VISUAL_INERTIAL
55,1761211757261,-0.06049930743756704,-0.11886122229043394,0.023895086997072212,7.431581616401672e-05,-2.5039431420736946e-05,6.025672973919427e-06,100,OK,INITIALIZING,OK,VISUAL_INERTIAL
56,1761211757278,-0.07827359513612464,-0.14686169743072242,0.028077482056687586,9.04276967048645e-05,-3.937462315661833e-05,1.2352560361250653e-06,100,OK,INITIALIZING,OK,VISUAL_INERTIAL
57,1761211757294,-0.06371452764142305,-0.1540168304927647,0.033813870686572045,9.407289326190948e-05,-2.7702568331733346e-05,3.5394018595980015e-06,100,OK,INITIALIZING,OK,VISUAL_INERTIAL
58,1761211757311,-0.06110341928433627,-0.1646260207053274,0.025097788238781504,9.898096323013306e-05,-2.5017418010975234e-05,-6.658297024841886e-06,100,OK,INITIALIZING,OK,VISUAL_INERTIAL
59,1761211757328,-0.04354485645308159,-0.16377212887164205,0.011957200513279531,0.00010019354522228241,-1.698478081380017e-05,-1.56882124429103e-05,100,OK,INITIALIZING,OK,VISUAL_INERTIAL
60,1761211757344,-0.03319570896564983,-0.09780147956917062,0.00584905728828744,6.330013275146484e-05,-6.913463948876597e-06,-2.4510522962373216e-06,100,OK,INITIALIZING,OK,VISUAL_INERTIAL
61,1761211757361,-0.039909973565954715,-0.09120448521571234,0.007567643024231074,5.802326268167235e-05,-1.0421960723761003e-05,-1.7327556633972563e-06,100,OK,INITIALIZING,OK,VISUAL_INERTIAL
62,1761211757378,-0.028730280973832123,-0.07891735731391236,0.015928608263493516,4.6713284973520786e-05,6.707001375616528e-06,4.521276423474774e-06,100,OK,INITIALIZING,OK,VISUAL_INERTIAL
63,1761211757394,-0.02493516331014689,-0.06397374090738595,0.010068446499644779,3.8441266951849684e-05,-1.971263600353268e-06,4.028786406706786e-06,100,OK,INITIALIZING,OK,VISUAL_INERTIAL
64,1761211757411,-0.038219193811528385,-0.038157711969688535,0.0012205946404719725,2.3731952751404606e-05,-1.4060281500860583e-05,8.165840881702024e-06,100,OK,INITIALIZING,OK,VISUAL_INERTIAL
65,1761211757428,-0.003095961574217654,-0.048716803576098755,0.014211063898983411,3.081001705140807e-05,5.914696885156445e-06,-4.990487468603533e-06,100,OK,INITIALIZING,OK,VISUAL_INERTIAL
66,1761211757445,0.0009815156545300852,-0.0781697453930974,0.009417749424756039,4.684366285800934e-05,8.64969115355052e-06,1.0990346481776214e-06,100,OK,INITIALIZING,OK,VISUAL_INERTIAL
67,1761211757461,-0.00687548890709877,-0.1028588812914677,0.008758420335652772,6.53248280286789e-05,2.759734115898027e-06,5.610773769149091e-06,100,OK,INITIALIZING,OK,VISUAL_INERTIAL
68,1761211757478,0.00100660463431268,-0.1309565850533545,0.025179324438795447,7.580406963825226e-05,7.673673280805815e-06,7.263369298016187e-06,100,OK,INITIALIZING,OK,VISUAL_INERTIAL
69,1761211757494,-0.005657717338181101,-0.1353183324681595,0.042191368265775964,8.304975199280307e-05,6.94171603754512e-06,-3.620002644311171e-07,100,OK,INITIALIZING,OK,VISUAL_INERTIAL
70,1761211757511,-0.031168689019978046,-0.13786429190076888,0.02716457674978301,8.360296487808228e-05,-1.0485234270163346e-05,-5.4797542361484375e-06,100,OK,INITIALIZING,OK,VISUAL_INERTIAL
71,1761211757528,-0.04073956733918749,-0.12659466301556677,0.0244588063651463,7.364898920059204e-05,-9.896993105940055e-06,-1.4691305523228948e-06,100,OK,INITIALIZING,OK,VISUAL_INERTIAL
72,1761211757544,-0.04752505992655642,-0.10824806668097153,0.020445415430003777,7.303059101104736e-05,-2.3443850295734592e-05,-6.794926321163075e-06,100,OK,INITIALIZING,OK,VISUAL_INERTIAL
73,1761211757561,-0.0534420796611812,-0.11954761430388317,0.02844859591277782,8.034519851207733e-05,-2.415993185422849e-05,-3.5344321531738387e-06,100,OK,INITIALIZING,OK,VISUAL_INERTIAL
74,1761211757578,-0.08053993224166334,-0.11769092816393822,0.03210727663827129,7.390603423118591e-05,-3.6114353861194104e-05,5.706294359697495e-06,100,OK,INITIALIZING,OK,VISUAL_INERTIAL
75,1761211757595,-0.06423865852411836,-0.08418445941060781,0.03588985782698728,4.937686026096344e-05,-3.5345510696060956e-05,3.083209776377771e-06,100,OK,INITIALIZING,OK,VISUAL_INERTIAL
76,1761211757611,-0.039519152778666466,-0.09889653301797807,0.03266822750447318,6.339140236377716e-05,-1.837700983742252e-05,-3.7725149013567716e-06,100,OK,INITIALIZING,OK,VISUAL_INERTIAL
77,1761211757628,-0.020393352315295488,-0.10723362356657162,0.03124781505903229,6.52652233839035e-05,-4.373207787011779e-07,-1.55568488935387e-06,100,OK,INITIALIZING,OK,VISUAL_INERTIAL
78,1761211757644,-0.03418714550207369,-0.08414557669311762,0.03086068682023324,5.1010407332796603e-05,-4.732618435809854e-06,1.577269017616345e-06,100,OK,INITIALIZING,OK,VISUAL_INERTIAL
79,1761211757661,-0.04947591514792293,-0.10095188918057829,0.023559116016258486,6.327219307422638e-05,-1.5995334251783788e-05,6.406762167898705e-06,100,OK,INITIALIZING,OK,VISUAL_INERTIAL
80,1761211757678,-0.028224805646459572,-0.07509710849262774,0.01720457657938823,4.155002170591615e-05,-1.0473908105268492e-06,1.7416649598089862e-06,100,OK,INITIALIZING,OK,VISUAL_INERTIAL
81,1761211757694,-0.028834430850110948,-0.08127271576086059,0.030181214242475107,4.8253681597998366e-05,-7.914802608866012e-07,-1.7475042568548815e-06,100,OK,INITIALIZING,OK,VISUAL_INERTIAL
82,1761211757711,-0.001839493620536814,-0.10815845598699525,0.038000409404048696,6.228871643543243e-05,1.0948065209959168e-05,-1.3773644241155125e-05,100,OK,INITIALIZING,OK,VISUAL_INERTIAL
83,1761211757728,0.011190836630703416,-0.11000443919328973,0.03386484968359582,6.207264959812164e-05,1.3594729352917057e-05,-1.274683563678991e-05,100,OK,INITIALIZING,OK,VISUAL_INERTIAL
84,1761211757745,-0.00785504835221218,-0.09194473386742175,0.024483815650455654,5.53615354874637e-05,-2.2606770926358877e-06,2.3403201794280903e-06,100,OK,INITIALIZING,OK,VISUAL_INERTIAL
85,1761211757761,-0.009307818800152745,-0.06340999971143901,0.017382759324391373,3.661028677015565e-05,-6.243434654606972e-06,-7.96001927483303e-07,100,OK,INITIALIZING,OK,VISUAL_INERTIAL
86,1761211757778,-0.0013063100823273999,-0.05577016054303385,0.02490945189492777,2.7848409445141442e-05,-7.339792773564113e-07,-6.435841896745842e-06,100,OK,INITIALIZING,OK,VISUAL_INERTIAL
87,1761211757794,-0.034165535907959566,-0.03239585930714384,0.026715773856267333,3.0335033443407156e-05,-1.355889889964601e-05,-3.886220838467125e-06,100,OK,INITIALIZING,OK,VISUAL_INERTIAL
88,1761211757811,-0.051607636123662814,-0.03943886622437276,0.034539680200396106,1.7277894585276954e-05,-2.092817703669425e-05,9.870473149931058e-06,100,OK,INITIALIZING,OK,VISUAL_INERTIAL
89,1761211757828,-0.0601758983975742,-0.05215630881139077,0.040559691115049645,3.602728247642517e-05,-1.5618932593497448e-05,1.1593744602578226e-05,100,OK,INITIALIZING,OK,VISUAL_INERTIAL
90,1761211757844,-0.07755090337013826,-0.05613020766759291,0.03447243580012582,4.858896500081755e-05,-2.041440711764153e-05,1.4623811694036704e-05,100,OK,INITIALIZING,OK,VISUAL_INERTIAL
91,1761211757861,-0.06966255023144186,-0.04476478716242127,0.02377398413955234,2.954900628537871e-05,-1.79356229637051e-05,8.120226993924007e-06,100,OK,INITIALIZING,OK,VISUAL_INERTIAL
92,1761211757878,-0.055724838603055105,-0.06270576704991981,0.017492555343778804,2.87070815829793e-05,-2.1530373487621546e-05,-1.4197013115335722e-05,100,OK,INITIALIZING,OK,VISUAL_INERTIAL
93,1761211757894,-0.041686329495860264,-0.03046057463507168,0.0036936437481926987,3.911556945013217e-08,-2.8276408556848764e-05,-2.614892764540855e-05,100,OK,INITIALIZING,OK,VISUAL_INERTIAL
94,1761211757911,-0.034185486583737656,-0.057731958804652095,-0.00018680282209970756,2.9783695936203003e-06,-2.868258707167115e-05,-2.6445879484526813e-05,100,OK,INITIALIZING,OK,VISUAL_INERTIAL
95,1761211757928,-0.022061454728827812,-0.07511648436775431,-0.007701088179601356,5.813314146507764e-06,-1.8906519471784122e-05,-2.3511509425588883e-05,100,OK,INITIALIZING,OK,VISUAL_INERTIAL
96,1761211757944,-0.016345884432666935,-0.07330712105613202,-0.008911738405004144,1.857243296399247e-05,-5.598296866082819e-06,-1.8533850379753858e-05,100,OK,INITIALIZING,OK,VISUAL_INERTIAL
97,1761211757961,-0.02914511424023658,-0.08451839676126838,-0.0024393104922637576,3.7219371733954176e-05,2.046612053163699e-06,4.223260930302786e-06,100,OK,INITIALIZING,OK,VISUAL_INERTIAL
98,1761211757978,-0.03846573599730618,-0.09490995580563322,0.0007359232085946132,3.062933319597505e-05,2.5011681827891152e-06,3.648424171842635e-05,100,OK,INITIALIZING,OK,VISUAL_INERTIAL
99,1761211757994,-0.03852922236546874,-0.09387710451846942,0.008323091606143862,2.128071901097428e-05,4.470767180464463e-06,5.6077380577335134e-05,100,OK,INITIALIZING,OK,VISUAL_INERTIAL
100,1761211758011,-0.04379296296974644,-0.07589985034428537,0.004057487785757985,8.430331945419312e-06,7.339187391153246e-07,5.6742821470834315e-05,100,OK,INITIALIZING,OK,VISUAL_INERTIAL
101,1761211758028,-0.050629718316486105,-0.06622124783461913,0.0016110859633045038,-1.3466925565808197e-06,2.2616692149313167e-05,5.834845796925947e-05,100,OK,INITIALIZING,OK,VISUAL_INERTIAL
102,1761211758044,-0.04809107122127898,-0.03406402174732648,0.007569189619971439,-1.5029683709144592e-05,5.118086846778169e-05,4.940694634569809e-05,100,OK,INITIALIZING,OK,VISUAL_INERTIAL
103,1761211758061,-0.0011147436680403189,-0.007022401405265555,0.023356797100859694,-5.472451448440552e-06,8.409382280660793e-05,-1.1125031278425013e-06,100,OK,INITIALIZING,OK,VISUAL_INERTIAL
104,1761211758078,0.0307213376800064,-0.008435848030785564,0.035722532629733905,3.433413803577423e-05,8.138205885188654e-05,-8.33668455015868e-05,100,OK,INITIALIZING,OK,VISUAL_INERTIAL
105,1761211758094,0.07048629777273163,-0.007262460712809116,0.04045107198180631,5.281716585159302e-05,5.859144221176393e-05,-0.00017374656454194337,100,OK,INITIALIZING,OK,VISUAL_INERTIAL
106,1761211758111,0.14607048069592565,-0.041838364268187433,0.05987603071844205,7.894262671470642e-05,6.551136175403371e-05,-0.00026394971064291894,100,OK,INITIALIZING,OK,VISUAL_INERTIAL
107,1761211758128,0.1718474377412349,-0.0763541684136726,0.061991238908376545,9.763427078723907e-05,5.207919093663804e-05,-0.0003109864774160087,100,OK,INITIALIZING,OK,VISUAL_INERTIAL
108,1761211758144,0.1746646739775315,-0.10050310083897784,0.062261897255666554,0.00012478791177272797,2.801867958623916e-05,-0.0003208080306649208,100,OK,INITIALIZING,OK,VISUAL_INERTIAL
109,1761211758161,0.15892097144387662,-0.1419837208231911,0.04418824028107338,0.0001374855637550354,1.4413590179174207e-05,-0.0002810477453749627,100,OK,INITIALIZING,OK,VISUAL_INERTIAL
110,1761211758178,0.1101307716453448,-0.17798948101699352,0.004743303179566283,0.00011047534644603729,1.747713758959435e-05,-0.00016808959480840713,100,OK,INITIALIZING,OK,VISUAL_INERTIAL
111,1761211758194,0.018434837329550646,-0.1962193491635844,-0.05815345866722055,1.5698371498729102e-05,2.210144702985417e-05,-2.044743814622052e-05,100,OK,INITIALIZING,OK,VISUAL_INERTIAL
112,1761211758211,-0.02975405914185103,-0.13502534420695156,-0.15075140981934965,-0.0001744348555803299,4.834889477933757e-05,0.00010951281001325697,100,OK,INITIALIZING,OK,VISUAL_INERTIAL
113,1761211758228,-0.06900360313011333,-0.09730635792948306,-0.24386506993323565,-0.0003370773047208786,4.164131314610131e-05,0.0001797086006263271,100,OK,INITIALIZING,OK,VISUAL_INERTIAL
114,1761211758244,-0.10369749361416325,-0.07794838165864348,-0.2979525597766042,-0.00041049160063266754,8.430391972069629e-06,0.00018327025463804603,100,OK,INITIALIZING,OK,VISUAL_INERTIAL
115,1761211758261,-0.0794518127804622,-0.04292264566174708,-0.299981766147539,-0.0003920085437130183,-6.849588771729032e-06,0.0001212981587741524,100,OK,INITIALIZING,OK,VISUAL_INERTIAL
116,1761211758278,-0.02463708551658783,-0.021833400751347654,-0.22295692178886384,-0.00026326626539230347,-1.4580668903363403e-05,1.3273403055791277e-05,100,OK,INITIALIZING,OK,VISUAL_INERTIAL
117,1761211758294,0.037367117329267785,0.004216595698380843,-0.09949414379661903,-9.201467037200928e-05,-1.8778191588353366e-05,-0.00012030518701067194,100,OK,INITIALIZING,OK,VISUAL_INERTIAL
118,1761211758311,0.11652806279016659,0.01822175909182988,0.0053480353017221205,5.944445729255676e-05,-3.1092054086911958e-06,-0.0002305323869222775,100,OK,INITIALIZING,OK,VISUAL_INERTIAL
119,1761211758328,0.1737514976412058,-0.003170076524838805,0.08299655019072816,0.00016677379608154297,1.955853349500103e-06,-0.0002932507486548275,100,OK,INITIALIZING,OK,VISUAL_INERTIAL
120,1761211758345,0.1553427573526278,-0.003489668870315654,0.1295154943363741,0.00020979903638362885,-7.396102319034981e-06,-0.0002918541431427002,100,OK,INITIALIZING,OK,VISUAL_INERTIAL
121,1761211758361,0.1240752317244187,-0.019707176761585288,0.12845383025705814,0.00018774159252643585,-3.792157031057286e-06,-0.00022599767544306815,100,OK,INITIALIZING,OK,VISUAL_INERTIAL
122,1761211758378,0.06316831422736868,-0.05891859109397046,0.0903083709999919,0.00012122653424739838,2.079972364299465e-05,-0.000106095802038908,100,OK,INITIALIZING,OK,VISUAL_INERTIAL
123,1761211758395,-0.02324551678611897,-0.13647617015521973,0.03806714084930718,4.181266194791533e-05,2.3836000764276832e-05,3.76915922970511e-05,100,OK,INITIALIZING,OK,VISUAL_INERTIAL
124,1761211758411,-0.07298355194507167,-0.15035858086775988,-0.0565084810659755,-9.725801646709442e-05,3.0015809898031875e-05,0.00014423357788473368,100,OK,INITIALIZING,OK,VISUAL_INERTIAL
125,1761211758428,-0.09521022730041295,-0.12691343727055937,-0.13860943727195263,-0.00020591914653778076,1.6599844457232393e-05,0.00017851470329333097,100,OK,INITIALIZING,OK,VISUAL_INERTIAL
126,1761211758444,-0.11160614667460322,-0.12654688907787204,-0.208099780138582,-0.0002498682588338852,-1.493508170824498e-05,0.00017462448158767074,100,OK,INITIALIZING,OK,VISUAL_INERTIAL
127,1761211758461,-0.10873895371332765,-0.14656023995485157,-0.23681561287958175,-0.000231252983212471,-5.6951470469357446e-05,0.00011248297960264608,100,OK,INITIALIZING,OK,VISUAL_INERTIAL
128,1761211758478,-0.07735945109743625,-0.1675044622970745,-0.23146886087488383,-0.00016146712005138397,-8.64566391101107e-05,9.23278639675118e-06,100,OK,INITIALIZING,OK,VISUAL_INERTIAL
129,1761211758494,-0.057296896557090804,-0.15234577585943043,-0.17892892356030643,-7.93207436800003e-05,-0.0001018003313220106,-7.171209290390834e-05,100,OK,INITIALIZING,OK,VISUAL_INERTIAL
130,1761211758511,-0.027459853299660608,-0.13139742077328265,-0.14258532610256225,-5.7112425565719604e-05,-8.67849521455355e-05,-0.00012648053234443069,100,OK,INITIALIZING,OK,VISUAL_INERTIAL
131,1761211758528,-0.014690403077111114,-0.13136814231984317,-0.12196703755762428,-8.957646787166595e-05,-7.190051837824285e-05,-0.00013161775132175535,100,OK,INITIALIZING,OK,VISUAL_INERTIAL
132,1761211758544,-0.03777333768084645,-0.08711863483767956,-0.1334525877609849,-0.00018709711730480194,-4.587626608554274e-05,-5.6353830586886033e-05,100,OK,INITIALIZING,OK,VISUAL_INERTIAL
133,1761211758561,-0.09433603554498404,-0.06252661842154339,-0.16665841394569725,-0.0002753455191850662,-8.72330474521732e-06,9.68976819422096e-05,100,OK,INITIALIZING,OK,VISUAL_INERTIAL
134,1761211758578,-0.19892846466973424,-0.09584012877894565,-0.1875577145256102,-0.0002705194056034088,2.4592554836999625e-05,0.0002954092633444816,100,OK,INITIALIZING,OK,VISUAL_INERTIAL
135,1761211758595,-0.3543694911058992,-0.07919384370325133,-0.16323220916092396,-0.00022022239863872528,3.1556359317619354e-05,0.0005233471747487783,100,OK,INITIALIZING,OK,VISUAL_INERTIAL
136,1761211758611,-0.44380087638273835,-0.0802294525783509,-0.12377211533021182,-0.00015235692262649536,2.6266701752319932e-05,0.0006458828574977815,100,OK,INITIALIZING,OK,VISUAL_INERTIAL
137,1761211758628,-0.48807478742673993,-0.08639845327707008,-0.09453100938117132,-0.00011511333286762238,-2.2681328118778765e-05,0.0006254769396036863,100,OK,INITIALIZING,OK,VISUAL_INERTIAL
138,1761211758644,-0.38755248533561826,-0.084598024841398,-0.0942444457905367,-0.0001249164342880249,-6.144131475593895e-05,0.0004151070024818182,100,OK,INITIALIZING,OK,VISUAL_INERTIAL
139,1761211758661,-0.2649407251738012,-0.09153963765129447,-0.12853961379732937,-0.00014993920922279358,-0.0001263852318516001,0.00013330062211025506,100,OK,INITIALIZING,OK,VISUAL_INERTIAL
140,1761211758678,-0.11514731886563823,-0.08351181168109179,-0.1931327278725803,-0.000222131609916687,-0.00015556474681943655,-0.00011610355431912467,100,OK,INITIALIZING,OK,VISUAL_INERTIAL
141,1761211758695,-0.025462595658609644,-0.09315834904555231,-0.2605068148113787,-0.00030406005680561066,-0.00016071536811068654,-0.00022552377777174115,100,OK,INITIALIZING,OK,VISUAL_INERTIAL
142,1761211758711,0.00747494868846843,-0.1078811619663611,-0.3400096029508859,-0.00039075498352758586,-0.00014033116167411208,-0.00017906745779328048,100,OK,INITIALIZING,OK,VISUAL_INERTIAL
143,1761211758728,-0.03689225559355691,-0.10877785825869069,-0.3826160682365298,-0.0004605725407600403,-0.00010752685921033844,1.1742883543774951e-05,100,OK,INITIALIZING,OK,VISUAL_INERTIAL
144,1761211758744,-0.19040958432015032,-0.05745999442297034,-0.3991329576820135,-0.000504225492477417,-0.00010242425196338445,0.0003092935658060014,100,OK,INITIALIZING,OK,VISUAL_INERTIAL
145,1761211758761,-0.3338081296533346,-0.05038020754000172,-0.3884874749928713,-0.00047408606042154133,-0.00011588465713430196,0.0005653361440636218,100,OK,INITIALIZING,OK,VISUAL_INERTIAL
146,1761211758778,-0.4457675095181912,-0.08744335355004296,-0.3431888180784881,-0.0004041400388814509,-0.0001642468268983066,0.0007121011731214821,100,OK,INITIALIZING,OK,VISUAL_INERTIAL
147,1761211758794,-0.5086406599730253,-0.07876432209741324,-0.31095690792426467,-0.00036319720675237477,-0.00026071412139572203,0.0007006494561210275,100,OK,INITIALIZING,OK,VISUAL_INERTIAL
148,1761211758811,-0.4519566136877984,-0.09497993596596643,-0.31280284747481346,-0.00035315193235874176,-0.0003419421555008739,0.000531346129719168,100,OK,INITIALIZING,OK,VISUAL_INERTIAL
149,1761211758828,-0.3763060085475445,-0.08797101327218115,-0.31394331017509103,-0.0003703031688928604,-0.000417627627030015,0.00032655138056725264,100,OK,INITIALIZING,OK,VISUAL_INERTIAL
150,1761211758844,-0.2810909936670214,-0.0825916140456684,-0.34985310048796237,-0.00039064139127731323,-0.0004574577324092388,0.00015661120414733887,100,OK,INITIALIZING,OK,VISUAL_INERTIAL
151,1761211758861,-0.19216937653254718,-0.06772749475203454,-0.373454560758546,-0.00043603594531305134,-0.00047437261673621833,3.673771061585285e-05,100,OK,INITIALIZING,OK,VISUAL_INERTIAL
152,1761211758878,-0.10367572394898161,-0.08581909060012549,-0.4082228406332433,-0.0004789084487129003,-0.00047958450159057975,-5.977116870781174e-06,100,OK,INITIALIZING,OK,VISUAL_INERTIAL
153,1761211758894,-0.03975973231717944,-0.1082742091966793,-0.42692176066339016,-0.0004785470955539495,-0.0006376412929967046,1.5991337932064198e-05,100,OK,INITIALIZING,OK,VISUAL_INERTIAL
154,1761211758911,0.12422968575265259,-0.028500171538325958,-0.41726804920472205,-0.0005190673400647938,-0.0017426867270842195,8.877376967575401e-05,100,OK,INITIALIZING,OK,VISUAL_INERTIAL
155,1761211758928,0.53720100549981,-0.04417032323544845,-0.35840398049913347,-0.0005030648899264634,-0.004481337033212185,0.00017100876721087843,100,OK,INITIALIZING,OK,VISUAL_INERTIAL
156,1761211758944,0.8866580901667476,0.16824007616378367,-0.3893137036357075,-0.0005641279858537018,-0.008797237649559975,0.0003193106094840914,100,OK,INITIALIZING,OK,VISUAL_INERTIAL
157,1761211758961,1.2388756731525064,0.24970085360109806,-0.43948626262135804,-0.0005352809675969183,-0.013525247573852539,0.0003942152252420783,100,OK,INITIALIZING,OK,VISUAL_INERTIAL
158,1761211758978,1.3110965956002474,0.17758391913957894,-0.49563415814191103,-0.0004026252427138388,-0.018078073859214783,0.0004694636445492506,100,OK,INITIALIZING,OK,VISUAL_INERTIAL
159,1761211758994,1.4581546420231462,0.22285628074314445,-0.5780954961664975,-0.0004120061348658055,-0.022759830579161644,0.00043280728277750313,100,OK,INITIALIZING,OK,VISUAL_INERTIAL
160,1761211759011,1.8116759601980448,0.20699122978840023,-0.6560023175552487,-0.00043924557394348085,-0.028608767315745354,0.00043465086491778493,100,OK,INITIALIZING,OK,VISUAL_INERTIAL
161,1761211759028,2.29515484534204,0.2832637692335993,-0.8488227613270283,-0.0006016081315465271,-0.036288823932409286,0.0004302556626498699,100,OK,INITIALIZING,OK,VISUAL_INERTIAL
162,1761211759044,2.8207642026245594,0.32192791695706546,-1.1647014180198312,-0.0007429276593029499,-0.045931342989206314,0.00036620229366235435,100,OK,INITIALIZING,OK,VISUAL_INERTIAL
163,1761211759061,3.700228640809655,0.17485220450907946,-1.0622591944411397,-0.0006229659193195403,-0.05591806024312973,0.0003964445786550641,100,OK,INITIALIZING,OK,VISUAL_INERTIAL
164,1761211759078,3.97815415635705,0.024083781681838445,-1.2150866677984595,-0.0004517965135164559,-0.0647418424487114,0.00030286514083854854,100,OK,INITIALIZING,OK,VISUAL_INERTIAL
165,1761211759094,3.457613056525588,-0.1935813488671556,-1.4162748120725155,-0.0001574941852595657,-0.07102017849683762,0.0002798307978082448,100,OK,INITIALIZING,OK,VISUAL_INERTIAL
166,1761211759111,2.831009915098548,-0.4471837019082159,-1.6204173443838954,0.0001209609690704383,-0.07536259293556213,0.00028446014039218426,100,OK,INITIALIZING,OK,VISUAL_INERTIAL
167,1761211759128,1.9612591713666916,-0.5416161729954183,-2.0087123848497868,0.00021299552463460714,-0.07971743494272232,0.00037814286770299077,100,OK,INITIALIZING,OK,VISUAL_INERTIAL
168,1761211759144,1.6307816840708256,-0.7926388061605394,-2.2066598758101463,0.00037499426980502903,-0.0848587155342102,0.0005381487426348031,100,OK,INITIALIZING,OK,VISUAL_INERTIAL
169,1761211759161,1.8090883968397975,-0.9870840003713965,-2.325746463611722,0.0005038678646087646,-0.09121789783239365,0.0006315861246548593,100,OK,INITIALIZING,OK,VISUAL_INERTIAL
170,1761211759178,2.1923037711530924,-1.0974920587614179,-2.2985930554568768,0.0006083216285333037,-0.09815435856580734,0.0007747726631350815,100,OK,INITIALIZING,OK,VISUAL_INERTIAL
171,1761211759194,2.5970537681132555,-1.1324966326355934,-2.372662303969264,0.0006785464356653392,-0.1050625890493393,0.0008385021355934441,100,OK,INITIALIZING,OK,VISUAL_INERTIAL
172,1761211759211,2.960778307169676,-1.1068591848015785,-2.430291846394539,0.0007119237561710179,-0.1115482747554779,0.0008446583524346352,100,OK,INITIALIZING,OK,VISUAL_INERTIAL
173,1761211759228,3.339942777529359,-1.0496049653738737,-2.472306601703167,0.0007258208352141082,-0.11821821331977844,0.0007748078205622733,100,OK,INITIALIZING,OK,VISUAL_INERTIAL
174,1761211759244,3.9105969481170177,-0.9499980369582772,-2.537402557209134,0.000703519384842366,-0.1256513148546219,0.0007368156802840531,100,OK,INITIALIZING,OK,VISUAL_INERTIAL
175,1761211759261,4.4314321130514145,-0.7865234510973096,-2.666554180905223,0.0006551119731739163,-0.13386696577072144,0.0007809408125467598,100,OK,INITIALIZING,OK,VISUAL_INERTIAL
176,1761211759278,4.871224518865347,-0.5928222672082484,-2.839375752955675,0.0005900745745748281,-0.14208589494228363,0.0008132006041705608,100,OK,INITIALIZING,OK,VISUAL_INERTIAL
177,1761211759294,4.925969988107681,-0.3038666327483952,-2.9411944560706615,0.0005376192857511342,-0.1500694453716278,0.0009856484830379486,100,OK,INITIALIZING,OK,VISUAL_INERTIAL
178,1761211759311,4.836121574044228,-0.0726897269487381,-3.061930416151881,0.00047909707063809037,-0.15765711665153503,0.0011519028339534998,100,OK,INITIALIZING,OK,VISUAL_INERTIAL
179,1761211759328,4.9242074601352215,0.1439284678781405,-3.1688720919191837,0.0004398594901431352,-0.16528229415416718,0.001323983771726489,100,OK,INITIALIZING,OK,VISUAL_INERTIAL
180,1761211759344,5.369812715798616,0.36867783637717366,-3.2994290813803673,0.00037051329854875803,-0.1737835556268692,0.0013897664612159133,100,OK,INITIALIZING,OK,VISUAL_INERTIAL
181,1761211759361,5.689179990440607,0.22836697462480515,-3.4274496138095856,0.0005498116952367127,-0.1840623915195465,0.001479055266827345,100,OK,INITIALIZING,OK,VISUAL_INERTIAL
182,1761211759378,5.939948372542858,0.4155733622610569,-3.5033677704632282,0.0004983787075616419,-0.19554217159748077,0.001509610447101295,100,OK,INITIALIZING,OK,VISUAL_INERTIAL
183,1761211759394,6.924026645720005,0.40116006857715547,-3.521529957652092,0.0005652984837070107,-0.20712149143218994,0.0014445941196754575,100,OK,INITIALIZING,OK,VISUAL_INERTIAL
184,1761211759411,7.547158282250166,0.32949267188087106,-3.6257982719689608,0.0006561041809618473,-0.2186170518398285,0.0013585255946964025,100,OK,INITIALIZING,OK,VISUAL_INERTIAL
185,1761211759428,8.023422211408615,0.23047177819535136,-3.723742673173547,0.0008168906788341701,-0.2297661006450653,0.0013329063076525927,100,OK,INITIALIZING,OK,VISUAL_INERTIAL
186,1761211759444,8.331323973834515,0.1770177623257041,-3.893256885930896,0.0009568498935550451,-0.24088595807552338,0.001390525372698903,100,OK,INITIALIZING,OK,VISUAL_INERTIAL
187,1761211759461,8.667035959661007,0.17441158706787974,-3.998301923274994,0.0010558320209383965,-0.25210168957710266,0.0014511803165078163,100,OK,INITIALIZING,OK,VISUAL_INERTIAL
188,1761211759478,9.041857905685902,0.18231994181405753,-4.087200853973627,0.0011645102640613914,-0.26406246423721313,0.0015426260652020574,100,OK,INITIALIZING,OK,VISUAL_INERTIAL
189,1761211759494,9.562087245285511,0.167979538673535,-4.27012937143445,0.0012886500917375088,-0.27680808305740356,0.0016558468341827393,100,OK,INITIALIZING,OK,VISUAL_INERTIAL
190,1761211759511,10.067223571240902,0.04367272413219325,-4.407462663948536,0.0014490931062027812,-0.28977909684181213,0.0016733781667426229,100,OK,INITIALIZING,OK,VISUAL_INERTIAL
191,1761211759528,10.30111126601696,-0.0944289131439291,-4.545186180621386,0.001667172065936029,-0.30230048298835754,0.0017339839832857251,100,OK,INITIALIZING,OK,VISUAL_INERTIAL
192,1761211759545,10.356989689171314,-0.19823799084406346,-4.6755908988416195,0.0018734338227659464,-0.3144085705280304,0.001810865243896842,100,OK,INITIALIZING,OK,VISUAL_INERTIAL
193,1761211759561,10.658729821443558,-0.3168625698890537,-4.746017977595329,0.002073524286970496,-0.32649311423301697,0.0018782103434205055,100,OK,INITIALIZING,OK,VISUAL_INERTIAL
194,1761211759578,11.226095259189606,-0.3321789554320276,-4.79823537170887,0.0021742519456893206,-0.33959296345710754,0.0019656927324831486,100,OK,INITIALIZING,OK,VISUAL_INERTIAL
195,1761211759594,11.973747052252293,-0.08678635640535504,-4.9000210128724575,0.0021277908235788345,-0.3537012040615082,0.0021834473591297865,100,OK,INITIALIZING,OK,VISUAL_INERTIAL
196,1761211759611,12.523782439529896,0.2418571530142799,-5.104433745145798,0.0020068360026925802,-0.3676668107509613,0.002308338414877653,100,OK,INITIALIZING,OK,VISUAL_INERTIAL
197,1761211759628,12.619857676327229,0.5411238525994122,-5.218714009970427,0.0018844420555979013,-0.3805188536643982,0.0023204584140330553,100,OK,INITIALIZING,OK,VISUAL_INERTIAL
198,1761211759644,12.50136736780405,0.6449164939112961,-5.4260860197246075,0.001913706073537469,-0.39164674282073975,0.002270420314744115,100,OK,INITIALIZING,OK,VISUAL_INERTIAL
199,1761211759661,13.690255582332611,1.0615098290145397,-5.478085950016975,0.0017984547885134816,-0.40037432312965393,0.0021898853592574596,100,OK,INITIALIZING,OK,VISUAL_INERTIAL
200,1761211759678,13.367243111133575,1.0190308094024658,-5.602795165032148,0.001920971437357366,-0.4094521105289459,0.002278578467667103,100,OK,INITIALIZING,OK,VISUAL_INERTIAL
201,1761211759694,13.441425748169422,0.914171221666038,-5.818889010697603,0.0020915139466524124,-0.41927242279052734,0.00234394334256649,100,OK,INITIALIZING,OK,VISUAL_INERTIAL
202,1761211759711,13.742980547249317,0.8328568655997515,-5.9425802901387215,0.0021803737618029118,-0.4297870695590973,0.0024168705567717552,100,OK,INITIALIZING,OK,VISUAL_INERTIAL
203,1761211759728,14.008247293531895,0.8152627269737422,-6.00897241383791,0.002258527558296919,-0.4405849874019623,0.002450815634801984,100,OK,INITIALIZING,OK,VISUAL_INERTIAL
204,1761211759744,14.318878762423992,0.808001437690109,-6.047161296010017,0.002310111653059721,-0.45090174674987793,0.0024456160608679056,100,OK,INITIALIZING,OK,VISUAL_INERTIAL
205,1761211759761,14.57405835390091,0.7716958643868566,-5.978073459118605,0.002416656818240881,-0.46059319376945496,0.0024795865174382925,100,OK,INITIALIZING,OK,VISUAL_INERTIAL
206,1761211759778,14.927689917385578,0.7512132287956774,-5.888119339942932,0.002476232126355171,-0.46981507539749146,0.002513171173632145,100,OK,INITIALIZING,OK,VISUAL_INERTIAL
207,1761211759795,15.260166488587856,0.7837623124942183,-5.875713657587767,0.002524859271943569,-0.47900688648223877,0.00263429107144475,100,OK,INITIALIZING,OK,VISUAL_INERTIAL
208,1761211759811,15.687093138694763,0.8577948319725692,-5.865294951945543,0.0025516492314636707,-0.48821350932121277,0.0027394623029977083,100,OK,INITIALIZING,OK,VISUAL_INERTIAL
209,1761211759828,16.22488722205162,0.9070902015082538,-5.692818202078342,0.002570234937593341,-0.49809014797210693,0.0028534175362437963,100,OK,INITIALIZING,OK,VISUAL_INERTIAL
210,1761211759844,16.779707744717598,1.0808391962200403,-5.44125959277153,0.002508883597329259,-0.5084729194641113,0.0029644486494362354,100,OK,INITIALIZING,OK,VISUAL_INERTIAL
211,1761211759861,17.247900366783142,1.2829388724640012,-5.28121180832386,0.0024468705523759127,-0.5189694166183472,0.003030497580766678,100,OK,INITIALIZING,OK,VISUAL_INERTIAL
212,1761211759878,17.515992745757103,1.3604072155430913,-5.276457406580448,0.0024382350966334343,-0.5288082957267761,0.0030337960924953222,100,OK,INITIALIZING,OK,VISUAL_INERTIAL
213,1761211759894,17.749113962054253,1.3663803692907095,-5.225806031376123,0.0024750693701207638,-0.5376414656639099,0.0029943317640572786,100,OK,INITIALIZING,OK,VISUAL_INERTIAL
214,1761211759911,17.957985401153564,1.2426256434991956,-5.396299529820681,0.0025765039026737213,-0.5458928346633911,0.0029683394823223352,100,OK,INITIALIZING,OK,VISUAL_INERTIAL
215,1761211759928,18.367283046245575,1.231366186402738,-5.478636361658573,0.002641479717567563,-0.5546091794967651,0.0030328636057674885,100,OK,INITIALIZING,OK,VISUAL_INERTIAL
216,1761211759944,19.443834200501442,0.9135930449701846,-5.4947142489254475,0.0028813760727643967,-0.5646408796310425,0.0028630567248910666,100,OK,INITIALIZING,OK,VISUAL_INERTIAL
217,1761211759961,20.680919289588928,0.6612390279769897,-5.258302204310894,0.00314735877327621,-0.5765646696090698,0.002815095940604806,100,OK,INITIALIZING,OK,VISUAL_INERTIAL
218,1761211759978,21.66042849421501,0.49121666233986616,-4.960395395755768,0.00341577036306262,-0.5891950130462646,0.0028024138882756233,100,OK,INITIALIZING,OK,VISUAL_INERTIAL
219,1761211759994,22.168945521116257,0.4268752527423203,-4.836041480302811,0.0036034889053553343,-0.6014453172683716,0.002839970402419567,100,OK,INITIALIZING,OK,VISUAL_INERTIAL
220,1761211760011,22.378956899046898,0.4313371318858117,-4.789941944181919,0.003726018127053976,-0.6129912734031677,0.0029617648106068373,100,OK,INITIALIZING,OK,VISUAL_INERTIAL
221,1761211760028,22.679446265101433,0.41300736484117806,-4.825567826628685,0.0038425184320658445,-0.6248202919960022,0.003038456430658698,100,OK,INITIALIZING,OK,VISUAL_INERTIAL
222,1761211760044,23.027367889881134,0.4607128503266722,-4.981101956218481,0.0039262487553060055,-0.6377978920936584,0.003194581251591444,100,OK,INITIALIZING,OK,VISUAL_INERTIAL
223,1761211760061,23.615941405296326,0.4629194736480713,-5.281213205307722,0.003939361311495304,-0.6519210934638977,0.003335098270326853,100,OK,INITIALIZING,OK,VISUAL_INERTIAL
224,1761211760078,24.201061576604843,0.4384703643154353,-5.554379429668188,0.003933429252356291,-0.6661996841430664,0.0034560798667371273,100,OK,INITIALIZING,OK,VISUAL_INERTIAL
225,1761211760094,24.48098361492157,0.6849998026154935,-5.908663384616375,0.003878470975905657,-0.6805565357208252,0.003494951641187072,100,OK,INITIALIZING,OK,VISUAL_INERTIAL
226,1761211760111,24.816108867526054,0.7174715865403414,-6.215234287083149,0.0038948426954448223,-0.6942049264907837,0.0035217171534895897,100,OK,INITIALIZING,OK,VISUAL_INERTIAL
227,1761211760128,25.13742633163929,0.8043067646212876,-6.343774497509003,0.0039002185221761465,-0.7075684070587158,0.0035281197633594275,100,OK,INITIALIZING,OK,VISUAL_INERTIAL
228,1761211760144,25.543903931975365,0.9379287948831916,-6.394125986844301,0.0038604014553129673,-0.7211974263191223,0.003538832301273942,100,OK,INITIALIZING,OK,VISUAL_INERTIAL
229,1761211760161,25.848688557744026,0.860910105984658,-6.516443565487862,0.003986062947660685,-0.7347986698150635,0.0035060544032603502,100,OK,INITIALIZING,OK,VISUAL_INERTIAL
230,1761211760178,26.12902969121933,0.8562562288716435,-6.628054194152355,0.004003352019935846,-0.7475581169128418,0.0034771894570440054,100,OK,INITIALIZING,OK,VISUAL_INERTIAL
231,1761211760194,26.428742334246635,0.8861394017003477,-6.8237814120948315,0.003963966388255358,-0.7597068548202515,0.0035034483298659325,100,OK,INITIALIZING,OK,VISUAL_INERTIAL
232,1761211760211,26.939433068037033,0.9974706918001175,-6.793283391743898,0.00390223553404212,-0.7725139260292053,0.003516726428642869,100,OK,INITIALIZING,OK,VISUAL_INERTIAL
233,1761211760228,27.609972283244133,1.059423666447401,-6.736397743225098,0.0039055843371897936,-0.786474347114563,0.0035346595104783773,100,OK,INITIALIZING,OK,VISUAL_INERTIAL
234,1761211760244,28.19599024951458,1.121015171520412,-6.797920446842909,0.003969079349189997,-0.8004090785980225,0.0036058886907994747,100,OK,INITIALIZING,OK,VISUAL_INERTIAL
235,1761211760261,28.463667258620262,1.1354568414390087,-6.965996697545052,0.004090477246791124,-0.8128600716590881,0.003602356882765889,100,OK,INITIALIZING,OK,VISUAL_INERTIAL
236,1761211760278,28.602393344044685,1.0577065404504538,-7.037158589810133,0.0042869593016803265,-0.8229361772537231,0.0035266864579170942,100,OK,INITIALIZING,OK,VISUAL_INERTIAL
237,1761211760294,28.846485540270805,1.0982591193169355,-7.037672214210033,0.004320817068219185,-0.8310118913650513,0.0037060892209410667,100,OK,INITIALIZING,OK,VISUAL_INERTIAL
238,1761211760311,28.79444509744644,1.196117140352726,-7.23883556202054,0.004254239611327648,-0.8388160467147827,0.003787912428379059,100,OK,INITIALIZING,OK,VISUAL_INERTIAL
239,1761211760328,29.176311567425728,1.3760001165792346,-7.40162143483758,0.004005389753729105,-0.8471246361732483,0.003989428281784058,100,OK,INITIALIZING,OK,VISUAL_INERTIAL
240,1761211760344,29.176311567425728,1.3760001165792346,-7.40162143483758,0.004005389753729105,-0.8471246361732483,0.003989428281784058,100,OK,INITIALIZING,OK,VISUAL_INERTIAL
241,1761211760361,30.357880517840385,1.610143226571381,-7.23634846508503,0.003648508805781603,-0.8680346608161926,0.004210574086755514,100,OK,INITIALIZING,OK,VISUAL_INERTIAL
242,1761211760378,30.956463888287544,1.606235164217651,-6.938871927559376,0.00366105604916811,-0.879933774471283,0.004291793797165155,100,OK,INITIALIZING,OK,VISUAL_INERTIAL
243,1761211760394,31.561516225337982,1.525897765532136,-6.789530161768198,0.0037108436226844788,-0.892498791217804,0.004336672369390726,100,OK,INITIALIZING,OK,VISUAL_INERTIAL
244,1761211760411,32.25238621234894,1.3601718237623572,-6.662571802735329,0.003812734968960285,-0.9055262207984924,0.004334763623774052,100,OK,INITIALIZING,OK,VISUAL_INERTIAL
245,1761211760428,32.87187218666077,1.2643983354791999,-6.693780422210693,0.0038784490898251534,-0.9186248183250427,0.004440872929990292,100,OK,INITIALIZING,OK,VISUAL_INERTIAL
246,1761211760444,33.31458941102028,1.2674113968387246,-6.7769247107207775,0.003972286824136972,-0.9311080574989319,0.0045424653217196465,100,OK,INITIALIZING,OK,VISUAL_INERTIAL
247,1761211760461,33.554039895534515,1.4346259413287044,-6.965946406126022,0.004045824054628611,-0.9428496360778809,0.004605370108038187,100,OK,INITIALIZING,OK,VISUAL_INERTIAL
248,1761211760478,33.466607332229614,1.3686645543202758,-7.4241878464818,0.0042725722305476665,-0.9535084366798401,0.004550413694232702,100,OK,INITIALIZING,OK,VISUAL_INERTIAL
249,1761211760494,33.312708139419556,1.367628574371338,-7.7949450351297855,0.004395661875605583,-0.9630210995674133,0.004531537648290396,100,OK,INITIALIZING,OK,VISUAL_INERTIAL
250,1761211760511,33.37202966213226,1.3909867266193032,-8.153918199241161,0.00442112609744072,-0.9717453718185425,0.004479402210563421,100,OK,INITIALIZING,OK,VISUAL_INERTIAL
251,1761211760528,33.60715135931969,1.4396249316632748,-8.47804918885231,0.004419946577399969,-0.9799143671989441,0.004427818581461906,100,OK,INITIALIZING,OK,VISUAL_INERTIAL
252,1761211760544,34.00145471096039,1.583934179507196,-8.529079146683216,0.004397653043270111,-0.9875004887580872,0.004362987820059061,100,OK,INITIALIZING,OK,VISUAL_INERTIAL
253,1761211760561,34.23492982983589,1.6564325196668506,-8.549853228032589,0.0044493465684354305,-0.9947938919067383,0.004329165909439325,100,OK,INITIALIZING,OK,VISUAL_INERTIAL
254,1761211760578,34.41528230905533,1.7446059500798583,-8.497803471982479,0.004487468861043453,-1.0017482042312622,0.004304974805563688,100,OK,INITIALIZING,OK,VISUAL_INERTIAL
255,1761211760594,34.5836840569973,1.8745230045169592,-8.337859995663166,0.004557579290121794,-1.0079294443130493,0.004346020519733429,100,OK,INITIALIZING,OK,VISUAL_INERTIAL
256,1761211760611,34.70127657055855,1.8734483746811748,-8.1405034288764,0.0047195907682180405,-1.0131736993789673,0.004316637758165598,100,OK,INITIALIZING,OK,VISUAL_INERTIAL
257,1761211760628,34.59611162543297,1.7703392077237368,-7.930193096399307,0.004939972423017025,-1.0180420875549316,0.004196750465780497,100,OK,INITIALIZING,OK,VISUAL_INERTIAL
258,1761211760644,34.66746583580971,1.801799633540213,-7.747697178274393,0.004980572499334812,-1.022234559059143,0.004214187618345022,100,OK,INITIALIZING,OK,VISUAL_INERTIAL
259,1761211760661,34.81033444404602,1.8000839045271277,-7.492412347346544,0.004990617744624615,-1.0262521505355835,0.00423038937151432,100,OK,INITIALIZING,OK,VISUAL_INERTIAL
260,1761211760678,35.12132540345192,1.7224933253601193,-7.217888254672289,0.0050753820687532425,-1.0305171012878418,0.004195865243673325,100,OK,INITIALIZING,OK,VISUAL_INERTIAL
261,1761211760694,35.39310768246651,1.6375025734305382,-7.030939217656851,0.005183371249586344,-1.0349160432815552,0.00419782567769289,100,OK,INITIALIZING,OK,VISUAL_INERTIAL
262,1761211760711,35.66673398017883,1.5493695391342044,-6.845193449407816,0.0052233124151825905,-1.0392205715179443,0.004144846927374601,100,OK,INITIALIZING,OK,VISUAL_INERTIAL
263,1761211760728,35.845957696437836,1.3519852655008435,-6.734463851898909,0.005354147404432297,-1.0430539846420288,0.004056812729686499,100,OK,INITIALIZING,OK,VISUAL_INERTIAL
264,1761211760744,35.91282665729523,1.3364942278712988,-6.759656127542257,0.00536829698830843,-1.0461417436599731,0.004040889907628298,100,OK,INITIALIZING,OK,VISUAL_INERTIAL
265,1761211760761,35.9564945101738,1.3809911906719208,-6.742479279637337,0.005363989155739546,-1.0490037202835083,0.004059641622006893,100,OK,INITIALIZING,OK,VISUAL_INERTIAL
266,1761211760778,36.09519824385643,1.3592846225947142,-6.720367353409529,0.005464551504701376,-1.0524177551269531,0.0040810732170939445,100,OK,INITIALIZING,OK,VISUAL_INERTIAL
267,1761211760794,36.24749928712845,1.3943942030891776,-6.476386450231075,0.0055596972815692425,-1.056457281112671,0.004172819200903177,100,OK,INITIALIZING,OK,VISUAL_INERTIAL
268,1761211760811,36.35596111416817,1.4606525655835867,-6.128265988081694,0.005647126119583845,-1.0606716871261597,0.004287122283130884,100,OK,INITIALIZING,OK,VISUAL_INERTIAL
269,1761211760828,36.32223233580589,1.4553904766216874,-6.216737907379866,0.005724829621613026,-1.0641964673995972,0.004375358112156391,100,OK,INITIALIZING,OK,VISUAL_INERTIAL
270,1761211760844,36.21988743543625,1.3850581599399447,-6.482391152530909,0.0057764300145208836,-1.0659362077713013,0.004395266063511372,100,OK,INITIALIZING,OK,VISUAL_INERTIAL
271,1761211760861,35.961899906396866,1.3638518285006285,-6.744688376784325,0.005744142923504114,-1.0659106969833374,0.004376084543764591,100,OK,INITIALIZING,OK,VISUAL_INERTIAL
272,1761211760878,35.94290465116501,1.3508987613022327,-6.857729982584715,0.005692441947758198,-1.065629005432129,0.004297124687582254,100,OK,INITIALIZING,OK,VISUAL_INERTIAL
273,1761211760894,36.023955792188644,1.372746773995459,-6.882335525006056,0.005613741464912891,-1.06539785861969,0.004246112424880266,100,OK,INITIALIZING,OK,VISUAL_INERTIAL
274,1761211760911,36.162447184324265,1.3777152635157108,-6.834063213318586,0.005581117235124111,-1.065250039100647,0.004219185095280409,100,OK,INITIALIZING,OK,VISUAL_INERTIAL
275,1761211760928,36.30851209163666,1.3609727611765265,-6.749591790139675,0.0055803777649998665,-1.0651408433914185,0.004206040408462286,100,OK,INITIALIZING,OK,VISUAL_INERTIAL
276,1761211760944,36.32667288184166,1.4152235817164183,-6.739271339029074,0.00554142240434885,-1.0649769306182861,0.004321091342717409,100,OK,INITIALIZING,OK,VISUAL_INERTIAL
277,1761211760961,36.269232630729675,1.4590006321668625,-6.862594746053219,0.005488735623657703,-1.0644811391830444,0.004466422833502293,100,OK,INITIALIZING,OK,VISUAL_INERTIAL
278,1761211760978,36.183688789606094,1.4535741647705436,-7.052423432469368,0.005497572477906942,-1.0633082389831543,0.004524816758930683,100,OK,INITIALIZING,OK,VISUAL_INERTIAL
279,1761211760994,36.025889217853546,1.5105917118489742,-7.134734652936459,0.00548974284902215,-1.0612647533416748,0.004537112079560757,100,OK,INITIALIZING,OK,VISUAL_INERTIAL
280,1761211761011,35.78101471066475,1.4905445277690887,-7.1399821899831295,0.0055098687298595905,-1.0584163665771484,0.00448769424110651,100,OK,INITIALIZING,OK,VISUAL_INERTIAL
281,1761211761028,35.6539785861969,1.377107691951096,-7.192325312644243,0.005573186092078686,-1.0546393394470215,0.004374206066131592,100,OK,INITIALIZING,OK,VISUAL_INERTIAL
282,1761211761044,35.56583449244499,1.3655576622113585,-7.389300502836704,0.005517778918147087,-1.0497437715530396,0.0043737324886024,100,OK,INITIALIZING,OK,VISUAL_INERTIAL
283,1761211761061,35.42442247271538,1.265943981707096,-7.659267634153366,0.005473650526255369,-1.043087124824524,0.004364315420389175,100,OK,INITIALIZING,OK,VISUAL_INERTIAL
284,1761211761078,34.998759627342224,1.3690975029021502,-7.928461767733097,0.005253647454082966,-1.034583568572998,0.004477693699300289,100,OK,INITIALIZING,OK,VISUAL_INERTIAL
285,1761211761094,34.61688756942749,1.4083378482609987,-8.23675561696291,0.0050964802503585815,-1.0247268676757812,0.004469596315175295,100,OK,INITIALIZING,OK,VISUAL_INERTIAL
286,1761211761111,34.22674536705017,1.4015701599419117,-8.475285954773426,0.004926315043121576,-1.0143533945083618,0.004436928778886795,100,OK,INITIALIZING,OK,VISUAL_INERTIAL
287,1761211761128,33.98936986923218,1.4214667025953531,-8.595910854637623,0.004741547163575888,-1.004469633102417,0.00434564845636487,100,OK,INITIALIZING,OK,VISUAL_INERTIAL
288,1761211761144,33.8737890124321,1.4114604564383626,-8.547536097466946,0.004601119551807642,-0.9950774312019348,0.004211990628391504,100,OK,INITIALIZING,OK,VISUAL_INERTIAL
289,1761211761161,33.8028185069561,1.4239283045753837,-8.422121405601501,0.00444019865244627,-0.9862474799156189,0.004136774688959122,100,OK,INITIALIZING,OK,VISUAL_INERTIAL
290,1761211761178,33.692456781864166,1.4092979254201055,-8.276384323835373,0.004295154940336943,-0.9776753187179565,0.004091552924364805,100,OK,INITIALIZING,OK,VISUAL_INERTIAL
291,1761211761195,33.47822651267052,1.4394490281119943,-8.137626573443413,0.004189222119748592,-0.968873143196106,0.004142444115132093,100,OK,INITIALIZING,OK,VISUAL_INERTIAL
292,1761211761211,33.18062052130699,1.5074815601110458,-8.130806498229504,0.004145842045545578,-0.9597128629684448,0.004194899927824736,100,OK,INITIALIZING,OK,VISUAL_INERTIAL
293,1761211761228,32.83205255866051,1.4455195050686598,-8.14967229962349,0.00420176237821579,-0.9501409530639648,0.0042145331390202045,100,OK,INITIALIZING,OK,VISUAL_INERTIAL
294,1761211761245,32.42649510502815,1.5352180926129222,-8.18916317075491,0.004185686819255352,-0.9405456185340881,0.004280752036720514,100,OK,INITIALIZING,OK,VISUAL_INERTIAL
295,1761211761261,31.971152871847153,1.5135619323700666,-8.208740502595901,0.004226344171911478,-0.9309079051017761,0.004325202666223049,100,OK,INITIALIZING,OK,VISUAL_INERTIAL
296,1761211761278,31.568381935358047,1.3692054199054837,-8.183158934116364,0.004315219819545746,-0.9207888245582581,0.004289036616683006,100,OK,INITIALIZING,OK,VISUAL_INERTIAL
297,1761211761294,31.156685203313828,1.251355977728963,-8.142797276377678,0.004304699134081602,-0.9101435542106628,0.0042370380833745,100,OK,INITIALIZING,OK,VISUAL_INERTIAL
298,1761211761311,30.80212138593197,1.1373579036444426,-7.9963840544223785,0.004252136219292879,-0.8993004560470581,0.00419818889349699,100,OK,INITIALIZING,OK,VISUAL_INERTIAL
299,1761211761328,30.55485710501671,0.8835858898237348,-8.178126066923141,0.004216114524751902,-0.887845516204834,0.003935310523957014,100,OK,INITIALIZING,OK,VISUAL_INERTIAL
300,1761211761344,30.288051813840866,0.8419059449806809,-8.267697878181934,0.004060059320181608,-0.8765130043029785,0.0038512391038239002,100,OK,INITIALIZING,OK,VISUAL_INERTIAL
301,1761211761361,30.096039175987244,0.8149938657879829,-8.250847458839417,0.0038765117060393095,-0.8654977083206177,0.0037292432971298695,100,OK,INITIALIZING,OK,VISUAL_INERTIAL
302,1761211761378,29.787827283143997,0.9273622999899089,-8.261283859610558,0.0036765970289707184,-0.8547733426094055,0.003730557393282652,100,OK,INITIALIZING,OK,VISUAL_INERTIAL
303,1761211761394,29.38885986804962,1.1149385245516896,-8.317905478179455,0.003474371274933219,-0.844153881072998,0.0037662119138985872,100,OK,INITIALIZING,OK,VISUAL_INERTIAL
304,1761211761411,28.940726071596146,1.1052766349166632,-8.291670121252537,0.0034954731818288565,-0.8332282900810242,0.003703522961586714,100,OK,INITIALIZING,OK,VISUAL_INERTIAL
305,1761211761428,28.667515143752098,0.8706350927241147,-8.19171778857708,0.0036593670956790447,-0.822229266166687,0.0036382568068802357,100,OK,INITIALIZING,OK,VISUAL_INERTIAL
306,1761211761444,28.44785712659359,0.6526517681777477,-8.135471493005753,0.0038120488170534372,-0.8119636178016663,0.0037213785108178854,100,OK,INITIALIZING,OK,VISUAL_INERTIAL
307,1761211761461,28.191247954964638,0.5022602272219956,-7.917990908026695,0.0038829371333122253,-0.8028109073638916,0.0037669374141842127,100,OK,INITIALIZING,OK,VISUAL_INERTIAL
308,1761211761478,28.020896017551422,0.42703814688138664,-7.662558928132057,0.003868758212774992,-0.7948402166366577,0.0037812027148902416,100,OK,INITIALIZING,OK,VISUAL_INERTIAL
309,1761211761494,27.95308642089367,0.40330534102395177,-7.496030069887638,0.0038136278744786978,-0.788006067276001,0.0037407090421766043,100,OK,INITIALIZING,OK,VISUAL_INERTIAL
310,1761211761511,28.04391272366047,0.2727363316807896,-7.2344886139035225,0.0038385926745831966,-0.7820771336555481,0.0035487571731209755,100,OK,INITIALIZING,OK,VISUAL_INERTIAL
311,1761211761528,27.982180938124657,0.2346232795389369,-7.0605892688035965,0.0038507222197949886,-0.7772566676139832,0.0033730552531778812,100,OK,INITIALIZING,OK,VISUAL_INERTIAL
312,1761211761544,27.901582419872284,0.2121989382430911,-6.958815269172192,0.003910642117261887,-0.7733811140060425,0.0032298460137099028,100,OK,INITIALIZING,OK,VISUAL_INERTIAL
313,1761211761561,27.857735753059387,0.12243053060956299,-6.852711085230112,0.004032604396343231,-0.7705380916595459,0.0030922589357942343,100,OK,INITIALIZING,OK,VISUAL_INERTIAL
314,1761211761578,27.701284736394882,0.07870009721955284,-6.815290078520775,0.004159020725637674,-0.7683323621749878,0.0031367819756269455,100,OK,INITIALIZING,OK,VISUAL_INERTIAL
315,1761211761594,27.460770681500435,0.21427241154015064,-6.816867273300886,0.0042035384103655815,-0.7658701539039612,0.003296648385003209,100,OK,INITIALIZING,OK,VISUAL_INERTIAL
316,1761211761611,26.988953351974487,0.21266547264531255,-7.095593027770519,0.0043258038349449635,-0.7624920606613159,0.003393211867660284,100,OK,INITIALIZING,OK,VISUAL_INERTIAL
317,1761211761628,26.256848126649857,0.2328997215954587,-7.489710580557585,0.00442578736692667,-0.7572957277297974,0.0034586319234222174,100,OK,INITIALIZING,OK,VISUAL_INERTIAL
318,1761211761644,25.43582022190094,0.35585553268902004,-8.02997499704361,0.004411973524838686,-0.7497369647026062,0.003557636169716716,100,OK,INITIALIZING,OK,VISUAL_INERTIAL
319,1761211761661,24.70284327864647,0.43554502190090716,-8.500364609062672,0.004343733191490173,-0.7399150133132935,0.0035351631231606007,100,OK,INITIALIZING,OK,VISUAL_INERTIAL
320,1761211761678,24.036264047026634,0.5813549505546689,-8.758878335356712,0.004206232726573944,-0.7288116812705994,0.003490123897790909,100,OK,INITIALIZING,OK,VISUAL_INERTIAL
321,1761211761694,23.60566146671772,0.8650206145830452,-8.959275670349598,0.0039770035073161125,-0.7173483967781067,0.0034297502133995295,100,OK,INITIALIZING,OK,VISUAL_INERTIAL
322,1761211761711,23.36881496012211,1.0397755540907383,-8.842889219522476,0.0038483983371406794,-0.7062141299247742,0.0033270041458308697,100,OK,INITIALIZING,OK,VISUAL_INERTIAL
323,1761211761728,23.257646709680557,1.148320036008954,-8.6145531386137,0.0037692077457904816,-0.6955215334892273,0.003224626649171114,100,OK,INITIALIZING,OK,VISUAL_INERTIAL
324,1761211761744,23.269565775990486,1.1053592897951603,-8.500471711158752,0.003807022236287594,-0.6848481893539429,0.003134749596938491,100,OK,INITIALIZING,OK,VISUAL_INERTIAL
325,1761211761761,22.98015169799328,0.9734270861372352,-8.54518823325634,0.003924848511815071,-0.6738368272781372,0.00310708861798048,100,OK,INITIALIZING,OK,VISUAL_INERTIAL
326,1761211761778,22.636383771896362,0.8133061928674579,-8.697384968400002,0.004023692570626736,-0.6621497869491577,0.0030990364030003548,100,OK,INITIALIZING,OK,VISUAL_INERTIAL
327,1761211761794,22.123580798506737,0.6808961625210941,-8.74758418649435,0.004058598540723324,-0.6498217582702637,0.0030950671061873436,100,OK,INITIALIZING,OK,VISUAL_INERTIAL
328,1761211761811,21.501298993825912,0.575004203710705,-8.367011323571205,0.004064186476171017,-0.6370243430137634,0.0030991542153060436,100,OK,MAP_UPDATE,OK,VISUAL_INERTIAL
329,1761211761828,21.001238375902176,0.6319232052192092,-8.549979887902737,0.003929750062525272,-0.6241348385810852,0.003258601762354374,100,OK,MAP_UPDATE,OK,VISUAL_INERTIAL
330,1761211761844,20.4046368598938,0.6184526719152927,-8.685167878866196,0.0038592969067394733,-0.6101820468902588,0.00331015489064157,100,OK,MAP_UPDATE,OK,VISUAL_INERTIAL
331,1761211761861,19.5521991699934,0.5062750424258411,-8.845281787216663,0.0038108215667307377,-0.595188319683075,0.0033570979721844196,100,OK,MAP_UPDATE,OK,VISUAL_INERTIAL
332,1761211761878,18.81863735616207,0.5623527686111629,-8.915266953408718,0.0036232853308320045,-0.5792412757873535,0.0034016785211861134,100,OK,MAP_UPDATE,OK,VISUAL_INERTIAL
333,1761211761894,18.209308385849,0.5418353830464184,-9.050164371728897,0.0034287837333977222,-0.5629059076309204,0.0033141509629786015,100,OK,MAP_UPDATE,OK,VISUAL_INERTIAL
334,1761211761911,17.794080078601837,0.47720104339532554,-9.108775295317173,0.003318940522149205,-0.5472574830055237,0.003214766038581729,100,OK,MAP_UPDATE,OK,VISUAL_INERTIAL
335,1761211761928,17.504554241895676,0.4389032255858183,-9.071778506040573,0.00315957423299551,-0.5330768823623657,0.00312344403937459,100,OK,MAP_UPDATE,OK,VISUAL_INERTIAL
336,1761211761944,17.366398125886917,0.38006340037100017,-8.814303204417229,0.003018793882802129,-0.5206006765365601,0.0030225631780922413,100,OK,MAP_UPDATE,OK,VISUAL_INERTIAL
337,1761211761962,17.41614192724228,0.33842434640973806,-8.399158716201782,0.002910774666815996,-0.5090329647064209,0.0029876844491809607,100,OK,MAP_UPDATE,OK,VISUAL_INERTIAL
338,1761211761978,17.144987359642982,0.354580522980541,-8.256349712610245,0.002780874026939273,-0.4982009828090668,0.002974811941385269,100,OK,MAP_UPDATE,OK,VISUAL_INERTIAL
339,1761211761994,16.63309894502163,0.26732898550108075,-8.27573798596859,0.0027298573404550552,-0.48626601696014404,0.00288187712430954,100,OK,MAP_UPDATE,OK,VISUAL_INERTIAL
340,1761211762011,15.775993466377258,0.08262550545623526,-8.262059651315212,0.0027545292396098375,-0.47346803545951843,0.0028049324173480272,100,OK,MAP_UPDATE,OK,VISUAL_INERTIAL
341,1761211762028,15.056101605296135,0.0593706063227728,-8.510679937899113,0.002649860456585884,-0.4599682092666626,0.002801730530336499,100,OK,MAP_UPDATE,OK,VISUAL_INERTIAL
342,1761211762044,14.380219392478466,0.06494951230706647,-8.785352110862732,0.0025224958080798388,-0.4465261697769165,0.002793004969134927,100,OK,MAP_UPDATE,OK,VISUAL_INERTIAL
343,1761211762061,13.816083781421185,0.07542887033196166,-8.895276114344597,0.002397558419033885,-0.4336671531200409,0.002761946525424719,100,OK,MAP_UPDATE,OK,VISUAL_INERTIAL
344,1761211762078,13.45424447208643,-0.12931913079228252,-8.550834842026234,0.002351896371692419,-0.4211024343967438,0.0027022548019886017,100,OK,MAP_UPDATE,OK,VISUAL_INERTIAL
345,1761211762094,13.189124874770641,-0.30362189863808453,-8.239271119236946,0.0023349805269390345,-0.408730685710907,0.002672336995601654,100,OK,MAP_UPDATE,OK,VISUAL_INERTIAL
346,1761211762111,12.944735586643219,-0.580119201913476,-7.9955775290727615,0.00244124885648489,-0.39589807391166687,0.002591312862932682,100,OK,MAP_UPDATE,OK,VISUAL_INERTIAL
347,1761211762128,12.538149952888489,-0.7493700832128525,-7.816726341843605,0.0025457439478486776,-0.38299980759620667,0.0025462014600634575,100,OK,MAP_UPDATE,OK,VISUAL_INERTIAL
348,1761211762144,12.12583389133215,-0.9210422285832465,-7.644827011972666,0.002664104802533984,-0.37048083543777466,0.0024853763170540333,100,OK,MAP_UPDATE,OK,VISUAL_INERTIAL
349,1761211762161,11.821906082332134,-1.2881314614787698,-7.593823596835136,0.0028938911855220795,-0.35863640904426575,0.00240538502112031,100,OK,MAP_UPDATE,OK,VISUAL_INERTIAL
350,1761211762178,11.481167748570442,-1.4263232005760074,-7.432624232023954,0.0029126659501343966,-0.3479917645454407,0.0023596787359565496,100,OK,MAP_UPDATE,OK,VISUAL_INERTIAL
351,1761211762194,11.292886920273304,-1.4171591028571129,-7.031966466456652,0.0028904960490763187,-0.338557630777359,0.002357485704123974,100,OK,MAP_UPDATE,OK,VISUAL_INERTIAL
352,1761211762211,10.95759216696024,-1.3997504720464349,-6.906815338879824,0.002903647953644395,-0.33012697100639343,0.0023702983744442463,100,OK,MAP_UPDATE,OK,VISUAL_INERTIAL
353,1761211762228,10.594956576824188,-1.2609915575012565,-6.844143848866224,0.0028332655783742666,-0.32185670733451843,0.00233112508431077,100,OK,MAP_UPDATE,OK,VISUAL_INERTIAL
354,1761211762244,10.432488285005093,-1.2710423907265067,-6.354397628456354,0.002834801096469164,-0.31355494260787964,0.0021427732426673174,100,OK,MAP_UPDATE,OK,VISUAL_INERTIAL
355,1761211762261,10.236306115984917,-1.3100968208163977,-5.961515009403229,0.0029434815514832735,-0.3056548535823822,0.0019597201608121395,100,OK,MAP_UPDATE,OK,VISUAL_INERTIAL
356,1761211762278,10.000991635024548,-1.3982130913063884,-5.650579929351807,0.003143214387819171,-0.2981228828430176,0.0017548782052472234,100,OK,MAP_UPDATE,OK,VISUAL_INERTIAL
357,1761211762294,9.934015572071075,-1.4353282749652863,-5.342383868992329,0.0033423728309571743,-0.2903274595737457,0.0016642187256366014,100,OK,MAP_UPDATE,OK,VISUAL_INERTIAL
358,1761211762311,9.604438208043575,-1.472793403081596,-5.151237361133099,0.0035078004002571106,-0.28231281042099,0.0016673204954713583,100,OK,MAP_UPDATE,OK,VISUAL_INERTIAL
359,1761211762328,9.00577288120985,-1.5164668438956141,-5.02200098708272,0.003593731438741088,-0.2737530767917633,0.0017244212795048952,100,OK,MAP_UPDATE,OK,VISUAL_INERTIAL
360,1761211762344,8.301668800413609,-1.6327047487720847,-4.901831969618797,0.003660766175016761,-0.2643451690673828,0.001847242470830679,100,OK,MAP_UPDATE,OK,VISUAL_INERTIAL
361,1761211762361,7.611229550093412,-1.6713705845177174,-4.774921573698521,0.0036388798616826534,-0.2539781928062439,0.0019803473260253668,100,OK,MAP_UPDATE,OK,VISUAL_INERTIAL
362,1761211762378,6.9716679863631725,-1.8347101286053658,-4.70506027340889,0.0036315866746008396,-0.24281750619411469,0.0021007105242460966,100,OK,MAP_UPDATE,OK,VISUAL_INERTIAL
363,1761211762394,6.631333846598864,-1.76582473795861,-4.577076528221369,0.0033360053785145283,-0.23077382147312164,0.0020204689353704453,100,OK,MAP_UPDATE,OK,VISUAL_INERTIAL
364,1761211762411,6.407706066966057,-1.9445496145635843,-4.549709148705006,0.0031165857799351215,-0.21862925589084625,0.0018458348931744695,100,OK,MAP_UPDATE,OK,VISUAL_INERTIAL
365,1761211762428,6.369857117533684,-2.0936857908964157,-4.488578531891108,0.0028559055645018816,-0.20716841518878937,0.0016582761891186237,100,OK,MAP_UPDATE,OK,VISUAL_INERTIAL
366,1761211762444,6.3362400978803635,-2.1602525375783443,-4.535162355750799,0.0024680038914084435,-0.19600456953048706,0.0015638922341167927,100,OK,MAP_UPDATE,OK,VISUAL_INERTIAL
367,1761211762461,5.694874096661806,-2.3667404893785715,-4.660909995436668,0.002098154742270708,-0.1839662492275238,0.0015187443932518363,100,OK,MAP_UPDATE,OK,VISUAL_INERTIAL
368,1761211762478,4.740222357213497,-2.474147127941251,-4.884158261120319,0.0017214135732501745,-0.16965529322624207,0.001600408460944891,100,OK,MAP_UPDATE,OK,VISUAL_INERTIAL
369,1761211762494,3.6363014951348305,-2.606641734018922,-5.094849970191717,0.0014994104858487844,-0.1528347283601761,0.0017191855004057288,100,OK,MAP_UPDATE,OK,VISUAL_INERTIAL
370,1761211762511,2.288396470248699,-2.833958715200424,-5.16565190628171,0.001424196409061551,-0.13440366089344025,0.0018200649647042155,100,OK,MAP_UPDATE,OK,VISUAL_INERTIAL
371,1761211762528,1.288604224100709,-2.5926080998033285,-4.894334357231855,0.0011261515319347382,-0.11542241275310516,0.001884767203591764,100,OK,MAP_UPDATE,OK,VISUAL_INERTIAL
372,1761211762544,0.5175706464797258,-2.5468047242611647,-4.471153952181339,0.0010511319851502776,-0.09706912189722061,0.0018360931426286697,100,OK,MAP_UPDATE,OK,VISUAL_INERTIAL
373,1761211762561,0.25407448993064463,-2.1542957983911037,-3.862374695017934,0.0008024742710404098,-0.07925143092870712,0.0017619467107579112,100,OK,MAP_UPDATE,OK,VISUAL_INERTIAL
374,1761211762578,0.5159318679943681,-1.99816282838583,-3.1657160725444555,0.000757901812903583,-0.06230901926755905,0.0016516003524884582,100,OK,MAP_UPDATE,OK,VISUAL_INERTIAL
375,1761211762594,0.5159318679943681,-1.99816282838583,-3.1657160725444555,0.000757901812903583,-0.06230901926755905,0.0016516003524884582,100,OK,MAP_UPDATE,OK,VISUAL_INERTIAL
376,1761211762611,2.5666479486972094,-2.0618753042072058,-1.9800174050033092,0.0009575114236213267,-0.0330817848443985,0.0015940205194056034,100,OK,MAP_UPDATE,OK,VISUAL_INERTIAL
377,1761211762628,1.232185517437756,-1.078708446584642,-0.9704421390779316,0.00028018030570819974,-0.02330157719552517,0.001520625315606594,100,OK,MAP_UPDATE,OK,VISUAL_INERTIAL
378,1761211762644,1.5545707428827882,-0.8944196160882711,-0.5002421676181257,0.00010468814434716478,-0.014641666784882545,0.001297460519708693,100,OK,MAP_UPDATE,OK,VISUAL_INERTIAL
379,1761211762661,2.4744828697293997,-1.0372415417805314,-0.07093870226526633,0.00013997899077367038,-0.0071359616704285145,0.001071853213943541,100,OK,MAP_UPDATE,OK,VISUAL_INERTIAL
380,1761211762678,2.9893836472183466,-1.062835450284183,0.2514309308025986,0.00012756326759699732,-0.0006520661409012973,0.0008674099226482213,100,OK,MAP_UPDATE,OK,VISUAL_INERTIAL
381,1761211762694,3.283945145085454,-0.7281755097210407,0.43267739238217473,-0.00012358340609353036,0.005460809916257858,0.0007001910707913339,100,OK,MAP_UPDATE,OK,VISUAL_INERTIAL
382,1761211762711,3.206524532288313,-0.553042278625071,0.5264250212348998,-0.00019296843674965203,0.011157477274537086,0.0005364040262065828,100,OK,MAP_UPDATE,OK,VISUAL_INERTIAL
383,1761211762728,2.831054385751486,-0.3549436223693192,0.5321681383065879,-0.0002610296360217035,0.016316350549459457,0.00048726345994509757,100,OK,MAP_UPDATE,OK,VISUAL_INERTIAL
384,1761211762744,2.411732217296958,-0.35408209078013897,0.547706033103168,-0.00018136810103897005,0.021145502105355263,0.00042947905603796244,100,OK,MAP_UPDATE,OK,VISUAL_INERTIAL
385,1761211762761,2.0251842215657234,-0.32621450372971594,0.5443930276669562,-0.00013077413314022124,0.0258626826107502,0.00042223051423206925,100,OK,MAP_UPDATE,OK,VISUAL_INERTIAL
386,1761211762778,1.2998894089832902,-0.4067063273396343,0.5366981495171785,-2.788071105896961e-05,0.030634170398116112,0.0004360530583653599,100,OK,MAP_UPDATE,OK,VISUAL_INERTIAL
387,1761211762794,-0.1620269031263888,-0.3506020875647664,0.2199498121626675,-0.00010747699707280844,0.03574095293879509,0.0006980063626542687,100,OK,MAP_UPDATE,OK,VISUAL_INERTIAL
388,1761211762811,-1.063889591023326,-0.433046487160027,0.15015530516393483,-1.6671878256602213e-05,0.0421210452914238,0.0006676660850644112,100,OK,MAP_UPDATE,OK,VISUAL_INERTIAL
389,1761211762828,-1.8166262889280915,-0.35025420947931707,0.2856652718037367,2.219314410467632e-06,0.04944324120879173,0.0006581868510693312,100,OK,MAP_UPDATE,OK,VISUAL_INERTIAL
390,1761211762844,-2.4881779681891203,-0.43693726183846593,0.5222143372520804,0.00012517540017142892,0.05748838186264038,0.0006472879904322326,100,OK,MAP_UPDATE,OK,VISUAL_INERTIAL
391,1761211762861,-3.2479139044880867,-0.4429612017702311,0.6718545337207615,0.00012162009079474956,0.0659211277961731,0.0005728644318878651,100,OK,MAP_UPDATE,OK,VISUAL_INERTIAL
392,1761211762878,-3.717487445101142,-0.40698976954445243,0.919882848393172,0.00010242695134365931,0.07462460547685623,0.0005754759185947478,100,OK,MAP_UPDATE,OK,VISUAL_INERTIAL
393,1761211762894,-4.103992134332657,-0.517143402248621,1.2141711777076125,0.0001553451584186405,0.08323601633310318,0.0006043405155651271,100,OK,MAP_UPDATE,OK,VISUAL_INERTIAL
394,1761211762911,-4.103992134332657,-0.517143402248621,1.2141711777076125,0.0001553451584186405,0.08323601633310318,0.0006043405155651271,100,OK,MAP_UPDATE,OK,VISUAL_INERTIAL
395,1761211762928,-4.103992134332657,-0.517143402248621,1.2141711777076125,0.0001553451584186405,0.08323601633310318,0.0006043405155651271,100,OK,MAP_UPDATE,OK,VISUAL_INERTIAL
396,1761211762945,-4.147576168179512,-0.58633933076635,1.6783419996500015,-0.00015460362192243338,0.10798536241054535,0.00032906350679695606,100,OK,MAP_UPDATE,OK,VISUAL_INERTIAL
397,1761211762961,-4.215881694108248,-0.7046267273835838,1.8842883873730898,-0.0001969480945263058,0.1161777600646019,0.00023025200061965734,100,OK,MAP_UPDATE,OK,VISUAL_INERTIAL
398,1761211762978,-4.445712547749281,-0.7446473464369774,2.1087087225168943,-0.00024989520898088813,0.12434428185224533,0.00025208460283465683,100,OK,MAP_UPDATE,OK,VISUAL_INERTIAL
399,1761211762994,-4.758328665047884,-0.7558980141766369,2.3362108040601015,-0.00030795185011811554,0.1323794722557068,0.0003354669897817075,100,OK,MAP_UPDATE,OK,VISUAL_INERTIAL
400,1761211763011,-4.8128110356628895,-0.4004077345598489,2.409477951005101,-0.0007000282639637589,0.14007747173309326,0.00029628159245476127,100,OK,MAP_UPDATE,OK,VISUAL_INERTIAL
401,1761211763028,-4.940641578286886,-0.16482333012390882,2.4581686593592167,-0.0010246977908536792,0.1477867215871811,0.0002447516890242696,100,OK,MAP_UPDATE,OK,VISUAL_INERTIAL
402,1761211763044,-4.813212901353836,0.30029905610717833,2.538610016927123,-0.0014669587835669518,0.15582284331321716,0.00012221187353134155,100,OK,MAP_UPDATE,OK,VISUAL_INERTIAL
403,1761211763061,-4.947450011968613,0.37494729622267187,2.6682906318455935,-0.00165740551892668,0.16404397785663605,2.205215787398629e-05,100,OK,MAP_UPDATE,OK,VISUAL_INERTIAL
404,1761211763078,-4.942525643855333,0.38854003651067615,2.944254083558917,-0.001727410010062158,0.17276979982852936,-0.00011802556400652975,100,OK,MAP_UPDATE,OK,VISUAL_INERTIAL
405,1761211763094,-5.187355447560549,0.1172544143628329,3.1209883745759726,-0.0015954321715980768,0.18163132667541504,-0.000331067421939224,100,OK,MAP_UPDATE,OK,VISUAL_INERTIAL
406,1761211763111,-5.407637916505337,0.019372106180526316,3.392983926460147,-0.0014639656292274594,0.19012069702148438,-0.0004937393241561949,100,OK,MAP_UPDATE,OK,VISUAL_INERTIAL
407,1761211763128,-5.32991997897625,0.22279575932770967,3.7818679120391607,-0.0015468979254364967,0.1975131779909134,-0.0006068574730306864,100,OK,MAP_UPDATE,OK,VISUAL_INERTIAL
408,1761211763144,-5.471805110573769,0.022829175577498972,4.087370820343494,-0.0013432319974526763,0.20366214215755463,-0.0005615896661765873,100,OK,MAP_UPDATE,OK,VISUAL_INERTIAL
409,1761211763161,-5.733238533139229,-0.032810687116580084,4.3655564077198505,-0.0012562066549435258,0.20971405506134033,-0.0004823334747925401,100,OK,MAP_UPDATE,OK,VISUAL_INERTIAL
410,1761211763178,-6.251690909266472,-0.3071521350648254,4.5971679501235485,-0.0011076097143813968,0.21635621786117554,-0.000371806527255103,100,OK,MAP_UPDATE,OK,VISUAL_INERTIAL
411,1761211763194,-7.127484772354364,-0.7303538150154054,4.8568290658295155,-0.0008615216938778758,0.22425490617752075,-0.00026065658312290907,100,OK,MAP_UPDATE,OK,VISUAL_INERTIAL
412,1761211763211,-8.302724920213223,-1.1720886686816812,5.280124954879284,-0.0006256820634007454,0.23374664783477783,-0.00017016948550008237,100,OK,MAP_UPDATE,OK,VISUAL_INERTIAL
413,1761211763228,-9.191933088004589,-1.60545005928725,5.654656793922186,-0.0004168059676885605,0.2446194738149643,-0.00019453218556009233,100,OK,MAP_UPDATE,OK,VISUAL_INERTIAL
414,1761211763244,-9.989600628614426,-2.0738174207508564,6.113903596997261,-0.00016971281729638577,0.2554793655872345,-0.0002440681855659932,100,OK,MAP_UPDATE,OK,VISUAL_INERTIAL
415,1761211763261,-10.117352940142155,-2.037548227235675,6.4140306785702705,-0.00031106299138627946,0.26575151085853577,-0.0004198406240902841,100,OK,MAP_UPDATE,OK,VISUAL_INERTIAL
416,1761211763278,-9.86069068312645,-1.9113013986498117,6.620191968977451,-0.000521515088621527,0.2748323678970337,-0.0005389601574279368,100,OK,MAP_UPDATE,OK,VISUAL_INERTIAL
417,1761211763294,-9.473923593759537,-1.7206828342750669,6.749487016350031,-0.0007446567760780454,0.2828531861305237,-0.0007042536162771285,100,OK,MAP_UPDATE,OK,VISUAL_INERTIAL
418,1761211763311,-9.454919025301933,-1.6399245942011476,6.871634162962437,-0.0008935112273320556,0.2903803586959839,-0.0007470255368389189,100,OK,MAP_UPDATE,OK,VISUAL_INERTIAL
419,1761211763328,-9.527420625090599,-1.5286930138245225,7.0856730453670025,-0.0009962035110220313,0.29862430691719055,-0.0007451361161656678,100,OK,MAP_UPDATE,OK,VISUAL_INERTIAL
420,1761211763344,-9.940625168383121,-1.6280908603221178,7.406150456517935,-0.0009270182927139103,0.3077752888202667,-0.0006631274591200054,100,OK,MAP_UPDATE,OK,VISUAL_INERTIAL
421,1761211763361,-10.304323397576809,-1.590936677530408,7.825418375432491,-0.0009338141535408795,0.31818345189094543,-0.0006369412294588983,100,OK,MAP_UPDATE,OK,VISUAL_INERTIAL
422,1761211763378,-10.70527546107769,-1.705891452729702,8.231129497289658,-0.0009240010986104608,0.32908278703689575,-0.0005778673803433776,100,OK,MAP_UPDATE,OK,VISUAL_INERTIAL
423,1761211763394,-10.897411033511162,-1.771496725268662,8.599909022450447,-0.0009773668134585023,0.3397841155529022,-0.0005559440469369292,100,OK,MAP_UPDATE,OK,VISUAL_INERTIAL
424,1761211763411,-11.16086170077324,-1.8967015203088522,8.967828005552292,-0.0010126893175765872,0.3500477075576782,-0.0005382559029385448,100,OK,MAP_UPDATE,OK,VISUAL_INERTIAL
425,1761211763428,-11.320880614221096,-1.992798876017332,9.182979352772236,-0.0010233724024146795,0.3601404130458832,-0.00058928900398314,100,OK,MAP_UPDATE,OK,VISUAL_INERTIAL
426,1761211763444,-11.483149603009224,-2.0623207092285156,9.42886620759964,-0.0010436131851747632,0.3699689507484436,-0.0006145376828499138,100,OK,MAP_UPDATE,OK,VISUAL_INERTIAL
427,1761211763461,-11.68368011713028,-2.061691367998719,9.700534865260124,-0.0011188414646312594,0.3796287775039673,-0.0006530743557959795,100,OK,MAP_UPDATE,OK,VISUAL_INERTIAL
428,1761211763478,-11.93412858992815,-2.035847632214427,9.979362599551678,-0.0012332308106124401,0.38942018151283264,-0.0006285124691203237,100,OK,MAP_UPDATE,OK,VISUAL_INERTIAL
429,1761211763494,-12.142128311097622,-1.9529418786987662,10.212146677076817,-0.0014246414648368955,0.39967066049575806,-0.0006329192547127604,100,OK,MAP_UPDATE,OK,VISUAL_INERTIAL
430,1761211763511,-12.307623401284218,-1.908421516418457,10.524589568376541,-0.0015863674925640225,0.4106800854206085,-0.0005751886055804789,100,OK,MAP_UPDATE,OK,VISUAL_INERTIAL
431,1761211763528,-12.602522037923336,-2.010306576266885,10.848120786249638,-0.001592310843989253,0.42224588990211487,-0.0005871394532732666,100,OK,MAP_UPDATE,OK,VISUAL_INERTIAL
432,1761211763544,-12.85203080624342,-1.9491567509248853,11.308151297271252,-0.0017091439804062247,0.4343129098415375,-0.0006125583313405514,100,OK,MAP_UPDATE,OK,VISUAL_INERTIAL
433,1761211763561,-12.877518311142921,-1.8695482285693288,11.683865450322628,-0.0018557386938482523,0.4465838372707367,-0.0006762088742107153,100,OK,MAP_UPDATE,OK,VISUAL_INERTIAL
434,1761211763578,-12.823638506233692,-1.7673700349405408,11.875474825501442,-0.0019944114610552788,0.4584488868713379,-0.00069663196336478,100,OK,MAP_UPDATE,OK,VISUAL_INERTIAL
435,1761211763594,-12.538469396531582,-1.3879932230338454,12.115487828850746,-0.002318861661478877,0.4695682227611542,-0.0007397864828817546,100,OK,MAP_UPDATE,OK,VISUAL_INERTIAL
436,1761211763611,-12.338242493569851,-1.1572280200198293,12.301581911742687,-0.002588121686130762,0.4802146852016449,-0.0007685727905482054,100,OK,MAP_UPDATE,OK,VISUAL_INERTIAL
437,1761211763628,-12.276717461645603,-1.0225634323433042,12.561876326799393,-0.002735022222623229,0.49084940552711487,-0.0007357749273069203,100,OK,MAP_UPDATE,OK,VISUAL_INERTIAL
438,1761211763644,-12.36551720649004,-0.9839843260124326,13.07890098541975,-0.002815369749441743,0.5017792582511902,-0.0007327927160076797,100,OK,MAP_UPDATE,OK,VISUAL_INERTIAL
439,1761211763661,-12.528418563306332,-1.2554872082546353,13.495956547558308,-0.0027155426796525717,0.5130115151405334,-0.0005711643607355654,100,OK,MAP_UPDATE,OK,VISUAL_INERTIAL
440,1761211763678,-12.711940333247185,-1.5224161325022578,14.055228792130947,-0.0025914881844073534,0.524377703666687,-0.0005966033786535263,100,OK,MAP_UPDATE,OK,VISUAL_INERTIAL
441,1761211763694,-12.861641123890877,-1.740190084092319,14.606362208724022,-0.002541809342801571,0.535681426525116,-0.0006883891182951629,100,OK,MAP_UPDATE,OK,VISUAL_INERTIAL
442,1761211763711,-12.981059029698372,-1.976346131414175,14.946304261684418,-0.002512894105166197,0.5467263460159302,-0.0007469506817869842,100,OK,MAP_UPDATE,OK,VISUAL_INERTIAL
443,1761211763728,-13.071984052658081,-1.9867310766130686,15.28191938996315,-0.002646311419084668,0.5572733283042908,-0.0008568997145630419,100,OK,MAP_UPDATE,OK,VISUAL_INERTIAL
444,1761211763744,-13.164899311959743,-1.9985227845609188,15.685826539993286,-0.002756542759016156,0.5671924948692322,-0.0009171320707537234,100,OK,MAP_UPDATE,OK,VISUAL_INERTIAL
445,1761211763761,-13.111119158565998,-1.940797083079815,15.881037339568138,-0.0028395799454301596,0.5766608119010925,-0.0009868069319054484,100,OK,MAP_UPDATE,OK,VISUAL_INERTIAL
446,1761211763777,-13.440847396850586,-2.022812608629465,16.235070303082466,-0.0028394993860274553,0.5855342745780945,-0.0009918909054249525,100,OK,MAP_UPDATE,OK,VISUAL_INERTIAL
447,1761211763794,-13.540312647819519,-1.9085947424173355,16.4716187864542,-0.0029107455629855394,0.594533383846283,-0.0010006316006183624,100,OK,MAP_UPDATE,OK,VISUAL_INERTIAL
448,1761211763811,-13.633477501571178,-1.8874556990340352,16.68957620859146,-0.002960768062621355,0.6034960150718689,-0.000982038676738739,100,OK,MAP_UPDATE,OK,VISUAL_INERTIAL
449,1761211763827,-13.814912177622318,-2.0615195389837027,16.73627272248268,-0.0028887749649584293,0.6127528548240662,-0.0009682109230197966,100,OK,MAP_UPDATE,OK,VISUAL_INERTIAL
450,1761211763844,-14.008314348757267,-2.202848205342889,16.934186220169067,-0.0028309551998972893,0.622087299823761,-0.0009913413086906075,100,OK,MAP_UPDATE,OK,VISUAL_INERTIAL
451,1761211763861,-14.317076653242111,-2.453905064612627,17.208557575941086,-0.0027776069473475218,0.631321132183075,-0.0009298602235503495,100,OK,MAP_UPDATE,OK,VISUAL_INERTIAL
452,1761211763878,-14.483733102679253,-2.594918245449662,17.595063894987106,-0.0027767540886998177,0.6406832933425903,-0.0009852673392742872,100,OK,MAP_UPDATE,OK,VISUAL_INERTIAL
453,1761211763894,-14.556322246789932,-2.659639809280634,18.08604598045349,-0.0027885150630027056,0.6498434543609619,-0.001049078768119216,100,OK,MAP_UPDATE,OK,VISUAL_INERTIAL
454,1761211763911,-14.540446922183037,-2.6591478381305933,18.599126487970352,-0.0028174708131700754,0.6583153009414673,-0.0011311719426885247,100,OK,MAP_UPDATE,OK,VISUAL_INERTIAL
455,1761211763928,-14.375844039022923,-2.679047640413046,19.039049744606018,-0.0028514869045466185,0.6659103631973267,-0.0012528253719210625,100,OK,MAP_UPDATE,OK,VISUAL_INERTIAL
456,1761211763944,-14.192522503435612,-2.7409223839640617,19.16004717350006,-0.0028409308288246393,0.6728851795196533,-0.0014194882242009044,100,OK,MAP_UPDATE,OK,VISUAL_INERTIAL
457,1761211763961,-14.275278896093369,-2.851765602827072,19.42402310669422,-0.002816752064973116,0.6794929504394531,-0.0014078327221795917,100,OK,MAP_UPDATE,OK,VISUAL_INERTIAL
458,1761211763977,-14.506041072309017,-2.8669675812125206,19.779998809099197,-0.0028577905613929033,0.6865705251693726,-0.0013823694316670299,100,OK,MAP_UPDATE,OK,VISUAL_INERTIAL
459,1761211763994,-14.790850691497326,-2.8955854941159487,20.095113664865494,-0.002885561203584075,0.6942182779312134,-0.0013535794569179416,100,OK,MAP_UPDATE,OK,VISUAL_INERTIAL
460,1761211764011,-15.138639137148857,-2.9631699435412884,20.565081387758255,-0.0029377713799476624,0.7022611498832703,-0.0013037713943049312,100,OK,MAP_UPDATE,OK,VISUAL_INERTIAL
461,1761211764027,-15.209527686238289,-2.994594629853964,20.92694863677025,-0.003013813169673085,0.7109533548355103,-0.001281576813198626,100,OK,MAP_UPDATE,OK,VISUAL_INERTIAL
462,1761211764044,-15.528487041592598,-3.149154596030712,21.4532483369112,-0.002931084716692567,0.7201917767524719,-0.0012214839225634933,100,OK,MAP_UPDATE,OK,VISUAL_INERTIAL
463,1761211764061,-15.72972722351551,-3.017093287780881,21.936478093266487,-0.003017385257408023,0.7298938632011414,-0.0013535829493775964,100,OK,MAP_UPDATE,OK,VISUAL_INERTIAL
464,1761211764078,-15.750344842672348,-2.9334586579352617,22.36446738243103,-0.0030892943032085896,0.7394987940788269,-0.0014523806748911738,100,OK,MAP_UPDATE,OK,VISUAL_INERTIAL
465,1761211764094,-16.277657821774483,-3.3920262940227985,22.488825023174286,-0.002825111150741577,0.7482521533966064,-0.0012186852982267737,100,OK,MAP_UPDATE,OK,VISUAL_INERTIAL
466,1761211764111,-16.632135957479477,-3.6914602387696505,22.61144667863846,-0.0026836383622139692,0.7564636468887329,-0.0012897101696580648,100,OK,MAP_UPDATE,OK,VISUAL_INERTIAL
467,1761211764127,-16.75284653902054,-3.851622808724642,22.715991362929344,-0.0026829123962670565,0.7638922929763794,-0.0014261180767789483,100,OK,MAP_UPDATE,OK,VISUAL_INERTIAL
468,1761211764144,-16.710245981812477,-3.9149727672338486,22.807570174336433,-0.002798519330099225,0.7707440853118896,-0.0016225691651925445,100,OK,MAP_UPDATE,OK,VISUAL_INERTIAL
469,1761211764161,-16.683446243405342,-3.988520707935095,22.887323051691055,-0.002900059800595045,0.777309775352478,-0.001659916015341878,100,OK,MAP_UPDATE,OK,VISUAL_INERTIAL
470,1761211764178,-16.69415272772312,-3.9972583763301373,22.97179214656353,-0.0029998288955539465,0.7835218906402588,-0.0016278513940051198,100,OK,MAP_UPDATE,OK,VISUAL_INERTIAL
471,1761211764194,-16.73603057861328,-4.062999505549669,23.166347295045853,-0.0030229189433157444,0.7894604802131653,-0.0015631428686901927,100,OK,MAP_UPDATE,OK,VISUAL_INERTIAL
472,1761211764211,-16.793910413980484,-4.038432613015175,23.400450125336647,-0.0030543727334588766,0.795748233795166,-0.0014435439370572567,100,OK,MAP_UPDATE,OK,VISUAL_INERTIAL
473,1761211764228,-17.004868015646935,-4.137441515922546,23.693673312664032,-0.0029503891710191965,0.8030167818069458,-0.0013907760148867965,100,OK,MAP_UPDATE,OK,VISUAL_INERTIAL
474,1761211764244,-17.13768020272255,-4.32161521166563,24.415267631411552,-0.002749512903392315,0.8113198280334473,-0.001315893023274839,100,OK,MAP_UPDATE,OK,VISUAL_INERTIAL
475,1761211764261,-17.381126061081886,-4.468138329684734,25.10264702141285,-0.0026320945471525192,0.820633053779602,-0.0013635152718052268,100,OK,MAP_UPDATE,OK,VISUAL_INERTIAL
476,1761211764277,-17.479782924056053,-4.595779348164797,25.5874115973711,-0.0025634625926613808,0.8303017616271973,-0.001483518281020224,100,OK,MAP_UPDATE,OK,VISUAL_INERTIAL
477,1761211764294,-17.39581488072872,-4.582569003105164,25.908218696713448,-0.0026616475079208612,0.8396317958831787,-0.0016268210019916296,100,OK,MAP_UPDATE,OK,VISUAL_INERTIAL
478,1761211764311,-17.232200130820274,-4.486313089728355,26.355808600783348,-0.0028949961997568607,0.8479813933372498,-0.001727884286083281,100,OK,MAP_UPDATE,OK,VISUAL_INERTIAL
479,1761211764327,-17.15559884905815,-4.548938013613224,26.37619711458683,-0.0030659425538033247,0.8554791212081909,-0.0017602411098778248,100,OK,MAP_UPDATE,OK,VISUAL_INERTIAL
480,1761211764344,-17.110267654061317,-4.61328960955143,26.384903118014336,-0.0031681573018431664,0.8620152473449707,-0.001707630348391831,100,OK,MAP_UPDATE,OK,VISUAL_INERTIAL
481,1761211764361,-17.04476587474346,-4.595911595970392,26.413366198539734,-0.003274450544267893,0.8682591915130615,-0.001667989301495254,100,OK,MAP_UPDATE,OK,VISUAL_INERTIAL
482,1761211764377,-15.809038653969765,-3.998788073658943,26.606548577547073,-0.003774837125092745,0.8755499124526978,-0.0019718625117093325,100,OK,MAP_UPDATE,OK,VISUAL_INERTIAL
483,1761211764394,-14.95254971086979,-3.5774940624833107,26.68096125125885,-0.00411419291049242,0.8821634650230408,-0.002054212847724557,100,OK,MAP_UPDATE,OK,VISUAL_INERTIAL
484,1761211764411,-14.39480297267437,-3.2419415656477213,26.709530502557755,-0.004371597431600094,0.8878949880599976,-0.0020593334920704365,100,OK,MAP_UPDATE,OK,VISUAL_INERTIAL
485,1761211764427,-14.140570536255836,-3.0584062915295362,26.791773736476898,-0.004459285642951727,0.8930344581604004,-0.002054200740531087,100,OK,MAP_UPDATE,OK,VISUAL_INERTIAL
486,1761211764444,-14.080002903938293,-2.886843401938677,26.966029778122902,-0.004502904135733843,0.8979015350341797,-0.002127397106960416,100,OK,MAP_UPDATE,OK,VISUAL_INERTIAL
487,1761211764461,-14.10905085504055,-2.736502792686224,27.327202260494232,-0.004511172883212566,0.902472734451294,-0.0021896837279200554,100,OK,MAP_UPDATE,OK,VISUAL_INERTIAL
488,1761211764477,-14.148322865366936,-2.5933680590242147,27.650512754917145,-0.004542311653494835,0.9069573283195496,-0.0023204050958156586,100,OK,MAP_UPDATE,OK,VISUAL_INERTIAL
489,1761211764494,-14.218605123460293,-2.5631971657276154,27.961306273937225,-0.004569890908896923,0.9114853739738464,-0.002333994023501873,100,OK,MAP_UPDATE,OK,VISUAL_INERTIAL
490,1761211764511,-14.277924783527851,-2.6295443531125784,28.17344479262829,-0.004602869972586632,0.9161742329597473,-0.002282278146594763,100,OK,MAP_UPDATE,OK,VISUAL_INERTIAL
491,1761211764527,-14.367382042109966,-2.6647266931831837,28.389666229486465,-0.00466994708403945,0.9211820960044861,-0.0022505999077111483,100,OK,MAP_UPDATE,OK,VISUAL_INERTIAL
492,1761211764544,-14.441434293985367,-2.600850537419319,28.79137359559536,-0.0047444552183151245,0.9267256259918213,-0.0022213044576346874,100,OK,MAP_UPDATE,OK,VISUAL_INERTIAL
493,1761211764561,-14.545314945280552,-2.6061648968607187,29.130565002560616,-0.004760902374982834,0.9324564337730408,-0.002145594684407115,100,OK,MAP_UPDATE,OK,VISUAL_INERTIAL
494,1761211764577,-14.554915018379688,-2.545411931350827,29.49642390012741,-0.004867022391408682,0.9379585981369019,-0.002133619040250778,100,OK,MAP_UPDATE,OK,VISUAL_INERTIAL
495,1761211764594,-14.54050187021494,-2.5701087433844805,29.889939352869987,-0.004931615199893713,0.9432131052017212,-0.0020254221744835377,100,OK,MAP_UPDATE,OK,VISUAL_INERTIAL
496,1761211764611,-14.50503058731556,-2.496050437912345,30.167022719979286,-0.005068781320005655,0.9483438730239868,-0.0019811231177300215,100,OK,MAP_UPDATE,OK,VISUAL_INERTIAL
497,1761211764627,-14.480382204055786,-2.3695959243923426,30.20361252129078,-0.00527071813121438,0.9528011679649353,-0.0020297588780522346,100,OK,MAP_UPDATE,OK,VISUAL_INERTIAL
498,1761211764644,-14.39052913337946,-2.3507284931838512,30.011234804987907,-0.00546047929674387,0.9554486870765686,-0.0021153294946998358,100,OK,MAP_UPDATE,OK,VISUAL_INERTIAL
499,1761211764661,-14.186006039381027,-2.4173338897526264,29.744256287813187,-0.0055839503183960915,0.9559175968170166,-0.002143117133527994,100,OK,MAP_UPDATE,OK,VISUAL_INERTIAL
500,1761211764678,-14.037253335118294,-2.4518794380128384,29.469866305589676,-0.005692546721547842,0.9555850028991699,-0.002314315875992179,100,OK,MAP_UPDATE,OK,VISUAL_INERTIAL
501,1761211764694,-14.020574279129505,-2.4699720088392496,29.31297942996025,-0.005763390567153692,0.9552655220031738,-0.0024697664193809032,100,OK,MAP_UPDATE,OK,VISUAL_INERTIAL
502,1761211764711,-14.226110652089119,-2.535903360694647,29.307402670383453,-0.0057764542289078236,0.9550092220306396,-0.002574428217485547,100,OK,MAP_UPDATE,OK,VISUAL_INERTIAL
503,1761211764727,-14.401271939277649,-2.585409674793482,29.3116457760334,-0.005801986437290907,0.9548793435096741,-0.0026437235064804554,100,OK,MAP_UPDATE,OK,VISUAL_INERTIAL
504,1761211764744,-14.450514689087868,-2.587582217529416,29.32329848408699,-0.005820660851895809,0.9547877907752991,-0.0026717421133071184,100,OK,MAP_UPDATE,OK,VISUAL_INERTIAL
505,1761211764761,-14.557351358234882,-2.6047159917652607,29.500937089323997,-0.005813643801957369,0.9546411633491516,-0.0026235433761030436,100,OK,MAP_UPDATE,OK,VISUAL_INERTIAL
506,1761211764777,-14.27334826439619,-2.46784882619977,29.396886005997658,-0.005897405557334423,0.9548718929290771,-0.0026973143685609102,100,OK,MAP_UPDATE,OK,VISUAL_INERTIAL
507,1761211764794,-14.091440476477146,-2.3634342942386866,29.29416112601757,-0.005964518524706364,0.9546471834182739,-0.002682951046153903,100,OK,MAP_UPDATE,OK,VISUAL_INERTIAL
508,1761211764811,-14.0105364844203,-2.2476196754723787,29.23247218132019,-0.005997047759592533,0.9532973766326904,-0.002550457138568163,100,OK,MAP_UPDATE,OK,VISUAL_INERTIAL
509,1761211764827,-13.841509819030762,-2.1335806231945753,28.97673286497593,-0.0059921471402049065,0.9504117369651794,-0.0024653307627886534,100,OK,MAP_UPDATE,OK,VISUAL_INERTIAL
510,1761211764844,-13.630141504108906,-2.1612781565636396,28.429359197616577,-0.005909501109272242,0.9460384249687195,-0.002362462691962719,100,OK,MAP_UPDATE,OK,VISUAL_INERTIAL
511,1761211764861,-13.68111651390791,-2.0815092138946056,28.118016198277473,-0.005928096827119589,0.9405245780944824,-0.0023680818267166615,100,OK,MAP_UPDATE,OK,VISUAL_INERTIAL
512,1761211764878,-13.801085762679577,-2.0161736756563187,27.795320376753807,-0.0059882099740207195,0.9344068765640259,-0.002337084384635091,100,OK,MAP_UPDATE,OK,VISUAL_INERTIAL
513,1761211764894,-13.913450762629509,-1.8280106596648693,27.530211955308914,-0.006113120354712009,0.927476167678833,-0.002344690263271332,100,OK,MAP_UPDATE,OK,VISUAL_INERTIAL
514,1761211764911,-13.90402764081955,-1.7805275274440646,27.17859111726284,-0.006077757105231285,0.9193026423454285,-0.0021506119519472122,100,OK,MAP_UPDATE,OK,VISUAL_INERTIAL
515,1761211764927,-13.960621319711208,-1.95034290663898,26.863012462854385,-0.005772682372480631,0.9101203083992004,-0.0020749878603965044,100,OK,MAP_UPDATE,OK,VISUAL_INERTIAL
516,1761211764944,-14.039060100913048,-2.079419093206525,26.69677883386612,-0.0054772114381194115,0.9009798765182495,-0.002130990382283926,100,OK,MAP_UPDATE,OK,VISUAL_INERTIAL
517,1761211764961,-14.170748181641102,-2.18369672074914,26.59417875111103,-0.005226157605648041,0.8921110033988953,-0.0021559479646384716,100,OK,MAP_UPDATE,OK,VISUAL_INERTIAL
518,1761211764977,-14.30798415094614,-2.2485610097646713,26.42483077943325,-0.005094537511467934,0.8831532001495361,-0.0021020087879151106,100,OK,MAP_UPDATE,OK,VISUAL_INERTIAL
519,1761211764994,-14.370185323059559,-2.2394019179046154,26.176784187555313,-0.00501637626439333,0.8736454844474792,-0.0020323351491242647,100,OK,MAP_UPDATE,OK,VISUAL_INERTIAL
520,1761211765011,-14.295385219156742,-2.1155348513275385,25.78810043632984,-0.0049475813284516335,0.8632578253746033,-0.001999198691919446,100,OK,MAP_UPDATE,OK,VISUAL_INERTIAL
521,1761211765028,-14.194200746715069,-2.1565614733844995,25.43666772544384,-0.004749567713588476,0.8517475128173828,-0.001968549797311425,100,OK,MAP_UPDATE,OK,VISUAL_INERTIAL
522,1761211765044,-14.001048170030117,-1.8850305350497365,25.0322837382555,-0.004759242758154869,0.8394753932952881,-0.0020208703354001045,100,OK,MAP_UPDATE,OK,VISUAL_INERTIAL
523,1761211765061,-13.824955560266972,-1.7271122196689248,24.458108469843864,-0.004738168325275183,0.827013373374939,-0.0019721812568604946,100,OK,MAP_UPDATE,OK,VISUAL_INERTIAL
524,1761211765077,-13.822012580931187,-1.6454806318506598,23.948870599269867,-0.004712873138487339,0.8143350481987,-0.0018365465803071856,100,OK,MAP_UPDATE,OK,VISUAL_INERTIAL
525,1761211765094,-13.810094445943832,-1.502877101302147,23.45910482108593,-0.0047211297787725925,0.8016217350959778,-0.001714977202937007,100,OK,MAP_UPDATE,OK,VISUAL_INERTIAL
526,1761211765111,-13.72325886040926,-1.348376041278243,22.935299202799797,-0.004722341895103455,0.7887797951698303,-0.001590108615346253,100,OK,MAP_UPDATE,OK,VISUAL_INERTIAL
527,1761211765127,-13.596485368907452,-1.2146799126639962,22.242503240704536,-0.004628474358469248,0.7757241129875183,-0.0015077913412824273,100,OK,MAP_UPDATE,OK,VISUAL_INERTIAL
528,1761211765144,-13.639131560921669,-1.2824882287532091,21.746082231402397,-0.004413429647684097,0.762492835521698,-0.001420526416040957,100,OK,MAP_UPDATE,OK,VISUAL_INERTIAL
529,1761211765161,-13.689492829144001,-1.4988480834290385,21.313384175300598,-0.004167981445789337,0.7493498921394348,-0.0013447855599224567,100,OK,MAP_UPDATE,OK,VISUAL_INERTIAL
530,1761211765177,-13.642839156091213,-1.6830454114824533,20.855547860264778,-0.003963922616094351,0.7360798716545105,-0.001373509643599391,100,OK,MAP_UPDATE,OK,VISUAL_INERTIAL
531,1761211765194,-13.342024758458138,-1.8786537693813443,20.425373688340187,-0.0037660240195691586,0.7228671312332153,-0.0014114280929788947,100,OK,MAP_UPDATE,OK,VISUAL_INERTIAL
532,1761211765211,-13.074491173028946,-1.981248613446951,20.045265555381775,-0.0036360847298055887,0.7095142602920532,-0.0014896368375048041,100,OK,MAP_UPDATE,OK,VISUAL_INERTIAL
533,1761211765227,-12.765436433255672,-2.0219541620463133,19.445449113845825,-0.0035538128577172756,0.6962209343910217,-0.0015474833780899644,100,OK,MAP_UPDATE,OK,VISUAL_INERTIAL
534,1761211765244,-12.443524785339832,-2.027493668720126,18.687214702367783,-0.003485345747321844,0.6825498938560486,-0.0015889797359704971,100,OK,MAP_UPDATE,OK,VISUAL_INERTIAL
535,1761211765261,-12.110835872590542,-2.0211460068821907,18.091652542352676,-0.0033806939609348774,0.6689818501472473,-0.001570714171975851,100,OK,MAP_UPDATE,OK,VISUAL_INERTIAL
536,1761211765277,-11.95328775793314,-2.1295181941241026,17.53470115363598,-0.0031379919964820147,0.6554955840110779,-0.001571699627675116,100,OK,MAP_UPDATE,OK,VISUAL_INERTIAL
537,1761211765294,-11.818848550319672,-2.087776083499193,16.946636140346527,-0.002935195341706276,0.6420924663543701,-0.0017396630719304085,100,OK,MAP_UPDATE,OK,VISUAL_INERTIAL
538,1761211765311,-11.656775139272213,-2.0221485756337643,16.433799639344215,-0.0027972368989139795,0.6289470791816711,-0.0019598754588514566,100,OK,MAP_UPDATE,OK,VISUAL_INERTIAL
539,1761211765327,-11.59632857888937,-1.853897818364203,16.132786870002747,-0.002820899011567235,0.6164512038230896,-0.002168780192732811,100,OK,MAP_UPDATE,OK,VISUAL_INERTIAL
540,1761211765344,-11.550094932317734,-1.7922299448400736,15.72495698928833,-0.0028322760481387377,0.6052559614181519,-0.002243568655103445,100,OK,MAP_UPDATE,OK,VISUAL_INERTIAL
541,1761211765361,-11.548704467713833,-1.7181971343234181,15.54164383560419,-0.0028395161498337984,0.5953477025032043,-0.002214082982391119,100,OK,MAP_UPDATE,OK,VISUAL_INERTIAL
542,1761211765377,-11.410611681640148,-1.877402770332992,15.314063988626003,-0.002739923307672143,0.5856537222862244,-0.001970951445400715,100,OK,MAP_UPDATE,OK,VISUAL_INERTIAL
543,1761211765394,-11.035286821424961,-2.0406737457960844,14.84814751893282,-0.002688795793801546,0.5751558542251587,-0.0016744459280744195,100,OK,MAP_UPDATE,OK,VISUAL_INERTIAL
544,1761211765411,-10.59974916279316,-1.9776651170104742,14.173259027302265,-0.0027605192735791206,0.5628975033760071,-0.0014344252413138747,100,OK,MAP_UPDATE,OK,VISUAL_INERTIAL
545,1761211765427,-9.980808012187481,-1.859621494077146,13.284320943057537,-0.0028272743802517653,0.5487241148948669,-0.0011745668016374111,100,OK,MAP_UPDATE,OK,VISUAL_INERTIAL
546,1761211765444,-9.466171264648438,-2.0890068262815475,12.572704814374447,-0.0026807799004018307,0.5330784916877747,-0.0010197402443736792,100,OK,MAP_UPDATE,OK,VISUAL_INERTIAL
547,1761211765461,-9.554838761687279,-2.0787857938557863,11.75697147846222,-0.002649336587637663,0.516687273979187,-0.0010958650382235646,100,OK,MAP_UPDATE,OK,VISUAL_INERTIAL
548,1761211765477,-9.619124233722687,-2.0503082778304815,11.06616947799921,-0.0025912532582879066,0.5002552270889282,-0.0010980992810800672,100,OK,MAP_UPDATE,OK,VISUAL_INERTIAL
549,1761211765494,-9.57602635025978,-2.238480607047677,10.51389705389738,-0.002386117819696665,0.4838387370109558,-0.001194339944049716,100,OK,MAP_UPDATE,OK,VISUAL_INERTIAL
550,1761211765511,-9.334808215498924,-2.4677682667970657,10.243264958262444,-0.0021838273387402296,0.4682340621948242,-0.001411214703693986,100,OK,MAP_UPDATE,OK,VISUAL_INERTIAL
551,1761211765527,-9.575702250003815,-2.4567442014813423,10.164836421608925,-0.0021427583415061235,0.45259639620780945,-0.0014915249776095152,100,OK,MAP_UPDATE,OK,VISUAL_INERTIAL
552,1761211765544,-9.455963037908077,-2.332098316401243,10.186661966145039,-0.0020960732363164425,0.4369818866252899,-0.0015604441286996007,100,OK,MAP_UPDATE,OK,VISUAL_INERTIAL
553,1761211765561,-9.211876429617405,-1.8900017021223903,9.998260997235775,-0.0021462992299348116,0.42174211144447327,-0.0016111258883029222,100,OK,MAP_UPDATE,OK,VISUAL_INERTIAL
554,1761211765577,-9.145445190370083,-1.5112197725102305,9.66958049684763,-0.002134795766323805,0.40708261728286743,-0.0015749027952551842,100,OK,MAP_UPDATE,OK,VISUAL_INERTIAL
555,1761211765594,-8.713118731975555,-1.6128805000334978,9.299367666244507,-0.0018720518564805388,0.3931766152381897,-0.001384868985041976,100,OK,MAP_UPDATE,OK,VISUAL_INERTIAL
556,1761211765611,-7.9393768683075905,-1.8738347571343184,8.843991905450821,-0.0015838672406971455,0.37898552417755127,-0.0012645128881558776,100,OK,MAP_UPDATE,OK,VISUAL_INERTIAL
557,1761211765627,-7.128815166652203,-2.0812249276787043,8.345684967935085,-0.0014113129582256079,0.36389148235321045,-0.0011429203441366553,100,OK,MAP_UPDATE,OK,VISUAL_INERTIAL
558,1761211765644,-6.340904161334038,-2.4661188945174217,7.6392958872020245,-0.0011312994174659252,0.34766408801078796,-0.001037477981299162,100,OK,MAP_UPDATE,OK,VISUAL_INERTIAL
559,1761211765661,-5.3987582214176655,-2.8590825386345387,6.776056718081236,-0.000802806403953582,0.3309406340122223,-0.0009286259883083403,100,OK,MAP_UPDATE,OK,VISUAL_INERTIAL
560,1761211765678,-4.772689659148455,-3.119332017377019,6.1010983772575855,-0.0004606660804711282,0.3139248192310333,-0.0008637894643470645,100,OK,MAP_UPDATE,OK,VISUAL_INERTIAL
561,1761211765694,-4.1648573242127895,-3.1561022624373436,5.386472679674625,-0.0002285590599058196,0.29755499958992004,-0.0009822719730436802,100,OK,MAP_UPDATE,OK,VISUAL_INERTIAL
562,1761211765711,-4.154595546424389,-3.1606447882950306,4.915847443044186,6.100475275161443e-06,0.2815662920475006,-0.001103846589103341,100,OK,MAP_UPDATE,OK,VISUAL_INERTIAL
563,1761211765727,-3.906084457412362,-3.074618522077799,4.518541041761637,9.454753308091313e-05,0.26606646180152893,-0.0012770455796271563,100,OK,MAP_UPDATE,OK,VISUAL_INERTIAL
564,1761211765744,-3.351869760081172,-2.9010740108788013,4.171436186879873,1.4058557098906022e-05,0.25026559829711914,-0.0013800860615447164,100,OK,MAP_UPDATE,OK,VISUAL_INERTIAL
565,1761211765761,-2.6777032762765884,-2.5415574200451374,3.879541764035821,-0.00020130819757468998,0.23362621665000916,-0.0013358087744563818,100,OK,MAP_UPDATE,OK,VISUAL_INERTIAL
566,1761211765777,-2.161654643714428,-2.1030863281339407,3.5163972061127424,-0.0003875577822327614,0.21669168770313263,-0.001267407787963748,100,OK,MAP_UPDATE,OK,VISUAL_INERTIAL
567,1761211765794,-1.9183028489351273,-1.8493933603167534,3.18405800499022,-0.00029809490661136806,0.2001534104347229,-0.0012311143800616264,100,OK,MAP_UPDATE,OK,VISUAL_INERTIAL
568,1761211765811,-1.6785252373665571,-1.5449826605618,2.9930996242910624,-0.00020127577590756118,0.1845221072435379,-0.0012721340171992779,100,OK,MAP_UPDATE,OK,VISUAL_INERTIAL
569,1761211765827,-1.1224111076444387,-1.0493972804397345,2.920570084825158,-0.00033333527971990407,0.16982464492321014,-0.0012995924334973097,100,OK,MAP_UPDATE,OK,VISUAL_INERTIAL
570,1761211765844,0.08631832315586507,0.5499882390722632,2.659688936546445,-0.0012171949492767453,0.1559111773967743,-0.001401071553118527,100,OK,MAP_UPDATE,OK,VISUAL_INERTIAL
571,1761211765861,0.402092351578176,0.9248891146853566,2.3558945395052433,-0.001363571616820991,0.14147336781024933,-0.001189374946989119,100,OK,MAP_UPDATE,OK,VISUAL_INERTIAL
572,1761211765877,0.6598190520890057,1.3465072261169553,1.9510393030941486,-0.001516781048849225,0.12659190595149994,-0.0009500280139036477,100,OK,MAP_UPDATE,OK,VISUAL_INERTIAL
573,1761211765894,0.8082856074906886,1.5047850320115685,1.404777285642922,-0.001524633844383061,0.11101359874010086,-0.000687986786942929,100,OK,MAP_UPDATE,OK,VISUAL_INERTIAL
574,1761211765911,1.1398274218663573,1.7784852534532547,1.0489544365555048,-0.0015497340355068445,0.09548892080783844,-0.00047081577940844,100,OK,MAP_UPDATE,OK,VISUAL_INERTIAL
575,1761211765927,1.699024811387062,2.1816445514559746,0.7962394738569856,-0.0017126643797382712,0.08044006675481796,-0.0002765976532828063,100,OK,MAP_UPDATE,OK,VISUAL_INERTIAL
576,1761211765944,1.985990907996893,2.4251528084278107,0.41452288860455155,-0.0017393386224284768,0.06551728397607803,-9.002177102956921e-05,100,OK,MAP_UPDATE,OK,VISUAL_INERTIAL
577,1761211765961,1.985990907996893,2.4251528084278107,0.41452288860455155,-0.0017393386224284768,0.06551728397607803,-9.002177102956921e-05,100,OK,MAP_UPDATE,OK,VISUAL_INERTIAL
578,1761211765977,3.1650718301534653,3.034071996808052,-0.25401031598448753,-0.0019582505337893963,0.036242954432964325,6.906966882525012e-05,100,OK,MAP_UPDATE,OK,VISUAL_INERTIAL
579,1761211765994,4.0826997719705105,3.3774094190448523,-0.64773642225191,-0.0021798922680318356,0.021230408921837807,3.9811013266444206e-05,100,OK,MAP_UPDATE,OK,VISUAL_INERTIAL
580,1761211766011,4.628998227417469,3.2889239955693483,-0.8853944600559771,-0.0020515648648142815,0.0055811661295592785,-1.956612140929792e-05,100,OK,MAP_UPDATE,OK,VISUAL_INERTIAL
581,1761211766027,5.298987030982971,3.0649364925920963,-1.2203308288007975,-0.0018644097726792097,-0.009743853472173214,1.5670906577724963e-05,100,OK,MAP_UPDATE,OK,VISUAL_INERTIAL
582,1761211766044,5.857333075255156,3.0047022737562656,-1.3546738773584366,-0.0016827172366902232,-0.024656251072883606,0.00018791519687511027,100,OK,MAP_UPDATE,OK,VISUAL_INERTIAL
583,1761211766061,5.853252951055765,2.944734413176775,-1.6727305483072996,-0.0015232503646984696,-0.03892499580979347,0.0003498523437883705,100,OK,MAP_UPDATE,OK,VISUAL_INERTIAL
584,1761211766077,5.700621288269758,2.6949511375278234,-1.6192354960367084,-0.0012084492482244968,-0.05312417075037956,0.00040778183029033244,100,OK,MAP_UPDATE,OK,VISUAL_INERTIAL
585,1761211766094,6.000273395329714,2.3519352544099092,-1.631106249988079,-0.000941235339269042,-0.06777845323085785,0.00045144304749555886,100,OK,MAP_UPDATE,OK,VISUAL_INERTIAL
586,1761211766111,6.947523914277554,1.8977258587256074,-1.62909843493253,-0.00067260826472193,-0.08343390375375748,0.0005456538638100028,100,OK,MAP_UPDATE,OK,VISUAL_INERTIAL
587,1761211766127,7.864742539823055,1.9494761945679784,-1.9506750395521522,-0.0007463058573193848,-0.10047861933708191,0.0006292640464380383,100,OK,MAP_UPDATE,OK,VISUAL_INERTIAL
588,1761211766144,8.687028661370277,2.0179031416773796,-2.4641563650220633,-0.0008513263310305774,-0.11757107824087143,0.0005174341495148838,100,OK,MAP_UPDATE,OK,VISUAL_INERTIAL
589,1761211766161,9.176812134683132,2.1679168567061424,-2.922653453424573,-0.0008952831849455833,-0.13401152193546295,0.00051121722208336,100,OK,MAP_UPDATE,OK,VISUAL_INERTIAL
590,1761211766177,9.473957121372223,2.136823022738099,-3.4210369922220707,-0.0008373342570848763,-0.14957502484321594,0.00043871585512533784,100,OK,MAP_UPDATE,OK,VISUAL_INERTIAL
591,1761211766194,9.896324947476387,2.1107771899551153,-3.780544735491276,-0.0007922598742879927,-0.16464698314666748,0.00047788856318220496,100,OK,MAP_UPDATE,OK,VISUAL_INERTIAL
592,1761211766211,10.609493590891361,2.196758287027478,-4.083503037691116,-0.0008044829010032117,-0.18018236756324768,0.000619115773588419,100,OK,MAP_UPDATE,OK,VISUAL_INERTIAL
593,1761211766227,11.424158699810505,2.198093803599477,-4.298417828977108,-0.0008171009831130505,-0.19702772796154022,0.0006880108849145472,100,OK,MAP_UPDATE,OK,VISUAL_INERTIAL
594,1761211766244,12.201954610645771,1.8771805334836245,-4.320257343351841,-0.000499927147757262,-0.2151736468076706,0.0008583767921663821,100,OK,MAP_UPDATE,OK,VISUAL_INERTIAL
595,1761211766261,12.941621243953705,1.9260692643001676,-4.402799066156149,-0.0004511617589741945,-0.23390114307403564,0.0010311296209692955,100,OK,MAP_UPDATE,OK,VISUAL_INERTIAL
596,1761211766277,13.598505407571793,2.0030445884913206,-4.492924548685551,-0.0003261329547967762,-0.2521322965621948,0.001184796099551022,100,OK,MAP_UPDATE,OK,VISUAL_INERTIAL
597,1761211766294,13.821596279740334,2.197802532464266,-4.6866461634635925,-0.00020767956448253244,-0.26952698826789856,0.0014120712876319885,100,OK,MAP_UPDATE,OK,VISUAL_INERTIAL
598,1761211766311,14.243862591683865,2.142067067325115,-4.743620287626982,5.246578075457364e-05,-0.2864172160625458,0.001455724355764687,100,OK,MAP_UPDATE,OK,VISUAL_INERTIAL
599,1761211766327,14.815269969403744,2.132478868588805,-4.656932782381773,0.00028654435300268233,-0.30346059799194336,0.0014808023115620017,100,OK,MAP_UPDATE,OK,VISUAL_INERTIAL
600,1761211766344,15.630939975380898,2.1350274328142405,-4.592572804540396,0.00046728370944038033,-0.32102736830711365,0.0014842470409348607,100,OK,MAP_UPDATE,OK,VISUAL_INERTIAL
601,1761211766361,16.350705176591873,2.2536010947078466,-4.434386733919382,0.0005761278443969786,-0.33844640851020813,0.001474087592214346,100,OK,MAP_UPDATE,OK,VISUAL_INERTIAL
602,1761211766377,16.866277903318405,2.354162512347102,-4.386211279779673,0.0007416633889079094,-0.35455965995788574,0.0014773498987779021,100,OK,MAP_UPDATE,OK,VISUAL_INERTIAL
603,1761211766394,18.90547014772892,2.3595630191266537,-3.7157104816287756,0.001058584195561707,-0.36727243661880493,0.0012570703402161598,100,OK,MAP_UPDATE,OK,VISUAL_INERTIAL
604,1761211766411,19.024616107344627,2.305051777511835,-3.5724022891372442,0.0013429030077531934,-0.3799397647380829,0.001384034869261086,100,OK,MAP_UPDATE,OK,VISUAL_INERTIAL
605,1761211766427,18.84649321436882,2.1966665517538786,-3.6944150924682617,0.0015680313808843493,-0.39221322536468506,0.0014418003847822547,100,OK,MAP_UPDATE,OK,VISUAL_INERTIAL
606,1761211766444,19.19012889266014,2.2577675990760326,-3.420376218855381,0.0016736116958782077,-0.4050111174583435,0.001525424886494875,100,OK,MAP_UPDATE,OK,VISUAL_INERTIAL
607,1761211766461,19.809871912002563,2.4315977934747934,-3.352131461724639,0.0017327830428257585,-0.41976529359817505,0.0017174027161672711,100,OK,MAP_UPDATE,OK,VISUAL_INERTIAL
608,1761211766477,20.23283578455448,1.2362304842099547,-3.1326492317020893,0.0025362600572407246,-0.4362892806529999,0.0012668651761487126,100,OK,MAP_UPDATE,OK,VISUAL_INERTIAL
609,1761211766494,20.684389397501945,0.544364913366735,-3.1141438521444798,0.0030209391843527555,-0.4522760212421417,0.001156360493041575,100,OK,MAP_UPDATE,OK,VISUAL_INERTIAL
610,1761211766511,20.865650847554207,-0.08708989480510354,-3.245607251301408,0.0034233934711664915,-0.4663543403148651,0.001122503774240613,100,OK,MAP_UPDATE,OK,VISUAL_INERTIAL
611,1761211766527,20.829079672694206,-0.6648778216913342,-3.653784515336156,0.003668478922918439,-0.4777624309062958,0.0011700099566951394,100,OK,MAP_UPDATE,OK,VISUAL_INERTIAL
612,1761211766544,20.826110616326332,-0.977438292466104,-4.000618122518063,0.0037097842432558537,-0.48752662539482117,0.0013155604247003794,100,OK,MAP_UPDATE,OK,VISUAL_INERTIAL
613,1761211766561,21.03499136865139,-1.0618478991091251,-4.298355430364609,0.0036194855347275734,-0.497061163187027,0.0014948444440960884,100,OK,MAP_UPDATE,OK,VISUAL_INERTIAL
614,1761211766578,21.305503323674202,-1.1035094503313303,-4.683301318436861,0.0033524374011904,-0.5065428018569946,0.0017010290175676346,100,OK,MAP_UPDATE,OK,VISUAL_INERTIAL
615,1761211766594,21.94472774863243,-0.8407769491896033,-4.783641546964645,0.002952252747491002,-0.5144140720367432,0.0019487859681248665,100,OK,MAP_UPDATE,OK,VISUAL_INERTIAL
616,1761211766611,21.98018506169319,-0.5984561867080629,-5.048809107393026,0.002692819805815816,-0.5232282280921936,0.002177905524149537,100,OK,MAP_UPDATE,OK,VISUAL_INERTIAL
617,1761211766627,22.27587252855301,-0.4364862688817084,-4.983436316251755,0.00256719789467752,-0.5335285067558289,0.002482048701494932,100,OK,MAP_UPDATE,OK,VISUAL_INERTIAL
618,1761211766644,23.093754425644875,-0.34867131034843624,-4.765161778777838,0.002585369162261486,-0.5469918847084045,0.002766568912193179,100,OK,MAP_UPDATE,OK,VISUAL_INERTIAL
619,1761211766661,24.185912683606148,-0.2533074584789574,-4.494724329560995,0.002663387218490243,-0.5638229250907898,0.0029787402600049973,100,OK,MAP_UPDATE,OK,VISUAL_INERTIAL
620,1761211766677,25.2731591463089,-0.2081649872707203,-3.964402247220278,0.0028306220192462206,-0.5825082659721375,0.0030331823509186506,100,OK,MAP_UPDATE,OK,VISUAL_INERTIAL
621,1761211766694,25.864703580737114,-0.1273084053536877,-3.599338000640273,0.003011898137629032,-0.6004043221473694,0.002989618806168437,100,OK,MAP_UPDATE,OK,VISUAL_INERTIAL
622,1761211766711,25.802521035075188,-0.12087483628420159,-3.9468384347856045,0.003282899037003517,-0.6149448752403259,0.002842422341927886,100,OK,MAP_UPDATE,OK,VISUAL_INERTIAL
623,1761211766727,25.5581121891737,-0.08739074837649241,-5.974591244012117,0.003536406671628356,-0.6244338750839233,0.0025614656042307615,100,OK,MAP_UPDATE,OK,VISUAL_INERTIAL
624,1761211766744,23.797277361154556,0.11558976984815672,-4.884982947260141,0.003941681236028671,-0.6274975538253784,0.0021587780211120844,100,OK,MAP_UPDATE,OK,VISUAL_INERTIAL
625,1761211766761,23.165617138147354,0.13049876724835485,-5.233997479081154,0.004352700896561146,-0.6282315850257874,0.001837012474425137,100,OK,MAP_UPDATE,OK,VISUAL_INERTIAL
626,1761211766777,23.22748489677906,0.24993089027702808,-5.388133693486452,0.004678091965615749,-0.6292887926101685,0.0017603863961994648,100,OK,MAP_UPDATE,OK,VISUAL_INERTIAL
627,1761211766794,23.63733947277069,0.30658883042633533,-5.181367043405771,0.005000869277864695,-0.6310213208198547,0.001801985432393849,100,OK,MAP_UPDATE,OK,VISUAL_INERTIAL
628,1761211766811,24.1679884493351,0.3154473379254341,-4.784499295055866,0.0052779968827962875,-0.633185863494873,0.0018607437377795577,100,OK,MAP_UPDATE,OK,VISUAL_INERTIAL
629,1761211766827,24.774761870503426,0.1923227246152237,-4.334614146500826,0.005530697293579578,-0.6359300017356873,0.0019545580726116896,100,OK,MAP_UPDATE,OK,VISUAL_INERTIAL
630,1761211766844,25.372512638568878,0.10041440691566095,-3.9167539216578007,0.005652592517435551,-0.6394147872924805,0.002095696981996298,100,OK,MAP_UPDATE,OK,VISUAL_INERTIAL
631,1761211766861,25.852274149656296,0.08192691166186705,-3.3999287988990545,0.005644483026117086,-0.6432762742042542,0.002289968077093363,100,OK,MAP_UPDATE,OK,VISUAL_INERTIAL
632,1761211766877,26.329856365919113,0.12859202979598194,-2.99282930791378,0.00557557400316,-0.6467518210411072,0.002551462035626173,100,OK,MAP_UPDATE,OK,VISUAL_INERTIAL
633,1761211766894,26.442334055900574,0.08947628521127626,-2.94598494656384,0.005488727241754532,-0.6489719152450562,0.002779959701001644,100,OK,MAP_UPDATE,OK,VISUAL_INERTIAL
634,1761211766911,26.20437927544117,0.04537221684586257,-3.0828521121293306,0.00541235227137804,-0.6492916941642761,0.002877820050343871,100,OK,MAP_UPDATE,OK,VISUAL_INERTIAL
635,1761211766927,26.029543951153755,-0.018674254533834755,-3.187747672200203,0.00535950530320406,-0.6487465500831604,0.002878330647945404,100,OK,MAP_UPDATE,OK,VISUAL_INERTIAL
636,1761211766944,26.035988703370094,0.0640114230918698,-3.2331456895917654,0.005239720921963453,-0.6481261253356934,0.002867055358365178,100,OK,MAP_UPDATE,OK,VISUAL_INERTIAL
637,1761211766961,26.046263054013252,0.11730171536328271,-3.3854511566460133,0.005085211247205734,-0.6471410989761353,0.002689595799893141,100,OK,MAP_UPDATE,OK,VISUAL_INERTIAL
638,1761211766977,26.013823226094246,0.23123314895201474,-3.5372721031308174,0.004906530026346445,-0.6454535126686096,0.0024641635827720165,100,OK,MAP_UPDATE,OK,VISUAL_INERTIAL
639,1761211766994,26.100175455212593,0.31629097065888345,-3.5874464083462954,0.004779408685863018,-0.6432601809501648,0.0022110422141849995,100,OK,MAP_UPDATE,OK,VISUAL_INERTIAL
640,1761211767011,26.187973096966743,0.4301995213609189,-3.6425546277314425,0.004676836542785168,-0.6413967609405518,0.0019971365109086037,100,OK,MAP_UPDATE,OK,VISUAL_INERTIAL
641,1761211767027,26.408016681671143,0.5106539465487003,-3.5622594878077507,0.004636817611753941,-0.6403949856758118,0.0018701363587751985,100,OK,MAP_UPDATE,OK,VISUAL_INERTIAL
642,1761211767044,26.614923030138016,0.5243687774054706,-3.4120804630219936,0.004635627847164869,-0.6401529908180237,0.0018204556545242667,100,OK,MAP_UPDATE,OK,VISUAL_INERTIAL
643,1761211767061,26.68672427535057,0.48037676606327295,-3.294427180662751,0.004649045877158642,-0.6401993632316589,0.0018575736321508884,100,OK,MAP_UPDATE,OK,VISUAL_INERTIAL
644,1761211767077,26.64872445166111,0.43154353625141084,-3.2409317791461945,0.004653208423405886,-0.6402328610420227,0.0020173562224954367,100,OK,MAP_UPDATE,OK,VISUAL_INERTIAL
645,1761211767094,26.551513001322746,0.38087822031229734,-3.2424824312329292,0.004642849322408438,-0.640227735042572,0.0022203612606972456,100,OK,MAP_UPDATE,OK,VISUAL_INERTIAL
646,1761211767111,26.364335790276527,0.399974815081805,-3.308364190161228,0.004590914119035006,-0.6402689814567566,0.0024434381630271673,100,OK,MAP_UPDATE,OK,VISUAL_INERTIAL
647,1761211767127,26.250632479786873,0.317289843223989,-3.4377637784928083,0.004578497726470232,-0.6402783393859863,0.0025201085954904556,100,OK,MAP_UPDATE,OK,VISUAL_INERTIAL
648,1761211767144,26.152996346354485,0.3140289045404643,-3.54375084862113,0.004511448089033365,-0.6402984857559204,0.0025245577562600374,100,OK,MAP_UPDATE,OK,VISUAL_INERTIAL
649,1761211767161,26.14634856581688,0.3310015890747309,-3.582964651286602,0.004534597508609295,-0.6402906775474548,0.002415511989966035,100,OK,MAP_UPDATE,OK,VISUAL_INERTIAL
650,1761211767177,26.20132453739643,0.360129022737965,-3.5661114379763603,0.004605371970683336,-0.6402555108070374,0.002267413539811969,100,OK,MAP_UPDATE,OK,VISUAL_INERTIAL
651,1761211767194,26.280326768755913,0.39732432924211025,-3.5172889474779367,0.0047616357915103436,-0.6402876973152161,0.0020475792698562145,100,OK,MAP_UPDATE,OK,VISUAL_INERTIAL
652,1761211767211,26.389896869659424,0.38305294583551586,-3.448791801929474,0.004854163154959679,-0.6403143405914307,0.001860436866991222,100,OK,MAP_UPDATE,OK,VISUAL_INERTIAL
653,1761211767227,26.513978838920593,0.33407460432499647,-3.3693318255245686,0.004911642521619797,-0.6403281688690186,0.0017048519803211093,100,OK,MAP_UPDATE,OK,VISUAL_INERTIAL
654,1761211767244,26.535609737038612,0.3356355882715434,-3.3468755427747965,0.00484665809199214,-0.6403747200965881,0.0017307421658188105,100,OK,MAP_UPDATE,OK,VISUAL_INERTIAL
655,1761211767261,26.542678475379944,0.3659104695543647,-3.3476606477051973,0.004792031832039356,-0.6403483152389526,0.0018172682030126452,100,OK,MAP_UPDATE,OK,VISUAL_INERTIAL
656,1761211767277,26.467079296708107,0.3604094381444156,-3.338396083563566,0.004823966417461634,-0.6403141021728516,0.0019495824817568064,100,OK,MAP_UPDATE,OK,VISUAL_INERTIAL
657,1761211767294,26.34756825864315,0.31918263994157314,-3.322527278214693,0.00490294024348259,-0.6402913331985474,0.0020884606055915356,100,OK,MAP_UPDATE,OK,VISUAL_INERTIAL
658,1761211767311,26.265891268849373,0.33196224831044674,-3.3298747148364782,0.004927088040858507,-0.6402556300163269,0.0022834239061921835,100,OK,MAP_UPDATE,OK,VISUAL_INERTIAL
659,1761211767327,26.141846552491188,0.3661838127300143,-3.352496540173888,0.004884146153926849,-0.6402779817581177,0.0024664869997650385,100,OK,MAP_UPDATE,OK,VISUAL_INERTIAL
660,1761211767344,26.018092408776283,0.35133471828885376,-3.442194778472185,0.0048165409825742245,-0.6402783989906311,0.0026187875773757696,100,OK,MAP_UPDATE,OK,VISUAL_INERTIAL
661,1761211767361,25.938428938388824,0.31638468499295413,-3.538752207532525,0.004745426122099161,-0.6401587128639221,0.00269101420417428,100,OK,MAP_UPDATE,OK,VISUAL_INERTIAL
662,1761211767377,25.807274505496025,0.3639221249613911,-3.580551128834486,0.004778874572366476,-0.6395366787910461,0.002745098900049925,100,OK,MAP_UPDATE,OK,VISUAL_INERTIAL
663,1761211767394,25.55605210363865,0.3408422926440835,-3.5959726665169,0.004962500650435686,-0.6376147866249084,0.0027490523643791676,100,OK,MAP_UPDATE,OK,VISUAL_INERTIAL
664,1761211767411,25.079714134335518,0.4153621266596019,-3.738928120583296,0.005096267443150282,-0.6331707835197449,0.002689544577151537,100,OK,MAP_UPDATE,OK,VISUAL_INERTIAL
665,1761211767427,24.53276701271534,0.5513016367331147,-4.05133655294776,0.005026752129197121,-0.6254898309707642,0.0026240081060677767,100,OK,MAP_UPDATE,OK,VISUAL_INERTIAL
666,1761211767444,24.018673226237297,0.5393077153712511,-4.343177657574415,0.004902955610305071,-0.6156895160675049,0.0025541128125041723,100,OK,MAP_UPDATE,OK,VISUAL_INERTIAL
667,1761211767461,23.604266345500946,0.575863930862397,-4.489642567932606,0.004707289859652519,-0.6054238677024841,0.0024550952948629856,100,OK,MAP_UPDATE,OK,VISUAL_INERTIAL
668,1761211767477,23.50635640323162,0.600436411332339,-4.43764915689826,0.004571326542645693,-0.5959959626197815,0.002410236746072769,100,OK,MAP_UPDATE,OK,VISUAL_INERTIAL
669,1761211767494,23.61501194536686,0.6675415206700563,-4.232210572808981,0.004447484854608774,-0.5881038308143616,0.002310508396476507,100,OK,MAP_UPDATE,OK,VISUAL_INERTIAL
670,1761211767511,23.786844685673714,0.6458831485360861,-3.7715716753154993,0.004453934729099274,-0.5818464159965515,0.0022849924862384796,100,OK,MAP_UPDATE,OK,VISUAL_INERTIAL
671,1761211767527,23.965949192643166,0.6481704185716808,-3.2923007383942604,0.004483891185373068,-0.5772764682769775,0.002398042706772685,100,OK,MAP_UPDATE,OK,VISUAL_INERTIAL
672,1761211767544,24.063263088464737,0.6419563433155417,-2.929090755060315,0.004534489009529352,-0.5743023753166199,0.002611924894154072,100,OK,MAP_UPDATE,OK,VISUAL_INERTIAL
673,1761211767561,23.87319505214691,0.7079752394929528,-2.7731647714972496,0.004584027454257011,-0.5720044374465942,0.002908587222918868,100,OK,MAP_UPDATE,OK,VISUAL_INERTIAL
674,1761211767577,23.54801446199417,0.666729873046279,-2.7405847795307636,0.00468228105455637,-0.5690303444862366,0.003039965406060219,100,OK,MAP_UPDATE,OK,VISUAL_INERTIAL
675,1761211767594,23.062026128172874,0.632700277492404,-2.8551053255796432,0.004819696769118309,-0.5648671388626099,0.00316838757134974,100,OK,MAP_UPDATE,OK,VISUAL_INERTIAL
676,1761211767611,22.617483511567116,0.5602668388746679,-2.986790845170617,0.004926362074911594,-0.5600501298904419,0.0032592867501080036,100,OK,MAP_UPDATE,OK,VISUAL_INERTIAL
677,1761211767627,22.32719399034977,0.568225746974349,-3.0446057207882404,0.004909691866487265,-0.5558611750602722,0.0033559564035385847,100,OK,MAP_UPDATE,OK,VISUAL_INERTIAL
678,1761211767644,22.106824442744255,0.525822804775089,-3.1172242015600204,0.004884198307991028,-0.5523867607116699,0.003431177232414484,100,OK,MAP_UPDATE,OK,VISUAL_INERTIAL
679,1761211767661,22.05912582576275,0.5068423924967647,-3.106062998995185,0.004835033323615789,-0.5489947199821472,0.003510330803692341,100,OK,MAP_UPDATE,OK,VISUAL_INERTIAL
680,1761211767677,22.112131118774414,0.4528957651928067,-3.0601979233324528,0.004733613692224026,-0.5455595850944519,0.00344719085842371,100,OK,MAP_UPDATE,OK,VISUAL_INERTIAL
681,1761211767694,22.192779928445816,0.3370899648871273,-2.994526643306017,0.004626109730452299,-0.5428825616836548,0.003329233033582568,100,OK,MAP_UPDATE,OK,VISUAL_INERTIAL
682,1761211767711,22.363783791661263,0.310477742459625,-2.86397198215127,0.004537796135991812,-0.5413045287132263,0.003204316133633256,100,OK,MAP_UPDATE,OK,VISUAL_INERTIAL
683,1761211767727,22.555239498615265,0.29575618100352585,-2.675614319741726,0.004591038450598717,-0.5401462912559509,0.0030780909582972527,100,OK,MAP_UPDATE,OK,VISUAL_INERTIAL
684,1761211767744,22.61410839855671,0.3092966799158603,-2.5845475029200315,0.004683853592723608,-0.5391209721565247,0.0029950719326734543,100,OK,MAP_UPDATE,OK,VISUAL_INERTIAL
685,1761211767761,22.674039006233215,0.30196632724255323,-2.452750690281391,0.004834790714085102,-0.5388582944869995,0.002970155794173479,100,OK,MAP_UPDATE,OK,VISUAL_INERTIAL
686,1761211767777,22.634753957390785,0.34504401264712214,-2.326300134882331,0.005000793840736151,-0.538998007774353,0.0030100371222943068,100,OK,MAP_UPDATE,OK,VISUAL_INERTIAL
687,1761211767794,22.392326965928078,0.39981468580663204,-2.264341339468956,0.005243001040071249,-0.5391344428062439,0.0031771904323250055,100,OK,MAP_UPDATE,OK,VISUAL_INERTIAL
688,1761211767811,22.05571159720421,0.4476493049878627,-2.1347987931221724,0.005554800853133202,-0.5388457775115967,0.0033907482866197824,100,OK,MAP_UPDATE,OK,VISUAL_INERTIAL
689,1761211767827,21.554850041866302,0.4852659476455301,-2.0937577355653048,0.005939424503594637,-0.5379765629768372,0.003611174877732992,100,OK,MAP_UPDATE,OK,VISUAL_INERTIAL
690,1761211767844,21.198024973273277,0.47187868040055037,-1.9157879287377,0.006384741049259901,-0.5372182726860046,0.0037994093727320433,100,OK,MAP_UPDATE,OK,VISUAL_INERTIAL
691,1761211767861,20.776523277163506,0.3516946453601122,-1.6695797676220536,0.006976426113396883,-0.5353638529777527,0.003881043754518032,100,OK,MAP_UPDATE,OK,VISUAL_INERTIAL
692,1761211767877,20.24482935667038,0.37104025250300765,-1.4611524529755116,0.007624693680554628,-0.5323066711425781,0.003993553575128317,100,OK,MAP_UPDATE,OK,VISUAL_INERTIAL
693,1761211767894,19.720789045095444,0.18594130233395845,-1.0766646591946483,0.008430887944996357,-0.5289069414138794,0.00415946776047349,100,OK,MAP_UPDATE,OK,VISUAL_INERTIAL
694,1761211767911,19.379600882530212,0.08368699491256848,-0.6093885749578476,0.009275779128074646,-0.5258582830429077,0.004285368602722883,100,OK,MAP_UPDATE,OK,VISUAL_INERTIAL
695,1761211767927,19.164450466632843,-0.02855398997780867,-0.04562435424304567,0.010097415186464787,-0.5233264565467834,0.00437635974958539,100,OK,MAP_UPDATE,OK,VISUAL_INERTIAL
696,1761211767944,18.97740736603737,-0.12444185267668217,0.5430465680547059,0.01088438555598259,-0.5211082100868225,0.004444743972271681,100,OK,MAP_UPDATE,OK,VISUAL_INERTIAL
697,1761211767961,18.75939406454563,-0.20580731506925076,1.1138542322441936,0.01164860837161541,-0.5189440250396729,0.004508315119892359,100,OK,MAP_UPDATE,OK,VISUAL_INERTIAL
698,1761211767977,18.64946261048317,-0.30513660749420524,1.733641605824232,0.01253485307097435,-0.5169419050216675,0.004398419056087732,100,OK,MAP_UPDATE,OK,VISUAL_INERTIAL
699,1761211767994,18.662238493561745,-0.3303913399577141,2.518586115911603,0.013471098616719246,-0.5159135460853577,0.004250210244208574,100,OK,MAP_UPDATE,OK,VISUAL_INERTIAL
700,1761211768011,18.75399239361286,-0.36635558353736997,3.3781747333705425,0.014551726169884205,-0.5157628655433655,0.004044746980071068,100,OK,MAP_UPDATE,OK,VISUAL_INERTIAL
701,1761211768027,18.737997859716415,-0.3305379068478942,4.226841032505035,0.01570691354572773,-0.5156574845314026,0.0038309278897941113,100,OK,MAP_UPDATE,OK,VISUAL_INERTIAL
702,1761211768044,18.689386546611786,-0.25650335010141134,5.171311553567648,0.01697022095322609,-0.5153378248214722,0.0035335621796548367,100,OK,MAP_UPDATE,OK,VISUAL_INERTIAL
703,1761211768061,18.69998313486576,-0.17657461285125464,6.198934279382229,0.018279079347848892,-0.5153263211250305,0.003092531580477953,100,OK,MAP_UPDATE,OK,VISUAL_INERTIAL
704,1761211768077,18.798673525452614,-0.12465873442124575,7.2505590505898,0.019669413566589355,-0.5155579447746277,0.0025042870547622442,100,OK,MAP_UPDATE,OK,VISUAL_INERTIAL
705,1761211768094,18.924126401543617,-0.0569143594475463,8.34221113473177,0.021083679050207138,-0.515576183795929,0.001818162272684276,100,OK,MAP_UPDATE,OK,VISUAL_INERTIAL
706,1761211768111,18.965717405080795,-0.010051250683318358,9.41201951354742,0.022535258904099464,-0.5151374936103821,0.0010493143927305937,100,OK,MAP_UPDATE,OK,VISUAL_INERTIAL
707,1761211768127,18.991103395819664,0.05077716559753753,10.532384738326073,0.024062199518084526,-0.5135921239852905,0.00022740248823538423,100,OK,MAP_UPDATE,OK,VISUAL_INERTIAL
708,1761211768144,19.115816801786423,0.10483554069651291,11.60506997257471,0.02566649578511715,-0.5113535523414612,-0.0006741633987985551,100,OK,MAP_UPDATE,OK,VISUAL_INERTIAL
709,1761211768161,19.619517028331757,0.18368584278505296,12.872915714979172,0.027324046939611435,-0.5110524296760559,-0.001677388558164239,100,OK,MAP_UPDATE,OK,VISUAL_INERTIAL
710,1761211768177,20.400185137987137,0.17420911171939224,14.228923246264458,0.028778746724128723,-0.5122842788696289,-0.0028213432524353266,100,OK,MAP_UPDATE,OK,VISUAL_INERTIAL
711,1761211768194,20.91989852488041,0.16236680676229298,15.45052696019411,0.030097588896751404,-0.5124296545982361,-0.0039083268493413925,100,OK,MAP_UPDATE,OK,VISUAL_INERTIAL
712,1761211768211,21.28065563738346,0.23260610760189593,16.488028690218925,0.031416863203048706,-0.5114485025405884,-0.004907040856778622,100,OK,MAP_UPDATE,OK,VISUAL_INERTIAL
713,1761211768227,21.63635939359665,0.23313325073104352,17.469096928834915,0.032450854778289795,-0.5103671550750732,-0.0059144445694983006,100,OK,MAP_UPDATE,OK,VISUAL_INERTIAL
714,1761211768244,22.1527311950922,0.22081387578509748,18.431419506669044,0.03366803750395775,-0.5094525218009949,-0.006919370498508215,100,OK,MAP_UPDATE,OK,VISUAL_INERTIAL
715,1761211768261,22.544506937265396,0.22211312898434699,19.25809308886528,0.03463415801525116,-0.5079426169395447,-0.00792974978685379,100,OK,MAP_UPDATE,OK,VISUAL_INERTIAL
716,1761211768277,23.045385256409645,0.21102058235555887,20.088819786906242,0.03553229570388794,-0.5065645575523376,-0.00898769497871399,100,OK,MAP_UPDATE,OK,VISUAL_INERTIAL
717,1761211768294,23.7418245524168,0.17989176558330655,20.90177685022354,0.036455221474170685,-0.5062805414199829,-0.010078669525682926,100,OK,MAP_UPDATE,OK,VISUAL_INERTIAL
718,1761211768311,24.519311264157295,0.17754769942257553,21.686872467398643,0.03712775558233261,-0.5066416263580322,-0.011185556650161743,100,OK,MAP_UPDATE,OK,VISUAL_INERTIAL
719,1761211768327,25.20531974732876,0.14358056068886071,22.255882620811462,0.03760071471333504,-0.5069147348403931,-0.012290695682168007,100,OK,MAP_UPDATE,OK,VISUAL_INERTIAL
720,1761211768344,25.786617770791054,0.07547789573436603,22.686295211315155,0.03790273889899254,-0.5058035254478455,-0.013418297283351421,100,OK,MAP_UPDATE,OK,VISUAL_INERTIAL
721,1761211768361,26.33056603372097,0.09914463589666411,22.967830300331116,0.038119181990623474,-0.5034355521202087,-0.014647353440523148,100,OK,MAP_UPDATE,OK,VISUAL_INERTIAL
722,1761211768377,27.16601826250553,0.12773108028341085,23.32259528338909,0.03835717588663101,-0.5016513466835022,-0.016019493341445923,100,OK,MAP_UPDATE,OK,VISUAL_INERTIAL
723,1761211768394,28.25915440917015,0.1692033401923254,23.794205859303474,0.038530781865119934,-0.50087970495224,-0.01757580228149891,100,OK,MAP_UPDATE,OK,VISUAL_INERTIAL
724,1761211768411,29.37733381986618,0.2254779392387718,24.1842158138752,0.038678865879774094,-0.5000452995300293,-0.01925830915570259,100,OK,MAP_UPDATE,OK,VISUAL_INERTIAL
725,1761211768427,30.571704730391502,0.21994966664351523,24.514351040124893,0.03879057615995407,-0.4984833598136902,-0.021173277869820595,100,OK,MAP_UPDATE,OK,VISUAL_INERTIAL
726,1761211768444,31.759418547153473,0.24945635232143104,24.75869469344616,0.03874802961945534,-0.49660372734069824,-0.023257505148649216,100,OK,MAP_UPDATE,OK,VISUAL_INERTIAL
727,1761211768461,33.344801515340805,0.23704815248493105,25.142692029476166,0.038632266223430634,-0.4954240918159485,-0.025575250387191772,100,OK,MAP_UPDATE,OK,VISUAL_INERTIAL
728,1761211768477,35.16684100031853,0.14981150161474943,25.48845484852791,0.03840945288538933,-0.49459242820739746,-0.02810044027864933,100,OK,MAP_UPDATE,OK,VISUAL_INERTIAL
729,1761211768494,37.0621532201767,0.1530321897007525,25.645796209573746,0.03799321874976158,-0.4934011697769165,-0.030814900994300842,100,OK,MAP_UPDATE,OK,VISUAL_INERTIAL
730,1761211768511,39.19316083192825,0.12966967187821865,25.867395102977753,0.03739472106099129,-0.4921763837337494,-0.03376385197043419,100,OK,MAP_UPDATE,OK,VISUAL_INERTIAL
731,1761211768527,41.50652140378952,0.14575243403669447,26.015695184469223,0.03664927929639816,-0.49155035614967346,-0.03687921538949013,100,OK,MAP_UPDATE,OK,VISUAL_INERTIAL
732,1761211768544,43.971627950668335,0.1619659597054124,26.06736868619919,0.03568485751748085,-0.49133262038230896,-0.040164101868867874,100,OK,MAP_UPDATE,OK,VISUAL_INERTIAL
733,1761211768561,46.547431498765945,0.08222556061809883,25.89644119143486,0.03452104330062866,-0.49071168899536133,-0.043661195784807205,100,OK,MAP_UPDATE,OK,VISUAL_INERTIAL
734,1761211768577,49.256764352321625,0.016321420844178647,25.64840205013752,0.03329116478562355,-0.48996907472610474,-0.04731454327702522,100,OK,MAP_UPDATE,OK,VISUAL_INERTIAL
735,1761211768594,52.188269793987274,-0.11771285790018737,25.45699290931225,0.03197847679257393,-0.4899333417415619,-0.05115867406129837,100,OK,MAP_UPDATE,OK,VISUAL_INERTIAL
736,1761211768611,55.19130825996399,-0.22769736824557185,25.17012320458889,0.030453968793153763,-0.4901503324508667,-0.05507664009928703,100,OK,MAP_UPDATE,OK,VISUAL_INERTIAL
737,1761211768627,58.20974335074425,-0.31316353124566376,24.622777476906776,0.028691047802567482,-0.4900234341621399,-0.05906108394265175,100,OK,MAP_UPDATE,OK,VISUAL_INERTIAL
738,1761211768644,61.02140247821808,-0.3590711276046932,23.965882137417793,0.02674945816397667,-0.4885314702987671,-0.06303143501281738,100,OK,MAP_UPDATE,OK,VISUAL_INERTIAL
739,1761211768661,63.817866146564484,-0.4032881115563214,23.21305312216282,0.0247202068567276,-0.48531147837638855,-0.0670502707362175,100,OK,MAP_UPDATE,OK,VISUAL_INERTIAL
740,1761211768677,66.77042692899704,-0.47500908840447664,22.219322621822357,0.022679215297102928,-0.4806644320487976,-0.07107215374708176,100,OK,MAP_UPDATE,OK,VISUAL_INERTIAL
741,1761211768694,69.49818134307861,-0.5352084990590811,21.135976538062096,0.020667949691414833,-0.4750650227069855,-0.07498661428689957,100,OK,MAP_UPDATE,OK,VISUAL_INERTIAL
742,1761211768711,72.22762703895569,-0.6915534613654017,20.017102360725403,0.018743472173810005,-0.4679219424724579,-0.07903268188238144,100,OK,MAP_UPDATE,OK,VISUAL_INERTIAL
743,1761211768727,74.93946701288223,-0.8012896869331598,18.973857164382935,0.016788246110081673,-0.4595368206501007,-0.08303350955247879,100,OK,MAP_UPDATE,OK,VISUAL_INERTIAL
744,1761211768744,77.92389392852783,-1.0489625856280327,18.159260973334312,0.014914039522409439,-0.4524405598640442,-0.08706509321928024,100,OK,MAP_UPDATE,OK,VISUAL_INERTIAL
745,1761211768761,81.17769658565521,-1.1141052236780524,17.56705716252327,0.01292730774730444,-0.4475014805793762,-0.09097105264663696,100,OK,MAP_UPDATE,OK,VISUAL_INERTIAL
746,1761211768777,84.29621160030365,-1.3327759224921465,16.638029366731644,0.010939777828752995,-0.44361457228660583,-0.09490504860877991,100,OK,MAP_UPDATE,OK,VISUAL_INERTIAL
747,1761211768794,87.13620901107788,-1.604506396688521,15.781361609697342,0.00904242042452097,-0.43897387385368347,-0.09870563447475433,100,OK,MAP_UPDATE,OK,VISUAL_INERTIAL
748,1761211768811,89.86568450927734,-1.779160462319851,14.827057719230652,0.007023700047284365,-0.433723121881485,-0.10246456414461136,100,OK,MAP_UPDATE,OK,VISUAL_INERTIAL
749,1761211768827,93.01812201738358,-1.9829291850328445,14.059416018426418,0.004910607356578112,-0.4289768934249878,-0.10614573955535889,100,OK,MAP_UPDATE,OK,VISUAL_INERTIAL
750,1761211768844,95.98391503095627,-2.021650318056345,13.136614114046097,0.0027255131863057613,-0.4247894883155823,-0.10965154320001602,100,OK,MAP_UPDATE,OK,VISUAL_INERTIAL
751,1761211768861,98.59106689691544,-2.045439323410392,12.049240991473198,0.0005966561730019748,-0.42021292448043823,-0.11299675703048706,100,OK,MAP_UPDATE,OK,VISUAL_INERTIAL
752,1761211768877,101.15933418273926,-2.3070790339261293,10.941467247903347,-0.0013401873875409365,-0.4146522581577301,-0.11633887141942978,100,OK,MAP_UPDATE,OK,VISUAL_INERTIAL
753,1761211768894,103.80547493696213,-2.580441767349839,10.033021681010723,-0.0032406977843493223,-0.4092162549495697,-0.11955967545509338,100,OK,MAP_UPDATE,OK,VISUAL_INERTIAL
754,1761211768911,106.26515001058578,-3.013092093169689,9.173600934445858,-0.005014917813241482,-0.4048558473587036,-0.12265586107969284,100,OK,MAP_UPDATE,OK,VISUAL_INERTIAL
755,1761211768927,108.73796790838242,-3.3796268980950117,8.36257729679346,-0.006814301945269108,-0.4011848270893097,-0.12561292946338654,100,OK,MAP_UPDATE,OK,VISUAL_INERTIAL
756,1761211768944,111.03016883134842,-3.7379241548478603,7.507288362830877,-0.008480704389512539,-0.39760544896125793,-0.128403440117836,100,OK,MAP_UPDATE,OK,VISUAL_INERTIAL
757,1761211768961,113.0179688334465,-4.07023960724473,6.588743533939123,-0.009962756186723709,-0.39321812987327576,-0.13106337189674377,100,OK,MAP_UPDATE,OK,VISUAL_INERTIAL
758,1761211768977,114.4690215587616,-4.430315922945738,5.618583410978317,-0.011156617663800716,-0.3874123692512512,-0.1336999535560608,100,OK,MAP_UPDATE,OK,VISUAL_INERTIAL
759,1761211768994,115.93116074800491,-4.747939761728048,4.752770997583866,-0.012213732115924358,-0.38066670298576355,-0.13638432323932648,100,OK,MAP_UPDATE,OK,VISUAL_INERTIAL
760,1761211769011,117.5619512796402,-5.1825339905917645,4.201291128993034,-0.012957974337041378,-0.37462306022644043,-0.13899517059326172,100,OK,MAP_UPDATE,OK,VISUAL_INERTIAL
761,1761211769027,119.4320097565651,-5.488138180226088,3.9187022484838963,-0.013751563616096973,-0.36994683742523193,-0.14163826406002045,100,OK,MAP_UPDATE,OK,VISUAL_INERTIAL
762,1761211769044,121.21009826660156,-5.671858321875334,3.661097725853324,-0.01434287615120411,-0.36572781205177307,-0.1441306322813034,100,OK,MAP_UPDATE,OK,VISUAL_INERTIAL
763,1761211769061,122.69331514835358,-5.9126876294612885,3.454777644947171,-0.01471330039203167,-0.36096450686454773,-0.14669625461101532,100,OK,MAP_UPDATE,OK,VISUAL_INERTIAL
764,1761211769077,124.23046678304672,-6.27055112272501,3.3301247749477625,-0.014756731688976288,-0.35528451204299927,-0.14937078952789307,100,OK,MAP_UPDATE,OK,VISUAL_INERTIAL
765,1761211769094,125.93372166156769,-6.642255466431379,3.433068748563528,-0.014702917076647282,-0.34991148114204407,-0.1521231085062027,100,OK,MAP_UPDATE,OK,VISUAL_INERTIAL
766,1761211769111,127.93786823749542,-7.055995520204306,3.773751901462674,-0.014581735245883465,-0.34526482224464417,-0.1549740433692932,100,OK,MAP_UPDATE,OK,VISUAL_INERTIAL
767,1761211769127,129.89574670791626,-7.4169388972222805,4.109164699912071,-0.014341610483825207,-0.3409193158149719,-0.15779069066047668,100,OK,MAP_UPDATE,OK,VISUAL_INERTIAL
768,1761211769144,131.50615990161896,-7.515165489166975,4.452087450772524,-0.013992958702147007,-0.33558210730552673,-0.16056472063064575,100,OK,MAP_UPDATE,OK,VISUAL_INERTIAL
769,1761211769161,133.09304416179657,-7.7807363122701645,4.847642499953508,-0.013425055891275406,-0.3294389247894287,-0.163404643535614,100,OK,MAP_UPDATE,OK,VISUAL_INERTIAL
770,1761211769177,135.1107507944107,-7.834140211343765,5.340802948921919,-0.013096599839627743,-0.32425788044929504,-0.16622771322727203,100,OK,MAP_UPDATE,OK,VISUAL_INERTIAL
771,1761211769194,137.2983306646347,-8.033277466893196,5.92998880892992,-0.012756834737956524,-0.3210761249065399,-0.16904856264591217,100,OK,MAP_UPDATE,OK,VISUAL_INERTIAL
772,1761211769211,139.39818739891052,-8.176379837095737,6.510078441351652,-0.01250618975609541,-0.31902605295181274,-0.17189808189868927,100,OK,MAP_UPDATE,OK,VISUAL_INERTIAL
773,1761211769227,141.25972986221313,-8.440599776804447,6.999027449637651,-0.012129410170018673,-0.3167243003845215,-0.1748182624578476,100,OK,MAP_UPDATE,OK,VISUAL_INERTIAL
774,1761211769244,143.0232971906662,-8.768836967647076,7.518948521465063,-0.011660788208246231,-0.3138442039489746,-0.17776216566562653,100,OK,MAP_UPDATE,OK,VISUAL_INERTIAL
775,1761211769261,144.7974443435669,-9.018365293741226,7.962855510413647,-0.011308894492685795,-0.3112024962902069,-0.18063358962535858,100,OK,MAP_UPDATE,OK,VISUAL_INERTIAL
776,1761211769277,146.6662585735321,-9.455816820263863,8.27783439308405,-0.01092013530433178,-0.3085518777370453,-0.1835169792175293,100,OK,MAP_UPDATE,OK,VISUAL_INERTIAL
777,1761211769294,148.44197034835815,-9.824156761169434,8.660653606057167,-0.010608796030282974,-0.30613723397254944,-0.18633542954921722,100,OK,MAP_UPDATE,OK,VISUAL_INERTIAL
778,1761211769311,150.28929710388184,-10.152527131140232,8.997613564133644,-0.010405258275568485,-0.30412352085113525,-0.1891859918832779,100,OK,MAP_UPDATE,OK,VISUAL_INERTIAL
779,1761211769327,152.44929492473602,-10.537775233387947,9.364255703985691,-0.010335469618439674,-0.30286091566085815,-0.19208401441574097,100,OK,MAP_UPDATE,OK,VISUAL_INERTIAL
780,1761211769344,154.74769473075867,-10.986484587192535,9.709225967526436,-0.010395070537924767,-0.30239078402519226,-0.19501163065433502,100,OK,MAP_UPDATE,OK,VISUAL_INERTIAL
781,1761211769361,156.7547768354416,-11.34588848799467,9.866948239505291,-0.010562077164649963,-0.30184417963027954,-0.19791273772716522,100,OK,MAP_UPDATE,OK,VISUAL_INERTIAL
782,1761211769377,158.62436592578888,-11.74064353108406,9.900216944515705,-0.010764054954051971,-0.30041489005088806,-0.2007988840341568,100,OK,MAP_UPDATE,OK,VISUAL_INERTIAL
783,1761211769394,160.4585349559784,-12.213189154863358,9.8129166290164,-0.011042516678571701,-0.29835274815559387,-0.2036977857351303,100,OK,MAP_UPDATE,OK,VISUAL_INERTIAL
784,1761211769411,162.3958796262741,-12.675371021032333,9.641929529607296,-0.011525854468345642,-0.2963339686393738,-0.20657950639724731,100,OK,MAP_UPDATE,OK,VISUAL_INERTIAL
785,1761211769427,164.6500676870346,-13.226903975009918,9.427418000996113,-0.012155944481492043,-0.29466184973716736,-0.20958322286605835,100,OK,MAP_UPDATE,OK,VISUAL_INERTIAL
786,1761211769444,167.10349917411804,-13.738945126533508,9.152070619165897,-0.013045340776443481,-0.2935808300971985,-0.21265289187431335,100,OK,MAP_UPDATE,OK,VISUAL_INERTIAL
787,1761211769461,169.5890873670578,-14.367596246302128,8.870252408087254,-0.014026635326445103,-0.2924354672431946,-0.21584205329418182,100,OK,MAP_UPDATE,OK,VISUAL_INERTIAL
788,1761211769477,171.8619018793106,-14.949874021112919,8.43771267682314,-0.015025078319013119,-0.29112911224365234,-0.2189207375049591,100,OK,MAP_UPDATE,OK,VISUAL_INERTIAL
789,1761211769494,174.1577386856079,-15.518184751272202,7.93293584138155,-0.016140896826982498,-0.2894728183746338,-0.22196915745735168,100,OK,MAP_UPDATE,OK,VISUAL_INERTIAL
790,1761211769511,176.16218328475952,-16.24004915356636,7.304618135094643,-0.017122305929660797,-0.28713345527648926,-0.22497420012950897,100,OK,MAP_UPDATE,OK,VISUAL_INERTIAL
791,1761211769527,178.12122404575348,-16.852539032697678,6.555971689522266,-0.018185889348387718,-0.284178763628006,-0.2278795838356018,100,OK,MAP_UPDATE,OK,VISUAL_INERTIAL
792,1761211769544,180.57774007320404,-17.700789496302605,5.990325007587671,-0.01915537379682064,-0.2802758514881134,-0.23081174492835999,100,OK,MAP_UPDATE,OK,VISUAL_INERTIAL
793,1761211769561,182.87189304828644,-18.461721017956734,5.303602200001478,-0.020214615389704704,-0.27624404430389404,-0.23375234007835388,100,OK,MAP_UPDATE,OK,VISUAL_INERTIAL
794,1761211769577,185.23649871349335,-18.942950293421745,4.55413619056344,-0.021579740568995476,-0.2728351652622223,-0.2365383356809616,100,OK,MAP_UPDATE,OK,VISUAL_INERTIAL
795,1761211769594,187.61678040027618,-19.40741389989853,3.7422594614326954,-0.023066837340593338,-0.2700081765651703,-0.23931942880153656,100,OK,MAP_UPDATE,OK,VISUAL_INERTIAL
796,1761211769611,189.85694646835327,-19.872816279530525,2.89016286842525,-0.02452366054058075,-0.26692259311676025,-0.24213270843029022,100,OK,MAP_UPDATE,OK,VISUAL_INERTIAL
797,1761211769627,191.81643426418304,-20.18655464053154,1.9441404147073627,-0.02599809691309929,-0.26380857825279236,-0.24480502307415009,100,OK,MAP_UPDATE,OK,VISUAL_INERTIAL
798,1761211769644,193.7299370765686,-20.494485273957253,1.0060060303658247,-0.027449337765574455,-0.26110514998435974,-0.2473900318145752,100,OK,MAP_UPDATE,OK,VISUAL_INERTIAL
799,1761211769661,195.60711085796356,-20.818740129470825,0.06710022717015818,-0.028889266774058342,-0.2585648000240326,-0.24995659291744232,100,OK,MAP_UPDATE,OK,VISUAL_INERTIAL
800,1761211769677,197.40569591522217,-21.08447439968586,-0.804744428023696,-0.030163712799549103,-0.25579315423965454,-0.2525296211242676,100,OK,MAP_UPDATE,OK,VISUAL_INERTIAL
801,1761211769694,199.12704825401306,-21.44477516412735,-1.6006662044674158,-0.03127949312329292,-0.25308558344841003,-0.255087286233902,100,OK,MAP_UPDATE,OK,VISUAL_INERTIAL
802,1761211769711,200.6720006465912,-21.895477548241615,-2.3038119543343782,-0.03225032240152359,-0.2508080303668976,-0.25763019919395447,100,OK,MAP_UPDATE,OK,VISUAL_INERTIAL
803,1761211769727,202.20258831977844,-22.407062351703644,-2.967946231365204,-0.03312557190656662,-0.2486066222190857,-0.26017072796821594,100,OK,MAP_UPDATE,OK,VISUAL_INERTIAL
804,1761211769744,203.73602211475372,-22.978683933615685,-3.5530594177544117,-0.03382266312837601,-0.2460954487323761,-0.2627483904361725,100,OK,MAP_UPDATE,OK,VISUAL_INERTIAL
805,1761211769761,205.3978443145752,-23.48116785287857,-4.0744515135884285,-0.03461437299847603,-0.24363750219345093,-0.265365332365036,100,OK,MAP_UPDATE,OK,VISUAL_INERTIAL
806,1761211769777,207.1944773197174,-24.108853191137314,-4.650396294891834,-0.03543982654809952,-0.2417532503604889,-0.2680312991142273,100,OK,MAP_UPDATE,OK,VISUAL_INERTIAL
807,1761211769794,209.2600017786026,-24.815721437335014,-5.215779412537813,-0.03649330511689186,-0.24032093584537506,-0.27083316445350647,100,OK,MAP_UPDATE,OK,VISUAL_INERTIAL
808,1761211769811,211.14017069339752,-25.51381289958954,-5.860742647200823,-0.037541020661592484,-0.23885372281074524,-0.27365005016326904,100,OK,MAP_UPDATE,OK,VISUAL_INERTIAL
809,1761211769827,212.988942861557,-26.182448491454124,-6.623014807701111,-0.03858039900660515,-0.23685777187347412,-0.27653488516807556,100,OK,MAP_UPDATE,OK,VISUAL_INERTIAL
810,1761211769844,215.25849401950836,-26.599830016493797,-7.47177517041564,-0.04006600379943848,-0.23466254770755768,-0.27946746349334717,100,OK,MAP_UPDATE,OK,VISUAL_INERTIAL
811,1761211769861,217.5309956073761,-27.009451761841774,-8.333523757755756,-0.04151512682437897,-0.23256303369998932,-0.2824789583683014,100,OK,MAP_UPDATE,OK,VISUAL_INERTIAL
812,1761211769877,219.6689248085022,-27.46806852519512,-9.256183169782162,-0.04284413903951645,-0.23077824711799622,-0.2855488061904907,100,OK,MAP_UPDATE,OK,VISUAL_INERTIAL
813,1761211769894,221.88568115234375,-28.06656062602997,-10.092145763337612,-0.04420264810323715,-0.22895951569080353,-0.2887329161167145,100,OK,MAP_UPDATE,OK,VISUAL_INERTIAL
814,1761211769911,224.063441157341,-28.754252940416336,-10.90763695538044,-0.045524828135967255,-0.2273811399936676,-0.29187846183776855,100,OK,MAP_UPDATE,OK,VISUAL_INERTIAL
815,1761211769927,226.27714276313782,-29.451554641127586,-11.732365936040878,-0.0468653105199337,-0.2262207716703415,-0.2949662506580353,100,OK,MAP_UPDATE,OK,VISUAL_INERTIAL
816,1761211769944,228.4788340330124,-30.107825994491577,-12.594376690685749,-0.04824778810143471,-0.2253003865480423,-0.2980695068836212,100,OK,MAP_UPDATE,OK,VISUAL_INERTIAL
817,1761211769961,230.63458502292633,-30.970916152000427,-13.475775718688965,-0.04951287806034088,-0.2242070436477661,-0.30122190713882446,100,OK,MAP_UPDATE,OK,VISUAL_INERTIAL
818,1761211769978,232.9997420310974,-31.6166914999485,-14.380362816154957,-0.051023196429014206,-0.2231145203113556,-0.304430216550827,100,OK,MAP_UPDATE,OK,VISUAL_INERTIAL
819,1761211769994,235.19907891750336,-32.39748999476433,-15.219641849398613,-0.05238011106848717,-0.22225306928157806,-0.30758097767829895,100,OK,MAP_UPDATE,OK,VISUAL_INERTIAL
820,1761211770011,237.40708827972412,-33.061109483242035,-16.08627289533615,-0.05389823019504547,-0.22126199305057526,-0.3106631338596344,100,OK,MAP_UPDATE,OK,VISUAL_INERTIAL
821,1761211770027,239.46303129196167,-33.89006853103638,-16.995692625641823,-0.05531158298254013,-0.22008571028709412,-0.3137660026550293,100,OK,MAP_UPDATE,OK,VISUAL_INERTIAL
822,1761211770044,241.6089028120041,-34.73551571369171,-17.889298498630524,-0.05675840005278587,-0.21899864077568054,-0.31690898537635803,100,OK,MAP_UPDATE,OK,VISUAL_INERTIAL
823,1761211770061,243.70068311691284,-35.49022227525711,-18.871063366532326,-0.05830588936805725,-0.21840213239192963,-0.31995055079460144,100,OK,MAP_UPDATE,OK,VISUAL_INERTIAL
824,1761211770077,246.2434470653534,-35.87934002280235,-19.880250096321106,-0.06038615480065346,-0.21816857159137726,-0.3229566812515259,100,OK,MAP_UPDATE,OK,VISUAL_INERTIAL
825,1761211770094,248.563751578331,-36.35342791676521,-20.983589813113213,-0.06239907443523407,-0.2178090661764145,-0.326018363237381,100,OK,MAP_UPDATE,OK,VISUAL_INERTIAL
826,1761211770111,250.7699728012085,-36.897484213113785,-22.10981957614422,-0.0642898827791214,-0.21700617671012878,-0.3290688693523407,100,OK,MAP_UPDATE,OK,VISUAL_INERTIAL
827,1761211770127,252.85223126411438,-37.4809168279171,-23.28849770128727,-0.06613295525312424,-0.21588441729545593,-0.33209285140037537,100,OK,MAP_UPDATE,OK,VISUAL_INERTIAL
828,1761211770144,255.0317943096161,-38.20214793086052,-24.435553699731827,-0.06806271523237228,-0.21514137089252472,-0.335110604763031,100,OK,MAP_UPDATE,OK,VISUAL_INERTIAL
829,1761211770161,257.24470615386963,-38.877394050359726,-25.615809485316277,-0.07007893174886703,-0.21512137353420258,-0.33797797560691833,100,OK,MAP_UPDATE,OK,VISUAL_INERTIAL
830,1761211770177,259.4536244869232,-39.60394486784935,-26.72746032476425,-0.07207990437746048,-0.2154720276594162,-0.3407965898513794,100,OK,MAP_UPDATE,OK,VISUAL_INERTIAL
831,1761211770194,261.48054003715515,-40.28064012527466,-27.88892574608326,-0.07409101724624634,-0.21571379899978638,-0.3434632420539856,100,OK,MAP_UPDATE,OK,VISUAL_INERTIAL
832,1761211770211,263.2771134376526,-40.96789285540581,-29.050735756754875,-0.07598936557769775,-0.21544432640075684,-0.34604156017303467,100,OK,MAP_UPDATE,OK,VISUAL_INERTIAL
833,1761211770228,264.981746673584,-41.67501628398895,-30.279655009508133,-0.07785946130752563,-0.21469125151634216,-0.3485369384288788,100,OK,MAP_UPDATE,OK,VISUAL_INERTIAL
834,1761211770244,266.60898327827454,-42.41210222244263,-31.55563771724701,-0.07975649833679199,-0.2140861451625824,-0.3509412109851837,100,OK,MAP_UPDATE,OK,VISUAL_INERTIAL
835,1761211770261,268.35885643959045,-43.091557919979095,-32.8279472887516,-0.08179666846990585,-0.21376651525497437,-0.3532958924770355,100,OK,MAP_UPDATE,OK,VISUAL_INERTIAL
836,1761211770277,270.0831890106201,-43.829869478940964,-34.00750830769539,-0.08373042196035385,-0.21368572115898132,-0.35559168457984924,100,OK,MAP_UPDATE,OK,VISUAL_INERTIAL
837,1761211770294,271.7211842536926,-44.638607650995255,-35.255808383226395,-0.08557696640491486,-0.21331392228603363,-0.3578736484050751,100,OK,MAP_UPDATE,OK,VISUAL_INERTIAL
838,1761211770311,273.13798666000366,-45.51244154572487,-36.384399980306625,-0.08720551431179047,-0.21251972019672394,-0.3601495623588562,100,OK,MAP_UPDATE,OK,VISUAL_INERTIAL
839,1761211770327,274.372398853302,-46.44010588526726,-37.52877935767174,-0.08866222202777863,-0.21154239773750305,-0.3623650372028351,100,OK,MAP_UPDATE,OK,VISUAL_INERTIAL
840,1761211770344,275.69422125816345,-47.40481451153755,-38.59647363424301,-0.09004654735326767,-0.21057960391044617,-0.36455392837524414,100,OK,MAP_UPDATE,OK,VISUAL_INERTIAL
841,1761211770361,277.0927846431732,-48.24936017394066,-39.57734256982803,-0.0914958044886589,-0.209933802485466,-0.3667326271533966,100,OK,MAP_UPDATE,OK,VISUAL_INERTIAL
842,1761211770377,278.5847783088684,-49.03573542833328,-40.52821174263954,-0.09294332563877106,-0.2095242738723755,-0.368893563747406,100,OK,MAP_UPDATE,OK,VISUAL_INERTIAL
843,1761211770394,280.03931045532227,-49.61163178086281,-41.494760662317276,-0.09441274404525757,-0.20898915827274323,-0.37099188566207886,100,OK,MAP_UPDATE,OK,VISUAL_INERTIAL
844,1761211770411,281.44118189811707,-50.30160769820213,-42.42709279060364,-0.09567267447710037,-0.20781591534614563,-0.3731858432292938,100,OK,MAP_UPDATE,OK,VISUAL_INERTIAL
845,1761211770427,282.8681766986847,-50.978437066078186,-43.34677755832672,-0.09691489487886429,-0.20630478858947754,-0.3754845857620239,100,OK,MAP_UPDATE,OK,VISUAL_INERTIAL
846,1761211770444,284.40117835998535,-51.69194936752319,-44.20150816440582,-0.0981471985578537,-0.20481863617897034,-0.37790146470069885,100,OK,MAP_UPDATE,OK,VISUAL_INERTIAL
847,1761211770461,286.124050617218,-52.47900262475014,-45.04772648215294,-0.0995054543018341,-0.203984797000885,-0.38033798336982727,100,OK,MAP_UPDATE,OK,VISUAL_INERTIAL
848,1761211770477,288.06862235069275,-53.25406417250633,-45.853834599256516,-0.10108447819948196,-0.20432451367378235,-0.3828231394290924,100,OK,MAP_UPDATE,OK,VISUAL_INERTIAL
849,1761211770494,290.2488708496094,-53.9507232606411,-46.64207622408867,-0.10281488299369812,-0.20521923899650574,-0.38537630438804626,100,OK,MAP_UPDATE,OK,VISUAL_INERTIAL
850,1761211770511,292.2377586364746,-54.64626103639603,-47.48303070664406,-0.10447724908590317,-0.20568715035915375,-0.388049840927124,100,OK,MAP_UPDATE,OK,VISUAL_INERTIAL
851,1761211770527,294.0905690193176,-55.413562804460526,-48.41193184256554,-0.10599134117364883,-0.2053820788860321,-0.39086830615997314,100,OK,MAP_UPDATE,OK,VISUAL_INERTIAL
852,1761211770544,295.8764433860779,-56.3654825091362,-49.353666603565216,-0.10736259073019028,-0.20424054563045502,-0.39386221766471863,100,OK,MAP_UPDATE,OK,VISUAL_INERTIAL
853,1761211770561,297.64294624328613,-57.305969297885895,-50.32040178775787,-0.10878357291221619,-0.2029029130935669,-0.39687326550483704,100,OK,MAP_UPDATE,OK,VISUAL_INERTIAL
854,1761211770577,299.6443808078766,-58.18748474121094,-51.2990765273571,-0.1104438453912735,-0.20207349956035614,-0.39979287981987,100,OK,MAP_UPDATE,OK,VISUAL_INERTIAL
855,1761211770594,301.82644724845886,-59.10429731011391,-52.39491164684296,-0.11227741837501526,-0.20182187855243683,-0.40264612436294556,100,OK,MAP_UPDATE,OK,VISUAL_INERTIAL
856,1761211770611,303.9558231830597,-59.88920480012894,-53.483232855796814,-0.1141628548502922,-0.20152750611305237,-0.4055027663707733,100,OK,MAP_UPDATE,OK,VISUAL_INERTIAL
857,1761211770628,305.9077560901642,-60.72114035487175,-54.66452240943909,-0.11598417162895203,-0.20037010312080383,-0.4084094166755676,100,OK,MAP_UPDATE,OK,VISUAL_INERTIAL
858,1761211770644,307.70760774612427,-61.73953413963318,-55.83278834819794,-0.11755040287971497,-0.19814559817314148,-0.4114606976509094,100,OK,MAP_UPDATE,OK,VISUAL_INERTIAL
859,1761211770661,309.648334980011,-63.40385228395462,-57.06358328461647,-0.11874163895845413,-0.19532844424247742,-0.414617121219635,100,OK,MAP_UPDATE,OK,VISUAL_INERTIAL
860,1761211770677,311.84396147727966,-64.91132825613022,-58.138709515333176,-0.12015598267316818,-0.19321024417877197,-0.41774192452430725,100,OK,MAP_UPDATE,OK,VISUAL_INERTIAL
861,1761211770694,314.17617201805115,-66.18008762598038,-59.18017029762268,-0.12179429084062576,-0.19220717251300812,-0.4208182096481323,100,OK,MAP_UPDATE,OK,VISUAL_INERTIAL
862,1761211770711,316.4781928062439,-67.22723692655563,-60.19986793398857,-0.12345553934574127,-0.19171352684497833,-0.4238337278366089,100,OK,MAP_UPDATE,OK,VISUAL_INERTIAL
863,1761211770727,318.6616599559784,-68.23811680078506,-61.132725328207016,-0.12502959370613098,-0.19108010828495026,-0.42695152759552,100,OK,MAP_UPDATE,OK,VISUAL_INERTIAL
864,1761211770744,320.7972049713135,-69.33000683784485,-62.030285596847534,-0.12650741636753082,-0.1899954229593277,-0.4302339553833008,100,OK,MAP_UPDATE,OK,VISUAL_INERTIAL
865,1761211770761,322.7718770503998,-70.31986117362976,-62.99939751625061,-0.12793512642383575,-0.18842573463916779,-0.4334411919116974,100,OK,MAP_UPDATE,OK,VISUAL_INERTIAL
866,1761211770777,324.74517822265625,-71.40999287366867,-63.96843492984772,-0.12917929887771606,-0.18626129627227783,-0.43680742383003235,100,OK,MAP_UPDATE,OK,VISUAL_INERTIAL
867,1761211770794,326.7267048358917,-72.54847884178162,-64.8832693696022,-0.13031940162181854,-0.18399763107299805,-0.4401243031024933,100,OK,MAP_UPDATE,OK,VISUAL_INERTIAL
868,1761211770811,328.8614749908447,-73.62916320562363,-65.76702743768692,-0.13150908052921295,-0.18209253251552582,-0.4435771405696869,100,OK,MAP_UPDATE,OK,VISUAL_INERTIAL
869,1761211770827,331.2019109725952,-74.80064034461975,-66.54824316501617,-0.13277357816696167,-0.18056143820285797,-0.4470999240875244,100,OK,MAP_UPDATE,OK,VISUAL_INERTIAL
870,1761211770844,333.6697220802307,-76.01001113653183,-67.35990941524506,-0.13420554995536804,-0.17967654764652252,-0.45062848925590515,100,OK,MAP_UPDATE,OK,VISUAL_INERTIAL
871,1761211770861,336.174339056015,-77.25635170936584,-68.26349347829819,-0.13579198718070984,-0.17905551195144653,-0.4541708827018738,100,OK,MAP_UPDATE,OK,VISUAL_INERTIAL
872,1761211770877,338.6049270629883,-78.52744311094284,-69.2155733704567,-0.13745735585689545,-0.17818956077098846,-0.4577958583831787,100,OK,MAP_UPDATE,OK,VISUAL_INERTIAL
873,1761211770894,340.92554450035095,-79.8606425523758,-70.25351375341415,-0.13905642926692963,-0.17691530287265778,-0.46145209670066833,100,OK,MAP_UPDATE,OK,VISUAL_INERTIAL
874,1761211770911,343.33881735801697,-81.26869052648544,-71.32621109485626,-0.14075246453285217,-0.17551755905151367,-0.4651488959789276,100,OK,MAP_UPDATE,OK,VISUAL_INERTIAL
875,1761211770927,345.9271788597107,-82.61507749557495,-72.46822118759155,-0.14273439347743988,-0.17460399866104126,-0.46876534819602966,100,OK,MAP_UPDATE,OK,VISUAL_INERTIAL
876,1761211770944,348.46022725105286,-83.95373076200485,-73.73499125242233,-0.14490580558776855,-0.1744018942117691,-0.47244593501091003,100,OK,MAP_UPDATE,OK,VISUAL_INERTIAL
877,1761211770961,350.85272789001465,-85.2895900607109,-75.08764415979385,-0.14712265133857727,-0.17444664239883423,-0.4761906862258911,100,OK,MAP_UPDATE,OK,VISUAL_INERTIAL
878,1761211770977,353.5405397415161,-86.7123156785965,-76.33806020021439,-0.1495858132839203,-0.17453345656394958,-0.4799642264842987,100,OK,MAP_UPDATE,OK,VISUAL_INERTIAL
879,1761211770994,356.09784722328186,-88.10719847679138,-77.69166678190231,-0.15201279520988464,-0.1744953989982605,-0.48373034596443176,100,OK,MAP_UPDATE,OK,VISUAL_INERTIAL
880,1761211771011,358.5589528083801,-89.55197781324387,-79.05508577823639,-0.15432877838611603,-0.17403435707092285,-0.4875669479370117,100,OK,MAP_UPDATE,OK,VISUAL_INERTIAL
881,1761211771027,360.9332740306854,-91.13658219575882,-80.4191529750824,-0.156444251537323,-0.17317317426204681,-0.49151086807250977,100,OK,MAP_UPDATE,OK,VISUAL_INERTIAL
882,1761211771044,363.3398115634918,-92.73025393486023,-81.76013827323914,-0.15852048993110657,-0.17206379771232605,-0.495464026927948,100,OK,MAP_UPDATE,OK,VISUAL_INERTIAL
883,1761211771061,365.8266067504883,-94.31253373622894,-83.07857066392899,-0.16060839593410492,-0.1708897203207016,-0.4994070827960968,100,OK,MAP_UPDATE,OK,VISUAL_INERTIAL
884,1761211771077,368.3657646179199,-95.8310142159462,-84.43424850702286,-0.16278894245624542,-0.16995827853679657,-0.5032774806022644,100,OK,MAP_UPDATE,OK,VISUAL_INERTIAL
885,1761211771094,370.91052532196045,-97.4225178360939,-85.74770390987396,-0.16491557657718658,-0.1691911369562149,-0.5071409940719604,100,OK,MAP_UPDATE,OK,VISUAL_INERTIAL
886,1761211771111,373.430073261261,-98.94148260354996,-87.04289048910141,-0.16711381077766418,-0.16882051527500153,-0.5108556747436523,100,OK,MAP_UPDATE,OK,VISUAL_INERTIAL
887,1761211771127,375.83789229393005,-100.43810307979584,-88.28958868980408,-0.16921120882034302,-0.16840407252311707,-0.5145118832588196,100,OK,MAP_UPDATE,OK,VISUAL_INERTIAL
888,1761211771144,378.0997693538666,-101.61289572715759,-89.56164866685867,-0.17126968502998352,-0.1678091138601303,-0.5179765820503235,100,OK,MAP_UPDATE,OK,VISUAL_INERTIAL
889,1761211771161,380.199134349823,-102.91410982608795,-90.72977304458618,-0.17319436371326447,-0.16708901524543762,-0.5215054154396057,100,OK,MAP_UPDATE,OK,VISUAL_INERTIAL
890,1761211771177,382.17899203300476,-104.05594855546951,-91.95157885551453,-0.17512144148349762,-0.1663752794265747,-0.524878740310669,100,OK,MAP_UPDATE,OK,VISUAL_INERTIAL
891,1761211771194,384.5611810684204,-105.67977279424667,-93.02181750535965,-0.17676420509815216,-0.16491487622261047,-0.528221070766449,100,OK,MAP_UPDATE,OK,VISUAL_INERTIAL
892,1761211771211,386.7875933647156,-107.2327047586441,-93.97552907466888,-0.1781643182039261,-0.16349756717681885,-0.5315322279930115,100,OK,MAP_UPDATE,OK,VISUAL_INERTIAL
893,1761211771227,388.9346718788147,-108.68556052446365,-94.83222663402557,-0.17943216860294342,-0.16220152378082275,-0.5347437858581543,100,OK,MAP_UPDATE,OK,VISUAL_INERTIAL
894,1761211771244,390.8693790435791,-110.04044860601425,-95.60930728912354,-0.18051761388778687,-0.16085699200630188,-0.5378314256668091,100,OK,MAP_UPDATE,OK,VISUAL_INERTIAL
895,1761211771261,392.7568197250366,-111.29918694496155,-96.2778776884079,-0.18155425786972046,-0.15962965786457062,-0.5407798886299133,100,OK,MAP_UPDATE,OK,VISUAL_INERTIAL
896,1761211771277,394.5663273334503,-112.52519488334656,-96.89260274171829,-0.18246375024318695,-0.15843139588832855,-0.543657660484314,100,OK,MAP_UPDATE,OK,VISUAL_INERTIAL
897,1761211771294,396.29873633384705,-113.58816176652908,-97.4230170249939,-0.18329985439777374,-0.15746630728244781,-0.5463501214981079,100,OK,MAP_UPDATE,OK,VISUAL_INERTIAL
898,1761211771311,397.92463183403015,-114.51862007379532,-97.86111116409302,-0.1840849667787552,-0.15669068694114685,-0.5488678216934204,100,OK,MAP_UPDATE,OK,VISUAL_INERTIAL
899,1761211771327,399.44955706596375,-115.42224138975143,-98.22598844766617,-0.1847749799489975,-0.156232550740242,-0.5511993169784546,100,OK,MAP_UPDATE,OK,VISUAL_INERTIAL
900,1761211771344,400.84773302078247,-116.248719394207,-98.53120893239975,-0.18543682992458344,-0.15591874718666077,-0.5533841848373413,100,OK,MAP_UPDATE,OK,VISUAL_INERTIAL
901,1761211771361,402.0225405693054,-117.03633517026901,-98.82811456918716,-0.18595221638679504,-0.15543220937252045,-0.5554347634315491,100,OK,MAP_UPDATE,OK,VISUAL_INERTIAL
902,1761211771377,403.1001627445221,-117.78528988361359,-99.08673912286758,-0.18634751439094543,-0.1547831892967224,-0.5573484301567078,100,OK,MAP_UPDATE,OK,VISUAL_INERTIAL
903,1761211771394,404.09600734710693,-118.43498796224594,-99.2775410413742,-0.18669523298740387,-0.1542423814535141,-0.5590629577636719,100,OK,MAP_UPDATE,OK,VISUAL_INERTIAL
904,1761211771411,405.02721071243286,-118.94574761390686,-99.44715350866318,-0.18708594143390656,-0.15414105355739594,-0.5605034232139587,100,OK,MAP_UPDATE,OK,VISUAL_INERTIAL
905,1761211771427,405.8842360973358,-119.3976104259491,-99.50599819421768,-0.18740494549274445,-0.15431617200374603,-0.5616858601570129,100,OK,MAP_UPDATE,OK,VISUAL_INERTIAL
906,1761211771444,406.516969203949,-119.72013115882874,-99.50961917638779,-0.187613382935524,-0.1547345072031021,-0.5626192092895508,100,OK,MAP_UPDATE,OK,VISUAL_INERTIAL
907,1761211771461,407.05928206443787,-119.93875354528427,-99.43200647830963,-0.18775789439678192,-0.1553482562303543,-0.5632767081260681,100,OK,MAP_UPDATE,OK,VISUAL_INERTIAL
908,1761211771477,407.4137508869171,-120.13473361730576,-99.31998699903488,-0.1878339648246765,-0.15608850121498108,-0.5636878609657288,100,OK,MAP_UPDATE,OK,VISUAL_INERTIAL
909,1761211771494,407.6102375984192,-120.26859819889069,-99.13980215787888,-0.18786248564720154,-0.15693026781082153,-0.5638376474380493,100,OK,MAP_UPDATE,OK,VISUAL_INERTIAL
910,1761211771511,407.6308310031891,-120.28659135103226,-98.94738346338272,-0.18785083293914795,-0.15772764384746552,-0.5637334585189819,100,OK,MAP_UPDATE,OK,VISUAL_INERTIAL
911,1761211771527,407.3674976825714,-120.1520785689354,-98.78696501255035,-0.18766385316848755,-0.15832839906215668,-0.5633273124694824,100,OK,MAP_UPDATE,OK,VISUAL_INERTIAL
912,1761211771544,406.8308472633362,-119.94495242834091,-98.61234575510025,-0.18728423118591309,-0.15855689346790314,-0.5626018047332764,100,OK,MAP_UPDATE,OK,VISUAL_INERTIAL
913,1761211771561,406.12006187438965,-119.62291598320007,-98.41383993625641,-0.1868440806865692,-0.15858080983161926,-0.5615124106407166,100,OK,MAP_UPDATE,OK,VISUAL_INERTIAL
914,1761211771577,405.2344560623169,-119.18333172798157,-98.22811186313629,-0.18638622760772705,-0.15868014097213745,-0.5600842237472534,100,OK,MAP_UPDATE,OK,VISUAL_INERTIAL
915,1761211771594,404.2842984199524,-118.58445405960083,-98.00779074430466,-0.18601785600185394,-0.15903280675411224,-0.5583395957946777,100,OK,MAP_UPDATE,OK,VISUAL_INERTIAL
916,1761211771611,403.1639099121094,-117.82947182655334,-97.77986258268356,-0.18569383025169373,-0.15997186303138733,-0.5562612414360046,100,OK,MAP_UPDATE,OK,VISUAL_INERTIAL
917,1761211771627,401.93259716033936,-116.86362326145172,-97.50088304281235,-0.1854705810546875,-0.16136939823627472,-0.5537806749343872,100,OK,MAP_UPDATE,OK,VISUAL_INERTIAL
918,1761211771644,400.27397871017456,-115.73819816112518,-97.26545959711075,-0.18506993353366852,-0.1625441610813141,-0.550942063331604,100,OK,MAP_UPDATE,OK,VISUAL_INERTIAL
919,1761211771661,398.2378840446472,-114.5395115017891,-97.03277051448822,-0.18439240753650665,-0.1627749502658844,-0.5478004813194275,100,OK,MAP_UPDATE,OK,VISUAL_INERTIAL
920,1761211771677,395.8601653575897,-113.28620463609695,-96.80376946926117,-0.18341383337974548,-0.16230639815330505,-0.5444254875183105,100,OK,MAP_UPDATE,OK,VISUAL_INERTIAL
921,1761211771694,393.2792842388153,-111.87638342380524,-96.51041775941849,-0.18237636983394623,-0.16163887083530426,-0.5407395362854004,100,OK,MAP_UPDATE,OK,VISUAL_INERTIAL
922,1761211771711,390.72149991989136,-110.38029193878174,-96.25597298145294,-0.1814355105161667,-0.16125188767910004,-0.5368010401725769,100,OK,MAP_UPDATE,OK,VISUAL_INERTIAL
923,1761211771727,388.188898563385,-108.72969031333923,-95.98815441131592,-0.18061208724975586,-0.16129429638385773,-0.5325008630752563,100,OK,MAP_UPDATE,OK,VISUAL_INERTIAL
924,1761211771744,385.468065738678,-106.94819688796997,-95.6769734621048,-0.17978300154209137,-0.16164055466651917,-0.5279070138931274,100,OK,MAP_UPDATE,OK,VISUAL_INERTIAL
925,1761211771761,382.371187210083,-105.12925684452057,-95.31989693641663,-0.17871703207492828,-0.16168509423732758,-0.5230298042297363,100,OK,MAP_UPDATE,OK,VISUAL_INERTIAL
926,1761211771777,379.08291816711426,-103.14404219388962,-94.9539765715599,-0.17755858600139618,-0.16123837232589722,-0.5179377198219299,100,OK,MAP_UPDATE,OK,VISUAL_INERTIAL
927,1761211771794,375.55354833602905,-101.23584419488907,-94.56340968608856,-0.17619779706001282,-0.16039489209651947,-0.5126757621765137,100,OK,MAP_UPDATE,OK,VISUAL_INERTIAL
928,1761211771811,371.99684977531433,-99.24296289682388,-94.16885673999786,-0.17491024732589722,-0.15968582034111023,-0.507193922996521,100,OK,MAP_UPDATE,OK,VISUAL_INERTIAL
929,1761211771827,368.4126138687134,-97.24876284599304,-93.79944950342178,-0.1737377941608429,-0.1595429927110672,-0.5014644861221313,100,OK,MAP_UPDATE,OK,VISUAL_INERTIAL
930,1761211771844,364.7473454475403,-95.15945613384247,-93.45491230487823,-0.17279087007045746,-0.16015809774398804,-0.4954769015312195,100,OK,MAP_UPDATE,OK,VISUAL_INERTIAL
931,1761211771861,360.8822226524353,-93.03295612335205,-93.13555806875229,-0.17182382941246033,-0.16068632900714874,-0.48937463760375977,100,OK,MAP_UPDATE,OK,VISUAL_INERTIAL
932,1761211771877,356.7187488079071,-90.82324057817459,-92.91811287403107,-0.17069217562675476,-0.1603137105703354,-0.483108788728714,100,OK,MAP_UPDATE,OK,VISUAL_INERTIAL
933,1761211771894,352.201908826828,-88.64416927099228,-92.60325133800507,-0.16911526024341583,-0.15879082679748535,-0.4768652617931366,100,OK,MAP_UPDATE,OK,VISUAL_INERTIAL
934,1761211771911,347.64131903648376,-86.45644783973694,-92.36147999763489,-0.16750319302082062,-0.15702567994594574,-0.4704216420650482,100,OK,MAP_UPDATE,OK,VISUAL_INERTIAL
935,1761211771927,343.10752153396606,-84.26962792873383,-92.06706285476685,-0.1660175621509552,-0.15556538105010986,-0.4637509882450104,100,OK,MAP_UPDATE,OK,VISUAL_INERTIAL
936,1761211771944,338.7264907360077,-82.1836069226265,-91.74060076475143,-0.1647120714187622,-0.15473662316799164,-0.4570159912109375,100,OK,MAP_UPDATE,OK,VISUAL_INERTIAL
937,1761211771961,334.34081077575684,-80.0551250576973,-91.42814576625824,-0.16358627378940582,-0.15457403659820557,-0.4500705897808075,100,OK,MAP_UPDATE,OK,VISUAL_INERTIAL
938,1761211771977,329.80987429618835,-77.90109515190125,-91.17411822080612,-0.16247573494911194,-0.15450581908226013,-0.4430427849292755,100,OK,MAP_UPDATE,OK,VISUAL_INERTIAL
939,1761211771994,324.99831914901733,-75.76465606689453,-90.93603491783142,-0.16121141612529755,-0.15374745428562164,-0.4359624683856964,100,OK,MAP_UPDATE,OK,VISUAL_INERTIAL
940,1761211772011,319.91299986839294,-73.6323595046997,-90.7510444521904,-0.15981706976890564,-0.15228967368602753,-0.42891937494277954,100,OK,MAP_UPDATE,OK,VISUAL_INERTIAL
941,1761211772027,314.77442383766174,-71.59300893545151,-90.55911749601364,-0.15839135646820068,-0.15056385099887848,-0.42173224687576294,100,OK,MAP_UPDATE,OK,VISUAL_INERTIAL
942,1761211772044,309.7420334815979,-69.42833214998245,-90.40283411741257,-0.15722477436065674,-0.1492038071155548,-0.4144037365913391,100,OK,MAP_UPDATE,OK,VISUAL_INERTIAL
943,1761211772061,304.7489523887634,-67.28563457727432,-90.26791900396347,-0.15615789592266083,-0.14834363758563995,-0.40699195861816406,100,OK,MAP_UPDATE,OK,VISUAL_INERTIAL
944,1761211772077,299.94866251945496,-65.05127996206284,-90.10759741067886,-0.15532545745372772,-0.1477050930261612,-0.39957189559936523,100,OK,MAP_UPDATE,OK,VISUAL_INERTIAL
945,1761211772094,294.84060406684875,-62.99850344657898,-89.971624314785,-0.15429183840751648,-0.14695943892002106,-0.3922254741191864,100,OK,MAP_UPDATE,OK,VISUAL_INERTIAL
946,1761211772111,289.72136974334717,-60.81542745232582,-89.92206305265427,-0.1532488763332367,-0.14566127955913544,-0.3848598003387451,100,OK,MAP_UPDATE,OK,VISUAL_INERTIAL
947,1761211772127,284.53245759010315,-58.56688693165779,-89.7919237613678,-0.15210644900798798,-0.1440736949443817,-0.3774382174015045,100,OK,MAP_UPDATE,OK,VISUAL_INERTIAL
948,1761211772144,279.32655811309814,-56.29324167966843,-89.58764374256134,-0.1509465128183365,-0.1424122452735901,-0.36994653940200806,100,OK,MAP_UPDATE,OK,VISUAL_INERTIAL
949,1761211772161,274.02159571647644,-54.843779653310776,-89.51662480831146,-0.14928565919399261,-0.14097505807876587,-0.3628080189228058,100,OK,MAP_UPDATE,OK,VISUAL_INERTIAL
950,1761211772177,269.0173089504242,-52.92931571602821,-89.21954035758972,-0.14800694584846497,-0.13968022167682648,-0.35556042194366455,100,OK,MAP_UPDATE,OK,VISUAL_INERTIAL
951,1761211772194,264.00062441825867,-51.17102712392807,-88.83882313966751,-0.14651881158351898,-0.13852256536483765,-0.348493367433548,100,OK,MAP_UPDATE,OK,VISUAL_INERTIAL
952,1761211772211,259.1419517993927,-49.414802342653275,-88.33301067352295,-0.14497174322605133,-0.13763350248336792,-0.3415440320968628,100,OK,MAP_UPDATE,OK,VISUAL_INERTIAL
953,1761211772227,254.3330192565918,-47.722864896059036,-87.69837766885757,-0.1432473510503769,-0.1366252601146698,-0.33471041917800903,100,OK,MAP_UPDATE,OK,VISUAL_INERTIAL
954,1761211772244,249.3695616722107,-46.14667966961861,-86.97675168514252,-0.14122794568538666,-0.13504543900489807,-0.3279995918273926,100,OK,MAP_UPDATE,OK,VISUAL_INERTIAL
955,1761211772261,244.58569288253784,-44.723305851221085,-86.18343621492386,-0.13907048106193542,-0.133209690451622,-0.32149383425712585,100,OK,MAP_UPDATE,OK,VISUAL_INERTIAL
956,1761211772277,239.93360996246338,-43.274421244859695,-85.27705073356628,-0.1368863731622696,-0.13141170144081116,-0.314956396818161,100,OK,MAP_UPDATE,OK,VISUAL_INERTIAL
957,1761211772294,235.3828400373459,-41.85354709625244,-84.2251107096672,-0.13473685085773468,-0.12983055412769318,-0.3085637390613556,100,OK,MAP_UPDATE,OK,VISUAL_INERTIAL
958,1761211772311,230.83734512329102,-40.401216596364975,-83.11115205287933,-0.13258200883865356,-0.12841373682022095,-0.30219322443008423,100,OK,MAP_UPDATE,OK,VISUAL_INERTIAL
959,1761211772327,226.41028463840485,-38.99213299155235,-82.03547447919846,-0.13045167922973633,-0.12713241577148438,-0.2959146499633789,100,OK,MAP_UPDATE,OK,VISUAL_INERTIAL
960,1761211772344,221.98539972305298,-37.61225566267967,-80.98488301038742,-0.12830165028572083,-0.12585540115833282,-0.28961339592933655,100,OK,MAP_UPDATE,OK,VISUAL_INERTIAL
961,1761211772361,217.66297519207,-36.29688546061516,-79.97895032167435,-0.1261950433254242,-0.12458626180887222,-0.28345316648483276,100,OK,MAP_UPDATE,OK,VISUAL_INERTIAL
962,1761211772377,213.11426162719727,-35.062339156866074,-78.85867357254028,-0.12408215552568436,-0.12329684942960739,-0.27737802267074585,100,OK,MAP_UPDATE,OK,VISUAL_INERTIAL
963,1761211772394,208.62746238708496,-33.73364731669426,-77.77085900306702,-0.12201584875583649,-0.12177637964487076,-0.2712147831916809,100,OK,MAP_UPDATE,OK,VISUAL_INERTIAL
964,1761211772411,204.01109755039215,-32.53593295812607,-76.63863897323608,-0.11981157213449478,-0.12015116214752197,-0.2649090886116028,100,OK,MAP_UPDATE,OK,VISUAL_INERTIAL
965,1761211772427,199.54559206962585,-31.194819137454033,-75.5978673696518,-0.11788412928581238,-0.11846271902322769,-0.25855425000190735,100,OK,MAP_UPDATE,OK,VISUAL_INERTIAL
966,1761211772444,195.03778219223022,-29.809890314936638,-74.59395378828049,-0.1160099059343338,-0.11705079674720764,-0.2520761787891388,100,OK,MAP_UPDATE,OK,VISUAL_INERTIAL
967,1761211772461,190.5495524406433,-28.463853523135185,-73.48603010177612,-0.11415766179561615,-0.11601857095956802,-0.24554941058158875,100,OK,MAP_UPDATE,OK,VISUAL_INERTIAL
968,1761211772477,186.07814610004425,-27.103137224912643,-72.44832813739777,-0.11237213760614395,-0.11523911356925964,-0.23901772499084473,100,OK,MAP_UPDATE,OK,VISUAL_INERTIAL
969,1761211772494,181.29336833953857,-25.927554816007614,-71.45571708679199,-0.11038222908973694,-0.11410120129585266,-0.2324594110250473,100,OK,MAP_UPDATE,OK,VISUAL_INERTIAL
970,1761211772511,176.4313280582428,-24.802403524518013,-70.42738050222397,-0.10838936269283295,-0.112541064620018,-0.2259029597043991,100,OK,MAP_UPDATE,OK,VISUAL_INERTIAL
971,1761211772527,171.591654419899,-23.663319647312164,-69.42405551671982,-0.10646893829107285,-0.11102688312530518,-0.21921439468860626,100,OK,MAP_UPDATE,OK,VISUAL_INERTIAL
972,1761211772544,166.7238175868988,-22.518442943692207,-68.4419721364975,-0.10467631369829178,-0.10994023829698563,-0.21233412623405457,100,OK,MAP_UPDATE,OK,VISUAL_INERTIAL
973,1761211772561,161.77833080291748,-21.45017497241497,-67.53711402416229,-0.1029391661286354,-0.10892578214406967,-0.20534998178482056,100,OK,MAP_UPDATE,OK,VISUAL_INERTIAL
974,1761211772577,156.6253900527954,-20.617414265871048,-66.67285412549973,-0.10108691453933716,-0.1076066792011261,-0.1983160823583603,100,OK,MAP_UPDATE,OK,VISUAL_INERTIAL
975,1761211772594,151.14499628543854,-19.69223842024803,-65.98710268735886,-0.09936883300542831,-0.10572219640016556,-0.19114896655082703,100,OK,MAP_UPDATE,OK,VISUAL_INERTIAL
976,1761211772610,145.41666209697723,-19.033677875995636,-65.32098352909088,-0.09760306030511856,-0.10297702252864838,-0.1838555485010147,100,OK,MAP_UPDATE,OK,VISUAL_INERTIAL
977,1761211772627,139.667809009552,-18.39863881468773,-64.7522360086441,-0.09600099176168442,-0.09993317723274231,-0.1764465868473053,100,OK,MAP_UPDATE,OK,VISUAL_INERTIAL
978,1761211772644,133.98891687393188,-17.757458612322807,-64.20089304447174,-0.09457535296678543,-0.09684033691883087,-0.1690128743648529,100,OK,MAP_UPDATE,OK,VISUAL_INERTIAL
979,1761211772661,128.31178307533264,-16.911188140511513,-63.863471150398254,-0.09342671185731888,-0.09367968142032623,-0.16150309145450592,100,OK,MAP_UPDATE,OK,VISUAL_INERTIAL
980,1761211772677,122.91329354047775,-16.047155484557152,-63.47263604402542,-0.09247938543558121,-0.09018400311470032,-0.15399564802646637,100,OK,MAP_UPDATE,OK,VISUAL_INERTIAL
981,1761211772694,117.73011088371277,-15.190229751169682,-62.98235058784485,-0.0915718525648117,-0.0865047499537468,-0.1464821994304657,100,OK,MAP_UPDATE,OK,VISUAL_INERTIAL
982,1761211772711,112.08807677030563,-14.35071136802435,-62.67372518777847,-0.09064598381519318,-0.08243021368980408,-0.13876473903656006,100,OK,MAP_UPDATE,OK,VISUAL_INERTIAL
983,1761211772727,106.35591298341751,-13.433254323899746,-62.368761748075485,-0.08979740738868713,-0.07832301408052444,-0.13083848357200623,100,OK,MAP_UPDATE,OK,VISUAL_INERTIAL
984,1761211772744,100.31209886074066,-12.304344214498997,-62.0516873896122,-0.08911053091287613,-0.07433243840932846,-0.1228814646601677,100,OK,MAP_UPDATE,OK,VISUAL_INERTIAL
985,1761211772761,94.36774998903275,-11.181536130607128,-61.70231103897095,-0.08846864849328995,-0.07035604119300842,-0.1147361621260643,100,OK,MAP_UPDATE,OK,VISUAL_INERTIAL
986,1761211772777,88.55444937944412,-10.082355700433254,-61.243947595357895,-0.08777917921543121,-0.06648404151201248,-0.10659249126911163,100,OK,MAP_UPDATE,OK,VISUAL_INERTIAL
987,1761211772794,82.61191099882126,-9.308853186666965,-60.65240502357483,-0.08688271790742874,-0.0629553496837616,-0.09842635691165924,100,OK,MAP_UPDATE,OK,VISUAL_INERTIAL
988,1761211772810,76.61999017000198,-8.487914688885212,-60.03621220588684,-0.08596167713403702,-0.05978146195411682,-0.09012673795223236,100,OK,MAP_UPDATE,OK,VISUAL_INERTIAL
989,1761211772827,70.61939686536789,-7.689140271395445,-59.345707297325134,-0.08494527637958527,-0.057056259363889694,-0.08171640336513519,100,OK,MAP_UPDATE,OK,VISUAL_INERTIAL
990,1761211772844,64.35991078615189,-7.104506716132164,-58.57689306139946,-0.08368384838104248,-0.054815515875816345,-0.0731653943657875,100,OK,MAP_UPDATE,OK,VISUAL_INERTIAL
991,1761211772860,57.93939158320427,-6.446294020861387,-57.74689093232155,-0.08251892775297165,-0.05250001326203346,-0.06460674852132797,100,OK,MAP_UPDATE,OK,VISUAL_INERTIAL
992,1761211772877,51.32157355546951,-6.612870376557112,-56.7798987030983,-0.08078134804964066,-0.04974399879574776,-0.05608778074383736,100,OK,MAP_UPDATE,OK,VISUAL_INERTIAL
993,1761211772894,44.84032839536667,-6.578695494681597,-55.854976177215576,-0.07932790368795395,-0.046673476696014404,-0.04766881838440895,100,OK,MAP_UPDATE,OK,VISUAL_INERTIAL
994,1761211772911,38.57305273413658,-6.127437576651573,-55.086176842451096,-0.0782090499997139,-0.04376290366053581,-0.03926070034503937,100,OK,MAP_UPDATE,OK,VISUAL_INERTIAL
995,1761211772927,32.39716589450836,-5.7144491001963615,-54.256606847047806,-0.07708214223384857,-0.0413958914577961,-0.030674275010824203,100,OK,MAP_UPDATE,OK,VISUAL_INERTIAL
996,1761211772944,26.159098371863365,-5.199328530579805,-53.30388993024826,-0.07604975998401642,-0.03951600193977356,-0.022236686199903488,100,OK,MAP_UPDATE,OK,VISUAL_INERTIAL
997,1761211772961,19.968008622527122,-5.239201709628105,-52.440498024225235,-0.07481449097394943,-0.03776019811630249,-0.01386831421405077,100,OK,MAP_UPDATE,OK,VISUAL_INERTIAL
998,1761211772977,13.812486082315445,-5.286078900098801,-51.778387278318405,-0.07378151267766953,-0.035922542214393616,-0.00569306081160903,100,OK,MAP_UPDATE,OK,VISUAL_INERTIAL
999,1761211772994,7.867766544222832,-5.50694577395916,-51.142167299985886,-0.07281892746686935,-0.034224268049001694,0.0023563923314213753,100,OK,MAP_UPDATE,OK,VISUAL_INERTIAL
1000,1761211773011,2.173736924305558,-5.907563958317041,-50.65949261188507,-0.07205136120319366,-0.033188752830028534,0.010205921716988087,100,OK,MAP_UPDATE,OK,VISUAL_INERTIAL
1001,1761211773027,-3.338681301102042,-6.188547238707542,-50.372954457998276,-0.07160566747188568,-0.03273762762546539,0.017854927107691765,100,OK,MAP_UPDATE,OK,VISUAL_INERTIAL
1002,1761211773044,-8.536799810826778,-6.411960814148188,-50.20785704255104,-0.07149707525968552,-0.03229217231273651,0.0251899603754282,100,OK,MAP_UPDATE,OK,VISUAL_INERTIAL
1003,1761211773060,-13.985197059810162,-6.898236460983753,-50.334811210632324,-0.0715053528547287,-0.03134701028466225,0.03232080861926079,100,OK,MAP_UPDATE,OK,VISUAL_INERTIAL
1004,1761211773077,-19.420849159359932,-7.368053309619427,-50.7049597799778,-0.07183467596769333,-0.029603833332657814,0.03930094465613365,100,OK,MAP_UPDATE,OK,VISUAL_INERTIAL
1005,1761211773094,-24.832889437675476,-7.873348891735077,-51.189277321100235,-0.07240274548530579,-0.027623526751995087,0.046201057732105255,100,OK,MAP_UPDATE,OK,VISUAL_INERTIAL
1006,1761211773111,-29.77238968014717,-8.364320732653141,-51.736366003751755,-0.0731838196516037,-0.025703614577651024,0.05278320983052254,100,OK,MAP_UPDATE,OK,VISUAL_INERTIAL
1007,1761211773127,-34.18246656656265,-8.451156318187714,-52.44575813412666,-0.07448534667491913,-0.024159220978617668,0.05899657681584358,100,OK,MAP_UPDATE,OK,VISUAL_INERTIAL
1008,1761211773144,-38.42293843626976,-8.703818544745445,-53.36309224367142,-0.07577523589134216,-0.02322324924170971,0.06501007825136185,100,OK,MAP_UPDATE,OK,VISUAL_INERTIAL
1009,1761211773161,-42.66030713915825,-9.104504249989986,-54.255325347185135,-0.07713369280099869,-0.022338557988405228,0.07085378468036652,100,OK,MAP_UPDATE,OK,VISUAL_INERTIAL
1010,1761211773177,-46.82401195168495,-9.628744795918465,-55.16359210014343,-0.07856351882219315,-0.021258797496557236,0.07651131600141525,100,OK,MAP_UPDATE,OK,VISUAL_INERTIAL
1011,1761211773194,-50.801679491996765,-10.02402976155281,-56.21067062020302,-0.08013319224119186,-0.01980658993124962,0.08189106732606888,100,OK,MAP_UPDATE,OK,VISUAL_INERTIAL
1012,1761211773210,-54.76288124918938,-10.227734223008156,-57.20047280192375,-0.08178972452878952,-0.018030468374490738,0.08721400797367096,100,OK,MAP_UPDATE,OK,VISUAL_INERTIAL
1013,1761211773227,-58.498650789260864,-10.449592024087906,-58.17502737045288,-0.08341986685991287,-0.016218239441514015,0.09224999696016312,100,OK,MAP_UPDATE,OK,VISUAL_INERTIAL
1014,1761211773244,-61.887286603450775,-10.723747313022614,-59.096064418554306,-0.08500578999519348,-0.014512589201331139,0.09701240062713623,100,OK,MAP_UPDATE,OK,VISUAL_INERTIAL
1015,1761211773261,-65.04761427640915,-11.039176024496555,-59.96311828494072,-0.08654779195785522,-0.012814229354262352,0.10162460803985596,100,OK,MAP_UPDATE,OK,VISUAL_INERTIAL
1016,1761211773277,-68.38066875934601,-11.491688899695873,-60.88675558567047,-0.08789864927530289,-0.011173254810273647,0.10590588301420212,100,OK,MAP_UPDATE,OK,VISUAL_INERTIAL
1017,1761211773294,-71.5736523270607,-11.925340630114079,-61.64785847067833,-0.08918683230876923,-0.009054278023540974,0.11001822352409363,100,OK,MAP_UPDATE,OK,VISUAL_INERTIAL
1018,1761211773310,-74.78258013725281,-12.370548211038113,-62.41234764456749,-0.09037255495786667,-0.006560957059264183,0.11404560506343842,100,OK,MAP_UPDATE,OK,VISUAL_INERTIAL
1019,1761211773327,-77.76843011379242,-12.899685651063919,-62.98307329416275,-0.09139364957809448,-0.004060057457536459,0.11800660938024521,100,OK,MAP_UPDATE,OK,VISUAL_INERTIAL
1020,1761211773344,-80.73112368583679,-13.370253145694733,-63.50422650575638,-0.09234201163053513,-0.0016374498372897506,0.1218969076871872,100,OK,MAP_UPDATE,OK,VISUAL_INERTIAL
1021,1761211773361,-83.57584476470947,-13.800636865198612,-63.880495727062225,-0.0931977778673172,0.0007026412058621645,0.12573443353176117,100,OK,MAP_UPDATE,OK,VISUAL_INERTIAL
1022,1761211773377,-86.42268925905228,-14.262106269598007,-64.11688774824142,-0.09386767446994781,0.0028519711922854185,0.12955918908119202,100,OK,MAP_UPDATE,OK,VISUAL_INERTIAL
1023,1761211773394,-89.19394761323929,-14.804625883698463,-64.24904614686966,-0.09434600174427032,0.004851394332945347,0.13335378468036652,100,OK,MAP_UPDATE,OK,VISUAL_INERTIAL
1024,1761211773410,-91.99155867099762,-15.311624854803085,-64.26435708999634,-0.09463752806186676,0.00667743943631649,0.13715888559818268,100,OK,MAP_UPDATE,OK,VISUAL_INERTIAL
1025,1761211773427,-94.91024166345596,-15.791984274983406,-64.1002431511879,-0.09472149610519409,0.008525012992322445,0.14099344611167908,100,OK,MAP_UPDATE,OK,VISUAL_INERTIAL
1026,1761211773444,-97.65779972076416,-16.052668914198875,-63.88618052005768,-0.094708152115345,0.010666671209037304,0.14478185772895813,100,OK,MAP_UPDATE,OK,VISUAL_INERTIAL
1027,1761211773461,-100.52772611379623,-16.41036756336689,-63.48888576030731,-0.09447047114372253,0.013023928739130497,0.14865846931934357,100,OK,MAP_UPDATE,OK,VISUAL_INERTIAL
1028,1761211773477,-103.56518626213074,-16.840530559420586,-63.06371092796326,-0.09411926567554474,0.015496855601668358,0.152619406580925,100,OK,MAP_UPDATE,OK,VISUAL_INERTIAL
1029,1761211773494,-106.43725842237473,-17.274610698223114,-62.40369752049446,-0.0936356857419014,0.017930448055267334,0.1567365974187851,100,OK,MAP_UPDATE,OK,VISUAL_INERTIAL
1030,1761211773510,-109.39044505357742,-17.643693834543228,-61.68137863278389,-0.09315721690654755,0.020073018968105316,0.16099920868873596,100,OK,MAP_UPDATE,OK,VISUAL_INERTIAL
1031,1761211773527,-112.20069974660873,-18.473820760846138,-60.619790107011795,-0.09220615029335022,0.022223712876439095,0.16523922979831696,100,OK,MAP_UPDATE,OK,VISUAL_INERTIAL
1032,1761211773544,-115.03373831510544,-18.84431391954422,-59.60807576775551,-0.0915088877081871,0.024558933451771736,0.16957207024097443,100,OK,MAP_UPDATE,OK,VISUAL_INERTIAL
1033,1761211773560,-118.63616108894348,-19.67625319957733,-58.934763073921204,-0.09077677130699158,0.026720955967903137,0.1742744892835617,100,OK,MAP_UPDATE,OK,VISUAL_INERTIAL
1034,1761211773577,-122.22375720739365,-20.25327831506729,-58.31589549779892,-0.09018360078334808,0.02901344560086727,0.17905838787555695,100,OK,MAP_UPDATE,OK,VISUAL_INERTIAL
1035,1761211773594,-125.85428357124329,-21.664312109351158,-57.6302707195282,-0.08899809420108795,0.031061623245477676,0.18393398821353912,100,OK,MAP_UPDATE,OK,VISUAL_INERTIAL
1036,1761211773610,-129.55869734287262,-22.660521790385246,-57.026270776987076,-0.08824001252651215,0.03329780325293541,0.18895098567008972,100,OK,MAP_UPDATE,OK,VISUAL_INERTIAL
1037,1761211773627,-133.26658308506012,-23.605667054653168,-56.162845343351364,-0.08745107799768448,0.03569534793496132,0.1939159482717514,100,OK,MAP_UPDATE,OK,VISUAL_INERTIAL
1038,1761211773644,-136.86718046665192,-24.568045511841774,-55.25271221995354,-0.08667553216218948,0.03832651674747467,0.1989223212003708,100,OK,MAP_UPDATE,OK,VISUAL_INERTIAL
1039,1761211773660,-140.4735893011093,-25.502042844891548,-54.27001789212227,-0.08604565262794495,0.04130338504910469,0.20401717722415924,100,OK,MAP_UPDATE,OK,VISUAL_INERTIAL
1040,1761211773677,-144.13487911224365,-26.418276131153107,-53.360529243946075,-0.08554331213235855,0.044590964913368225,0.20909571647644043,100,OK,MAP_UPDATE,OK,VISUAL_INERTIAL
1041,1761211773694,-147.96382188796997,-27.419745922088623,-52.398376166820526,-0.0851084515452385,0.04820320010185242,0.21427422761917114,100,OK,MAP_UPDATE,OK,VISUAL_INERTIAL
1042,1761211773710,-151.704341173172,-28.00293080508709,-51.56150460243225,-0.08500679582357407,0.05231213569641113,0.21951903402805328,100,OK,MAP_UPDATE,OK,VISUAL_INERTIAL
1043,1761211773727,-155.4756462574005,-28.494343161582947,-50.818152725696564,-0.08510926365852356,0.05650193616747856,0.2248271256685257,100,OK,MAP_UPDATE,OK,VISUAL_INERTIAL
1044,1761211773744,-159.3240350484848,-28.660550713539124,-50.09828507900238,-0.085398830473423,0.06084197387099266,0.230196014046669,100,OK,MAP_UPDATE,OK,VISUAL_INERTIAL
1045,1761211773760,-163.19020092487335,-29.33959662914276,-49.39815774559975,-0.08554665744304657,0.0652775689959526,0.23559485375881195,100,OK,MAP_UPDATE,OK,VISUAL_INERTIAL
1046,1761211773777,-166.89877212047577,-30.161097645759583,-48.778943717479706,-0.08568453043699265,0.06956750154495239,0.24103061854839325,100,OK,MAP_UPDATE,OK,VISUAL_INERTIAL
1047,1761211773794,-170.48656940460205,-30.79512156546116,-48.01130294799805,-0.08590229600667953,0.07411906123161316,0.246394544839859,100,OK,MAP_UPDATE,OK,VISUAL_INERTIAL
1048,1761211773810,-174.3169128894806,-31.771622598171234,-47.30556160211563,-0.08606348931789398,0.07907769083976746,0.25162360072135925,100,OK,MAP_UPDATE,OK,VISUAL_INERTIAL
1049,1761211773827,-178.29011380672455,-32.69925341010094,-46.65860906243324,-0.08639612048864365,0.08419770002365112,0.2568517327308655,100,OK,MAP_UPDATE,OK,VISUAL_INERTIAL
1050,1761211773844,-182.26702511310577,-33.6049348115921,-46.034492552280426,-0.08678585290908813,0.08912107348442078,0.2620598077774048,100,OK,MAP_UPDATE,OK,VISUAL_INERTIAL
1051,1761211773860,-186.13120913505554,-34.60616245865822,-45.411065220832825,-0.08706488460302353,0.09339593350887299,0.2672969102859497,100,OK,MAP_UPDATE,OK,VISUAL_INERTIAL
1052,1761211773877,-190.12019038200378,-36.04591637849808,-45.30349373817444,-0.08727266639471054,0.09721997380256653,0.2727331817150116,100,OK,MAP_UPDATE,OK,VISUAL_INERTIAL
1053,1761211773894,-194.22893226146698,-37.399888038635254,-44.977471232414246,-0.08757773041725159,0.1020887941122055,0.277980774641037,100,OK,MAP_UPDATE,OK,VISUAL_INERTIAL
1054,1761211773910,-198.61432909965515,-39.011433720588684,-44.75954547524452,-0.08797469735145569,0.10746623575687408,0.28314605355262756,100,OK,MAP_UPDATE,OK,VISUAL_INERTIAL
1055,1761211773927,-202.73379981517792,-40.595680475234985,-44.359974563121796,-0.08832789212465286,0.11320596933364868,0.2882826626300812,100,OK,MAP_UPDATE,OK,VISUAL_INERTIAL
1056,1761211773944,-206.65912330150604,-42.27612912654877,-43.884385377168655,-0.08862592279911041,0.118690125644207,0.29324716329574585,100,OK,MAP_UPDATE,OK,VISUAL_INERTIAL
1057,1761211773960,-210.4535847902298,-43.945059180259705,-43.27598586678505,-0.08891698718070984,0.12466441094875336,0.2981055676937103,100,OK,MAP_UPDATE,OK,VISUAL_INERTIAL
1058,1761211773977,-214.23500776290894,-45.36065459251404,-42.757902294397354,-0.08950299024581909,0.13072402775287628,0.3028798997402191,100,OK,MAP_UPDATE,OK,VISUAL_INERTIAL
1059,1761211773994,-217.83053874969482,-46.48727551102638,-42.23671555519104,-0.09026306867599487,0.1365964561700821,0.30753782391548157,100,OK,MAP_UPDATE,OK,VISUAL_INERTIAL
1060,1761211774010,-221.05203568935394,-47.823742032051086,-41.84133931994438,-0.09077068418264389,0.14134006202220917,0.3120236396789551,100,OK,MAP_UPDATE,OK,VISUAL_INERTIAL
1061,1761211774027,-223.9202857017517,-48.45356196165085,-41.31189361214638,-0.09169408679008484,0.14605113863945007,0.31661757826805115,100,OK,MAP_UPDATE,OK,VISUAL_INERTIAL
1062,1761211774044,-226.99357569217682,-49.70729351043701,-40.67974537611008,-0.09220650047063828,0.1503482460975647,0.32091185450553894,100,OK,MAP_UPDATE,OK,VISUAL_INERTIAL
1063,1761211774060,-229.7271490097046,-50.7967509329319,-40.1129312813282,-0.09275682270526886,0.15496064722537994,0.32482901215553284,100,OK,MAP_UPDATE,OK,VISUAL_INERTIAL
1064,1761211774077,-232.4579805135727,-51.927223801612854,-39.47987034916878,-0.09326165914535522,0.15930818021297455,0.3283795118331909,100,OK,MAP_UPDATE,OK,VISUAL_INERTIAL
1065,1761211774094,-234.5760464668274,-52.50222608447075,-39.00725021958351,-0.0939062088727951,0.16345195472240448,0.3315761387348175,100,OK,MAP_UPDATE,OK,VISUAL_INERTIAL
1066,1761211774110,-236.67849600315094,-53.100693970918655,-38.64515572786331,-0.09457024931907654,0.16711731255054474,0.33461514115333557,100,OK,MAP_UPDATE,OK,VISUAL_INERTIAL
1067,1761211774127,-238.6559396982193,-53.73571440577507,-38.22658583521843,-0.09510447084903717,0.17027807235717773,0.33756914734840393,100,OK,MAP_UPDATE,OK,VISUAL_INERTIAL
1068,1761211774144,-240.5947744846344,-54.359070956707,-37.938378751277924,-0.09557821601629257,0.17394348978996277,0.34022295475006104,100,OK,MAP_UPDATE,OK,VISUAL_INERTIAL
1069,1761211774160,-242.84030497074127,-54.98422682285309,-37.56490349769592,-0.0962921679019928,0.1786414533853531,0.3428754508495331,100,OK,MAP_UPDATE,OK,VISUAL_INERTIAL
1070,1761211774177,-245.1440840959549,-55.57705461978912,-37.10820525884628,-0.09712706506252289,0.18369676172733307,0.3455917537212372,100,OK,MAP_UPDATE,OK,VISUAL_INERTIAL
1071,1761211774194,-247.16059863567352,-56.29615858197212,-36.550939083099365,-0.09762492775917053,0.18932978808879852,0.3477567434310913,100,OK,MAP_UPDATE,OK,VISUAL_INERTIAL
1072,1761211774210,-249.08722937107086,-56.78894743323326,-35.93412786722183,-0.09842539578676224,0.19516651332378387,0.3498435318470001,100,OK,MAP_UPDATE,OK,VISUAL_INERTIAL
1073,1761211774227,-250.6829798221588,-57.38307163119316,-35.26156023144722,-0.09900366514921188,0.20046621561050415,0.3517787456512451,100,OK,MAP_UPDATE,OK,VISUAL_INERTIAL
1074,1761211774244,-251.88913941383362,-57.98051133751869,-34.645818173885345,-0.09942757338285446,0.20545877516269684,0.35358744859695435,100,OK,MAP_UPDATE,OK,VISUAL_INERTIAL
1075,1761211774260,-253.17656993865967,-58.77289175987244,-33.9847169816494,-0.0996050015091896,0.21122974157333374,0.3552609980106354,100,OK,MAP_UPDATE,OK,VISUAL_INERTIAL
1076,1761211774277,-254.4698417186737,-59.83785167336464,-33.24581682682037,-0.10011503100395203,0.2193780541419983,0.3568911552429199,100,OK,MAP_UPDATE,OK,VISUAL_INERTIAL
1077,1761211774294,-255.34871220588684,-60.65822020173073,-32.00026601552963,-0.10103944689035416,0.22920069098472595,0.35818129777908325,100,OK,MAP_UPDATE,OK,VISUAL_INERTIAL
1078,1761211774310,-257.09623098373413,-61.40792742371559,-30.961094424128532,-0.10184349864721298,0.23849141597747803,0.35968461632728577,100,OK,MAP_UPDATE,OK,VISUAL_INERTIAL
1079,1761211774327,-258.5003674030304,-62.05814331769943,-29.824107885360718,-0.10239417850971222,0.2471359670162201,0.3612680435180664,100,OK,MAP_UPDATE,OK,VISUAL_INERTIAL
1080,1761211774344,-259.5430016517639,-62.570251524448395,-28.59177440404892,-0.10269418358802795,0.2547171711921692,0.3627834618091583,100,OK,MAP_UPDATE,OK,VISUAL_INERTIAL
1081,1761211774360,-260.59114933013916,-62.955260276794434,-27.598949149250984,-0.10294394195079803,0.2618347406387329,0.3640623688697815,100,OK,MAP_UPDATE,OK,VISUAL_INERTIAL
1082,1761211774377,-261.72733306884766,-63.34730237722397,-26.50507166981697,-0.10331222414970398,0.26896268129348755,0.3653775751590729,100,OK,MAP_UPDATE,OK,VISUAL_INERTIAL
1083,1761211774394,-262.9345655441284,-63.832201063632965,-25.380384176969528,-0.10365575551986694,0.276236891746521,0.3666868805885315,100,OK,MAP_UPDATE,OK,VISUAL_INERTIAL
1084,1761211774410,-264.0688717365265,-64.29474800825119,-24.28104728460312,-0.10398813337087631,0.2835541069507599,0.3680519759654999,100,OK,MAP_UPDATE,OK,VISUAL_INERTIAL
1085,1761211774427,-265.14866948127747,-64.68605995178223,-23.10839481651783,-0.10420286655426025,0.29028502106666565,0.36937227845191956,100,OK,MAP_UPDATE,OK,VISUAL_INERTIAL
1086,1761211774444,-266.0926878452301,-65.14506787061691,-22.09029532968998,-0.10422120243310928,0.29655924439430237,0.37078261375427246,100,OK,MAP_UPDATE,OK,VISUAL_INERTIAL
1087,1761211774461,-267.2808766365051,-65.65574556589127,-21.018825471401215,-0.10430090874433517,0.30277153849601746,0.3722003698348999,100,OK,MAP_UPDATE,OK,VISUAL_INERTIAL
1088,1761211774477,-268.61846446990967,-66.15301966667175,-19.869744777679443,-0.10453598946332932,0.30946025252342224,0.37359920144081116,100,OK,MAP_UPDATE,OK,VISUAL_INERTIAL
1089,1761211774494,-269.9945569038391,-66.57709181308746,-18.786218017339706,-0.10498826205730438,0.31684771180152893,0.3749595582485199,100,OK,MAP_UPDATE,OK,VISUAL_INERTIAL
1090,1761211774510,-271.31250500679016,-66.92233681678772,-17.640557140111923,-0.10549072176218033,0.32415080070495605,0.3763118386268616,100,OK,MAP_UPDATE,OK,VISUAL_INERTIAL
1091,1761211774527,-272.54849672317505,-67.0798271894455,-16.52464084327221,-0.10611870884895325,0.3313344419002533,0.37766751646995544,100,OK,MAP_UPDATE,OK,VISUAL_INERTIAL
1092,1761211774544,-273.3250558376312,-67.24188476800919,-15.38723986595869,-0.10656502097845078,0.33855682611465454,0.37889188528060913,100,OK,MAP_UPDATE,OK,VISUAL_INERTIAL
1093,1761211774560,-273.9686667919159,-67.54521280527115,-14.41977173089981,-0.10697922855615616,0.34519892930984497,0.3801371455192566,100,OK,MAP_UPDATE,OK,VISUAL_INERTIAL
1094,1761211774577,-274.50793981552124,-67.96933710575104,-13.53640016168356,-0.10743206739425659,0.35097911953926086,0.3812989294528961,100,OK,MAP_UPDATE,OK,VISUAL_INERTIAL
1095,1761211774594,-275.2501666545868,-68.38800013065338,-12.923208065330982,-0.10807374864816666,0.3564518988132477,0.3824872076511383,100,OK,MAP_UPDATE,OK,VISUAL_INERTIAL
1096,1761211774610,-276.0946452617645,-68.85797530412674,-12.309595942497253,-0.10874450206756592,0.3618323802947998,0.38370802998542786,100,OK,MAP_UPDATE,OK,VISUAL_INERTIAL
1097,1761211774627,-277.25234627723694,-69.2225769162178,-11.831258423626423,-0.10980914533138275,0.3677453100681305,0.3848349452018738,100,OK,MAP_UPDATE,OK,VISUAL_INERTIAL
1098,1761211774644,-278.4390449523926,-69.83049213886261,-11.322041973471642,-0.11089495569467545,0.37406089901924133,0.3859851360321045,100,OK,MAP_UPDATE,OK,VISUAL_INERTIAL
1099,1761211774660,-279.7706723213196,-70.32675296068192,-10.89691836386919,-0.11240033060312271,0.3808358609676361,0.3870619237422943,100,OK,MAP_UPDATE,OK,VISUAL_INERTIAL
1100,1761211774677,-281.0512185096741,-70.83069533109665,-10.555829852819443,-0.11406100541353226,0.38769060373306274,0.3883010447025299,100,OK,MAP_UPDATE,OK,VISUAL_INERTIAL
1101,1761211774694,-282.23711252212524,-71.44562900066376,-10.275484062731266,-0.11580086499452591,0.3943847417831421,0.38958898186683655,100,OK,MAP_UPDATE,OK,VISUAL_INERTIAL
1102,1761211774710,-283.4121584892273,-71.95261120796204,-10.220751166343689,-0.11784563958644867,0.4005714952945709,0.39087510108947754,100,OK,MAP_UPDATE,OK,VISUAL_INERTIAL
1103,1761211774727,-284.6066355705261,-72.6260244846344,-10.408331640064716,-0.1198924332857132,0.40602079033851624,0.3922848105430603,100,OK,MAP_UPDATE,OK,VISUAL_INERTIAL
1104,1761211774744,-285.38551926612854,-74.09108430147171,-10.848640464246273,-0.1214587539434433,0.4107227325439453,0.3940557837486267,100,OK,MAP_UPDATE,OK,VISUAL_INERTIAL
1105,1761211774761,-286.3501310348511,-75.6569653749466,-11.540058068931103,-0.12339035421609879,0.4149218499660492,0.3957095742225647,100,OK,MAP_UPDATE,OK,VISUAL_INERTIAL
1106,1761211774777,-287.52800822257996,-76.97518914937973,-12.491542845964432,-0.12568889558315277,0.41831347346305847,0.39721959829330444,100,OK,MAP_UPDATE,OK,VISUAL_INERTIAL
1107,1761211774794,-288.89286518096924,-78.04220169782639,-13.740262016654015,-0.12847858667373657,0.420712411403656,0.3988156020641327,100,OK,MAP_UPDATE,OK,VISUAL_INERTIAL
1108,1761211774810,-290.319561958313,-79.18208092451096,-15.299641527235508,-0.13156533241271973,0.42239007353782654,0.40061426162719727,100,OK,MAP_UPDATE,OK,VISUAL_INERTIAL
1109,1761211774827,-292.0980751514435,-80.25459945201874,-17.00580306351185,-0.13519811630249023,0.4244202971458435,0.4023890793323517,100,OK,MAP_UPDATE,OK,VISUAL_INERTIAL
1110,1761211774844,-294.038325548172,-81.24475926160812,-18.958183005452156,-0.13936831057071686,0.42703092098236084,0.40417346358299255,100,OK,MAP_UPDATE,OK,VISUAL_INERTIAL
1111,1761211774860,-296.0357964038849,-82.31459558010101,-21.09571546316147,-0.14389006793498993,0.42942628264427185,0.40604168176651,100,OK,MAP_UPDATE,OK,VISUAL_INERTIAL
1112,1761211774877,-297.9012429714203,-83.47705751657486,-23.524215444922447,-0.14862604439258575,0.43115147948265076,0.40802738070487976,100,OK,MAP_UPDATE,OK,VISUAL_INERTIAL
1113,1761211774894,-299.7515797615051,-84.62970703840256,-26.28217451274395,-0.1534746140241623,0.4318055808544159,0.4100593626499176,100,OK,MAP_UPDATE,OK,VISUAL_INERTIAL
1114,1761211774910,-301.5735149383545,-85.92576533555984,-29.330866411328316,-0.15843337774276733,0.43124377727508545,0.41225650906562805,100,OK,MAP_UPDATE,OK,VISUAL_INERTIAL
1115,1761211774927,-303.4594655036926,-87.3064249753952,-32.665204256772995,-0.16364321112632751,0.43035170435905457,0.4144069254398346,100,OK,MAP_UPDATE,OK,VISUAL_INERTIAL
1116,1761211774944,-305.6250214576721,-88.35049718618393,-36.18219122290611,-0.16939270496368408,0.4294952154159546,0.41650182008743286,100,OK,MAP_UPDATE,OK,VISUAL_INERTIAL
1117,1761211774960,-307.7442944049835,-89.80696648359299,-39.75317254662514,-0.17499853670597076,0.42856377363204956,0.41878214478492737,100,OK,MAP_UPDATE,OK,VISUAL_INERTIAL
1118,1761211774977,-310.099333524704,-91.15377813577652,-43.45003888010979,-0.18097428977489471,0.4275153875350952,0.4211367964744568,100,OK,MAP_UPDATE,OK,VISUAL_INERTIAL
1119,1761211774994,-312.14839220046997,-92.90320426225662,-47.318410128355026,-0.186745747923851,0.4264792203903198,0.42365318536758423,100,OK,MAP_UPDATE,OK,VISUAL_INERTIAL
1120,1761211775010,-314.703106880188,-94.98463571071625,-51.2312650680542,-0.19272947311401367,0.4256123900413513,0.4263917803764343,100,OK,MAP_UPDATE,OK,VISUAL_INERTIAL
1121,1761211775027,-317.5550103187561,-96.86391800642014,-54.99164015054703,-0.19914814829826355,0.4251706600189209,0.42905938625335693,100,OK,MAP_UPDATE,OK,VISUAL_INERTIAL
1122,1761211775044,-320.36688923835754,-98.73047471046448,-58.83403122425079,-0.2056601196527481,0.424895316362381,0.43175724148750305,100,OK,MAP_UPDATE,OK,VISUAL_INERTIAL
1123,1761211775060,-323.15772771835327,-100.68928450345993,-62.653638422489166,-0.21227021515369415,0.4245966970920563,0.43468981981277466,100,OK,MAP_UPDATE,OK,VISUAL_INERTIAL
1124,1761211775077,-325.8751928806305,-102.66825556755066,-66.51181727647781,-0.2190232127904892,0.4244537651538849,0.43770238757133484,100,OK,MAP_UPDATE,OK,VISUAL_INERTIAL
1125,1761211775094,-328.71606945991516,-104.9640029668808,-70.37696242332458,-0.22568519413471222,0.42434749007225037,0.44099199771881104,100,OK,MAP_UPDATE,OK,VISUAL_INERTIAL
1126,1761211775110,-331.7570090293884,-106.96164518594742,-74.11312311887741,-0.23277653753757477,0.4247155785560608,0.4442879557609558,100,OK,MAP_UPDATE,OK,VISUAL_INERTIAL
1127,1761211775127,-334.6576392650604,-109.36484485864639,-77.93130725622177,-0.23954227566719055,0.4251102805137634,0.4478534162044525,100,OK,MAP_UPDATE,OK,VISUAL_INERTIAL
1128,1761211775144,-337.751567363739,-111.6710975766182,-81.67538046836853,-0.24651189148426056,0.42568135261535645,0.45137926936149597,100,OK,MAP_UPDATE,OK,VISUAL_INERTIAL
1129,1761211775160,-340.81798791885376,-114.29855227470398,-85.40061116218567,-0.2534012794494629,0.42618122696876526,0.45507514476776123,100,OK,MAP_UPDATE,OK,VISUAL_INERTIAL
1130,1761211775177,-343.8226282596588,-117.10435152053833,-89.15018290281296,-0.26016080379486084,0.4266856908798218,0.4588851034641266,100,OK,MAP_UPDATE,OK,VISUAL_INERTIAL
1131,1761211775194,-346.99687361717224,-119.81931328773499,-92.68601983785629,-0.26713597774505615,0.4274331033229828,0.46275943517684937,100,OK,MAP_UPDATE,OK,VISUAL_INERTIAL
1132,1761211775210,-348.74653816223145,-123.37459623813629,-96.00085765123367,-0.27271753549575806,0.4287441074848175,0.46681302785873413,100,OK,MAP_UPDATE,OK,VISUAL_INERTIAL
1133,1761211775227,-350.9036600589752,-126.97052955627441,-99.41334277391434,-0.2787540853023529,0.42983078956604004,0.470659077167511,100,OK,MAP_UPDATE,OK,VISUAL_INERTIAL
1134,1761211775244,-353.2777726650238,-130.35200536251068,-102.94313728809357,-0.28506115078926086,0.43040502071380615,0.47452816367149353,100,OK,MAP_UPDATE,OK,VISUAL_INERTIAL
1135,1761211775260,-355.93685507774353,-133.7241232395172,-106.49214684963226,-0.2912673056125641,0.4301961660385132,0.4785287380218506,100,OK,MAP_UPDATE,OK,VISUAL_INERTIAL
1136,1761211775277,-358.8498830795288,-136.85180246829987,-110.03020405769348,-0.29752659797668457,0.42958903312683105,0.48262089490890503,100,OK,MAP_UPDATE,OK,VISUAL_INERTIAL
1137,1761211775294,-361.92482709884644,-139.83508944511414,-113.50677162408829,-0.3037152886390686,0.42887991666793823,0.48683619499206543,100,OK,MAP_UPDATE,OK,VISUAL_INERTIAL
1138,1761211775310,-365.24462699890137,-142.55549013614655,-116.76756292581558,-0.309915691614151,0.4282331168651581,0.49107328057289124,100,OK,MAP_UPDATE,OK,VISUAL_INERTIAL
1139,1761211775327,-368.5455620288849,-145.27195692062378,-119.82891708612442,-0.315907746553421,0.42751267552375793,0.4953995943069458,100,OK,MAP_UPDATE,OK,VISUAL_INERTIAL
1140,1761211775344,-372.0371127128601,-147.7893739938736,-122.67603725194931,-0.321762353181839,0.42651984095573425,0.4997437596321106,100,OK,MAP_UPDATE,OK,VISUAL_INERTIAL
1141,1761211775360,-375.23776292800903,-150.5209058523178,-125.36023557186127,-0.32708898186683655,0.42541879415512085,0.5040880441665649,100,OK,MAP_UPDATE,OK,VISUAL_INERTIAL
1142,1761211775377,-378.1474828720093,-153.18924188613892,-128.09982895851135,-0.33210909366607666,0.4243169128894806,0.5083813071250916,100,OK,MAP_UPDATE,OK,VISUAL_INERTIAL
1143,1761211775394,-381.1262845993042,-155.78866004943848,-130.49545884132385,-0.3369547426700592,0.4231235682964325,0.5126171708106995,100,OK,MAP_UPDATE,OK,VISUAL_INERTIAL
1144,1761211775410,-383.19677114486694,-158.6310863494873,-132.6800286769867,-0.3408162593841553,0.42230379581451416,0.5169174075126648,100,OK,MAP_UPDATE,OK,VISUAL_INERTIAL
1145,1761211775427,-385.4358494281769,-161.52027249336243,-134.72674787044525,-0.344706267118454,0.4215628504753113,0.5210350155830383,100,OK,MAP_UPDATE,OK,VISUAL_INERTIAL
1146,1761211775444,-387.78722286224365,-164.00812566280365,-136.58463954925537,-0.3486230671405792,0.42106640338897705,0.524673342704773,100,OK,MAP_UPDATE,OK,VISUAL_INERTIAL
1147,1761211775460,-390.00096917152405,-166.40624403953552,-138.41833174228668,-0.3521977961063385,0.42052891850471497,0.5282057523727417,100,OK,MAP_UPDATE,OK,VISUAL_INERTIAL
1148,1761211775477,-392.0957148075104,-168.62395405769348,-139.99700546264648,-0.35543185472488403,0.419837087392807,0.5315425992012024,100,OK,MAP_UPDATE,OK,VISUAL_INERTIAL
1149,1761211775494,-394.02657747268677,-170.57526111602783,-141.47640764713287,-0.35836565494537354,0.4188629388809204,0.5346308946609497,100,OK,MAP_UPDATE,OK,VISUAL_INERTIAL
1150,1761211775510,-395.76438069343567,-172.42087423801422,-142.854705452919,-0.36084243655204773,0.41761747002601624,0.5375467538833618,100,OK,MAP_UPDATE,OK,VISUAL_INERTIAL
1151,1761211775527,-397.4420428276062,-173.81879687309265,-144.07122135162354,-0.36322373151779175,0.4165976047515869,0.5399634838104248,100,OK,MAP_UPDATE,OK,VISUAL_INERTIAL
1152,1761211775544,-398.95516633987427,-175.04392564296722,-145.2069878578186,-0.3654957413673401,0.41595667600631714,0.5420145988464355,100,OK,MAP_UPDATE,OK,VISUAL_INERTIAL
1153,1761211775560,-400.20933747291565,-176.17669701576233,-146.2213397026062,-0.3676130175590515,0.41561195254325867,0.543716549873352,100,OK,MAP_UPDATE,OK,VISUAL_INERTIAL
1154,1761211775577,-401.24213695526123,-177.33079195022583,-147.1768468618393,-0.36963027715682983,0.4154379367828369,0.5452295541763306,100,OK,MAP_UPDATE,OK,VISUAL_INERTIAL
1155,1761211775594,-402.0574390888214,-178.15545201301575,-148.15255999565125,-0.37171265482902527,0.4155309200286865,0.5463289618492126,100,OK,MAP_UPDATE,OK,VISUAL_INERTIAL
1156,1761211775611,-402.6912748813629,-178.98975312709808,-149.14384484291077,-0.37347686290740967,0.41518640518188477,0.5471991896629333,100,OK,MAP_UPDATE,OK,VISUAL_INERTIAL
1157,1761211775627,-402.9574692249298,-179.81082201004028,-150.15210211277008,-0.37487533688545227,0.4146045744419098,0.5477879047393799,100,OK,MAP_UPDATE,OK,VISUAL_INERTIAL
1158,1761211775644,-403.2219350337982,-180.35148084163666,-151.15989744663239,-0.37641724944114685,0.414131760597229,0.5479919910430908,100,OK,MAP_UPDATE,OK,VISUAL_INERTIAL
1159,1761211775660,-403.4043252468109,-180.8818280696869,-152.14622020721436,-0.37803298234939575,0.41400086879730225,0.5480291247367859,100,OK,MAP_UPDATE,OK,VISUAL_INERTIAL
1160,1761211775677,-403.6482572555542,-181.25663697719574,-153.04338932037354,-0.3798764646053314,0.41453665494918823,0.5478223562240601,100,OK,MAP_UPDATE,OK,VISUAL_INERTIAL
1161,1761211775694,-403.6664068698883,-181.6457211971283,-153.92228960990906,-0.3816096782684326,0.41571366786956787,0.5473918914794922,100,OK,MAP_UPDATE,OK,VISUAL_INERTIAL
1162,1761211775710,-403.6902189254761,-182.03872442245483,-154.6604335308075,-0.38337165117263794,0.4172922968864441,0.5468693971633911,100,OK,MAP_UPDATE,OK,VISUAL_INERTIAL
1163,1761211775727,-403.62057089805603,-182.28472769260406,-155.39774298667908,-0.38521915674209595,0.4194415211677551,0.5460008978843689,100,OK,MAP_UPDATE,OK,VISUAL_INERTIAL
1164,1761211775744,-403.4876525402069,-182.31891095638275,-156.1017781496048,-0.38736072182655334,0.42235350608825684,0.5447831153869629,100,OK,MAP_UPDATE,OK,VISUAL_INERTIAL
1165,1761211775760,-403.2434821128845,-182.5050562620163,-156.87032043933868,-0.3896578848361969,0.425636887550354,0.5434450507164001,100,OK,MAP_UPDATE,OK,VISUAL_INERTIAL
1166,1761211775777,-402.7104675769806,-182.36711621284485,-157.77884423732758,-0.39209282398223877,0.42927271127700806,0.5419679284095764,100,OK,MAP_UPDATE,OK,VISUAL_INERTIAL
1167,1761211775794,-402.150422334671,-182.16313421726227,-158.70004892349243,-0.3945697247982025,0.43278801441192627,0.5403375029563904,100,OK,MAP_UPDATE,OK,VISUAL_INERTIAL
1168,1761211775810,-401.5469551086426,-182.10256099700928,-159.55205261707306,-0.3968835473060608,0.43632280826568604,0.5386563539505005,100,OK,MAP_UPDATE,OK,VISUAL_INERTIAL
1169,1761211775827,-400.93064308166504,-182.026669383049,-160.3621542453766,-0.3991469442844391,0.44004881381988525,0.5367950797080994,100,OK,MAP_UPDATE,OK,VISUAL_INERTIAL
1170,1761211775844,-400.29144287109375,-181.93592131137848,-161.09220683574677,-0.40131404995918274,0.44385701417922974,0.5347484946250916,100,OK,MAP_UPDATE,OK,VISUAL_INERTIAL
1171,1761211775860,-399.6773958206177,-181.8084418773651,-161.78444027900696,-0.40356317162513733,0.4479110836982727,0.5324357151985168,100,OK,MAP_UPDATE,OK,VISUAL_INERTIAL
1172,1761211775877,-398.91934394836426,-181.57964944839478,-162.5429391860962,-0.40603649616241455,0.45238858461380005,0.5298748016357422,100,OK,MAP_UPDATE,OK,VISUAL_INERTIAL
1173,1761211775894,-398.0126678943634,-181.28272891044617,-163.3199155330658,-0.4084867835044861,0.4568568766117096,0.5271574854850769,100,OK,MAP_UPDATE,OK,VISUAL_INERTIAL
1174,1761211775910,-397.08828926086426,-180.92693388462067,-164.18983042240143,-0.4108045697212219,0.46083006262779236,0.524373471736908,100,OK,MAP_UPDATE,OK,VISUAL_INERTIAL
1175,1761211775927,-395.9406316280365,-180.58662116527557,-165.3013527393341,-0.4131089150905609,0.4643992483615875,0.5215460658073425,100,OK,MAP_UPDATE,OK,VISUAL_INERTIAL
1176,1761211775944,-394.82608437538147,-180.1408976316452,-166.4953976869583,-0.415488600730896,0.4676136374473572,0.518663763999939,100,OK,MAP_UPDATE,OK,VISUAL_INERTIAL
1177,1761211775960,-393.71564984321594,-179.6857863664627,-167.81240701675415,-0.41790199279785156,0.4707496464252472,0.5157017707824707,100,OK,MAP_UPDATE,OK,VISUAL_INERTIAL
1178,1761211775977,-392.6961123943329,-179.14479970932007,-169.18781399726868,-0.4205767512321472,0.4740273356437683,0.5126176476478577,100,OK,MAP_UPDATE,OK,VISUAL_INERTIAL
1179,1761211775994,-391.4799988269806,-178.70600521564484,-170.64900696277618,-0.42320725321769714,0.47747230529785156,0.5093910694122314,100,OK,MAP_UPDATE,OK,VISUAL_INERTIAL
1180,1761211776010,-390.2725577354431,-178.34560573101044,-172.1697598695755,-0.4259409010410309,0.4808304011821747,0.5060312151908875,100,OK,MAP_UPDATE,OK,VISUAL_INERTIAL
1181,1761211776027,-388.90889286994934,-178.04846167564392,-173.79406094551086,-0.42872655391693115,0.48400595784187317,0.502642810344696,100,OK,MAP_UPDATE,OK,VISUAL_INERTIAL
1182,1761211776044,-387.5356614589691,-177.68263816833496,-175.48097670078278,-0.4317454397678375,0.48695138096809387,0.49912041425704956,100,OK,MAP_UPDATE,OK,VISUAL_INERTIAL
1183,1761211776061,-386.2656354904175,-177.26732790470123,-177.41186916828156,-0.4349517226219177,0.48947808146476746,0.4955613315105438,100,OK,MAP_UPDATE,OK,VISUAL_INERTIAL
1184,1761211776077,-384.806364774704,-177.0104318857193,-179.52358722686768,-0.43806108832359314,0.49157392978668213,0.49203410744667053,100,OK,MAP_UPDATE,OK,VISUAL_INERTIAL
1185,1761211776094,-383.1978738307953,-176.78220570087433,-181.85211718082428,-0.44115516543388367,0.4930730164051056,0.4884851276874542,100,OK,MAP_UPDATE,OK,VISUAL_INERTIAL
1186,1761211776110,-381.6904127597809,-176.5916347503662,-184.2331886291504,-0.44437286257743835,0.49379271268844604,0.4850320816040039,100,OK,MAP_UPDATE,OK,VISUAL_INERTIAL
1187,1761211776127,-380.2213966846466,-176.452174782753,-186.8973821401596,-0.4477991461753845,0.49412405490875244,0.48156997561454773,100,OK,MAP_UPDATE,OK,VISUAL_INERTIAL
1188,1761211776144,-378.78498435020447,-176.41659080982208,-189.58786129951477,-0.451262503862381,0.4943285584449768,0.4782382547855377,100,OK,MAP_UPDATE,OK,VISUAL_INERTIAL
1189,1761211776160,-377.44370102882385,-176.30374431610107,-192.44223833084106,-0.4550253748893738,0.4946129322052002,0.474863737821579,100,OK,MAP_UPDATE,OK,VISUAL_INERTIAL
1190,1761211776177,-376.1007487773895,-176.40331387519836,-195.33419609069824,-0.45874059200286865,0.4950263500213623,0.47153764963150024,100,OK,MAP_UPDATE,OK,VISUAL_INERTIAL
1191,1761211776194,-374.7411370277405,-176.41887068748474,-198.2446163892746,-0.4625663757324219,0.4955528676509857,0.4681219160556793,100,OK,MAP_UPDATE,OK,VISUAL_INERTIAL
1192,1761211776210,-373.41663241386414,-176.49728059768677,-201.17312669754028,-0.46644049882888794,0.4956000745296478,0.46486786007881165,100,OK,MAP_UPDATE,OK,VISUAL_INERTIAL
1193,1761211776227,-372.00668454170227,-176.6166388988495,-204.1797935962677,-0.470237672328949,0.49518173933029175,0.46173548698425293,100,OK,MAP_UPDATE,OK,VISUAL_INERTIAL
1194,1761211776244,-370.5683946609497,-176.81002616882324,-207.27293193340302,-0.4740389883518219,0.49428629875183105,0.4587385058403015,100,OK,MAP_UPDATE,OK,VISUAL_INERTIAL
1195,1761211776260,-369.24630403518677,-177.1494299173355,-210.36921441555023,-0.4778331220149994,0.493195116519928,0.4558761417865753,100,OK,MAP_UPDATE,OK,VISUAL_INERTIAL
1196,1761211776277,-368.00089478492737,-177.56600677967072,-213.41881155967712,-0.4815952181816101,0.49226877093315125,0.4530269503593445,100,OK,MAP_UPDATE,OK,VISUAL_INERTIAL
1197,1761211776294,-366.75554513931274,-177.88778245449066,-216.46402776241302,-0.48543623089790344,0.49164313077926636,0.45018500089645386,100,OK,MAP_UPDATE,OK,VISUAL_INERTIAL
1198,1761211776310,-365.6594753265381,-178.31872403621674,-219.47374939918518,-0.48931166529655457,0.4911191761493683,0.44748708605766296,100,OK,MAP_UPDATE,OK,VISUAL_INERTIAL
1199,1761211776327,-364.6140694618225,-178.6929965019226,-222.39209711551666,-0.4932553470134735,0.4906403720378876,0.44484084844589233,100,OK,MAP_UPDATE,OK,VISUAL_INERTIAL
1200,1761211776344,-363.5278344154358,-179.1415810585022,-225.29275715351105,-0.49703195691108704,0.4897949695587158,0.4423556625843048,100,OK,MAP_UPDATE,OK,VISUAL_INERTIAL
1201,1761211776360,-362.49494552612305,-179.734006524086,-228.14752161502838,-0.5006635189056396,0.4884776175022125,0.44013720750808716,100,OK,MAP_UPDATE,OK,VISUAL_INERTIAL
1202,1761211776377,-361.61550879478455,-180.44637143611908,-230.87263107299805,-0.504130482673645,0.4869639277458191,0.4380355179309845,100,OK,MAP_UPDATE,OK,VISUAL_INERTIAL
1203,1761211776394,-360.735148191452,-180.9617429971695,-233.58577489852905,-0.5076684951782227,0.48555076122283936,0.4360317587852478,100,OK,MAP_UPDATE,OK,VISUAL_INERTIAL
1204,1761211776410,-359.78323221206665,-181.65701627731323,-236.22101545333862,-0.5108563899993896,0.4840499758720398,0.43421339988708496,100,OK,MAP_UPDATE,OK,VISUAL_INERTIAL
1205,1761211776427,-358.85676741600037,-182.4130266904831,-238.81174623966217,-0.5139034390449524,0.4822692275047302,0.43261992931365967,100,OK,MAP_UPDATE,OK,VISUAL_INERTIAL
1206,1761211776444,-357.9673171043396,-183.19422006607056,-241.3567453622818,-0.5169191360473633,0.4803523123264313,0.4310055673122406,100,OK,MAP_UPDATE,OK,VISUAL_INERTIAL
1207,1761211776460,-357.2411835193634,-183.75958502292633,-244.2677766084671,-0.520258367061615,0.47831636667251587,0.4292624294757843,100,OK,MAP_UPDATE,OK,VISUAL_INERTIAL
1208,1761211776477,-356.4479351043701,-184.37960743904114,-247.02727794647217,-0.5234339237213135,0.4758492708206177,0.42777061462402344,100,OK,MAP_UPDATE,OK,VISUAL_INERTIAL
1209,1761211776494,-355.6927442550659,-184.94674563407898,-249.74952638149261,-0.5265111327171326,0.47280561923980713,0.4264618456363678,100,OK,MAP_UPDATE,OK,VISUAL_INERTIAL
1210,1761211776510,-354.7649085521698,-185.53435802459717,-252.46334075927734,-0.529265284538269,0.4689450263977051,0.4255046248435974,100,OK,MAP_UPDATE,OK,VISUAL_INERTIAL
1211,1761211776527,-353.9942800998688,-186.1901730298996,-255.13935089111328,-0.5319960713386536,0.46488893032073975,0.4246949851512909,100,OK,MAP_UPDATE,OK,VISUAL_INERTIAL
1212,1761211776544,-353.39730978012085,-186.96853518486023,-257.6550245285034,-0.5347931385040283,0.46165359020233154,0.4238133728504181,100,OK,MAP_UPDATE,OK,VISUAL_INERTIAL
1213,1761211776560,-352.95945405960083,-187.6622587442398,-260.0443959236145,-0.5377230644226074,0.45920073986053467,0.42277994751930237,100,OK,MAP_UPDATE,OK,VISUAL_INERTIAL
1214,1761211776577,-352.4704873561859,-188.28286230564117,-262.33962178230286,-0.5406612157821655,0.4572654664516449,0.4216303825378418,100,OK,MAP_UPDATE,OK,VISUAL_INERTIAL
1215,1761211776594,-351.80413722991943,-188.83877992630005,-264.6045982837677,-0.543583333492279,0.45566681027412415,0.42046305537223816,100,OK,MAP_UPDATE,OK,VISUAL_INERTIAL
1216,1761211776610,-351.12738609313965,-189.59350883960724,-266.87267422676086,-0.5464900732040405,0.4540231227874756,0.4192681908607483,100,OK,MAP_UPDATE,OK,VISUAL_INERTIAL
1217,1761211776627,-350.43615102767944,-190.50249457359314,-269.18575167655945,-0.5495361685752869,0.4522751271724701,0.41817617416381836,100,OK,MAP_UPDATE,OK,VISUAL_INERTIAL
1218,1761211776644,-349.7795760631561,-191.34142994880676,-271.59494161605835,-0.5528022050857544,0.45054587721824646,0.41697826981544495,100,OK,MAP_UPDATE,OK,VISUAL_INERTIAL
1219,1761211776660,-349.1140305995941,-192.37272441387177,-274.0260362625122,-0.5560299754142761,0.4486601948738098,0.41579321026802063,100,OK,MAP_UPDATE,OK,VISUAL_INERTIAL
1220,1761211776677,-348.42297434806824,-193.37932765483856,-276.55884623527527,-0.5593794584274292,0.44666147232055664,0.41453760862350464,100,OK,MAP_UPDATE,OK,VISUAL_INERTIAL
1221,1761211776694,-347.7385342121124,-194.33064758777618,-279.20523285865784,-0.5628765821456909,0.4447019696235657,0.41316530108451843,100,OK,MAP_UPDATE,OK,VISUAL_INERTIAL
1222,1761211776710,-346.9094932079315,-195.437490940094,-281.76966309547424,-0.5662984251976013,0.4429059624671936,0.41176408529281616,100,OK,MAP_UPDATE,OK,VISUAL_INERTIAL
1223,1761211776727,-346.0601568222046,-196.77649438381195,-284.39050912857056,-0.5698652267456055,0.4414454400539398,0.41029226779937744,100,OK,MAP_UPDATE,OK,VISUAL_INERTIAL
1224,1761211776744,-345.36445140838623,-197.73463904857635,-287.13932633399963,-0.5739336013793945,0.4403584599494934,0.40852048993110657,100,OK,MAP_UPDATE,OK,VISUAL_INERTIAL
1225,1761211776760,-344.3159759044647,-199.0353912115097,-289.8251414299011,-0.5776352882385254,0.4393922686576843,0.4070172905921936,100,OK,MAP_UPDATE,OK,VISUAL_INERTIAL
1226,1761211776777,-343.56412291526794,-200.14511048793793,-292.68878698349,-0.5816906094551086,0.43836385011672974,0.4053735136985779,100,OK,MAP_UPDATE,OK,VISUAL_INERTIAL
1227,1761211776794,-342.8598642349243,-201.06594264507294,-295.60014605522156,-0.5858247876167297,0.43726861476898193,0.4035857319831848,100,OK,MAP_UPDATE,OK,VISUAL_INERTIAL
1228,1761211776810,-341.6914641857147,-202.01416313648224,-298.4151840209961,-0.5896604061126709,0.43610572814941406,0.4021833539009094,100,OK,MAP_UPDATE,OK,VISUAL_INERTIAL
1229,1761211776827,-340.6773507595062,-202.7846723794937,-301.2843132019043,-0.5934619307518005,0.4343789219856262,0.400656521320343,100,OK,MAP_UPDATE,OK,VISUAL_INERTIAL
1230,1761211776844,-339.6431505680084,-203.61438393592834,-304.0739893913269,-0.5969209671020508,0.43195027112960815,0.3992263376712799,100,OK,MAP_UPDATE,OK,VISUAL_INERTIAL
1231,1761211776860,-338.5675549507141,-204.41864430904388,-306.678831577301,-0.599975049495697,0.4291704595088959,0.3978540897369385,100,OK,MAP_UPDATE,OK,VISUAL_INERTIAL
1232,1761211776877,-337.44150400161743,-205.11721074581146,-309.1053068637848,-0.6025453805923462,0.42620477080345154,0.39640143513679504,100,OK,MAP_UPDATE,OK,VISUAL_INERTIAL
1233,1761211776894,-336.21498942375183,-205.5491954088211,-311.3723695278168,-0.6047395467758179,0.42327675223350525,0.3947286009788513,100,OK,MAP_UPDATE,OK,VISUAL_INERTIAL
1234,1761211776910,-334.77783203125,-205.87904751300812,-313.4338855743408,-0.6064480543136597,0.41999804973602295,0.39299148321151733,100,OK,MAP_UPDATE,OK,VISUAL_INERTIAL
1235,1761211776927,-333.1350088119507,-205.99839091300964,-315.4784142971039,-0.6079477071762085,0.41650354862213135,0.39105847477912903,100,OK,MAP_UPDATE,OK,VISUAL_INERTIAL
1236,1761211776944,-331.32484555244446,-205.81145584583282,-317.42042303085327,-0.6093544363975525,0.4132463335990906,0.3887287378311157,100,OK,MAP_UPDATE,OK,VISUAL_INERTIAL
1237,1761211776960,-329.3789029121399,-205.56816458702087,-319.19118762016296,-0.6103692054748535,0.40983816981315613,0.3862442672252655,100,OK,MAP_UPDATE,OK,VISUAL_INERTIAL
1238,1761211776977,-327.2557854652405,-204.9604058265686,-320.9361433982849,-0.6111963987350464,0.40638458728790283,0.3833494186401367,100,OK,MAP_UPDATE,OK,VISUAL_INERTIAL
1239,1761211776994,-324.82409477233887,-204.2432427406311,-322.5489556789398,-0.6115259528160095,0.4028296172618866,0.3803116977214813,100,OK,MAP_UPDATE,OK,VISUAL_INERTIAL
1240,1761211777011,-322.2155272960663,-203.3378928899765,-324.0203559398651,-0.6115885972976685,0.3990758955478668,0.37704965472221375,100,OK,MAP_UPDATE,OK,VISUAL_INERTIAL
1241,1761211777027,-319.62868571281433,-202.41619646549225,-325.3059983253479,-0.6114652156829834,0.39539384841918945,0.3736705780029297,100,OK,MAP_UPDATE,OK,VISUAL_INERTIAL
1242,1761211777044,-316.84038043022156,-201.22458040714264,-326.4867663383484,-0.6112088561058044,0.39231008291244507,0.36983004212379456,100,OK,MAP_UPDATE,OK,VISUAL_INERTIAL
1243,1761211777060,-314.058393239975,-199.93256032466888,-327.6631832122803,-0.611077606678009,0.3897704780101776,0.3657427728176117,100,OK,MAP_UPDATE,OK,VISUAL_INERTIAL
1244,1761211777077,-311.06725335121155,-198.67509603500366,-328.72334122657776,-0.6107158660888672,0.3878994584083557,0.3614481985569,100,OK,MAP_UPDATE,OK,VISUAL_INERTIAL
1245,1761211777094,-307.7564835548401,-197.15431332588196,-329.62584495544434,-0.610594630241394,0.38694897294044495,0.3569509983062744,100,OK,MAP_UPDATE,OK,VISUAL_INERTIAL
1246,1761211777110,-304.5348823070526,-195.9175318479538,-330.56917786598206,-0.6103907823562622,0.38621678948402405,0.3521394729614258,100,OK,MAP_UPDATE,OK,VISUAL_INERTIAL
1247,1761211777127,-301.22750997543335,-194.73141431808472,-331.50070905685425,-0.6101438403129578,0.3856041431427002,0.3471124470233917,100,OK,MAP_UPDATE,OK,VISUAL_INERTIAL
1248,1761211777144,-297.87328839302063,-193.2852417230606,-332.556813955307,-0.6100362539291382,0.3847566843032837,0.3418342173099518,100,OK,MAP_UPDATE,OK,VISUAL_INERTIAL
1249,1761211777160,-294.364333152771,-191.86101853847504,-333.5038423538208,-0.6098017692565918,0.38364139199256897,0.33658865094184875,100,OK,MAP_UPDATE,OK,VISUAL_INERTIAL
1250,1761211777177,-290.78933596611023,-190.50930440425873,-334.38605070114136,-0.6092900633811951,0.38262873888015747,0.3311939835548401,100,OK,MAP_UPDATE,OK,VISUAL_INERTIAL
1251,1761211777194,-287.18551993370056,-188.9788955450058,-335.3176414966583,-0.60877925157547,0.3818523585796356,0.3256409466266632,100,OK,MAP_UPDATE,OK,VISUAL_INERTIAL
1252,1761211777210,-283.64789485931396,-187.4377578496933,-336.1092209815979,-0.6082674264907837,0.38153913617134094,0.31992295384407043,100,OK,MAP_UPDATE,OK,VISUAL_INERTIAL
1253,1761211777227,-280.1899015903473,-185.87347865104675,-336.8280827999115,-0.6077613830566406,0.38171517848968506,0.31410232186317444,100,OK,MAP_UPDATE,OK,VISUAL_INERTIAL
1254,1761211777244,-276.672899723053,-184.25332009792328,-337.5129699707031,-0.6072036623954773,0.38178199529647827,0.3082103431224823,100,OK,MAP_UPDATE,OK,VISUAL_INERTIAL
1255,1761211777260,-272.9615569114685,-182.6752871274948,-338.17291259765625,-0.6064791679382324,0.3812845051288605,0.30234596133232117,100,OK,MAP_UPDATE,OK,VISUAL_INERTIAL
1256,1761211777277,-268.9584493637085,-181.18275701999664,-338.9299511909485,-0.6055538654327393,0.38012877106666565,0.2966967225074768,100,OK,MAP_UPDATE,OK,VISUAL_INERTIAL
1257,1761211777294,-265.11096954345703,-179.4438362121582,-339.6776020526886,-0.6048109531402588,0.3785192668437958,0.2909580171108246,100,OK,MAP_UPDATE,OK,VISUAL_INERTIAL
1258,1761211777310,-261.30345463752747,-177.85674333572388,-340.3817117214203,-0.6038551926612854,0.37703052163124084,0.2851696014404297,100,OK,MAP_UPDATE,OK,VISUAL_INERTIAL
1259,1761211777327,-257.04583525657654,-175.72933435440063,-340.95630049705505,-0.6031591892242432,0.37648913264274597,0.27916693687438965,100,OK,MAP_UPDATE,OK,VISUAL_INERTIAL
1260,1761211777344,-252.89851427078247,-173.80096018314362,-341.5942192077637,-0.6022822260856628,0.3759653866291046,0.27312204241752625,100,OK,MAP_UPDATE,OK,VISUAL_INERTIAL
1261,1761211777360,-248.77339601516724,-172.05950617790222,-342.1817719936371,-0.601175844669342,0.37506479024887085,0.26722991466522217,100,OK,MAP_UPDATE,OK,VISUAL_INERTIAL
1262,1761211777377,-244.62050199508667,-170.34079134464264,-342.7266776561737,-0.5999003648757935,0.37403547763824463,0.26122748851776123,100,OK,MAP_UPDATE,OK,VISUAL_INERTIAL
1263,1761211777394,-240.51833152770996,-168.54840517044067,-343.1365489959717,-0.5985282063484192,0.37293195724487305,0.25527268648147583,100,OK,MAP_UPDATE,OK,VISUAL_INERTIAL
1264,1761211777410,-236.47841811180115,-166.82325303554535,-343.4097468852997,-0.5969417691230774,0.3721041679382324,0.24934688210487366,100,OK,MAP_UPDATE,OK,VISUAL_INERTIAL
1265,1761211777427,-232.56736993789673,-165.0506556034088,-343.58593821525574,-0.595346987247467,0.37157928943634033,0.24337024986743927,100,OK,MAP_UPDATE,OK,VISUAL_INERTIAL
1266,1761211777444,-228.75937819480896,-163.31163048744202,-343.63338351249695,-0.5936936140060425,0.37122055888175964,0.2373855859041214,100,OK,MAP_UPDATE,OK,VISUAL_INERTIAL
1267,1761211777461,-224.8932123184204,-161.62465512752533,-343.6671793460846,-0.5920206904411316,0.3709411025047302,0.2313893437385559,100,OK,MAP_UPDATE,OK,VISUAL_INERTIAL
1268,1761211777477,-220.89752554893494,-160.15668213367462,-343.70169043540955,-0.5902756452560425,0.370609849691391,0.22563660144805908,100,OK,MAP_UPDATE,OK,VISUAL_INERTIAL
1269,1761211777494,-216.70790016651154,-158.6201786994934,-343.79756450653076,-0.5885109305381775,0.3700702488422394,0.21979005634784698,100,OK,MAP_UPDATE,OK,VISUAL_INERTIAL
1270,1761211777510,-212.5624120235443,-157.08111226558685,-343.9399302005768,-0.5867517590522766,0.36918118596076965,0.21396175026893616,100,OK,MAP_UPDATE,OK,VISUAL_INERTIAL
1271,1761211777527,-208.48622918128967,-155.52912652492523,-343.96713972091675,-0.5849121809005737,0.3679894804954529,0.20811717212200165,100,OK,MAP_UPDATE,OK,VISUAL_INERTIAL
1272,1761211777544,-204.4510692358017,-153.91437709331512,-343.9864218235016,-0.5830370783805847,0.3666277229785919,0.20233719050884247,100,OK,MAP_UPDATE,OK,VISUAL_INERTIAL
1273,1761211777560,-200.03855228424072,-151.9881933927536,-343.97369623184204,-0.5813353657722473,0.3652728199958801,0.19665981829166412,100,OK,MAP_UPDATE,OK,VISUAL_INERTIAL
1274,1761211777577,-195.81259787082672,-150.20713210105896,-343.98090839385986,-0.579362690448761,0.3637857437133789,0.1909564733505249,100,OK,MAP_UPDATE,OK,VISUAL_INERTIAL
1275,1761211777594,-191.61134958267212,-148.4536975622177,-343.9010679721832,-0.5772966146469116,0.36227771639823914,0.18531012535095215,100,OK,MAP_UPDATE,OK,VISUAL_INERTIAL
1276,1761211777610,-187.38001585006714,-146.65988087654114,-343.8659906387329,-0.5753199458122253,0.3609658479690552,0.17949455976486206,100,OK,MAP_UPDATE,OK,VISUAL_INERTIAL
1277,1761211777627,-183.16611647605896,-145.02501487731934,-343.7085747718811,-0.5732091069221497,0.359609991312027,0.17376694083213806,100,OK,MAP_UPDATE,OK,VISUAL_INERTIAL
1278,1761211777644,-178.99513244628906,-143.3977335691452,-343.58227252960205,-0.571132481098175,0.3579726219177246,0.16808564960956573,100,OK,MAP_UPDATE,OK,VISUAL_INERTIAL
1279,1761211777660,-174.7485250234604,-141.82130992412567,-343.37201714515686,-0.5689111351966858,0.35619333386421204,0.1624692976474762,100,OK,MAP_UPDATE,OK,VISUAL_INERTIAL
1280,1761211777677,-170.4137921333313,-140.36355912685394,-343.1016504764557,-0.5665828585624695,0.35425856709480286,0.15706698596477509,100,OK,MAP_UPDATE,OK,VISUAL_INERTIAL
1281,1761211777694,-166.2047952413559,-138.9928013086319,-342.83483028411865,-0.5641865730285645,0.3522605299949646,0.15172633528709412,100,OK,MAP_UPDATE,OK,VISUAL_INERTIAL
1282,1761211777710,-161.97526454925537,-137.8491371870041,-342.5701856613159,-0.5616593360900879,0.35016918182373047,0.14631152153015137,100,OK,MAP_UPDATE,OK,VISUAL_INERTIAL
1283,1761211777727,-157.68475830554962,-136.46300137043,-342.3641622066498,-0.5594725012779236,0.3478681445121765,0.1407826691865921,100,OK,MAP_UPDATE,OK,VISUAL_INERTIAL
1284,1761211777744,-153.35722267627716,-135.09772717952728,-342.19032526016235,-0.5572881698608398,0.3451705276966095,0.13526929914951324,100,OK,MAP_UPDATE,OK,VISUAL_INERTIAL
1285,1761211777760,-148.97659420967102,-133.64554941654205,-342.0175611972809,-0.5551509261131287,0.3421792984008789,0.12972986698150635,100,OK,MAP_UPDATE,OK,VISUAL_INERTIAL
1286,1761211777777,-144.52001452445984,-131.9582462310791,-341.97473526000977,-0.5532602667808533,0.3391134738922119,0.12425951659679413,100,OK,MAP_UPDATE,OK,VISUAL_INERTIAL
1287,1761211777794,-140.04318416118622,-130.33099472522736,-341.943234205246,-0.5512389540672302,0.33603939414024353,0.11858054995536804,100,OK,MAP_UPDATE,OK,VISUAL_INERTIAL
1288,1761211777810,-135.45715808868408,-128.75033915042877,-341.9506251811981,-0.5492478013038635,0.33287179470062256,0.11288457363843918,100,OK,MAP_UPDATE,OK,VISUAL_INERTIAL
1289,1761211777827,-130.86862862110138,-127.24967300891876,-341.9244885444641,-0.5472533106803894,0.3294498920440674,0.10704035311937332,100,OK,MAP_UPDATE,OK,VISUAL_INERTIAL
1290,1761211777844,-126.2311041355133,-125.8760541677475,-341.9075608253479,-0.5452959537506104,0.32584595680236816,0.10121772438287735,100,OK,MAP_UPDATE,OK,VISUAL_INERTIAL
1291,1761211777860,-121.37264013290405,-124.51909482479095,-341.8803811073303,-0.5433287024497986,0.3220994770526886,0.09527193754911423,100,OK,MAP_UPDATE,OK,VISUAL_INERTIAL
1292,1761211777877,-116.58424139022827,-123.09857457876205,-341.93187952041626,-0.5415123105049133,0.31791600584983826,0.0892554298043251,100,OK,MAP_UPDATE,OK,VISUAL_INERTIAL
1293,1761211777894,-111.62040382623672,-121.85987830162048,-342.06512570381165,-0.5396053194999695,0.3136271834373474,0.08330275118350983,100,OK,MAP_UPDATE,OK,VISUAL_INERTIAL
1294,1761211777910,-106.56260699033737,-120.71838974952698,-342.1548902988434,-0.5376965403556824,0.3093622624874115,0.07724572718143463,100,OK,MAP_UPDATE,OK,VISUAL_INERTIAL
1295,1761211777927,-101.39982402324677,-119.70554292201996,-342.21160411834717,-0.5358152985572815,0.3050287663936615,0.07119987159967422,100,OK,MAP_UPDATE,OK,VISUAL_INERTIAL
1296,1761211777944,-96.10386192798615,-118.75583976507187,-342.31075644493103,-0.5339476466178894,0.3005135953426361,0.06493277102708817,100,OK,MAP_UPDATE,OK,VISUAL_INERTIAL
1297,1761211777960,-90.63803404569626,-117.85724014043808,-342.47660636901855,-0.5322182774543762,0.2958836555480957,0.05849572643637657,100,OK,MAP_UPDATE,OK,VISUAL_INERTIAL
1298,1761211777977,-85.3932574391365,-116.92369729280472,-342.90048480033875,-0.5308074355125427,0.2909081280231476,0.05192360281944275,100,OK,MAP_UPDATE,OK,VISUAL_INERTIAL
1299,1761211777994,-79.94389533996582,-115.86184799671173,-343.3193862438202,-0.5296124815940857,0.2858412563800812,0.04525161534547806,100,OK,MAP_UPDATE,OK,VISUAL_INERTIAL
1300,1761211778010,-74.47304576635361,-115.05226790904999,-343.71528029441833,-0.5283752083778381,0.28074145317077637,0.03867025300860405,100,OK,MAP_UPDATE,OK,VISUAL_INERTIAL
1301,1761211778027,-68.85061413049698,-114.30739611387253,-344.1373109817505,-0.5272232294082642,0.275732159614563,0.03196164593100548,100,OK,MAP_UPDATE,OK,VISUAL_INERTIAL
1302,1761211778044,-63.14719468355179,-113.70356380939484,-344.595730304718,-0.5261412262916565,0.2706478536128998,0.025203878059983253,100,OK,MAP_UPDATE,OK,VISUAL_INERTIAL
1303,1761211778060,-57.370875030756,-113.13965916633606,-345.0869917869568,-0.5253305435180664,0.26562434434890747,0.01820758543908596,100,OK,MAP_UPDATE,OK,VISUAL_INERTIAL
1304,1761211778077,-51.63942277431488,-112.60311305522919,-345.6241488456726,-0.5246224403381348,0.2608092427253723,0.011048344895243645,100,OK,MAP_UPDATE,OK,VISUAL_INERTIAL
1305,1761211778094,-45.91498523950577,-112.14159429073334,-346.1768329143524,-0.5239667892456055,0.25638359785079956,0.0036793434992432594,100,OK,MAP_UPDATE,OK,VISUAL_INERTIAL
1306,1761211778110,-40.08138179779053,-111.82805150747299,-346.75970673561096,-0.5233743190765381,0.2523168623447418,-0.0037437572609633207,100,OK,MAP_UPDATE,OK,VISUAL_INERTIAL
1307,1761211778127,-34.495316445827484,-111.40893399715424,-347.5295305252075,-0.5230500102043152,0.2485683113336563,-0.011517235077917576,100,OK,MAP_UPDATE,OK,VISUAL_INERTIAL
1308,1761211778144,-29.131146147847176,-110.94741523265839,-348.5901653766632,-0.5230687856674194,0.24511614441871643,-0.01939491182565689,100,OK,MAP_UPDATE,OK,VISUAL_INERTIAL
1309,1761211778160,-23.49049411714077,-110.59853434562683,-349.4386076927185,-0.5229480266571045,0.2426256388425827,-0.027444174513220787,100,OK,MAP_UPDATE,OK,VISUAL_INERTIAL
1310,1761211778177,-17.734531313180923,-110.37839204072952,-350.23626685142517,-0.522698163986206,0.2406032383441925,-0.03563912957906723,100,OK,MAP_UPDATE,OK,VISUAL_INERTIAL
1311,1761211778194,-11.812123470008373,-110.28873175382614,-350.9151041507721,-0.522357165813446,0.2385452538728714,-0.043767619878053665,100,OK,MAP_UPDATE,OK,VISUAL_INERTIAL
1312,1761211778210,-5.593352485448122,-110.2563738822937,-351.46281123161316,-0.5218805074691772,0.23619745671749115,-0.05180974677205086,100,OK,MAP_UPDATE,OK,VISUAL_INERTIAL
1313,1761211778227,0.43105933582410216,-110.4583814740181,-351.82949900627136,-0.5211237072944641,0.2332897186279297,-0.059733420610427856,100,OK,MAP_UPDATE,OK,VISUAL_INERTIAL
1314,1761211778244,6.621406879276037,-110.5104461312294,-352.20015048980713,-0.5204029679298401,0.23047490417957306,-0.06768263876438141,100,OK,MAP_UPDATE,OK,VISUAL_INERTIAL
1315,1761211778260,12.506683357059956,-110.53287982940674,-352.46074199676514,-0.5196630954742432,0.22792589664459229,-0.07540248334407806,100,OK,MAP_UPDATE,OK,VISUAL_INERTIAL
1316,1761211778277,18.02542619407177,-110.6039434671402,-352.63559222221375,-0.5188507437705994,0.22559624910354614,-0.08312652260065079,100,OK,MAP_UPDATE,OK,VISUAL_INERTIAL
1317,1761211778294,23.20903167128563,-110.60106754302979,-352.86611318588257,-0.5181182622909546,0.22302299737930298,-0.09041715413331985,100,OK,MAP_UPDATE,OK,VISUAL_INERTIAL
1318,1761211778310,28.522778302431107,-110.55682599544525,-352.9740869998932,-0.5174242854118347,0.2202182412147522,-0.09743241965770721,100,OK,MAP_UPDATE,OK,VISUAL_INERTIAL
1319,1761211778327,33.78218412399292,-110.50531268119812,-353.0256152153015,-0.5167404413223267,0.2168688327074051,-0.1041109636425972,100,OK,MAP_UPDATE,OK,VISUAL_INERTIAL
1320,1761211778344,39.239928126335144,-110.44778674840927,-353.0535697937012,-0.5160344243049622,0.21313044428825378,-0.11057014763355255,100,OK,MAP_UPDATE,OK,VISUAL_INERTIAL
1321,1761211778360,44.36474293470383,-110.45960336923599,-353.0152142047882,-0.5153290629386902,0.20911158621311188,-0.11677592992782593,100,OK,MAP_UPDATE,OK,VISUAL_INERTIAL
1322,1761211778377,49.12536218762398,-110.51230132579803,-352.93903946876526,-0.5146249532699585,0.20555706322193146,-0.12276887893676758,100,OK,MAP_UPDATE,OK,VISUAL_INERTIAL
1323,1761211778394,53.675539791584015,-110.57934910058975,-352.8432548046112,-0.5138489007949829,0.20251664519309998,-0.12862326204776764,100,OK,MAP_UPDATE,OK,VISUAL_INERTIAL
1324,1761211778410,58.062005788087845,-110.7562854886055,-352.742999792099,-0.513053834438324,0.1996055692434311,-0.13402587175369263,100,OK,MAP_UPDATE,OK,VISUAL_INERTIAL
1325,1761211778427,62.38582357764244,-110.72824895381927,-352.63165831565857,-0.5123348832130432,0.19653311371803284,-0.1393834799528122,100,OK,MAP_UPDATE,OK,VISUAL_INERTIAL
1326,1761211778444,66.86132401227951,-110.71668565273285,-352.53921151161194,-0.5116342306137085,0.19292670488357544,-0.14445622265338898,100,OK,MAP_UPDATE,OK,VISUAL_INERTIAL
1327,1761211778460,71.27941399812698,-110.73148995637894,-352.35774517059326,-0.5109772086143494,0.18812793493270874,-0.14909043908119202,100,OK,MAP_UPDATE,OK,VISUAL_INERTIAL
1328,1761211778477,75.58220624923706,-110.88407039642334,-352.1515130996704,-0.5103103518486023,0.18263466656208038,-0.15341529250144958,100,OK,MAP_UPDATE,OK,VISUAL_INERTIAL
1329,1761211778494,79.14074510335922,-111.03642731904984,-352.3179590702057,-0.5097920298576355,0.17705021798610687,-0.1577618420124054,100,OK,MAP_UPDATE,OK,VISUAL_INERTIAL
1330,1761211778510,82.77324587106705,-110.96154153347015,-352.29578614234924,-0.5092733502388,0.1719183623790741,-0.1620892435312271,100,OK,MAP_UPDATE,OK,VISUAL_INERTIAL
1331,1761211778527,86.36952936649323,-110.89811474084854,-352.14757919311523,-0.5086411833763123,0.16717387735843658,-0.16640836000442505,100,OK,MAP_UPDATE,OK,VISUAL_INERTIAL
1332,1761211778544,90.0140181183815,-110.80577969551086,-351.88671946525574,-0.507912278175354,0.1625232994556427,-0.17075960338115692,100,OK,MAP_UPDATE,OK,VISUAL_INERTIAL
1333,1761211778560,93.80834549665451,-110.75427383184433,-351.5077233314514,-0.5071358680725098,0.1577157825231552,-0.174987331032753,100,OK,MAP_UPDATE,OK,VISUAL_INERTIAL
1334,1761211778577,97.66071289777756,-110.70475727319717,-351.0470688343048,-0.5063091516494751,0.15261730551719666,-0.17910315096378326,100,OK,MAP_UPDATE,OK,VISUAL_INERTIAL
1335,1761211778594,101.5397235751152,-110.73785275220871,-350.48454999923706,-0.5053370594978333,0.14752250909805298,-0.18313851952552795,100,OK,MAP_UPDATE,OK,VISUAL_INERTIAL
1336,1761211778611,105.43615370988846,-110.8180359005928,-349.8227298259735,-0.5042622089385986,0.14247871935367584,-0.1871735006570816,100,OK,MAP_UPDATE,OK,VISUAL_INERTIAL
1337,1761211778627,109.12922769784927,-110.6889620423317,-349.12970662117004,-0.5032227635383606,0.1377396136522293,-0.19124160706996918,100,OK,MAP_UPDATE,OK,VISUAL_INERTIAL
1338,1761211778644,112.8145381808281,-110.53364723920822,-348.41176867485046,-0.502008855342865,0.13317611813545227,-0.195456862449646,100,OK,MAP_UPDATE,OK,VISUAL_INERTIAL
1339,1761211778660,116.50902032852173,-110.24335026741028,-347.6753234863281,-0.5007992386817932,0.12859797477722168,-0.19950559735298157,100,OK,MAP_UPDATE,OK,VISUAL_INERTIAL
1340,1761211778677,120.15512585639954,-110.1287454366684,-346.85760736465454,-0.49937888979911804,0.12404930591583252,-0.2036525309085846,100,OK,MAP_UPDATE,OK,VISUAL_INERTIAL
1341,1761211778694,123.80260229110718,-110.0216805934906,-345.8811044692993,-0.4978826642036438,0.11987732350826263,-0.20764759182929993,100,OK,MAP_UPDATE,OK,VISUAL_INERTIAL
1342,1761211778710,127.46076285839081,-109.88130420446396,-344.84946727752686,-0.49631646275520325,0.1156381219625473,-0.21167545020580292,100,OK,MAP_UPDATE,OK,VISUAL_INERTIAL
1343,1761211778727,131.0960203409195,-109.73858088254929,-343.79440546035767,-0.4947473704814911,0.11138683557510376,-0.21568816900253296,100,OK,MAP_UPDATE,OK,VISUAL_INERTIAL
1344,1761211778744,134.51899588108063,-109.42021757364273,-342.77570247650146,-0.49334225058555603,0.10663003474473953,-0.21979033946990967,100,OK,MAP_UPDATE,OK,VISUAL_INERTIAL
1345,1761211778760,138.16045224666595,-109.13266986608505,-341.75193309783936,-0.49199551343917847,0.10166383534669876,-0.22387807071208954,100,OK,MAP_UPDATE,OK,VISUAL_INERTIAL
1346,1761211778777,141.91220700740814,-108.97598415613174,-340.6665027141571,-0.4906357526779175,0.09657750278711319,-0.22793549299240112,100,OK,MAP_UPDATE,OK,VISUAL_INERTIAL
1347,1761211778794,145.65640687942505,-108.95591974258423,-339.5257294178009,-0.4891875982284546,0.09169159829616547,-0.23198315501213074,100,OK,MAP_UPDATE,OK,VISUAL_INERTIAL
1348,1761211778810,149.42431449890137,-109.01375859975815,-338.3890390396118,-0.4877097010612488,0.08699408173561096,-0.23594701290130615,100,OK,MAP_UPDATE,OK,VISUAL_INERTIAL
1349,1761211778827,153.24276685714722,-109.0058758854866,-337.25252747535706,-0.4863373637199402,0.0825570821762085,-0.24003809690475464,100,OK,MAP_UPDATE,OK,VISUAL_INERTIAL
1350,1761211778844,157.06704556941986,-109.13455486297607,-336.10638976097107,-0.4849851131439209,0.07807809859514236,-0.24412882328033447,100,OK,MAP_UPDATE,OK,VISUAL_INERTIAL
1351,1761211778860,161.18553280830383,-109.33643579483032,-335.08554100990295,-0.4837721586227417,0.07316583395004272,-0.24815285205841064,100,OK,MAP_UPDATE,OK,VISUAL_INERTIAL
1352,1761211778877,165.41136801242828,-109.64194685220718,-334.0202569961548,-0.48273250460624695,0.06718890368938446,-0.25201883912086487,100,OK,MAP_UPDATE,OK,VISUAL_INERTIAL
1353,1761211778894,169.61492598056793,-109.9458560347557,-333.0535590648651,-0.48187360167503357,0.060460157692432404,-0.2556760907173157,100,OK,MAP_UPDATE,OK,VISUAL_INERTIAL
1354,1761211778910,173.25468361377716,-110.32149940729141,-332.00812339782715,-0.4808134138584137,0.0543680302798748,-0.2596137225627899,100,OK,MAP_UPDATE,OK,VISUAL_INERTIAL
1355,1761211778927,176.82519555091858,-110.76377332210541,-330.8602273464203,-0.4795948266983032,0.04920746386051178,-0.26367565989494324,100,OK,MAP_UPDATE,OK,VISUAL_INERTIAL
1356,1761211778944,180.130735039711,-111.20763421058655,-329.59696650505066,-0.4781428277492523,0.044462140649557114,-0.267777681350708,100,OK,MAP_UPDATE,OK,VISUAL_INERTIAL
1357,1761211778960,183.95142257213593,-111.41304671764374,-328.25767993927,-0.4768531620502472,0.03991123288869858,-0.271829217672348,100,OK,MAP_UPDATE,OK,VISUAL_INERTIAL
1358,1761211778977,188.0131959915161,-111.6255670785904,-326.77122950553894,-0.47548535466194153,0.03486679494380951,-0.275790810585022,100,OK,MAP_UPDATE,OK,VISUAL_INERTIAL
1359,1761211778994,192.28090345859528,-111.76582425832748,-325.32715797424316,-0.4741525650024414,0.028992772102355957,-0.27966558933258057,100,OK,MAP_UPDATE,OK,VISUAL_INERTIAL
1360,1761211779010,196.48592174053192,-111.24345660209656,-324.0261375904083,-0.47332581877708435,0.022336339578032494,-0.2833773195743561,100,OK,MAP_UPDATE,OK,VISUAL_INERTIAL
1361,1761211779027,200.33465325832367,-111.04493588209152,-322.65377044677734,-0.4721534848213196,0.015899458900094032,-0.2873848080635071,100,OK,MAP_UPDATE,OK,VISUAL_INERTIAL
1362,1761211779044,204.03552055358887,-110.99115014076233,-321.3019371032715,-0.47084036469459534,0.009747342206537724,-0.29154300689697266,100,OK,MAP_UPDATE,OK,VISUAL_INERTIAL
1363,1761211779060,207.825168967247,-111.07142269611359,-319.875568151474,-0.46947693824768066,0.00378013146109879,-0.29573115706443787,100,OK,MAP_UPDATE,OK,VISUAL_INERTIAL
1364,1761211779077,211.67640388011932,-111.36612296104431,-318.37689876556396,-0.4679815471172333,-0.002276115817949176,-0.2999707758426666,100,OK,MAP_UPDATE,OK,VISUAL_INERTIAL
1365,1761211779094,215.71192145347595,-111.72784119844437,-316.82339310646057,-0.466548889875412,-0.008644146844744682,-0.30424031615257263,100,OK,MAP_UPDATE,OK,VISUAL_INERTIAL
1366,1761211779110,219.70537304878235,-112.14380711317062,-315.2211010456085,-0.46511441469192505,-0.01483408734202385,-0.308533251285553,100,OK,MAP_UPDATE,OK,VISUAL_INERTIAL
1367,1761211779127,223.69790077209473,-112.64421790838242,-313.59079480171204,-0.46360301971435547,-0.020749229937791824,-0.31298673152923584,100,OK,MAP_UPDATE,OK,VISUAL_INERTIAL
1368,1761211779144,227.63660550117493,-113.1337434053421,-311.99565529823303,-0.4621019661426544,-0.026121439412236214,-0.31755051016807556,100,OK,MAP_UPDATE,OK,VISUAL_INERTIAL
1369,1761211779160,231.55468702316284,-113.67195844650269,-310.3068768978119,-0.46054983139038086,-0.030720742419362068,-0.3222772777080536,100,OK,MAP_UPDATE,OK,VISUAL_INERTIAL
1370,1761211779177,235.57166755199432,-114.22296613454819,-308.65442752838135,-0.4590568244457245,-0.03473943471908569,-0.32722002267837524,100,OK,MAP_UPDATE,OK,VISUAL_INERTIAL
1371,1761211779194,239.87263441085815,-114.9735227227211,-307.2132468223572,-0.45750337839126587,-0.03856556862592697,-0.33236387372016907,100,OK,MAP_UPDATE,OK,VISUAL_INERTIAL
1372,1761211779211,244.1028356552124,-115.65588414669037,-305.661678314209,-0.45616742968559265,-0.042699359357357025,-0.3375406563282013,100,OK,MAP_UPDATE,OK,VISUAL_INERTIAL
1373,1761211779227,248.4314739704132,-116.41332507133484,-304.1898012161255,-0.45486822724342346,-0.0470411479473114,-0.3427107334136963,100,OK,MAP_UPDATE,OK,VISUAL_INERTIAL
1374,1761211779244,252.85470485687256,-117.13650077581406,-302.67012119293213,-0.45362725853919983,-0.051638223230838776,-0.34805572032928467,100,OK,MAP_UPDATE,OK,VISUAL_INERTIAL
1375,1761211779260,257.6236426830292,-117.70368367433548,-301.2996017932892,-0.4527430832386017,-0.056162189692258835,-0.35337671637535095,100,OK,MAP_UPDATE,OK,VISUAL_INERTIAL
1376,1761211779277,262.1721029281616,-118.35309118032455,-299.74672198295593,-0.451544851064682,-0.060421209782361984,-0.3589857518672943,100,OK,MAP_UPDATE,OK,VISUAL_INERTIAL
1377,1761211779294,266.65449142456055,-119.06195431947708,-298.18999767303467,-0.4502659738063812,-0.06469406932592392,-0.3646853566169739,100,OK,MAP_UPDATE,OK,VISUAL_INERTIAL
1378,1761211779310,271.1613178253174,-119.85351145267487,-296.54571413993835,-0.4489436447620392,-0.0689835324883461,-0.37042436003685,100,OK,MAP_UPDATE,OK,VISUAL_INERTIAL
1379,1761211779327,275.56997537612915,-120.73241919279099,-294.8966324329376,-0.4475460946559906,-0.07305166870355606,-0.3762342929840088,100,OK,MAP_UPDATE,OK,VISUAL_INERTIAL
1380,1761211779344,279.8779010772705,-121.71078473329544,-293.17742586135864,-0.446052610874176,-0.07687761634588242,-0.38208329677581787,100,OK,MAP_UPDATE,OK,VISUAL_INERTIAL
1381,1761211779360,284.2593491077423,-122.7300837635994,-291.43980145454407,-0.4445308744907379,-0.08046558499336243,-0.3879530429840088,100,OK,MAP_UPDATE,OK,VISUAL_INERTIAL
1382,1761211779377,288.64586353302,-123.8400861620903,-289.6656095981598,-0.4429118037223816,-0.08404029160737991,-0.39379167556762695,100,OK,MAP_UPDATE,OK,VISUAL_INERTIAL
1383,1761211779394,293.0512726306915,-124.8750314116478,-287.79473900794983,-0.4412544071674347,-0.08759535849094391,-0.399558961391449,100,OK,MAP_UPDATE,OK,VISUAL_INERTIAL
1384,1761211779410,297.1861958503723,-125.75702369213104,-285.8898341655731,-0.4394451379776001,-0.09108078479766846,-0.40529346466064453,100,OK,MAP_UPDATE,OK,VISUAL_INERTIAL
1385,1761211779427,301.54913663864136,-126.56718492507935,-283.8670015335083,-0.4375956058502197,-0.09451904892921448,-0.4107682406902313,100,OK,MAP_UPDATE,OK,VISUAL_INERTIAL
1386,1761211779444,305.7868182659149,-127.03625857830048,-281.6562354564667,-0.43578341603279114,-0.09801706671714783,-0.41604945063591003,100,OK,MAP_UPDATE,OK,VISUAL_INERTIAL
1387,1761211779460,309.7952604293823,-127.68693268299103,-279.4088125228882,-0.4337249994277954,-0.10128232091665268,-0.42127466201782227,100,OK,MAP_UPDATE,OK,VISUAL_INERTIAL
1388,1761211779477,313.64038586616516,-128.23912501335144,-277.18091011047363,-0.431617796421051,-0.10433702915906906,-0.42636004090309143,100,OK,MAP_UPDATE,OK,VISUAL_INERTIAL
1389,1761211779494,317.20390915870667,-128.7461370229721,-274.9555706977844,-0.4293749928474426,-0.10696174204349518,-0.43132638931274414,100,OK,MAP_UPDATE,OK,VISUAL_INERTIAL
1390,1761211779510,317.20390915870667,-128.7461370229721,-274.9555706977844,-0.4293749928474426,-0.10696174204349518,-0.43132638931274414,100,OK,MAP_UPDATE,OK,VISUAL_INERTIAL
1391,1761211779527,323.996365070343,-129.61755692958832,-270.34834027290344,-0.42435866594314575,-0.11166548728942871,-0.44060030579566956,100,OK,MAP_UPDATE,OK,VISUAL_INERTIAL
1392,1761211779544,326.8881142139435,-129.93964552879333,-267.84518361091614,-0.42161035537719727,-0.11474552005529404,-0.44488805532455444,100,OK,MAP_UPDATE,OK,VISUAL_INERTIAL
1393,1761211779560,329.96681332588196,-130.17810881137848,-265.34587144851685,-0.4189701974391937,-0.11816547811031342,-0.448660284280777,100,OK,MAP_UPDATE,OK,VISUAL_INERTIAL
1394,1761211779577,332.7975869178772,-130.3233951330185,-262.7532184123993,-0.41615885496139526,-0.1215672567486763,-0.4522647559642792,100,OK,MAP_UPDATE,OK,VISUAL_INERTIAL
1395,1761211779594,335.39149165153503,-130.3248405456543,-260.0949704647064,-0.41313791275024414,-0.12471935898065567,-0.45568445324897766,100,OK,MAP_UPDATE,OK,VISUAL_INERTIAL
1396,1761211779610,337.7256989479065,-130.19874691963196,-257.3212683200836,-0.4098527729511261,-0.1273641139268875,-0.45899030566215515,100,OK,MAP_UPDATE,OK,VISUAL_INERTIAL
1397,1761211779627,339.911550283432,-130.0719678401947,-254.46146726608276,-0.4062016010284424,-0.12942062318325043,-0.46212252974510193,100,OK,MAP_UPDATE,OK,VISUAL_INERTIAL
1398,1761211779644,342.0310318470001,-129.77904081344604,-251.503586769104,-0.4023340940475464,-0.13145816326141357,-0.4650512933731079,100,OK,MAP_UPDATE,OK,VISUAL_INERTIAL
1399,1761211779660,344.16940808296204,-129.33020293712616,-248.45357239246368,-0.3983590006828308,-0.1338523030281067,-0.4676777422428131,100,OK,MAP_UPDATE,OK,VISUAL_INERTIAL
1400,1761211779677,346.24722599983215,-128.81316244602203,-245.1859712600708,-0.3941822946071625,-0.1366204470396042,-0.47011780738830566,100,OK,MAP_UPDATE,OK,VISUAL_INERTIAL
1401,1761211779694,348.1408953666687,-128.17205488681793,-241.8580949306488,-0.38986483216285706,-0.13959112763404846,-0.47241470217704773,100,OK,MAP_UPDATE,OK,VISUAL_INERTIAL
1402,1761211779710,349.77811574935913,-127.52272188663483,-238.33513259887695,-0.3853287994861603,-0.1424776315689087,-0.4745785892009735,100,OK,MAP_UPDATE,OK,VISUAL_INERTIAL
1403,1761211779727,351.17828845977783,-126.76933407783508,-234.78232324123383,-0.3806481957435608,-0.145043283700943,-0.47653892636299133,100,OK,MAP_UPDATE,OK,VISUAL_INERTIAL
1404,1761211779744,352.5347411632538,-125.89262425899506,-231.12227022647858,-0.3758522868156433,-0.1472795605659485,-0.47828906774520874,100,OK,MAP_UPDATE,OK,VISUAL_INERTIAL
1405,1761211779760,354.12314534187317,-124.90919232368469,-227.45779156684875,-0.3710552155971527,-0.14944735169410706,-0.4797636866569519,100,OK,MAP_UPDATE,OK,VISUAL_INERTIAL
1406,1761211779777,355.4410934448242,-123.64903092384338,-223.67067635059357,-0.36610549688339233,-0.15226754546165466,-0.4810529947280884,100,OK,MAP_UPDATE,OK,VISUAL_INERTIAL
1407,1761211779794,356.6441237926483,-122.32991307973862,-219.85642611980438,-0.36108848452568054,-0.15537306666374207,-0.48213857412338257,100,OK,MAP_UPDATE,OK,VISUAL_INERTIAL
1408,1761211779810,357.58012533187866,-121.09058350324631,-215.85020422935486,-0.3557978868484497,-0.1584431231021881,-0.4831090271472931,100,OK,MAP_UPDATE,OK,VISUAL_INERTIAL
1409,1761211779827,358.2964539527893,-119.81447786092758,-211.8152379989624,-0.35029566287994385,-0.16138289868831635,-0.4839437007904053,100,OK,MAP_UPDATE,OK,VISUAL_INERTIAL
1410,1761211779844,358.8447570800781,-118.61167848110199,-207.63009786605835,-0.34454646706581116,-0.16418778896331787,-0.4845661520957947,100,OK,MAP_UPDATE,OK,VISUAL_INERTIAL
1411,1761211779860,359.1915965080261,-117.40292608737946,-203.35590839385986,-0.33867383003234863,-0.16688790917396545,-0.4850197732448578,100,OK,MAP_UPDATE,OK,VISUAL_INERTIAL
1412,1761211779877,359.6169054508209,-116.00189656019211,-199.15275275707245,-0.3329562246799469,-0.1695726364850998,-0.48515599966049194,100,OK,MAP_UPDATE,OK,VISUAL_INERTIAL
1413,1761211779894,359.9608242511749,-114.5489364862442,-194.887176156044,-0.32721132040023804,-0.17226068675518036,-0.4850790202617645,100,OK,MAP_UPDATE,OK,VISUAL_INERTIAL
1414,1761211779910,359.7913384437561,-113.78230154514313,-190.60374796390533,-0.32094720005989075,-0.17498746514320374,-0.48507678508758545,100,OK,MAP_UPDATE,OK,VISUAL_INERTIAL
1415,1761211779927,359.62024331092834,-112.5161200761795,-186.3255649805069,-0.31492841243743896,-0.17771229147911072,-0.48468101024627686,100,OK,MAP_UPDATE,OK,VISUAL_INERTIAL
1416,1761211779944,359.4326972961426,-111.02482676506042,-182.04331398010254,-0.3090386390686035,-0.1804344356060028,-0.4841058552265167,100,OK,MAP_UPDATE,OK,VISUAL_INERTIAL
1417,1761211779960,358.97666215896606,-109.53501611948013,-177.8051257133484,-0.3031778335571289,-0.1831240952014923,-0.48324766755104065,100,OK,MAP_UPDATE,OK,VISUAL_INERTIAL
1418,1761211779977,358.31791162490845,-108.03615301847458,-173.6597865819931,-0.2972930073738098,-0.185526505112648,-0.4822623133659363,100,OK,MAP_UPDATE,OK,VISUAL_INERTIAL
1419,1761211779994,357.9556345939636,-106.59538209438324,-169.7227954864502,-0.29172295331954956,-0.1877698302268982,-0.48154905438423157,100,OK,MAP_UPDATE,OK,VISUAL_INERTIAL
1420,1761211780010,357.4475347995758,-104.92696613073349,-165.74789583683014,-0.2860715091228485,-0.18998241424560547,-0.4803743064403534,100,OK,MAP_UPDATE,OK,VISUAL_INERTIAL
1421,1761211780027,356.4462661743164,-103.17941009998322,-161.80001199245453,-0.28023359179496765,-0.19171714782714844,-0.479047566652298,100,OK,MAP_UPDATE,OK,VISUAL_INERTIAL
1422,1761211780044,355.1182746887207,-101.44328325986862,-157.9851359128952,-0.27429303526878357,-0.19285643100738525,-0.47752541303634644,100,OK,MAP_UPDATE,OK,VISUAL_INERTIAL
1423,1761211780060,353.81531715393066,-99.77258741855621,-154.23525869846344,-0.2685202360153198,-0.19361847639083862,-0.47583746910095215,100,OK,MAP_UPDATE,OK,VISUAL_INERTIAL
1424,1761211780077,352.57551074028015,-98.10195863246918,-150.4030078649521,-0.26269346475601196,-0.19431070983409882,-0.47405174374580383,100,OK,MAP_UPDATE,OK,VISUAL_INERTIAL
1425,1761211780094,350.7528603076935,-96.47919237613678,-146.82334661483765,-0.25680503249168396,-0.19444434344768524,-0.4721273183822632,100,OK,MAP_UPDATE,OK,VISUAL_INERTIAL
1426,1761211780110,349.0694761276245,-94.78809684515,-143.24820041656494,-0.25107353925704956,-0.19445285201072693,-0.46998611092567444,100,OK,MAP_UPDATE,OK,VISUAL_INERTIAL
1427,1761211780127,347.2776412963867,-93.06491911411285,-139.70503211021423,-0.2453693002462387,-0.1944333016872406,-0.46765756607055664,100,OK,MAP_UPDATE,OK,VISUAL_INERTIAL
1428,1761211780144,345.5391824245453,-91.19850397109985,-136.2682580947876,-0.23994708061218262,-0.19452089071273804,-0.46515724062919617,100,OK,MAP_UPDATE,OK,VISUAL_INERTIAL
1429,1761211780160,343.7131941318512,-89.23211693763733,-132.8546404838562,-0.23466284573078156,-0.1947835236787796,-0.46247488260269165,100,OK,MAP_UPDATE,OK,VISUAL_INERTIAL
1430,1761211780177,341.67876839637756,-87.3805284500122,-129.51897084712982,-0.2292494922876358,-0.19518905878067017,-0.45963701605796814,100,OK,MAP_UPDATE,OK,VISUAL_INERTIAL
1431,1761211780194,339.5976424217224,-85.62131226062775,-126.16632878780365,-0.22391469776630402,-0.1955382376909256,-0.45672309398651123,100,OK,MAP_UPDATE,OK,VISUAL_INERTIAL
1432,1761211780210,337.2628390789032,-83.90367776155472,-122.83656001091003,-0.2184561789035797,-0.19552643597126007,-0.4536705017089844,100,OK,MAP_UPDATE,OK,VISUAL_INERTIAL
1433,1761211780227,334.838330745697,-82.15324580669403,-119.5656806230545,-0.21298012137413025,-0.19511531293392181,-0.4504644572734833,100,OK,MAP_UPDATE,OK,VISUAL_INERTIAL
1434,1761211780244,332.33267068862915,-80.35586029291153,-116.36681854724884,-0.20758691430091858,-0.19463220238685608,-0.4470702111721039,100,OK,MAP_UPDATE,OK,VISUAL_INERTIAL
1435,1761211780260,329.7935724258423,-78.39963585138321,-113.18986117839813,-0.2023029625415802,-0.19424013793468475,-0.4434937536716461,100,OK,MAP_UPDATE,OK,VISUAL_INERTIAL
1436,1761211780277,327.15868949890137,-76.43071562051773,-110.00823974609375,-0.19701522588729858,-0.19357113540172577,-0.43984749913215637,100,OK,MAP_UPDATE,OK,VISUAL_INERTIAL
1437,1761211780294,324.41189885139465,-74.3492841720581,-106.84072971343994,-0.1916855275630951,-0.1927541345357895,-0.43603482842445374,100,OK,MAP_UPDATE,OK,VISUAL_INERTIAL
1438,1761211780310,321.6334283351898,-72.23495841026306,-103.60029339790344,-0.18627887964248657,-0.19191181659698486,-0.4320698380470276,100,OK,MAP_UPDATE,OK,VISUAL_INERTIAL
1439,1761211780327,318.72814893722534,-70.05873322486877,-100.4066988825798,-0.18091587722301483,-0.19126062095165253,-0.4280247688293457,100,OK,MAP_UPDATE,OK,VISUAL_INERTIAL
1440,1761211780344,315.6377971172333,-67.82753765583038,-97.15579450130463,-0.17546863853931427,-0.19070546329021454,-0.4238640069961548,100,OK,MAP_UPDATE,OK,VISUAL_INERTIAL
1441,1761211780360,312.5106692314148,-66.13609194755554,-93.6572253704071,-0.16974514722824097,-0.18992064893245697,-0.4195186495780945,100,OK,MAP_UPDATE,OK,VISUAL_INERTIAL
1442,1761211780377,309.45688486099243,-64.91106003522873,-90.0384709239006,-0.1638891100883484,-0.1890830248594284,-0.41516292095184326,100,OK,MAP_UPDATE,OK,VISUAL_INERTIAL
1443,1761211780394,306.19195103645325,-62.921881675720215,-86.53058111667633,-0.15807484090328217,-0.18869154155254364,-0.4104326367378235,100,OK,MAP_UPDATE,OK,VISUAL_INERTIAL
1444,1761211780410,302.84079909324646,-60.83691120147705,-82.99961686134338,-0.1523112803697586,-0.18836179375648499,-0.40562310814857483,100,OK,MAP_UPDATE,OK,VISUAL_INERTIAL
1445,1761211780427,299.35553669929504,-58.733414858579636,-79.35933768749237,-0.14648020267486572,-0.1880701184272766,-0.40067705512046814,100,OK,MAP_UPDATE,OK,VISUAL_INERTIAL
1446,1761211780444,295.8177328109741,-56.77751451730728,-75.47387480735779,-0.1406002789735794,-0.1874283254146576,-0.3957916796207428,100,OK,MAP_UPDATE,OK,VISUAL_INERTIAL
1447,1761211780460,291.90775752067566,-54.574739187955856,-71.75403088331223,-0.134582981467247,-0.1863199919462204,-0.3906547725200653,100,OK,MAP_UPDATE,OK,VISUAL_INERTIAL
1448,1761211780477,287.85762190818787,-52.523065358400345,-68.10923665761948,-0.12833811342716217,-0.18397635221481323,-0.3854198455810547,100,OK,MAP_UPDATE,OK,VISUAL_INERTIAL
1449,1761211780494,283.47939252853394,-50.418514758348465,-64.54300880432129,-0.12194915860891342,-0.18063555657863617,-0.37998759746551514,100,OK,MAP_UPDATE,OK,VISUAL_INERTIAL
1450,1761211780510,279.3351411819458,-48.580847680568695,-60.946110635995865,-0.11568840593099594,-0.17741957306861877,-0.3745369613170624,100,OK,MAP_UPDATE,OK,VISUAL_INERTIAL
1451,1761211780527,275.27904510498047,-46.54864966869354,-57.40485340356827,-0.10975854098796844,-0.17562460899353027,-0.3688566982746124,100,OK,MAP_UPDATE,OK,VISUAL_INERTIAL
1452,1761211780544,271.4448273181915,-44.53841224312782,-53.87900397181511,-0.1041436418890953,-0.17516101896762848,-0.3631334900856018,100,OK,MAP_UPDATE,OK,VISUAL_INERTIAL
1453,1761211780560,267.5556540489197,-42.40414500236511,-50.277139991521835,-0.09866239130496979,-0.17542032897472382,-0.3572947680950165,100,OK,MAP_UPDATE,OK,VISUAL_INERTIAL
1454,1761211780577,263.4008526802063,-40.35138338804245,-46.70485109090805,-0.09307515621185303,-0.17568053305149078,-0.35149073600769043,100,OK,MAP_UPDATE,OK,VISUAL_INERTIAL
1455,1761211780594,259.05871391296387,-38.48882392048836,-43.16561296582222,-0.08734060823917389,-0.17565065622329712,-0.34573864936828613,100,OK,MAP_UPDATE,OK,VISUAL_INERTIAL
1456,1761211780610,254.67222929000854,-36.753442138433456,-39.59827497601509,-0.08166608959436417,-0.17519477009773254,-0.3400317430496216,100,OK,MAP_UPDATE,OK,VISUAL_INERTIAL
1457,1761211780627,250.0913143157959,-35.27427837252617,-36.16328909993172,-0.07592260837554932,-0.1741085648536682,-0.3343416154384613,100,OK,MAP_UPDATE,OK,VISUAL_INERTIAL
1458,1761211780644,245.63491344451904,-33.833250403404236,-32.79539197683334,-0.07034140080213547,-0.17282526195049286,-0.3286430835723877,100,OK,MAP_UPDATE,OK,VISUAL_INERTIAL
1459,1761211780660,241.44545197486877,-32.5428880751133,-29.535559937357903,-0.06499598920345306,-0.17184233665466309,-0.32293856143951416,100,OK,MAP_UPDATE,OK,VISUAL_INERTIAL
1460,1761211780677,237.32654750347137,-31.203797087073326,-26.256967335939407,-0.05992381274700165,-0.17145954072475433,-0.3173506259918213,100,OK,MAP_UPDATE,OK,VISUAL_INERTIAL
1461,1761211780694,233.40390622615814,-29.953863471746445,-23.04520644247532,-0.05498100444674492,-0.17134664952754974,-0.3118649423122406,100,OK,MAP_UPDATE,OK,VISUAL_INERTIAL
1462,1761211780710,229.27309572696686,-28.886152431368828,-19.907576963305473,-0.049953214824199677,-0.1712631732225418,-0.3064870238304138,100,OK,MAP_UPDATE,OK,VISUAL_INERTIAL
1463,1761211780727,225.3222018480301,-27.826368808746338,-16.969166696071625,-0.04511477053165436,-0.17113634943962097,-0.301184743642807,100,OK,MAP_UPDATE,OK,VISUAL_INERTIAL
1464,1761211780744,221.40054404735565,-26.7838966101408,-14.217481948435307,-0.04047995060682297,-0.17075946927070618,-0.29608920216560364,100,OK,MAP_UPDATE,OK,VISUAL_INERTIAL
1465,1761211780760,217.4886018037796,-25.77948570251465,-11.38127688318491,-0.035853300243616104,-0.1702689677476883,-0.2909536361694336,100,OK,MAP_UPDATE,OK,VISUAL_INERTIAL
1466,1761211780777,213.7545347213745,-24.896645918488503,-8.575542829930782,-0.03136994689702988,-0.16991360485553741,-0.2859722673892975,100,OK,MAP_UPDATE,OK,VISUAL_INERTIAL
1467,1761211780794,210.07724106311798,-23.80651980638504,-5.8526149950921535,-0.02715791016817093,-0.1697390228509903,-0.28109312057495117,100,OK,MAP_UPDATE,OK,VISUAL_INERTIAL
1468,1761211780810,206.60778880119324,-23.06438982486725,-2.939406782388687,-0.022902347147464752,-0.1694319248199463,-0.2764986455440521,100,OK,MAP_UPDATE,OK,VISUAL_INERTIAL
1469,1761211780827,203.2017856836319,-22.296926006674767,-0.18728732538875192,-0.018740041181445122,-0.16916033625602722,-0.2719200849533081,100,OK,MAP_UPDATE,OK,VISUAL_INERTIAL
1470,1761211780844,199.91733133792877,-21.45129069685936,2.445296850055456,-0.014776408672332764,-0.16875891387462616,-0.2674025595188141,100,OK,MAP_UPDATE,OK,VISUAL_INERTIAL
1471,1761211780860,196.62709534168243,-20.642569288611412,4.900881554931402,-0.010846314951777458,-0.1680675894021988,-0.2628990709781647,100,OK,MAP_UPDATE,OK,VISUAL_INERTIAL
1472,1761211780877,193.172886967659,-19.865194335579872,7.2276173159480095,-0.006917708087712526,-0.16711609065532684,-0.25846758484840393,100,OK,MAP_UPDATE,OK,VISUAL_INERTIAL
1473,1761211780894,189.737930893898,-19.103677943348885,9.448887780308723,-0.0031249653548002243,-0.1656830757856369,-0.25407686829566956,100,OK,MAP_UPDATE,OK,VISUAL_INERTIAL
1474,1761211780910,186.32826209068298,-18.381403759121895,11.601456440985203,0.0005320384516380727,-0.16370318830013275,-0.24965588748455048,100,OK,MAP_UPDATE,OK,VISUAL_INERTIAL
1475,1761211780927,183.0899566411972,-17.669547349214554,13.708418235182762,0.003967941273003817,-0.161573126912117,-0.24527794122695923,100,OK,MAP_UPDATE,OK,VISUAL_INERTIAL
1476,1761211780944,180.06445467472076,-16.909025609493256,15.783458948135376,0.007179494947195053,-0.15963305532932281,-0.2409479022026062,100,OK,MAP_UPDATE,OK,VISUAL_INERTIAL
1477,1761211780960,177.16926336288452,-16.094878315925598,17.8406722843647,0.010299665853381157,-0.15777525305747986,-0.23667019605636597,100,OK,MAP_UPDATE,OK,VISUAL_INERTIAL
1478,1761211780977,173.94393682479858,-15.235788188874722,19.69095878303051,0.013423468917608261,-0.15552538633346558,-0.23231662809848785,100,OK,MAP_UPDATE,OK,VISUAL_INERTIAL
1479,1761211780994,170.49454152584076,-14.729729853570461,21.485239267349243,0.016779137775301933,-0.15216736495494843,-0.22799164056777954,100,OK,MAP_UPDATE,OK,VISUAL_INERTIAL
1480,1761211781010,167.17034578323364,-14.042955823242664,23.173673078417778,0.01978912763297558,-0.14895805716514587,-0.223612442612648,100,OK,MAP_UPDATE,OK,VISUAL_INERTIAL
1481,1761211781027,163.957878947258,-13.38284369558096,24.828363209962845,0.022633260115981102,-0.14610232412815094,-0.21920974552631378,100,OK,MAP_UPDATE,OK,VISUAL_INERTIAL
1482,1761211781044,160.68267822265625,-12.958357110619545,26.362812146544456,0.02545413374900818,-0.14353112876415253,-0.21487006545066833,100,OK,MAP_UPDATE,OK,VISUAL_INERTIAL
1483,1761211781060,157.35659003257751,-12.618688866496086,27.84048579633236,0.028172926977276802,-0.14104188978672028,-0.21054045855998993,100,OK,MAP_UPDATE,OK,VISUAL_INERTIAL
1484,1761211781077,153.9965122938156,-12.32413575053215,29.228104278445244,0.030773324891924858,-0.13839773833751678,-0.20620889961719513,100,OK,MAP_UPDATE,OK,VISUAL_INERTIAL
1485,1761211781094,150.6609469652176,-12.035084888339043,30.558627098798752,0.03330301120877266,-0.1356978714466095,-0.20190821588039398,100,OK,MAP_UPDATE,OK,VISUAL_INERTIAL
1486,1761211781110,147.19119668006897,-11.921380646526814,31.778957694768906,0.03575427085161209,-0.13281495869159698,-0.19755831360816956,100,OK,MAP_UPDATE,OK,VISUAL_INERTIAL
1487,1761211781127,143.68486404418945,-11.888060718774796,33.019810914993286,0.03818361088633537,-0.1295291930437088,-0.1932431161403656,100,OK,MAP_UPDATE,OK,VISUAL_INERTIAL
1488,1761211781144,140.27036726474762,-11.542592197656631,33.964380621910095,0.04027833417057991,-0.1261584311723709,-0.18881186842918396,100,OK,MAP_UPDATE,OK,VISUAL_INERTIAL
1489,1761211781160,136.94053888320923,-11.29847951233387,34.93855893611908,0.042385201901197433,-0.12292535603046417,-0.18432828783988953,100,OK,MAP_UPDATE,OK,VISUAL_INERTIAL
1490,1761211781177,133.48235189914703,-11.060546152293682,35.83831712603569,0.04443846642971039,-0.11946222186088562,-0.17969246208667755,100,OK,MAP_UPDATE,OK,VISUAL_INERTIAL
1491,1761211781194,130.1550418138504,-10.648628696799278,36.76984831690788,0.0462036207318306,-0.11562459170818329,-0.17497892677783966,100,OK,MAP_UPDATE,OK,VISUAL_INERTIAL
1492,1761211781210,126.89757347106934,-10.230492800474167,37.575479596853256,0.04783828184008598,-0.1113952100276947,-0.17011019587516785,100,OK,MAP_UPDATE,OK,VISUAL_INERTIAL
1493,1761211781227,124.12691861391068,-8.607392199337482,37.940386682748795,0.04834319278597832,-0.10675083845853806,-0.16522525250911713,100,OK,MAP_UPDATE,OK,VISUAL_INERTIAL
1494,1761211781244,120.91143429279327,-7.1481019258499146,38.41627016663551,0.04907796159386635,-0.10157270729541779,-0.16012069582939148,100,OK,MAP_UPDATE,OK,VISUAL_INERTIAL
1495,1761211781260,117.3613891005516,-5.991319194436073,38.85159268975258,0.04984992370009422,-0.09663631021976471,-0.1548272967338562,100,OK,MAP_UPDATE,OK,VISUAL_INERTIAL
1496,1761211781277,113.54648321866989,-5.112891085445881,39.255231618881226,0.05061335116624832,-0.09178005903959274,-0.14931939542293549,100,OK,MAP_UPDATE,OK,VISUAL_INERTIAL
1497,1761211781294,109.41388458013535,-4.34973044320941,39.678942412137985,0.0513504333794117,-0.0866311639547348,-0.14365655183792114,100,OK,MAP_UPDATE,OK,VISUAL_INERTIAL
1498,1761211781310,105.18570244312286,-3.7988973781466484,39.85772654414177,0.05199872702360153,-0.0804835706949234,-0.13775944709777832,100,OK,MAP_UPDATE,OK,VISUAL_INERTIAL
1499,1761211781327,100.80944001674652,-3.322325646877289,39.959512650966644,0.0525137297809124,-0.07358340919017792,-0.13162243366241455,100,OK,MAP_UPDATE,OK,VISUAL_INERTIAL
1500,1761211781344,96.38421982526779,-2.7110730297863483,40.00597819685936,0.05275177210569382,-0.06669071316719055,-0.12526986002922058,100,OK,MAP_UPDATE,OK,VISUAL_INERTIAL
1501,1761211781360,92.07624197006226,-2.020166954025626,40.023695677518845,0.05269550532102585,-0.060598257929086685,-0.11877355724573135,100,OK,MAP_UPDATE,OK,VISUAL_INERTIAL
1502,1761211781377,87.48488873243332,-1.473468029871583,39.86452519893646,0.05257115140557289,-0.05523614585399628,-0.11219913512468338,100,OK,MAP_UPDATE,OK,VISUAL_INERTIAL
1503,1761211781394,82.62425661087036,-1.0058479383587837,39.66246917843819,0.05238296091556549,-0.04941203072667122,-0.10554462671279907,100,OK,MAP_UPDATE,OK,VISUAL_INERTIAL
1504,1761211781410,77.28362828493118,-0.5458174855448306,39.324644953012466,0.052132170647382736,-0.042643167078495026,-0.09854452311992645,100,OK,MAP_UPDATE,OK,VISUAL_INERTIAL
1505,1761211781427,71.65165990591049,-0.32501365058124065,38.80491480231285,0.05192635580897331,-0.035038240253925323,-0.09110178053379059,100,OK,MAP_UPDATE,OK,VISUAL_INERTIAL
1506,1761211781444,66.01852178573608,-0.036499379348242655,38.36945444345474,0.051550425589084625,-0.02743196114897728,-0.08365492522716522,100,OK,MAP_UPDATE,OK,VISUAL_INERTIAL
1507,1761211781460,60.464441776275635,0.28190386365167797,37.963807582855225,0.051074668765068054,-0.02020561881363392,-0.07605200260877609,100,OK,MAP_UPDATE,OK,VISUAL_INERTIAL
1508,1761211781477,54.86707016825676,0.6965653738006949,37.676382809877396,0.0504365973174572,-0.013368549756705761,-0.06838595867156982,100,OK,MAP_UPDATE,OK,VISUAL_INERTIAL
1509,1761211781494,49.38841238617897,1.4793428126722574,37.08846867084503,0.049502182751894,-0.006475189235061407,-0.06078619509935379,100,OK,MAP_UPDATE,OK,VISUAL_INERTIAL
1510,1761211781510,43.62364113330841,2.135268645361066,36.66721656918526,0.04862770438194275,0.0004943887470290065,-0.05294543132185936,100,OK,MAP_UPDATE,OK,VISUAL_INERTIAL
1511,1761211781527,37.61717304587364,2.577519742771983,36.31483390927315,0.04781967028975487,0.007751156110316515,-0.04493017867207527,100,OK,MAP_UPDATE,OK,VISUAL_INERTIAL
1512,1761211781544,31.517505645751953,2.831369871273637,36.035533994436264,0.047072041779756546,0.015065294690430164,-0.0368732251226902,100,OK,MAP_UPDATE,OK,VISUAL_INERTIAL
1513,1761211781560,25.389213114976883,3.1021663453429937,35.80072149634361,0.04628143459558487,0.02261771634221077,-0.028623884543776512,100,OK,MAP_UPDATE,OK,VISUAL_INERTIAL
1514,1761211781577,19.11652460694313,3.34615889005363,35.53789108991623,0.04544772207736969,0.030912309885025024,-0.02034287340939045,100,OK,MAP_UPDATE,OK,VISUAL_INERTIAL
1515,1761211781594,12.64252420514822,3.2266490161418915,35.14513373374939,0.044715236872434616,0.03977297246456146,-0.011922081001102924,100,OK,MAP_UPDATE,OK,VISUAL_INERTIAL
1516,1761211781610,6.3712382689118385,2.9607086908072233,34.75077450275421,0.043936967849731445,0.048640888184309006,-0.0035994595382362604,100,OK,MAP_UPDATE,OK,VISUAL_INERTIAL
1517,1761211781627,0.22816445562057197,2.786424709483981,34.568410366773605,0.042970024049282074,0.057279642671346664,0.004668258596211672,100,OK,MAP_UPDATE,OK,VISUAL_INERTIAL
1518,1761211781644,-5.745481234043837,2.5864173658192158,34.43782776594162,0.042017869651317596,0.06584737449884415,0.012918160296976566,100,OK,MAP_UPDATE,OK,VISUAL_INERTIAL
1519,1761211781660,-11.897275224328041,2.4659091141074896,34.33261439204216,0.04097115993499756,0.07472863793373108,0.021212752908468246,100,OK,MAP_UPDATE,OK,VISUAL_INERTIAL
1520,1761211781677,-18.163155764341354,2.426808699965477,34.26096588373184,0.039801113307476044,0.0841459259390831,0.029530540108680725,100,OK,MAP_UPDATE,OK,VISUAL_INERTIAL
1521,1761211781694,-24.56987462937832,2.398107200860977,34.027472138404846,0.03848794475197792,0.0936369001865387,0.03771623596549034,100,OK,MAP_UPDATE,OK,VISUAL_INERTIAL
1522,1761211781710,-30.55049665272236,2.2256597876548767,33.86164456605911,0.037083789706230164,0.10209204256534576,0.04579426720738411,100,OK,MAP_UPDATE,OK,VISUAL_INERTIAL
1523,1761211781727,-36.22423857450485,1.9737151451408863,33.68690609931946,0.03552128002047539,0.10973574221134186,0.05367453768849373,100,OK,MAP_UPDATE,OK,VISUAL_INERTIAL
1524,1761211781744,-41.80186241865158,1.7210879595950246,33.229295164346695,0.03386653587222099,0.11708809435367584,0.06091449782252312,100,OK,MAP_UPDATE,OK,VISUAL_INERTIAL
1525,1761211781760,-47.55893349647522,1.1943669524043798,32.56548196077347,0.03229928016662598,0.12542805075645447,0.06834813207387924,100,OK,MAP_UPDATE,OK,VISUAL_INERTIAL
1526,1761211781777,-53.7584125995636,0.30284415697678924,31.923148781061172,0.030616795644164085,0.1347479522228241,0.0758759081363678,100,OK,MAP_UPDATE,OK,VISUAL_INERTIAL
1527,1761211781794,-59.35321748256683,-0.4162820696365088,31.355056911706924,0.02860790118575096,0.1437424272298813,0.08328106254339218,100,OK,MAP_UPDATE,OK,VISUAL_INERTIAL
1528,1761211781810,-64.59981203079224,-1.148564275354147,30.723145231604576,0.026455499231815338,0.15102562308311462,0.0904156044125557,100,OK,MAP_UPDATE,OK,VISUAL_INERTIAL
1529,1761211781827,-69.58697736263275,-1.9702704157680273,29.999956488609314,0.024349290877580643,0.1565934270620346,0.09725713729858398,100,OK,MAP_UPDATE,OK,VISUAL_INERTIAL
1530,1761211781844,-74.7670903801918,-2.9503272380679846,28.877822682261467,0.02220078557729721,0.1619967520236969,0.1037641167640686,100,OK,MAP_UPDATE,OK,VISUAL_INERTIAL
1531,1761211781860,-79.77959513664246,-3.824220271781087,27.80025824904442,0.019906233996152878,0.1683397740125656,0.10994749516248703,100,OK,MAP_UPDATE,OK,VISUAL_INERTIAL
1532,1761211781877,-84.71626043319702,-4.654097370803356,26.703858748078346,0.017543459311127663,0.17504553496837616,0.1159975603222847,100,OK,MAP_UPDATE,OK,VISUAL_INERTIAL
1533,1761211781894,-89.16913717985153,-5.344168748706579,25.826847180724144,0.015017666853964329,0.18180182576179504,0.12178095430135727,100,OK,MAP_UPDATE,OK,VISUAL_INERTIAL
1534,1761211781910,-93.138687312603,-5.844438448548317,24.881944060325623,0.012488564476370811,0.18694309890270233,0.1271858960390091,100,OK,MAP_UPDATE,OK,VISUAL_INERTIAL
1535,1761211781927,-96.42398357391357,-6.651426199823618,23.958753794431686,0.010274466127157211,0.1905575841665268,0.13194619119167328,100,OK,MAP_UPDATE,OK,VISUAL_INERTIAL
1536,1761211781944,-99.47490692138672,-7.2748432867228985,22.915322333574295,0.007999579422175884,0.1933683156967163,0.1364789456129074,100,OK,MAP_UPDATE,OK,VISUAL_INERTIAL
1537,1761211781960,-102.67952084541321,-7.995939813554287,21.858662366867065,0.00582887651398778,0.1960350126028061,0.14062966406345367,100,OK,MAP_UPDATE,OK,VISUAL_INERTIAL
1538,1761211781977,-105.98324984312057,-8.725126273930073,20.856836810708046,0.0036670879926532507,0.1995960921049118,0.14454896748065948,100,OK,MAP_UPDATE,OK,VISUAL_INERTIAL
1539,1761211781994,-109.24550890922546,-9.155946783721447,19.838182255625725,0.00128518370911479,0.20438115298748016,0.14819727838039398,100,OK,MAP_UPDATE,OK,VISUAL_INERTIAL
1540,1761211782010,-112.063467502594,-9.668868966400623,18.683098256587982,-0.0010272124782204628,0.20925632119178772,0.151455819606781,100,OK,MAP_UPDATE,OK,VISUAL_INERTIAL
1541,1761211782027,-114.45213854312897,-10.125009343028069,17.610693350434303,-0.0032717573922127485,0.21350641548633575,0.1543816328048706,100,OK,MAP_UPDATE,OK,VISUAL_INERTIAL
1542,1761211782044,-116.52766168117523,-10.490900836884975,16.74420014023781,-0.005385547410696745,0.21695776283740997,0.15694941580295563,100,OK,MAP_UPDATE,OK,VISUAL_INERTIAL
1543,1761211782060,-118.36852878332138,-10.502475313842297,15.873793512582779,-0.007596326991915703,0.22069096565246582,0.1591954231262207,100,OK,MAP_UPDATE,OK,VISUAL_INERTIAL
1544,1761211782077,-120.14447897672653,-10.852606035768986,14.926706440746784,-0.009489597752690315,0.22493961453437805,0.1612877994775772,100,OK,MAP_UPDATE,OK,VISUAL_INERTIAL
1545,1761211782094,-121.77605926990509,-11.094759218394756,14.220856130123138,-0.011213231831789017,0.2292269766330719,0.1631883829832077,100,OK,MAP_UPDATE,OK,VISUAL_INERTIAL
1546,1761211782110,-122.9763999581337,-11.316532269120216,13.493349775671959,-0.012683335691690445,0.232634499669075,0.16480425000190735,100,OK,MAP_UPDATE,OK,VISUAL_INERTIAL
1547,1761211782127,-123.80281090736389,-11.56950369477272,12.867964804172516,-0.013882547616958618,0.23471207916736603,0.16615618765354156,100,OK,MAP_UPDATE,OK,VISUAL_INERTIAL
1548,1761211782144,-124.04117733240128,-12.038524262607098,12.169688940048218,-0.014547974802553654,0.23545600473880768,0.1668182909488678,100,OK,MAP_UPDATE,OK,VISUAL_INERTIAL
1549,1761211782160,-124.10245090723038,-12.28160411119461,11.70653197914362,-0.015118583105504513,0.23538987338542938,0.16718100011348724,100,OK,MAP_UPDATE,OK,VISUAL_INERTIAL
1550,1761211782177,-123.98362159729004,-12.519661337137222,11.206833645701408,-0.015453420579433441,0.23500359058380127,0.16721439361572266,100,OK,MAP_UPDATE,OK,VISUAL_INERTIAL
1551,1761211782194,-123.60294908285141,-12.587630189955235,10.942760854959488,-0.015556428581476212,0.23398512601852417,0.16679516434669495,100,OK,MAP_UPDATE,OK,VISUAL_INERTIAL
1552,1761211782210,-123.0318620800972,-12.510106898844242,10.7782743871212,-0.015466262586414814,0.23274889588356018,0.16588464379310608,100,OK,MAP_UPDATE,OK,VISUAL_INERTIAL
1553,1761211782227,-122.07476049661636,-12.310696765780449,10.78221295028925,-0.015147325582802296,0.23134224116802216,0.1644229143857956,100,OK,MAP_UPDATE,OK,VISUAL_INERTIAL
1554,1761211782244,-120.76666951179504,-11.964085511863232,10.833456180989742,-0.014720330014824867,0.22963374853134155,0.16241444647312164,100,OK,MAP_UPDATE,OK,VISUAL_INERTIAL
1555,1761211782260,-118.96777153015137,-11.600250378251076,10.93837060034275,-0.014058278873562813,0.22730591893196106,0.15986575186252594,100,OK,MAP_UPDATE,OK,VISUAL_INERTIAL
1556,1761211782277,-116.84703081846237,-11.10378373414278,11.030761525034904,-0.013345178216695786,0.22474531829357147,0.1568276584148407,100,OK,MAP_UPDATE,OK,VISUAL_INERTIAL
1557,1761211782294,-114.57746475934982,-10.494856163859367,11.230972595512867,-0.012608539313077927,0.2226966917514801,0.15332567691802979,100,OK,MAP_UPDATE,OK,VISUAL_INERTIAL
1558,1761211782310,-111.94194853305817,-9.807150810956955,11.493068188428879,-0.011783466674387455,0.22093406319618225,0.14940212666988373,100,OK,MAP_UPDATE,OK,VISUAL_INERTIAL
1559,1761211782327,-108.81678760051727,-9.153442457318306,11.728398501873016,-0.010784467682242393,0.2195502370595932,0.14499156177043915,100,OK,MAP_UPDATE,OK,VISUAL_INERTIAL
1560,1761211782344,-105.48561066389084,-8.363212458789349,12.10480835288763,-0.009768436662852764,0.21859389543533325,0.1401188224554062,100,OK,MAP_UPDATE,OK,VISUAL_INERTIAL
1561,1761211782360,-101.72292590141296,-7.506296969950199,12.51530647277832,-0.008666284382343292,0.21781064569950104,0.134811669588089,100,OK,MAP_UPDATE,OK,VISUAL_INERTIAL
1562,1761211782377,-97.44344651699066,-6.636762525886297,12.896081432700157,-0.007380508352071047,0.21648448705673218,0.12905898690223694,100,OK,MAP_UPDATE,OK,VISUAL_INERTIAL
1563,1761211782394,-92.78052300214767,-6.0051362961530685,13.219979591667652,-0.005871609319001436,0.2143172323703766,0.12303198128938675,100,OK,MAP_UPDATE,OK,VISUAL_INERTIAL
1564,1761211782410,-87.798573076725,-5.267843138426542,13.479526154696941,-0.00440251873806119,0.21164150536060333,0.11663108319044113,100,OK,MAP_UPDATE,OK,VISUAL_INERTIAL
1565,1761211782427,-82.70185440778732,-4.526302218437195,13.804173097014427,-0.0029103627894073725,0.2088354080915451,0.10982248187065125,100,OK,MAP_UPDATE,OK,VISUAL_INERTIAL
1566,1761211782444,-77.29648053646088,-3.7826017942279577,14.07113391906023,-0.0013285464374348521,0.20597505569458008,0.10271383076906204,100,OK,MAP_UPDATE,OK,VISUAL_INERTIAL
1567,1761211782460,-71.7187374830246,-3.089716425165534,14.38998058438301,0.0003269902663305402,0.20273622870445251,0.09525800496339798,100,OK,MAP_UPDATE,OK,VISUAL_INERTIAL
1568,1761211782477,-65.90200960636139,-2.494402462616563,14.558667317032814,0.002075022552162409,0.19873888790607452,0.0875837653875351,100,OK,MAP_UPDATE,OK,VISUAL_INERTIAL
1569,1761211782494,-59.78575721383095,-1.7591535579413176,14.775405637919903,0.00382929015904665,0.1937839388847351,0.07966910302639008,100,OK,MAP_UPDATE,OK,VISUAL_INERTIAL
1570,1761211782510,-53.701624274253845,-1.034401124343276,15.055452473461628,0.005595396272838116,0.18855009973049164,0.07168671488761902,100,OK,MAP_UPDATE,OK,VISUAL_INERTIAL
1571,1761211782527,-47.31777310371399,-0.511509831994772,15.424572862684727,0.007571875117719173,0.18254666030406952,0.0634419173002243,100,OK,MAP_UPDATE,OK,VISUAL_INERTIAL
1572,1761211782544,-41.026487946510315,0.04413652277435176,16.02047309279442,0.009490879252552986,0.17661899328231812,0.05509915202856064,100,OK,MAP_UPDATE,OK,VISUAL_INERTIAL
1573,1761211782560,-34.81975570321083,0.7588638109154999,16.69212430715561,0.01126109529286623,0.17085257172584534,0.046828512102365494,100,OK,MAP_UPDATE,OK,VISUAL_INERTIAL
1574,1761211782577,-28.618233278393745,1.2168522225692868,17.193034291267395,0.013159955851733685,0.16519668698310852,0.03853093460202217,100,OK,MAP_UPDATE,OK,VISUAL_INERTIAL
1575,1761211782594,-22.26385846734047,1.8740980885922909,17.804009839892387,0.014802327379584312,0.16003532707691193,0.030164295807480812,100,OK,MAP_UPDATE,OK,VISUAL_INERTIAL
1576,1761211782610,-15.806173905730247,2.272500190883875,18.589777871966362,0.01653250679373741,0.15537583827972412,0.021845944225788116,100,OK,MAP_UPDATE,OK,VISUAL_INERTIAL
1577,1761211782627,-9.26095712929964,2.8089098632335663,19.417570903897285,0.018198369070887566,0.15102122724056244,0.013413216918706894,100,OK,MAP_UPDATE,OK,VISUAL_INERTIAL
1578,1761211782644,-2.989482833072543,2.7645996306091547,20.00998705625534,0.020145464688539505,0.14678768813610077,0.0051115876995027065,100,OK,MAP_UPDATE,OK,VISUAL_INERTIAL
1579,1761211782660,3.21817840449512,2.7959474828094244,20.65085433423519,0.02200412005186081,0.1431054025888443,-0.003272367175668478,100,OK,MAP_UPDATE,OK,VISUAL_INERTIAL
1580,1761211782677,9.23636183142662,2.64805369079113,21.23863995075226,0.023838704451918602,0.13949483633041382,-0.011541773565113544,100,OK,MAP_UPDATE,OK,VISUAL_INERTIAL
1581,1761211782693,15.187060460448265,2.371304901316762,21.814588457345963,0.025701668113470078,0.1357763707637787,-0.019839657470583916,100,OK,MAP_UPDATE,OK,VISUAL_INERTIAL
1582,1761211782710,21.18506468832493,2.5227456353604794,22.415580227971077,0.027041703462600708,0.13160113990306854,-0.027679814025759697,100,OK,MAP_UPDATE,OK,VISUAL_INERTIAL
1583,1761211782727,27.259819209575653,2.637863624840975,22.988349199295044,0.028325457125902176,0.1269296407699585,-0.035409510135650635,100,OK,MAP_UPDATE,OK,VISUAL_INERTIAL
1584,1761211782744,32.85681456327438,2.7883118018507957,23.342344909906387,0.029436318203806877,0.12237371504306793,-0.04279499500989914,100,OK,MAP_UPDATE,OK,VISUAL_INERTIAL
1585,1761211782760,38.200341165065765,2.686230232939124,23.71658757328987,0.03063035197556019,0.11836332827806473,-0.05011302977800369,100,OK,MAP_UPDATE,OK,VISUAL_INERTIAL
1586,1761211782777,43.45916584134102,2.7137580327689648,24.056941270828247,0.031503014266490936,0.11436334252357483,-0.05720306560397148,100,OK,MAP_UPDATE,OK,VISUAL_INERTIAL
1587,1761211782794,48.73716086149216,2.6118713431060314,24.28918145596981,0.032149311155080795,0.10918579250574112,-0.06406871974468231,100,OK,MAP_UPDATE,OK,VISUAL_INERTIAL
1588,1761211782810,54.266639053821564,2.51781172119081,24.49924498796463,0.03258521482348442,0.10261416435241699,-0.07065778225660324,100,OK,MAP_UPDATE,OK,VISUAL_INERTIAL
1589,1761211782827,59.624601155519485,2.422391204163432,24.528613314032555,0.03290124237537384,0.09523233026266098,-0.07714658975601196,100,OK,MAP_UPDATE,OK,VISUAL_INERTIAL
1590,1761211782843,64.47506695985794,2.323951106518507,24.550030007958412,0.03317974880337715,0.08778846263885498,-0.08347705751657486,100,OK,MAP_UPDATE,OK,VISUAL_INERTIAL
1591,1761211782860,68.98124516010284,2.1142472978681326,24.436069652438164,0.03336644917726517,0.0805719867348671,-0.0895543098449707,100,OK,MAP_UPDATE,OK,VISUAL_INERTIAL
1592,1761211782877,73.28636199235916,1.9223750568926334,24.364303797483444,0.03338777646422386,0.07286211103200912,-0.09555356204509735,100,OK,MAP_UPDATE,OK,VISUAL_INERTIAL
1593,1761211782893,77.57874578237534,1.64597830735147,24.155065417289734,0.03326782211661339,0.06452374160289764,-0.10141008347272873,100,OK,MAP_UPDATE,OK,VISUAL_INERTIAL
1594,1761211782910,81.64738118648529,1.2375840451568365,23.921705782413483,0.033093083649873734,0.05637793987989426,-0.10703559964895248,100,OK,MAP_UPDATE,OK,VISUAL_INERTIAL
1595,1761211782927,85.54191887378693,0.7785760099068284,23.55572208762169,0.03281791880726814,0.04820260405540466,-0.11255408823490143,100,OK,MAP_UPDATE,OK,VISUAL_INERTIAL
1596,1761211782943,89.51299637556076,0.21071410446893424,23.194242268800735,0.032389767467975616,0.03968719393014908,-0.11800641566514969,100,OK,MAP_UPDATE,OK,VISUAL_INERTIAL
1597,1761211782960,93.36400777101517,-0.31838356517255306,22.738832980394363,0.03175104409456253,0.030946597456932068,-0.12343564629554749,100,OK,MAP_UPDATE,OK,VISUAL_INERTIAL
1598,1761211782977,97.20654040575027,-0.9605165687389672,22.19085581600666,0.03107268735766411,0.022553082555532455,-0.12891197204589844,100,OK,MAP_UPDATE,OK,VISUAL_INERTIAL
1599,1761211782994,101.26104950904846,-1.4171188231557608,21.61419950425625,0.030033621937036514,0.014127515256404877,-0.13428306579589844,100,OK,MAP_UPDATE,OK,VISUAL_INERTIAL
1600,1761211783010,105.17294704914093,-2.0259779412299395,20.897727459669113,0.028871700167655945,0.005663916934281588,-0.1395755559206009,100,OK,MAP_UPDATE,OK,VISUAL_INERTIAL
1601,1761211783027,109.04079675674438,-2.750644227489829,20.033158361911774,0.027563877403736115,-0.002832756144925952,-0.1447886973619461,100,OK,MAP_UPDATE,OK,VISUAL_INERTIAL
1602,1761211783044,113.05921524763107,-3.6840890534222126,19.073160365223885,0.026097334921360016,-0.01158649567514658,-0.15013639628887177,100,OK,MAP_UPDATE,OK,VISUAL_INERTIAL
1603,1761211783060,116.98239296674728,-4.270485602319241,18.009155988693237,0.02420470491051674,-0.020148571580648422,-0.1554480344057083,100,OK,MAP_UPDATE,OK,VISUAL_INERTIAL
1604,1761211783077,120.65666168928146,-4.75718080997467,16.819173470139503,0.02206074632704258,-0.02874009497463703,-0.16069500148296356,100,OK,MAP_UPDATE,OK,VISUAL_INERTIAL
1605,1761211783093,124.64288622140884,-5.267946980893612,15.41238371282816,0.0195370614528656,-0.03775544464588165,-0.16589857637882233,100,OK,MAP_UPDATE,OK,VISUAL_INERTIAL
1606,1761211783110,128.7369579076767,-5.784045439213514,13.913946226239204,0.016628047451376915,-0.04686230048537254,-0.1711854487657547,100,OK,MAP_UPDATE,OK,VISUAL_INERTIAL
1607,1761211783127,132.92419910430908,-6.162237375974655,12.188808061182499,0.013302184641361237,-0.05597443878650665,-0.17652297019958496,100,OK,MAP_UPDATE,OK,VISUAL_INERTIAL
1608,1761211783144,137.32881844043732,-6.763297598809004,10.178426280617714,0.009726087562739849,-0.06476189941167831,-0.18205425143241882,100,OK,MAP_UPDATE,OK,VISUAL_INERTIAL
1609,1761211783160,137.32881844043732,-6.763297598809004,10.178426280617714,0.009726087562739849,-0.06476189941167831,-0.18205425143241882,100,OK,MAP_UPDATE,OK,VISUAL_INERTIAL
1610,1761211783177,145.53989470005035,-8.39421059936285,5.380655638873577,0.0019018613966181874,-0.08109989762306213,-0.1933297961950302,100,OK,MAP_UPDATE,OK,VISUAL_INERTIAL
1611,1761211783193,150.10440349578857,-9.22276172786951,2.688339212909341,-0.0025270050391554832,-0.08967907726764679,-0.19910019636154175,100,OK,MAP_UPDATE,OK,VISUAL_INERTIAL
1612,1761211783210,154.89865839481354,-10.35147625952959,-0.13156607747077942,-0.007293289061635733,-0.0986614003777504,-0.20490629971027374,100,OK,MAP_UPDATE,OK,VISUAL_INERTIAL
1613,1761211783227,159.43926572799683,-11.825881898403168,-3.004517173394561,-0.012133213691413403,-0.10758239775896072,-0.21077531576156616,100,OK,MAP_UPDATE,OK,VISUAL_INERTIAL
1614,1761211783243,164.29048776626587,-13.193516060709953,-6.076290272176266,-0.017535226419568062,-0.11640387773513794,-0.21686847507953644,100,OK,MAP_UPDATE,OK,VISUAL_INERTIAL
1615,1761211783260,169.03257369995117,-14.382246881723404,-9.291786700487137,-0.02340847998857498,-0.12503153085708618,-0.2229946106672287,100,OK,MAP_UPDATE,OK,VISUAL_INERTIAL
1616,1761211783277,174.0359365940094,-15.950623899698257,-12.618235312402248,-0.029521610587835312,-0.13470332324504852,-0.22916683554649353,100,OK,MAP_UPDATE,OK,VISUAL_INERTIAL
1617,1761211783294,178.9979189634323,-17.680376768112183,-16.296476125717163,-0.035941291600465775,-0.14498399198055267,-0.2353242039680481,100,OK,MAP_UPDATE,OK,VISUAL_INERTIAL
1618,1761211783310,183.45117568969727,-19.461242482066154,-20.241834223270416,-0.04251958429813385,-0.15395501255989075,-0.2414204627275467,100,OK,MAP_UPDATE,OK,VISUAL_INERTIAL
1619,1761211783327,187.68955767154694,-21.47723361849785,-24.275651201605797,-0.04914938658475876,-0.16118505597114563,-0.24764835834503174,100,OK,MAP_UPDATE,OK,VISUAL_INERTIAL
1620,1761211783343,191.89348816871643,-23.51466566324234,-28.427962213754654,-0.05594179779291153,-0.16791701316833496,-0.25349652767181396,100,OK,MAP_UPDATE,OK,VISUAL_INERTIAL
1621,1761211783360,196.71988487243652,-25.44758841395378,-32.909128814935684,-0.06338094174861908,-0.1756061464548111,-0.2592877149581909,100,OK,MAP_UPDATE,OK,VISUAL_INERTIAL
1622,1761211783377,201.92968845367432,-27.249421924352646,-37.45580464601517,-0.07123325020074844,-0.18448439240455627,-0.2648976743221283,100,OK,MAP_UPDATE,OK,VISUAL_INERTIAL
1623,1761211783393,207.33757317066193,-28.835011646151543,-42.216554284095764,-0.07956753671169281,-0.19403904676437378,-0.2703324258327484,100,OK,MAP_UPDATE,OK,VISUAL_INERTIAL
1624,1761211783410,212.26154267787933,-30.44743463397026,-47.03016206622124,-0.0878090038895607,-0.20243436098098755,-0.2756975293159485,100,OK,MAP_UPDATE,OK,VISUAL_INERTIAL
1625,1761211783427,216.5151834487915,-32.066233456134796,-51.694341003894806,-0.09562841057777405,-0.20822855830192566,-0.28102216124534607,100,OK,MAP_UPDATE,OK,VISUAL_INERTIAL
1626,1761211783444,220.2892005443573,-33.82966294884682,-56.36121332645416,-0.10298928618431091,-0.21171323955059052,-0.2861749827861786,100,OK,MAP_UPDATE,OK,VISUAL_INERTIAL
1627,1761211783460,224.02380406856537,-35.38297861814499,-60.875602066516876,-0.11023671180009842,-0.21458233892917633,-0.291105180978775,100,OK,MAP_UPDATE,OK,VISUAL_INERTIAL
1628,1761211783477,228.15829515457153,-36.789342761039734,-65.30245393514633,-0.11761429160833359,-0.21800574660301208,-0.29583799839019775,100,OK,MAP_UPDATE,OK,VISUAL_INERTIAL
1629,1761211783493,228.15829515457153,-36.789342761039734,-65.30245393514633,-0.11761429160833359,-0.21800574660301208,-0.29583799839019775,100,OK,MAP_UPDATE,OK,VISUAL_INERTIAL
1630,1761211783510,235.4293316602707,-39.93234410881996,-73.58881086111069,-0.13129764795303345,-0.2239857017993927,-0.304491251707077,100,OK,MAP_UPDATE,OK,VISUAL_INERTIAL
1631,1761211783527,239.02583122253418,-41.315704584121704,-77.54988223314285,-0.13787348568439484,-0.22553031146526337,-0.30867186188697815,100,OK,MAP_UPDATE,OK,VISUAL_INERTIAL
1632,1761211783543,242.08220839500427,-42.68493130803108,-81.48619532585144,-0.14393503963947296,-0.2258635312318802,-0.3127730190753937,100,OK,MAP_UPDATE,OK,VISUAL_INERTIAL
1633,1761211783560,245.01095712184906,-43.91874372959137,-85.32129973173141,-0.14982415735721588,-0.22546546161174774,-0.31669560074806213,100,OK,MAP_UPDATE,OK,VISUAL_INERTIAL
1634,1761211783577,247.81851470470428,-45.34261301159859,-88.96571397781372,-0.15545129776000977,-0.2244804948568344,-0.3205072283744812,100,OK,MAP_UPDATE,OK,VISUAL_INERTIAL
1635,1761211783593,250.48673152923584,-47.453973442316055,-92.33889728784561,-0.16023008525371552,-0.2232506424188614,-0.32405200600624084,100,OK,MAP_UPDATE,OK,VISUAL_INERTIAL
1636,1761211783610,253.00827622413635,-49.248356372117996,-95.67777812480927,-0.16524392366409302,-0.22204571962356567,-0.327501118183136,100,OK,MAP_UPDATE,OK,VISUAL_INERTIAL
1637,1761211783627,255.4108202457428,-51.09914764761925,-98.92815351486206,-0.17007143795490265,-0.22068890929222107,-0.33082595467567444,100,OK,MAP_UPDATE,OK,VISUAL_INERTIAL
1638,1761211783643,257.83002376556396,-52.46680602431297,-102.21683979034424,-0.17505571246147156,-0.21921293437480927,-0.3339976966381073,100,OK,MAP_UPDATE,OK,VISUAL_INERTIAL
1639,1761211783660,260.1142227649689,-54.00412902235985,-105.33972829580307,-0.17980165779590607,-0.2176370769739151,-0.33717912435531616,100,OK,MAP_UPDATE,OK,VISUAL_INERTIAL
1640,1761211783677,262.42655515670776,-55.39673939347267,-108.49719494581223,-0.18458379805088043,-0.2163737267255783,-0.3402545154094696,100,OK,MAP_UPDATE,OK,VISUAL_INERTIAL
1641,1761211783693,264.8291289806366,-56.903526186943054,-111.59493029117584,-0.18939198553562164,-0.21564505994319916,-0.34332695603370667,100,OK,MAP_UPDATE,OK,VISUAL_INERTIAL
1642,1761211783710,267.27792620658875,-58.41927230358124,-114.62767422199249,-0.1942855566740036,-0.21538075804710388,-0.3464134931564331,100,OK,MAP_UPDATE,OK,VISUAL_INERTIAL
1643,1761211783727,269.7909474372864,-59.93075668811798,-117.71202087402344,-0.19925406575202942,-0.2156207263469696,-0.3494827449321747,100,OK,MAP_UPDATE,OK,VISUAL_INERTIAL
1644,1761211783743,272.34387397766113,-61.45310029387474,-120.7313984632492,-0.20434410870075226,-0.21649564802646637,-0.35253918170928955,100,OK,MAP_UPDATE,OK,VISUAL_INERTIAL
1645,1761211783760,274.8551070690155,-63.013218343257904,-123.76632541418076,-0.20954209566116333,-0.21784454584121704,-0.35565003752708435,100,OK,MAP_UPDATE,OK,VISUAL_INERTIAL
1646,1761211783777,277.2791087627411,-64.60448354482651,-126.88392400741577,-0.21473965048789978,-0.21897108852863312,-0.35877272486686707,100,OK,MAP_UPDATE,OK,VISUAL_INERTIAL
1647,1761211783793,279.6410024166107,-66.23931974172592,-130.10089099407196,-0.21997259557247162,-0.2197151631116867,-0.3619840741157532,100,OK,MAP_UPDATE,OK,VISUAL_INERTIAL
1648,1761211783810,282.15157985687256,-68.03319603204727,-133.40771198272705,-0.22538261115550995,-0.22076167166233063,-0.3651680052280426,100,OK,MAP_UPDATE,OK,VISUAL_INERTIAL
1649,1761211783827,284.66615080833435,-69.85819339752197,-136.7628276348114,-0.2308773547410965,-0.22210927307605743,-0.36829131841659546,100,OK,MAP_UPDATE,OK,VISUAL_INERTIAL
1650,1761211783843,287.07626461982727,-71.74079120159149,-140.14777541160583,-0.2364794909954071,-0.22321118414402008,-0.37139302492141724,100,OK,MAP_UPDATE,OK,VISUAL_INERTIAL
1651,1761211783860,289.39229249954224,-73.68876785039902,-143.63469183444977,-0.24215377867221832,-0.22377732396125793,-0.3744852840900421,100,OK,MAP_UPDATE,OK,VISUAL_INERTIAL
1652,1761211783877,291.4579212665558,-75.66562294960022,-147.29589223861694,-0.24782320857048035,-0.22340284287929535,-0.3775138556957245,100,OK,MAP_UPDATE,OK,VISUAL_INERTIAL
1653,1761211783893,293.48140954971313,-77.71561294794083,-150.9799361228943,-0.2534830868244171,-0.22255752980709076,-0.3804575502872467,100,OK,MAP_UPDATE,OK,VISUAL_INERTIAL
1654,1761211783910,295.66505551338196,-79.71543073654175,-154.77946400642395,-0.2594216465950012,-0.2221020758152008,-0.3831227421760559,100,OK,MAP_UPDATE,OK,VISUAL_INERTIAL
1655,1761211783927,297.9433238506317,-81.6703662276268,-158.65500271320343,-0.2657697796821594,-0.22258423268795013,-0.3854880630970001,100,OK,MAP_UPDATE,OK,VISUAL_INERTIAL
1656,1761211783943,300.194650888443,-83.52119475603104,-162.4794602394104,-0.27233919501304626,-0.22370627522468567,-0.3875871002674103,100,OK,MAP_UPDATE,OK,VISUAL_INERTIAL
1657,1761211783960,302.2328317165375,-85.35447716712952,-166.54755175113678,-0.279177188873291,-0.22508662939071655,-0.3894122838973999,100,OK,MAP_UPDATE,OK,VISUAL_INERTIAL
1658,1761211783977,303.85175347328186,-87.23356574773788,-170.7778424024582,-0.2860407829284668,-0.22626985609531403,-0.3910774290561676,100,OK,MAP_UPDATE,OK,VISUAL_INERTIAL
1659,1761211783993,305.24230003356934,-89.10723030567169,-175.1086264848709,-0.2929344177246094,-0.22694504261016846,-0.39262187480926514,100,OK,MAP_UPDATE,OK,VISUAL_INERTIAL
1660,1761211784010,306.308388710022,-91.17071330547333,-179.54662442207336,-0.29965710639953613,-0.22708815336227417,-0.39413362741470337,100,OK,MAP_UPDATE,OK,VISUAL_INERTIAL
1661,1761211784027,307.4116110801697,-93.21244060993195,-184.08648669719696,-0.30653172731399536,-0.22700953483581543,-0.3955380916595459,100,OK,MAP_UPDATE,OK,VISUAL_INERTIAL
1662,1761211784043,308.34779143333435,-95.23434937000275,-188.70820105075836,-0.31340932846069336,-0.22688448429107666,-0.39674752950668335,100,OK,MAP_UPDATE,OK,VISUAL_INERTIAL
1663,1761211784060,309.3607723712921,-97.33012318611145,-193.27111542224884,-0.3204396367073059,-0.22663800418376923,-0.39790937304496765,100,OK,MAP_UPDATE,OK,VISUAL_INERTIAL
1664,1761211784077,310.40599942207336,-99.23382103443146,-197.9651153087616,-0.3276442587375641,-0.22629517316818237,-0.39878401160240173,100,OK,MAP_UPDATE,OK,VISUAL_INERTIAL
1665,1761211784093,311.3105595111847,-101.30468755960464,-202.51603424549103,-0.3346397280693054,-0.2255895733833313,-0.39972156286239624,100,OK,MAP_UPDATE,OK,VISUAL_INERTIAL
1666,1761211784110,311.92290782928467,-103.15626114606857,-207.46248960494995,-0.341715008020401,-0.22473850846290588,-0.40050944685935974,100,OK,MAP_UPDATE,OK,VISUAL_INERTIAL
1667,1761211784127,312.42549419403076,-104.95326668024063,-212.2451364994049,-0.34871551394462585,-0.22369062900543213,-0.40110161900520325,100,OK,MAP_UPDATE,OK,VISUAL_INERTIAL
1668,1761211784143,312.9824995994568,-106.71483725309372,-217.03658998012543,-0.35586583614349365,-0.22272296249866486,-0.4015452563762665,100,OK,MAP_UPDATE,OK,VISUAL_INERTIAL
1669,1761211784160,313.59565258026123,-108.49172621965408,-221.42261266708374,-0.3629544675350189,-0.22188687324523926,-0.4018186032772064,100,OK,MAP_UPDATE,OK,VISUAL_INERTIAL
1670,1761211784177,313.9527440071106,-110.32555997371674,-226.0076105594635,-0.3698600232601166,-0.22128109633922577,-0.40191030502319336,100,OK,MAP_UPDATE,OK,VISUAL_INERTIAL
1671,1761211784194,314.1516447067261,-112.01079189777374,-230.47393560409546,-0.3766959011554718,-0.22044329345226288,-0.401836097240448,100,OK,MAP_UPDATE,OK,VISUAL_INERTIAL
1672,1761211784210,314.33799862861633,-113.75129222869873,-234.6927374601364,-0.383260041475296,-0.21920761466026306,-0.401778906583786,100,OK,MAP_UPDATE,OK,VISUAL_INERTIAL
1673,1761211784227,314.303994178772,-115.56997895240784,-238.9155626296997,-0.389482706785202,-0.2176811844110489,-0.40167099237442017,100,OK,MAP_UPDATE,OK,VISUAL_INERTIAL
1674,1761211784243,314.7803544998169,-116.42716079950333,-242.77672171592712,-0.39641687273979187,-0.2161417156457901,-0.40116819739341736,100,OK,MAP_UPDATE,OK,VISUAL_INERTIAL
1675,1761211784260,314.9358332157135,-117.53296107053757,-246.70204520225525,-0.4028558135032654,-0.21473418176174164,-0.4006959795951843,100,OK,MAP_UPDATE,OK,VISUAL_INERTIAL
1676,1761211784277,315.12579321861267,-118.61811578273773,-250.54165720939636,-0.4091697037220001,-0.2137506604194641,-0.4000796377658844,100,OK,MAP_UPDATE,OK,VISUAL_INERTIAL
1677,1761211784293,315.01269340515137,-119.92313712835312,-254.41861152648926,-0.4150732159614563,-0.2134619653224945,-0.399330198764801,100,OK,MAP_UPDATE,OK,VISUAL_INERTIAL
1678,1761211784310,314.72522020339966,-121.29715830087662,-258.1469416618347,-0.42075589299201965,-0.21340397000312805,-0.39842429757118225,100,OK,MAP_UPDATE,OK,VISUAL_INERTIAL
1679,1761211784327,313.97879123687744,-122.81884253025055,-261.6841495037079,-0.42590153217315674,-0.21290278434753418,-0.3975593149662018,100,OK,MAP_UPDATE,OK,VISUAL_INERTIAL
1680,1761211784343,313.1450116634369,-124.33259934186935,-265.08235931396484,-0.43076425790786743,-0.21186032891273499,-0.3966352641582489,100,OK,MAP_UPDATE,OK,VISUAL_INERTIAL
1681,1761211784360,312.25401163101196,-125.80956518650055,-268.32953095436096,-0.43540188670158386,-0.2107241302728653,-0.39561235904693604,100,OK,MAP_UPDATE,OK,VISUAL_INERTIAL
1682,1761211784377,311.5009069442749,-127.13693082332611,-271.48592472076416,-0.4399811327457428,-0.2099069356918335,-0.39437976479530334,100,OK,MAP_UPDATE,OK,VISUAL_INERTIAL
1683,1761211784393,310.792475938797,-128.39128077030182,-274.43256974220276,-0.4443979561328888,-0.2097257375717163,-0.3929643929004669,100,OK,MAP_UPDATE,OK,VISUAL_INERTIAL
1684,1761211784410,310.0215494632721,-129.48304414749146,-277.21625566482544,-0.4487253427505493,-0.21017715334892273,-0.39130693674087524,100,OK,MAP_UPDATE,OK,VISUAL_INERTIAL
1685,1761211784427,309.1723918914795,-130.4728239774704,-279.87155318260193,-0.4528704583644867,-0.21075917780399323,-0.3895528316497803,100,OK,MAP_UPDATE,OK,VISUAL_INERTIAL
1686,1761211784443,308.12880396842957,-131.49337470531464,-282.2996973991394,-0.4565686881542206,-0.21082401275634766,-0.38778063654899597,100,OK,MAP_UPDATE,OK,VISUAL_INERTIAL
1687,1761211784460,306.84083700180054,-132.38956034183502,-284.78890657424927,-0.4600290358066559,-0.21038970351219177,-0.38599610328674316,100,OK,MAP_UPDATE,OK,VISUAL_INERTIAL
1688,1761211784477,305.5005371570587,-133.24373960494995,-287.1414124965668,-0.4633156657218933,-0.20992445945739746,-0.38408079743385315,100,OK,MAP_UPDATE,OK,VISUAL_INERTIAL
1689,1761211784493,304.434597492218,-133.89360904693604,-289.37438130378723,-0.46681052446365356,-0.21036431193351746,-0.3818010687828064,100,OK,MAP_UPDATE,OK,VISUAL_INERTIAL
1690,1761211784510,303.6820590496063,-134.35101509094238,-291.53430461883545,-0.47067493200302124,-0.21221105754375458,-0.37889236211776733,100,OK,MAP_UPDATE,OK,VISUAL_INERTIAL
1691,1761211784527,302.7627170085907,-134.74248349666595,-293.7137186527252,-0.4746714234352112,-0.2158358097076416,-0.37552449107170105,100,OK,MAP_UPDATE,OK,VISUAL_INERTIAL
1692,1761211784543,301.4010190963745,-135.19541919231415,-295.84988951683044,-0.4785371422767639,-0.21995460987091064,-0.3717879354953766,100,OK,MAP_UPDATE,OK,VISUAL_INERTIAL
1693,1761211784560,299.6036112308502,-135.6470286846161,-298.10869693756104,-0.4822889566421509,-0.2234438806772232,-0.36778631806373596,100,OK,MAP_UPDATE,OK,VISUAL_INERTIAL
1694,1761211784577,297.2905933856964,-136.1808329820633,-300.4811704158783,-0.48581671714782715,-0.22601735591888428,-0.3637089133262634,100,OK,MAP_UPDATE,OK,VISUAL_INERTIAL
1695,1761211784593,294.5786118507385,-136.68526709079742,-302.9177784919739,-0.4890749156475067,-0.2273005098104477,-0.35961204767227173,100,OK,MAP_UPDATE,OK,VISUAL_INERTIAL
1696,1761211784610,291.5526330471039,-137.10474967956543,-305.4032623767853,-0.49232831597328186,-0.22774876654148102,-0.35525593161582947,100,OK,MAP_UPDATE,OK,VISUAL_INERTIAL
1697,1761211784627,288.9147102832794,-137.47072219848633,-307.91178345680237,-0.4958902895450592,-0.22847089171409607,-0.35042691230773926,100,OK,MAP_UPDATE,OK,VISUAL_INERTIAL
1698,1761211784643,286.2498164176941,-137.84542679786682,-310.4977309703827,-0.49969056248664856,-0.23015785217285156,-0.3451094329357147,100,OK,MAP_UPDATE,OK,VISUAL_INERTIAL
1699,1761211784660,283.271461725235,-138.125941157341,-313.20592761039734,-0.503620445728302,-0.23216545581817627,-0.3392443358898163,100,OK,MAP_UPDATE,OK,VISUAL_INERTIAL
1700,1761211784677,279.6551585197449,-138.52277398109436,-316.18428230285645,-0.5073623061180115,-0.2332456260919571,-0.33338308334350586,100,OK,MAP_UPDATE,OK,VISUAL_INERTIAL
1701,1761211784693,275.4979431629181,-138.89537751674652,-319.31260228157043,-0.5110870003700256,-0.23306365311145782,-0.3273575007915497,100,OK,MAP_UPDATE,OK,VISUAL_INERTIAL
1702,1761211784710,271.4630365371704,-139.31643962860107,-322.42608070373535,-0.5147383809089661,-0.23293110728263855,-0.32109594345092773,100,OK,MAP_UPDATE,OK,VISUAL_INERTIAL
1703,1761211784727,267.4129605293274,-139.59380984306335,-325.50105452537537,-0.5186368823051453,-0.23353497684001923,-0.31439483165740967,100,OK,MAP_UPDATE,OK,VISUAL_INERTIAL
1704,1761211784743,263.4965777397156,-139.82506096363068,-328.56613397598267,-0.5226975083351135,-0.2345818281173706,-0.30725395679473877,100,OK,MAP_UPDATE,OK,VISUAL_INERTIAL
1705,1761211784760,259.253054857254,-139.96024429798126,-331.7093551158905,-0.5267998576164246,-0.23569078743457794,-0.29990169405937195,100,OK,MAP_UPDATE,OK,VISUAL_INERTIAL
1706,1761211784777,254.82025742530823,-138.9761120080948,-334.85153317451477,-0.5316619873046875,-0.2359749972820282,-0.29225683212280273,100,OK,MAP_UPDATE,OK,VISUAL_INERTIAL
1707,1761211784793,249.98150765895844,-138.44865560531616,-338.116854429245,-0.5359013676643372,-0.23543095588684082,-0.2849051356315613,100,OK,MAP_UPDATE,OK,VISUAL_INERTIAL
1708,1761211784810,245.1799213886261,-138.0336433649063,-341.29446744918823,-0.5399421453475952,-0.23523437976837158,-0.27743208408355713,100,OK,MAP_UPDATE,OK,VISUAL_INERTIAL
1709,1761211784827,240.45884609222412,-137.80087232589722,-344.3148136138916,-0.5437085628509521,-0.23550276458263397,-0.2697015702724457,100,OK,MAP_UPDATE,OK,VISUAL_INERTIAL
1710,1761211784843,235.63221096992493,-137.75813579559326,-347.1464216709137,-0.5470587015151978,-0.23534704744815826,-0.26199811697006226,100,OK,MAP_UPDATE,OK,VISUAL_INERTIAL
1711,1761211784860,230.54686188697815,-137.79425621032715,-349.879652261734,-0.5499451756477356,-0.23407791554927826,-0.25467729568481445,100,OK,MAP_UPDATE,OK,VISUAL_INERTIAL
1712,1761211784877,225.27706623077393,-137.90717720985413,-352.4009585380554,-0.5523301362991333,-0.23171493411064148,-0.24771000444889069,100,OK,MAP_UPDATE,OK,VISUAL_INERTIAL
1713,1761211784893,220.21552920341492,-137.82906532287598,-354.7632098197937,-0.5547239780426025,-0.22967584431171417,-0.2405727356672287,100,OK,MAP_UPDATE,OK,VISUAL_INERTIAL
1714,1761211784910,215.56657552719116,-137.73055374622345,-356.896311044693,-0.5571485161781311,-0.2288966029882431,-0.23303653299808502,100,OK,MAP_UPDATE,OK,VISUAL_INERTIAL
1715,1761211784927,211.10181510448456,-137.65659928321838,-358.9421510696411,-0.5595195293426514,-0.2300843447446823,-0.22498366236686707,100,OK,MAP_UPDATE,OK,VISUAL_INERTIAL
1716,1761211784943,206.52228593826294,-137.48125731945038,-360.87092757225037,-0.5617291331291199,-0.23197266459465027,-0.21700340509414673,100,OK,MAP_UPDATE,OK,VISUAL_INERTIAL
1717,1761211784960,201.8023431301117,-137.34623789787292,-362.7217411994934,-0.5635345578193665,-0.23277686536312103,-0.20963211357593536,100,OK,MAP_UPDATE,OK,VISUAL_INERTIAL
1718,1761211784977,196.8441605567932,-137.20887899398804,-364.4084334373474,-0.5649026036262512,-0.23251760005950928,-0.2027735710144043,100,OK,MAP_UPDATE,OK,VISUAL_INERTIAL
1719,1761211784993,191.98277592658997,-137.12501525878906,-365.8875823020935,-0.5661510229110718,-0.23236986994743347,-0.19581997394561768,100,OK,MAP_UPDATE,OK,VISUAL_INERTIAL
1720,1761211785010,187.5849813222885,-136.9904726743698,-367.2542870044708,-0.5674868226051331,-0.2327096164226532,-0.1887940764427185,100,OK,MAP_UPDATE,OK,VISUAL_INERTIAL
1721,1761211785027,183.43907594680786,-136.8536651134491,-368.56892704963684,-0.5687246918678284,-0.2335289716720581,-0.18185347318649292,100,OK,MAP_UPDATE,OK,VISUAL_INERTIAL
1722,1761211785043,179.34656143188477,-136.65041327476501,-369.84729766845703,-0.5698157548904419,-0.234075665473938,-0.17522569000720978,100,OK,MAP_UPDATE,OK,VISUAL_INERTIAL
1723,1761211785060,175.1793771982193,-136.45662367343903,-371.05557322502136,-0.5707689523696899,-0.23395423591136932,-0.16892260313034058,100,OK,MAP_UPDATE,OK,VISUAL_INERTIAL
1724,1761211785077,171.08236253261566,-136.23365759849548,-372.1728324890137,-0.5716663002967834,-0.2335595339536667,-0.1628195196390152,100,OK,MAP_UPDATE,OK,VISUAL_INERTIAL
1725,1761211785094,167.08071529865265,-135.97220182418823,-373.29354882240295,-0.5726165175437927,-0.23369358479976654,-0.15653494000434875,100,OK,MAP_UPDATE,OK,VISUAL_INERTIAL
1726,1761211785110,163.26530277729034,-135.79531013965607,-374.23035502433777,-0.573388397693634,-0.23407691717147827,-0.15025721490383148,100,OK,MAP_UPDATE,OK,VISUAL_INERTIAL
1727,1761211785127,159.3637317419052,-135.62072813510895,-375.1819133758545,-0.5740529298782349,-0.23437656462192535,-0.1440216600894928,100,OK,MAP_UPDATE,OK,VISUAL_INERTIAL
1728,1761211785143,155.3758978843689,-135.3943943977356,-376.0441839694977,-0.5746040940284729,-0.23437674343585968,-0.13793890178203583,100,OK,MAP_UPDATE,OK,VISUAL_INERTIAL
1729,1761211785160,151.62760019302368,-135.1386457681656,-376.85516476631165,-0.5750607848167419,-0.23464910686016083,-0.13156111538410187,100,OK,MAP_UPDATE,OK,VISUAL_INERTIAL
1730,1761211785177,147.9811817407608,-134.91569459438324,-377.55969166755676,-0.5755285620689392,-0.23543749749660492,-0.12514622509479523,100,OK,MAP_UPDATE,OK,VISUAL_INERTIAL
1731,1761211785193,144.10382509231567,-134.64736938476562,-378.3206641674042,-0.5759372711181641,-0.23647193610668182,-0.11878503113985062,100,OK,MAP_UPDATE,OK,VISUAL_INERTIAL
1732,1761211785210,140.29613137245178,-134.4216912984848,-378.9825439453125,-0.5763415098190308,-0.23806823790073395,-0.11225878447294235,100,OK,MAP_UPDATE,OK,VISUAL_INERTIAL
1733,1761211785227,136.46455109119415,-134.2296600341797,-379.6837031841278,-0.5767167210578918,-0.23989205062389374,-0.10567011684179306,100,OK,MAP_UPDATE,OK,VISUAL_INERTIAL
1734,1761211785243,132.60520994663239,-133.67536664009094,-380.4667294025421,-0.5773488283157349,-0.2414962649345398,-0.09900952875614166,100,OK,MAP_UPDATE,OK,VISUAL_INERTIAL
1735,1761211785260,128.64352762699127,-133.24497640132904,-381.1792731285095,-0.5777207612991333,-0.24310046434402466,-0.09244326502084732,100,OK,MAP_UPDATE,OK,VISUAL_INERTIAL
1736,1761211785277,124.6817409992218,-132.8047513961792,-381.8052411079407,-0.5779203772544861,-0.24456779658794403,-0.08594662696123123,100,OK,MAP_UPDATE,OK,VISUAL_INERTIAL
1737,1761211785293,120.77646702528,-132.40040838718414,-382.28148221969604,-0.5778125524520874,-0.2464134395122528,-0.07941383868455887,100,OK,MAP_UPDATE,OK,VISUAL_INERTIAL
1738,1761211785310,117.04681068658829,-131.94572925567627,-382.5630843639374,-0.577440619468689,-0.24913917481899261,-0.07266297936439514,100,OK,MAP_UPDATE,OK,VISUAL_INERTIAL
1739,1761211785327,113.19030076265335,-131.43442571163177,-382.67338275909424,-0.5766487121582031,-0.2508394122123718,-0.06626377254724503,100,OK,MAP_UPDATE,OK,VISUAL_INERTIAL
1740,1761211785343,108.94715040922165,-130.81768155097961,-382.6611042022705,-0.5754715204238892,-0.25106096267700195,-0.060518428683280945,100,OK,MAP_UPDATE,OK,VISUAL_INERTIAL
1741,1761211785360,104.87084090709686,-130.11842966079712,-382.4503421783447,-0.5740805268287659,-0.25096073746681213,-0.05486045032739639,100,OK,MAP_UPDATE,OK,VISUAL_INERTIAL
1742,1761211785377,101.05467587709427,-129.4379085302353,-382.09912180900574,-0.5726138353347778,-0.25101712346076965,-0.049154091626405716,100,OK,MAP_UPDATE,OK,VISUAL_INERTIAL
1743,1761211785393,97.44203835725784,-128.64141166210175,-381.63068890571594,-0.571016788482666,-0.25155019760131836,-0.04342467710375786,100,OK,MAP_UPDATE,OK,VISUAL_INERTIAL
1744,1761211785410,93.83152425289154,-127.78076529502869,-381.0425400733948,-0.5692511200904846,-0.25188302993774414,-0.03782067820429802,100,OK,MAP_UPDATE,OK,VISUAL_INERTIAL
1745,1761211785427,90.18861502408981,-126.86754763126373,-380.27793169021606,-0.5672940015792847,-0.2524172067642212,-0.03224156051874161,100,OK,MAP_UPDATE,OK,VISUAL_INERTIAL
1746,1761211785444,86.45801246166229,-125.97665190696716,-379.36919927597046,-0.5650448203086853,-0.25384849309921265,-0.026388101279735565,100,OK,MAP_UPDATE,OK,VISUAL_INERTIAL
1747,1761211785460,82.808718085289,-125.01998245716095,-378.39218974113464,-0.5625892281532288,-0.25544872879981995,-0.02058192901313305,100,OK,MAP_UPDATE,OK,VISUAL_INERTIAL
1748,1761211785477,78.82954180240631,-124.0837574005127,-377.2518038749695,-0.559830367565155,-0.2562374770641327,-0.01494324766099453,100,OK,MAP_UPDATE,OK,VISUAL_INERTIAL
1749,1761211785494,74.50584322214127,-123.13450872898102,-376.17582082748413,-0.5569677948951721,-0.25528138875961304,-0.00977275613695383,100,OK,MAP_UPDATE,OK,VISUAL_INERTIAL
1750,1761211785510,70.17411291599274,-122.19000607728958,-375.0288486480713,-0.5540426969528198,-0.25313788652420044,-0.004842735361307859,100,OK,MAP_UPDATE,OK,VISUAL_INERTIAL
1751,1761211785527,65.88461995124817,-121.01078778505325,-373.74529242515564,-0.5512151122093201,-0.2510928213596344,0.00021742028184235096,100,OK,MAP_UPDATE,OK,VISUAL_INERTIAL
1752,1761211785543,61.83985620737076,-119.75237727165222,-372.46355414390564,-0.548445999622345,-0.2492203265428543,0.005655414890497923,100,OK,MAP_UPDATE,OK,VISUAL_INERTIAL
1753,1761211785560,57.65810236334801,-118.57852339744568,-371.1307942867279,-0.5455313920974731,-0.24764911830425262,0.011228642426431179,100,OK,MAP_UPDATE,OK,VISUAL_INERTIAL
1754,1761211785577,53.39358001947403,-117.43171513080597,-369.800329208374,-0.542564868927002,-0.2458975613117218,0.016771560534834862,100,OK,MAP_UPDATE,OK,VISUAL_INERTIAL
1755,1761211785593,48.91873151063919,-116.29694700241089,-368.38221549987793,-0.5394665002822876,-0.24389442801475525,0.02235942892730236,100,OK,MAP_UPDATE,OK,VISUAL_INERTIAL
1756,1761211785610,44.403135776519775,-115.14277756214142,-366.8482005596161,-0.5362233519554138,-0.2422654926776886,0.028245117515325546,100,OK,MAP_UPDATE,OK,VISUAL_INERTIAL
1757,1761211785627,39.83743488788605,-113.95438015460968,-365.2873635292053,-0.532899796962738,-0.2409842312335968,0.03448353707790375,100,OK,MAP_UPDATE,OK,VISUAL_INERTIAL
1758,1761211785643,35.2766327559948,-112.80988901853561,-363.61685395240784,-0.5294966697692871,-0.24037224054336548,0.04107474535703659,100,OK,MAP_UPDATE,OK,VISUAL_INERTIAL
1759,1761211785660,30.558992177248,-111.65071278810501,-361.91079020500183,-0.526106595993042,-0.24060070514678955,0.04809845611453056,100,OK,MAP_UPDATE,OK,VISUAL_INERTIAL
1760,1761211785677,25.589141994714737,-110.53964495658875,-360.3072762489319,-0.5227087736129761,-0.24100756645202637,0.055406246334314346,100,OK,MAP_UPDATE,OK,VISUAL_INERTIAL
1761,1761211785693,20.45825682580471,-109.52296108007431,-358.56977105140686,-0.5191919803619385,-0.2417868673801422,0.06296762079000473,100,OK,MAP_UPDATE,OK,VISUAL_INERTIAL
1762,1761211785710,15.055547468364239,-108.63268375396729,-356.88847303390503,-0.5155653357505798,-0.2425282746553421,0.07077561318874359,100,OK,MAP_UPDATE,OK,VISUAL_INERTIAL
1763,1761211785727,9.36885830014944,-107.70782828330994,-355.44782876968384,-0.5120009779930115,-0.24369388818740845,0.07898107916116714,100,OK,MAP_UPDATE,OK,VISUAL_INERTIAL
1764,1761211785743,3.814816474914551,-106.85417056083679,-353.9300262928009,-0.5083242654800415,-0.24573448300361633,0.08748405426740646,100,OK,MAP_UPDATE,OK,VISUAL_INERTIAL
1765,1761211785760,-2.0261856261640787,-106.0524433851242,-352.4060547351837,-0.5046169757843018,-0.24798330664634705,0.0961771085858345,100,OK,MAP_UPDATE,OK,VISUAL_INERTIAL
1766,1761211785777,-7.892163470387459,-105.35823553800583,-350.8521020412445,-0.5008694529533386,-0.2502777874469757,0.10484161227941513,100,OK,MAP_UPDATE,OK,VISUAL_INERTIAL
1767,1761211785793,-13.72481882572174,-104.84252125024796,-349.3300676345825,-0.4971233606338501,-0.25289294123649597,0.11361439526081085,100,OK,MAP_UPDATE,OK,VISUAL_INERTIAL
1768,1761211785810,-19.816474989056587,-104.28629070520401,-347.9869067668915,-0.49355340003967285,-0.2562675178050995,0.12262115627527237,100,OK,MAP_UPDATE,OK,VISUAL_INERTIAL
1769,1761211785827,-25.534367188811302,-103.75432670116425,-346.60646319389343,-0.4900152087211609,-0.2603020966053009,0.13193289935588837,100,OK,MAP_UPDATE,OK,VISUAL_INERTIAL
1770,1761211785843,-31.418737024068832,-103.50210964679718,-345.278799533844,-0.48644232749938965,-0.26390743255615234,0.1410108357667923,100,OK,MAP_UPDATE,OK,VISUAL_INERTIAL
1771,1761211785860,-37.19383105635643,-103.25579345226288,-343.98937225341797,-0.48295342922210693,-0.26771220564842224,0.15000738203525543,100,OK,MAP_UPDATE,OK,VISUAL_INERTIAL
1772,1761211785877,-42.734723538160324,-103.12908887863159,-342.7794873714447,-0.47942054271698,-0.27261731028556824,0.15916526317596436,100,OK,MAP_UPDATE,OK,VISUAL_INERTIAL
1773,1761211785893,-47.74899780750275,-103.0411496758461,-341.50761365890503,-0.47585952281951904,-0.27946218848228455,0.16871680319309235,100,OK,MAP_UPDATE,OK,VISUAL_INERTIAL
1774,1761211785910,-52.00072005391121,-102.95052826404572,-340.3533697128296,-0.4721825420856476,-0.28942546248435974,0.1789800524711609,100,OK,MAP_UPDATE,OK,VISUAL_INERTIAL
1775,1761211785927,-56.92470073699951,-102.91203111410141,-339.0984237194061,-0.4682473838329315,-0.3005973994731903,0.18931713700294495,100,OK,MAP_UPDATE,OK,VISUAL_INERTIAL
1776,1761211785943,-62.52735108137131,-102.88555920124054,-338.1209671497345,-0.4643574059009552,-0.3098812699317932,0.19899164140224457,100,OK,MAP_UPDATE,OK,VISUAL_INERTIAL
1777,1761211785960,-68.32128763198853,-103.17984968423843,-337.1011018753052,-0.46057379245758057,-0.31681638956069946,0.20780472457408905,100,OK,MAP_UPDATE,OK,VISUAL_INERTIAL
1778,1761211785977,-73.40432703495026,-103.64671051502228,-336.1031413078308,-0.45679834485054016,-0.3245175778865814,0.21668361127376556,100,OK,MAP_UPDATE,OK,VISUAL_INERTIAL
1779,1761211785993,-77.32371240854263,-104.0838286280632,-335.12791991233826,-0.4529058635234833,-0.3351851999759674,0.2260400503873825,100,OK,MAP_UPDATE,OK,VISUAL_INERTIAL
1780,1761211786010,-81.2080129981041,-104.45331782102585,-334.0662121772766,-0.448895663022995,-0.3470522463321686,0.23546817898750305,100,OK,MAP_UPDATE,OK,VISUAL_INERTIAL
1781,1761211786027,-85.54015308618546,-104.76532578468323,-333.15590023994446,-0.44495028257369995,-0.3591035008430481,0.24468092620372772,100,OK,MAP_UPDATE,OK,VISUAL_INERTIAL
1782,1761211786043,-89.79150652885437,-105.17433285713196,-332.33293890953064,-0.44115549325942993,-0.36999642848968506,0.25331494212150574,100,OK,MAP_UPDATE,OK,VISUAL_INERTIAL
1783,1761211786060,-94.27647292613983,-105.70494085550308,-331.661194562912,-0.437676340341568,-0.37881723046302795,0.2614165246486664,100,OK,MAP_UPDATE,OK,VISUAL_INERTIAL
1784,1761211786077,-98.19231182336807,-106.2837690114975,-331.0907185077667,-0.43448659777641296,-0.3877224922180176,0.26942816376686096,100,OK,MAP_UPDATE,OK,VISUAL_INERTIAL
1785,1761211786093,-101.32966190576553,-106.85484856367111,-330.5337429046631,-0.4313589632511139,-0.3987051844596863,0.2777106463909149,100,OK,MAP_UPDATE,OK,VISUAL_INERTIAL
1786,1761211786110,-104.204922914505,-107.35553503036499,-330.17611503601074,-0.42837902903556824,-0.410012423992157,0.2858533561229706,100,OK,MAP_UPDATE,OK,VISUAL_INERTIAL
1787,1761211786127,-107.37252980470657,-107.95941203832626,-329.90944385528564,-0.42546263337135315,-0.4208911657333374,0.2936440706253052,100,OK,MAP_UPDATE,OK,VISUAL_INERTIAL
1788,1761211786143,-110.83415150642395,-108.61699283123016,-329.8284411430359,-0.4228731393814087,-0.42995715141296387,0.30083101987838745,100,OK,MAP_UPDATE,OK,VISUAL_INERTIAL
1789,1761211786160,-114.449143409729,-109.39092934131622,-329.866498708725,-0.42054107785224915,-0.4377249479293823,0.3075193464756012,100,OK,MAP_UPDATE,OK,VISUAL_INERTIAL
1790,1761211786177,-117.25465953350067,-110.07741838693619,-329.89850640296936,-0.41819289326667786,-0.44639965891838074,0.3142397105693817,100,OK,MAP_UPDATE,OK,VISUAL_INERTIAL
1791,1761211786193,-119.65357512235641,-110.7725203037262,-329.862505197525,-0.4156944453716278,-0.4565340578556061,0.3211706280708313,100,OK,MAP_UPDATE,OK,VISUAL_INERTIAL
1792,1761211786210,-122.07400053739548,-111.50090396404266,-329.7446370124817,-0.41301268339157104,-0.46658897399902344,0.328101247549057,100,OK,MAP_UPDATE,OK,VISUAL_INERTIAL
1793,1761211786227,-124.94140863418579,-112.23645508289337,-329.82391119003296,-0.4104475975036621,-0.4756408929824829,0.3347238004207611,100,OK,MAP_UPDATE,OK,VISUAL_INERTIAL
1794,1761211786244,-128.25918197631836,-112.98619955778122,-329.8620879650116,-0.40811240673065186,-0.4824625551700592,0.3407318890094757,100,OK,MAP_UPDATE,OK,VISUAL_INERTIAL
1795,1761211786261,-131.19648396968842,-113.6355772614479,-329.7286331653595,-0.40577030181884766,-0.489390105009079,0.34668511152267456,100,OK,MAP_UPDATE,OK,VISUAL_INERTIAL
1796,1761211786277,-133.5325688123703,-114.00105059146881,-329.46106791496277,-0.40339043736457825,-0.497783362865448,0.35279566049575806,100,OK,MAP_UPDATE,OK,VISUAL_INERTIAL
1797,1761211786293,-135.65590977668762,-114.31263387203217,-329.1824460029602,-0.40093153715133667,-0.5056330561637878,0.35890236496925354,100,OK,MAP_UPDATE,OK,VISUAL_INERTIAL
1798,1761211786310,-138.1015181541443,-114.78308588266373,-328.9277255535126,-0.3983892798423767,-0.5131723880767822,0.36472439765930176,100,OK,MAP_UPDATE,OK,VISUAL_INERTIAL
1799,1761211786327,-140.70986211299896,-115.37845432758331,-328.7506401538849,-0.395883172750473,-0.5194439888000488,0.3701150119304657,100,OK,MAP_UPDATE,OK,VISUAL_INERTIAL
1800,1761211786343,-143.40287446975708,-115.97743630409241,-328.61801981925964,-0.39354655146598816,-0.5241835117340088,0.3749763071537018,100,OK,MAP_UPDATE,OK,VISUAL_INERTIAL
1801,1761211786360,-145.88528871536255,-116.9152557849884,-327.9376029968262,-0.39072179794311523,-0.529004693031311,0.37941181659698486,100,OK,MAP_UPDATE,OK,VISUAL_INERTIAL
1802,1761211786377,-148.15744757652283,-117.53437668085098,-327.2705674171448,-0.38793787360191345,-0.534023106098175,0.38406386971473694,100,OK,MAP_UPDATE,OK,VISUAL_INERTIAL
1803,1761211786393,-150.592640042305,-118.16771328449249,-326.62954926490784,-0.38525477051734924,-0.5376794934272766,0.38822802901268005,100,OK,MAP_UPDATE,OK,VISUAL_INERTIAL
1804,1761211786410,-153.18293869495392,-118.71734261512756,-326.0270655155182,-0.3828565180301666,-0.5391951203346252,0.3917470872402191,100,OK,MAP_UPDATE,OK,VISUAL_INERTIAL
1805,1761211786427,-155.56040406227112,-119.16639655828476,-325.3264129161835,-0.38065484166145325,-0.5397565364837646,0.3948078751564026,100,OK,MAP_UPDATE,OK,VISUAL_INERTIAL
1806,1761211786443,-157.71444141864777,-119.57689374685287,-324.56284761428833,-0.37847718596458435,-0.5397196412086487,0.397467702627182,100,OK,MAP_UPDATE,OK,VISUAL_INERTIAL
1807,1761211786460,-159.93140637874603,-119.83071267604828,-323.69694113731384,-0.37657561898231506,-0.5374922752380371,0.39938509464263916,100,OK,MAP_UPDATE,OK,VISUAL_INERTIAL
1808,1761211786477,-162.09329664707184,-119.9457123875618,-322.7672874927521,-0.37513497471809387,-0.5329386591911316,0.40045568346977234,100,OK,MAP_UPDATE,OK,VISUAL_INERTIAL
1809,1761211786493,-163.68718445301056,-120.02161145210266,-321.6138184070587,-0.37363168597221375,-0.5284683108329773,0.4012181758880615,100,OK,MAP_UPDATE,OK,VISUAL_INERTIAL
1810,1761211786510,-165.0128960609436,-119.78719383478165,-320.2745020389557,-0.3720651865005493,-0.5241067409515381,0.40180614590644836,100,OK,MAP_UPDATE,OK,VISUAL_INERTIAL
1811,1761211786527,-166.4016991853714,-119.44671720266342,-318.91581416130066,-0.3707379400730133,-0.5178536772727966,0.40157565474510193,100,OK,MAP_UPDATE,OK,VISUAL_INERTIAL
1812,1761211786543,-168.2146042585373,-119.1692054271698,-317.481130361557,-0.37011200189590454,-0.5071315169334412,0.4000718295574188,100,OK,MAP_UPDATE,OK,VISUAL_INERTIAL
1813,1761211786560,-170.1042801141739,-118.93454939126968,-316.3995146751404,-0.3706066906452179,-0.49211186170578003,0.39715075492858887,100,OK,MAP_UPDATE,OK,VISUAL_INERTIAL
1814,1761211786577,-171.571284532547,-118.67719888687134,-315.1174783706665,-0.3714994192123413,-0.47533708810806274,0.3938727378845215,100,OK,MAP_UPDATE,OK,VISUAL_INERTIAL
1815,1761211786593,-172.26719856262207,-118.24662983417511,-313.58763575553894,-0.3723302185535431,-0.459574818611145,0.3907647430896759,100,OK,MAP_UPDATE,OK,VISUAL_INERTIAL
1816,1761211786610,-172.70630598068237,-117.70930886268616,-312.014102935791,-0.3733043372631073,-0.4438580572605133,0.38742950558662415,100,OK,MAP_UPDATE,OK,VISUAL_INERTIAL
1817,1761211786627,-173.15144836902618,-117.0625239610672,-310.4434013366699,-0.3746689558029175,-0.4269776940345764,0.3836083710193634,100,OK,MAP_UPDATE,OK,VISUAL_INERTIAL
1818,1761211786643,-173.4447479248047,-116.44075065851212,-308.9034855365753,-0.3762458562850952,-0.409898966550827,0.37947338819503784,100,OK,MAP_UPDATE,OK,VISUAL_INERTIAL
1819,1761211786660,-173.76430332660675,-115.91469496488571,-307.58318305015564,-0.3780873119831085,-0.3924591541290283,0.37516331672668457,100,OK,MAP_UPDATE,OK,VISUAL_INERTIAL
1820,1761211786677,-173.80157113075256,-115.41231721639633,-306.30722641944885,-0.38008618354797363,-0.3752644658088684,0.3705413043498993,100,OK,MAP_UPDATE,OK,VISUAL_INERTIAL
1821,1761211786693,-173.4282672405243,-114.74423855543137,-305.2218556404114,-0.3821270763874054,-0.35963520407676697,0.3659307360649109,100,OK,MAP_UPDATE,OK,VISUAL_INERTIAL
1822,1761211786710,-172.95482754707336,-114.09042030572891,-304.2679727077484,-0.38424548506736755,-0.3440033197402954,0.36102429032325745,100,OK,MAP_UPDATE,OK,VISUAL_INERTIAL
1823,1761211786727,-172.5468635559082,-113.49080502986908,-303.3722937107086,-0.38647928833961487,-0.3275129497051239,0.35562533140182495,100,OK,MAP_UPDATE,OK,VISUAL_INERTIAL
1824,1761211786743,-172.12870717048645,-112.99121379852295,-302.72167921066284,-0.38884344696998596,-0.3116386830806732,0.3503170907497406,100,OK,MAP_UPDATE,OK,VISUAL_INERTIAL
1825,1761211786760,-171.2065190076828,-112.37405240535736,-302.2456765174866,-0.3911857008934021,-0.29765647649765015,0.34532612562179565,100,OK,MAP_UPDATE,OK,VISUAL_INERTIAL
1826,1761211786777,-169.6961671113968,-111.80708557367325,-301.81968212127686,-0.39310505986213684,-0.28631943464279175,0.3406626880168915,100,OK,MAP_UPDATE,OK,VISUAL_INERTIAL
1827,1761211786794,-168.25321316719055,-111.2123653292656,-301.24908685684204,-0.3948042392730713,-0.2761062979698181,0.3359872102737427,100,OK,MAP_UPDATE,OK,VISUAL_INERTIAL
1828,1761211786810,-166.9820249080658,-110.5780079960823,-300.9730577468872,-0.3964955806732178,-0.2658742070198059,0.33122798800468445,100,OK,MAP_UPDATE,OK,VISUAL_INERTIAL
1829,1761211786827,-165.85679352283478,-109.94833707809448,-300.8763790130615,-0.39840394258499146,-0.2547960579395294,0.326009064912796,100,OK,MAP_UPDATE,OK,VISUAL_INERTIAL
1830,1761211786843,-164.9009734392166,-109.37868803739548,-300.81403255462646,-0.4006456136703491,-0.24250932037830353,0.320376992225647,100,OK,MAP_UPDATE,OK,VISUAL_INERTIAL
1831,1761211786860,-163.91371190547943,-108.79427939653397,-300.87223649024963,-0.40323755145072937,-0.22859050333499908,0.31419986486434937,100,OK,MAP_UPDATE,OK,VISUAL_INERTIAL
1832,1761211786877,-162.2130423784256,-108.32253098487854,-300.91893672943115,-0.4056803584098816,-0.2150837928056717,0.30785757303237915,100,OK,MAP_UPDATE,OK,VISUAL_INERTIAL
1833,1761211786893,-160.13506054878235,-107.73153603076935,-300.8320927619934,-0.40800660848617554,-0.2023015171289444,0.30147868394851685,100,OK,MAP_UPDATE,OK,VISUAL_INERTIAL
1834,1761211786910,-157.8722596168518,-106.95834457874298,-300.6333112716675,-0.4102272689342499,-0.18995320796966553,0.2951352000236511,100,OK,MAP_UPDATE,OK,VISUAL_INERTIAL
1835,1761211786927,-155.49589693546295,-106.08112812042236,-300.40454864501953,-0.4123382270336151,-0.17811192572116852,0.28882351517677307,100,OK,MAP_UPDATE,OK,VISUAL_INERTIAL
1836,1761211786943,-153.1761884689331,-105.17316311597824,-300.1684248447418,-0.41444507241249084,-0.16613821685314178,0.28233596682548523,100,OK,MAP_UPDATE,OK,VISUAL_INERTIAL
1837,1761211786960,-151.00368857383728,-104.26975041627884,-300.07052421569824,-0.4166080057621002,-0.15360026061534882,0.27559006214141846,100,OK,MAP_UPDATE,OK,VISUAL_INERTIAL
1838,1761211786977,-148.86069297790527,-103.33231091499329,-299.9437749385834,-0.4187277853488922,-0.14067582786083221,0.26849180459976196,100,OK,MAP_UPDATE,OK,VISUAL_INERTIAL
1839,1761211786993,-146.85595035552979,-102.39389538764954,-299.79407787323,-0.42076772451400757,-0.12710613012313843,0.26131895184516907,100,OK,MAP_UPDATE,OK,VISUAL_INERTIAL
1840,1761211787010,-144.54181492328644,-101.26230120658875,-299.54996705055237,-0.42278987169265747,-0.11328765749931335,0.25394436717033386,100,OK,MAP_UPDATE,OK,VISUAL_INERTIAL
1841,1761211787027,-141.9035643339157,-100.35543888807297,-299.2399334907532,-0.42445164918899536,-0.10056734085083008,0.24673563241958618,100,OK,MAP_UPDATE,OK,VISUAL_INERTIAL
1842,1761211787043,-139.1463279724121,-99.46086257696152,-298.85542392730713,-0.4259966015815735,-0.08854243159294128,0.23956747353076935,100,OK,MAP_UPDATE,OK,VISUAL_INERTIAL
1843,1761211787060,-136.51683926582336,-98.55104237794876,-298.56765270233154,-0.427550345659256,-0.07599508762359619,0.2322217971086502,100,OK,MAP_UPDATE,OK,VISUAL_INERTIAL
1844,1761211787077,-133.94401967525482,-97.66222536563873,-298.1390058994293,-0.4289141893386841,-0.0638120099902153,0.22493521869182587,100,OK,MAP_UPDATE,OK,VISUAL_INERTIAL
1845,1761211787093,-131.52508437633514,-96.86214476823807,-297.6974546909332,-0.4301980435848236,-0.05080736055970192,0.217368483543396,100,OK,MAP_UPDATE,OK,VISUAL_INERTIAL
1846,1761211787110,-129.1753500699997,-95.86232155561447,-297.3439693450928,-0.4315747618675232,-0.036922067403793335,0.20965169370174408,100,OK,MAP_UPDATE,OK,VISUAL_INERTIAL
1847,1761211787127,-126.2708455324173,-94.91681307554245,-296.9018816947937,-0.43276897072792053,-0.023793945088982582,0.20205962657928467,100,OK,MAP_UPDATE,OK,VISUAL_INERTIAL
1848,1761211787143,-122.98169732093811,-93.9236730337143,-296.4334785938263,-0.4337925314903259,-0.013372942805290222,0.19495652616024017,100,OK,MAP_UPDATE,OK,VISUAL_INERTIAL
1849,1761211787160,-119.6991503238678,-92.9594561457634,-296.01383209228516,-0.4345813989639282,-0.0042305151000618935,0.18806879222393036,100,OK,MAP_UPDATE,OK,VISUAL_INERTIAL
1850,1761211787177,-116.82048439979553,-92.15283393859863,-295.69950699806213,-0.4352515637874603,0.006277305074036121,0.1807127594947815,100,OK,MAP_UPDATE,OK,VISUAL_INERTIAL
1851,1761211787193,-114.1822561621666,-91.23876690864563,-295.52513360977173,-0.4360447824001312,0.017823198810219765,0.17306379973888397,100,OK,MAP_UPDATE,OK,VISUAL_INERTIAL
1852,1761211787210,-111.6430014371872,-90.59996902942657,-295.1827645301819,-0.43663448095321655,0.03017088584601879,0.16532300412654877,100,OK,MAP_UPDATE,OK,VISUAL_INERTIAL
1853,1761211787227,-108.59832912683487,-89.96067941188812,-294.795423746109,-0.43700671195983887,0.04279964044690132,0.15762701630592346,100,OK,MAP_UPDATE,OK,VISUAL_INERTIAL
1854,1761211787243,-104.85948622226715,-89.30223435163498,-294.2980229854584,-0.43720245361328125,0.05390133336186409,0.15023194253444672,100,OK,MAP_UPDATE,OK,VISUAL_INERTIAL
1855,1761211787260,-101.24171525239944,-88.6513963341713,-293.7869429588318,-0.43742990493774414,0.0638062059879303,0.14304602146148682,100,OK,MAP_UPDATE,OK,VISUAL_INERTIAL
1856,1761211787277,-98.09358417987823,-88.01057189702988,-293.4448719024658,-0.4378355145454407,0.07466034591197968,0.13558658957481384,100,OK,MAP_UPDATE,OK,VISUAL_INERTIAL
1857,1761211787293,-95.58571875095367,-87.53201365470886,-293.214350938797,-0.4383231997489929,0.08805617690086365,0.1275889128446579,100,OK,MAP_UPDATE,OK,VISUAL_INERTIAL
1858,1761211787310,-92.84316003322601,-86.69746667146683,-292.97390580177307,-0.43891674280166626,0.10135180503129959,0.11973762512207031,100,OK,MAP_UPDATE,OK,VISUAL_INERTIAL
1859,1761211787327,-89.29451555013657,-85.8922228217125,-292.4875319004059,-0.43910348415374756,0.11232887208461761,0.11250822246074677,100,OK,MAP_UPDATE,OK,VISUAL_INERTIAL
1860,1761211787343,-85.63213795423508,-84.99947190284729,-291.95335507392883,-0.43910881876945496,0.12164883315563202,0.10594623535871506,100,OK,MAP_UPDATE,OK,VISUAL_INERTIAL
1861,1761211787361,-82.1475088596344,-84.20724421739578,-291.40588641166687,-0.4390205144882202,0.13143259286880493,0.09915490448474884,100,OK,MAP_UPDATE,OK,VISUAL_INERTIAL
1862,1761211787377,-79.86608892679214,-83.41475576162338,-291.0492420196533,-0.439042866230011,0.14110584557056427,0.0927957147359848,100,OK,MAP_UPDATE,OK,VISUAL_INERTIAL
1863,1761211787393,-77.55637168884277,-82.53048360347748,-290.6613051891327,-0.43913140892982483,0.1517414152622223,0.08631835877895355,100,OK,MAP_UPDATE,OK,VISUAL_INERTIAL
1864,1761211787410,-75.40012151002884,-81.69088512659073,-290.22014141082764,-0.43906885385513306,0.16227944195270538,0.08013085275888443,100,OK,MAP_UPDATE,OK,VISUAL_INERTIAL
1865,1761211787427,-73.18586111068726,-80.96624910831451,-289.75406289100647,-0.43885794281959534,0.17249634861946106,0.07427239418029785,100,OK,MAP_UPDATE,OK,VISUAL_INERTIAL
1866,1761211787443,-70.7763358950615,-80.35244792699814,-289.2053723335266,-0.4384942948818207,0.18149928748607635,0.0689166933298111,100,OK,MAP_UPDATE,OK,VISUAL_INERTIAL
1867,1761211787460,-68.2617798447609,-79.67062294483185,-288.5632514953613,-0.43794015049934387,0.18867181241512299,0.06414595991373062,100,OK,MAP_UPDATE,OK,VISUAL_INERTIAL
1868,1761211787477,-65.97495824098587,-79.03687655925751,-287.9562973976135,-0.43733543157577515,0.19449476897716522,0.059725791215896606,100,OK,MAP_UPDATE,OK,VISUAL_INERTIAL
1869,1761211787493,-64.04229998588562,-78.40501517057419,-287.4564230442047,-0.43687570095062256,0.2008066177368164,0.05538015812635422,100,OK,MAP_UPDATE,OK,VISUAL_INERTIAL
1870,1761211787510,-62.57832050323486,-77.85516232252121,-287.0534360408783,-0.43651679158210754,0.2082727551460266,0.050935015082359314,100,OK,MAP_UPDATE,OK,VISUAL_INERTIAL
1871,1761211787527,-61.36390566825867,-77.5328055024147,-286.69410943984985,-0.4360273480415344,0.21554987132549286,0.04668807238340378,100,OK,MAP_UPDATE,OK,VISUAL_INERTIAL
1872,1761211787543,-59.92959067225456,-77.38203555345535,-286.314994096756,-0.43541717529296875,0.22311338782310486,0.04266275092959404,100,OK,MAP_UPDATE,OK,VISUAL_INERTIAL
1873,1761211787560,-58.71482193470001,-77.2259384393692,-285.95054149627686,-0.4349392056465149,0.23100215196609497,0.03870478272438049,100,OK,MAP_UPDATE,OK,VISUAL_INERTIAL
1874,1761211787577,-57.661063969135284,-77.0457461476326,-285.57947278022766,-0.4344770312309265,0.23916594684123993,0.03482185676693916,100,OK,MAP_UPDATE,OK,VISUAL_INERTIAL
1875,1761211787593,-56.82625249028206,-76.83201134204865,-285.1186692714691,-0.4341120421886444,0.2480263113975525,0.030979329720139503,100,OK,MAP_UPDATE,OK,VISUAL_INERTIAL
1876,1761211787610,-56.08968064188957,-76.52348279953003,-284.6861183643341,-0.43378540873527527,0.25736525654792786,0.027070919051766396,100,OK,MAP_UPDATE,OK,VISUAL_INERTIAL
1877,1761211787627,-54.86414209008217,-76.2106105685234,-284.27740931510925,-0.433481901884079,0.2658008933067322,0.02355102449655533,100,OK,MAP_UPDATE,OK,VISUAL_INERTIAL
1878,1761211787643,-53.767211735248566,-75.90749859809875,-284.07931327819824,-0.4333607256412506,0.2729543149471283,0.02035808563232422,100,OK,MAP_UPDATE,OK,VISUAL_INERTIAL
1879,1761211787660,-52.50245705246925,-75.75052976608276,-283.88097882270813,-0.43326303362846375,0.27904006838798523,0.017560716718435287,100,OK,MAP_UPDATE,OK,VISUAL_INERTIAL
1880,1761211787677,-51.14368349313736,-73.99990409612656,-283.6998701095581,-0.4340295195579529,0.2848246991634369,0.013912183232605457,100,OK,MAP_UPDATE,OK,VISUAL_INERTIAL
1881,1761211787693,-49.98103529214859,-73.1247141957283,-283.8040888309479,-0.4346153736114502,0.2882930636405945,0.011441439390182495,100,OK,MAP_UPDATE,OK,VISUAL_INERTIAL
1882,1761211787710,-48.64707961678505,-72.55016267299652,-284.0822637081146,-0.435332328081131,0.290225625038147,0.009722257032990456,100,OK,MAP_UPDATE,OK,VISUAL_INERTIAL
1883,1761211787727,-48.182327300310135,-72.21467792987823,-284.5078408718109,-0.4361516237258911,0.29319441318511963,0.008005859330296516,100,OK,MAP_UPDATE,OK,VISUAL_INERTIAL
1884,1761211787743,-47.91450873017311,-72.13689386844635,-284.982293844223,-0.4368361532688141,0.2959476411342621,0.006475469563156366,100,OK,MAP_UPDATE,OK,VISUAL_INERTIAL
1885,1761211787760,-48.68539050221443,-72.41634279489517,-285.6498062610626,-0.4373447597026825,0.2965165376663208,0.005785134620964527,100,OK,LOOP_CLOSED,OK,VISUAL_INERTIAL
1886,1761211787777,-47.44238033890724,-72.55307585000992,-286.0930562019348,-0.4379520118236542,0.2961762249469757,0.005057206843048334,100,OK,MAP_UPDATE,OK,VISUAL_INERTIAL
1887,1761211787793,-45.11118307709694,-72.66035676002502,-287.65061497688293,-0.4388887584209442,0.2921779453754425,0.0053581236861646175,100,OK,MAP_UPDATE,OK,VISUAL_INERTIAL
1888,1761211787810,-40.918879210948944,-72.81643897294998,-289.0637516975403,-0.43963027000427246,0.28012529015541077,0.007451648358255625,100,OK,MAP_UPDATE,OK,VISUAL_INERTIAL
1889,1761211787827,-34.971270710229874,-71.91325724124908,-289.90113735198975,-0.4413473308086395,0.2607085108757019,0.010974821634590626,100,OK,MAP_UPDATE,OK,VISUAL_INERTIAL
1890,1761211787844,-37.24236786365509,-74.38179105520248,-290.9737229347229,-0.44087526202201843,0.23336398601531982,0.015812572091817856,100,OK,MAP_UPDATE,OK,VISUAL_INERTIAL
1891,1761211787860,-37.19857335090637,-74.6498629450798,-292.4209535121918,-0.44243261218070984,0.2145475596189499,0.018792523071169853,100,OK,MAP_UPDATE,OK,VISUAL_INERTIAL
1892,1761211787877,-38.26191648840904,-75.44475793838501,-294.53548789024353,-0.4438118040561676,0.19824527204036713,0.02091195061802864,100,OK,MAP_UPDATE,OK,VISUAL_INERTIAL
1893,1761211787893,-38.17993402481079,-75.95032453536987,-296.11140489578247,-0.44514843821525574,0.18041856586933136,0.024143941700458527,100,OK,MAP_UPDATE,OK,VISUAL_INERTIAL
1894,1761211787910,-34.944798797369,-75.55253803730011,-298.44215512275696,-0.4472403824329376,0.15921448171138763,0.02800416760146618,100,OK,MAP_UPDATE,OK,VISUAL_INERTIAL
1895,1761211787927,-33.438291400671005,-76.6945481300354,-299.4656264781952,-0.44800832867622375,0.13230296969413757,0.03326427564024925,100,OK,MAP_UPDATE,OK,VISUAL_INERTIAL
1896,1761211787943,-33.72461348772049,-77.21248269081116,-301.41857266426086,-0.4495910704135895,0.10955347865819931,0.03738946095108986,100,OK,MAP_UPDATE,OK,VISUAL_INERTIAL
1897,1761211787960,-34.80323776602745,-77.74725556373596,-303.69141697883606,-0.4511297941207886,0.09401283413171768,0.0393332876265049,100,OK,MAP_UPDATE,OK,VISUAL_INERTIAL
1898,1761211787977,-36.81875765323639,-78.49675416946411,-305.10222911834717,-0.4519297182559967,0.08119691908359528,0.041181761771440506,100,OK,MAP_UPDATE,OK,VISUAL_INERTIAL
1899,1761211787993,-37.48377785086632,-78.94200086593628,-306.1808943748474,-0.4523395299911499,0.06892404705286026,0.04319301247596741,100,OK,MAP_UPDATE,OK,VISUAL_INERTIAL
1900,1761211788010,-36.57025098800659,-79.32283729314804,-306.92359805107117,-0.4523724317550659,0.055701158940792084,0.04529943689703941,100,OK,MAP_UPDATE,OK,VISUAL_INERTIAL
1901,1761211788027,-35.0889228284359,-79.59094643592834,-307.45062232017517,-0.45220303535461426,0.04175432398915291,0.04718087241053581,100,OK,MAP_UPDATE,OK,VISUAL_INERTIAL
1902,1761211788043,-33.058155328035355,-79.97439801692963,-307.8617751598358,-0.4517475962638855,0.029285045340657234,0.048198454082012177,100,OK,MAP_UPDATE,OK,VISUAL_INERTIAL
1903,1761211788060,-30.880635604262352,-80.06679266691208,-308.1284165382385,-0.45130759477615356,0.019234808161854744,0.0484333261847496,100,OK,MAP_UPDATE,OK,VISUAL_INERTIAL
1904,1761211788077,-29.549524188041687,-79.80556041002274,-308.19034576416016,-0.4509318172931671,0.010512211360037327,0.048613540828228,100,OK,MAP_UPDATE,OK,VISUAL_INERTIAL
1905,1761211788093,-27.571439743041992,-79.68433946371078,-308.1164360046387,-0.45029914379119873,0.000752218475099653,0.04895767569541931,100,OK,MAP_UPDATE,OK,VISUAL_INERTIAL
1906,1761211788110,-24.99784342944622,-79.44250851869583,-307.9940378665924,-0.4496803879737854,-0.010750280693173409,0.04968566074967384,100,OK,MAP_UPDATE,OK,VISUAL_INERTIAL
1907,1761211788127,-22.649038583040237,-79.93293553590775,-308.0037832260132,-0.4485955536365509,-0.02352898009121418,0.05082150176167488,100,OK,MAP_UPDATE,OK,VISUAL_INERTIAL
1908,1761211788143,-20.61673253774643,-80.10188490152359,-308.06875228881836,-0.44773611426353455,-0.035678450018167496,0.05147064849734306,100,OK,MAP_UPDATE,OK,VISUAL_INERTIAL
1909,1761211788160,-19.641868770122528,-80.14057576656342,-308.0699145793915,-0.44691282510757446,-0.043836306780576706,0.05101305991411209,100,OK,MAP_UPDATE,OK,VISUAL_INERTIAL
1910,1761211788177,-18.496695905923843,-79.95142787694931,-307.81859159469604,-0.44613221287727356,-0.049626052379608154,0.049690596759319305,100,OK,MAP_UPDATE,OK,VISUAL_INERTIAL
1911,1761211788193,-16.31465181708336,-79.7155573964119,-307.5806498527527,-0.4453047811985016,-0.05767010897397995,0.048946402966976166,100,OK,MAP_UPDATE,OK,VISUAL_INERTIAL
1912,1761211788210,-12.930653057992458,-79.38049733638763,-307.30170011520386,-0.4444996416568756,-0.06869738548994064,0.048638466745615005,100,OK,MAP_UPDATE,OK,VISUAL_INERTIAL
1913,1761211788227,-9.565859101712704,-79.03334498405457,-307.0918321609497,-0.4437110126018524,-0.08131782710552216,0.04838290065526962,100,OK,MAP_UPDATE,OK,VISUAL_INERTIAL
1914,1761211788243,-6.864899769425392,-78.65557819604874,-306.78337812423706,-0.44289630651474,-0.09278351068496704,0.04751461371779442,100,OK,MAP_UPDATE,OK,VISUAL_INERTIAL
1915,1761211788260,-4.984650295227766,-78.2054215669632,-306.4955472946167,-0.4420863389968872,-0.10062307119369507,0.04558023065328598,100,OK,MAP_UPDATE,OK,VISUAL_INERTIAL
1916,1761211788277,-2.859009662643075,-77.80424505472183,-306.07253313064575,-0.4410814344882965,-0.10733465850353241,0.04317383095622063,100,OK,MAP_UPDATE,OK,VISUAL_INERTIAL
1917,1761211788293,0.4527983255684376,-77.28344947099686,-305.483877658844,-0.4399705231189728,-0.11559004336595535,0.04105297103524208,100,OK,MAP_UPDATE,OK,VISUAL_INERTIAL
1918,1761211788310,4.503173753619194,-76.6364336013794,-304.86199259757996,-0.43870264291763306,-0.12579889595508575,0.03897672891616821,100,OK,MAP_UPDATE,OK,VISUAL_INERTIAL
1919,1761211788327,8.592408150434494,-75.95210522413254,-304.16661500930786,-0.43741700053215027,-0.1368858814239502,0.03675583377480507,100,OK,MAP_UPDATE,OK,VISUAL_INERTIAL
1920,1761211788343,12.381657026708126,-75.15380531549454,-303.3267557621002,-0.43603500723838806,-0.1472596526145935,0.03406388685107231,100,OK,MAP_UPDATE,OK,VISUAL_INERTIAL
1921,1761211788360,16.036754474043846,-74.54423606395721,-302.42905020713806,-0.43437960743904114,-0.15764136612415314,0.03108523227274418,100,OK,MAP_UPDATE,OK,VISUAL_INERTIAL
1922,1761211788377,19.797414541244507,-73.87325912714005,-301.34379863739014,-0.43257012963294983,-0.16840268671512604,0.027941083535552025,100,OK,MAP_UPDATE,OK,VISUAL_INERTIAL
1923,1761211788393,23.790104314684868,-73.13304394483566,-300.1604378223419,-0.4306526780128479,-0.1789143681526184,0.02482525072991848,100,OK,MAP_UPDATE,OK,VISUAL_INERTIAL
1924,1761211788410,27.763551101088524,-72.22992926836014,-298.7649440765381,-0.4286137819290161,-0.18955104053020477,0.021334225311875343,100,OK,MAP_UPDATE,OK,VISUAL_INERTIAL
1925,1761211788427,31.77053853869438,-71.51615619659424,-297.24520444869995,-0.42622387409210205,-0.19947826862335205,0.01751480996608734,100,OK,MAP_UPDATE,OK,VISUAL_INERTIAL
1926,1761211788443,35.848986357450485,-70.68336755037308,-295.5424189567566,-0.4238741397857666,-0.2097586691379547,0.013674873858690262,100,OK,MAP_UPDATE,OK,VISUAL_INERTIAL
1927,1761211788460,40.07378965616226,-69.80372220277786,-293.82169246673584,-0.4214426875114441,-0.22047676146030426,0.009828118607401848,100,OK,MAP_UPDATE,OK,VISUAL_INERTIAL
1928,1761211788477,44.17110979557037,-68.85502487421036,-291.90632700920105,-0.41890284419059753,-0.22999295592308044,0.005616744514554739,100,OK,MAP_UPDATE,OK,VISUAL_INERTIAL
1929,1761211788493,48.26752096414566,-67.90551543235779,-289.83741998672485,-0.4162794053554535,-0.23829832673072815,0.0010614374186843634,100,OK,MAP_UPDATE,OK,VISUAL_INERTIAL
1930,1761211788510,52.7961291372776,-67.00006127357483,-287.60334849357605,-0.413589745759964,-0.2472463995218277,-0.0033011657651513815,100,OK,MAP_UPDATE,OK,VISUAL_INERTIAL
1931,1761211788527,57.79591575264931,-65.94713777303696,-285.2873504161835,-0.4109644293785095,-0.2573123574256897,-0.007482962682843208,100,OK,MAP_UPDATE,OK,VISUAL_INERTIAL
1932,1761211788543,62.62550503015518,-64.9106577038765,-282.981276512146,-0.4083298146724701,-0.2682889699935913,-0.011542950756847858,100,OK,MAP_UPDATE,OK,VISUAL_INERTIAL
1933,1761211788560,67.67578423023224,-63.90745937824249,-280.5313169956207,-0.4055936336517334,-0.2804485857486725,-0.015471873804926872,100,OK,MAP_UPDATE,OK,VISUAL_INERTIAL
1934,1761211788577,72.61674106121063,-62.86901980638504,-278.2820761203766,-0.40308907628059387,-0.29467272758483887,-0.018964195623993874,100,OK,MAP_UPDATE,OK,VISUAL_INERTIAL
1935,1761211788593,76.95990800857544,-61.9899146258831,-275.849312543869,-0.40037304162979126,-0.3078857660293579,-0.02264418639242649,100,OK,MAP_UPDATE,OK,VISUAL_INERTIAL
1936,1761211788610,80.67536354064941,-61.026863753795624,-273.41002225875854,-0.3976800739765167,-0.31881263852119446,-0.026596467941999435,100,OK,MAP_UPDATE,OK,VISUAL_INERTIAL
1937,1761211788627,84.28901433944702,-60.15555188059807,-270.915687084198,-0.3951135277748108,-0.32861095666885376,-0.030677687376737595,100,OK,MAP_UPDATE,OK,VISUAL_INERTIAL
1938,1761211788643,88.25709670782089,-59.29098278284073,-268.4902250766754,-0.3927329182624817,-0.3384314179420471,-0.03453730419278145,100,OK,MAP_UPDATE,OK,VISUAL_INERTIAL
1939,1761211788660,92.2507494688034,-58.490753173828125,-266.05933904647827,-0.390396386384964,-0.3477087914943695,-0.038564346730709076,100,OK,MAP_UPDATE,OK,VISUAL_INERTIAL
1940,1761211788677,96.89483046531677,-57.701412588357925,-263.75627517700195,-0.38811421394348145,-0.3562348186969757,-0.042674776166677475,100,OK,MAP_UPDATE,OK,VISUAL_INERTIAL
1941,1761211788693,100.72305053472519,-56.90870061516762,-261.4445686340332,-0.38581380248069763,-0.36384156346321106,-0.04688732326030731,100,OK,MAP_UPDATE,OK,VISUAL_INERTIAL
1942,1761211788710,104.14405912160873,-56.2538206577301,-259.11110639572144,-0.3832685649394989,-0.368545800447464,-0.05161837115883827,100,OK,MAP_UPDATE,OK,VISUAL_INERTIAL
1943,1761211788727,107.15918987989426,-55.64112216234207,-256.72146677970886,-0.380565345287323,-0.37036314606666565,-0.05670994520187378,100,OK,MAP_UPDATE,OK,VISUAL_INERTIAL
1944,1761211788743,110.19440740346909,-54.816413670778275,-254.1678249835968,-0.37790626287460327,-0.3699149489402771,-0.0619797557592392,100,OK,MAP_UPDATE,OK,VISUAL_INERTIAL
1945,1761211788760,113.80071192979813,-54.44915592670441,-251.70576572418213,-0.3748151361942291,-0.36928197741508484,-0.06738214194774628,100,OK,MAP_UPDATE,OK,VISUAL_INERTIAL
1946,1761211788777,117.18776077032089,-53.96858975291252,-249.11685287952423,-0.37141814827919006,-0.3677763342857361,-0.07291585952043533,100,OK,MAP_UPDATE,OK,VISUAL_INERTIAL
1947,1761211788793,120.09338289499283,-53.20894718170166,-246.22754752635956,-0.36778923869132996,-0.36358845233917236,-0.07876750081777573,100,OK,MAP_UPDATE,OK,VISUAL_INERTIAL
1948,1761211788810,122.65703827142715,-52.353255450725555,-243.17342042922974,-0.3638603687286377,-0.3569622337818146,-0.08496540784835815,100,OK,MAP_UPDATE,OK,VISUAL_INERTIAL
1949,1761211788827,125.01473724842072,-51.502082496881485,-240.04939198493958,-0.3595382571220398,-0.34906500577926636,-0.0912158414721489,100,OK,MAP_UPDATE,OK,VISUAL_INERTIAL
1950,1761211788843,127.25980579853058,-50.628166645765305,-236.8299812078476,-0.35493406653404236,-0.33953890204429626,-0.09753099083900452,100,OK,MAP_UPDATE,OK,VISUAL_INERTIAL
1951,1761211788860,129.32150065898895,-49.76223036646843,-233.40611159801483,-0.34994077682495117,-0.326362669467926,-0.10441341996192932,100,OK,MAP_UPDATE,OK,VISUAL_INERTIAL
1952,1761211788877,130.80519437789917,-48.92817512154579,-230.03335297107697,-0.34456124901771545,-0.3111523389816284,-0.11149165779352188,100,OK,MAP_UPDATE,OK,VISUAL_INERTIAL
1953,1761211788893,132.56141543388367,-48.1487512588501,-226.6305834054947,-0.3392033576965332,-0.2964072525501251,-0.11809715628623962,100,OK,MAP_UPDATE,OK,VISUAL_INERTIAL
1954,1761211788910,134.27992165088654,-47.336965799331665,-223.2552021741867,-0.3338986933231354,-0.2817293405532837,-0.12431670725345612,100,OK,MAP_UPDATE,OK,VISUAL_INERTIAL
1955,1761211788927,135.84129512310028,-46.54357582330704,-219.7502851486206,-0.3283996880054474,-0.26666155457496643,-0.13038533926010132,100,OK,MAP_UPDATE,OK,VISUAL_INERTIAL
1956,1761211788943,137.71739602088928,-45.60630023479462,-216.1857783794403,-0.32299888134002686,-0.2528429329395294,-0.13592973351478577,100,OK,MAP_UPDATE,OK,VISUAL_INERTIAL
1957,1761211788960,139.45871591567993,-44.64128986001015,-212.48064935207367,-0.31746312975883484,-0.23978012800216675,-0.14100931584835052,100,OK,MAP_UPDATE,OK,VISUAL_INERTIAL
1958,1761211788977,140.4990702867508,-43.84639859199524,-209.1236263513565,-0.3117709159851074,-0.2242441624403,-0.14628027379512787,100,OK,MAP_UPDATE,OK,VISUAL_INERTIAL
1959,1761211788993,140.57078957557678,-43.06793212890625,-205.74870705604553,-0.30559346079826355,-0.2062656134366989,-0.15173988044261932,100,OK,MAP_UPDATE,OK,VISUAL_INERTIAL
1960,1761211789010,141.69245958328247,-42.39810258150101,-202.16690003871918,-0.2996758222579956,-0.19214703142642975,-0.15594486892223358,100,OK,MAP_UPDATE,OK,VISUAL_INERTIAL
1961,1761211789027,142.49548316001892,-40.89723899960518,-198.69419932365417,-0.2947106957435608,-0.1830412596464157,-0.15894386172294617,100,OK,MAP_UPDATE,OK,VISUAL_INERTIAL
1962,1761211789043,143.61868798732758,-39.735421538352966,-195.05587220191956,-0.2894112765789032,-0.17441299557685852,-0.1618719846010208,100,OK,MAP_UPDATE,OK,VISUAL_INERTIAL
1963,1761211789060,144.18093860149384,-38.50265219807625,-191.4459615945816,-0.2838493287563324,-0.16526830196380615,-0.16473543643951416,100,OK,MAP_UPDATE,OK,VISUAL_INERTIAL
1964,1761211789077,144.35499906539917,-37.25559264421463,-187.93924152851105,-0.27835893630981445,-0.15608011186122894,-0.16720522940158844,100,OK,MAP_UPDATE,OK,VISUAL_INERTIAL
1965,1761211789094,144.2062109708786,-36.02485731244087,-184.50288474559784,-0.2728669345378876,-0.14644089341163635,-0.16944116353988647,100,OK,MAP_UPDATE,OK,VISUAL_INERTIAL
1966,1761211789110,143.96736025810242,-34.94511917233467,-181.23981356620789,-0.26741817593574524,-0.13660122454166412,-0.17148438096046448,100,OK,MAP_UPDATE,OK,VISUAL_INERTIAL
1967,1761211789127,143.72387528419495,-34.02949869632721,-177.97353863716125,-0.2618989944458008,-0.127293661236763,-0.1731673926115036,100,OK,MAP_UPDATE,OK,VISUAL_INERTIAL
1968,1761211789143,143.82676780223846,-33.00458565354347,-174.68798160552979,-0.25675222277641296,-0.11978111416101456,-0.17436791956424713,100,OK,MAP_UPDATE,OK,VISUAL_INERTIAL
1969,1761211789160,144.0361887216568,-31.84192255139351,-171.53295874595642,-0.25194746255874634,-0.113500215113163,-0.17510485649108887,100,OK,MAP_UPDATE,OK,VISUAL_INERTIAL
1970,1761211789177,143.33701133728027,-30.952388420701027,-168.47650706768036,-0.24703682959079742,-0.10652211308479309,-0.17570950090885162,100,OK,MAP_UPDATE,OK,VISUAL_INERTIAL
1971,1761211789193,140.80247282981873,-29.617248103022575,-165.52650928497314,-0.24245965480804443,-0.09594821184873581,-0.17644065618515015,100,OK,MAP_UPDATE,OK,VISUAL_INERTIAL
1972,1761211789210,139.27452266216278,-29.498234391212463,-162.97206282615662,-0.2367224246263504,-0.08122024685144424,-0.1776164472103119,100,OK,MAP_UPDATE,OK,VISUAL_INERTIAL
1973,1761211789227,138.47839832305908,-28.83511781692505,-160.08545458316803,-0.23200209438800812,-0.07089449465274811,-0.17750993371009827,100,OK,MAP_UPDATE,OK,VISUAL_INERTIAL
1974,1761211789243,137.51904666423798,-27.04097330570221,-157.4629247188568,-0.22866597771644592,-0.06573458015918732,-0.17643031477928162,100,OK,MAP_UPDATE,OK,VISUAL_INERTIAL
1975,1761211789260,136.7400586605072,-26.510905474424362,-154.951274394989,-0.22469191253185272,-0.060726944357156754,-0.17570169270038605,100,OK,MAP_UPDATE,OK,VISUAL_INERTIAL
1976,1761211789278,135.0957602262497,-26.19633451104164,-152.58698165416718,-0.2205793261528015,-0.0526740588247776,-0.17533403635025024,100,OK,MAP_UPDATE,OK,VISUAL_INERTIAL
1977,1761211789293,130.34172356128693,-24.70339462161064,-150.4739373922348,-0.21756941080093384,-0.04181237518787384,-0.17482797801494598,100,OK,MAP_UPDATE,OK,VISUAL_INERTIAL
1978,1761211789310,128.53030860424042,-25.68821795284748,-148.37931096553802,-0.2118041217327118,-0.024494556710124016,-0.17530789971351624,100,OK,MAP_UPDATE,OK,VISUAL_INERTIAL
1979,1761211789327,126.77443027496338,-25.653701275587082,-145.98481357097626,-0.20726041495800018,-0.011161533184349537,-0.17499327659606934,100,OK,MAP_UPDATE,OK,VISUAL_INERTIAL
1980,1761211789343,124.62101876735687,-23.596812039613724,-143.55488121509552,-0.204715758562088,-0.0035660790745168924,-0.17304213345050812,100,OK,MAP_UPDATE,OK,VISUAL_INERTIAL
1981,1761211789360,124.4131326675415,-22.85490743815899,-141.36655628681183,-0.20117679238319397,0.003702836576849222,-0.1718512624502182,100,OK,MAP_UPDATE,OK,VISUAL_INERTIAL
1982,1761211789377,123.48514050245285,-21.930698305368423,-139.10865783691406,-0.19739706814289093,0.012103463523089886,-0.17102932929992676,100,OK,MAP_UPDATE,OK,VISUAL_INERTIAL
1983,1761211789393,121.96070700883865,-20.859386771917343,-136.781245470047,-0.19342327117919922,0.021785670891404152,-0.17033547163009644,100,OK,MAP_UPDATE,OK,VISUAL_INERTIAL
1984,1761211789410,120.4119399189949,-19.725559279322624,-134.24916565418243,-0.1892431527376175,0.031290583312511444,-0.16949675977230072,100,OK,MAP_UPDATE,OK,VISUAL_INERTIAL
1985,1761211789427,120.4119399189949,-19.725559279322624,-134.24916565418243,-0.1892431527376175,0.031290583312511444,-0.16949675977230072,100,OK,MAP_UPDATE,OK,VISUAL_INERTIAL
1986,1761211789443,118.29075217247009,-17.628533765673637,-128.3489465713501,-0.18019120395183563,0.046406909823417664,-0.16750769317150116,100,OK,MAP_UPDATE,OK,VISUAL_INERTIAL
1987,1761211789460,117.10186302661896,-16.4429172873497,-124.87152963876724,-0.17532581090927124,0.051438573747873306,-0.16630487143993378,100,OK,MAP_UPDATE,OK,VISUAL_INERTIAL
1988,1761211789477,116.28395318984985,-15.176630578935146,-121.23160064220428,-0.17019043862819672,0.05540075898170471,-0.1651119887828827,100,OK,MAP_UPDATE,OK,VISUAL_INERTIAL
1989,1761211789493,115.67134410142899,-14.23370186239481,-117.32470989227295,-0.16438844799995422,0.05861986428499222,-0.16412706673145294,100,OK,MAP_UPDATE,OK,VISUAL_INERTIAL
1990,1761211789510,114.93577063083649,-13.541233725845814,-113.36593329906464,-0.158381387591362,0.06157945096492767,-0.16327641904354095,100,OK,MAP_UPDATE,OK,VISUAL_INERTIAL
1991,1761211789527,114.02146518230438,-12.971384450793266,-109.0267226099968,-0.1519201397895813,0.06559024751186371,-0.16263414919376373,100,OK,MAP_UPDATE,OK,VISUAL_INERTIAL
1992,1761211789543,112.97301203012466,-12.290194630622864,-104.47026044130325,-0.14511799812316895,0.07069114595651627,-0.16219711303710938,100,OK,MAP_UPDATE,OK,VISUAL_INERTIAL
1993,1761211789560,112.31068521738052,-11.315549723803997,-99.5921716094017,-0.13817526400089264,0.07441330701112747,-0.1616852730512619,100,OK,MAP_UPDATE,OK,VISUAL_INERTIAL
1994,1761211789577,112.17199265956879,-10.030914098024368,-94.55348551273346,-0.1312299370765686,0.07636107504367828,-0.16120146214962006,100,OK,MAP_UPDATE,OK,VISUAL_INERTIAL
1995,1761211789594,111.97859793901443,-8.969427086412907,-89.17472511529922,-0.12375610321760178,0.07752081006765366,-0.16080047190189362,100,OK,MAP_UPDATE,OK,VISUAL_INERTIAL
1996,1761211789610,111.90276592969894,-7.710325997322798,-83.7460532784462,-0.11621787399053574,0.07917435467243195,-0.1607653945684433,100,OK,MAP_UPDATE,OK,VISUAL_INERTIAL
1997,1761211789627,111.68541014194489,-6.619542371481657,-78.10112088918686,-0.10821954905986786,0.08102615177631378,-0.1608586311340332,100,OK,MAP_UPDATE,OK,VISUAL_INERTIAL
1998,1761211789643,111.8195503950119,-5.829434376209974,-72.22437858581543,-0.09987042099237442,0.08253157883882523,-0.16102725267410278,100,OK,MAP_UPDATE,OK,VISUAL_INERTIAL
1999,1761211789660,112.11097985506058,-5.112265702337027,-66.14013016223907,-0.09124943614006042,0.08372924476861954,-0.16140656173229218,100,OK,MAP_UPDATE,OK,VISUAL_INERTIAL
2000,1761211789677,112.52543330192566,-4.4555445201694965,-59.96711552143097,-0.08241964876651764,0.08463259786367416,-0.16187256574630737,100,OK,MAP_UPDATE,OK,VISUAL_INERTIAL
2001,1761211789694,113.04978281259537,-3.903874894604087,-53.53863909840584,-0.07335484027862549,0.08600563555955887,-0.16252391040325165,100,OK,MAP_UPDATE,OK,VISUAL_INERTIAL
2002,1761211789710,113.42407763004303,-3.3481502905488014,-47.12153971195221,-0.06423326581716537,0.08778328448534012,-0.16328871250152588,100,OK,MAP_UPDATE,OK,VISUAL_INERTIAL
2003,1761211789727,113.80057036876678,-2.855538623407483,-40.675751864910126,-0.05501096695661545,0.08963948488235474,-0.16405168175697327,100,OK,MAP_UPDATE,OK,VISUAL_INERTIAL
2004,1761211789743,114.52606320381165,-2.4106025230139494,-34.12996232509613,-0.04595768824219704,0.09115572273731232,-0.16489538550376892,100,OK,MAP_UPDATE,OK,VISUAL_INERTIAL
2005,1761211789760,115.38513749837875,-2.0670962985605,-27.609292417764664,-0.036892134696245193,0.09237777441740036,-0.1657770723104477,100,OK,MAP_UPDATE,OK,VISUAL_INERTIAL
2006,1761211789777,116.25242978334427,-1.7887672875076532,-21.16064913570881,-0.027847183868288994,0.09350823611021042,-0.1666755974292755,100,OK,MAP_UPDATE,OK,VISUAL_INERTIAL
2007,1761211789794,117.06560105085373,-1.788974623195827,-14.673478901386261,-0.01868918351829052,0.09497341513633728,-0.16771283745765686,100,OK,MAP_UPDATE,OK,VISUAL_INERTIAL
2008,1761211789810,117.60487407445908,-1.8163614440709352,-8.590751327574253,-0.009930127300322056,0.0970170870423317,-0.16862620413303375,100,OK,MAP_UPDATE,OK,VISUAL_INERTIAL
2009,1761211789827,118.1805208325386,-1.7094440991058946,-2.551515121012926,-0.0013446648372337222,0.09912821650505066,-0.16950073838233948,100,OK,MAP_UPDATE,OK,VISUAL_INERTIAL
2010,1761211789843,118.81846934556961,-1.7219727160409093,3.3982680179178715,0.006959558930248022,0.10060238838195801,-0.17026080191135406,100,OK,MAP_UPDATE,OK,VISUAL_INERTIAL
2011,1761211789860,119.75482106208801,-1.3011656701564789,8.874434977769852,0.014458145014941692,0.10126316547393799,-0.17112848162651062,100,OK,MAP_UPDATE,OK,VISUAL_INERTIAL
2012,1761211789877,120.97327411174774,-1.5296476194635034,14.358201064169407,0.022058160975575447,0.10170827060937881,-0.17195163667201996,100,OK,MAP_UPDATE,OK,VISUAL_INERTIAL
2013,1761211789893,121.96297198534012,-1.8183941720053554,19.55271326005459,0.029451381415128708,0.10290026664733887,-0.17265279591083527,100,OK,MAP_UPDATE,OK,VISUAL_INERTIAL
2014,1761211789910,122.58505076169968,-2.2516122553497553,24.445993825793266,0.036599788814783096,0.10479975491762161,-0.17325162887573242,100,OK,MAP_UPDATE,OK,VISUAL_INERTIAL
2015,1761211789927,122.92277812957764,-2.841285662725568,29.01577204465866,0.04337010532617569,0.10725295543670654,-0.17374131083488464,100,OK,MAP_UPDATE,OK,VISUAL_INERTIAL
2016,1761211789943,123.79585951566696,-3.891582600772381,33.454108983278275,0.05009118840098381,0.11068911105394363,-0.1745024025440216,100,OK,MAP_UPDATE,OK,VISUAL_INERTIAL
2017,1761211789960,124.37884509563446,-4.454494453966618,37.67611086368561,0.05615357309579849,0.11327698081731796,-0.174972265958786,100,OK,MAP_UPDATE,OK,VISUAL_INERTIAL
2018,1761211789977,125.16362965106964,-4.800432361662388,41.52192920446396,0.06142590194940567,0.11466579139232635,-0.17540724575519562,100,OK,MAP_UPDATE,OK,VISUAL_INERTIAL
2019,1761211789993,126.16617977619171,-5.075037945061922,45.05319893360138,0.06610845029354095,0.11575153470039368,-0.17577782273292542,100,OK,MAP_UPDATE,OK,VISUAL_INERTIAL
2020,1761211790010,126.7021894454956,-5.265615880489349,48.20992797613144,0.07059161365032196,0.11727786064147949,-0.17607571184635162,100,OK,MAP_UPDATE,OK,VISUAL_INERTIAL
2021,1761211790027,127.08070874214172,-5.358408205211163,51.078833639621735,0.0746786892414093,0.11922087520360947,-0.17636069655418396,100,OK,MAP_UPDATE,OK,VISUAL_INERTIAL
2022,1761211790043,127.21984088420868,-5.46605046838522,53.65746468305588,0.07857681810855865,0.121891550719738,-0.17655827105045319,100,OK,MAP_UPDATE,OK,VISUAL_INERTIAL
2023,1761211790060,127.15719640254974,-5.418393295258284,56.123774498701096,0.08210160583257675,0.12511436641216278,-0.17662546038627625,100,OK,MAP_UPDATE,OK,VISUAL_INERTIAL
2024,1761211790077,127.31687724590302,-5.4297433234751225,58.41793119907379,0.08536111563444138,0.1278863549232483,-0.17660516500473022,100,OK,MAP_UPDATE,OK,VISUAL_INERTIAL
2025,1761211790093,127.50956416130066,-5.396702792495489,60.537613928318024,0.08831459283828735,0.13003061711788177,-0.1765758991241455,100,OK,MAP_UPDATE,OK,VISUAL_INERTIAL
2026,1761211790110,127.87888944149017,-5.140470340847969,62.45129182934761,0.09075018018484116,0.1312418133020401,-0.17652079463005066,100,OK,MAP_UPDATE,OK,VISUAL_INERTIAL
2027,1761211790127,128.18503379821777,-5.000865086913109,64.13926929235458,0.09292056411504745,0.13217668235301971,-0.17639897763729095,100,OK,MAP_UPDATE,OK,VISUAL_INERTIAL
2028,1761211790143,128.211110830307,-4.7966777347028255,65.68180024623871,0.09488945454359055,0.13338716328144073,-0.17621126770973206,100,OK,MAP_UPDATE,OK,VISUAL_INERTIAL
2029,1761211790160,127.85539031028748,-4.817156586796045,67.03729182481766,0.09693245589733124,0.13546591997146606,-0.17593199014663696,100,OK,MAP_UPDATE,OK,VISUAL_INERTIAL
2030,1761211790177,128.32747399806976,-3.726345719769597,68.08996945619583,0.09813573211431503,0.13906006515026093,-0.17565986514091492,100,OK,MAP_UPDATE,OK,VISUAL_INERTIAL
2031,1761211790193,127.95647978782654,-3.803498577326536,69.13401931524277,0.09981288015842438,0.1412043422460556,-0.17534536123275757,100,OK,MAP_UPDATE,OK,VISUAL_INERTIAL
2032,1761211790210,127.89084017276764,-3.818560391664505,70.00286877155304,0.10097286850214005,0.14145538210868835,-0.17501524090766907,100,OK,MAP_UPDATE,OK,VISUAL_INERTIAL
2033,1761211790227,127.88987159729004,-3.9869071915745735,70.54919749498367,0.10166939347982407,0.14086700975894928,-0.17467106878757477,100,OK,MAP_UPDATE,OK,VISUAL_INERTIAL
2034,1761211790243,127.64236330986023,-4.102942533791065,70.72769105434418,0.10191506892442703,0.14047585427761078,-0.17424556612968445,100,OK,MAP_UPDATE,OK,VISUAL_INERTIAL
2035,1761211790260,127.78811156749725,-3.4113230649381876,70.13604789972305,0.10120083391666412,0.14058217406272888,-0.17420010268688202,100,OK,MAP_UPDATE,OK,VISUAL_INERTIAL
2036,1761211790277,127.60007381439209,-2.894494915381074,69.51077282428741,0.10028564184904099,0.1408863067626953,-0.1738508939743042,100,OK,MAP_UPDATE,OK,VISUAL_INERTIAL
2037,1761211790293,127.30714678764343,-2.5442775804549456,68.64621490240097,0.09904181212186813,0.14106832444667816,-0.1733340620994568,100,OK,MAP_UPDATE,OK,VISUAL_INERTIAL
2038,1761211790310,126.8506795167923,-2.242918126285076,67.54251569509506,0.09731555730104446,0.14077472686767578,-0.17261970043182373,100,OK,MAP_UPDATE,OK,VISUAL_INERTIAL
2039,1761211790327,126.19945406913757,-2.020128769800067,66.11186265945435,0.09511684626340866,0.1401519924402237,-0.17180363833904266,100,OK,MAP_UPDATE,OK,VISUAL_INERTIAL
2040,1761211790343,125.41046738624573,-1.6786553896963596,64.37130272388458,0.09240084886550903,0.13952070474624634,-0.17088691890239716,100,OK,MAP_UPDATE,OK,VISUAL_INERTIAL
2041,1761211790360,124.54180419445038,-1.249224180355668,62.30352818965912,0.0892152488231659,0.13916434347629547,-0.16994071006774902,100,OK,MAP_UPDATE,OK,VISUAL_INERTIAL
2042,1761211790377,123.47977608442307,-1.0299794375896454,59.89080294966698,0.08571557700634003,0.13888822495937347,-0.1688849925994873,100,OK,MAP_UPDATE,OK,VISUAL_INERTIAL
2043,1761211790393,122.26876616477966,-0.787853030487895,57.10596218705177,0.08171757310628891,0.13794423639774323,-0.16779838502407074,100,OK,MAP_UPDATE,OK,VISUAL_INERTIAL
2044,1761211790410,121.14989757537842,-0.6028981297276914,53.961243480443954,0.07709872722625732,0.1364796906709671,-0.16655026376247406,100,OK,MAP_UPDATE,OK,VISUAL_INERTIAL
2045,1761211790427,120.01239508390427,-0.3325240686535835,50.49614980816841,0.07203297317028046,0.1345381736755371,-0.16520163416862488,100,OK,MAP_UPDATE,OK,VISUAL_INERTIAL
2046,1761211790443,118.73908340930939,-0.047853471187409014,46.7478409409523,0.06658182293176651,0.13184788823127747,-0.16370491683483124,100,OK,MAP_UPDATE,OK,VISUAL_INERTIAL
2047,1761211790460,117.33348667621613,0.37736009107902646,42.83864423632622,0.06076767295598984,0.12802602350711823,-0.16219444572925568,100,OK,MAP_UPDATE,OK,VISUAL_INERTIAL
2048,1761211790477,116.34772270917892,0.9219655767083168,38.69210183620453,0.054565683007240295,0.12271125614643097,-0.16081787645816803,100,OK,MAP_UPDATE,OK,VISUAL_INERTIAL
2049,1761211790493,115.4901534318924,1.4279629103839397,34.32485833764076,0.04812208563089371,0.11726321280002594,-0.1594749242067337,100,OK,MAP_UPDATE,OK,VISUAL_INERTIAL
2050,1761211790510,114.20726031064987,1.64421321824193,29.964584857225418,0.04198320582509041,0.11334668099880219,-0.15801315009593964,100,OK,MAP_UPDATE,OK,VISUAL_INERTIAL
2051,1761211790527,112.89074271917343,1.9112746231257915,25.63405968248844,0.03583831340074539,0.10959544777870178,-0.15657106041908264,100,OK,MAP_UPDATE,OK,VISUAL_INERTIAL
2052,1761211790543,111.96381598711014,2.0817152690142393,21.290726959705353,0.029532603919506073,0.10422234982252121,-0.15522879362106323,100,OK,MAP_UPDATE,OK,VISUAL_INERTIAL
2053,1761211790560,111.4906370639801,2.2538285702466965,16.871605068445206,0.02298038639128208,0.09575209766626358,-0.15401844680309296,100,OK,MAP_UPDATE,OK,VISUAL_INERTIAL
2054,1761211790577,111.32041364908218,2.4798011872917414,12.315883301198483,0.016263442113995552,0.08431083709001541,-0.1529342085123062,100,OK,MAP_UPDATE,OK,VISUAL_INERTIAL
2055,1761211790593,111.20050400495529,2.6120315305888653,7.8964754939079285,0.009620125405490398,0.0726177990436554,-0.15186351537704468,100,OK,MAP_UPDATE,OK,VISUAL_INERTIAL
2056,1761211790610,110.45825481414795,2.464615274220705,3.613461507484317,0.0034355525858700275,0.0629848912358284,-0.15095849335193634,100,OK,MAP_UPDATE,OK,VISUAL_INERTIAL
2057,1761211790627,109.33974385261536,2.0746763329952955,-0.5706080701202154,-0.0022746496833860874,0.0560060478746891,-0.15014337003231049,100,OK,MAP_UPDATE,OK,VISUAL_INERTIAL
2058,1761211790643,108.04504156112671,1.393584767356515,-4.614479374140501,-0.0078110466711223125,0.04907273128628731,-0.14953921735286713,100,OK,MAP_UPDATE,OK,VISUAL_INERTIAL
2059,1761211790660,107.6991930603981,0.7178115774877369,-8.623394183814526,-0.013567667454481125,0.04076450318098068,-0.14899994432926178,100,OK,MAP_UPDATE,OK,VISUAL_INERTIAL
2060,1761211790677,108.21758210659027,0.18646061653271317,-12.682417407631874,-0.019697323441505432,0.030195260420441628,-0.1485682725906372,100,OK,MAP_UPDATE,OK,VISUAL_INERTIAL
2061,1761211790693,109.05660688877106,-0.8913205238059163,-16.61612279713154,-0.025463903322815895,0.01769801788032055,-0.14808289706707,100,OK,MAP_UPDATE,OK,VISUAL_INERTIAL
2062,1761211790710,109.6474826335907,-2.0705193746834993,-20.79177461564541,-0.03130679205060005,0.004740829113870859,-0.1478297859430313,100,OK,MAP_UPDATE,OK,VISUAL_INERTIAL
2063,1761211790727,109.57242548465729,-3.1664015259593725,-25.218648836016655,-0.03720385953783989,-0.006867488846182823,-0.1477561891078949,100,OK,MAP_UPDATE,OK,VISUAL_INERTIAL
2064,1761211790743,109.21015590429306,-4.190449602901936,-29.544103890657425,-0.043168578296899796,-0.017084933817386627,-0.14777591824531555,100,OK,MAP_UPDATE,OK,VISUAL_INERTIAL
2065,1761211790760,109.26440358161926,-4.786807578057051,-33.79993140697479,-0.04947122186422348,-0.027277568355202675,-0.14774006605148315,100,OK,MAP_UPDATE,OK,VISUAL_INERTIAL
2066,1761211790777,109.95998233556747,-6.012865342199802,-37.86207363009453,-0.05558598041534424,-0.038632117211818695,-0.14781320095062256,100,OK,MAP_UPDATE,OK,VISUAL_INERTIAL
2067,1761211790793,111.11947894096375,-6.568164564669132,-41.99182242155075,-0.062167536467313766,-0.05238274857401848,-0.14746280014514923,100,OK,MAP_UPDATE,OK,VISUAL_INERTIAL
2068,1761211790810,112.40093410015106,-6.660680286586285,-46.500418335199356,-0.0693655014038086,-0.0681745633482933,-0.14709177613258362,100,OK,MAP_UPDATE,OK,VISUAL_INERTIAL
2069,1761211790827,112.66559362411499,-6.833768915385008,-51.04615539312363,-0.07624372094869614,-0.08179490268230438,-0.14700284600257874,100,OK,MAP_UPDATE,OK,VISUAL_INERTIAL
2070,1761211790843,112.46928572654724,-6.64879335090518,-55.871982127428055,-0.08327008783817291,-0.09341737627983093,-0.1469847708940506,100,OK,MAP_UPDATE,OK,VISUAL_INERTIAL
2071,1761211790860,112.23383992910385,-6.536734290421009,-60.68146601319313,-0.0901058167219162,-0.10385149717330933,-0.14671874046325684,100,OK,MAP_UPDATE,OK,VISUAL_INERTIAL
2072,1761211790877,112.48914152383804,-6.212763022631407,-65.31134247779846,-0.09708584100008011,-0.11496001482009888,-0.1461317539215088,100,OK,MAP_UPDATE,OK,VISUAL_INERTIAL
2073,1761211790893,113.58322203159332,-6.067323964089155,-69.54947113990784,-0.1040501743555069,-0.12782296538352966,-0.14541926980018616,100,OK,MAP_UPDATE,OK,VISUAL_INERTIAL
2074,1761211790910,114.66307193040848,-5.976446438580751,-73.70399683713913,-0.11082097887992859,-0.1410541981458664,-0.14453169703483582,100,OK,MAP_UPDATE,OK,VISUAL_INERTIAL
2075,1761211790927,114.96377736330032,-6.18465431034565,-77.65309512615204,-0.11703048646450043,-0.15208713710308075,-0.14373350143432617,100,OK,MAP_UPDATE,OK,VISUAL_INERTIAL
2076,1761211790943,114.51192945241928,-6.451928056776524,-81.46177232265472,-0.12279185652732849,-0.16091446578502655,-0.14290378987789154,100,OK,MAP_UPDATE,OK,VISUAL_INERTIAL
2077,1761211790960,114.15747553110123,-6.702724378556013,-85.28076112270355,-0.12842483818531036,-0.16844646632671356,-0.14183267951011658,100,OK,MAP_UPDATE,OK,VISUAL_INERTIAL
2078,1761211790977,114.26933854818344,-6.967757362872362,-88.83346617221832,-0.1339697539806366,-0.176653653383255,-0.14037424325942993,100,OK,MAP_UPDATE,OK,VISUAL_INERTIAL
2079,1761211790993,114.97339606285095,-7.030475419014692,-92.26269274950027,-0.1396000236272812,-0.1864764541387558,-0.1385544091463089,100,OK,MAP_UPDATE,OK,VISUAL_INERTIAL
2080,1761211791010,115.50337076187134,-6.9934590719640255,-95.61290591955185,-0.14513134956359863,-0.19709351658821106,-0.13646139204502106,100,OK,MAP_UPDATE,OK,VISUAL_INERTIAL
2081,1761211791027,115.90058356523514,-8.55855830013752,-98.54706376791,-0.1493045538663864,-0.20682930946350098,-0.13442330062389374,100,OK,MAP_UPDATE,OK,VISUAL_INERTIAL
2082,1761211791043,115.35202711820602,-9.133074432611465,-101.59111768007278,-0.15366531908512115,-0.21454262733459473,-0.13221032917499542,100,OK,MAP_UPDATE,OK,VISUAL_INERTIAL
2083,1761211791060,113.99468779563904,-9.635954163968563,-104.63496297597885,-0.15774160623550415,-0.22017845511436462,-0.1299361288547516,100,OK,MAP_UPDATE,OK,VISUAL_INERTIAL
2084,1761211791077,112.75719851255417,-10.156627744436264,-107.44020342826843,-0.16161726415157318,-0.2249438315629959,-0.12756229937076569,100,OK,MAP_UPDATE,OK,VISUAL_INERTIAL
2085,1761211791093,111.79140210151672,-10.71664597839117,-110.12552678585052,-0.16541729867458344,-0.23060393333435059,-0.1249890998005867,100,OK,MAP_UPDATE,OK,VISUAL_INERTIAL
2086,1761211791110,110.8039990067482,-12.372004799544811,-112.85585910081863,-0.1684073805809021,-0.2373080849647522,-0.12262246757745743,100,OK,MAP_UPDATE,OK,VISUAL_INERTIAL
2087,1761211791127,109.72680151462555,-13.765379786491394,-115.47715216875076,-0.171493262052536,-0.24397239089012146,-0.11987214535474777,100,OK,MAP_UPDATE,OK,VISUAL_INERTIAL
2088,1761211791143,108.26082527637482,-14.877652749419212,-117.98614263534546,-0.17453597486019135,-0.24838563799858093,-0.11706780642271042,100,OK,MAP_UPDATE,OK,VISUAL_INERTIAL
2089,1761211791160,106.16161674261093,-15.971878543496132,-120.45454978942871,-0.17744311690330505,-0.2503041923046112,-0.11419375240802765,100,OK,MAP_UPDATE,OK,VISUAL_INERTIAL
2090,1761211791177,104.01615500450134,-16.950106248259544,-122.9032576084137,-0.18046188354492188,-0.2505735456943512,-0.11126970499753952,100,OK,MAP_UPDATE,OK,VISUAL_INERTIAL
2091,1761211791193,102.28794813156128,-17.583006992936134,-125.37601590156555,-0.1837240755558014,-0.2510714530944824,-0.10819902271032333,100,OK,MAP_UPDATE,OK,VISUAL_INERTIAL
2092,1761211791210,100.85088759660721,-17.968984320759773,-127.85172462463379,-0.18715760111808777,-0.2518150210380554,-0.10509743541479111,100,OK,MAP_UPDATE,OK,VISUAL_INERTIAL
2093,1761211791227,99.24814105033875,-18.38393695652485,-130.47762215137482,-0.19074006378650665,-0.2519075572490692,-0.10199946910142899,100,OK,MAP_UPDATE,OK,VISUAL_INERTIAL
2094,1761211791243,97.5678414106369,-18.64132098853588,-133.1738829612732,-0.19442351162433624,-0.2515659034252167,-0.09876502305269241,100,OK,MAP_UPDATE,OK,VISUAL_INERTIAL
2095,1761211791260,95.67112475633621,-18.776996061205864,-135.98422706127167,-0.19819875061511993,-0.2506084144115448,-0.09544522315263748,100,OK,MAP_UPDATE,OK,VISUAL_INERTIAL
2096,1761211791277,93.60597282648087,-19.222339615225792,-138.7568712234497,-0.20170806348323822,-0.24917154014110565,-0.09216206520795822,100,OK,MAP_UPDATE,OK,VISUAL_INERTIAL
2097,1761211791293,91.51867777109146,-19.510501995682716,-141.52497053146362,-0.2052689790725708,-0.24748899042606354,-0.08873777836561203,100,OK,MAP_UPDATE,OK,VISUAL_INERTIAL
2098,1761211791310,89.28687125444412,-19.827479496598244,-144.2440003156662,-0.20866583287715912,-0.24550040066242218,-0.08520614355802536,100,OK,MAP_UPDATE,OK,VISUAL_INERTIAL
2099,1761211791327,86.96439862251282,-20.055318251252174,-146.81300520896912,-0.21189427375793457,-0.2433500736951828,-0.0815618634223938,100,OK,MAP_UPDATE,OK,VISUAL_INERTIAL
2100,1761211791343,84.386445581913,-20.319100469350815,-149.33955669403076,-0.21492986381053925,-0.24075233936309814,-0.07787828147411346,100,OK,MAP_UPDATE,OK,VISUAL_INERTIAL
2101,1761211791360,81.45847171545029,-20.55157534778118,-151.7689824104309,-0.21765254437923431,-0.23684091866016388,-0.0742761641740799,100,OK,MAP_UPDATE,OK,VISUAL_INERTIAL
2102,1761211791377,78.47721874713898,-20.844904705882072,-153.82900834083557,-0.21985992789268494,-0.23188377916812897,-0.07067007571458817,100,OK,MAP_UPDATE,OK,VISUAL_INERTIAL
2103,1761211791393,75.48440247774124,-21.08057029545307,-155.66082298755646,-0.22180438041687012,-0.22712506353855133,-0.06693925708532333,100,OK,MAP_UPDATE,OK,VISUAL_INERTIAL
2104,1761211791410,72.6436972618103,-21.156737580895424,-157.17512369155884,-0.2234354019165039,-0.2231171727180481,-0.06303076446056366,100,OK,MAP_UPDATE,OK,VISUAL_INERTIAL
2105,1761211791427,69.77427750825882,-21.175794303417206,-158.29861164093018,-0.22460795938968658,-0.21950559318065643,-0.05897447466850281,100,OK,MAP_UPDATE,OK,VISUAL_INERTIAL
2106,1761211791443,66.67628884315491,-20.993582904338837,-159.19582545757294,-0.22544819116592407,-0.21559742093086243,-0.054843973368406296,100,OK,MAP_UPDATE,OK,VISUAL_INERTIAL
2107,1761211791460,63.041239976882935,-21.09484001994133,-159.9579155445099,-0.22568228840827942,-0.21062564849853516,-0.0508078895509243,100,OK,MAP_UPDATE,OK,VISUAL_INERTIAL
2108,1761211791477,59.041548520326614,-20.936133340001106,-160.4524850845337,-0.22556397318840027,-0.20398230850696564,-0.04685860127210617,100,OK,MAP_UPDATE,OK,VISUAL_INERTIAL
2109,1761211791493,55.44572323560715,-20.565079525113106,-160.32251715660095,-0.22495561838150024,-0.19803597033023834,-0.04265325143933296,100,OK,MAP_UPDATE,OK,VISUAL_INERTIAL
2110,1761211791510,52.15150490403175,-20.14041878283024,-159.85947847366333,-0.22405631840229034,-0.1939360350370407,-0.03824109584093094,100,OK,MAP_UPDATE,OK,VISUAL_INERTIAL
2111,1761211791527,48.99929091334343,-19.79909837245941,-159.0123027563095,-0.22271983325481415,-0.19079117476940155,-0.0336202047765255,100,OK,MAP_UPDATE,OK,VISUAL_INERTIAL
2112,1761211791543,45.581694692373276,-19.79653164744377,-157.94655680656433,-0.2207849770784378,-0.18790796399116516,-0.028841743245720863,100,OK,MAP_UPDATE,OK,VISUAL_INERTIAL
2113,1761211791560,41.86519980430603,-19.697122275829315,-156.92700445652008,-0.21884785592556,-0.1845087856054306,-0.024048512801527977,100,OK,MAP_UPDATE,OK,VISUAL_INERTIAL
2114,1761211791577,37.803199142217636,-19.503571093082428,-155.83601593971252,-0.21684549748897552,-0.18041470646858215,-0.01913805678486824,100,OK,MAP_UPDATE,OK,VISUAL_INERTIAL
2115,1761211791593,33.556513488292694,-19.45381611585617,-154.70491349697113,-0.21482059359550476,-0.1762603372335434,-0.01412020530551672,100,OK,MAP_UPDATE,OK,VISUAL_INERTIAL
2116,1761211791610,29.2418971657753,-19.468411803245544,-153.62153947353363,-0.21284198760986328,-0.1726931780576706,-0.008780044503509998,100,OK,MAP_UPDATE,OK,VISUAL_INERTIAL
2117,1761211791627,24.755610153079033,-19.467098638415337,-152.66111493110657,-0.21096760034561157,-0.16952411830425262,-0.003201209008693695,100,OK,MAP_UPDATE,OK,VISUAL_INERTIAL
2118,1761211791643,19.95878666639328,-19.641296938061714,-151.91572904586792,-0.20929136872291565,-0.16587090492248535,0.0025869058445096016,100,OK,MAP_UPDATE,OK,VISUAL_INERTIAL
2119,1761211791660,14.953398145735264,-20.02253755927086,-151.30406618118286,-0.2077534794807434,-0.16142767667770386,0.008430831134319305,100,OK,MAP_UPDATE,OK,VISUAL_INERTIAL
2120,1761211791677,9.748591110110283,-20.346613600850105,-150.81405639648438,-0.20654721558094025,-0.15666942298412323,0.01453758217394352,100,OK,MAP_UPDATE,OK,VISUAL_INERTIAL
2121,1761211791693,4.649635404348373,-20.557276904582977,-150.4829078912735,-0.20568792521953583,-0.1516875922679901,0.0210011824965477,100,OK,MAP_UPDATE,OK,VISUAL_INERTIAL
2122,1761211791710,-0.5028779269196093,-20.737793296575546,-150.27989447116852,-0.205147847533226,-0.1467718780040741,0.02757900394499302,100,OK,MAP_UPDATE,OK,VISUAL_INERTIAL
2123,1761211791727,-5.564927589148283,-20.835207775235176,-150.20319819450378,-0.2049265056848526,-0.14174586534500122,0.0342763289809227,100,OK,MAP_UPDATE,OK,VISUAL_INERTIAL
2124,1761211791743,-10.76268870383501,-20.98270133137703,-150.2474695444107,-0.2049064189195633,-0.13671429455280304,0.0411105640232563,100,OK,MAP_UPDATE,OK,VISUAL_INERTIAL
2125,1761211791760,-16.10320806503296,-21.09888754785061,-150.37482976913452,-0.20506615936756134,-0.1318369060754776,0.04807720333337784,100,OK,MAP_UPDATE,OK,VISUAL_INERTIAL
2126,1761211791777,-21.554281935095787,-21.415244787931442,-150.4879742860794,-0.205208882689476,-0.1275598406791687,0.055197134613990784,100,OK,MAP_UPDATE,OK,VISUAL_INERTIAL
2127,1761211791793,-27.21966616809368,-21.817533299326897,-150.62737464904785,-0.2053450644016266,-0.1236027181148529,0.06240001693367958,100,OK,MAP_UPDATE,OK,VISUAL_INERTIAL
2128,1761211791810,-32.798897475004196,-22.137343883514404,-150.89142322540283,-0.2057243138551712,-0.11919176578521729,0.0696980431675911,100,OK,MAP_UPDATE,OK,VISUAL_INERTIAL
2129,1761211791827,-38.44086453318596,-22.41544798016548,-151.28210186958313,-0.20615524053573608,-0.11459831893444061,0.07689550518989563,100,OK,MAP_UPDATE,OK,VISUAL_INERTIAL
2130,1761211791843,-43.98033395409584,-22.802917286753654,-151.54829621315002,-0.20656971633434296,-0.10962329059839249,0.08402837067842484,100,OK,MAP_UPDATE,OK,VISUAL_INERTIAL
2131,1761211791860,-49.54983294010162,-23.36239069700241,-151.68045461177826,-0.20691470801830292,-0.10460634529590607,0.09116046875715256,100,OK,MAP_UPDATE,OK,VISUAL_INERTIAL
2132,1761211791877,-55.03510311245918,-24.004224687814713,-151.75355970859528,-0.20731110870838165,-0.09948647022247314,0.09822370111942291,100,OK,MAP_UPDATE,OK,VISUAL_INERTIAL
2133,1761211791893,-60.535699129104614,-24.80487711727619,-151.87761187553406,-0.2077048420906067,-0.09482888132333755,0.1052129864692688,100,OK,MAP_UPDATE,OK,VISUAL_INERTIAL
2134,1761211791910,-66.03637337684631,-25.470132008194923,-152.1119475364685,-0.20815403759479523,-0.09063312411308289,0.11219651252031326,100,OK,MAP_UPDATE,OK,VISUAL_INERTIAL
2135,1761211791927,-71.27577811479568,-26.308849453926086,-152.42117643356323,-0.2084544450044632,-0.08620287477970123,0.11876014620065689,100,OK,MAP_UPDATE,OK,VISUAL_INERTIAL
2136,1761211791943,-76.49553567171097,-27.40422450006008,-152.4861454963684,-0.20849493145942688,-0.08203759044408798,0.1252414435148239,100,OK,MAP_UPDATE,OK,VISUAL_INERTIAL
2137,1761211791960,-81.38591796159744,-28.35988439619541,-152.51977741718292,-0.20853644609451294,-0.0780826136469841,0.13161563873291016,100,OK,MAP_UPDATE,OK,VISUAL_INERTIAL
2138,1761211791977,-85.99313348531723,-29.098134487867355,-152.50810980796814,-0.2085958570241928,-0.07457388192415237,0.13786853849887848,100,OK,MAP_UPDATE,OK,VISUAL_INERTIAL
2139,1761211791993,-90.32230079174042,-29.741927981376648,-152.34483778476715,-0.20853227376937866,-0.07126566767692566,0.143876850605011,100,OK,MAP_UPDATE,OK,VISUAL_INERTIAL
2140,1761211792010,-94.69358623027802,-30.25001659989357,-152.1129161119461,-0.20848265290260315,-0.06762043386697769,0.1496540904045105,100,OK,MAP_UPDATE,OK,VISUAL_INERTIAL
2141,1761211792027,-98.8876149058342,-30.80165572464466,-151.81049704551697,-0.20820271968841553,-0.06365456432104111,0.15502063930034637,100,OK,MAP_UPDATE,OK,VISUAL_INERTIAL
2142,1761211792043,-102.96765714883804,-31.23222477734089,-151.25127136707306,-0.20775377750396729,-0.05985036492347717,0.16018736362457275,100,OK,MAP_UPDATE,OK,VISUAL_INERTIAL
2143,1761211792060,-106.77939653396606,-31.760573387145996,-150.5533754825592,-0.20705386996269226,-0.056646253913640976,0.16512545943260193,100,OK,MAP_UPDATE,OK,VISUAL_INERTIAL
2144,1761211792077,-110.50623655319214,-32.18100219964981,-149.85507726669312,-0.2062223255634308,-0.05390731245279312,0.16985996067523956,100,OK,MAP_UPDATE,OK,VISUAL_INERTIAL
2145,1761211792093,-113.77164721488953,-32.54460170865059,-149.01112020015717,-0.20518732070922852,-0.05151856318116188,0.1741950809955597,100,OK,MAP_UPDATE,OK,VISUAL_INERTIAL
2146,1761211792110,-116.5638118982315,-32.89546072483063,-147.97258377075195,-0.20402418076992035,-0.04889273643493652,0.1782418042421341,100,OK,MAP_UPDATE,OK,VISUAL_INERTIAL
2147,1761211792127,-119.48397755622864,-33.27116742730141,-146.88992500305176,-0.2028430849313736,-0.04602587968111038,0.18201610445976257,100,OK,MAP_UPDATE,OK,VISUAL_INERTIAL
2148,1761211792143,-122.29031324386597,-33.36413577198982,-145.89546620845795,-0.20184136927127838,-0.042543523013591766,0.18550285696983337,100,OK,MAP_UPDATE,OK,VISUAL_INERTIAL
2149,1761211792160,-124.89291280508041,-33.36533159017563,-144.89762485027313,-0.20088842511177063,-0.038880567997694016,0.18869872391223907,100,OK,MAP_UPDATE,OK,VISUAL_INERTIAL
2150,1761211792177,-127.19832360744476,-33.39724615216255,-143.84371042251587,-0.19992852210998535,-0.035418424755334854,0.19172996282577515,100,OK,MAP_UPDATE,OK,VISUAL_INERTIAL
2151,1761211792193,-129.6416074037552,-33.560775220394135,-142.84804463386536,-0.19904933869838715,-0.03257077559828758,0.19473741948604584,100,OK,MAP_UPDATE,OK,VISUAL_INERTIAL
2152,1761211792210,-132.13829696178436,-33.98626297712326,-142.0043408870697,-0.19806793332099915,-0.030061786994338036,0.19758793711662292,100,OK,MAP_UPDATE,OK,VISUAL_INERTIAL
2153,1761211792227,-134.45723056793213,-34.1770201921463,-141.11828804016113,-0.19719550013542175,-0.027075450867414474,0.20013119280338287,100,OK,MAP_UPDATE,OK,VISUAL_INERTIAL
2154,1761211792243,-136.775940656662,-34.24667567014694,-140.32036066055298,-0.19656230509281158,-0.02346038818359375,0.20260652899742126,100,OK,MAP_UPDATE,OK,VISUAL_INERTIAL
2155,1761211792260,-138.9460563659668,-34.44427624344826,-139.4718438386917,-0.19587132334709167,-0.019267292693257332,0.20480984449386597,100,OK,MAP_UPDATE,OK,VISUAL_INERTIAL
2156,1761211792277,-141.20256900787354,-34.71149504184723,-138.65384459495544,-0.19529466331005096,-0.014593035914003849,0.20695923268795013,100,OK,MAP_UPDATE,OK,VISUAL_INERTIAL
2157,1761211792293,-143.31012964248657,-34.933481365442276,-137.73855566978455,-0.19483649730682373,-0.009175684303045273,0.20903584361076355,100,OK,MAP_UPDATE,OK,VISUAL_INERTIAL
2158,1761211792310,-145.25862038135529,-35.152368247509,-136.8117481470108,-0.1944872885942459,-0.003937415778636932,0.21119344234466553,100,OK,MAP_UPDATE,OK,VISUAL_INERTIAL
2159,1761211792326,-147.18392491340637,-35.467103123664856,-136.0093504190445,-0.19422312080860138,0.0011607503984123468,0.21339493989944458,100,OK,MAP_UPDATE,OK,VISUAL_INERTIAL
2160,1761211792343,-149.09020066261292,-35.829730331897736,-135.26003062725067,-0.19404879212379456,0.006407712586224079,0.2156061828136444,100,OK,MAP_UPDATE,OK,VISUAL_INERTIAL
2161,1761211792360,-151.07105672359467,-36.214545369148254,-134.6558779478073,-0.19404344260692596,0.011401090770959854,0.2178502231836319,100,OK,MAP_UPDATE,OK,VISUAL_INERTIAL
2162,1761211792377,-153.03418040275574,-36.70921176671982,-134.09912586212158,-0.19415053725242615,0.01692325994372368,0.21996907889842987,100,OK,MAP_UPDATE,OK,VISUAL_INERTIAL
2163,1761211792393,-155.16188740730286,-37.19102591276169,-133.61167907714844,-0.19444632530212402,0.023446498438715935,0.2219821661710739,100,OK,MAP_UPDATE,OK,VISUAL_INERTIAL
2164,1761211792410,-157.25916624069214,-37.68942877650261,-133.24637711048126,-0.19501060247421265,0.030344370752573013,0.22400566935539246,100,OK,MAP_UPDATE,OK,VISUAL_INERTIAL
2165,1761211792426,-159.3090444803238,-38.27827051281929,-132.9146921634674,-0.19574880599975586,0.03704720735549927,0.22603918612003326,100,OK,MAP_UPDATE,OK,VISUAL_INERTIAL
2166,1761211792443,-161.11847758293152,-38.76454383134842,-132.68741965293884,-0.19666443765163422,0.04330406337976456,0.22804683446884155,100,OK,MAP_UPDATE,OK,VISUAL_INERTIAL
2167,1761211792460,-162.8423035144806,-39.27456587553024,-132.56150484085083,-0.19767817854881287,0.04932825267314911,0.22976961731910706,100,OK,MAP_UPDATE,OK,VISUAL_INERTIAL
2168,1761211792476,-164.14017975330353,-39.76849839091301,-132.46990740299225,-0.19865122437477112,0.054794419556856155,0.2313215732574463,100,OK,MAP_UPDATE,OK,VISUAL_INERTIAL
2169,1761211792493,-165.08641839027405,-40.15355184674263,-132.48246908187866,-0.1996382623910904,0.05919060856103897,0.23251330852508545,100,OK,MAP_UPDATE,OK,VISUAL_INERTIAL
2170,1761211792510,-165.95707833766937,-40.645018219947815,-132.73358345031738,-0.20080235600471497,0.06313198804855347,0.23328104615211487,100,OK,MAP_UPDATE,OK,VISUAL_INERTIAL
2171,1761211792526,-166.63393378257751,-41.094619780778885,-133.1697255373001,-0.20206992328166962,0.0675550177693367,0.23345375061035156,100,OK,MAP_UPDATE,OK,VISUAL_INERTIAL
2172,1761211792543,-167.54086315631866,-41.279736906290054,-133.84200632572174,-0.20376582443714142,0.07268983870744705,0.23303426802158356,100,OK,MAP_UPDATE,OK,VISUAL_INERTIAL
2173,1761211792560,-168.12247037887573,-41.581835597753525,-134.72965359687805,-0.20560580492019653,0.07890988141298294,0.23203681409358978,100,OK,MAP_UPDATE,OK,VISUAL_INERTIAL
2174,1761211792576,-168.33822429180145,-41.74763709306717,-135.84153354167938,-0.2078334391117096,0.08488515019416809,0.230479896068573,100,OK,MAP_UPDATE,OK,VISUAL_INERTIAL
2175,1761211792593,-167.56650805473328,-41.86195880174637,-136.99573278427124,-0.21008428931236267,0.08940505981445312,0.22851847112178802,100,OK,MAP_UPDATE,OK,VISUAL_INERTIAL
2176,1761211792610,-165.89026153087616,-41.90673306584358,-138.25666904449463,-0.2124500423669815,0.0910150557756424,0.2262810468673706,100,OK,MAP_UPDATE,OK,VISUAL_INERTIAL
2177,1761211792627,-163.370281457901,-41.98912903666496,-139.902263879776,-0.21488361060619354,0.09060776978731155,0.22352465987205505,100,OK,MAP_UPDATE,OK,VISUAL_INERTIAL
2178,1761211792644,-160.63202917575836,-42.16597229242325,-142.0624703168869,-0.21774506568908691,0.08959640562534332,0.22010564804077148,100,OK,MAP_UPDATE,OK,VISUAL_INERTIAL
2179,1761211792660,-158.1454575061798,-42.45322570204735,-144.64139938354492,-0.2209707647562027,0.0893273800611496,0.21622149646282196,100,OK,MAP_UPDATE,OK,VISUAL_INERTIAL
2180,1761211792676,-155.52568435668945,-42.99158975481987,-147.740438580513,-0.22493131458759308,0.09064289927482605,0.2113969326019287,100,OK,MAP_UPDATE,OK,VISUAL_INERTIAL
2181,1761211792693,-152.73401141166687,-43.583184480667114,-151.1286050081253,-0.22942377626895905,0.09317698329687119,0.20605160295963287,100,OK,MAP_UPDATE,OK,VISUAL_INERTIAL
2182,1761211792710,-149.41830933094025,-44.031787663698196,-154.6865701675415,-0.23428836464881897,0.09513580054044724,0.20053428411483765,100,OK,MAP_UPDATE,OK,VISUAL_INERTIAL
2183,1761211792726,-145.39901912212372,-44.688548892736435,-158.51494669914246,-0.2393183410167694,0.09594797343015671,0.19480761885643005,100,OK,MAP_UPDATE,OK,VISUAL_INERTIAL
2184,1761211792743,-140.94457030296326,-45.137014240026474,-162.50115633010864,-0.24480578303337097,0.09636670351028442,0.18888162076473236,100,OK,MAP_UPDATE,OK,VISUAL_INERTIAL
2185,1761211792760,-136.60919666290283,-46.081021428108215,-166.91873967647552,-0.25073835253715515,0.09651859104633331,0.18270614743232727,100,OK,MAP_UPDATE,OK,VISUAL_INERTIAL
2186,1761211792776,-132.12880492210388,-46.804580837488174,-171.58745229244232,-0.2572009563446045,0.09734272211790085,0.17615143954753876,100,OK,MAP_UPDATE,OK,VISUAL_INERTIAL
2187,1761211792793,-127.84808874130249,-47.27388545870781,-176.454558968544,-0.26426681876182556,0.09950879961252213,0.16927269101142883,100,OK,MAP_UPDATE,OK,VISUAL_INERTIAL
2188,1761211792810,-123.88381361961365,-48.27641323208809,-181.55671656131744,-0.27124664187431335,0.10192174464464188,0.16245661675930023,100,OK,MAP_UPDATE,OK,VISUAL_INERTIAL
2189,1761211792827,-119.37488615512848,-49.10330846905708,-186.56346201896667,-0.2782323956489563,0.10362649708986282,0.15587016940116882,100,OK,MAP_UPDATE,OK,VISUAL_INERTIAL
2190,1761211792843,-114.6797463297844,-49.71354082226753,-191.76621735095978,-0.28531670570373535,0.1035417690873146,0.14957372844219208,100,OK,MAP_UPDATE,OK,VISUAL_INERTIAL
2191,1761211792860,-110.25894433259964,-50.28446018695831,-197.11129367351532,-0.2925013303756714,0.10253813862800598,0.14341749250888824,100,OK,MAP_UPDATE,OK,VISUAL_INERTIAL
2192,1761211792876,-106.36693984270096,-50.85175856947899,-202.34976708889008,-0.2996070683002472,0.10201442241668701,0.13752521574497223,100,OK,MAP_UPDATE,OK,VISUAL_INERTIAL
2193,1761211792893,-102.87277400493622,-51.33825168013573,-207.41848647594452,-0.30654576420783997,0.10249236971139908,0.13169549405574799,100,OK,MAP_UPDATE,OK,VISUAL_INERTIAL
2194,1761211792910,-99.85319525003433,-51.860228180885315,-212.3681902885437,-0.31315216422080994,0.10321487486362457,0.12617197632789612,100,OK,MAP_UPDATE,OK,VISUAL_INERTIAL
2195,1761211792927,-96.5958684682846,-52.35865339636803,-216.79553389549255,-0.3192889094352722,0.10378815233707428,0.12109074741601944,100,OK,MAP_UPDATE,OK,VISUAL_INERTIAL
2196,1761211792943,-93.3714285492897,-53.10707911849022,-220.9087312221527,-0.32494544982910156,0.1035672277212143,0.11646606773138046,100,OK,MAP_UPDATE,OK,VISUAL_INERTIAL
2197,1761211792960,-90.28129279613495,-53.826767951250076,-224.69572722911835,-0.33035778999328613,0.10282634198665619,0.11225711554288864,100,OK,MAP_UPDATE,OK,VISUAL_INERTIAL
2198,1761211792976,-87.61440217494965,-54.62931469082832,-228.3739596605301,-0.33548858761787415,0.1023695170879364,0.10821271687746048,100,OK,MAP_UPDATE,OK,VISUAL_INERTIAL
2199,1761211792993,-85.35519242286682,-55.437374860048294,-231.84598982334137,-0.3404375910758972,0.10280688852071762,0.10435984283685684,100,OK,MAP_UPDATE,OK,VISUAL_INERTIAL
2200,1761211793010,-83.49501341581345,-56.53919652104378,-235.254168510437,-0.34524813294410706,0.10409323126077652,0.10058322548866272,100,OK,MAP_UPDATE,OK,VISUAL_INERTIAL
2201,1761211793026,-81.77217096090317,-58.19004029035568,-238.46454918384552,-0.3497028350830078,0.10555022954940796,0.09726325422525406,100,OK,MAP_UPDATE,OK,VISUAL_INERTIAL
2202,1761211793043,-79.98424768447876,-59.48563665151596,-241.6633814573288,-0.35434454679489136,0.10635194927453995,0.09422529488801956,100,OK,MAP_UPDATE,OK,VISUAL_INERTIAL
2203,1761211793060,-79.98424768447876,-59.48563665151596,-241.6633814573288,-0.35434454679489136,0.10635194927453995,0.09422529488801956,100,OK,MAP_UPDATE,OK,VISUAL_INERTIAL
2204,1761211793076,-76.75451040267944,-62.14206665754318,-248.02671372890472,-0.36403077840805054,0.10768284648656845,0.08924839645624161,100,OK,MAP_UPDATE,OK,VISUAL_INERTIAL
2205,1761211793093,-75.38379728794098,-63.31672519445419,-251.17874145507812,-0.3691805303096771,0.10875818878412247,0.08704188466072083,100,OK,MAP_UPDATE,OK,VISUAL_INERTIAL
2206,1761211793110,-74.2247924208641,-64.63339924812317,-254.5289695262909,-0.37440454959869385,0.1102157011628151,0.08484689891338348,100,OK,MAP_UPDATE,OK,VISUAL_INERTIAL
2207,1761211793127,-73.23373854160309,-66.04119390249252,-257.98654556274414,-0.37973055243492126,0.11171279847621918,0.08290058374404907,100,OK,MAP_UPDATE,OK,VISUAL_INERTIAL
2208,1761211793143,-72.39098101854324,-67.49491393566132,-261.54935359954834,-0.3852121829986572,0.11297474056482315,0.08124905824661255,100,OK,MAP_UPDATE,OK,VISUAL_INERTIAL
2209,1761211793160,-71.7095285654068,-68.99726390838623,-265.18377661705017,-0.3908425271511078,0.11399172991514206,0.07978032529354095,100,OK,MAP_UPDATE,OK,VISUAL_INERTIAL
2210,1761211793176,-71.07096910476685,-70.53247094154358,-268.93287897109985,-0.3964730203151703,0.11467202752828598,0.07860954850912094,100,OK,MAP_UPDATE,OK,VISUAL_INERTIAL
2211,1761211793193,-70.60553133487701,-72.121262550354,-272.6556658744812,-0.4021337032318115,0.1152539923787117,0.07742505520582199,100,OK,MAP_UPDATE,OK,VISUAL_INERTIAL
2212,1761211793210,-70.28355449438095,-73.71774315834045,-276.46204829216003,-0.4079230725765228,0.11593648791313171,0.07627494633197784,100,OK,MAP_UPDATE,OK,VISUAL_INERTIAL
2213,1761211793227,-69.91118937730789,-75.55665820837021,-280.2863419055939,-0.4136914908885956,0.11676450818777084,0.07527130842208862,100,OK,MAP_UPDATE,OK,VISUAL_INERTIAL
2214,1761211793243,-69.62279975414276,-77.39993929862976,-283.9905917644501,-0.4193301200866699,0.11724794656038284,0.07443520426750183,100,OK,MAP_UPDATE,OK,VISUAL_INERTIAL
2215,1761211793260,-69.23581659793854,-79.19847965240479,-287.63675689697266,-0.4249383211135864,0.11736229062080383,0.07370637357234955,100,OK,MAP_UPDATE,OK,VISUAL_INERTIAL
2216,1761211793276,-68.84810328483582,-81.06470853090286,-291.1356985569,-0.4301876127719879,0.1170990914106369,0.07319331914186478,100,OK,MAP_UPDATE,OK,VISUAL_INERTIAL
2217,1761211793293,-68.70304048061371,-82.64663070440292,-294.6621775627136,-0.43555355072021484,0.1166018545627594,0.07268277555704117,100,OK,MAP_UPDATE,OK,VISUAL_INERTIAL
2218,1761211793310,-68.8595324754715,-84.04795080423355,-298.02483320236206,-0.440869003534317,0.11626103520393372,0.07210826873779297,100,OK,MAP_UPDATE,OK,VISUAL_INERTIAL
2219,1761211793326,-68.91016662120819,-85.51467210054398,-301.19797587394714,-0.44575926661491394,0.11635380238294601,0.07155805081129074,100,OK,MAP_UPDATE,OK,VISUAL_INERTIAL
2220,1761211793343,-68.98453086614609,-87.04658597707748,-304.25259470939636,-0.4503304660320282,0.11635404825210571,0.07111898809671402,100,OK,MAP_UPDATE,OK,VISUAL_INERTIAL
2221,1761211793360,-68.94296407699585,-88.43474090099335,-307.0152699947357,-0.45453372597694397,0.11636608839035034,0.07061468809843063,100,OK,MAP_UPDATE,OK,VISUAL_INERTIAL
2222,1761211793376,-68.85789334774017,-89.38318490982056,-309.51327085494995,-0.45872700214385986,0.11609067022800446,0.07019016891717911,100,OK,MAP_UPDATE,OK,VISUAL_INERTIAL
2223,1761211793393,-68.67004930973053,-90.45028686523438,-311.79100275039673,-0.46237263083457947,0.11558017134666443,0.06973442435264587,100,OK,MAP_UPDATE,OK,VISUAL_INERTIAL
2224,1761211793410,-68.43671202659607,-91.46440029144287,-313.8245940208435,-0.4657219648361206,0.11502829194068909,0.06931346654891968,100,OK,MAP_UPDATE,OK,VISUAL_INERTIAL
2225,1761211793426,-68.0861845612526,-92.460997402668,-315.7709836959839,-0.4687250554561615,0.11434464156627655,0.06882602721452713,100,OK,MAP_UPDATE,OK,VISUAL_INERTIAL
2226,1761211793443,-67.53604859113693,-93.33599358797073,-317.55828857421875,-0.47139307856559753,0.11319901794195175,0.0683184340596199,100,OK,MAP_UPDATE,OK,VISUAL_INERTIAL
2227,1761211793460,-66.83309376239777,-94.1842570900917,-319.1600739955902,-0.4737034738063812,0.11148671805858612,0.06784957647323608,100,OK,MAP_UPDATE,OK,VISUAL_INERTIAL
2228,1761211793476,-66.00150465965271,-94.94316577911377,-320.6166625022888,-0.4758419096469879,0.10954694449901581,0.06732796877622604,100,OK,MAP_UPDATE,OK,VISUAL_INERTIAL
2229,1761211793493,-65.18843024969101,-95.61387449502945,-321.96247577667236,-0.4777885973453522,0.10758964717388153,0.06655444204807281,100,OK,MAP_UPDATE,OK,VISUAL_INERTIAL
2230,1761211793510,-64.35428559780121,-96.30925953388214,-323.29434156417847,-0.47959721088409424,0.1058480367064476,0.06554912030696869,100,OK,MAP_UPDATE,OK,VISUAL_INERTIAL
2231,1761211793526,-63.41899931430817,-96.89961373806,-324.47874546051025,-0.4812743663787842,0.10422619432210922,0.06444276124238968,100,OK,MAP_UPDATE,OK,VISUAL_INERTIAL
2232,1761211793543,-62.42223083972931,-97.40589559078217,-325.5833089351654,-0.482770174741745,0.10253702104091644,0.06328058242797852,100,OK,MAP_UPDATE,OK,VISUAL_INERTIAL
2233,1761211793560,-61.25993654131889,-97.73717075586319,-326.504111289978,-0.48393696546554565,0.10039407759904861,0.06202177703380585,100,OK,MAP_UPDATE,OK,VISUAL_INERTIAL
2234,1761211793576,-59.84796956181526,-97.83724695444107,-327.2135555744171,-0.484709769487381,0.09755037724971771,0.060784172266721725,100,OK,MAP_UPDATE,OK,VISUAL_INERTIAL
2235,1761211793593,-58.26864019036293,-97.77969866991043,-327.6991844177246,-0.48494958877563477,0.09423421323299408,0.05955444648861885,100,OK,MAP_UPDATE,OK,VISUAL_INERTIAL
2236,1761211793610,-56.75671994686127,-97.54814207553864,-327.91170477867126,-0.4847518801689148,0.09099594503641129,0.05800498276948929,100,OK,MAP_UPDATE,OK,VISUAL_INERTIAL
2237,1761211793626,-55.08720502257347,-97.1183180809021,-327.8239369392395,-0.4842110574245453,0.08786660432815552,0.05625500530004501,100,OK,MAP_UPDATE,OK,VISUAL_INERTIAL
2238,1761211793643,-53.14716324210167,-96.60080820322037,-327.47647166252136,-0.4832291901111603,0.08493776619434357,0.05420343577861786,100,OK,MAP_UPDATE,OK,VISUAL_INERTIAL
2239,1761211793660,-51.124196499586105,-95.89409083127975,-326.89738273620605,-0.48186394572257996,0.082289919257164,0.05170340836048126,100,OK,MAP_UPDATE,OK,VISUAL_INERTIAL
2240,1761211793676,-48.79714921116829,-94.99532729387283,-326.0534703731537,-0.4800788462162018,0.07968062907457352,0.0488600917160511,100,OK,MAP_UPDATE,OK,VISUAL_INERTIAL
2241,1761211793693,-46.17442935705185,-93.99288892745972,-324.9361515045166,-0.47784581780433655,0.07734866440296173,0.04564933851361275,100,OK,MAP_UPDATE,OK,VISUAL_INERTIAL
2242,1761211793710,-43.32761839032173,-92.82655268907547,-323.5522210597992,-0.47531959414482117,0.07552865147590637,0.041858091950416565,100,OK,MAP_UPDATE,OK,VISUAL_INERTIAL
2243,1761211793726,-40.14746844768524,-91.52084589004517,-322.00586795806885,-0.472542405128479,0.0738845020532608,0.03769337013363838,100,OK,MAP_UPDATE,OK,VISUAL_INERTIAL
2244,1761211793743,-36.645304411649704,-90.16899764537811,-320.30653953552246,-0.46950432658195496,0.07245927304029465,0.03303571790456772,100,OK,MAP_UPDATE,OK,VISUAL_INERTIAL
2245,1761211793760,-32.8330360352993,-88.84618431329727,-318.474143743515,-0.4663550853729248,0.0714048445224762,0.027921227738261223,100,OK,MAP_UPDATE,OK,VISUAL_INERTIAL
2246,1761211793776,-28.80113199353218,-87.55387365818024,-316.56309962272644,-0.46309182047843933,0.07059154659509659,0.022405380383133888,100,OK,MAP_UPDATE,OK,VISUAL_INERTIAL
2247,1761211793793,-24.46940168738365,-86.28567308187485,-314.5955502986908,-0.4598628878593445,0.07021132111549377,0.016484294086694717,100,OK,MAP_UPDATE,OK,VISUAL_INERTIAL
2248,1761211793810,-19.99267376959324,-85.15656739473343,-312.75418400764465,-0.4567006826400757,0.0700998306274414,0.010172084905207157,100,OK,MAP_UPDATE,OK,VISUAL_INERTIAL
2249,1761211793826,-15.245525166392326,-84.09740775823593,-310.9850883483887,-0.45369774103164673,0.07025057822465897,0.003568812506273389,100,OK,MAP_UPDATE,OK,VISUAL_INERTIAL
2250,1761211793844,-10.347128845751286,-83.28832685947418,-309.3387484550476,-0.45084908604621887,0.0704934298992157,-0.003355222288519144,100,OK,MAP_UPDATE,OK,VISUAL_INERTIAL
2251,1761211793860,-5.292244721204042,-82.34390616416931,-307.9704940319061,-0.44851142168045044,0.07063788920640945,-0.010335709899663925,100,OK,MAP_UPDATE,OK,VISUAL_INERTIAL
2252,1761211793876,-0.09167901589535177,-81.5201848745346,-306.83645606040955,-0.44639143347740173,0.0701933279633522,-0.01751290261745453,100,OK,MAP_UPDATE,OK,VISUAL_INERTIAL
2253,1761211793893,5.142485722899437,-81.09300583600998,-305.8207035064697,-0.4443470239639282,0.06977462768554688,-0.024859335273504257,100,OK,MAP_UPDATE,OK,VISUAL_INERTIAL
2254,1761211793910,10.389558970928192,-80.66414296627045,-304.9860894680023,-0.442726194858551,0.06967173516750336,-0.032482340931892395,100,OK,MAP_UPDATE,OK,VISUAL_INERTIAL
2255,1761211793927,15.842478722333908,-80.31462132930756,-304.29965257644653,-0.44143834710121155,0.07006876915693283,-0.04023253917694092,100,OK,MAP_UPDATE,OK,VISUAL_INERTIAL
2256,1761211793943,21.223174408078194,-79.96244728565216,-303.7670850753784,-0.44030505418777466,0.07076632231473923,-0.04819014295935631,100,OK,MAP_UPDATE,OK,VISUAL_INERTIAL
2257,1761211793960,26.792073622345924,-79.71757650375366,-303.32618951797485,-0.4392487108707428,0.07153557986021042,-0.056343428790569305,100,OK,MAP_UPDATE,OK,VISUAL_INERTIAL
2258,1761211793976,32.43280574679375,-79.4796422123909,-302.9525876045227,-0.43834388256073,0.07244670391082764,-0.06457872688770294,100,OK,MAP_UPDATE,OK,VISUAL_INERTIAL
2259,1761211793993,38.12642768025398,-79.23577725887299,-302.65918374061584,-0.43765348196029663,0.07307761907577515,-0.072869673371315,100,OK,MAP_UPDATE,OK,VISUAL_INERTIAL
2260,1761211794010,43.815694749355316,-78.80426943302155,-302.520215511322,-0.43719804286956787,0.07341556996107101,-0.08120995759963989,100,OK,MAP_UPDATE,OK,VISUAL_INERTIAL
2261,1761211794027,49.45776239037514,-78.66847515106201,-302.14014649391174,-0.4364269971847534,0.0741734430193901,-0.08952858299016953,100,OK,MAP_UPDATE,OK,VISUAL_INERTIAL
2262,1761211794043,55.05965277552605,-78.49696278572083,-301.71239376068115,-0.4355369508266449,0.07508839666843414,-0.09780929982662201,100,OK,MAP_UPDATE,OK,VISUAL_INERTIAL
2263,1761211794060,60.66212058067322,-78.31699401140213,-301.2620210647583,-0.4345550239086151,0.0760175883769989,-0.1061660498380661,100,OK,MAP_UPDATE,OK,VISUAL_INERTIAL
2264,1761211794076,66.33283197879791,-78.19148153066635,-300.70072412490845,-0.4334688186645508,0.07698149234056473,-0.11433236300945282,100,OK,MAP_UPDATE,OK,VISUAL_INERTIAL
2265,1761211794093,72.08437472581863,-78.01006734371185,-300.0645637512207,-0.4323040843009949,0.07741131633520126,-0.12237018346786499,100,OK,MAP_UPDATE,OK,VISUAL_INERTIAL
2266,1761211794110,77.89721339941025,-77.95638591051102,-299.41314458847046,-0.4310518205165863,0.07712080329656601,-0.13008148968219757,100,OK,MAP_UPDATE,OK,VISUAL_INERTIAL
2267,1761211794126,83.55071395635605,-77.94822752475739,-298.67979884147644,-0.429764986038208,0.0767364650964737,-0.1378171443939209,100,OK,MAP_UPDATE,OK,VISUAL_INERTIAL
2268,1761211794143,88.96596729755402,-77.93466001749039,-297.88750410079956,-0.42846065759658813,0.07671908289194107,-0.1455569714307785,100,OK,MAP_UPDATE,OK,VISUAL_INERTIAL
2269,1761211794160,94.15982663631439,-77.90451496839523,-297.10158705711365,-0.42709529399871826,0.07712487131357193,-0.1533721387386322,100,OK,MAP_UPDATE,OK,VISUAL_INERTIAL
2270,1761211794176,99.31110590696335,-77.97341048717499,-296.16573452949524,-0.42555245757102966,0.07774081081151962,-0.16108912229537964,100,OK,MAP_UPDATE,OK,VISUAL_INERTIAL
2271,1761211794193,104.37338799238205,-78.06108891963959,-295.2219843864441,-0.42389634251594543,0.07838784903287888,-0.16868773102760315,100,OK,MAP_UPDATE,OK,VISUAL_INERTIAL
2272,1761211794210,109.51253771781921,-78.15621048212051,-294.2182123661041,-0.42220309376716614,0.07885246723890305,-0.17609213292598724,100,OK,MAP_UPDATE,OK,VISUAL_INERTIAL
2273,1761211794227,114.71913009881973,-78.28294485807419,-293.1995093822479,-0.42052939534187317,0.07913847267627716,-0.18341220915317535,100,OK,MAP_UPDATE,OK,VISUAL_INERTIAL
2274,1761211794243,119.7076067328453,-78.57118546962738,-292.1808660030365,-0.4188130795955658,0.07921315729618073,-0.19051264226436615,100,OK,MAP_UPDATE,OK,VISUAL_INERTIAL
2275,1761211794260,124.59155172109604,-78.93506437540054,-291.07850790023804,-0.4170527458190918,0.07928415387868881,-0.19762681424617767,100,OK,MAP_UPDATE,OK,VISUAL_INERTIAL
2276,1761211794276,129.34957444667816,-79.35561239719391,-289.915531873703,-0.4151866137981415,0.07967855781316757,-0.20473907887935638,100,OK,MAP_UPDATE,OK,VISUAL_INERTIAL
2277,1761211794293,134.04111564159393,-79.68046516180038,-288.79448771476746,-0.41329270601272583,0.08052144944667816,-0.21186478435993195,100,OK,MAP_UPDATE,OK,VISUAL_INERTIAL
2278,1761211794310,138.72267305850983,-79.96155321598053,-287.6993715763092,-0.41138365864753723,0.0815512090921402,-0.21893249452114105,100,OK,MAP_UPDATE,OK,VISUAL_INERTIAL
2279,1761211794326,143.55579018592834,-80.2561342716217,-286.5942418575287,-0.4095115065574646,0.08245421946048737,-0.22591783106327057,100,OK,MAP_UPDATE,OK,VISUAL_INERTIAL
2280,1761211794343,148.33180606365204,-80.78460395336151,-285.4253649711609,-0.40754368901252747,0.08303706347942352,-0.23283950984477997,100,OK,MAP_UPDATE,OK,VISUAL_INERTIAL
2281,1761211794360,153.11406552791595,-81.38865232467651,-284.2491567134857,-0.40559229254722595,0.08349432796239853,-0.23973047733306885,100,OK,MAP_UPDATE,OK,VISUAL_INERTIAL
2282,1761211794376,157.65850245952606,-82.0588618516922,-283.13568234443665,-0.4036490023136139,0.08416614681482315,-0.24661657214164734,100,OK,MAP_UPDATE,OK,VISUAL_INERTIAL
2283,1761211794393,162.2992753982544,-82.58682489395142,-282.0049822330475,-0.4018279016017914,0.08491868525743484,-0.2536298930644989,100,OK,MAP_UPDATE,OK,VISUAL_INERTIAL
2284,1761211794410,167.2123670578003,-82.9719826579094,-280.875027179718,-0.40014806389808655,0.0852232277393341,-0.26052170991897583,100,OK,MAP_UPDATE,OK,VISUAL_INERTIAL
2285,1761211794426,172.05043137073517,-83.46201479434967,-279.85653281211853,-0.39831846952438354,0.0848110020160675,-0.2672465741634369,100,OK,MAP_UPDATE,OK,VISUAL_INERTIAL
2286,1761211794443,176.7573356628418,-84.07766371965408,-278.7882685661316,-0.3964255154132843,0.0840742439031601,-0.27390122413635254,100,OK,MAP_UPDATE,OK,VISUAL_INERTIAL
2287,1761211794460,181.36414885520935,-84.65953171253204,-277.72507071495056,-0.39457374811172485,0.08351629972457886,-0.28062018752098083,100,OK,MAP_UPDATE,OK,VISUAL_INERTIAL
2288,1761211794476,185.83278357982635,-85.31070500612259,-276.58069133758545,-0.3926599621772766,0.08320187777280807,-0.28737708926200867,100,OK,MAP_UPDATE,OK,VISUAL_INERTIAL
2289,1761211794493,190.1455670595169,-86.14486455917358,-275.3993570804596,-0.39059048891067505,0.08295466005802155,-0.29420265555381775,100,OK,MAP_UPDATE,OK,VISUAL_INERTIAL
2290,1761211794510,194.4255828857422,-86.8743434548378,-274.1316258907318,-0.3884676396846771,0.08285919576883316,-0.3009423613548279,100,OK,MAP_UPDATE,OK,VISUAL_INERTIAL
2291,1761211794526,198.79961013793945,-87.3599499464035,-272.87521958351135,-0.3864128291606903,0.08279744535684586,-0.30766361951828003,100,OK,MAP_UPDATE,OK,VISUAL_INERTIAL
2292,1761211794543,203.24763655662537,-87.83122152090073,-271.5134918689728,-0.38425925374031067,0.08251719176769257,-0.3142891526222229,100,OK,MAP_UPDATE,OK,VISUAL_INERTIAL
2293,1761211794560,208.19132030010223,-88.48784863948822,-270.0372338294983,-0.382046103477478,0.08188352733850479,-0.32079362869262695,100,OK,MAP_UPDATE,OK,VISUAL_INERTIAL
2294,1761211794576,213.1527066230774,-89.07827734947205,-268.3947682380676,-0.37973836064338684,0.08076566457748413,-0.3270981013774872,100,OK,MAP_UPDATE,OK,VISUAL_INERTIAL
2295,1761211794593,217.82024204730988,-89.52082693576813,-266.61577820777893,-0.3772334158420563,0.07958637923002243,-0.33338940143585205,100,OK,MAP_UPDATE,OK,VISUAL_INERTIAL
2296,1761211794610,222.28436172008514,-89.89313989877701,-264.69576358795166,-0.3744731843471527,0.07852740585803986,-0.33957138657569885,100,OK,MAP_UPDATE,OK,VISUAL_INERTIAL
2297,1761211794626,226.49765014648438,-90.22393077611923,-262.6611590385437,-0.37139347195625305,0.07784271985292435,-0.3456657826900482,100,OK,MAP_UPDATE,OK,VISUAL_INERTIAL
2298,1761211794643,230.46983778476715,-90.46756476163864,-260.439932346344,-0.3679255247116089,0.0778241753578186,-0.35174354910850525,100,OK,MAP_UPDATE,OK,VISUAL_INERTIAL
2299,1761211794660,234.62943732738495,-90.71808308362961,-257.95692205429077,-0.36420899629592896,0.07787393033504486,-0.3576257526874542,100,OK,MAP_UPDATE,OK,VISUAL_INERTIAL
2300,1761211794676,238.73822391033173,-90.87581932544708,-255.3713619709015,-0.3603474497795105,0.07751694321632385,-0.3632630407810211,100,OK,MAP_UPDATE,OK,VISUAL_INERTIAL
2301,1761211794693,242.76500940322876,-90.9985825419426,-252.64698266983032,-0.3562798798084259,0.07698945701122284,-0.3687715530395508,100,OK,MAP_UPDATE,OK,VISUAL_INERTIAL
2302,1761211794710,246.77568674087524,-91.19419753551483,-249.9437928199768,-0.35203662514686584,0.07617989182472229,-0.37413060665130615,100,OK,MAP_UPDATE,OK,VISUAL_INERTIAL
2303,1761211794726,250.5798041820526,-91.26359224319458,-247.08980321884155,-0.34779053926467896,0.0751868337392807,-0.37937188148498535,100,OK,MAP_UPDATE,OK,VISUAL_INERTIAL
2304,1761211794743,254.3165683746338,-91.46543592214584,-244.1633641719818,-0.34354060888290405,0.07404428720474243,-0.38449668884277344,100,OK,MAP_UPDATE,OK,VISUAL_INERTIAL
2305,1761211794760,258.1057846546173,-91.59832447767258,-241.18810892105103,-0.3393890857696533,0.07261905074119568,-0.38945630192756653,100,OK,MAP_UPDATE,OK,VISUAL_INERTIAL
2306,1761211794776,261.78982853889465,-91.83579683303833,-238.1952404975891,-0.33508944511413574,0.07118955254554749,-0.39434343576431274,100,OK,MAP_UPDATE,OK,VISUAL_INERTIAL
2307,1761211794793,265.20252227783203,-91.88014268875122,-235.10530591011047,-0.3307303488254547,0.07007286697626114,-0.39921054244041443,100,OK,MAP_UPDATE,OK,VISUAL_INERTIAL
2308,1761211794810,268.62913370132446,-92.49681234359741,-231.99056088924408,-0.32587167620658875,0.06918172538280487,-0.4040233790874481,100,OK,MAP_UPDATE,OK,VISUAL_INERTIAL
2309,1761211794826,272.12828397750854,-92.99673140048981,-228.81509363651276,-0.3210975229740143,0.06762461364269257,-0.40862390398979187,100,OK,MAP_UPDATE,OK,VISUAL_INERTIAL
2310,1761211794843,275.523841381073,-93.35952997207642,-225.59286653995514,-0.3163553774356842,0.06539977341890335,-0.41300883889198303,100,OK,MAP_UPDATE,OK,VISUAL_INERTIAL
2311,1761211794860,278.7337303161621,-93.66869926452637,-222.36773371696472,-0.3116447329521179,0.06292015314102173,-0.417339950799942,100,OK,MAP_UPDATE,OK,VISUAL_INERTIAL
2312,1761211794876,282.0007801055908,-93.65029633045197,-218.92523765563965,-0.307038813829422,0.060584187507629395,-0.4213559031486511,100,OK,MAP_UPDATE,OK,VISUAL_INERTIAL
2313,1761211794893,284.746915102005,-93.55930238962173,-215.43705463409424,-0.302069753408432,0.05896541848778725,-0.42530256509780884,100,OK,MAP_UPDATE,OK,VISUAL_INERTIAL
2314,1761211794910,287.28845715522766,-93.46121549606323,-211.90473437309265,-0.29684683680534363,0.058176979422569275,-0.4290604591369629,100,OK,MAP_UPDATE,OK,VISUAL_INERTIAL
2315,1761211794926,289.8571491241455,-93.25829148292542,-208.282470703125,-0.2915802597999573,0.05750284716486931,-0.4324260354042053,100,OK,MAP_UPDATE,OK,VISUAL_INERTIAL
2316,1761211794943,292.4703359603882,-93.12430769205093,-204.53016459941864,-0.2861250340938568,0.0564146563410759,-0.4354186952114105,100,OK,MAP_UPDATE,OK,VISUAL_INERTIAL
2317,1761211794960,294.95689272880554,-92.90460497140884,-200.7080465555191,-0.28058844804763794,0.05473356693983078,-0.4379701316356659,100,OK,MAP_UPDATE,OK,VISUAL_INERTIAL
2318,1761211794976,297.2923517227173,-92.56714582443237,-196.83945178985596,-0.27503010630607605,0.05262148007750511,-0.4400542080402374,100,OK,MAP_UPDATE,OK,VISUAL_INERTIAL
2319,1761211794993,298.988938331604,-92.14372932910919,-192.8057223558426,-0.2691635489463806,0.05068410187959671,-0.44191354513168335,100,OK,MAP_UPDATE,OK,VISUAL_INERTIAL
2320,1761211795010,300.2561926841736,-91.6762426495552,-188.59535455703735,-0.2629406750202179,0.04905302822589874,-0.4434295892715454,100,OK,MAP_UPDATE,OK,VISUAL_INERTIAL
2321,1761211795026,301.21493339538574,-91.06823056936264,-184.29940938949585,-0.25665003061294556,0.04745687171816826,-0.44451695680618286,100,OK,MAP_UPDATE,OK,VISUAL_INERTIAL
2322,1761211795043,302.18344926834106,-90.36532789468765,-179.8732727766037,-0.2503945827484131,0.04566824808716774,-0.4451006352901459,100,OK,MAP_UPDATE,OK,VISUAL_INERTIAL
2323,1761211795060,302.4761378765106,-89.34391289949417,-175.39319396018982,-0.2442922294139862,0.04319081827998161,-0.44516900181770325,100,OK,MAP_UPDATE,OK,VISUAL_INERTIAL
2324,1761211795076,302.92078852653503,-88.35837990045547,-170.86395621299744,-0.2380872219800949,0.040799789130687714,-0.44501060247421265,100,OK,MAP_UPDATE,OK,VISUAL_INERTIAL
2325,1761211795093,303.08371782302856,-87.06321567296982,-166.21553897857666,-0.23184114694595337,0.03848697245121002,-0.4444785714149475,100,OK,MAP_UPDATE,OK,VISUAL_INERTIAL
2326,1761211795110,302.87912487983704,-85.573211312294,-161.57157719135284,-0.22535069286823273,0.0367317795753479,-0.44368866086006165,100,OK,MAP_UPDATE,OK,VISUAL_INERTIAL
2327,1761211795126,302.41864919662476,-83.96132290363312,-156.90253674983978,-0.21870671212673187,0.035588305443525314,-0.4425666332244873,100,OK,MAP_UPDATE,OK,VISUAL_INERTIAL
2328,1761211795143,302.060067653656,-82.36008137464523,-152.43177115917206,-0.2120664417743683,0.03499346971511841,-0.4411444664001465,100,OK,MAP_UPDATE,OK,VISUAL_INERTIAL
2329,1761211795160,301.52493715286255,-80.58613538742065,-147.78876304626465,-0.2053617686033249,0.0341363288462162,-0.43932804465293884,100,OK,MAP_UPDATE,OK,VISUAL_INERTIAL
2330,1761211795176,300.75958371162415,-78.68555188179016,-143.05774867534637,-0.1986561268568039,0.03281164914369583,-0.43720003962516785,100,OK,MAP_UPDATE,OK,VISUAL_INERTIAL
2331,1761211795193,299.7274100780487,-76.86137408018112,-138.2882446050644,-0.19195492565631866,0.031239604577422142,-0.43478792905807495,100,OK,MAP_UPDATE,OK,VISUAL_INERTIAL
2332,1761211795210,298.26444387435913,-74.90864396095276,-133.51306319236755,-0.18526877462863922,0.030013540759682655,-0.43215247988700867,100,OK,MAP_UPDATE,OK,VISUAL_INERTIAL
2333,1761211795226,296.5209484100342,-73.10030609369278,-128.8396567106247,-0.17865082621574402,0.029388438910245895,-0.42918604612350464,100,OK,MAP_UPDATE,OK,VISUAL_INERTIAL
2334,1761211795243,294.56305503845215,-71.58012688159943,-124.42116439342499,-0.17216990888118744,0.029130252078175545,-0.42596909403800964,100,OK,MAP_UPDATE,OK,VISUAL_INERTIAL
2335,1761211795260,292.31393337249756,-70.0824186205864,-120.27768790721893,-0.1660889983177185,0.02892155572772026,-0.4224269390106201,100,OK,MAP_UPDATE,OK,VISUAL_INERTIAL
2336,1761211795276,290.2356684207916,-68.60360503196716,-116.62494391202927,-0.16096562147140503,0.028164925053715706,-0.4186371862888336,100,OK,MAP_UPDATE,OK,VISUAL_INERTIAL
2337,1761211795293,288.0692780017853,-67.17389822006226,-113.23247104883194,-0.1564597636461258,0.026292599737644196,-0.4145229458808899,100,OK,MAP_UPDATE,OK,VISUAL_INERTIAL
2338,1761211795310,285.7398986816406,-65.83861261606216,-110.28692871332169,-0.1528817117214203,0.023906229063868523,-0.410053014755249,100,OK,MAP_UPDATE,OK,VISUAL_INERTIAL
2339,1761211795326,282.8587591648102,-64.61908668279648,-107.98371583223343,-0.14984281361103058,0.022246237844228745,-0.4054025113582611,100,OK,MAP_UPDATE,OK,VISUAL_INERTIAL
2340,1761211795343,279.8043489456177,-63.2704421877861,-106.27040266990662,-0.14753755927085876,0.021580778062343597,-0.4005683958530426,100,OK,MAP_UPDATE,OK,VISUAL_INERTIAL
2341,1761211795360,275.9883403778076,-62.12503835558891,-105.27991503477097,-0.14585624635219574,0.021936841309070587,-0.39551088213920593,100,OK,MAP_UPDATE,OK,VISUAL_INERTIAL
2342,1761211795377,272.09118008613586,-61.08511611819267,-104.89405691623688,-0.14505738019943237,0.02282990701496601,-0.39009544253349304,100,OK,MAP_UPDATE,OK,VISUAL_INERTIAL
2343,1761211795393,268.05394887924194,-60.080964118242264,-105.14191538095474,-0.1450679451227188,0.02393622323870659,-0.3845313489437103,100,OK,MAP_UPDATE,OK,VISUAL_INERTIAL
2344,1761211795410,264.0897035598755,-59.0660385787487,-105.87668418884277,-0.14596068859100342,0.02468143403530121,-0.37856754660606384,100,OK,MAP_UPDATE,OK,VISUAL_INERTIAL
2345,1761211795427,260.0921392440796,-57.951852679252625,-107.0782020688057,-0.14758065342903137,0.02485552616417408,-0.37239161133766174,100,OK,MAP_UPDATE,OK,VISUAL_INERTIAL
2346,1761211795443,255.89504837989807,-56.52773380279541,-108.66405069828033,-0.1498175859451294,0.024899911135435104,-0.36599934101104736,100,OK,MAP_UPDATE,OK,VISUAL_INERTIAL
2347,1761211795460,251.4263093471527,-54.97629567980766,-110.51934212446213,-0.1524224728345871,0.02524874545633793,-0.359465628862381,100,OK,MAP_UPDATE,OK,VISUAL_INERTIAL
2348,1761211795476,246.75343930721283,-53.381383419036865,-112.51391470432281,-0.15521344542503357,0.025926783680915833,-0.3527151346206665,100,OK,MAP_UPDATE,OK,VISUAL_INERTIAL
2349,1761211795493,242.03310906887054,-51.72273889183998,-114.61508274078369,-0.15812021493911743,0.02656831219792366,-0.34573182463645935,100,OK,MAP_UPDATE,OK,VISUAL_INERTIAL
2350,1761211795510,236.92116141319275,-49.803536385297775,-116.79212749004364,-0.16112658381462097,0.027272289618849754,-0.3384813368320465,100,OK,MAP_UPDATE,OK,VISUAL_INERTIAL
2351,1761211795526,231.6746711730957,-47.87323996424675,-118.85538697242737,-0.1638837456703186,0.028467165306210518,-0.3311784565448761,100,OK,MAP_UPDATE,OK,VISUAL_INERTIAL
2352,1761211795543,226.40134394168854,-46.18244990706444,-120.76617032289505,-0.16635727882385254,0.029284099116921425,-0.3236684203147888,100,OK,MAP_UPDATE,OK,VISUAL_INERTIAL
2353,1761211795560,221.05000913143158,-44.58232596516609,-122.47676402330399,-0.16860026121139526,0.02980896830558777,-0.3158831000328064,100,OK,MAP_UPDATE,OK,VISUAL_INERTIAL
2354,1761211795576,215.53568542003632,-43.00056770443916,-123.94905835390091,-0.1705465316772461,0.030237406492233276,-0.30792954564094543,100,OK,MAP_UPDATE,OK,VISUAL_INERTIAL
2355,1761211795593,210.21655201911926,-41.30067676305771,-125.23132562637329,-0.17230892181396484,0.03058168850839138,-0.2997758388519287,100,OK,MAP_UPDATE,OK,VISUAL_INERTIAL
2356,1761211795610,204.55944538116455,-39.41429406404495,-126.18918716907501,-0.17374864220619202,0.031166672706604004,-0.2915842533111572,100,OK,MAP_UPDATE,OK,VISUAL_INERTIAL
2357,1761211795626,198.7076848745346,-37.72851452231407,-126.94111466407776,-0.17461799085140228,0.03284584358334541,-0.28341326117515564,100,OK,MAP_UPDATE,OK,VISUAL_INERTIAL
2358,1761211795643,192.5400346517563,-36.03183850646019,-127.4106502532959,-0.17494553327560425,0.03518110141158104,-0.2752463221549988,100,OK,MAP_UPDATE,OK,VISUAL_INERTIAL
2359,1761211795660,186.43933534622192,-34.44916009902954,-127.62531638145447,-0.17496557533740997,0.0373983234167099,-0.26686957478523254,100,OK,MAP_UPDATE,OK,VISUAL_INERTIAL
2360,1761211795676,180.52443861961365,-32.72631764411926,-127.43079662322998,-0.1748664230108261,0.03910617157816887,-0.25829339027404785,100,OK,MAP_UPDATE,OK,VISUAL_INERTIAL
2361,1761211795693,174.6751368045807,-31.083524227142334,-127.04376876354218,-0.17453549802303314,0.040075186640024185,-0.24964472651481628,100,OK,MAP_UPDATE,OK,VISUAL_INERTIAL
2362,1761211795710,168.7009483575821,-29.4431671500206,-126.46031379699707,-0.173956036567688,0.04066780209541321,-0.24079032242298126,100,OK,MAP_UPDATE,OK,VISUAL_INERTIAL
2363,1761211795726,162.67988085746765,-28.187202289700508,-125.60811638832092,-0.17277418076992035,0.041494205594062805,-0.2320622354745865,100,OK,MAP_UPDATE,OK,VISUAL_INERTIAL
2364,1761211795743,156.52424097061157,-27.029596269130707,-124.59172308444977,-0.17133015394210815,0.04312225058674812,-0.2232467383146286,100,OK,MAP_UPDATE,OK,VISUAL_INERTIAL
2365,1761211795760,150.1593142747879,-25.528477504849434,-123.58059734106064,-0.16992305219173431,0.04520649462938309,-0.21425597369670868,100,OK,MAP_UPDATE,OK,VISUAL_INERTIAL
2366,1761211795776,143.6024159193039,-24.134093895554543,-122.51998484134674,-0.16834580898284912,0.0472949743270874,-0.2051679491996765,100,OK,MAP_UPDATE,OK,VISUAL_INERTIAL
2367,1761211795793,136.97530329227448,-22.953368723392487,-121.34013324975967,-0.16656562685966492,0.04905424267053604,-0.19586461782455444,100,OK,MAP_UPDATE,OK,VISUAL_INERTIAL
2368,1761211795810,130.25523722171783,-21.50047942996025,-119.97496336698532,-0.16498740017414093,0.05026145279407501,-0.18635602295398712,100,OK,MAP_UPDATE,OK,VISUAL_INERTIAL
2369,1761211795826,123.55732917785645,-20.27229219675064,-118.60521882772446,-0.16319520771503448,0.052042096853256226,-0.17695198953151703,100,OK,MAP_UPDATE,OK,VISUAL_INERTIAL
2370,1761211795843,116.38303101062775,-18.791617825627327,-117.42047220468521,-0.16152416169643402,0.054905664175748825,-0.16763588786125183,100,OK,MAP_UPDATE,OK,VISUAL_INERTIAL
2371,1761211795860,109.12331193685532,-17.457010224461555,-116.0852238535881,-0.1597537249326706,0.05877628177404404,-0.15835827589035034,100,OK,MAP_UPDATE,OK,VISUAL_INERTIAL
2372,1761211795876,102.01142728328705,-16.559462994337082,-114.59849029779434,-0.15771366655826569,0.06284084916114807,-0.14908304810523987,100,OK,MAP_UPDATE,OK,VISUAL_INERTIAL
2373,1761211795893,95.20500153303146,-15.723692253232002,-113.028883934021,-0.15578792989253998,0.066443532705307,-0.1398482471704483,100,OK,MAP_UPDATE,OK,VISUAL_INERTIAL
2374,1761211795910,88.66949379444122,-14.696228317916393,-111.4424392580986,-0.15410758554935455,0.06932402402162552,-0.13056164979934692,100,OK,MAP_UPDATE,OK,VISUAL_INERTIAL
2375,1761211795926,82.5079157948494,-13.560310006141663,-109.82619225978851,-0.15254276990890503,0.07186779379844666,-0.12154853343963623,100,OK,MAP_UPDATE,OK,VISUAL_INERTIAL
2376,1761211795943,76.31105184555054,-12.699650600552559,-108.22054743766785,-0.15080314874649048,0.07426518201828003,-0.1126532182097435,100,OK,MAP_UPDATE,OK,VISUAL_INERTIAL
2377,1761211795960,70.16917318105698,-11.882783845067024,-106.68349266052246,-0.14914028346538544,0.07705482840538025,-0.10402701050043106,100,OK,MAP_UPDATE,OK,VISUAL_INERTIAL
2378,1761211795976,64.0626773238182,-11.18639949709177,-105.24380952119827,-0.14748312532901764,0.07998190075159073,-0.09568478912115097,100,OK,MAP_UPDATE,OK,VISUAL_INERTIAL
2379,1761211795993,58.26389789581299,-10.737852193415165,-103.70232164859772,-0.14575733244419098,0.08240761607885361,-0.08744873106479645,100,OK,MAP_UPDATE,OK,VISUAL_INERTIAL
2380,1761211796010,52.444882690906525,-10.35333052277565,-102.16505080461502,-0.1440599113702774,0.08360861241817474,-0.07926132529973984,100,OK,MAP_UPDATE,OK,VISUAL_INERTIAL
2381,1761211796026,46.87581956386566,-9.867948479950428,-100.75369477272034,-0.14236129820346832,0.08382012695074081,-0.07125324755907059,100,OK,MAP_UPDATE,OK,VISUAL_INERTIAL
2382,1761211796043,41.15083068609238,-9.365303441882133,-99.36772286891937,-0.14067557454109192,0.0841594934463501,-0.06339415162801743,100,OK,MAP_UPDATE,OK,VISUAL_INERTIAL
2383,1761211796060,35.468000918626785,-8.891685865819454,-97.91983664035797,-0.1388951987028122,0.08492908626794815,-0.05573218688368797,100,OK,MAP_UPDATE,OK,VISUAL_INERTIAL
2384,1761211796076,29.88174371421337,-8.29370692372322,-96.59767895936966,-0.13730895519256592,0.08597763627767563,-0.04820399358868599,100,OK,MAP_UPDATE,OK,VISUAL_INERTIAL
2385,1761211796093,24.27463047206402,-7.506702560931444,-95.3996330499649,-0.13585226237773895,0.08717416226863861,-0.04087335616350174,100,OK,MAP_UPDATE,OK,VISUAL_INERTIAL
2386,1761211796110,18.904421478509903,-6.846807897090912,-94.00274604558945,-0.13428856432437897,0.08844378590583801,-0.03371480852365494,100,OK,MAP_UPDATE,OK,VISUAL_INERTIAL
2387,1761211796126,13.63149844110012,-6.225036922842264,-92.60072559118271,-0.1327141970396042,0.08991990238428116,-0.026731031015515327,100,OK,MAP_UPDATE,OK,VISUAL_INERTIAL
2388,1761211796143,8.626315742731094,-5.795903038233519,-91.1320298910141,-0.1311420053243637,0.09160901606082916,-0.01997181586921215,100,OK,MAP_UPDATE,OK,VISUAL_INERTIAL
2389,1761211796160,3.869761014357209,-5.6044054217636585,-89.69740569591522,-0.12961313128471375,0.0935056209564209,-0.013526578433811665,100,OK,MAP_UPDATE,OK,VISUAL_INERTIAL
2390,1761211796176,-0.4306095652282238,-5.6434073485434055,-88.0158394575119,-0.12804333865642548,0.09585303068161011,-0.007325542159378529,100,OK,MAP_UPDATE,OK,VISUAL_INERTIAL
2391,1761211796193,-5.0275251269340515,-5.95201225951314,-86.67027205228806,-0.12658104300498962,0.09829461574554443,-0.0012564274948090315,100,OK,MAP_UPDATE,OK,VISUAL_INERTIAL
2392,1761211796210,-9.601762518286705,-6.336483173072338,-85.58300137519836,-0.12535399198532104,0.10082845389842987,0.00479869544506073,100,OK,MAP_UPDATE,OK,VISUAL_INERTIAL
2393,1761211796226,-14.059052802622318,-6.271582562476397,-84.74364876747131,-0.12462574988603592,0.10357292741537094,0.010781013406813145,100,OK,MAP_UPDATE,OK,VISUAL_INERTIAL
2394,1761211796243,-18.38132180273533,-6.713192909955978,-83.74425023794174,-0.12357529252767563,0.10632261633872986,0.016744326800107956,100,OK,MAP_UPDATE,OK,VISUAL_INERTIAL
2395,1761211796260,-22.4152784794569,-7.200544700026512,-82.7140286564827,-0.12261336296796799,0.1089477613568306,0.022463152185082436,100,OK,MAP_UPDATE,OK,VISUAL_INERTIAL
2396,1761211796276,-26.472553610801697,-7.414363790303469,-81.85362070798874,-0.12196831405162811,0.11129355430603027,0.028137309476733208,100,OK,MAP_UPDATE,OK,VISUAL_INERTIAL
2397,1761211796293,-30.55776283144951,-7.983820512890816,-81.01502805948257,-0.12117310613393784,0.11355927586555481,0.03371535241603851,100,OK,MAP_UPDATE,OK,VISUAL_INERTIAL
2398,1761211796310,-34.583307802677155,-8.290290832519531,-80.16733080148697,-0.1206592544913292,0.11606582999229431,0.03930027782917023,100,OK,MAP_UPDATE,OK,VISUAL_INERTIAL
2399,1761211796326,-38.61498087644577,-8.674097247421741,-79.4256255030632,-0.1201997920870781,0.11861623078584671,0.044923726469278336,100,OK,MAP_UPDATE,OK,VISUAL_INERTIAL
2400,1761211796343,-42.66657680273056,-8.992107585072517,-78.81493866443634,-0.1199200227856636,0.12114709615707397,0.050467897206544876,100,OK,MAP_UPDATE,OK,VISUAL_INERTIAL
2401,1761211796360,-46.897370368242264,-9.737600572407246,-78.19917052984238,-0.11944914609193802,0.12344997376203537,0.05613500624895096,100,OK,MAP_UPDATE,OK,VISUAL_INERTIAL
2402,1761211796376,-51.13772302865982,-10.366475209593773,-77.6328295469284,-0.11911310255527496,0.1257496029138565,0.061901532113552094,100,OK,MAP_UPDATE,OK,VISUAL_INERTIAL
2403,1761211796393,-55.45011907815933,-11.140983551740646,-77.01162993907928,-0.11873283982276917,0.128036767244339,0.0677739754319191,100,OK,MAP_UPDATE,OK,VISUAL_INERTIAL
2404,1761211796410,-59.86446142196655,-11.972264386713505,-76.42298191785812,-0.11840640008449554,0.13026677072048187,0.07379353791475296,100,OK,MAP_UPDATE,OK,VISUAL_INERTIAL
2405,1761211796426,-64.43556398153305,-12.943051755428314,-75.89787244796753,-0.11804208159446716,0.13238582015037537,0.07989305257797241,100,OK,MAP_UPDATE,OK,VISUAL_INERTIAL
2406,1761211796443,-68.49068403244019,-12.678260914981365,-75.62792301177979,-0.11860062181949615,0.13448691368103027,0.08612389862537384,100,OK,MAP_UPDATE,OK,VISUAL_INERTIAL
2407,1761211796460,-72.60680943727493,-12.964470311999321,-75.19055157899857,-0.11871356517076492,0.13580599427223206,0.09231987595558167,100,OK,MAP_UPDATE,OK,VISUAL_INERTIAL
2408,1761211796476,-77.16263085603714,-13.446072116494179,-74.7188851237297,-0.11876408010721207,0.13678030669689178,0.09876547008752823,100,OK,MAP_UPDATE,OK,VISUAL_INERTIAL
2409,1761211796493,-81.79114013910294,-13.959353789687157,-74.3064135313034,-0.11873422563076019,0.13784776628017426,0.10517016798257828,100,OK,MAP_UPDATE,OK,VISUAL_INERTIAL
2410,1761211796510,-86.30801737308502,-14.680749736726284,-73.7469270825386,-0.11847784370183945,0.13920029997825623,0.11161307990550995,100,OK,MAP_UPDATE,OK,VISUAL_INERTIAL
2411,1761211796526,-91.13486111164093,-15.660988166928291,-73.20857048034668,-0.11821369081735611,0.14049352705478668,0.11822262406349182,100,OK,MAP_UPDATE,OK,VISUAL_INERTIAL
2412,1761211796543,-95.92592716217041,-16.64143055677414,-72.66731560230255,-0.11798485368490219,0.1416308581829071,0.12479718774557114,100,OK,MAP_UPDATE,OK,VISUAL_INERTIAL
2413,1761211796560,-100.9955182671547,-17.486926168203354,-72.24775105714798,-0.11798929423093796,0.14264336228370667,0.1314811408519745,100,OK,MAP_UPDATE,OK,VISUAL_INERTIAL
2414,1761211796576,-106.07115179300308,-18.385229632258415,-71.78916037082672,-0.11792679131031036,0.14387758076190948,0.1381969153881073,100,OK,MAP_UPDATE,OK,VISUAL_INERTIAL
2415,1761211796593,-111.46193742752075,-19.314324483275414,-71.58903777599335,-0.11797019094228745,0.14509524405002594,0.14491571485996246,100,OK,MAP_UPDATE,OK,VISUAL_INERTIAL
2416,1761211796610,-116.69115722179413,-20.180417224764824,-71.2093934416771,-0.11798673868179321,0.1466882973909378,0.1516616940498352,100,OK,MAP_UPDATE,OK,VISUAL_INERTIAL
2417,1761211796626,-121.66687101125717,-21.114958450198174,-70.75266540050507,-0.11800993978977203,0.14857332408428192,0.15833264589309692,100,OK,MAP_UPDATE,OK,VISUAL_INERTIAL
2418,1761211796643,-126.6891211271286,-21.811144426465034,-70.22664695978165,-0.11825650185346603,0.15066640079021454,0.1649303287267685,100,OK,MAP_UPDATE,OK,VISUAL_INERTIAL
2419,1761211796660,-131.55733048915863,-22.610608488321304,-69.64652240276337,-0.11839396506547928,0.15275856852531433,0.17167237401008606,100,OK,MAP_UPDATE,OK,VISUAL_INERTIAL
2420,1761211796676,-136.26177608966827,-23.195059970021248,-69.17396187782288,-0.11872898042201996,0.15488174557685852,0.17821002006530762,100,OK,MAP_UPDATE,OK,VISUAL_INERTIAL
2421,1761211796693,-140.72510600090027,-23.85772205889225,-68.49024444818497,-0.11897718906402588,0.15713848173618317,0.18470045924186707,100,OK,MAP_UPDATE,OK,VISUAL_INERTIAL
2422,1761211796710,-145.06655931472778,-24.085506796836853,-67.77573376893997,-0.11948651075363159,0.15974636375904083,0.1909329891204834,100,OK,MAP_UPDATE,OK,VISUAL_INERTIAL
2423,1761211796726,-149.5654284954071,-24.79103021323681,-67.30382144451141,-0.11995568126440048,0.1625167727470398,0.19729682803153992,100,OK,MAP_UPDATE,OK,VISUAL_INERTIAL
2424,1761211796743,-154.1552096605301,-25.71025677025318,-66.8119564652443,-0.12039858847856522,0.16551439464092255,0.20360775291919708,100,OK,MAP_UPDATE,OK,VISUAL_INERTIAL
2425,1761211796760,-158.77299010753632,-26.80271491408348,-66.2560686469078,-0.12076198309659958,0.16856686770915985,0.2099117636680603,100,OK,MAP_UPDATE,OK,VISUAL_INERTIAL
2426,1761211796776,-163.17111253738403,-28.731876984238625,-65.97840040922165,-0.12064964324235916,0.17081061005592346,0.2162523865699768,100,OK,MAP_UPDATE,OK,VISUAL_INERTIAL
2427,1761211796793,-167.59803891181946,-30.457310378551483,-65.7385066151619,-0.12071393430233002,0.17239977419376373,0.2225908488035202,100,OK,MAP_UPDATE,OK,VISUAL_INERTIAL
2428,1761211796810,-171.83785140514374,-31.912628561258316,-65.524622797966,-0.12096339464187622,0.1736474484205246,0.2289305031299591,100,OK,MAP_UPDATE,OK,VISUAL_INERTIAL
2429,1761211796826,-176.28838121891022,-33.45394879579544,-65.42044878005981,-0.12136180698871613,0.17503376305103302,0.23520439863204956,100,OK,MAP_UPDATE,OK,VISUAL_INERTIAL
2430,1761211796843,-180.82202970981598,-34.67235714197159,-65.38771092891693,-0.12206341326236725,0.1764574944972992,0.24150246381759644,100,OK,MAP_UPDATE,OK,VISUAL_INERTIAL
2431,1761211796860,-185.37531793117523,-35.91195493936539,-65.33748656511307,-0.12282852083444595,0.1779118776321411,0.24778397381305695,100,OK,MAP_UPDATE,OK,VISUAL_INERTIAL
2432,1761211796876,-189.87290561199188,-37.07032650709152,-65.31435996294022,-0.12371809780597687,0.17922678589820862,0.2540181577205658,100,OK,MAP_UPDATE,OK,VISUAL_INERTIAL
2433,1761211796893,-194.35706734657288,-38.41222822666168,-65.29957056045532,-0.12454620003700256,0.18014183640480042,0.2602027952671051,100,OK,MAP_UPDATE,OK,VISUAL_INERTIAL
2434,1761211796910,-198.5970437526703,-39.785005152225494,-65.38410484790802,-0.12540435791015625,0.18092010915279388,0.26626265048980713,100,OK,MAP_UPDATE,OK,VISUAL_INERTIAL
2435,1761211796926,-202.71556079387665,-41.21435433626175,-65.58776646852493,-0.12629622220993042,0.18154914677143097,0.2722420394420624,100,OK,MAP_UPDATE,OK,VISUAL_INERTIAL
2436,1761211796943,-206.81102573871613,-42.42727532982826,-65.88704884052277,-0.12742099165916443,0.18205735087394714,0.2780001759529114,100,OK,MAP_UPDATE,OK,VISUAL_INERTIAL
2437,1761211796960,-210.50581336021423,-43.2341992855072,-66.27701222896576,-0.12870943546295166,0.1826411336660385,0.2833213210105896,100,OK,MAP_UPDATE,OK,VISUAL_INERTIAL
2438,1761211796977,-214.07322585582733,-44.67027261853218,-66.75972044467926,-0.12978091835975647,0.1831447184085846,0.28870460391044617,100,OK,MAP_UPDATE,OK,VISUAL_INERTIAL
2439,1761211796993,-217.67106652259827,-45.707352459430695,-67.07233190536499,-0.13103316724300385,0.18368704617023468,0.29363560676574707,100,OK,MAP_UPDATE,OK,VISUAL_INERTIAL
2440,1761211797010,-220.89774906635284,-46.57894745469093,-67.46931374073029,-0.13227221369743347,0.18411754071712494,0.2981480062007904,100,OK,MAP_UPDATE,OK,VISUAL_INERTIAL
2441,1761211797026,-223.86561334133148,-47.57939279079437,-67.89226830005646,-0.13333706557750702,0.18419061601161957,0.30257079005241394,100,OK,MAP_UPDATE,OK,VISUAL_INERTIAL
2442,1761211797043,-226.5612930059433,-48.81742596626282,-68.0207833647728,-0.13410112261772156,0.1839725822210312,0.3066594898700714,100,OK,MAP_UPDATE,OK,VISUAL_INERTIAL
2443,1761211797060,-228.8956642150879,-49.87885802984238,-68.31681728363037,-0.1347997635602951,0.18382345139980316,0.3101669251918793,100,OK,MAP_UPDATE,OK,VISUAL_INERTIAL
2444,1761211797076,-230.91799020767212,-50.806596875190735,-68.59785318374634,-0.1354518085718155,0.18373547494411469,0.31300321221351624,100,OK,MAP_UPDATE,OK,VISUAL_INERTIAL
2445,1761211797093,-232.56118595600128,-51.74575746059418,-68.7975138425827,-0.1359642893075943,0.18359173834323883,0.31522509455680847,100,OK,MAP_UPDATE,OK,VISUAL_INERTIAL
2446,1761211797110,-233.79367589950562,-52.272554486989975,-69.19261068105698,-0.1366576999425888,0.1835581213235855,0.3167816996574402,100,OK,MAP_UPDATE,OK,VISUAL_INERTIAL
2447,1761211797127,-234.57063734531403,-52.60235443711281,-69.62880492210388,-0.13735857605934143,0.18347570300102234,0.3177430331707001,100,OK,MAP_UPDATE,OK,VISUAL_INERTIAL
2448,1761211797143,-234.88667607307434,-52.87854000926018,-70.01097500324249,-0.13790613412857056,0.18320797383785248,0.3180742859840393,100,OK,MAP_UPDATE,OK,VISUAL_INERTIAL
2449,1761211797160,-234.63788628578186,-53.003884851932526,-70.44578343629837,-0.13837550580501556,0.1827479749917984,0.3177095949649811,100,OK,MAP_UPDATE,OK,VISUAL_INERTIAL
2450,1761211797176,-233.92117023468018,-52.78163403272629,-71.02733850479126,-0.13895080983638763,0.18217229843139648,0.3166438341140747,100,OK,MAP_UPDATE,OK,VISUAL_INERTIAL
2451,1761211797193,-232.83103108406067,-52.382856607437134,-71.63453847169876,-0.13946934044361115,0.18131402134895325,0.3149419128894806,100,OK,MAP_UPDATE,OK,VISUAL_INERTIAL
2452,1761211797210,-231.10172152519226,-51.66887119412422,-72.35626131296158,-0.13997696340084076,0.18024152517318726,0.3125477433204651,100,OK,MAP_UPDATE,OK,VISUAL_INERTIAL
2453,1761211797226,-229.06845808029175,-51.010072231292725,-72.97660410404205,-0.14028790593147278,0.17891857028007507,0.30959758162498474,100,OK,MAP_UPDATE,OK,VISUAL_INERTIAL
2454,1761211797243,-226.64763033390045,-50.24463310837746,-73.67151230573654,-0.1405542641878128,0.1775306612253189,0.30598750710487366,100,OK,MAP_UPDATE,OK,VISUAL_INERTIAL
2455,1761211797260,-223.90522062778473,-49.2120161652565,-74.41429793834686,-0.14106479287147522,0.176609069108963,0.30181771516799927,100,OK,MAP_UPDATE,OK,VISUAL_INERTIAL
2456,1761211797276,-220.855712890625,-48.144809901714325,-75.20802319049835,-0.14165198802947998,0.17628614604473114,0.29701805114746094,100,OK,MAP_UPDATE,OK,VISUAL_INERTIAL
2457,1761211797293,-217.31877326965332,-47.235582023859024,-76.02471113204956,-0.14215300977230072,0.17632927000522614,0.2916078269481659,100,OK,MAP_UPDATE,OK,VISUAL_INERTIAL
2458,1761211797310,-213.4033441543579,-46.13100364804268,-76.88186317682266,-0.14284773170948029,0.17657214403152466,0.2857193052768707,100,OK,MAP_UPDATE,OK,VISUAL_INERTIAL
2459,1761211797326,-209.23513174057007,-44.82155293226242,-77.86455005407333,-0.14380420744419098,0.17725110054016113,0.27941200137138367,100,OK,MAP_UPDATE,OK,VISUAL_INERTIAL
2460,1761211797343,-204.74547147750854,-43.558329343795776,-78.98516207933426,-0.14482806622982025,0.17837588489055634,0.2725393772125244,100,OK,MAP_UPDATE,OK,VISUAL_INERTIAL
2461,1761211797410,-184.50453877449036,-38.18570077419281,-83.75080674886703,-0.1489696502685547,0.18126191198825836,0.24177968502044678,100,OK,MAP_UPDATE,OK,VISUAL_INERTIAL
2462,1761211797426,-178.0869960784912,-36.44084557890892,-85.21144092082977,-0.15026073157787323,0.18183130025863647,0.23300255835056305,100,OK,MAP_UPDATE,OK,VISUAL_INERTIAL
2463,1761211797443,-171.7648059129715,-34.89955514669418,-86.49534732103348,-0.15120285749435425,0.18191024661064148,0.22402018308639526,100,OK,MAP_UPDATE,OK,VISUAL_INERTIAL
2464,1761211797460,-165.3767079114914,-33.301010727882385,-87.83216029405594,-0.15220844745635986,0.18207289278507233,0.21468698978424072,100,OK,MAP_UPDATE,OK,VISUAL_INERTIAL
2465,1761211797476,-158.87443721294403,-31.692732125520706,-89.23042565584183,-0.15331654250621796,0.18195459246635437,0.20513050258159637,100,OK,MAP_UPDATE,OK,VISUAL_INERTIAL
2466,1761211797493,-152.04709768295288,-30.098680406808853,-90.5279740691185,-0.15417873859405518,0.1812288463115692,0.19540250301361084,100,OK,MAP_UPDATE,OK,VISUAL_INERTIAL
2467,1761211797510,-144.92015540599823,-28.539588674902916,-91.8801873922348,-0.15504561364650726,0.18039828538894653,0.18538542091846466,100,OK,MAP_UPDATE,OK,VISUAL_INERTIAL
2468,1761211797526,-137.74308562278748,-27.22925879061222,-93.18573772907257,-0.15579110383987427,0.1797698438167572,0.17521072924137115,100,OK,MAP_UPDATE,OK,VISUAL_INERTIAL
2469,1761211797543,-130.550354719162,-26.09049528837204,-94.47301924228668,-0.1564818024635315,0.17925021052360535,0.1649908423423767,100,OK,MAP_UPDATE,OK,VISUAL_INERTIAL
2470,1761211797560,-123.19757044315338,-25.169312953948975,-95.82149982452393,-0.1570570468902588,0.17886056005954742,0.1544319987297058,100,OK,MAP_UPDATE,OK,VISUAL_INERTIAL
2471,1761211797576,-115.7151609659195,-24.180151522159576,-97.1231609582901,-0.15755459666252136,0.1785411834716797,0.1436077356338501,100,OK,MAP_UPDATE,OK,VISUAL_INERTIAL
2472,1761211797593,-108.07108879089355,-23.103119805455208,-98.35094213485718,-0.15799829363822937,0.17839312553405762,0.1326228678226471,100,OK,MAP_UPDATE,OK,VISUAL_INERTIAL
2473,1761211797610,-100.2618819475174,-22.229690104722977,-99.42979365587234,-0.1582685112953186,0.17803773283958435,0.12154901772737503,100,OK,MAP_UPDATE,OK,VISUAL_INERTIAL
2474,1761211797626,-92.15721487998962,-21.417273208498955,-100.5203053355217,-0.1583825647830963,0.17772135138511658,0.11041366308927536,100,OK,MAP_UPDATE,OK,VISUAL_INERTIAL
2475,1761211797643,-84.16666090488434,-20.499518141150475,-101.511150598526,-0.15858416259288788,0.17743562161922455,0.099268838763237,100,OK,MAP_UPDATE,OK,VISUAL_INERTIAL
2476,1761211797660,-76.29884034395218,-19.505955278873444,-102.56041586399078,-0.1588454246520996,0.17743565142154694,0.08802986890077591,100,OK,MAP_UPDATE,OK,VISUAL_INERTIAL
2477,1761211797676,-68.36351752281189,-18.67714338004589,-103.3429205417633,-0.1589069813489914,0.1776515692472458,0.07684201747179031,100,OK,MAP_UPDATE,OK,VISUAL_INERTIAL
2478,1761211797693,-60.553666204214096,-18.000174313783646,-104.06619310379028,-0.15888342261314392,0.17790308594703674,0.06566591560840607,100,OK,MAP_UPDATE,OK,VISUAL_INERTIAL
2479,1761211797710,-52.829865366220474,-17.388729378581047,-104.79916632175446,-0.15887665748596191,0.17830471694469452,0.05459579825401306,100,OK,MAP_UPDATE,OK,VISUAL_INERTIAL
2480,1761211797726,-45.22687569260597,-17.142141237854958,-105.4593101143837,-0.1586744785308838,0.17851674556732178,0.04370768368244171,100,OK,MAP_UPDATE,OK,VISUAL_INERTIAL
2481,1761211797743,-37.60433569550514,-16.77919365465641,-106.14179819822311,-0.15854008495807648,0.1784268319606781,0.033023402094841,100,OK,MAP_UPDATE,OK,VISUAL_INERTIAL
2482,1761211797760,-30.221126973628998,-16.359968110919,-106.74459487199783,-0.15845540165901184,0.17827045917510986,0.0225544273853302,100,OK,MAP_UPDATE,OK,VISUAL_INERTIAL
2483,1761211797776,-22.72689715027809,-15.940340235829353,-107.34862089157104,-0.1583581268787384,0.17825548350811005,0.012136501260101795,100,OK,MAP_UPDATE,OK,VISUAL_INERTIAL
2484,1761211797793,-15.454941429197788,-15.419538132846355,-107.96107351779938,-0.15837392210960388,0.17837610840797424,0.0018902892479673028,100,OK,MAP_UPDATE,OK,VISUAL_INERTIAL
2485,1761211797810,-8.342082612216473,-14.973233453929424,-108.54931175708771,-0.1584593653678894,0.17845399677753448,-0.008074195124208927,100,OK,MAP_UPDATE,OK,VISUAL_INERTIAL
2486,1761211797826,-1.343760173767805,-14.80299886316061,-109.09334570169449,-0.1584673672914505,0.1785312443971634,-0.017722366377711296,100,OK,MAP_UPDATE,OK,VISUAL_INERTIAL
2487,1761211797843,5.3444658406078815,-14.673808589577675,-109.63693261146545,-0.1585560292005539,0.17856338620185852,-0.027102254331111908,100,OK,MAP_UPDATE,OK,VISUAL_INERTIAL
2488,1761211797860,11.875975877046585,-14.575663022696972,-110.24542897939682,-0.15872344374656677,0.1787152886390686,-0.0362139567732811,100,OK,MAP_UPDATE,OK,VISUAL_INERTIAL
2489,1761211797876,18.297230824828148,-14.257562346756458,-110.92746257781982,-0.15907169878482819,0.1786978542804718,-0.045133333653211594,100,OK,MAP_UPDATE,OK,VISUAL_INERTIAL
2490,1761211797893,24.57582764327526,-14.129480347037315,-111.69161647558212,-0.15934649109840393,0.1783207356929779,-0.0537395142018795,100,OK,MAP_UPDATE,OK,VISUAL_INERTIAL
2491,1761211797910,30.359432101249695,-13.92782386392355,-112.54090815782547,-0.15975992381572723,0.1777053028345108,-0.062035031616687775,100,OK,MAP_UPDATE,OK,VISUAL_INERTIAL
2492,1761211797926,36.01772338151932,-14.218767173588276,-113.23706805706024,-0.1597461849451065,0.17744189500808716,-0.07013305276632309,100,OK,MAP_UPDATE,OK,VISUAL_INERTIAL
2493,1761211797943,41.64924472570419,-14.396748505532742,-113.83403092622757,-0.1598050445318222,0.17723777890205383,-0.07805252820253372,100,OK,MAP_UPDATE,OK,VISUAL_INERTIAL
2494,1761211797960,47.33289033174515,-14.458534307777882,-114.36745524406433,-0.15988746285438538,0.17670343816280365,-0.08592592924833298,100,OK,MAP_UPDATE,OK,VISUAL_INERTIAL
2495,1761211797976,52.689988166093826,-14.83976375311613,-115.11622369289398,-0.1597931683063507,0.17566023766994476,-0.09352021664381027,100,OK,MAP_UPDATE,OK,VISUAL_INERTIAL
2496,1761211797993,57.95106664299965,-15.085593797266483,-115.62678217887878,-0.1597273051738739,0.17480333149433136,-0.1010628417134285,100,OK,MAP_UPDATE,OK,VISUAL_INERTIAL
2497,1761211798010,63.16916644573212,-15.361984260380268,-116.0276010632515,-0.1595875471830368,0.17405454814434052,-0.10855882614850998,100,OK,MAP_UPDATE,OK,VISUAL_INERTIAL
2498,1761211798026,68.43351572751999,-15.53258951753378,-116.30512028932571,-0.15952572226524353,0.1734209656715393,-0.11599195748567581,100,OK,MAP_UPDATE,OK,VISUAL_INERTIAL
2499,1761211798043,73.66140931844711,-15.843324363231659,-116.57005548477173,-0.1594129055738449,0.1730029582977295,-0.1233915463089943,100,OK,MAP_UPDATE,OK,VISUAL_INERTIAL
2500,1761211798060,78.8961723446846,-16.13236963748932,-116.79953336715698,-0.15933266282081604,0.1727554053068161,-0.1308697909116745,100,OK,MAP_UPDATE,OK,VISUAL_INERTIAL
2501,1761211798076,84.12013202905655,-16.62115566432476,-117.0351505279541,-0.15907225012779236,0.1726934164762497,-0.13841739296913147,100,OK,MAP_UPDATE,OK,VISUAL_INERTIAL
2502,1761211798093,89.26527947187424,-17.193729057908058,-117.26044863462448,-0.15875734388828278,0.17335215210914612,-0.14608749747276306,100,OK,MAP_UPDATE,OK,VISUAL_INERTIAL
2503,1761211798110,94.4862812757492,-17.83761940896511,-117.51275509595871,-0.1584388166666031,0.1743972897529602,-0.15381711721420288,100,OK,MAP_UPDATE,OK,VISUAL_INERTIAL
2504,1761211798126,99.74364936351776,-18.554670736193657,-117.81588196754456,-0.15817497670650482,0.17524127662181854,-0.16156035661697388,100,OK,MAP_UPDATE,OK,VISUAL_INERTIAL
2505,1761211798143,104.97695207595825,-19.39421519637108,-118.16217750310898,-0.15788213908672333,0.17593425512313843,-0.16929015517234802,100,OK,MAP_UPDATE,OK,VISUAL_INERTIAL
2506,1761211798160,110.7301339507103,-20.192723721265793,-118.64294856786728,-0.15795573592185974,0.17643606662750244,-0.17747676372528076,100,OK,MAP_UPDATE,OK,VISUAL_INERTIAL
2507,1761211798176,116.70275777578354,-20.89240588247776,-119.29410696029663,-0.15834841132164001,0.17711672186851501,-0.18584078550338745,100,OK,MAP_UPDATE,OK,VISUAL_INERTIAL
2508,1761211798193,122.61725217103958,-21.698417142033577,-119.94742602109909,-0.15867717564105988,0.1778716892004013,-0.19443851709365845,100,OK,MAP_UPDATE,OK,VISUAL_INERTIAL
2509,1761211798210,128.4380853176117,-23.184413090348244,-120.71811407804489,-0.15867836773395538,0.1790682077407837,-0.20297741889953613,100,OK,MAP_UPDATE,OK,VISUAL_INERTIAL
2510,1761211798226,134.49932634830475,-24.582168087363243,-121.55605852603912,-0.15894947946071625,0.18015025556087494,-0.21179021894931793,100,OK,MAP_UPDATE,OK,VISUAL_INERTIAL
2511,1761211798243,140.93708992004395,-25.897907093167305,-122.42519855499268,-0.15955910086631775,0.1810465157032013,-0.22090254724025726,100,OK,MAP_UPDATE,OK,VISUAL_INERTIAL
2512,1761211798260,147.49182760715485,-27.16561034321785,-123.54259938001633,-0.160387322306633,0.18130162358283997,-0.2302076667547226,100,OK,MAP_UPDATE,OK,VISUAL_INERTIAL
2513,1761211798276,153.89341115951538,-28.506914153695107,-124.72499907016754,-0.16126656532287598,0.18134789168834686,-0.23969779908657074,100,OK,MAP_UPDATE,OK,VISUAL_INERTIAL
2514,1761211798293,160.45105457305908,-29.950523748993874,-125.94293057918549,-0.16221222281455994,0.1821153610944748,-0.24938642978668213,100,OK,MAP_UPDATE,OK,VISUAL_INERTIAL
2515,1761211798310,166.87428951263428,-31.373407691717148,-127.14941799640656,-0.16316519677639008,0.1834842562675476,-0.25929954648017883,100,OK,MAP_UPDATE,OK,VISUAL_INERTIAL
2516,1761211798326,173.4696924686432,-33.02386403083801,-128.3663660287857,-0.1640816181898117,0.18519212305545807,-0.269462525844574,100,OK,MAP_UPDATE,OK,VISUAL_INERTIAL
2517,1761211798343,180.57216703891754,-34.943003207445145,-129.6517699956894,-0.1650448739528656,0.18682844936847687,-0.27969789505004883,100,OK,MAP_UPDATE,OK,VISUAL_INERTIAL
2518,1761211798360,187.64640390872955,-36.79804876446724,-131.13996386528015,-0.1662568747997284,0.18760348856449127,-0.28993159532546997,100,OK,MAP_UPDATE,OK,VISUAL_INERTIAL
2519,1761211798376,194.67878341674805,-38.721561431884766,-132.5870156288147,-0.16748274862766266,0.18817411363124847,-0.3001472055912018,100,OK,MAP_UPDATE,OK,VISUAL_INERTIAL
2520,1761211798393,201.5405297279358,-40.59426113963127,-134.06963646411896,-0.16875843703746796,0.18895162642002106,-0.3103956878185272,100,OK,MAP_UPDATE,OK,VISUAL_INERTIAL
2521,1761211798410,208.4626406431198,-42.50919073820114,-135.45522093772888,-0.16989019513130188,0.19014683365821838,-0.32085397839546204,100,OK,MAP_UPDATE,OK,VISUAL_INERTIAL
2522,1761211798426,215.51793813705444,-45.17034813761711,-136.76415383815765,-0.17056812345981598,0.19172102212905884,-0.33108091354370117,100,OK,MAP_UPDATE,OK,VISUAL_INERTIAL
2523,1761211798443,222.7654755115509,-47.43846878409386,-138.05150985717773,-0.1715957075357437,0.19266697764396667,-0.34136179089546204,100,OK,MAP_UPDATE,OK,VISUAL_INERTIAL
2524,1761211798460,229.9664467573166,-49.70267415046692,-139.19593393802643,-0.17261846363544464,0.19313561916351318,-0.35152867436408997,100,OK,MAP_UPDATE,OK,VISUAL_INERTIAL
2525,1761211798476,237.0850145816803,-52.026793360710144,-140.26176929473877,-0.17363904416561127,0.19344462454319,-0.3617537319660187,100,OK,MAP_UPDATE,OK,VISUAL_INERTIAL
2526,1761211798493,244.3399280309677,-53.77587303519249,-141.45125448703766,-0.1749899685382843,0.19377660751342773,-0.3718005418777466,100,OK,MAP_UPDATE,OK,VISUAL_INERTIAL
2527,1761211798510,251.45569443702698,-55.75451999902725,-142.50347018241882,-0.17599104344844818,0.19447951018810272,-0.38180702924728394,100,OK,MAP_UPDATE,OK,VISUAL_INERTIAL
2528,1761211798526,258.4381401538849,-58.064743876457214,-143.4098482131958,-0.17670606076717377,0.19544106721878052,-0.3917277157306671,100,OK,MAP_UPDATE,OK,VISUAL_INERTIAL
2529,1761211798543,265.0608420372009,-60.50862371921539,-144.24024522304535,-0.1771577000617981,0.19623054563999176,-0.4013582170009613,100,OK,MAP_UPDATE,OK,VISUAL_INERTIAL
2530,1761211798560,271.56177163124084,-63.16184997558594,-145.02117037773132,-0.1774718165397644,0.1968919038772583,-0.41095319390296936,100,OK,MAP_UPDATE,OK,VISUAL_INERTIAL
2531,1761211798576,278.1083881855011,-65.55256247520447,-145.71300148963928,-0.17778871953487396,0.1976902335882187,-0.4205937087535858,100,OK,MAP_UPDATE,OK,VISUAL_INERTIAL
2532,1761211798593,284.3675911426544,-68.65787506103516,-146.53827250003815,-0.1776065081357956,0.19827337563037872,-0.4299013912677765,100,OK,MAP_UPDATE,OK,VISUAL_INERTIAL
2533,1761211798610,290.5134856700897,-71.80622220039368,-147.32353389263153,-0.17760910093784332,0.1979788988828659,-0.4390428066253662,100,OK,MAP_UPDATE,OK,VISUAL_INERTIAL
2534,1761211798626,296.547532081604,-74.90220665931702,-148.03369343280792,-0.17782333493232727,0.19698522984981537,-0.4479283094406128,100,OK,MAP_UPDATE,OK,VISUAL_INERTIAL
2535,1761211798643,302.64613032341003,-77.89410650730133,-148.64978194236755,-0.17814138531684875,0.1959104835987091,-0.45683324337005615,100,OK,MAP_UPDATE,OK,VISUAL_INERTIAL
2536,1761211798660,308.38242173194885,-80.70725202560425,-149.40622448921204,-0.17876045405864716,0.1946021318435669,-0.465613454580307,100,OK,MAP_UPDATE,OK,VISUAL_INERTIAL
2537,1761211798676,314.37796354293823,-83.40098708868027,-150.153249502182,-0.1797851175069809,0.193009153008461,-0.4742351472377777,100,OK,MAP_UPDATE,OK,VISUAL_INERTIAL
2538,1761211798693,319.97546553611755,-86.13549917936325,-150.97932517528534,-0.18078210949897766,0.1908865123987198,-0.4828253388404846,100,OK,MAP_UPDATE,OK,VISUAL_INERTIAL
2539,1761211798710,325.3020942211151,-89.07433599233627,-151.78175270557404,-0.18182998895645142,0.18868814408779144,-0.4914286434650421,100,OK,MAP_UPDATE,OK,VISUAL_INERTIAL
2540,1761211798726,330.3487002849579,-92.08636730909348,-152.65704691410065,-0.18281614780426025,0.18664415180683136,-0.49988988041877747,100,OK,MAP_UPDATE,OK,VISUAL_INERTIAL
2541,1761211798743,335.60869097709656,-95.13771533966064,-153.54828536510468,-0.18394482135772705,0.18505030870437622,-0.5084770321846008,100,OK,MAP_UPDATE,OK,VISUAL_INERTIAL
2542,1761211798760,340.67147970199585,-98.20573776960373,-154.36595678329468,-0.18499810993671417,0.18396832048892975,-0.5169059634208679,100,OK,MAP_UPDATE,OK,VISUAL_INERTIAL
2543,1761211798777,345.95799446105957,-101.35643929243088,-155.278280377388,-0.18623006343841553,0.18288464844226837,-0.5253375172615051,100,OK,MAP_UPDATE,OK,VISUAL_INERTIAL
2544,1761211798793,351.1030077934265,-104.20417040586472,-156.3364565372467,-0.1878383606672287,0.18143121898174286,-0.5332319736480713,100,OK,MAP_UPDATE,OK,VISUAL_INERTIAL
2545,1761211798810,356.50116205215454,-107.22596943378448,-157.54561126232147,-0.18963801860809326,0.17950142920017242,-0.5412691831588745,100,OK,MAP_UPDATE,OK,VISUAL_INERTIAL
2546,1761211798826,361.75891757011414,-110.09123176336288,-158.90800952911377,-0.1916678100824356,0.1772221475839615,-0.5493045449256897,100,OK,MAP_UPDATE,OK,VISUAL_INERTIAL
2547,1761211798843,367.0118749141693,-112.92961984872818,-160.236194729805,-0.19392557442188263,0.174949511885643,-0.5572216510772705,100,OK,MAP_UPDATE,OK,VISUAL_INERTIAL
2548,1761211798860,371.9049096107483,-116.02100729942322,-161.57671809196472,-0.19597387313842773,0.17310117185115814,-0.5650192499160767,100,OK,MAP_UPDATE,OK,VISUAL_INERTIAL
2549,1761211798876,376.5910267829895,-119.15239691734314,-162.93248534202576,-0.19809924066066742,0.17137117683887482,-0.5725343227386475,100,OK,MAP_UPDATE,OK,VISUAL_INERTIAL
2550,1761211798893,381.19882345199585,-122.19145148992538,-164.40390050411224,-0.20047354698181152,0.16916149854660034,-0.5797101855278015,100,OK,MAP_UPDATE,OK,VISUAL_INERTIAL
2551,1761211798910,385.54781675338745,-125.23393332958221,-165.94702005386353,-0.20307166874408722,0.16661888360977173,-0.586567223072052,100,OK,MAP_UPDATE,OK,VISUAL_INERTIAL
2552,1761211798926,389.4059658050537,-127.96206772327423,-167.57848858833313,-0.20599481463432312,0.16383762657642365,-0.5929113030433655,100,OK,MAP_UPDATE,OK,VISUAL_INERTIAL
2553,1761211798943,393.13581585884094,-130.65646588802338,-169.2548394203186,-0.20898208022117615,0.1610315889120102,-0.5989264845848083,100,OK,MAP_UPDATE,OK,VISUAL_INERTIAL
2554,1761211798960,396.44572138786316,-133.17690789699554,-171.07129096984863,-0.21211974322795868,0.15791141986846924,-0.6043123006820679,100,OK,MAP_UPDATE,OK,VISUAL_INERTIAL
2555,1761211798976,399.2723524570465,-135.88781654834747,-172.75236546993256,-0.21502645313739777,0.15508592128753662,-0.6091182231903076,100,OK,MAP_UPDATE,OK,VISUAL_INERTIAL
2556,1761211798993,401.74710750579834,-138.3008360862732,-174.41724240779877,-0.21807032823562622,0.15262822806835175,-0.6133745312690735,100,OK,MAP_UPDATE,OK,VISUAL_INERTIAL
2557,1761211799010,403.8878083229065,-140.46922326087952,-176.11126601696014,-0.22115810215473175,0.1498057246208191,-0.6167952418327332,100,OK,MAP_UPDATE,OK,VISUAL_INERTIAL
2558,1761211799026,405.86987137794495,-142.29753613471985,-177.8465360403061,-0.22454597055912018,0.14644861221313477,-0.6196447610855103,100,OK,MAP_UPDATE,OK,VISUAL_INERTIAL
2559,1761211799043,407.18814730644226,-144.15299892425537,-179.48494851589203,-0.22761565446853638,0.14330002665519714,-0.6219121217727661,100,OK,MAP_UPDATE,OK,VISUAL_INERTIAL
2560,1761211799060,408.1522524356842,-145.7572728395462,-181.11582100391388,-0.2306462526321411,0.14057978987693787,-0.6236413717269897,100,OK,MAP_UPDATE,OK,VISUAL_INERTIAL
2561,1761211799076,408.7393879890442,-146.97252213954926,-182.6477348804474,-0.23368194699287415,0.13798417150974274,-0.6247957944869995,100,OK,MAP_UPDATE,OK,VISUAL_INERTIAL
2562,1761211799093,409.1126620769501,-147.91783690452576,-184.20815467834473,-0.23673118650913239,0.13520334661006927,-0.6254193782806396,100,OK,MAP_UPDATE,OK,VISUAL_INERTIAL
2563,1761211799110,409.43679213523865,-148.58423173427582,-185.7696920633316,-0.24003095924854279,0.13195884227752686,-0.625421404838562,100,OK,MAP_UPDATE,OK,VISUAL_INERTIAL
2564,1761211799126,409.2961549758911,-148.9652544260025,-187.21231818199158,-0.2432844638824463,0.1285018026828766,-0.6249313354492188,100,OK,MAP_UPDATE,OK,VISUAL_INERTIAL
2565,1761211799143,409.1726541519165,-149.13974702358246,-188.66869807243347,-0.2467035949230194,0.12455795705318451,-0.6239327192306519,100,OK,MAP_UPDATE,OK,VISUAL_INERTIAL
2566,1761211799160,408.9333117008209,-149.20395612716675,-190.04879891872406,-0.2502754330635071,0.11946938931941986,-0.6223353147506714,100,OK,MAP_UPDATE,OK,VISUAL_INERTIAL
2567,1761211799176,408.43144059181213,-149.21414852142334,-191.46041572093964,-0.25407567620277405,0.11355505883693695,-0.6202948689460754,100,OK,MAP_UPDATE,OK,VISUAL_INERTIAL
2568,1761211799193,407.72584080696106,-149.04093742370605,-192.85115599632263,-0.25807175040245056,0.10709334164857864,-0.6179699301719666,100,OK,MAP_UPDATE,OK,VISUAL_INERTIAL
2569,1761211799210,406.7164361476898,-148.96422624588013,-194.21544671058655,-0.2620951235294342,0.10030873119831085,-0.6152920722961426,100,OK,MAP_UPDATE,OK,VISUAL_INERTIAL
2570,1761211799226,405.5134654045105,-148.76225590705872,-195.7511156797409,-0.2663736045360565,0.09287220984697342,-0.612215518951416,100,OK,MAP_UPDATE,OK,VISUAL_INERTIAL
2571,1761211799243,404.2651951313019,-148.42988550662994,-197.34740257263184,-0.2711648643016815,0.0846637636423111,-0.608749508857727,100,OK,MAP_UPDATE,OK,VISUAL_INERTIAL
2572,1761211799260,402.7960002422333,-148.2236236333847,-199.20694828033447,-0.27637919783592224,0.07592237740755081,-0.6048732399940491,100,OK,MAP_UPDATE,OK,VISUAL_INERTIAL
2573,1761211799276,400.6340205669403,-147.7217972278595,-201.33322477340698,-0.28219133615493774,0.06698337197303772,-0.6007960438728333,100,OK,MAP_UPDATE,OK,VISUAL_INERTIAL
2574,1761211799293,398.4662592411041,-147.1487134695053,-203.71314883232117,-0.28797829151153564,0.05904216691851616,-0.5968242287635803,100,OK,MAP_UPDATE,OK,VISUAL_INERTIAL
2575,1761211799310,396.1220383644104,-147.11320400238037,-206.0980647802353,-0.2931080758571625,0.05289136990904808,-0.5929344296455383,100,OK,MAP_UPDATE,OK,VISUAL_INERTIAL
2576,1761211799326,393.78446340560913,-147.25089073181152,-208.5149735212326,-0.29822462797164917,0.047270555049180984,-0.5888915061950684,100,OK,MAP_UPDATE,OK,VISUAL_INERTIAL
2577,1761211799343,391.8270766735077,-147.08463847637177,-211.14642918109894,-0.3040505647659302,0.04041079431772232,-0.5843620896339417,100,OK,MAP_UPDATE,OK,VISUAL_INERTIAL
2578,1761211799360,390.31630754470825,-146.65654301643372,-213.94693851470947,-0.31093478202819824,0.03080536611378193,-0.5790576934814453,100,OK,MAP_UPDATE,OK,VISUAL_INERTIAL
2579,1761211799376,389.08687233924866,-146.19198441505432,-217.16076135635376,-0.3189813792705536,0.018436653539538383,-0.5730790495872498,100,OK,MAP_UPDATE,OK,VISUAL_INERTIAL
2580,1761211799393,387.2791826725006,-145.7979530096054,-220.5815464258194,-0.32756510376930237,0.004689090419560671,-0.5667737126350403,100,OK,MAP_UPDATE,OK,VISUAL_INERTIAL
2581,1761211799410,384.90721583366394,-145.55439352989197,-224.0704745054245,-0.33622297644615173,-0.009298847988247871,-0.5603817105293274,100,OK,MAP_UPDATE,OK,VISUAL_INERTIAL
2582,1761211799426,381.7008435726166,-145.31223475933075,-227.65997052192688,-0.34440332651138306,-0.02095525525510311,-0.5543735027313232,100,OK,MAP_UPDATE,OK,VISUAL_INERTIAL
2583,1761211799443,377.86611914634705,-145.43718099594116,-231.1212569475174,-0.35130560398101807,-0.028893020004034042,-0.5490270853042603,100,OK,MAP_UPDATE,OK,VISUAL_INERTIAL
2584,1761211799460,374.19840693473816,-145.50499618053436,-234.59771275520325,-0.35795703530311584,-0.03583209589123726,-0.543545126914978,100,OK,MAP_UPDATE,OK,VISUAL_INERTIAL
2585,1761211799476,371.17767333984375,-145.42847871780396,-238.0867600440979,-0.36469927430152893,-0.042917877435684204,-0.5378652215003967,100,OK,MAP_UPDATE,OK,VISUAL_INERTIAL
2586,1761211799493,368.3886229991913,-145.22230625152588,-241.52067303657532,-0.3713766038417816,-0.050025708973407745,-0.5321574211120605,100,OK,MAP_UPDATE,OK,VISUAL_INERTIAL
2587,1761211799510,365.85280299186707,-145.18548548221588,-244.95241045951843,-0.3779459595680237,-0.05701105296611786,-0.5262648463249207,100,OK,MAP_UPDATE,OK,VISUAL_INERTIAL
2588,1761211799526,363.10848593711853,-144.99326050281525,-248.3016401529312,-0.38426560163497925,-0.06331884115934372,-0.5205254554748535,100,OK,MAP_UPDATE,OK,VISUAL_INERTIAL
2589,1761211799543,360.44278740882874,-145.17487585544586,-251.40753388404846,-0.3899218738079071,-0.06797108799219131,-0.5148738026618958,100,OK,MAP_UPDATE,OK,VISUAL_INERTIAL
2590,1761211799560,357.8609824180603,-145.1270878314972,-254.60964441299438,-0.39531856775283813,-0.0720645859837532,-0.5091381669044495,100,OK,MAP_UPDATE,OK,VISUAL_INERTIAL
2591,1761211799576,355.31505942344666,-144.91017162799835,-257.63580203056335,-0.4009753167629242,-0.07720997184515,-0.5030193328857422,100,OK,MAP_UPDATE,OK,VISUAL_INERTIAL
2592,1761211799593,352.8735339641571,-144.7073519229889,-260.58244705200195,-0.4066634774208069,-0.08299434930086136,-0.496610552072525,100,OK,MAP_UPDATE,OK,VISUAL_INERTIAL
2593,1761211799610,349.87741708755493,-144.50936019420624,-263.5735869407654,-0.411912202835083,-0.08817430585622787,-0.490317165851593,100,OK,MAP_UPDATE,OK,VISUAL_INERTIAL
2594,1761211799626,346.6554284095764,-144.32889223098755,-266.4991021156311,-0.4167823791503906,-0.09255271404981613,-0.4841066896915436,100,OK,MAP_UPDATE,OK,VISUAL_INERTIAL
2595,1761211799643,343.26279163360596,-144.1514492034912,-269.2340612411499,-0.42138588428497314,-0.09627401828765869,-0.47802749276161194,100,OK,MAP_UPDATE,OK,VISUAL_INERTIAL
2596,1761211799660,339.8227095603943,-143.96417140960693,-271.9805836677551,-0.42574286460876465,-0.09913046658039093,-0.472037136554718,100,OK,MAP_UPDATE,OK,VISUAL_INERTIAL
2597,1761211799676,336.4546597003937,-143.69510114192963,-274.65206384658813,-0.4299364984035492,-0.10138430446386337,-0.4661855697631836,100,OK,MAP_UPDATE,OK,VISUAL_INERTIAL
2598,1761211799693,333.36544036865234,-143.27001571655273,-277.28402614593506,-0.43425777554512024,-0.10434425622224808,-0.4600948691368103,100,OK,MAP_UPDATE,OK,VISUAL_INERTIAL
2599,1761211799710,330.411434173584,-142.84618198871613,-279.8684239387512,-0.4386807978153229,-0.10791664570569992,-0.453785240650177,100,OK,MAP_UPDATE,OK,VISUAL_INERTIAL
2600,1761211799726,327.45489478111267,-142.1929895877838,-282.4253737926483,-0.4432888329029083,-0.11183231323957443,-0.44728320837020874,100,OK,MAP_UPDATE,OK,VISUAL_INERTIAL
2601,1761211799743,323.98584485054016,-141.61495864391327,-284.99847650527954,-0.44756394624710083,-0.115350142121315,-0.44093596935272217,100,OK,MAP_UPDATE,OK,VISUAL_INERTIAL
2602,1761211799760,320.11541724205017,-140.99732041358948,-287.61184215545654,-0.4514557421207428,-0.1173299178481102,-0.434914231300354,100,OK,MAP_UPDATE,OK,VISUAL_INERTIAL
2603,1761211799776,315.9361183643341,-140.41709899902344,-290.1815176010132,-0.45485353469848633,-0.11769860237836838,-0.4292300045490265,100,OK,MAP_UPDATE,OK,VISUAL_INERTIAL
2604,1761211799793,312.02536821365356,-139.72868025302887,-292.5514876842499,-0.45804840326309204,-0.11781113594770432,-0.4235665798187256,100,OK,MAP_UPDATE,OK,VISUAL_INERTIAL
2605,1761211799810,308.46163630485535,-139.1104906797409,-294.8629856109619,-0.461227685213089,-0.11868223547935486,-0.41758736968040466,100,OK,MAP_UPDATE,OK,VISUAL_INERTIAL
2606,1761211799826,305.1600754261017,-138.49860429763794,-296.9761788845062,-0.46440795063972473,-0.12040401250123978,-0.41137805581092834,100,OK,MAP_UPDATE,OK,VISUAL_INERTIAL
2607,1761211799843,302.0431697368622,-137.8171294927597,-298.8174855709076,-0.46739301085472107,-0.12220297753810883,-0.4051471948623657,100,OK,MAP_UPDATE,OK,VISUAL_INERTIAL
2608,1761211799860,298.5534071922302,-137.22343742847443,-300.6819784641266,-0.4698216915130615,-0.12319383025169373,-0.39920660853385925,100,OK,MAP_UPDATE,OK,VISUAL_INERTIAL
2609,1761211799876,294.66962814331055,-136.67955994606018,-302.37406492233276,-0.47162532806396484,-0.12352030724287033,-0.3933280408382416,100,OK,MAP_UPDATE,OK,VISUAL_INERTIAL
2610,1761211799893,290.6976640224457,-136.15916669368744,-303.89007925987244,-0.47315773367881775,-0.12366227060556412,-0.38743704557418823,100,OK,MAP_UPDATE,OK,VISUAL_INERTIAL
2611,1761211799910,286.85280680656433,-135.51698625087738,-305.2406311035156,-0.4745935797691345,-0.12400969117879868,-0.38124364614486694,100,OK,MAP_UPDATE,OK,VISUAL_INERTIAL
2612,1761211799926,282.88909792900085,-134.5941126346588,-306.3769042491913,-0.47594761848449707,-0.12529034912586212,-0.3748941123485565,100,OK,MAP_UPDATE,OK,VISUAL_INERTIAL
2613,1761211799943,278.97027134895325,-133.69721174240112,-307.4009120464325,-0.477118581533432,-0.12675803899765015,-0.36827242374420166,100,OK,MAP_UPDATE,OK,VISUAL_INERTIAL
2614,1761211799960,274.7788429260254,-132.6567679643631,-308.28434228897095,-0.47789478302001953,-0.12760090827941895,-0.36173108220100403,100,OK,MAP_UPDATE,OK,VISUAL_INERTIAL
2615,1761211799976,270.1968550682068,-131.42544031143188,-309.11093950271606,-0.47801288962364197,-0.12701520323753357,-0.3554753363132477,100,OK,MAP_UPDATE,OK,VISUAL_INERTIAL
2616,1761211799993,265.30957221984863,-129.93231415748596,-309.7495138645172,-0.4775852560997009,-0.12494022399187088,-0.34925955533981323,100,OK,MAP_UPDATE,OK,VISUAL_INERTIAL
2617,1761211800010,260.7792615890503,-128.31589579582214,-309.9469244480133,-0.476658433675766,-0.12304346263408661,-0.3428553640842438,100,OK,MAP_UPDATE,OK,VISUAL_INERTIAL
2618,1761211800026,256.4566135406494,-126.42236053943634,-309.8134398460388,-0.47557470202445984,-0.12200228869915009,-0.3359917104244232,100,OK,MAP_UPDATE,OK,VISUAL_INERTIAL
2619,1761211800043,252.42659449577332,-124.40511584281921,-309.4032108783722,-0.47439777851104736,-0.12244949489831924,-0.3285583257675171,100,OK,MAP_UPDATE,OK,VISUAL_INERTIAL
2620,1761211800060,248.25897812843323,-122.0497116446495,-308.8129162788391,-0.47315675020217896,-0.12460577487945557,-0.32058194279670715,100,OK,MAP_UPDATE,OK,VISUAL_INERTIAL
2621,1761211800076,243.7461018562317,-119.80728060007095,-308.04115533828735,-0.4714687764644623,-0.12641297280788422,-0.31250810623168945,100,OK,MAP_UPDATE,OK,VISUAL_INERTIAL
2622,1761211800093,238.88249695301056,-117.22952127456665,-307.1945607662201,-0.4697490334510803,-0.12827759981155396,-0.30422383546829224,100,OK,MAP_UPDATE,OK,VISUAL_INERTIAL
2623,1761211800110,233.6246818304062,-114.73960429430008,-306.35035037994385,-0.46775174140930176,-0.13082532584667206,-0.2956324517726898,100,OK,MAP_UPDATE,OK,VISUAL_INERTIAL
2624,1761211800126,228.49440574645996,-112.30386048555374,-305.2428066730499,-0.4657799005508423,-0.13407140970230103,-0.28657451272010803,100,OK,MAP_UPDATE,OK,VISUAL_INERTIAL
2625,1761211800143,223.11510145664215,-109.88980531692505,-304.1098713874817,-0.46361154317855835,-0.13724873960018158,-0.27743643522262573,100,OK,MAP_UPDATE,OK,VISUAL_INERTIAL
2626,1761211800160,217.5021767616272,-107.51916468143463,-302.93506383895874,-0.4611590504646301,-0.1408514827489853,-0.2680920660495758,100,OK,MAP_UPDATE,OK,VISUAL_INERTIAL
2627,1761211800176,211.41847968101501,-105.26964068412781,-301.56928300857544,-0.458262175321579,-0.14512179791927338,-0.2586043179035187,100,OK,MAP_UPDATE,OK,VISUAL_INERTIAL
2628,1761211800193,205.3387463092804,-102.95741260051727,-300.15724897384644,-0.4554608166217804,-0.149773970246315,-0.2487563192844391,100,OK,MAP_UPDATE,OK,VISUAL_INERTIAL
2629,1761211800210,199.12366569042206,-100.84108263254166,-298.69282245635986,-0.45236438512802124,-0.15432193875312805,-0.2388637512922287,100,OK,MAP_UPDATE,OK,VISUAL_INERTIAL
2630,1761211800226,192.67751276493073,-98.68533164262772,-297.1925139427185,-0.4490627348423004,-0.15789695084095,-0.22911977767944336,100,OK,MAP_UPDATE,OK,VISUAL_INERTIAL
2631,1761211800243,186.26968562602997,-96.45021706819534,-295.61489820480347,-0.4456407427787781,-0.16183878481388092,-0.2191450148820877,100,OK,MAP_UPDATE,OK,VISUAL_INERTIAL
2632,1761211800260,180.13514578342438,-94.14269030094147,-293.9404547214508,-0.4422420859336853,-0.16647690534591675,-0.20884472131729126,100,OK,MAP_UPDATE,OK,VISUAL_INERTIAL
2633,1761211800276,174.0446537733078,-91.95388853549957,-292.1189069747925,-0.43872952461242676,-0.171995148062706,-0.19833846390247345,100,OK,MAP_UPDATE,OK,VISUAL_INERTIAL
2634,1761211800293,167.49151051044464,-89.30300176143646,-290.30725359916687,-0.43530160188674927,-0.17851179838180542,-0.1874532550573349,100,OK,MAP_UPDATE,OK,VISUAL_INERTIAL
2635,1761211800310,160.6217324733734,-86.86504513025284,-288.47071528434753,-0.43145132064819336,-0.1834772229194641,-0.17695844173431396,100,OK,MAP_UPDATE,OK,VISUAL_INERTIAL
2636,1761211800326,153.37800979614258,-84.51583981513977,-286.4852845668793,-0.42715752124786377,-0.1865713894367218,-0.1668645590543747,100,OK,MAP_UPDATE,OK,VISUAL_INERTIAL
2637,1761211800343,146.23208343982697,-82.24764466285706,-284.281462430954,-0.42248842120170593,-0.1886325627565384,-0.15697206556797028,100,OK,MAP_UPDATE,OK,VISUAL_INERTIAL
2638,1761211800360,139.28014039993286,-79.45943623781204,-282.1677029132843,-0.4180814325809479,-0.1909835934638977,-0.14686791598796844,100,OK,MAP_UPDATE,OK,VISUAL_INERTIAL
2639,1761211800376,132.58813321590424,-76.84747874736786,-279.8289656639099,-0.4133869409561157,-0.1935322880744934,-0.13686324656009674,100,OK,MAP_UPDATE,OK,VISUAL_INERTIAL
2640,1761211800393,125.95207989215851,-74.36186075210571,-277.3180902004242,-0.4084096848964691,-0.19586589932441711,-0.1269235908985138,100,OK,MAP_UPDATE,OK,VISUAL_INERTIAL
2641,1761211800410,119.18357759714127,-71.84258848428726,-274.8596668243408,-0.4032635986804962,-0.1973278969526291,-0.11731857806444168,100,OK,MAP_UPDATE,OK,VISUAL_INERTIAL
2642,1761211800426,112.11491376161575,-69.64266300201416,-272.007554769516,-0.39761248230934143,-0.19705572724342346,-0.10821894556283951,100,OK,MAP_UPDATE,OK,VISUAL_INERTIAL
2643,1761211800443,104.99238222837448,-67.53268837928772,-269.14700865745544,-0.3916245400905609,-0.19540204107761383,-0.09940947592258453,100,OK,MAP_UPDATE,OK,VISUAL_INERTIAL
2644,1761211800460,98.10741245746613,-65.40236622095108,-266.12934470176697,-0.38550275564193726,-0.19333788752555847,-0.09086528420448303,100,OK,MAP_UPDATE,OK,VISUAL_INERTIAL
2645,1761211800476,91.40699356794357,-63.14311921596527,-262.8953754901886,-0.3792297840118408,-0.191877543926239,-0.08246000111103058,100,OK,MAP_UPDATE,OK,VISUAL_INERTIAL
2646,1761211800493,84.92004871368408,-60.872308909893036,-259.44775342941284,-0.3728027939796448,-0.19066153466701508,-0.07423986494541168,100,OK,MAP_UPDATE,OK,VISUAL_INERTIAL
2647,1761211800510,78.56249064207077,-58.4174320101738,-255.77160716056824,-0.36635175347328186,-0.1885553002357483,-0.06628809124231339,100,OK,MAP_UPDATE,OK,VISUAL_INERTIAL
2648,1761211800526,78.56249064207077,-58.4174320101738,-255.77160716056824,-0.36635175347328186,-0.1885553002357483,-0.06628809124231339,100,OK,MAP_UPDATE,OK,VISUAL_INERTIAL
2649,1761211800543,65.6842514872551,-53.99752780795097,-247.90669977664948,-0.3523203134536743,-0.18013422191143036,-0.051581256091594696,100,OK,MAP_UPDATE,OK,VISUAL_INERTIAL
2650,1761211800560,60.06443127989769,-51.72565579414368,-243.1846410036087,-0.3447856307029724,-0.17507413029670715,-0.04460638388991356,100,OK,MAP_UPDATE,OK,VISUAL_INERTIAL
2651,1761211800576,54.620444774627686,-49.228060990571976,-238.42807114124298,-0.3372234106063843,-0.1708722710609436,-0.03760620579123497,100,OK,MAP_UPDATE,OK,VISUAL_INERTIAL
2652,1761211800593,49.18474331498146,-46.91709205508232,-233.28429460525513,-0.32910478115081787,-0.16718368232250214,-0.030721640214323997,100,OK,MAP_UPDATE,OK,VISUAL_INERTIAL
2653,1761211800610,43.622225522994995,-44.47537660598755,-228.05386781692505,-0.320932000875473,-0.16313551366329193,-0.023973122239112854,100,OK,MAP_UPDATE,OK,VISUAL_INERTIAL
2654,1761211800626,37.77078911662102,-42.16815158724785,-222.87815809249878,-0.31273898482322693,-0.15808339416980743,-0.017625628039240837,100,OK,MAP_UPDATE,OK,VISUAL_INERTIAL
2655,1761211800643,31.79573267698288,-40.063340216875076,-217.7831530570984,-0.30456212162971497,-0.15174831449985504,-0.011594059877097607,100,OK,MAP_UPDATE,OK,VISUAL_INERTIAL
2656,1761211800660,26.015881448984146,-38.14203664660454,-212.43120729923248,-0.2963138520717621,-0.1446339190006256,-0.005603790748864412,100,OK,MAP_UPDATE,OK,VISUAL_INERTIAL
2657,1761211800676,20.370762795209885,-36.622483283281326,-207.0787101984024,-0.2879283130168915,-0.13755781948566437,3.88909102184698e-05,100,OK,MAP_UPDATE,OK,VISUAL_INERTIAL
2658,1761211800693,14.988653361797333,-35.015687346458435,-201.43714547157288,-0.2794397473335266,-0.1303175538778305,0.00562782259657979,100,OK,MAP_UPDATE,OK,VISUAL_INERTIAL
2659,1761211800710,9.887101128697395,-33.71784836053848,-195.52715122699738,-0.27073052525520325,-0.12307264655828476,0.011169525794684887,100,OK,MAP_UPDATE,OK,VISUAL_INERTIAL
2660,1761211800726,5.105143412947655,-32.299939543008804,-189.58920240402222,-0.2623409628868103,-0.11670739948749542,0.01682938076555729,100,OK,MAP_UPDATE,OK,VISUAL_INERTIAL
2661,1761211800743,0.5022059194743633,-30.921904370188713,-183.82176756858826,-0.25425925850868225,-0.1114996001124382,0.022455308586359024,100,OK,MAP_UPDATE,OK,VISUAL_INERTIAL
2662,1761211800760,-3.985875751823187,-29.48780544102192,-178.18646132946014,-0.24644821882247925,-0.10651015490293503,0.028047863394021988,100,OK,MAP_UPDATE,OK,VISUAL_INERTIAL
2663,1761211800776,-8.421871811151505,-28.376640751957893,-172.7750152349472,-0.23882046341896057,-0.10190803557634354,0.03341437876224518,100,OK,MAP_UPDATE,OK,VISUAL_INERTIAL
2664,1761211800793,-12.826209887862206,-27.412982657551765,-167.6948219537735,-0.23144613206386566,-0.09723158925771713,0.03859014809131622,100,OK,MAP_UPDATE,OK,VISUAL_INERTIAL
2665,1761211800810,-17.29878969490528,-26.543522253632545,-162.65937685966492,-0.22431513667106628,-0.09206311404705048,0.043522682040929794,100,OK,MAP_UPDATE,OK,VISUAL_INERTIAL
2666,1761211800826,-21.79369516670704,-25.514306500554085,-157.96008706092834,-0.217581108212471,-0.08644219487905502,0.04838556423783302,100,OK,MAP_UPDATE,OK,VISUAL_INERTIAL
2667,1761211800843,-26.07998438179493,-24.830415844917297,-153.29715609550476,-0.21075470745563507,-0.08048869669437408,0.052842412143945694,100,OK,MAP_UPDATE,OK,VISUAL_INERTIAL
2668,1761211800860,-30.101381242275238,-24.23168532550335,-148.7676203250885,-0.20417355000972748,-0.07513580471277237,0.057075612246990204,100,OK,MAP_UPDATE,OK,VISUAL_INERTIAL
2669,1761211800876,-33.830463886260986,-23.691795766353607,-144.27611231803894,-0.1978559046983719,-0.07047166675329208,0.06112004444003105,100,OK,MAP_UPDATE,OK,VISUAL_INERTIAL
2670,1761211800893,-37.183549255132675,-23.277997970581055,-139.97866213321686,-0.191766157746315,-0.06640497595071793,0.06477618217468262,100,OK,MAP_UPDATE,OK,VISUAL_INERTIAL
2671,1761211800910,-40.215108543634415,-22.86596968770027,-135.74635982513428,-0.18590791523456573,-0.06272196024656296,0.06811598688364029,100,OK,MAP_UPDATE,OK,VISUAL_INERTIAL
2672,1761211800926,-42.82890632748604,-22.2727432847023,-131.83674216270447,-0.18062837421894073,-0.058737095445394516,0.07089655101299286,100,OK,MAP_UPDATE,OK,VISUAL_INERTIAL
2673,1761211800943,-45.119475573301315,-21.519042551517487,-128.25265526771545,-0.17572009563446045,-0.05422453209757805,0.07313063740730286,100,OK,MAP_UPDATE,OK,VISUAL_INERTIAL
2674,1761211800960,-47.09837585687637,-20.876703783869743,-124.82306361198425,-0.17106883227825165,-0.049628496170043945,0.07476431131362915,100,OK,MAP_UPDATE,OK,VISUAL_INERTIAL
2675,1761211800976,-48.527080565690994,-20.002033561468124,-121.45746499300003,-0.16669069230556488,-0.04491022974252701,0.07589409500360489,100,OK,MAP_UPDATE,OK,VISUAL_INERTIAL
2676,1761211800993,-49.54211786389351,-19.179314374923706,-118.26577037572861,-0.16243836283683777,-0.040391985327005386,0.07649984955787659,100,OK,MAP_UPDATE,OK,VISUAL_INERTIAL
2677,1761211801010,-50.14126002788544,-18.216930329799652,-115.10137468576431,-0.15834441781044006,-0.035412222146987915,0.0764455497264862,100,OK,MAP_UPDATE,OK,VISUAL_INERTIAL
2678,1761211801026,-50.64127594232559,-17.026394605636597,-112.04644292593002,-0.1545916497707367,-0.029100442305207253,0.0758989229798317,100,OK,MAP_UPDATE,OK,VISUAL_INERTIAL
2679,1761211801043,-50.932034850120544,-16.12102799117565,-108.97132754325867,-0.150763139128685,-0.021209128201007843,0.07477296143770218,100,OK,MAP_UPDATE,OK,VISUAL_INERTIAL
2680,1761211801060,-50.98848044872284,-15.180378220975399,-105.87812215089798,-0.14699383080005646,-0.013414395973086357,0.07339443266391754,100,OK,MAP_UPDATE,OK,VISUAL_INERTIAL
2681,1761211801076,-50.54662749171257,-14.224237762391567,-102.69675403833389,-0.14327071607112885,-0.005918807815760374,0.07168553024530411,100,OK,MAP_UPDATE,OK,VISUAL_INERTIAL
2682,1761211801093,-49.682002514600754,-13.157880865037441,-99.51219707727432,-0.13950186967849731,0.001832943526096642,0.06971162557601929,100,OK,MAP_UPDATE,OK,VISUAL_INERTIAL
2683,1761211801110,-48.73158410191536,-12.027510441839695,-96.22205048799515,-0.13561856746673584,0.009502834640443325,0.06751007586717606,100,OK,MAP_UPDATE,OK,VISUAL_INERTIAL
2684,1761211801126,-47.4032498896122,-11.206177063286304,-92.87004917860031,-0.1314166933298111,0.017256680876016617,0.0649932324886322,100,OK,MAP_UPDATE,OK,VISUAL_INERTIAL
2685,1761211801143,-45.91939598321915,-10.623420588672161,-89.44850414991379,-0.12700355052947998,0.025405658408999443,0.06223451718688011,100,OK,MAP_UPDATE,OK,VISUAL_INERTIAL
2686,1761211801160,-44.55981031060219,-9.966300800442696,-86.01811528205872,-0.12265670299530029,0.03459488973021507,0.05904746428132057,100,OK,MAP_UPDATE,OK,VISUAL_INERTIAL
2687,1761211801176,-43.353743851184845,-9.465119801461697,-82.5871229171753,-0.11819875985383987,0.04533088207244873,0.05568503960967064,100,OK,MAP_UPDATE,OK,VISUAL_INERTIAL
2688,1761211801193,-42.00022667646408,-8.992599323391914,-79.07980680465698,-0.11365354806184769,0.05709510296583176,0.05206570029258728,100,OK,MAP_UPDATE,OK,VISUAL_INERTIAL
2689,1761211801210,-40.05846753716469,-8.390945382416248,-75.34854114055634,-0.10910946875810623,0.06767777353525162,0.04847339540719986,100,OK,MAP_UPDATE,OK,VISUAL_INERTIAL
2690,1761211801226,-37.512313574552536,-7.571708876639605,-71.39232009649277,-0.10458333045244217,0.07738547027111053,0.04494468495249748,100,OK,MAP_UPDATE,OK,VISUAL_INERTIAL
2691,1761211801243,-35.087503492832184,-7.0142606273293495,-67.50659644603729,-0.09979967772960663,0.08845812827348709,0.041209228336811066,100,OK,MAP_UPDATE,OK,VISUAL_INERTIAL
2692,1761211801260,-31.967826187610626,-6.737304851412773,-63.09892237186432,-0.09475114941596985,0.10043209791183472,0.03725287690758705,100,OK,MAP_UPDATE,OK,VISUAL_INERTIAL
2693,1761211801276,-29.362428933382034,-6.2867384403944016,-59.38666686415672,-0.09016533195972443,0.10943904519081116,0.03374706581234932,100,OK,MAP_UPDATE,OK,VISUAL_INERTIAL
2694,1761211801293,-26.518722996115685,-5.7350751012563705,-55.9825673699379,-0.085883729159832,0.1156948134303093,0.030585965141654015,100,OK,MAP_UPDATE,OK,VISUAL_INERTIAL
2695,1761211801310,-23.80431443452835,-5.12219313532114,-52.78656631708145,-0.08180469274520874,0.12070591002702713,0.027551617473363876,100,OK,MAP_UPDATE,OK,VISUAL_INERTIAL
2696,1761211801326,-21.315522491931915,-4.859099164605141,-49.72696304321289,-0.07766615599393845,0.12607866525650024,0.024434735998511314,100,OK,MAP_UPDATE,OK,VISUAL_INERTIAL
2697,1761211801343,-18.9367663115263,-4.476516507565975,-46.90312221646309,-0.07393305003643036,0.13050808012485504,0.02151249721646309,100,OK,MAP_UPDATE,OK,VISUAL_INERTIAL
2698,1761211801360,-16.81865006685257,-4.262392874807119,-44.32021081447601,-0.07032947242259979,0.1343642920255661,0.018723443150520325,100,OK,MAP_UPDATE,OK,VISUAL_INERTIAL
2699,1761211801376,-15.106650069355965,-3.8312850520014763,-42.05632954835892,-0.06718777865171432,0.13918976485729218,0.01604904979467392,100,OK,MAP_UPDATE,OK,VISUAL_INERTIAL
2700,1761211801393,-13.937421143054962,-3.717416664585471,-39.81848806142807,-0.06406240165233612,0.14606760442256927,0.013412408530712128,100,OK,MAP_UPDATE,OK,VISUAL_INERTIAL
2701,1761211801410,-13.094454072415829,-3.7534951698035,-37.70878538489342,-0.061176642775535583,0.154746875166893,0.01076424214988947,100,OK,MAP_UPDATE,OK,VISUAL_INERTIAL
2702,1761211801426,-11.586987413465977,-3.5536407958716154,-35.902541130781174,-0.05879658833146095,0.16245268285274506,0.008437013253569603,100,OK,MAP_UPDATE,OK,VISUAL_INERTIAL
2703,1761211801443,-9.993072599172592,-3.4853178076446056,-34.14992243051529,-0.05666695535182953,0.1672039031982422,0.006546310614794493,100,OK,MAP_UPDATE,OK,VISUAL_INERTIAL
2704,1761211801460,-8.45792144536972,-3.1851467210799456,-32.68330171704292,-0.054951511323451996,0.1710258424282074,0.004964997060596943,100,OK,MAP_UPDATE,OK,VISUAL_INERTIAL
2705,1761211801476,-7.224028930068016,-3.145130816847086,-31.49222955107689,-0.05326351523399353,0.1751888394355774,0.003449162235483527,100,OK,MAP_UPDATE,OK,VISUAL_INERTIAL
2706,1761211801493,-6.3966489396989346,-3.34231648594141,-30.337626114487648,-0.05169026926159859,0.17943887412548065,0.0022303625009953976,100,OK,MAP_UPDATE,OK,VISUAL_INERTIAL
2707,1761211801509,-5.5992379784584045,-3.0767235439270735,-29.456865042448044,-0.05067460983991623,0.18353553116321564,0.0012605442898347974,100,OK,MAP_UPDATE,OK,VISUAL_INERTIAL
2708,1761211801526,-4.99735027551651,-2.9561338014900684,-28.728945180773735,-0.04987822845578194,0.1869334876537323,0.0005592398811131716,100,OK,MAP_UPDATE,OK,VISUAL_INERTIAL
2709,1761211801543,-4.691454116255045,-2.934059128165245,-28.230508789420128,-0.04924352094531059,0.19033412635326385,9.087237231142353e-06,100,OK,MAP_UPDATE,OK,VISUAL_INERTIAL
2710,1761211801560,-4.732298199087381,-3.0627655796706676,-27.898555621504784,-0.04864653944969177,0.1948058009147644,-0.00035584307624958456,100,OK,MAP_UPDATE,OK,VISUAL_INERTIAL
2711,1761211801576,-5.262063350528479,-3.383384784683585,-27.536269277334213,-0.04816289618611336,0.19919471442699432,-0.0005733520374633372,100,OK,MAP_UPDATE,OK,VISUAL_INERTIAL
2712,1761211801593,-6.742674857378006,-3.7446508649736643,-27.697831392288208,-0.04790797457098961,0.2029014378786087,-0.0003392405924387276,100,OK,MAP_UPDATE,OK,VISUAL_INERTIAL
2713,1761211801609,-7.604800630360842,-3.9266380481421947,-27.487147599458694,-0.04783853143453598,0.20840799808502197,-0.00026541962870396674,100,OK,MAP_UPDATE,OK,VISUAL_INERTIAL
2714,1761211801626,-8.831830695271492,-4.172697197645903,-27.194367721676826,-0.047887444496154785,0.2159591168165207,-2.0687382857431658e-05,100,OK,MAP_UPDATE,OK,VISUAL_INERTIAL
2715,1761211801643,-10.07996965199709,-4.423478152602911,-26.969874277710915,-0.04806223511695862,0.22612223029136658,0.0002663589548319578,100,OK,MAP_UPDATE,OK,VISUAL_INERTIAL
2716,1761211801660,-11.282471939921379,-4.355751909315586,-27.236534282565117,-0.04862090200185776,0.2363429218530655,0.0007182558183558285,100,OK,MAP_UPDATE,OK,VISUAL_INERTIAL
2717,1761211801676,-11.671419255435467,-4.230092745274305,-27.512330561876297,-0.049215853214263916,0.24373270571231842,0.0012816013768315315,100,OK,MAP_UPDATE,OK,VISUAL_INERTIAL
2718,1761211801693,-11.595337651669979,-4.011455457657576,-27.782468125224113,-0.04987071081995964,0.24802692234516144,0.0019616277422755957,100,OK,MAP_UPDATE,OK,VISUAL_INERTIAL
2719,1761211801709,-11.616108939051628,-3.6900455597788095,-28.027618303894997,-0.05044664442539215,0.2518859803676605,0.002537862164899707,100,OK,MAP_UPDATE,OK,VISUAL_INERTIAL
2720,1761211801726,-11.99593860656023,-3.437869483605027,-28.102600947022438,-0.050824690610170364,0.25617149472236633,0.0030239326879382133,100,OK,MAP_UPDATE,OK,VISUAL_INERTIAL
2721,1761211801743,-12.56411150097847,-3.3248052932322025,-28.077194467186928,-0.05104275792837143,0.2605859339237213,0.0034127284307032824,100,OK,MAP_UPDATE,OK,VISUAL_INERTIAL
2722,1761211801759,-13.036983087658882,-3.070879029110074,-28.00089679658413,-0.05122775956988335,0.2652980089187622,0.0036188005469739437,100,OK,MAP_UPDATE,OK,VISUAL_INERTIAL
2723,1761211801776,-13.363397680222988,-2.83283949829638,-27.842193841934204,-0.0512809157371521,0.2693990170955658,0.0037444699555635452,100,OK,MAP_UPDATE,OK,VISUAL_INERTIAL
2724,1761211801793,-13.413576409220695,-2.7456656098365784,-27.736099436879158,-0.051246240735054016,0.27205777168273926,0.0038322422187775373,100,OK,MAP_UPDATE,OK,VISUAL_INERTIAL
2725,1761211801810,-13.220511376857758,-2.6596731040626764,-27.60743349790573,-0.051201291382312775,0.2729340195655823,0.0038777498994022608,100,OK,MAP_UPDATE,OK,VISUAL_INERTIAL
2726,1761211801826,-12.916721403598785,-2.56406981498003,-27.444666251540184,-0.05106458440423012,0.2727549970149994,0.003785486565902829,100,OK,MAP_UPDATE,OK,VISUAL_INERTIAL
2727,1761211801843,-12.551560997962952,-2.4879181291908026,-27.310965582728386,-0.05079880356788635,0.2721068561077118,0.0034616643097251654,100,OK,MAP_UPDATE,OK,VISUAL_INERTIAL
2728,1761211801859,-12.153560295701027,-2.364444313570857,-27.105674147605896,-0.05036374554038048,0.2711184322834015,0.0029687427449971437,100,OK,MAP_UPDATE,OK,VISUAL_INERTIAL
2729,1761211801876,-11.779272928833961,-2.2835794370621443,-26.780441403388977,-0.049735039472579956,0.2701481878757477,0.002235051477327943,100,OK,MAP_UPDATE,OK,VISUAL_INERTIAL
2730,1761211801893,-11.207791976630688,-2.1651769056916237,-26.45132876932621,-0.04907020181417465,0.26911988854408264,0.001296716625802219,100,OK,MAP_UPDATE,OK,VISUAL_INERTIAL
2731,1761211801910,-10.572649538516998,-2.1740784868597984,-26.101129129529,-0.04841998592019081,0.2682205140590668,0.0002449934836477041,100,OK,MAP_UPDATE,OK,VISUAL_INERTIAL
2732,1761211801926,-9.840798564255238,-2.0470265299081802,-25.81052854657173,-0.047964438796043396,0.2675863802433014,-0.0010219326941296458,100,OK,MAP_UPDATE,OK,VISUAL_INERTIAL
2733,1761211801943,-9.000441990792751,-1.998410327360034,-25.5724024027586,-0.04750281572341919,0.2672821879386902,-0.0023806800600141287,100,OK,MAP_UPDATE,OK,VISUAL_INERTIAL
2734,1761211801959,-8.14184918999672,-2.01645796187222,-25.41133388876915,-0.047057852149009705,0.26746463775634766,-0.003843878163024783,100,OK,MAP_UPDATE,OK,VISUAL_INERTIAL
2735,1761211801976,-7.17036472633481,-2.00776313431561,-25.309884920716286,-0.046716075390577316,0.2679578959941864,-0.005376668181270361,100,OK,MAP_UPDATE,OK,VISUAL_INERTIAL
2736,1761211801993,-6.1526126228272915,-2.0792135037481785,-25.346022099256516,-0.04661059007048607,0.2683347463607788,-0.006870187819004059,100,OK,MAP_UPDATE,OK,VISUAL_INERTIAL
2737,1761211802010,-5.091043654829264,-2.0716798026114702,-25.604264810681343,-0.04680095985531807,0.26849085092544556,-0.008223765529692173,100,OK,MAP_UPDATE,OK,VISUAL_INERTIAL
2738,1761211802026,-4.131977912038565,-2.1650767885148525,-25.976773351430893,-0.04717645049095154,0.2683117091655731,-0.009350046515464783,100,OK,MAP_UPDATE,OK,VISUAL_INERTIAL
2739,1761211802043,-3.2969387248158455,-2.1699427161365747,-26.47981233894825,-0.047639649361371994,0.2677476704120636,-0.01016954518854618,100,OK,MAP_UPDATE,OK,VISUAL_INERTIAL
2740,1761211802060,-2.673069713637233,-2.2281548008322716,-27.025099843740463,-0.048125259578228,0.2669847011566162,-0.010746367275714874,100,OK,MAP_UPDATE,OK,VISUAL_INERTIAL
2741,1761211802076,-2.342481166124344,-2.2327459882944822,-27.56902202963829,-0.048664189875125885,0.2663803994655609,-0.011114897206425667,100,OK,MAP_UPDATE,OK,VISUAL_INERTIAL
2742,1761211802093,-2.1676134783774614,-2.230612328276038,-28.0805341899395,-0.04916275292634964,0.26532989740371704,-0.01112564466893673,100,OK,MAP_UPDATE,OK,VISUAL_INERTIAL
2743,1761211802109,-2.1312858443707228,-2.2115029860287905,-28.553836047649384,-0.04970304295420647,0.2634676992893219,-0.010817073285579681,100,OK,MAP_UPDATE,OK,VISUAL_INERTIAL
2744,1761211802126,-2.353969030082226,-2.294576959684491,-28.916627168655396,-0.050168972462415695,0.2610999643802643,-0.010241689160466194,100,OK,MAP_UPDATE,OK,VISUAL_INERTIAL
2745,1761211802143,-2.8268187306821346,-2.3113409988582134,-29.174352064728737,-0.05049097537994385,0.2591194808483124,-0.009596072137355804,100,OK,MAP_UPDATE,OK,VISUAL_INERTIAL
2746,1761211802159,-3.447434166446328,-2.28885468095541,-29.28226813673973,-0.05064098536968231,0.258064866065979,-0.00902941171079874,100,OK,MAP_UPDATE,OK,VISUAL_INERTIAL
2747,1761211802176,-4.159607924520969,-2.2531202994287014,-29.14806827902794,-0.05054355785250664,0.2576908469200134,-0.008595973253250122,100,OK,MAP_UPDATE,OK,VISUAL_INERTIAL
2748,1761211802193,-4.698492120951414,-2.2471966221928596,-28.860708698630333,-0.050331588834524155,0.2574491500854492,-0.008164271712303162,100,OK,MAP_UPDATE,OK,VISUAL_INERTIAL
2749,1761211802209,-4.999835975468159,-2.1915279794484377,-28.54009158909321,-0.050110045820474625,0.2567947208881378,-0.00779529195278883,100,OK,MAP_UPDATE,OK,VISUAL_INERTIAL
2750,1761211802226,-5.080915987491608,-2.046502660959959,-28.268830850720406,-0.04990818724036217,0.2557470202445984,-0.007550475187599659,100,OK,MAP_UPDATE,OK,VISUAL_INERTIAL
2751,1761211802243,-5.138361360877752,-1.9400832243263721,-27.97176130115986,-0.04958931356668472,0.25510862469673157,-0.007554958108812571,100,OK,MAP_UPDATE,OK,VISUAL_INERTIAL
2752,1761211802259,-5.09901437908411,-1.9028644310310483,-27.679897844791412,-0.0492328442633152,0.2549563944339752,-0.007722885813564062,100,OK,MAP_UPDATE,OK,VISUAL_INERTIAL
2753,1761211802276,-4.9411701038479805,-1.9195281201973557,-27.414267882704735,-0.04887518286705017,0.25498253107070923,-0.007939332164824009,100,OK,MAP_UPDATE,OK,VISUAL_INERTIAL
2754,1761211802293,-4.691655747592449,-1.9124068785458803,-27.2000040858984,-0.048635177314281464,0.25514206290245056,-0.008347438648343086,100,OK,MAP_UPDATE,OK,VISUAL_INERTIAL
2755,1761211802309,-4.410103894770145,-1.9116568146273494,-27.12496556341648,-0.04850449785590172,0.25544288754463196,-0.008713164366781712,100,OK,MAP_UPDATE,OK,VISUAL_INERTIAL
2756,1761211802326,-4.129421431571245,-1.8742057727649808,-27.104230597615242,-0.048424653708934784,0.2556132376194,-0.008982133120298386,100,OK,MAP_UPDATE,OK,VISUAL_INERTIAL
2757,1761211802343,-3.9192005060613155,-1.9328782800585032,-27.198422700166702,-0.04852386564016342,0.2556878328323364,-0.009108495898544788,100,OK,MAP_UPDATE,OK,VISUAL_INERTIAL
2758,1761211802359,-3.8826907984912395,-2.0417128689587116,-27.43055857717991,-0.048775289207696915,0.25600290298461914,-0.009081429801881313,100,OK,MAP_UPDATE,OK,VISUAL_INERTIAL
2759,1761211802376,-4.169573076069355,-2.252205740660429,-27.545670047402382,-0.048903025686740875,0.25728702545166016,-0.008866390213370323,100,OK,MAP_UPDATE,OK,VISUAL_INERTIAL
2760,1761211802393,-4.489399958401918,-2.3077153600752354,-27.644764631986618,-0.04893023893237114,0.259311318397522,-0.008701457642018795,100,OK,MAP_UPDATE,OK,VISUAL_INERTIAL
2761,1761211802409,-4.7028157860040665,-2.2736701648682356,-27.568664401769638,-0.04880853742361069,0.26120465993881226,-0.008552605286240578,100,OK,MAP_UPDATE,OK,VISUAL_INERTIAL
2762,1761211802426,-4.752067383378744,-2.27032951079309,-27.458656579256058,-0.04865673556923866,0.262785404920578,-0.00840519368648529,100,OK,MAP_UPDATE,OK,VISUAL_INERTIAL
2763,1761211802443,-4.725527483969927,-2.2982959635555744,-27.334658429026604,-0.04855431243777275,0.2639618515968323,-0.00829508900642395,100,OK,MAP_UPDATE,OK,VISUAL_INERTIAL
2764,1761211802459,-4.735191818326712,-2.294287784025073,-27.296965941786766,-0.048625972121953964,0.2652730643749237,-0.008251972496509552,100,OK,MAP_UPDATE,OK,VISUAL_INERTIAL
2765,1761211802476,-4.940882325172424,-2.278032246977091,-27.189042419195175,-0.0486428439617157,0.26755616068840027,-0.008477607741951942,100,OK,MAP_UPDATE,OK,VISUAL_INERTIAL
2766,1761211802493,-5.020876880735159,-2.3288188967853785,-27.043526992201805,-0.04848366603255272,0.2705429196357727,-0.008968058973550797,100,OK,MAP_UPDATE,OK,VISUAL_INERTIAL
2767,1761211802509,-4.802150186151266,-2.196499379351735,-26.84340626001358,-0.04832344129681587,0.2733157277107239,-0.009502599015831947,100,OK,MAP_UPDATE,OK,VISUAL_INERTIAL
2768,1761211802526,-4.293948877602816,-2.1775055211037397,-26.6878604888916,-0.04800964891910553,0.2754574418067932,-0.010011839680373669,100,OK,MAP_UPDATE,OK,VISUAL_INERTIAL
2769,1761211802543,-3.7927506491541862,-2.192700281739235,-26.569858193397522,-0.04770774394273758,0.27694758772850037,-0.010374855250120163,100,OK,MAP_UPDATE,OK,VISUAL_INERTIAL
2770,1761211802561,-3.3957299310714006,-2.264851937070489,-26.403166353702545,-0.04736924543976784,0.27797985076904297,-0.010515029542148113,100,OK,MAP_UPDATE,OK,VISUAL_INERTIAL
2771,1761211802576,-3.146921284496784,-2.3175792302936316,-26.280740275979042,-0.04707526043057442,0.2783586084842682,-0.01048043742775917,100,OK,MAP_UPDATE,OK,VISUAL_INERTIAL
2772,1761211802593,-3.053574124351144,-2.304901834577322,-26.159372180700302,-0.046864066272974014,0.2787894010543823,-0.010444775223731995,100,OK,MAP_UPDATE,OK,VISUAL_INERTIAL
2773,1761211802609,-3.199949162080884,-2.223667223006487,-26.14292874932289,-0.04682070389389992,0.2801230847835541,-0.010470299981534481,100,OK,MAP_UPDATE,OK,VISUAL_INERTIAL
2774,1761211802626,-3.65353561937809,-2.558107953518629,-25.83475038409233,-0.0466320738196373,0.2824077308177948,-0.010621683672070503,100,OK,MAP_UPDATE,OK,VISUAL_INERTIAL
2775,1761211802643,-4.300857428461313,-2.9386491514742374,-25.547826662659645,-0.046585433185100555,0.28555506467819214,-0.010740797035396099,100,OK,MAP_UPDATE,OK,VISUAL_INERTIAL
2776,1761211802659,-4.7861263155937195,-2.991296350955963,-25.51276423037052,-0.04679339751601219,0.2889121472835541,-0.010700962506234646,100,OK,MAP_UPDATE,OK,VISUAL_INERTIAL
2777,1761211802676,-5.474860779941082,-3.0866756569594145,-25.68614110350609,-0.04700838401913643,0.29162028431892395,-0.010395284742116928,100,OK,MAP_UPDATE,OK,VISUAL_INERTIAL
2778,1761211802693,-5.852692294865847,-2.904668217524886,-25.818949565291405,-0.04717520251870155,0.29457634687423706,-0.010181079618632793,100,OK,MAP_UPDATE,OK,VISUAL_INERTIAL
2779,1761211802709,-6.199714727699757,-2.7901073917746544,-25.69872885942459,-0.04705280810594559,0.2983253002166748,-0.010020536370575428,100,OK,MAP_UPDATE,OK,VISUAL_INERTIAL
2780,1761211802726,-6.435348652303219,-2.63122096657753,-25.4658255726099,-0.04687831550836563,0.30261415243148804,-0.010133006609976292,100,OK,MAP_UPDATE,OK,VISUAL_INERTIAL
2781,1761211802743,-6.319891661405563,-2.4545835331082344,-25.28447099030018,-0.04686098173260689,0.3060740530490875,-0.010388634167611599,100,OK,MAP_UPDATE,OK,VISUAL_INERTIAL
2782,1761211802759,-5.876659415662289,-2.3696350399404764,-25.35836212337017,-0.047013331204652786,0.30780333280563354,-0.010693881660699844,100,OK,MAP_UPDATE,OK,VISUAL_INERTIAL
2783,1761211802776,-5.497761536389589,-2.4175415746867657,-25.453241541981697,-0.04716336354613304,0.3093954920768738,-0.011038647033274174,100,OK,MAP_UPDATE,OK,VISUAL_INERTIAL
2784,1761211802793,-5.417579784989357,-2.3823038209229708,-25.455359369516373,-0.047286827117204666,0.31247642636299133,-0.011422796174883842,100,OK,MAP_UPDATE,OK,VISUAL_INERTIAL
2785,1761211802809,-5.727576091885567,-2.482192823663354,-25.26519075036049,-0.04711080715060234,0.3173026442527771,-0.011588484048843384,100,OK,MAP_UPDATE,OK,VISUAL_INERTIAL
2786,1761211802826,-5.9674689546227455,-2.4738116189837456,-24.82544258236885,-0.046775177121162415,0.32208582758903503,-0.011535139754414558,100,OK,MAP_UPDATE,OK,VISUAL_INERTIAL
2787,1761211802843,-5.959463771432638,-2.331024268642068,-24.317419156432152,-0.04640989005565643,0.32575109601020813,-0.011169645003974438,100,OK,MAP_UPDATE,OK,VISUAL_INERTIAL
2788,1761211802859,-5.948384758085012,-2.1995201241225004,-23.896725848317146,-0.045993927866220474,0.32776468992233276,-0.010499618016183376,100,OK,MAP_UPDATE,OK,VISUAL_INERTIAL
2789,1761211802876,-6.033160258084536,-2.126635517925024,-23.544874042272568,-0.04563466086983681,0.32915279269218445,-0.009856587275862694,100,OK,MAP_UPDATE,OK,VISUAL_INERTIAL
2790,1761211802893,-6.317880004644394,-2.074712887406349,-23.21266196668148,-0.04531732574105263,0.33063414692878723,-0.009501224383711815,100,OK,MAP_UPDATE,OK,VISUAL_INERTIAL
2791,1761211802909,-6.552247330546379,-2.0334983710199594,-23.0069812387228,-0.04519190639257431,0.3324868381023407,-0.009565870277583599,100,OK,MAP_UPDATE,OK,VISUAL_INERTIAL
2792,1761211802926,-6.9060674868524075,-2.0661884918808937,-22.83603698015213,-0.045135777443647385,0.33575624227523804,-0.0099171819165349,100,OK,MAP_UPDATE,OK,VISUAL_INERTIAL
2793,1761211802943,-7.315821014344692,-2.0941337570548058,-22.615967318415642,-0.04517454281449318,0.3399885892868042,-0.010347430594265461,100,OK,MAP_UPDATE,OK,VISUAL_INERTIAL
2794,1761211802959,-7.47962761670351,-2.0304827485233545,-22.32528105378151,-0.04534999653697014,0.34361031651496887,-0.010549544356763363,100,OK,MAP_UPDATE,OK,VISUAL_INERTIAL
2795,1761211802976,-7.245595566928387,-1.9779819995164871,-22.375840693712234,-0.04555283114314079,0.3455560505390167,-0.010556913912296295,100,OK,MAP_UPDATE,OK,VISUAL_INERTIAL
2796,1761211802993,-6.882600020617247,-1.8518385477364063,-22.448720410466194,-0.04571620374917984,0.34587353467941284,-0.010403252206742764,100,OK,MAP_UPDATE,OK,VISUAL_INERTIAL
2797,1761211803009,-6.617778446525335,-1.7815077444538474,-22.553442046046257,-0.0456525981426239,0.34577175974845886,-0.01037216279655695,100,OK,MAP_UPDATE,OK,VISUAL_INERTIAL
2798,1761211803026,-6.448999047279358,-1.6934213927015662,-22.55336567759514,-0.045471157878637314,0.34555724263191223,-0.01054668053984642,100,OK,MAP_UPDATE,OK,VISUAL_INERTIAL
2799,1761211803043,-6.357468664646149,-1.6261354321613908,-22.465653717517853,-0.04526028037071228,0.3453686535358429,-0.01080973632633686,100,OK,MAP_UPDATE,OK,VISUAL_INERTIAL
2800,1761211803060,-6.2765879556536674,-1.6119134379550815,-22.398602217435837,-0.045106884092092514,0.34532076120376587,-0.011152130551636219,100,OK,MAP_UPDATE,OK,VISUAL_INERTIAL
2801,1761211803076,-6.214884575456381,-1.6416397411376238,-22.289428859949112,-0.04498068243265152,0.345356285572052,-0.011373686604201794,100,OK,MAP_UPDATE,OK,VISUAL_INERTIAL
2802,1761211803093,-6.093539763242006,-1.706584938801825,-22.177403792738914,-0.044883016496896744,0.34514814615249634,-0.011505654081702232,100,OK,MAP_UPDATE,OK,VISUAL_INERTIAL
2803,1761211803109,-5.822585429996252,-1.6378621803596616,-22.101376205682755,-0.04477251321077347,0.3438051640987396,-0.011615524999797344,100,OK,MAP_UPDATE,OK,VISUAL_INERTIAL
2804,1761211803126,-5.508774891495705,-1.6401311149820685,-22.086089476943016,-0.04451770335435867,0.34211868047714233,-0.011810055933892727,100,OK,MAP_UPDATE,OK,VISUAL_INERTIAL
2805,1761211803143,-5.411399528384209,-1.6691985074430704,-22.010674700140953,-0.04416545853018761,0.3415340185165405,-0.012071027420461178,100,OK,MAP_UPDATE,OK,VISUAL_INERTIAL
2806,1761211803159,-5.443425849080086,-1.6917765606194735,-21.828357130289078,-0.043879907578229904,0.34137991070747375,-0.012253213673830032,100,OK,MAP_UPDATE,OK,VISUAL_INERTIAL
2807,1761211803176,-5.435636267066002,-1.756304525770247,-21.66937291622162,-0.04372086375951767,0.3411543071269989,-0.012302951887249947,100,OK,MAP_UPDATE,OK,VISUAL_INERTIAL
2808,1761211803193,-5.201087798923254,-1.7809284618124366,-21.722333505749702,-0.043705400079488754,0.3392146825790405,-0.012212016619741917,100,OK,MAP_UPDATE,OK,VISUAL_INERTIAL
2809,1761211803210,-4.734398797154427,-1.783813931979239,-21.94269187748432,-0.04376273974776268,0.33442750573158264,-0.012090778909623623,100,OK,MAP_UPDATE,OK,VISUAL_INERTIAL
2810,1761211803226,-4.136289935559034,-1.6660658875480294,-22.256648167967796,-0.043821584433317184,0.3283624053001404,-0.012072797864675522,100,OK,MAP_UPDATE,OK,VISUAL_INERTIAL
2811,1761211803243,-3.902585245668888,-1.6352833481505513,-22.586330771446228,-0.043730225414037704,0.3227752149105072,-0.012157674878835678,100,OK,MAP_UPDATE,OK,VISUAL_INERTIAL
2812,1761211803259,-4.008156247437,-1.5420598210766912,-22.680580615997314,-0.043652553111314774,0.318680077791214,-0.01226748712360859,100,OK,MAP_UPDATE,OK,VISUAL_INERTIAL
2813,1761211803276,-4.188504070043564,-1.6272387001663446,-22.72648550570011,-0.04356088116765022,0.31517326831817627,-0.012285187840461731,100,OK,MAP_UPDATE,OK,VISUAL_INERTIAL
2814,1761211803293,-4.195793531835079,-1.643824391067028,-22.801661863923073,-0.043614570051431656,0.3109813630580902,-0.012266570702195168,100,OK,MAP_UPDATE,OK,VISUAL_INERTIAL
2815,1761211803309,-4.00011520832777,-1.694380771368742,-22.985471412539482,-0.043697476387023926,0.3061935603618622,-0.012302904389798641,100,OK,MAP_UPDATE,OK,VISUAL_INERTIAL
2816,1761211803326,-3.844302147626877,-1.7725143115967512,-23.214858025312424,-0.04374644532799721,0.3017359972000122,-0.01234530285000801,100,OK,MAP_UPDATE,OK,VISUAL_INERTIAL
2817,1761211803343,-3.803278785198927,-1.8675398314371705,-23.31596240401268,-0.04368395730853081,0.29853448271751404,-0.012440910562872887,100,OK,MAP_UPDATE,OK,VISUAL_INERTIAL
2818,1761211803359,-3.9966502226889133,-1.9233477069064975,-23.20295199751854,-0.04351632297039032,0.29713812470436096,-0.012573308311402798,100,OK,MAP_UPDATE,OK,VISUAL_INERTIAL
2819,1761211803376,-4.226489923894405,-1.9686224404722452,-23.02531711757183,-0.0432949997484684,0.2970888316631317,-0.012674716301262379,100,OK,MAP_UPDATE,OK,VISUAL_INERTIAL
2820,1761211803393,-4.27619693800807,-1.9307477632537484,-22.788304835557938,-0.043090105056762695,0.2969720661640167,-0.01261086855083704,100,OK,MAP_UPDATE,OK,VISUAL_INERTIAL
2821,1761211803409,-4.179570358246565,-1.8841502023860812,-22.57366292178631,-0.04285336285829544,0.2962936758995056,-0.012465951964259148,100,OK,MAP_UPDATE,OK,VISUAL_INERTIAL
2822,1761211803426,-3.951389342546463,-1.8626138335093856,-22.383758798241615,-0.042552195489406586,0.2949918806552887,-0.01226603239774704,100,OK,MAP_UPDATE,OK,VISUAL_INERTIAL
2823,1761211803443,-3.7075348664075136,-1.8177974270656705,-22.248726338148117,-0.0422121100127697,0.2932528555393219,-0.012045261450111866,100,OK,MAP_UPDATE,OK,VISUAL_INERTIAL
2824,1761211803459,-3.5414970479905605,-1.7794055165722966,-22.0906063914299,-0.04181127995252609,0.29109740257263184,-0.011823483742773533,100,OK,MAP_UPDATE,OK,VISUAL_INERTIAL
2825,1761211803476,-3.5129424650222063,-1.746352412737906,-21.875962615013123,-0.04136090353131294,0.2896697521209717,-0.011712771840393543,100,OK,MAP_UPDATE,OK,VISUAL_INERTIAL
2826,1761211803493,-3.6262914072722197,-1.7593319062143564,-21.54802717268467,-0.04092952981591225,0.28896230459213257,-0.011703023687005043,100,OK,MAP_UPDATE,OK,VISUAL_INERTIAL
2827,1761211803509,-3.697895212098956,-1.7681944882497191,-21.221861243247986,-0.04051348939538002,0.28833404183387756,-0.011596527881920338,100,OK,MAP_UPDATE,OK,VISUAL_INERTIAL
2828,1761211803526,-3.7678247317671776,-1.8027526093646884,-20.917747169733047,-0.04007025435566902,0.2875908315181732,-0.011365433223545551,100,OK,MAP_UPDATE,OK,VISUAL_INERTIAL
2829,1761211803543,-3.8602249696850777,-1.8264306709170341,-20.71242406964302,-0.039785291999578476,0.28703421354293823,-0.011094330810010433,100,OK,MAP_UPDATE,OK,VISUAL_INERTIAL
2830,1761211803559,-4.041643347591162,-1.8609205726534128,-20.532846450805664,-0.039635270833969116,0.28692471981048584,-0.010879985056817532,100,OK,MAP_UPDATE,OK,VISUAL_INERTIAL
2831,1761211803576,-4.222245421260595,-1.8794984789565206,-20.37825435400009,-0.039541542530059814,0.2869569957256317,-0.010699278675019741,100,OK,MAP_UPDATE,OK,VISUAL_INERTIAL
2832,1761211803593,-4.166633356362581,-1.85892335139215,-20.321842283010483,-0.03942181542515755,0.28701281547546387,-0.01084617804735899,100,OK,MAP_UPDATE,OK,VISUAL_INERTIAL
2833,1761211803609,-4.066317342221737,-1.8350508762523532,-20.265042781829834,-0.03925280272960663,0.2870774567127228,-0.011017476208508015,100,OK,MAP_UPDATE,OK,VISUAL_INERTIAL
2834,1761211803626,-4.0215966291725636,-1.7798610497266054,-20.18359862267971,-0.03912771865725517,0.2873303294181824,-0.011135016568005085,100,OK,MAP_UPDATE,OK,VISUAL_INERTIAL
2835,1761211803643,-3.9916993118822575,-1.797705190256238,-20.08957974612713,-0.039019979536533356,0.2877251207828522,-0.011204244568943977,100,OK,MAP_UPDATE,OK,VISUAL_INERTIAL
2836,1761211803659,-3.963738214224577,-1.6676336526870728,-20.06591111421585,-0.039044879376888275,0.2885148823261261,-0.0112841771915555,100,OK,MAP_UPDATE,OK,VISUAL_INERTIAL
2837,1761211803676,-4.140812903642654,-1.7395608592778444,-19.840316846966743,-0.03880394250154495,0.2902633249759674,-0.011356130242347717,100,OK,MAP_UPDATE,OK,VISUAL_INERTIAL
2838,1761211803693,-4.357838537544012,-1.6753805102780461,-19.54263634979725,-0.038590118288993835,0.29284462332725525,-0.011430789716541767,100,OK,MAP_UPDATE,OK,VISUAL_INERTIAL
2839,1761211803709,-4.276282154023647,-1.5740260714665055,-19.45187710225582,-0.038364823907613754,0.29397130012512207,-0.011413859203457832,100,OK,MAP_UPDATE,OK,VISUAL_INERTIAL
2840,1761211803726,-4.018040839582682,-1.4870594022795558,-19.272761419415474,-0.03796059638261795,0.2941126227378845,-0.011400260962545872,100,OK,MAP_UPDATE,OK,VISUAL_INERTIAL
2841,1761211803743,-3.954631742089987,-1.5613690484315157,-19.001668319106102,-0.037510741502046585,0.2939518988132477,-0.011446183547377586,100,OK,MAP_UPDATE,OK,VISUAL_INERTIAL
2842,1761211803759,-3.8326792418956757,-1.4914332423359156,-18.94163526594639,-0.03740675374865532,0.29398733377456665,-0.011539659462869167,100,OK,MAP_UPDATE,OK,VISUAL_INERTIAL
2843,1761211803776,-3.895872738212347,-1.6206861473619938,-18.893521279096603,-0.03741617500782013,0.2940067648887634,-0.011567490175366402,100,OK,MAP_UPDATE,OK,VISUAL_INERTIAL
2844,1761211803793,-3.904712153598666,-1.7115361988544464,-18.992336466908455,-0.03763022646307945,0.29408782720565796,-0.011643080972135067,100,OK,MAP_UPDATE,OK,VISUAL_INERTIAL
2845,1761211803809,-3.8489396683871746,-1.7423743847757578,-19.177492707967758,-0.03792029619216919,0.29420697689056396,-0.011747021228075027,100,OK,MAP_UPDATE,OK,VISUAL_INERTIAL
2846,1761211803826,-3.838913282379508,-1.7914483323693275,-19.334783777594566,-0.038040272891521454,0.294155091047287,-0.011879976838827133,100,OK,MAP_UPDATE,OK,VISUAL_INERTIAL
2847,1761211803843,-3.8598638493567705,-1.7814378952607512,-19.418908283114433,-0.038197264075279236,0.29415008425712585,-0.01191098801791668,100,OK,MAP_UPDATE,OK,VISUAL_INERTIAL
2848,1761211803859,-3.9015926886349916,-1.7867219867184758,-19.61413398385048,-0.038327716290950775,0.2942873239517212,-0.011877956800162792,100,OK,MAP_UPDATE,OK,VISUAL_INERTIAL
2849,1761211803876,-4.024538677185774,-1.8077427521348,-19.706904888153076,-0.03843291848897934,0.2943541705608368,-0.011721552349627018,100,OK,MAP_UPDATE,OK,VISUAL_INERTIAL
2850,1761211803893,-4.207730758935213,-1.8402867717668414,-19.726207479834557,-0.03852073475718498,0.2943657636642456,-0.011517100036144257,100,OK,MAP_UPDATE,OK,VISUAL_INERTIAL
2851,1761211803910,-4.335586912930012,-1.834155758842826,-19.883310422301292,-0.038718923926353455,0.29436084628105164,-0.01127159409224987,100,OK,MAP_UPDATE,OK,VISUAL_INERTIAL
2852,1761211803926,-4.47108456864953,-1.8429330084472895,-19.93650570511818,-0.03884466364979744,0.294190913438797,-0.011030210182070732,100,OK,MAP_UPDATE,OK,VISUAL_INERTIAL
2853,1761211803943,-4.609545227140188,-1.8283387180417776,-19.89058405160904,-0.03886907175183296,0.29346561431884766,-0.010784412734210491,100,OK,MAP_UPDATE,OK,VISUAL_INERTIAL
2854,1761211803959,-4.440888296812773,-1.7199803842231631,-20.108336582779884,-0.03890562057495117,0.29162392020225525,-0.010582703165709972,100,OK,MAP_UPDATE,OK,VISUAL_INERTIAL
2855,1761211803976,-3.966656979173422,-1.5123269986361265,-20.282872021198273,-0.03885245323181152,0.2884666323661804,-0.010523604229092598,100,OK,MAP_UPDATE,OK,VISUAL_INERTIAL
2856,1761211803993,-3.415007144212723,-1.4140887651592493,-20.4470157623291,-0.03870822489261627,0.28451529145240784,-0.010653671808540821,100,OK,MAP_UPDATE,OK,VISUAL_INERTIAL
2857,1761211804010,-2.703093457967043,-1.250519067980349,-20.658114925026894,-0.03862752765417099,0.2802883982658386,-0.010999880731105804,100,OK,MAP_UPDATE,OK,VISUAL_INERTIAL
2858,1761211804026,-2.0200854633003473,-1.2444148305803537,-20.84713988006115,-0.03852533549070358,0.2758321166038513,-0.011414493434131145,100,OK,MAP_UPDATE,OK,VISUAL_INERTIAL
2859,1761211804043,-1.5721836825832725,-1.2942457105964422,-21.023467183113098,-0.03848585486412048,0.27090829610824585,-0.011736124753952026,100,OK,MAP_UPDATE,OK,VISUAL_INERTIAL
2860,1761211804059,-0.9068915969692171,-1.0418524034321308,-21.462328732013702,-0.038786210119724274,0.2648582458496094,-0.01193127129226923,100,OK,MAP_UPDATE,OK,VISUAL_INERTIAL
2861,1761211804076,-0.26688308571465313,-0.9801667183637619,-21.831605583429337,-0.03894505277276039,0.2574478089809418,-0.011973225511610508,100,OK,MAP_UPDATE,OK,VISUAL_INERTIAL
2862,1761211804093,-0.11831624578917399,-0.8598999702371657,-22.036388516426086,-0.03905540704727173,0.24997065961360931,-0.012029898352921009,100,OK,MAP_UPDATE,OK,VISUAL_INERTIAL
2863,1761211804109,-0.24034806119743735,-0.795281957834959,-22.11667224764824,-0.03905009478330612,0.24350138008594513,-0.012019003741443157,100,OK,MAP_UPDATE,OK,VISUAL_INERTIAL
2864,1761211804126,-0.5564707098528743,-1.0639281244948506,-22.05788344144821,-0.03887440264225006,0.2375737428665161,-0.012057378888130188,100,OK,MAP_UPDATE,OK,VISUAL_INERTIAL
2865,1761211804143,-0.8464061538688838,-1.319194445386529,-21.96815423667431,-0.03868864104151726,0.23194655776023865,-0.011918309144675732,100,OK,MAP_UPDATE,OK,VISUAL_INERTIAL
2866,1761211804159,-1.0474086739122868,-1.4642681926488876,-22.040599957108498,-0.03864099830389023,0.2269676923751831,-0.011650355532765388,100,OK,MAP_UPDATE,OK,VISUAL_INERTIAL
2867,1761211804176,-1.3259314000606537,-1.6154783079400659,-21.99152670800686,-0.03851130232214928,0.22305458784103394,-0.011299669742584229,100,OK,MAP_UPDATE,OK,VISUAL_INERTIAL
2868,1761211804193,-1.7111970810219646,-1.7737261950969696,-21.97427861392498,-0.038469888269901276,0.22026020288467407,-0.010925262235105038,100,OK,MAP_UPDATE,OK,VISUAL_INERTIAL
2869,1761211804209,-2.1044830791652203,-1.8760059028863907,-21.950704976916313,-0.03841991350054741,0.21859249472618103,-0.010587196797132492,100,OK,MAP_UPDATE,OK,VISUAL_INERTIAL
2870,1761211804226,-2.3978189565241337,-1.9788199570029974,-21.896449849009514,-0.038324024528265,0.2175295203924179,-0.010299231857061386,100,OK,MAP_UPDATE,OK,VISUAL_INERTIAL
2871,1761211804243,-2.5415674317628145,-2.0560186821967363,-21.85973711311817,-0.03824096545577049,0.21658164262771606,-0.010038328357040882,100,OK,MAP_UPDATE,OK,VISUAL_INERTIAL
2872,1761211804259,-2.5582395028322935,-2.0004708785563707,-21.825389936566353,-0.03819124028086662,0.21607442200183868,-0.009914267808198929,100,OK,MAP_UPDATE,OK,VISUAL_INERTIAL
2873,1761211804276,-2.6758788153529167,-2.0206174813210964,-21.66387438774109,-0.038021184504032135,0.21615295112133026,-0.009787561371922493,100,OK,MAP_UPDATE,OK,VISUAL_INERTIAL
2874,1761211804293,-2.7182544581592083,-2.1798124071210623,-21.475039422512054,-0.03781123831868172,0.21633094549179077,-0.009743335656821728,100,OK,MAP_UPDATE,OK,VISUAL_INERTIAL
2875,1761211804309,-2.491588704288006,-2.103446051478386,-21.510642021894455,-0.03783641383051872,0.21653611958026886,-0.00983866024762392,100,OK,MAP_UPDATE,OK,VISUAL_INERTIAL
2876,1761211804326,-2.168284496292472,-2.025656634941697,-21.632250398397446,-0.03793617710471153,0.21658974885940552,-0.01004824135452509,100,OK,MAP_UPDATE,OK,VISUAL_INERTIAL
2877,1761211804343,-1.8213759176433086,-1.949544413946569,-21.791335195302963,-0.03805534169077873,0.2165938764810562,-0.01029987633228302,100,OK,MAP_UPDATE,OK,VISUAL_INERTIAL
2878,1761211804360,-1.5640606870874763,-1.912815379910171,-22.010166198015213,-0.03834196925163269,0.21653948724269867,-0.010534459725022316,100,OK,MAP_UPDATE,OK,VISUAL_INERTIAL
2879,1761211804376,-1.3583978870883584,-1.8359340028837323,-22.246941924095154,-0.038643140345811844,0.2164982259273529,-0.01066030003130436,100,OK,MAP_UPDATE,OK,VISUAL_INERTIAL
2880,1761211804393,-1.2928997166454792,-1.8586314981803298,-22.384684532880783,-0.03881444036960602,0.2162640392780304,-0.010715560987591743,100,OK,MAP_UPDATE,OK,VISUAL_INERTIAL
2881,1761211804409,-1.1647273786365986,-1.757523394189775,-22.616656497120857,-0.03902025520801544,0.21614739298820496,-0.010738607496023178,100,OK,MAP_UPDATE,OK,VISUAL_INERTIAL
2882,1761211804426,-1.1421513045206666,-1.7755908193066716,-22.669969126582146,-0.03904583305120468,0.2158985733985901,-0.010762913152575493,100,OK,MAP_UPDATE,OK,VISUAL_INERTIAL
2883,1761211804443,-1.0756799019873142,-1.7746961675584316,-22.685663774609566,-0.038999930024147034,0.21552562713623047,-0.01079617626965046,100,OK,MAP_UPDATE,OK,VISUAL_INERTIAL
2884,1761211804459,-1.044900738634169,-1.8675023457035422,-22.664932534098625,-0.038848865777254105,0.2148125022649765,-0.010802137665450573,100,OK,MAP_UPDATE,OK,VISUAL_INERTIAL
2885,1761211804476,-1.023298129439354,-2.08680029027164,-22.627487778663635,-0.03862973302602768,0.2136605679988861,-0.010792396031320095,100,OK,MAP_UPDATE,OK,VISUAL_INERTIAL
2886,1761211804493,-0.9919399162754416,-2.2989248391240835,-22.663524374365807,-0.03846919536590576,0.21199262142181396,-0.010684112086892128,100,OK,MAP_UPDATE,OK,VISUAL_INERTIAL
2887,1761211804509,-0.9488002397119999,-2.3781894706189632,-22.71406538784504,-0.03841846063733101,0.21005451679229736,-0.010558872483670712,100,OK,MAP_UPDATE,OK,VISUAL_INERTIAL
2888,1761211804526,-0.9089579689316452,-2.4998646695166826,-22.769959643483162,-0.038362231105566025,0.2073238044977188,-0.010410676710307598,100,OK,MAP_UPDATE,OK,VISUAL_INERTIAL
2889,1761211804543,-0.6159254116937518,-2.5314707309007645,-23.060370236635208,-0.038508061319589615,0.20240668952465057,-0.01020924560725689,100,OK,MAP_UPDATE,OK,VISUAL_INERTIAL
2890,1761211804559,0.01635811167943757,-2.4475783575326204,-23.448100313544273,-0.0387742705643177,0.19516003131866455,-0.009952394291758537,100,OK,MAP_UPDATE,OK,VISUAL_INERTIAL
2891,1761211804576,0.05216366480453871,-2.6082333642989397,-23.323632776737213,-0.03871756047010422,0.1858212649822235,-0.009753648191690445,100,OK,MAP_UPDATE,OK,VISUAL_INERTIAL
2892,1761211804593,0.3339670365676284,-2.7028860058635473,-23.590244352817535,-0.03870326280593872,0.17674364149570465,-0.009441305883228779,100,OK,MAP_UPDATE,OK,VISUAL_INERTIAL
2893,1761211804609,0.6098235608078539,-2.3432287853211164,-23.964328691363335,-0.03893332928419113,0.16838733851909637,-0.009311475791037083,100,OK,MAP_UPDATE,OK,VISUAL_INERTIAL
2894,1761211804626,0.8854688494466245,-1.9589955918490887,-24.255378171801567,-0.03914465382695198,0.15931278467178345,-0.009171166457235813,100,OK,MAP_UPDATE,OK,VISUAL_INERTIAL
2895,1761211804643,1.5821821289137006,-1.6165594570338726,-24.570100009441376,-0.03947732225060463,0.14771844446659088,-0.008811636827886105,100,OK,MAP_UPDATE,OK,VISUAL_INERTIAL
2896,1761211804659,2.598471939563751,-1.0106895351782441,-24.99851956963539,-0.03993649035692215,0.13354019820690155,-0.008491222746670246,100,OK,MAP_UPDATE,OK,VISUAL_INERTIAL
2897,1761211804676,3.4075987059623003,-0.815621460787952,-25.53102746605873,-0.040044572204351425,0.1183786392211914,-0.008321722969412804,100,OK,MAP_UPDATE,OK,VISUAL_INERTIAL
2898,1761211804693,3.7717788945883512,-0.8043269626796246,-25.967884808778763,-0.039961542934179306,0.1038833037018776,-0.008271043188869953,100,OK,MAP_UPDATE,OK,VISUAL_INERTIAL
2899,1761211804709,3.6365485284477472,-1.409447635523975,-26.373298838734627,-0.039522260427474976,0.08955089747905731,-0.008046519942581654,100,OK,MAP_UPDATE,OK,VISUAL_INERTIAL
2900,1761211804726,3.1025223433971405,-2.4028730113059282,-26.50560811161995,-0.038928937166929245,0.07401496917009354,-0.0077455975115299225,100,OK,MAP_UPDATE,OK,VISUAL_INERTIAL
2901,1761211804743,3.4426141064614058,-2.955707488581538,-26.72543376684189,-0.03864302486181259,0.057810649275779724,-0.007451897021383047,100,OK,MAP_UPDATE,OK,VISUAL_INERTIAL
2902,1761211804759,4.07682778313756,-3.048595506697893,-27.057329192757607,-0.03868395462632179,0.04183250293135643,-0.007196567486971617,100,OK,MAP_UPDATE,OK,VISUAL_INERTIAL
2903,1761211804776,4.118633456528187,-3.504154272377491,-27.439462020993233,-0.038506269454956055,0.02658025547862053,-0.006830738391727209,100,OK,MAP_UPDATE,OK,VISUAL_INERTIAL
2904,1761211804793,3.853636095300317,-3.689655102789402,-28.002141043543816,-0.03851405903697014,0.012194166891276836,-0.006527270190417767,100,OK,MAP_UPDATE,OK,VISUAL_INERTIAL
2905,1761211804809,3.9066108874976635,-3.3908190671354532,-28.607023879885674,-0.038776010274887085,-0.0011398611823096871,-0.006174871232360601,100,OK,MAP_UPDATE,OK,VISUAL_INERTIAL
2906,1761211804826,3.974560648202896,-3.219733713194728,-28.999153524637222,-0.03885221108794212,-0.014159895479679108,-0.0058570746332407,100,OK,MAP_UPDATE,OK,VISUAL_INERTIAL
2907,1761211804843,4.4434554874897,-2.9688531067222357,-29.329974204301834,-0.03901135176420212,-0.02718280628323555,-0.005477839149534702,100,OK,MAP_UPDATE,OK,VISUAL_INERTIAL
2908,1761211804859,5.0779371522367,-2.7250549755990505,-29.66720052063465,-0.03921150788664818,-0.04130973666906357,-0.005071715451776981,100,OK,MAP_UPDATE,OK,VISUAL_INERTIAL
2909,1761211804876,6.110686808824539,-2.6092487387359142,-29.73785065114498,-0.03927779570221901,-0.05624925345182419,-0.004609253723174334,100,OK,MAP_UPDATE,OK,VISUAL_INERTIAL
2910,1761211804893,7.031585555523634,-2.777412300929427,-29.979441314935684,-0.03920513391494751,-0.07149630039930344,-0.004264086484909058,100,OK,MAP_UPDATE,OK,VISUAL_INERTIAL
2911,1761211804909,7.658070418983698,-3.06488829664886,-30.09197860956192,-0.03906762972474098,-0.08663305640220642,-0.0039013875648379326,100,OK,MAP_UPDATE,OK,VISUAL_INERTIAL
2912,1761211804926,8.226330392062664,-3.4612957388162613,-30.22146038711071,-0.038828570395708084,-0.10224712640047073,-0.0035980534739792347,100,OK,MAP_UPDATE,OK,VISUAL_INERTIAL
2913,1761211804943,9.045785292983055,-3.9127077907323837,-30.344117432832718,-0.03852410241961479,-0.11914315819740295,-0.003177387174218893,100,OK,MAP_UPDATE,OK,VISUAL_INERTIAL
2914,1761211804959,10.210827924311161,-4.021888133138418,-30.58689646422863,-0.038469236344099045,-0.13744011521339417,-0.002719669369980693,100,OK,MAP_UPDATE,OK,VISUAL_INERTIAL
2915,1761211804976,10.7655618339777,-4.21105045825243,-30.8375246822834,-0.038267116993665695,-0.15581732988357544,-0.0022176799830049276,100,OK,MAP_UPDATE,OK,VISUAL_INERTIAL
2916,1761211804993,10.921156033873558,-4.357092082500458,-31.319402158260345,-0.03805600479245186,-0.17275184392929077,-0.001749748014844954,100,OK,MAP_UPDATE,OK,VISUAL_INERTIAL
2917,1761211805009,10.836418718099594,-4.819697700440884,-31.660672277212143,-0.03766639903187752,-0.18768097460269928,-0.0014401233056560159,100,OK,MAP_UPDATE,OK,VISUAL_INERTIAL
2918,1761211805026,10.763520374894142,-4.941391758620739,-32.052721828222275,-0.03754609823226929,-0.20195457339286804,-0.0010962857631966472,100,OK,MAP_UPDATE,OK,VISUAL_INERTIAL
2919,1761211805043,11.060410179197788,-5.025317892432213,-32.365165650844574,-0.03743661567568779,-0.21609410643577576,-0.0008382993401028216,100,OK,MAP_UPDATE,OK,VISUAL_INERTIAL
2920,1761211805059,11.70650776475668,-5.18305879086256,-32.565828412771225,-0.03729728236794472,-0.23031233251094818,-0.0004989725421182811,100,OK,MAP_UPDATE,OK,VISUAL_INERTIAL
2921,1761211805076,12.25151214748621,-5.216461140662432,-32.938987016677856,-0.03729043900966644,-0.2450181245803833,-0.0002622698957566172,100,OK,MAP_UPDATE,OK,VISUAL_INERTIAL
2922,1761211805093,13.093618676066399,-5.328563507646322,-33.37082266807556,-0.03731246292591095,-0.26008567214012146,-9.194220183417201e-05,100,OK,MAP_UPDATE,OK,VISUAL_INERTIAL
2923,1761211805109,14.209376648068428,-5.162913352251053,-33.615004271268845,-0.037513408809900284,-0.2760121524333954,7.31621403247118e-05,100,OK,MAP_UPDATE,OK,VISUAL_INERTIAL
2924,1761211805126,15.669398009777069,-4.654524847865105,-33.82778540253639,-0.03786427900195122,-0.29211199283599854,0.00030978908762335777,100,OK,MAP_UPDATE,OK,VISUAL_INERTIAL
2925,1761211805143,16.944043338298798,-3.749486990272999,-33.97896885871887,-0.03842531889677048,-0.30807849764823914,0.0005661724717356265,100,OK,MAP_UPDATE,OK,VISUAL_INERTIAL
2926,1761211805159,17.655793577432632,-3.392978571355343,-34.15868058800697,-0.03858981281518936,-0.3236595094203949,0.0010065343230962753,100,OK,MAP_UPDATE,OK,VISUAL_INERTIAL
2927,1761211805176,18.03082413971424,-3.199306083843112,-34.34646502137184,-0.03866522014141083,-0.3388780355453491,0.0013919734628871083,100,OK,MAP_UPDATE,OK,VISUAL_INERTIAL
2928,1761211805193,18.48025619983673,-3.229673719033599,-34.516382962465286,-0.0386754535138607,-0.3536653518676758,0.0016529851127415895,100,OK,MAP_UPDATE,OK,VISUAL_INERTIAL
2929,1761211805210,18.95090378820896,-3.1864659395068884,-34.662533551454544,-0.03872573748230934,-0.3679659366607666,0.0020773280411958694,100,OK,MAP_UPDATE,OK,VISUAL_INERTIAL
2930,1761211805226,19.100874662399292,-3.11348051764071,-34.82033684849739,-0.03878413140773773,-0.3815692663192749,0.0025590495206415653,100,OK,MAP_UPDATE,OK,VISUAL_INERTIAL
2931,1761211805243,19.14186403155327,-2.965254010632634,-35.02396121621132,-0.038844600319862366,-0.39396172761917114,0.0029106999281793833,100,OK,MAP_UPDATE,OK,VISUAL_INERTIAL
2932,1761211805259,19.307216629385948,-2.9895242769271135,-35.1184643805027,-0.038813963532447815,-0.405376136302948,0.003215297358110547,100,OK,MAP_UPDATE,OK,VISUAL_INERTIAL
2933,1761211805276,19.718172028660774,-2.9764471109956503,-35.25964170694351,-0.03877858817577362,-0.4168800115585327,0.0035429291892796755,100,OK,MAP_UPDATE,OK,VISUAL_INERTIAL
2934,1761211805293,20.274808630347252,-2.8912373818457127,-35.34847870469093,-0.038794949650764465,-0.42848652601242065,0.00385184190236032,100,OK,MAP_UPDATE,OK,VISUAL_INERTIAL
2935,1761211805309,20.836126059293747,-2.7494283858686686,-35.40864586830139,-0.038835201412439346,-0.43976202607154846,0.004174684174358845,100,OK,MAP_UPDATE,OK,VISUAL_INERTIAL
2936,1761211805326,21.273214370012283,-2.7629975229501724,-35.43360158801079,-0.038781747221946716,-0.45029112696647644,0.004381312523037195,100,OK,MAP_UPDATE,OK,VISUAL_INERTIAL
2937,1761211805343,21.562332287430763,-2.779860282316804,-35.39478778839111,-0.03869084268808365,-0.4599311053752899,0.004505421966314316,100,OK,MAP_UPDATE,OK,VISUAL_INERTIAL
2938,1761211805359,21.945225074887276,-2.6640510186553,-35.44009476900101,-0.03861680254340172,-0.46903082728385925,0.004743336699903011,100,OK,MAP_UPDATE,OK,VISUAL_INERTIAL
2939,1761211805376,22.440046072006226,-2.713895868510008,-35.51487252116203,-0.03851000592112541,-0.47826164960861206,0.004877048544585705,100,OK,MAP_UPDATE,OK,VISUAL_INERTIAL
2940,1761211805393,23.257937282323837,-2.706147264689207,-35.493213683366776,-0.03848300501704216,-0.4880264401435852,0.005025079473853111,100,OK,MAP_UPDATE,OK,VISUAL_INERTIAL
2941,1761211805409,23.988615721464157,-2.440201584249735,-35.43847054243088,-0.038612592965364456,-0.49885788559913635,0.005252966657280922,100,OK,MAP_UPDATE,OK,VISUAL_INERTIAL
2942,1761211805426,24.85816925764084,-2.2988663986325264,-35.377152264118195,-0.03866611048579216,-0.510616660118103,0.005443636327981949,100,OK,MAP_UPDATE,OK,VISUAL_INERTIAL
2943,1761211805443,25.52075684070587,-2.3133165668696165,-35.21622717380524,-0.03864658251404762,-0.5228060483932495,0.005634155590087175,100,OK,MAP_UPDATE,OK,VISUAL_INERTIAL
2944,1761211805459,26.194775477051735,-2.337468322366476,-35.13114154338837,-0.0386522114276886,-0.5359379649162292,0.005845780484378338,100,OK,MAP_UPDATE,OK,VISUAL_INERTIAL
2945,1761211805476,26.873525232076645,-2.251409227028489,-35.06836295127869,-0.03869658708572388,-0.5499914288520813,0.006248001474887133,100,OK,MAP_UPDATE,OK,VISUAL_INERTIAL
2946,1761211805493,27.347847819328308,-2.072335220873356,-34.99815613031387,-0.03882754221558571,-0.5641731023788452,0.006638685241341591,100,OK,MAP_UPDATE,OK,VISUAL_INERTIAL
2947,1761211805509,27.585724368691444,-1.9268891774117947,-35.05963459610939,-0.038880083709955215,-0.5781264305114746,0.007075775880366564,100,OK,MAP_UPDATE,OK,VISUAL_INERTIAL
2948,1761211805526,27.6274885982275,-1.7633046954870224,-35.215865820646286,-0.03885897248983383,-0.5912052392959595,0.007412525825202465,100,OK,MAP_UPDATE,OK,VISUAL_INERTIAL
2949,1761211805543,27.631545439362526,-1.7155212117359042,-35.368356853723526,-0.03879179432988167,-0.6031615138053894,0.007754699792712927,100,OK,MAP_UPDATE,OK,VISUAL_INERTIAL
2950,1761211805559,27.684073895215988,-1.6120480140671134,-35.6050506234169,-0.038769811391830444,-0.6140679121017456,0.008149725385010242,100,OK,MAP_UPDATE,OK,VISUAL_INERTIAL
2951,1761211805576,27.649758383631706,-1.6256714006885886,-35.9642393887043,-0.03872197866439819,-0.6242319345474243,0.008549757301807404,100,OK,MAP_UPDATE,OK,VISUAL_INERTIAL
2952,1761211805593,27.846090495586395,-1.7582731088623405,-36.421362310647964,-0.038690004497766495,-0.6337524652481079,0.008826724253594875,100,OK,MAP_UPDATE,OK,VISUAL_INERTIAL
2953,1761211805609,28.463657945394516,-1.48913380689919,-36.619096994400024,-0.03885681927204132,-0.6422434449195862,0.009210116229951382,100,OK,MAP_UPDATE,OK,VISUAL_INERTIAL
2954,1761211805626,28.772402554750443,-1.4993005897849798,-36.86986118555069,-0.038893695920705795,-0.6503399610519409,0.009409675374627113,100,OK,MAP_UPDATE,OK,VISUAL_INERTIAL
2955,1761211805643,29.093539342284203,-1.7321822233498096,-37.065837532281876,-0.03883696347475052,-0.6579310297966003,0.009523826651275158,100,OK,MAP_UPDATE,OK,VISUAL_INERTIAL
2956,1761211805659,29.48201633989811,-1.9486872479319572,-37.054359912872314,-0.03877174109220505,-0.6652563810348511,0.009646059013903141,100,OK,MAP_UPDATE,OK,VISUAL_INERTIAL
2957,1761211805676,29.862383380532265,-2.007808769121766,-37.042923271656036,-0.03874572739005089,-0.6723504662513733,0.009802501648664474,100,OK,MAP_UPDATE,OK,VISUAL_INERTIAL
2958,1761211805693,30.236152932047844,-2.028378425166011,-36.8913933634758,-0.038750357925891876,-0.6792365312576294,0.010025599040091038,100,OK,MAP_UPDATE,OK,VISUAL_INERTIAL
2959,1761211805709,30.532533302903175,-2.0508028101176023,-36.6775207221508,-0.03864390775561333,-0.6858411431312561,0.010218324139714241,100,OK,MAP_UPDATE,OK,VISUAL_INERTIAL
2960,1761211805726,30.705293640494347,-1.9660235848277807,-36.56461089849472,-0.03856128454208374,-0.6921180486679077,0.010394140146672726,100,OK,MAP_UPDATE,OK,VISUAL_INERTIAL
2961,1761211805743,30.87877668440342,-1.9811035599559546,-36.28819063305855,-0.0384179912507534,-0.6975453495979309,0.010476447641849518,100,OK,MAP_UPDATE,OK,VISUAL_INERTIAL
2962,1761211805759,30.92750534415245,-1.8844237783923745,-36.22455149888992,-0.03836704045534134,-0.7020470499992371,0.010522214695811272,100,OK,MAP_UPDATE,OK,VISUAL_INERTIAL
2963,1761211805776,30.83067759871483,-1.8194677541032434,-36.25631332397461,-0.03830866515636444,-0.7048235535621643,0.010607885196805,100,OK,MAP_UPDATE,OK,VISUAL_INERTIAL
2964,1761211805793,30.6536927819252,-1.661290298216045,-36.43859177827835,-0.038356661796569824,-0.7059930562973022,0.010684705339372158,100,OK,MAP_UPDATE,OK,VISUAL_INERTIAL
2965,1761211805810,30.40502220392227,-1.5910074580460787,-36.51944175362587,-0.03841419517993927,-0.7061152458190918,0.010706153698265553,100,OK,MAP_UPDATE,OK,VISUAL_INERTIAL
2966,1761211805826,30.44922836124897,-1.5125408535823226,-36.533549427986145,-0.03853783383965492,-0.7060843110084534,0.01069289818406105,100,OK,MAP_UPDATE,OK,VISUAL_INERTIAL
2967,1761211805843,30.599091202020645,-1.5469095669686794,-36.5104079246521,-0.038596559315919876,-0.7060549259185791,0.010587234050035477,100,OK,MAP_UPDATE,OK,VISUAL_INERTIAL
2968,1761211805860,30.904538929462433,-1.5230770222842693,-36.41827031970024,-0.03867160528898239,-0.7060139775276184,0.010441891849040985,100,OK,MAP_UPDATE,OK,VISUAL_INERTIAL
2969,1761211805876,31.14689141511917,-1.565049635246396,-36.32868826389313,-0.03864819556474686,-0.7059048414230347,0.010296727530658245,100,OK,MAP_UPDATE,OK,VISUAL_INERTIAL
2970,1761211805893,31.29854053258896,-1.5366034349426627,-36.15989536046982,-0.03862741217017174,-0.7054821252822876,0.010228858329355717,100,OK,MAP_UPDATE,OK,VISUAL_INERTIAL
2971,1761211805909,31.2739759683609,-1.5486464835703373,-36.150407046079636,-0.038566384464502335,-0.7042225003242493,0.010179168544709682,100,OK,MAP_UPDATE,OK,VISUAL_INERTIAL
2972,1761211805926,31.002342700958252,-1.656299107708037,-36.15294769406319,-0.03840939328074455,-0.7017848491668701,0.0101336520165205,100,OK,MAP_UPDATE,OK,VISUAL_INERTIAL
2973,1761211805943,30.87296150624752,-1.8606765661388636,-36.08126938343048,-0.03826757147908211,-0.6990548372268677,0.010058321990072727,100,OK,MAP_UPDATE,OK,VISUAL_INERTIAL
2974,1761211805960,30.77051043510437,-1.9811876118183136,-36.03566065430641,-0.038169678300619125,-0.6961749792098999,0.010009859688580036,100,OK,MAP_UPDATE,OK,VISUAL_INERTIAL
2975,1761211805976,30.72165511548519,-1.9911599811166525,-36.01204603910446,-0.038170404732227325,-0.6927713751792908,0.009975972585380077,100,OK,MAP_UPDATE,OK,VISUAL_INERTIAL
2976,1761211805993,30.573150143027306,-2.0772095303982496,-36.0000804066658,-0.03814156353473663,-0.6883297562599182,0.009818164631724358,100,OK,MAP_UPDATE,OK,VISUAL_INERTIAL
2977,1761211806010,30.245764181017876,-2.110410947352648,-36.17377579212189,-0.03817487508058548,-0.6822816133499146,0.009679744951426983,100,OK,MAP_UPDATE,OK,VISUAL_INERTIAL
2978,1761211806026,29.845966026186943,-2.159502822905779,-36.28626838326454,-0.038236282765865326,-0.6750547885894775,0.009561722166836262,100,OK,MAP_UPDATE,OK,VISUAL_INERTIAL
2979,1761211806043,29.48155254125595,-2.244693925604224,-36.467257887125015,-0.03833385929465294,-0.6673454642295837,0.009348800405859947,100,OK,MAP_UPDATE,OK,VISUAL_INERTIAL
2980,1761211806060,29.275648295879364,-2.229087520390749,-36.57912462949753,-0.038471467792987823,-0.659334123134613,0.009133357554674149,100,OK,MAP_UPDATE,OK,VISUAL_INERTIAL
2981,1761211806076,29.13682535290718,-2.0723040215671062,-36.63645684719086,-0.038663871586322784,-0.6515810489654541,0.008954096585512161,100,OK,MAP_UPDATE,OK,VISUAL_INERTIAL
2982,1761211806093,29.014378786087036,-1.996879931539297,-36.60165145993233,-0.038776714354753494,-0.6440221071243286,0.008687121793627739,100,OK,MAP_UPDATE,OK,VISUAL_INERTIAL
2983,1761211806109,28.99772673845291,-1.980084227398038,-36.42086684703827,-0.03875356540083885,-0.6366057991981506,0.008423266001045704,100,OK,MAP_UPDATE,OK,VISUAL_INERTIAL
2984,1761211806126,28.87473627924919,-1.925343764014542,-36.3035686314106,-0.03871988505125046,-0.6290386915206909,0.008223393931984901,100,OK,MAP_UPDATE,OK,VISUAL_INERTIAL
2985,1761211806143,28.60257588326931,-1.9223690032958984,-36.13212704658508,-0.038629092276096344,-0.6208366751670837,0.00801041442900896,100,OK,MAP_UPDATE,OK,VISUAL_INERTIAL
2986,1761211806159,28.34068052470684,-1.915218192152679,-35.933613777160645,-0.03855520859360695,-0.6119976043701172,0.007837578654289246,100,OK,MAP_UPDATE,OK,VISUAL_INERTIAL
2987,1761211806176,28.042420744895935,-2.0115829538553953,-35.843268036842346,-0.038512926548719406,-0.6029049158096313,0.007577156648039818,100,OK,MAP_UPDATE,OK,VISUAL_INERTIAL
2988,1761211806193,27.75123156607151,-2.12904647924006,-35.843923687934875,-0.03859177231788635,-0.593888521194458,0.007325323764234781,100,OK,MAP_UPDATE,OK,VISUAL_INERTIAL
2989,1761211806209,27.513621374964714,-2.195868641138077,-35.856686532497406,-0.03872304409742355,-0.5851174592971802,0.007118487264961004,100,OK,MAP_UPDATE,OK,VISUAL_INERTIAL
2990,1761211806226,27.335936203598976,-2.2392207756638527,-35.87346151471138,-0.038903821259737015,-0.5762962102890015,0.006783706601709127,100,OK,MAP_UPDATE,OK,VISUAL_INERTIAL
2991,1761211806243,27.036305516958237,-2.2217254154384136,-35.928789526224136,-0.0390806682407856,-0.5668653845787048,0.00650464603677392,100,OK,MAP_UPDATE,OK,VISUAL_INERTIAL
2992,1761211806259,26.603417471051216,-2.0136877428740263,-36.09456866979599,-0.03929833322763443,-0.5561962723731995,0.006249246187508106,100,OK,MAP_UPDATE,OK,VISUAL_INERTIAL
2993,1761211806276,25.934727862477303,-1.7836370971053839,-36.301977932453156,-0.03945428505539894,-0.5436562299728394,0.005911448039114475,100,OK,MAP_UPDATE,OK,VISUAL_INERTIAL
2994,1761211806293,25.213487446308136,-1.660097623243928,-36.51756048202515,-0.03952443599700928,-0.5292266011238098,0.005558081902563572,100,OK,MAP_UPDATE,OK,VISUAL_INERTIAL
2995,1761211806309,24.493642151355743,-1.6161364037543535,-36.679707467556,-0.03956246003508568,-0.5144977569580078,0.0052354782819747925,100,OK,MAP_UPDATE,OK,VISUAL_INERTIAL
2996,1761211806326,23.912683129310608,-1.6241546254605055,-36.51875630021095,-0.03963802382349968,-0.5000001192092896,0.004871040116995573,100,OK,MAP_UPDATE,OK,VISUAL_INERTIAL
2997,1761211806343,23.628907278180122,-1.603731419891119,-36.26476600766182,-0.03977052494883537,-0.4862715005874634,0.004463906865566969,100,OK,MAP_UPDATE,OK,VISUAL_INERTIAL
2998,1761211806359,23.331156000494957,-1.4883785042911768,-36.10891103744507,-0.039948225021362305,-0.47282350063323975,0.004015082959085703,100,OK,MAP_UPDATE,OK,VISUAL_INERTIAL
2999,1761211806376,22.82598800957203,-1.4174912357702851,-35.60413420200348,-0.04007231071591377,-0.4585346281528473,0.003585416590794921,100,OK,MAP_UPDATE,OK,VISUAL_INERTIAL
3000,1761211806393,22.098716348409653,-1.4138869009912014,-35.669080913066864,-0.04013046994805336,-0.442970335483551,0.003141502384096384,100,OK,MAP_UPDATE,OK,VISUAL_INERTIAL
3001,1761211806409,21.31648175418377,-1.241272664628923,-35.68130359053612,-0.04034007340669632,-0.42694738507270813,0.0027626233641058207,100,OK,MAP_UPDATE,OK,VISUAL_INERTIAL
3002,1761211806426,20.868830382823944,-1.2529368977993727,-35.62772274017334,-0.040447283536195755,-0.41165196895599365,0.002328858245164156,100,OK,MAP_UPDATE,OK,VISUAL_INERTIAL
3003,1761211806443,20.56821435689926,-1.3336462434381247,-35.19489988684654,-0.04048088192939758,-0.39750808477401733,0.002022173721343279,100,OK,MAP_UPDATE,OK,VISUAL_INERTIAL
3004,1761211806459,20.212356001138687,-1.5935342526063323,-34.95108708739281,-0.04032917320728302,-0.3838934898376465,0.001728320843540132,100,OK,MAP_UPDATE,OK,VISUAL_INERTIAL
3005,1761211806476,19.604910165071487,-1.9143805839121342,-34.81060266494751,-0.04011281207203865,-0.37006875872612,0.0014257209841161966,100,OK,MAP_UPDATE,OK,VISUAL_INERTIAL
3006,1761211806493,18.79635453224182,-2.204316668212414,-34.72499176859856,-0.039903588593006134,-0.3558011054992676,0.0011812642915174365,100,OK,MAP_UPDATE,OK,VISUAL_INERTIAL
3007,1761211806509,18.08123290538788,-2.4474940728396177,-34.704357385635376,-0.03982804715633392,-0.34151750802993774,0.0009303647093474865,100,OK,MAP_UPDATE,OK,VISUAL_INERTIAL
3008,1761211806526,17.627332359552383,-2.496880479156971,-34.66455638408661,-0.03998185321688652,-0.32777437567710876,0.0006580298068001866,100,OK,MAP_UPDATE,OK,VISUAL_INERTIAL
3009,1761211806543,17.091674730181694,-2.652307040989399,-34.858837723731995,-0.04017067328095436,-0.3144647777080536,0.0004612210323102772,100,OK,MAP_UPDATE,OK,VISUAL_INERTIAL
3010,1761211806559,16.42840728163719,-2.6255559641867876,-34.889549016952515,-0.04039756581187248,-0.30035725235939026,0.00023498393420595676,100,OK,MAP_UPDATE,OK,VISUAL_INERTIAL
3011,1761211806576,15.525490045547485,-2.700131619349122,-35.02298146486282,-0.04049491882324219,-0.28484976291656494,-0.00014805908722337335,100,OK,MAP_UPDATE,OK,VISUAL_INERTIAL
3012,1761211806593,14.55443911254406,-2.746383659541607,-34.96590256690979,-0.04054606333374977,-0.26832571625709534,-0.0005929138278588653,100,OK,MAP_UPDATE,OK,VISUAL_INERTIAL
3013,1761211806609,13.711425475776196,-2.8297891840338707,-34.77705270051956,-0.04051925614476204,-0.25137630105018616,-0.0009515279089100659,100,OK,MAP_UPDATE,OK,VISUAL_INERTIAL
3014,1761211806626,13.0381528288126,-2.9861987568438053,-34.506574273109436,-0.04048864170908928,-0.23460078239440918,-0.0013428280362859368,100,OK,MAP_UPDATE,OK,VISUAL_INERTIAL
3015,1761211806643,12.343666516244411,-3.173400415107608,-34.19424220919609,-0.04041934758424759,-0.21779386699199677,-0.001731876633130014,100,OK,MAP_UPDATE,OK,VISUAL_INERTIAL
3016,1761211806659,11.357026174664497,-3.3974971156567335,-33.94711762666702,-0.040281981229782104,-0.20042186975479126,-0.0021816547960042953,100,OK,MAP_UPDATE,OK,VISUAL_INERTIAL
3017,1761211806676,10.501707904040813,-3.5741464234888554,-33.772990107536316,-0.04024112969636917,-0.18197347223758698,-0.00272379326634109,100,OK,MAP_UPDATE,OK,VISUAL_INERTIAL
3018,1761211806693,9.675741195678711,-3.632097039371729,-33.51742401719093,-0.04029177501797676,-0.1627969890832901,-0.003160816850140691,100,OK,MAP_UPDATE,OK,VISUAL_INERTIAL
3019,1761211806709,9.002894163131714,-3.943909890949726,-33.2370400428772,-0.04019703343510628,-0.14353330433368683,-0.0036509553901851177,100,OK,MAP_UPDATE,OK,VISUAL_INERTIAL
3020,1761211806726,8.695758879184723,-4.119702614843845,-32.76284784078598,-0.04014728590846062,-0.12450972199440002,-0.0041783759370446205,100,OK,MAP_UPDATE,OK,VISUAL_INERTIAL
3021,1761211806743,7.933685556054115,-4.437908064574003,-32.22154080867767,-0.0399695560336113,-0.10587960481643677,-0.004682300612330437,100,OK,MAP_UPDATE,OK,VISUAL_INERTIAL
3022,1761211806759,6.863913498818874,-4.46502398699522,-31.719818711280823,-0.039928533136844635,-0.08696829527616501,-0.004971600603312254,100,OK,MAP_UPDATE,OK,VISUAL_INERTIAL
3023,1761211806776,5.747996736317873,-4.5112185180187225,-31.317725777626038,-0.03992500528693199,-0.06733956933021545,-0.0054840873926877975,100,OK,MAP_UPDATE,OK,VISUAL_INERTIAL
3024,1761211806793,4.644779488444328,-4.564325790852308,-30.953509733080864,-0.039937764406204224,-0.04742889478802681,-0.0061150346882641315,100,OK,MAP_UPDATE,OK,VISUAL_INERTIAL
3025,1761211806809,3.844598075374961,-4.7499677166342735,-30.627580359578133,-0.03993108123540878,-0.02833455242216587,-0.006566200405359268,100,OK,MAP_UPDATE,OK,VISUAL_INERTIAL
3026,1761211806826,3.4852514509111643,-4.96276980265975,-30.12637048959732,-0.039898354560136795,-0.009798496030271053,-0.0070047760382294655,100,OK,MAP_UPDATE,OK,VISUAL_INERTIAL
3027,1761211806843,3.3816280774772167,-5.100168753415346,-29.591795057058334,-0.039805058389902115,0.008696239441633224,-0.0074403067119419575,100,OK,MAP_UPDATE,OK,VISUAL_INERTIAL
3028,1761211806859,2.7987940702587366,-5.169079639017582,-29.07566726207733,-0.039733219891786575,0.027589954435825348,-0.007756712846457958,100,OK,MAP_UPDATE,OK,VISUAL_INERTIAL
3029,1761211806876,2.191541949287057,-5.28789684176445,-28.40729057788849,-0.03957715258002281,0.04752197116613388,-0.008282763883471489,100,OK,MAP_UPDATE,OK,VISUAL_INERTIAL
3030,1761211806893,1.3643541606143117,-5.481334403157234,-27.937233448028564,-0.039458971470594406,0.06809045374393463,-0.008695789612829685,100,OK,MAP_UPDATE,OK,VISUAL_INERTIAL
3031,1761211806909,0.36540417931973934,-6.049893330782652,-27.37065777182579,-0.03915856033563614,0.08839460462331772,-0.009055368602275848,100,OK,MAP_UPDATE,OK,VISUAL_INERTIAL
3032,1761211806926,0.3741454565897584,-5.893625784665346,-27.02309936285019,-0.03946898877620697,0.10867984592914581,-0.009554672054946423,100,OK,MAP_UPDATE,OK,VISUAL_INERTIAL
3033,1761211806943,0.3086925426032394,-5.479368381202221,-26.663288474082947,-0.039954811334609985,0.12827178835868835,-0.010040808469057083,100,OK,MAP_UPDATE,OK,VISUAL_INERTIAL
3034,1761211806959,0.610685208812356,-4.870232660323381,-26.35795623064041,-0.040496423840522766,0.14763344824314117,-0.010532950982451439,100,OK,MAP_UPDATE,OK,VISUAL_INERTIAL
3035,1761211806976,0.3995420993305743,-3.3197198063135147,-26.376979425549507,-0.04156302288174629,0.16638977825641632,-0.011091374792158604,100,OK,MAP_UPDATE,OK,VISUAL_INERTIAL
3036,1761211806993,0.47675101086497307,-2.221901435405016,-25.734668597579002,-0.042171791195869446,0.18506723642349243,-0.011564320884644985,100,OK,MAP_UPDATE,OK,VISUAL_INERTIAL
3037,1761211807009,0.5874760099686682,-1.3083007652312517,-25.12509375810623,-0.04257578402757645,0.20308110117912292,-0.011940712109208107,100,OK,MAP_UPDATE,OK,VISUAL_INERTIAL
3038,1761211807026,0.6477488204836845,-0.5762820946983993,-24.593139067292213,-0.04291323572397232,0.22020453214645386,-0.012207298539578915,100,OK,MAP_UPDATE,OK,VISUAL_INERTIAL
3039,1761211807043,0.5355727626010776,0.38173640496097505,-24.397797882556915,-0.043464500457048416,0.236238032579422,-0.012478495016694069,100,OK,MAP_UPDATE,OK,VISUAL_INERTIAL
3040,1761211807059,0.47640438424423337,1.3291890500113368,-24.188611656427383,-0.04398893192410469,0.2517907917499542,-0.012804223224520683,100,OK,MAP_UPDATE,OK,VISUAL_INERTIAL
3041,1761211807076,0.21602469496428967,1.8332042964175344,-23.70113506913185,-0.04427769035100937,0.26710763573646545,-0.013171643018722534,100,OK,MAP_UPDATE,OK,VISUAL_INERTIAL
3042,1761211807093,-0.23670747759751976,1.913258689455688,-23.23577180504799,-0.04435832053422928,0.2827779948711395,-0.013620426878333092,100,OK,MAP_UPDATE,OK,VISUAL_INERTIAL
3043,1761211807109,-0.8981105056591332,1.850301749072969,-22.758593782782555,-0.04435158520936966,0.2989749312400818,-0.014064585790038109,100,OK,MAP_UPDATE,OK,VISUAL_INERTIAL
3044,1761211807126,-1.8366604344919324,1.372265862300992,-22.16118946671486,-0.04411378130316734,0.315624475479126,-0.0143928537145257,100,OK,MAP_UPDATE,OK,VISUAL_INERTIAL
3045,1761211807143,-2.706709783524275,1.077248714864254,-21.402794867753983,-0.043970659375190735,0.33283406496047974,-0.014785564504563808,100,OK,MAP_UPDATE,OK,VISUAL_INERTIAL
3046,1761211807159,-3.5023330710828304,0.7207570015452802,-20.68021334707737,-0.043765150010585785,0.35058829188346863,-0.01522932481020689,100,OK,MAP_UPDATE,OK,VISUAL_INERTIAL
3047,1761211807176,-3.5023330710828304,0.7207570015452802,-20.68021334707737,-0.043765150010585785,0.35058829188346863,-0.01522932481020689,100,OK,MAP_UPDATE,OK,VISUAL_INERTIAL
3048,1761211807193,-4.896430764347315,0.5350816063582897,-19.154924899339676,-0.0434630922973156,0.387062132358551,-0.015973545610904694,100,OK,MAP_UPDATE,OK,VISUAL_INERTIAL
3049,1761211807210,-4.7248005867004395,0.23203664750326425,-18.548578023910522,-0.043114133179187775,0.40586239099502563,-0.016494663432240486,100,OK,MAP_UPDATE,OK,VISUAL_INERTIAL
3050,1761211807226,-5.153757520020008,-0.08280771726276726,-17.82291755080223,-0.04283833131194115,0.4236316382884979,-0.016883721575140953,100,OK,MAP_UPDATE,OK,VISUAL_INERTIAL
3051,1761211807243,-5.246120970696211,0.05610078733297996,-17.300492152571678,-0.04285302758216858,0.4413876533508301,-0.017245374619960785,100,OK,MAP_UPDATE,OK,VISUAL_INERTIAL
3052,1761211807259,-5.487662274390459,0.09056270209839568,-16.772523522377014,-0.04286549612879753,0.4582005441188812,-0.017518358305096626,100,OK,MAP_UPDATE,OK,VISUAL_INERTIAL
3053,1761211807276,-5.472046788781881,0.136027330881916,-16.34986884891987,-0.04294780269265175,0.47409787774086,-0.017900746315717697,100,OK,MAP_UPDATE,OK,VISUAL_INERTIAL
3054,1761211807293,-5.7326918467879295,0.1739323779474944,-16.00516401231289,-0.043020330369472504,0.4890247583389282,-0.01835455745458603,100,OK,MAP_UPDATE,OK,VISUAL_INERTIAL
3055,1761211807309,-6.075831595808268,0.1693354279268533,-15.616501681506634,-0.04311622679233551,0.5038934350013733,-0.018680555745959282,100,OK,MAP_UPDATE,OK,VISUAL_INERTIAL
3056,1761211807326,-6.702769082039595,0.12514942500274628,-14.914828352630138,-0.043039556592702866,0.5189849138259888,-0.018922919407486916,100,OK,MAP_UPDATE,OK,VISUAL_INERTIAL
3057,1761211807343,-7.339026313275099,0.13724165910389274,-14.251957647502422,-0.04284178465604782,0.5345378518104553,-0.01945795863866806,100,OK,MAP_UPDATE,OK,VISUAL_INERTIAL
3058,1761211807359,-7.933875545859337,-0.10345554619561881,-13.377373106777668,-0.04247819632291794,0.550435483455658,-0.019846517592668533,100,OK,MAP_UPDATE,OK,VISUAL_INERTIAL
3059,1761211807376,-8.34741722792387,-0.24941092124208808,-12.541769072413445,-0.04220961406826973,0.5664467215538025,-0.020276319235563278,100,OK,MAP_UPDATE,OK,VISUAL_INERTIAL
3060,1761211807393,-8.586936630308628,-0.5004129488952458,-12.104261666536331,-0.04198252409696579,0.5821195840835571,-0.020613156259059906,100,OK,MAP_UPDATE,OK,VISUAL_INERTIAL
3061,1761211807409,-8.721377700567245,-0.6069854716770351,-11.833388358354568,-0.04190206155180931,0.5972095131874084,-0.021047208458185196,100,OK,MAP_UPDATE,OK,VISUAL_INERTIAL
3062,1761211807426,-9.010200388729572,-0.8092589559964836,-11.677306145429611,-0.0417652428150177,0.6117020845413208,-0.021482713520526886,100,OK,MAP_UPDATE,OK,VISUAL_INERTIAL
3063,1761211807443,-9.196080267429352,-0.9947170037776232,-11.500373482704163,-0.04173309728503227,0.6264587640762329,-0.021916229277849197,100,OK,MAP_UPDATE,OK,VISUAL_INERTIAL
3064,1761211807459,-9.471996687352657,-1.0761504527181387,-11.082757264375687,-0.04161328449845314,0.6414573788642883,-0.022361310198903084,100,OK,MAP_UPDATE,OK,VISUAL_INERTIAL
3065,1761211807476,-9.705019183456898,-1.212499337270856,-10.68137213587761,-0.04150334373116493,0.6565737128257751,-0.022721106186509132,100,OK,MAP_UPDATE,OK,VISUAL_INERTIAL
3066,1761211807493,-9.879029355943203,-1.2488613137975335,-10.15415694564581,-0.04141116142272949,0.6712548136711121,-0.023059362545609474,100,OK,MAP_UPDATE,OK,VISUAL_INERTIAL
3067,1761211807509,-9.822273626923561,-1.2882677838206291,-9.670456871390343,-0.04134949669241905,0.6845629215240479,-0.023318152874708176,100,OK,MAP_UPDATE,OK,VISUAL_INERTIAL
3068,1761211807526,-9.795834310352802,-1.1876679491251707,-9.023865684866905,-0.04140092432498932,0.6969677805900574,-0.023548545315861702,100,OK,MAP_UPDATE,OK,VISUAL_INERTIAL
3069,1761211807543,-9.746705181896687,-1.336308429017663,-8.486390113830566,-0.0412408821284771,0.7086398601531982,-0.023784922435879707,100,OK,MAP_UPDATE,OK,VISUAL_INERTIAL
3070,1761211807559,-10.00377256423235,-1.6801445744931698,-7.917194627225399,-0.040848009288311005,0.7200853824615479,-0.024086346849799156,100,OK,MAP_UPDATE,OK,VISUAL_INERTIAL
3071,1761211807576,-10.226213373243809,-2.1434584632515907,-7.565164007246494,-0.040380001068115234,0.73170006275177,-0.024424631148576736,100,OK,MAP_UPDATE,OK,VISUAL_INERTIAL
3072,1761211807593,-10.462798178195953,-2.282471628859639,-6.7424289882183075,-0.040044307708740234,0.7431581616401672,-0.024856261909008026,100,OK,MAP_UPDATE,OK,VISUAL_INERTIAL
3073,1761211807609,-10.674845427274704,-2.5424794293940067,-5.910651292651892,-0.03968887776136398,0.754397988319397,-0.025231020525097847,100,OK,MAP_UPDATE,OK,VISUAL_INERTIAL
3074,1761211807626,-10.795162990689278,-2.775561762973666,-5.383559502661228,-0.039502065628767014,0.7652266025543213,-0.025651419535279274,100,OK,MAP_UPDATE,OK,VISUAL_INERTIAL
3075,1761211807643,-10.871080681681633,-2.8086432721465826,-4.94952080771327,-0.039488550275564194,0.7757824659347534,-0.025948170572519302,100,OK,MAP_UPDATE,OK,VISUAL_INERTIAL
3076,1761211807659,-10.945841670036316,-2.7135824784636497,-4.543851129710674,-0.039549414068460464,0.7862342000007629,-0.026185475289821625,100,OK,MAP_UPDATE,OK,VISUAL_INERTIAL
3077,1761211807676,-10.967492125928402,-3.15341935493052,-4.171167965978384,-0.039304398000240326,0.7967463731765747,-0.02630714885890484,100,OK,MAP_UPDATE,OK,VISUAL_INERTIAL
3078,1761211807693,-10.99766232073307,-3.42113571241498,-3.867038991302252,-0.039112307131290436,0.8072505593299866,-0.026485979557037354,100,OK,MAP_UPDATE,OK,VISUAL_INERTIAL
3079,1761211807709,-10.938250459730625,-3.5537907388061285,-3.4395938273519278,-0.03894919157028198,0.8175539970397949,-0.026706766337156296,100,OK,MAP_UPDATE,OK,VISUAL_INERTIAL
3080,1761211807726,-10.888580232858658,-3.720291191712022,-3.1625060364603996,-0.0387735478579998,0.8274592757225037,-0.026951979845762253,100,OK,MAP_UPDATE,OK,VISUAL_INERTIAL
3081,1761211807743,-10.762734338641167,-3.887283382937312,-2.846449613571167,-0.03865140676498413,0.8362362384796143,-0.027083545923233032,100,OK,MAP_UPDATE,OK,VISUAL_INERTIAL
3082,1761211807759,-10.664492845535278,-3.985355142503977,-2.716250019147992,-0.03863764554262161,0.8437238335609436,-0.027200348675251007,100,OK,MAP_UPDATE,OK,VISUAL_INERTIAL
3083,1761211807776,-10.627818293869495,-4.065068904310465,-2.470045816153288,-0.03863190859556198,0.849930465221405,-0.027211785316467285,100,OK,MAP_UPDATE,OK,VISUAL_INERTIAL
3084,1761211807793,-10.610016994178295,-4.054262302815914,-2.2124319802969694,-0.038672469556331635,0.8548876643180847,-0.027321912348270416,100,OK,MAP_UPDATE,OK,VISUAL_INERTIAL
3085,1761211807809,-10.610016994178295,-4.054262302815914,-2.2124319802969694,-0.038672469556331635,0.8548876643180847,-0.027321912348270416,100,OK,MAP_UPDATE,OK,VISUAL_INERTIAL
3086,1761211807826,-10.456934571266174,-4.101847298443317,-2.146996557712555,-0.03866887837648392,0.8617612719535828,-0.027597978711128235,100,OK,MAP_UPDATE,OK,VISUAL_INERTIAL
3087,1761211807843,-10.792412795126438,-4.515866283327341,-1.4745569787919521,-0.03834887221455574,0.8634433150291443,-0.027721088379621506,100,OK,MAP_UPDATE,OK,VISUAL_INERTIAL
3088,1761211807859,-10.731668211519718,-4.6157231554389,-1.3450098922476172,-0.038263868540525436,0.8645941019058228,-0.027912046760320663,100,OK,MAP_UPDATE,OK,VISUAL_INERTIAL
3089,1761211807876,-10.597107000648975,-4.679942969232798,-1.39062840025872,-0.03822255879640579,0.8650478720664978,-0.028008338063955307,100,OK,MAP_UPDATE,OK,VISUAL_INERTIAL
3090,1761211807893,-10.508671402931213,-4.6706111170351505,-1.4700053725391626,-0.03828044235706329,0.8649450540542603,-0.028105363249778748,100,OK,MAP_UPDATE,OK,VISUAL_INERTIAL
3091,1761211807909,-10.49339585006237,-4.67781163752079,-1.5153713757172227,-0.038312602788209915,0.8642398118972778,-0.028177188709378242,100,OK,MAP_UPDATE,OK,VISUAL_INERTIAL
3092,1761211807926,-10.738412849605083,-4.891586489975452,-1.6032219864428043,-0.038205161690711975,0.8625125288963318,-0.028127938508987427,100,OK,MAP_UPDATE,OK,VISUAL_INERTIAL
3093,1761211807943,-10.810703039169312,-4.925207234919071,-1.7681256867945194,-0.038210052996873856,0.859703779220581,-0.02811923809349537,100,OK,MAP_UPDATE,OK,VISUAL_INERTIAL
3094,1761211807959,-10.86216140538454,-4.96124429628253,-1.9847298972308636,-0.03825104609131813,0.8555766344070435,-0.028016258031129837,100,OK,MAP_UPDATE,OK,VISUAL_INERTIAL
3095,1761211807976,-10.829327628016472,-5.003421101719141,-2.274853875860572,-0.03831561654806137,0.8501906991004944,-0.02787705324590206,100,OK,MAP_UPDATE,OK,VISUAL_INERTIAL
3096,1761211807993,-10.857881046831608,-5.025449674576521,-2.6183067820966244,-0.038388680666685104,0.8435435891151428,-0.027753222733736038,100,OK,MAP_UPDATE,OK,VISUAL_INERTIAL
3097,1761211808009,-10.788854211568832,-4.883475136011839,-2.9681615997105837,-0.038509711623191833,0.8358402848243713,-0.027653619647026062,100,OK,MAP_UPDATE,OK,VISUAL_INERTIAL
3098,1761211808026,-10.70968247950077,-4.897473379969597,-3.4124793019145727,-0.03848673775792122,0.8270930647850037,-0.02748936228454113,100,OK,MAP_UPDATE,OK,VISUAL_INERTIAL
3099,1761211808043,-10.58218628168106,-4.903723485767841,-3.881600685417652,-0.03844123333692551,0.8173118829727173,-0.027378929778933525,100,OK,MAP_UPDATE,OK,VISUAL_INERTIAL
3100,1761211808059,-10.604020208120346,-4.954247269779444,-4.185470286756754,-0.03838415816426277,0.8067498803138733,-0.027205271646380424,100,OK,MAP_UPDATE,OK,VISUAL_INERTIAL
3101,1761211808076,-10.629968717694283,-4.905006382614374,-4.6118684113025665,-0.03846407309174538,0.795230507850647,-0.027035953477025032,100,OK,MAP_UPDATE,OK,VISUAL_INERTIAL
3102,1761211808093,-10.55215671658516,-4.964794032275677,-5.22336782887578,-0.03857533633708954,0.7829329371452332,-0.02678556554019451,100,OK,MAP_UPDATE,OK,VISUAL_INERTIAL
3103,1761211808109,-10.628013871610165,-4.98838908970356,-5.8720167726278305,-0.038720618933439255,0.7700203657150269,-0.026546919718384743,100,OK,MAP_UPDATE,OK,VISUAL_INERTIAL
3104,1761211808126,-10.717065073549747,-5.103994160890579,-6.397606339305639,-0.03883212059736252,0.7568129301071167,-0.02624404989182949,100,OK,MAP_UPDATE,OK,VISUAL_INERTIAL
3105,1761211808143,-10.773081332445145,-5.275844130665064,-6.927158683538437,-0.03879910707473755,0.7434738278388977,-0.025928135961294174,100,OK,MAP_UPDATE,OK,VISUAL_INERTIAL
3106,1761211808159,-10.767354629933834,-5.474169738590717,-7.454533129930496,-0.03871622681617737,0.7300512194633484,-0.025660797953605652,100,OK,MAP_UPDATE,OK,VISUAL_INERTIAL
3107,1761211808176,-10.672282427549362,-5.421156994998455,-7.971429266035557,-0.03868275508284569,0.7164950370788574,-0.025405744090676308,100,OK,MAP_UPDATE,OK,VISUAL_INERTIAL
3108,1761211808193,-10.522601194679737,-5.454834084957838,-8.454889059066772,-0.03861541673541069,0.7023833990097046,-0.025184419006109238,100,OK,MAP_UPDATE,OK,VISUAL_INERTIAL
3109,1761211808209,-10.224281810224056,-5.435462575405836,-9.039645083248615,-0.0386459156870842,0.6877021789550781,-0.02484363690018654,100,OK,MAP_UPDATE,OK,VISUAL_INERTIAL
3110,1761211808226,-10.00281609594822,-5.3489962592720985,-9.691537357866764,-0.03876578435301781,0.6721432209014893,-0.024375414475798607,100,OK,MAP_UPDATE,OK,VISUAL_INERTIAL
3111,1761211808243,-9.854437783360481,-5.247167311608791,-10.458752512931824,-0.038912951946258545,0.6561200022697449,-0.02393406443297863,100,OK,MAP_UPDATE,OK,VISUAL_INERTIAL
3112,1761211808259,-9.69459768384695,-5.277592688798904,-11.232428252696991,-0.038970697671175,0.6400012969970703,-0.023374048992991447,100,OK,MAP_UPDATE,OK,VISUAL_INERTIAL
3113,1761211808276,-9.643588215112686,-5.315271206200123,-11.872601695358753,-0.039025917649269104,0.6236241459846497,-0.022959178313612938,100,OK,MAP_UPDATE,OK,VISUAL_INERTIAL
3114,1761211808293,-9.645056910812855,-5.337557289749384,-12.414625845849514,-0.03909517824649811,0.607295572757721,-0.022612305358052254,100,OK,MAP_UPDATE,OK,VISUAL_INERTIAL
3115,1761211808309,-9.313848800957203,-5.466843489557505,-13.104437850415707,-0.03910744935274124,0.590381383895874,-0.022141452878713608,100,OK,MAP_UPDATE,OK,VISUAL_INERTIAL
3116,1761211808326,-9.198452346026897,-5.532178562134504,-13.735112734138966,-0.0391840860247612,0.5727102756500244,-0.021682273596525192,100,OK,MAP_UPDATE,OK,VISUAL_INERTIAL
3117,1761211808343,-9.076541289687157,-5.66288735717535,-14.441244304180145,-0.03924098238348961,0.554244339466095,-0.021302970126271248,100,OK,MAP_UPDATE,OK,VISUAL_INERTIAL
3118,1761211808359,-8.775903843343258,-5.4251025430858135,-15.212975442409515,-0.03950505331158638,0.535132646560669,-0.021004538983106613,100,OK,MAP_UPDATE,OK,VISUAL_INERTIAL
3119,1761211808376,-8.38963221758604,-5.293607246130705,-15.93121513724327,-0.03970896080136299,0.5156847834587097,-0.020606422796845436,100,OK,MAP_UPDATE,OK,VISUAL_INERTIAL
3120,1761211808393,-7.936980575323105,-5.2420953288674355,-16.739247366786003,-0.039813827723264694,0.4961727261543274,-0.020167557522654533,100,OK,MAP_UPDATE,OK,VISUAL_INERTIAL
3121,1761211808409,-7.5541902333498,-4.78391582146287,-17.32158474624157,-0.040045443922281265,0.4769834876060486,-0.019754959270358086,100,OK,MAP_UPDATE,OK,VISUAL_INERTIAL
3122,1761211808426,-7.152211386710405,-4.564213566482067,-17.90887489914894,-0.04007304087281227,0.4585506021976471,-0.019351821392774582,100,OK,MAP_UPDATE,OK,VISUAL_INERTIAL
3123,1761211808443,-6.981152109801769,-4.365481436252594,-18.291078507900238,-0.04012000188231468,0.44077959656715393,-0.018967444077134132,100,OK,MAP_UPDATE,OK,VISUAL_INERTIAL
3124,1761211808459,-6.636338774114847,-4.118083976209164,-18.755972385406494,-0.040244847536087036,0.42352715134620667,-0.01854708418250084,100,OK,MAP_UPDATE,OK,VISUAL_INERTIAL
3125,1761211808476,-6.502888165414333,-3.2821439672261477,-19.350748509168625,-0.04075956717133522,0.405580997467041,-0.0183064304292202,100,OK,MAP_UPDATE,OK,VISUAL_INERTIAL
3126,1761211808493,-5.751698277890682,-2.785574644804001,-20.1406329870224,-0.041156720370054245,0.3870973587036133,-0.017963992431759834,100,OK,MAP_UPDATE,OK,VISUAL_INERTIAL
3127,1761211808509,-5.202973261475563,-2.568316413089633,-20.969484001398087,-0.04146965220570564,0.36773091554641724,-0.017436141148209572,100,OK,MAP_UPDATE,OK,VISUAL_INERTIAL
3128,1761211808526,-4.6378266997635365,-1.9657802768051624,-21.778708323836327,-0.04191654920578003,0.34795504808425903,-0.01684439927339554,100,OK,MAP_UPDATE,OK,VISUAL_INERTIAL
3129,1761211808543,-4.092999268323183,-1.6336999833583832,-22.589871659874916,-0.04220736399292946,0.3285692036151886,-0.016346190124750137,100,OK,MAP_UPDATE,OK,VISUAL_INERTIAL
3130,1761211808559,-3.627553815022111,-1.223161118105054,-23.249423131346703,-0.042476631700992584,0.3098122477531433,-0.01594807207584381,100,OK,MAP_UPDATE,OK,VISUAL_INERTIAL
3131,1761211808576,-3.190392628312111,-1.2296936474740505,-23.76430667936802,-0.04243525490164757,0.2914574444293976,-0.015502458438277245,100,OK,MAP_UPDATE,OK,VISUAL_INERTIAL
3132,1761211808593,-2.9948619194328785,-1.619921182282269,-24.21390637755394,-0.04212088882923126,0.272840678691864,-0.01496472954750061,100,OK,MAP_UPDATE,OK,VISUAL_INERTIAL
3133,1761211808609,-2.5316444225609303,-1.6599909868091345,-24.52987991273403,-0.04208013042807579,0.25388196110725403,-0.01441042497754097,100,OK,MAP_UPDATE,OK,VISUAL_INERTIAL
3134,1761211808626,-2.205801662057638,-1.6025364166125655,-24.95911344885826,-0.04207424819469452,0.23453086614608765,-0.013933676294982433,100,OK,MAP_UPDATE,OK,VISUAL_INERTIAL
3135,1761211808643,-1.8821648554876447,-1.3132636668160558,-25.28158389031887,-0.04213114082813263,0.2153424322605133,-0.013340775854885578,100,OK,MAP_UPDATE,OK,VISUAL_INERTIAL
3136,1761211808659,-1.6327672637999058,-1.3184138806536794,-25.686169043183327,-0.04204503819346428,0.1965124011039734,-0.012848635204136372,100,OK,MAP_UPDATE,OK,VISUAL_INERTIAL
3137,1761211808676,-1.2423378648236394,-1.3096784241497517,-26.174865663051605,-0.042151834815740585,0.177885040640831,-0.012212909758090973,100,OK,MAP_UPDATE,OK,VISUAL_INERTIAL
3138,1761211808693,-0.6221182993613183,-1.0842283954843879,-26.73223800957203,-0.04237455874681473,0.15934205055236816,-0.011793364770710468,100,OK,MAP_UPDATE,OK,VISUAL_INERTIAL
3139,1761211808709,0.2718892355915159,-0.10489320993656293,-27.464553713798523,-0.043154001235961914,0.1404924988746643,-0.011315018869936466,100,OK,MAP_UPDATE,OK,VISUAL_INERTIAL
3140,1761211808726,1.5059234574437141,0.4745012556668371,-28.281988576054573,-0.0436551496386528,0.12070126831531525,-0.010879459790885448,100,OK,MAP_UPDATE,OK,VISUAL_INERTIAL
3141,1761211808743,2.606113441288471,0.6472395616583526,-28.932342305779457,-0.043915703892707825,0.09936196357011795,-0.010111158713698387,100,OK,MAP_UPDATE,OK,VISUAL_INERTIAL
3142,1761211808759,2.6520469691604376,0.5706842057406902,-29.204364866018295,-0.04390481114387512,0.07580354064702988,-0.009128198027610779,100,OK,MAP_UPDATE,OK,VISUAL_INERTIAL
3143,1761211808776,3.495455952361226,0.4893941804766655,-29.982011765241623,-0.04397455230355263,0.052260544151067734,-0.008287031203508377,100,OK,MAP_UPDATE,OK,VISUAL_INERTIAL
3144,1761211808793,4.098590929061174,0.2525010204408318,-30.337773263454437,-0.04377683997154236,0.029062027111649513,-0.00748831033706665,100,OK,MAP_UPDATE,OK,VISUAL_INERTIAL
3145,1761211808809,4.495987202972174,0.33740056096576154,-30.80899640917778,-0.043751735240221024,0.006660103797912598,-0.0068122646771371365,100,OK,MAP_UPDATE,OK,VISUAL_INERTIAL
3146,1761211808826,5.0778985023498535,0.2286565286340192,-31.17004595696926,-0.04355258122086525,-0.015645263716578484,-0.006257729139178991,100,OK,MAP_UPDATE,OK,VISUAL_INERTIAL
3147,1761211808843,6.1155445873737335,0.16209506429731846,-31.53069317340851,-0.04345544055104256,-0.039046045392751694,-0.005591332912445068,100,OK,MAP_UPDATE,OK,VISUAL_INERTIAL
3148,1761211808859,7.690317928791046,-0.3314820642117411,-31.64144977927208,-0.04308554530143738,-0.06401889771223068,-0.004963939543813467,100,OK,MAP_UPDATE,OK,VISUAL_INERTIAL
3149,1761211808876,8.914180099964142,-1.0162394028156996,-31.837638467550278,-0.04261306673288345,-0.08986689895391464,-0.004407331347465515,100,OK,MAP_UPDATE,OK,VISUAL_INERTIAL
3150,1761211808893,9.826857596635818,-1.2797899544239044,-32.19650313258171,-0.04232548549771309,-0.1153109148144722,-0.003948001656681299,100,OK,MAP_UPDATE,OK,VISUAL_INERTIAL
3151,1761211808909,10.480045340955257,-1.2977065052837133,-32.531604170799255,-0.04217798262834549,-0.1395895779132843,-0.003477532183751464,100,OK,MAP_UPDATE,OK,VISUAL_INERTIAL
3152,1761211808926,10.673187673091888,-1.427456154488027,-32.91154280304909,-0.04197670519351959,-0.16209755837917328,-0.003039606846868992,100,OK,MAP_UPDATE,OK,VISUAL_INERTIAL
3153,1761211808943,10.457372292876244,-1.492292620241642,-33.40053930878639,-0.041870664805173874,-0.18315722048282623,-0.002689108718186617,100,OK,MAP_UPDATE,OK,VISUAL_INERTIAL
3154,1761211808959,10.559490881860256,-1.3766844058409333,-34.0079665184021,-0.04195435345172882,-0.20382943749427795,-0.0021719192154705524,100,OK,MAP_UPDATE,OK,VISUAL_INERTIAL
3155,1761211808976,10.769646614789963,-1.8213127041235566,-34.3129001557827,-0.041647668927907944,-0.22527891397476196,-0.0017327676760032773,100,OK,MAP_UPDATE,OK,VISUAL_INERTIAL
3156,1761211808993,11.41425222158432,-1.8864598823711276,-34.57028046250343,-0.04156990349292755,-0.24674953520298004,-0.0010715811513364315,100,OK,MAP_UPDATE,OK,VISUAL_INERTIAL
3157,1761211809009,12.168836779892445,-1.9394586561247706,-34.73052754998207,-0.041467227041721344,-0.26772210001945496,-0.0003745358844753355,100,OK,MAP_UPDATE,OK,VISUAL_INERTIAL
3158,1761211809026,12.61516846716404,-2.0331786945462227,-35.019535571336746,-0.041299883276224136,-0.2878227233886719,0.0003042612224817276,100,OK,MAP_UPDATE,OK,VISUAL_INERTIAL
3159,1761211809043,13.02578765898943,-1.960002351552248,-35.15718877315521,-0.04128674045205116,-0.3063655495643616,0.0008716160082258284,100,OK,MAP_UPDATE,OK,VISUAL_INERTIAL
3160,1761211809059,13.794900849461555,-1.7651512753218412,-35.199280828237534,-0.0413602776825428,-0.32448551058769226,0.0015296695055440068,100,OK,MAP_UPDATE,OK,VISUAL_INERTIAL
3161,1761211809076,14.910012483596802,-1.3786281924694777,-35.4418084025383,-0.04148988053202629,-0.343468576669693,0.0022125996183604,100,OK,MAP_UPDATE,OK,VISUAL_INERTIAL
3162,1761211809093,16.440127044916153,-1.0983241954818368,-35.602983087301254,-0.041587330400943756,-0.3635348379611969,0.002861546818166971,100,OK,MAP_UPDATE,OK,VISUAL_INERTIAL
3163,1761211809109,18.414461985230446,-1.4449178706854582,-35.538677126169205,-0.04132934287190437,-0.38325342535972595,0.0029385224916040897,100,OK,MAP_UPDATE,OK,VISUAL_INERTIAL
3164,1761211809126,18.96563731133938,-1.4506810111925006,-35.78969091176987,-0.04118497669696808,-0.4019864499568939,0.0034555005840957165,100,OK,MAP_UPDATE,OK,VISUAL_INERTIAL
3165,1761211809143,19.39406245946884,-1.4425318222492933,-36.10074520111084,-0.041040413081645966,-0.4187185764312744,0.003846017876639962,100,OK,MAP_UPDATE,OK,VISUAL_INERTIAL
3166,1761211809159,19.593704491853714,-1.3605894055217505,-36.37251630425453,-0.040947310626506805,-0.4336419105529785,0.004165907856076956,100,OK,MAP_UPDATE,OK,VISUAL_INERTIAL
3167,1761211809176,20.479513332247734,-1.3576826313510537,-36.25853359699249,-0.040900249034166336,-0.44867533445358276,0.00434449128806591,100,OK,MAP_UPDATE,OK,VISUAL_INERTIAL
3168,1761211809193,21.536650136113167,-1.3180084060877562,-36.18275374174118,-0.04086934030056,-0.46530041098594666,0.004704784136265516,100,OK,MAP_UPDATE,OK,VISUAL_INERTIAL
3169,1761211809209,22.572236135601997,-1.5110066160559654,-36.10286861658096,-0.0406668521463871,-0.48222798109054565,0.005045659374445677,100,OK,MAP_UPDATE,OK,VISUAL_INERTIAL
3170,1761211809226,23.093968629837036,-1.6355719417333603,-36.0901765525341,-0.04055044800043106,-0.49744918942451477,0.005481644067913294,100,OK,MAP_UPDATE,OK,VISUAL_INERTIAL
3171,1761211809243,23.377951234579086,-1.7064621206372976,-36.23002767562866,-0.04043067619204521,-0.5104180574417114,0.005831824149936438,100,OK,MAP_UPDATE,OK,VISUAL_INERTIAL
3172,1761211809259,23.388877511024475,-1.81474513374269,-36.441370844841,-0.04026522487401962,-0.5212557911872864,0.006190543994307518,100,OK,MAP_UPDATE,OK,VISUAL_INERTIAL
3173,1761211809276,24.698855355381966,-1.9485115772113204,-36.3311804831028,-0.04014575481414795,-0.5301128625869751,0.0061827716417610645,100,OK,MAP_UPDATE,OK,VISUAL_INERTIAL
3174,1761211809293,24.932175874710083,-2.3348131217062473,-36.395542323589325,-0.03985505923628807,-0.539877712726593,0.00634473143145442,100,OK,MAP_UPDATE,OK,VISUAL_INERTIAL
3175,1761211809309,25.4067312926054,-2.4234955199062824,-36.42461448907852,-0.039757225662469864,-0.5499116778373718,0.0066528525203466415,100,OK,MAP_UPDATE,OK,VISUAL_INERTIAL
3176,1761211809326,25.82330070436001,-2.391364425420761,-36.370422691106796,-0.03977983444929123,-0.5593193769454956,0.006947560701519251,100,OK,MAP_UPDATE,OK,VISUAL_INERTIAL
3177,1761211809343,26.525698602199554,-2.5502596981823444,-36.253537982702255,-0.039686888456344604,-0.5672617554664612,0.0070443893782794476,100,OK,MAP_UPDATE,OK,VISUAL_INERTIAL
3178,1761211809359,26.959240436553955,-2.7269949205219746,-36.293018609285355,-0.03954955190420151,-0.573595404624939,0.007153041195124388,100,OK,MAP_UPDATE,OK,VISUAL_INERTIAL
3179,1761211809376,27.074454352259636,-2.7787976432591677,-36.306384950876236,-0.03944350779056549,-0.5780820846557617,0.00723137566819787,100,OK,MAP_UPDATE,OK,VISUAL_INERTIAL
3180,1761211809393,27.102088555693626,-2.86348769441247,-36.38043999671936,-0.039331354200839996,-0.580839991569519,0.0072762928903102875,100,OK,MAP_UPDATE,OK,VISUAL_INERTIAL
3181,1761211809409,27.009008452296257,-2.7032766956835985,-36.47024929523468,-0.03934910148382187,-0.5821675658226013,0.0073305037803947926,100,OK,MAP_UPDATE,OK,VISUAL_INERTIAL
3182,1761211809426,26.92493237555027,-2.588465576991439,-36.525797098875046,-0.03936757519841194,-0.5821905732154846,0.00728197256103158,100,OK,MAP_UPDATE,OK,VISUAL_INERTIAL
3183,1761211809443,26.890752837061882,-2.590093994513154,-36.52887046337128,-0.03934662416577339,-0.5808603167533875,0.007096737157553434,100,OK,MAP_UPDATE,OK,VISUAL_INERTIAL
3184,1761211809459,26.754124090075493,-2.574535086750984,-36.46380826830864,-0.03933503478765488,-0.5776594281196594,0.006915534380823374,100,OK,MAP_UPDATE,OK,VISUAL_INERTIAL
3185,1761211809476,26.473142206668854,-2.4746779818087816,-36.496229469776154,-0.03936424106359482,-0.5722101330757141,0.0067273760214447975,100,OK,MAP_UPDATE,OK,VISUAL_INERTIAL
3186,1761211809493,26.243172585964203,-2.4039072450250387,-36.54376044869423,-0.03942994773387909,-0.564863383769989,0.006500795017927885,100,OK,MAP_UPDATE,OK,VISUAL_INERTIAL
3187,1761211809509,25.895701721310616,-2.281509106978774,-36.70896962285042,-0.03954670578241348,-0.5563790202140808,0.006333339028060436,100,OK,MAP_UPDATE,OK,VISUAL_INERTIAL
3188,1761211809526,25.491923093795776,-2.2667108569294214,-36.74071654677391,-0.03966966271400452,-0.5470998883247375,0.006098637357354164,100,OK,MAP_UPDATE,OK,VISUAL_INERTIAL
3189,1761211809543,25.31612478196621,-2.1899957209825516,-36.678798496723175,-0.039816584438085556,-0.5373185873031616,0.005849531386047602,100,OK,MAP_UPDATE,OK,VISUAL_INERTIAL
3190,1761211809559,25.152266025543213,-2.1571856923401356,-36.6227962076664,-0.03990891948342323,-0.5270854234695435,0.005559027660638094,100,OK,MAP_UPDATE,OK,VISUAL_INERTIAL
3191,1761211809576,24.952856823801994,-2.153152832761407,-36.5644209086895,-0.0399349145591259,-0.5159191489219666,0.00517108291387558,100,OK,MAP_UPDATE,OK,VISUAL_INERTIAL
3192,1761211809593,24.682674556970596,-2.1307726856321096,-36.52124106884003,-0.0399555005133152,-0.5036529302597046,0.0047713215462863445,100,OK,MAP_UPDATE,OK,VISUAL_INERTIAL
3193,1761211809609,24.26820434629917,-2.112872665748,-36.364998668432236,-0.03999246284365654,-0.490466445684433,0.004363596439361572,100,OK,MAP_UPDATE,OK,VISUAL_INERTIAL
3194,1761211809626,23.923903703689575,-1.9948917906731367,-36.05912998318672,-0.04008151590824127,-0.4771941602230072,0.004066700115799904,100,OK,MAP_UPDATE,OK,VISUAL_INERTIAL
3195,1761211809643,23.63000437617302,-1.9229736644774675,-35.842303186655045,-0.04016862064599991,-0.46427419781684875,0.003815696807578206,100,OK,MAP_UPDATE,OK,VISUAL_INERTIAL
3196,1761211809659,23.264780640602112,-1.963552087545395,-35.62541678547859,-0.040192458778619766,-0.4516526758670807,0.003536309814080596,100,OK,MAP_UPDATE,OK,VISUAL_INERTIAL
3197,1761211809676,22.840680554509163,-2.0026846323162317,-35.51958128809929,-0.040191978216171265,-0.4386137127876282,0.003183000488206744,100,OK,MAP_UPDATE,OK,VISUAL_INERTIAL
3198,1761211809693,22.39571139216423,-2.1721834782510996,-35.52764654159546,-0.040095359086990356,-0.42465507984161377,0.0028047491796314716,100,OK,MAP_UPDATE,OK,VISUAL_INERTIAL
3199,1761211809709,21.889714524149895,-2.3611837532371283,-35.33114865422249,-0.04000774025917053,-0.40956807136535645,0.0023353954311460257,100,OK,MAP_UPDATE,OK,VISUAL_INERTIAL
3200,1761211809726,21.42477035522461,-2.498767338693142,-35.20704805850983,-0.03998694568872452,-0.3947996199131012,0.0018991007236763835,100,OK,MAP_UPDATE,OK,VISUAL_INERTIAL
3201,1761211809743,20.901530981063843,-2.500157803297043,-35.135556012392044,-0.040083255618810654,-0.3810839056968689,0.0016930740093812346,100,OK,MAP_UPDATE,OK,VISUAL_INERTIAL
3202,1761211809759,20.66856436431408,-2.5739087723195553,-34.85337272286415,-0.04015737771987915,-0.36858710646629333,0.0014362322399392724,100,OK,MAP_UPDATE,OK,VISUAL_INERTIAL
3203,1761211809776,20.121978595852852,-2.547555835917592,-34.95994582772255,-0.04028721898794174,-0.35650649666786194,0.001199956052005291,100,OK,MAP_UPDATE,OK,VISUAL_INERTIAL
3204,1761211809793,19.48115974664688,-2.486523473635316,-35.015057772397995,-0.0403214693069458,-0.34319135546684265,0.0008998819394037127,100,OK,MAP_UPDATE,OK,VISUAL_INERTIAL
3205,1761211809810,18.736734986305237,-2.4930969811975956,-35.06211191415787,-0.04031403735280037,-0.3285435438156128,0.0005454765632748604,100,OK,MAP_UPDATE,OK,VISUAL_INERTIAL
3206,1761211809826,18.104499205946922,-2.4895970709621906,-35.05723923444748,-0.040332160890102386,-0.3128460645675659,0.00013744419266004115,100,OK,MAP_UPDATE,OK,VISUAL_INERTIAL
3207,1761211809843,17.336085438728333,-2.724436344578862,-35.05310043692589,-0.04024908319115639,-0.29718852043151855,-0.00030337675707414746,100,OK,MAP_UPDATE,OK,VISUAL_INERTIAL
3208,1761211809859,16.820408403873444,-2.83768936060369,-34.90432724356651,-0.04028633236885071,-0.2821458876132965,-0.0005912598571740091,100,OK,MAP_UPDATE,OK,VISUAL_INERTIAL
3209,1761211809876,16.394322738051414,-2.6560649275779724,-34.689269959926605,-0.04049554467201233,-0.26810964941978455,-0.0007941705407574773,100,OK,MAP_UPDATE,OK,VISUAL_INERTIAL
3210,1761211809893,15.84467850625515,-2.4123345501720905,-34.460920840501785,-0.0407315231859684,-0.25402402877807617,-0.0009558642632327974,100,OK,MAP_UPDATE,OK,VISUAL_INERTIAL
3211,1761211809909,15.14386385679245,-2.098150784149766,-34.26406532526016,-0.04101724177598953,-0.23910027742385864,-0.001259528216905892,100,OK,MAP_UPDATE,OK,VISUAL_INERTIAL
3212,1761211809927,14.432432129979134,-1.6532836016267538,-34.17501971125603,-0.04136084392666817,-0.2234320342540741,-0.0016710797790437937,100,OK,MAP_UPDATE,OK,VISUAL_INERTIAL
3213,1761211809943,13.277440331876278,-1.4305469812825322,-34.171171486377716,-0.04154857620596886,-0.20806586742401123,-0.002023260807618499,100,OK,MAP_UPDATE,OK,VISUAL_INERTIAL
3214,1761211809959,12.753118760883808,-1.3265147572383285,-34.04679149389267,-0.04176098480820656,-0.19189275801181793,-0.002464437624439597,100,OK,MAP_UPDATE,OK,VISUAL_INERTIAL
3215,1761211809976,12.273619882762432,-1.3780735898762941,-33.80956873297691,-0.04189259186387062,-0.17650218307971954,-0.0028549288399517536,100,OK,MAP_UPDATE,OK,VISUAL_INERTIAL
3216,1761211809993,11.897765100002289,-1.818532356992364,-33.56679528951645,-0.04175335541367531,-0.16162514686584473,-0.0034001877065747976,100,OK,MAP_UPDATE,OK,VISUAL_INERTIAL
3217,1761211810009,11.39901764690876,-2.0864256657660007,-33.37278217077255,-0.041592489928007126,-0.14664782583713531,-0.003730038646608591,100,OK,MAP_UPDATE,OK,VISUAL_INERTIAL
3218,1761211810026,10.795042850077152,-2.4944590404629707,-33.078618347644806,-0.04132843390107155,-0.13145586848258972,-0.004215225577354431,100,OK,MAP_UPDATE,OK,VISUAL_INERTIAL
3219,1761211810043,10.08178573101759,-2.8143266681581736,-32.72152319550514,-0.041124388575553894,-0.11621391773223877,-0.004616420716047287,100,OK,MAP_UPDATE,OK,VISUAL_INERTIAL
3220,1761211810059,9.399458765983582,-2.912595635280013,-32.3595255613327,-0.04108702763915062,-0.1010778546333313,-0.0049896868877112865,100,OK,MAP_UPDATE,OK,VISUAL_INERTIAL
3221,1761211810076,8.940180763602257,-2.823788207024336,-32.07702562212944,-0.041226595640182495,-0.08670495450496674,-0.005262664519250393,100,OK,MAP_UPDATE,OK,VISUAL_INERTIAL
3222,1761211810093,8.57887789607048,-2.6038007345050573,-31.712491065263748,-0.041438132524490356,-0.07359461486339569,-0.005596766714006662,100,OK,MAP_UPDATE,OK,VISUAL_INERTIAL
3223,1761211810109,8.571897633373737,-2.08184402436018,-31.35611116886139,-0.041795775294303894,-0.061474937945604324,-0.005910526029765606,100,OK,MAP_UPDATE,OK,VISUAL_INERTIAL
3224,1761211810126,8.69871024042368,-1.6861509066075087,-31.015116721391678,-0.042049311101436615,-0.050008345395326614,-0.006149509456008673,100,OK,MAP_UPDATE,OK,VISUAL_INERTIAL
3225,1761211810143,8.559190668165684,-1.4579102862626314,-30.690424144268036,-0.042114388197660446,-0.038759395480155945,-0.006451418623328209,100,OK,MAP_UPDATE,OK,VISUAL_INERTIAL
3226,1761211810159,8.094020187854767,-1.2274375185370445,-30.50924651324749,-0.04216882959008217,-0.027154352515935898,-0.006785159930586815,100,OK,MAP_UPDATE,OK,VISUAL_INERTIAL
3227,1761211810176,7.195674814283848,-1.400216482579708,-30.259814113378525,-0.04195001721382141,-0.014930861070752144,-0.007137416396290064,100,OK,MAP_UPDATE,OK,VISUAL_INERTIAL
3228,1761211810193,6.286917254328728,-1.6208997694775462,-30.051717534661293,-0.04174751043319702,-0.0023051644675433636,-0.007359328679740429,100,OK,MAP_UPDATE,OK,VISUAL_INERTIAL
3229,1761211810209,5.460778251290321,-1.6216353978961706,-29.907776042819023,-0.04184180498123169,0.009523812681436539,-0.007534644566476345,100,OK,MAP_UPDATE,OK,VISUAL_INERTIAL
3230,1761211810226,4.873019177466631,-1.7603745218366385,-29.643172398209572,-0.04190217703580856,0.019958004355430603,-0.007664654869586229,100,OK,MAP_UPDATE,OK,VISUAL_INERTIAL
3231,1761211810243,4.504084587097168,-1.6315324464812875,-29.434440657496452,-0.04215275123715401,0.029018584638834,-0.007654954679310322,100,OK,MAP_UPDATE,OK,VISUAL_INERTIAL
3232,1761211810259,4.175277426838875,-1.8135557183995843,-29.13007326424122,-0.04217063635587692,0.03682420030236244,-0.00771754328161478,100,OK,MAP_UPDATE,OK,VISUAL_INERTIAL
3233,1761211810276,2.9621953144669533,-2.2075045853853226,-29.488882049918175,-0.04207862168550491,0.04378702864050865,-0.007843753322958946,100,OK,MAP_UPDATE,OK,VISUAL_INERTIAL
3234,1761211810293,2.6390489656478167,-2.622446045279503,-29.293248429894447,-0.04179603233933449,0.05183190107345581,-0.008081422187387943,100,OK,MAP_UPDATE,OK,VISUAL_INERTIAL
3235,1761211810309,2.184593817219138,-2.8574808966368437,-28.991594910621643,-0.04150700941681862,0.060228243470191956,-0.008249204605817795,100,OK,MAP_UPDATE,OK,VISUAL_INERTIAL
3236,1761211810326,1.8219819758087397,-2.961438614875078,-28.532616794109344,-0.041245121508836746,0.06823816150426865,-0.008349780924618244,100,OK,MAP_UPDATE,OK,VISUAL_INERTIAL
3237,1761211810343,1.5714087057858706,-3.3801973331719637,-28.076156973838806,-0.0408547967672348,0.07477164268493652,-0.008424676954746246,100,OK,MAP_UPDATE,OK,VISUAL_INERTIAL
3238,1761211810359,1.6835209680721164,-3.5825998056679964,-27.812179177999496,-0.04073822870850563,0.07958343625068665,-0.008501437492668629,100,OK,MAP_UPDATE,OK,VISUAL_INERTIAL
3239,1761211810376,1.9946352113038301,-3.87077359482646,-27.699420228600502,-0.04065623879432678,0.08254939317703247,-0.008606446906924248,100,OK,MAP_UPDATE,OK,VISUAL_INERTIAL
3240,1761211810393,2.297342289239168,-3.917258232831955,-27.69424021244049,-0.04082077741622925,0.08393120020627975,-0.00869015697389841,100,OK,MAP_UPDATE,OK,VISUAL_INERTIAL
3241,1761211810409,2.569811651483178,-3.9932606741786003,-27.8520155698061,-0.040986962616443634,0.08439353853464127,-0.008875967003405094,100,OK,MAP_UPDATE,OK,VISUAL_INERTIAL
3242,1761211810426,2.5804592296481133,-4.161818418651819,-28.019284829497337,-0.04102832451462746,0.08418816328048706,-0.008958449587225914,100,OK,MAP_UPDATE,OK,VISUAL_INERTIAL
3243,1761211810443,2.4789907038211823,-4.37130918726325,-28.1656626611948,-0.040968019515275955,0.08364582061767578,-0.00901911873370409,100,OK,MAP_UPDATE,OK,VISUAL_INERTIAL
3244,1761211810459,2.359946956858039,-4.305772949010134,-28.279906138777733,-0.0410010889172554,0.08307863771915436,-0.009075050242245197,100,OK,MAP_UPDATE,OK,VISUAL_INERTIAL
3245,1761211810476,2.1143928170204163,-4.40686009824276,-28.31815555691719,-0.04083649814128876,0.08244295418262482,-0.00913486909121275,100,OK,MAP_UPDATE,OK,VISUAL_INERTIAL
3246,1761211810493,1.9709726329892874,-4.424491431564093,-28.3228550106287,-0.040703609585762024,0.08195047825574875,-0.009287555702030659,100,OK,MAP_UPDATE,OK,VISUAL_INERTIAL
3247,1761211810509,1.7803249647840858,-4.373816307634115,-28.343848884105682,-0.04059508070349693,0.08152800053358078,-0.009385613724589348,100,OK,MAP_UPDATE,OK,VISUAL_INERTIAL
3248,1761211810526,1.7100907862186432,-4.317281302064657,-28.330253437161446,-0.04055478051304817,0.08125588297843933,-0.00948022585362196,100,OK,MAP_UPDATE,OK,VISUAL_INERTIAL
3249,1761211810543,1.6418364830315113,-4.354703705757856,-28.327740728855133,-0.04052239656448364,0.08113641291856766,-0.009565682150423527,100,OK,MAP_UPDATE,OK,VISUAL_INERTIAL
3250,1761211810559,1.6009920509532094,-4.338289611041546,-28.382359072566032,-0.040593892335891724,0.08125024288892746,-0.009627565741539001,100,OK,MAP_UPDATE,OK,VISUAL_INERTIAL
3251,1761211810576,1.4656736748293042,-4.432907328009605,-28.432901948690414,-0.040651485323905945,0.08155298233032227,-0.009645613841712475,100,OK,MAP_UPDATE,OK,VISUAL_INERTIAL
3252,1761211810593,1.3794652186334133,-4.527570679783821,-28.477301821112633,-0.04076078534126282,0.08185024559497833,-0.00964066106826067,100,OK,MAP_UPDATE,OK,VISUAL_INERTIAL
3253,1761211810609,1.4665040653198957,-4.544801544398069,-28.56018766760826,-0.04099861904978752,0.08196919411420822,-0.009669448249042034,100,OK,MAP_UPDATE,OK,VISUAL_INERTIAL
3254,1761211810626,1.5935125993564725,-4.630945157259703,-28.684943914413452,-0.041167475283145905,0.08168059587478638,-0.009729629382491112,100,OK,MAP_UPDATE,OK,VISUAL_INERTIAL
3255,1761211810643,1.741070649586618,-4.744415171444416,-28.815969824790955,-0.04126448556780815,0.08110127598047256,-0.009779439307749271,100,OK,MAP_UPDATE,OK,VISUAL_INERTIAL
3256,1761211810659,1.7492971383035183,-4.665079060941935,-28.910310938954353,-0.04139150306582451,0.08054503798484802,-0.00977372843772173,100,OK,MAP_UPDATE,OK,VISUAL_INERTIAL
3257,1761211810676,1.8156582955271006,-4.596562124788761,-28.96028384566307,-0.0414409413933754,0.08006737381219864,-0.009776526130735874,100,OK,MAP_UPDATE,OK,VISUAL_INERTIAL
3258,1761211810693,1.9024036591872573,-4.46746964007616,-29.018886387348175,-0.04150228574872017,0.07942253351211548,-0.00984262116253376,100,OK,MAP_UPDATE,OK,VISUAL_INERTIAL
3259,1761211810709,2.082187682390213,-4.406411666423082,-29.123147949576378,-0.041596442461013794,0.07870222628116608,-0.010008786804974079,100,OK,MAP_UPDATE,OK,VISUAL_INERTIAL
3260,1761211810726,2.1837009117007256,-4.365729633718729,-29.206696897745132,-0.041741568595170975,0.07810847461223602,-0.010215791873633862,100,OK,MAP_UPDATE,OK,VISUAL_INERTIAL
3261,1761211810743,2.2686878219246864,-4.42992988973856,-29.330190271139145,-0.04179195314645767,0.07804785668849945,-0.010571153834462166,100,OK,MAP_UPDATE,OK,VISUAL_INERTIAL
3262,1761211810759,2.250091405585408,-4.535869229584932,-29.454315081238747,-0.04183709993958473,0.07853581756353378,-0.010875238105654716,100,OK,MAP_UPDATE,OK,VISUAL_INERTIAL
3263,1761211810776,2.3231124505400658,-4.522498231381178,-29.553359374403954,-0.04195648431777954,0.07928485423326492,-0.01112979743629694,100,OK,MAP_UPDATE,OK,VISUAL_INERTIAL
3264,1761211810793,2.3906489368528128,-4.528242629021406,-29.62605655193329,-0.04205663129687309,0.08006668090820312,-0.011303624138236046,100,OK,MAP_UPDATE,OK,VISUAL_INERTIAL
3265,1761211810809,2.482685027644038,-4.59258072078228,-29.629535973072052,-0.04213254153728485,0.08070450276136398,-0.011393200606107712,100,OK,MAP_UPDATE,OK,VISUAL_INERTIAL
3266,1761211810826,2.6720683090388775,-4.63353144004941,-29.71493825316429,-0.04226620867848396,0.08127731829881668,-0.011446567252278328,100,OK,MAP_UPDATE,OK,VISUAL_INERTIAL
3267,1761211810843,2.822995185852051,-4.708646796643734,-29.78929504752159,-0.04232195019721985,0.08186263591051102,-0.01150655746459961,100,OK,MAP_UPDATE,OK,VISUAL_INERTIAL
3268,1761211810859,2.865235786885023,-4.767125006765127,-29.804609715938568,-0.042339857667684555,0.08248189091682434,-0.01150425709784031,100,OK,MAP_UPDATE,OK,VISUAL_INERTIAL
3269,1761211810876,2.829659963026643,-4.820461850613356,-29.781125485897064,-0.04234495386481285,0.08308088779449463,-0.011469831690192223,100,OK,MAP_UPDATE,OK,VISUAL_INERTIAL
3270,1761211810892,2.8267211746424437,-4.876940045505762,-29.769154265522957,-0.04231784865260124,0.08354057371616364,-0.01153483334928751,100,OK,MAP_UPDATE,OK,VISUAL_INERTIAL
3271,1761211810909,2.9844208620488644,-4.815955180674791,-29.797080904245377,-0.042391661554574966,0.08392401039600372,-0.011687645688652992,100,OK,MAP_UPDATE,OK,VISUAL_INERTIAL
3272,1761211810926,3.134799189865589,-4.790510982275009,-29.786759987473488,-0.042396899312734604,0.08407823741436005,-0.011875910684466362,100,OK,MAP_UPDATE,OK,VISUAL_INERTIAL
3273,1761211810942,3.2461853697896004,-4.802352748811245,-29.75725568830967,-0.04235624894499779,0.08415187895298004,-0.012076078914105892,100,OK,MAP_UPDATE,OK,VISUAL_INERTIAL
3274,1761211810959,3.4272640477865934,-4.661298356950283,-29.747556895017624,-0.042439404875040054,0.08419836312532425,-0.012266835197806358,100,OK,MAP_UPDATE,OK,VISUAL_INERTIAL
3275,1761211810976,3.493618220090866,-4.66161360964179,-29.745405539870262,-0.04242129251360893,0.08415441960096359,-0.0124186547473073,100,OK,MAP_UPDATE,OK,VISUAL_INERTIAL
3276,1761211810992,3.467791946604848,-4.779623821377754,-29.751285910606384,-0.04232644662261009,0.08406190574169159,-0.012546968646347523,100,OK,MAP_UPDATE,OK,VISUAL_INERTIAL
3277,1761211811009,3.581157885491848,-4.690349567681551,-29.79276515543461,-0.0424414798617363,0.08405868709087372,-0.012666424736380577,100,OK,MAP_UPDATE,OK,VISUAL_INERTIAL
3278,1761211811026,3.4880703315138817,-4.722324199974537,-29.804831370711327,-0.042451925575733185,0.08397632092237473,-0.012664519250392914,100,OK,MAP_UPDATE,OK,VISUAL_INERTIAL
3279,1761211811042,3.480713814496994,-4.668640438467264,-29.856394976377487,-0.04254886880517006,0.08396897464990616,-0.012691609561443329,100,OK,MAP_UPDATE,OK,VISUAL_INERTIAL
3280,1761211811059,3.53003921918571,-4.468236584216356,-29.916293919086456,-0.042779479175806046,0.08407481759786606,-0.012593476101756096,100,OK,MAP_UPDATE,OK,VISUAL_INERTIAL
3281,1761211811076,3.516513155773282,-4.273819737136364,-29.96090240776539,-0.04298439994454384,0.08416347205638885,-0.012493297457695007,100,OK,MAP_UPDATE,OK,VISUAL_INERTIAL
3282,1761211811093,3.657157998532057,-4.00366960093379,-30.02050891518593,-0.04324813932180405,0.0843089371919632,-0.012472557835280895,100,OK,MAP_UPDATE,OK,VISUAL_INERTIAL
3283,1761211811109,3.6804922856390476,-3.9225853979587555,-30.05945309996605,-0.04333804175257683,0.0843689814209938,-0.012446369044482708,100,OK,MAP_UPDATE,OK,VISUAL_INERTIAL
3284,1761211811126,3.6078516859561205,-4.00259904563427,-30.08762188255787,-0.043307941406965256,0.08436586707830429,-0.012414808385074139,100,OK,MAP_UPDATE,OK,VISUAL_INERTIAL
3285,1761211811143,3.7887513171881437,-3.739814506843686,-30.13775125145912,-0.0435212068259716,0.08441551774740219,-0.012552301399409771,100,OK,MAP_UPDATE,OK,VISUAL_INERTIAL
3286,1761211811159,3.761562518775463,-3.7164182867854834,-30.147820711135864,-0.043533191084861755,0.08437375724315643,-0.012622772715985775,100,OK,MAP_UPDATE,OK,VISUAL_INERTIAL
3287,1761211811176,3.764904337003827,-3.730412805452943,-30.1482193171978,-0.04352600872516632,0.08429522067308426,-0.012784645892679691,100,OK,MAP_UPDATE,OK,VISUAL_INERTIAL
3288,1761211811192,3.862834768369794,-3.6394938360899687,-30.1162451505661,-0.043571509420871735,0.08431574702262878,-0.012852410785853863,100,OK,MAP_UPDATE,OK,VISUAL_INERTIAL
3289,1761211811209,3.9619863964617252,-3.628050908446312,-30.12079745531082,-0.04356379806995392,0.08434198796749115,-0.012902232818305492,100,OK,MAP_UPDATE,OK,VISUAL_INERTIAL
3290,1761211811226,4.0588174015283585,-3.6811602767556906,-30.15180304646492,-0.04351963475346565,0.08436372131109238,-0.012946423143148422,100,OK,MAP_UPDATE,OK,VISUAL_INERTIAL
3291,1761211811242,4.116213880479336,-3.6588325165212154,-30.174972489476204,-0.04358290508389473,0.08441008627414703,-0.012935810722410679,100,OK,MAP_UPDATE,OK,VISUAL_INERTIAL
3292,1761211811259,4.145859740674496,-3.5733680706471205,-30.19021265208721,-0.043709974735975266,0.08446356654167175,-0.012896948494017124,100,OK,MAP_UPDATE,OK,VISUAL_INERTIAL
3293,1761211811276,4.067898262292147,-3.633419517427683,-30.169200152158737,-0.04370030015707016,0.0844346210360527,-0.012791763059794903,100,OK,MAP_UPDATE,OK,VISUAL_INERTIAL
3294,1761211811292,4.181540571153164,-3.3734797034412622,-30.25127574801445,-0.04392673820257187,0.08448828011751175,-0.01289832778275013,100,OK,MAP_UPDATE,OK,VISUAL_INERTIAL
3295,1761211811309,4.112850409001112,-3.398831933736801,-30.24478442966938,-0.043906647711992264,0.08444518595933914,-0.012856727465987206,100,OK,MAP_UPDATE,OK,VISUAL_INERTIAL
3296,1761211811326,4.116533789783716,-3.3536343835294247,-30.276460573077202,-0.04397469013929367,0.0844433382153511,-0.012885244563221931,100,OK,MAP_UPDATE,OK,VISUAL_INERTIAL
3297,1761211811343,4.183478653430939,-3.2416442409157753,-30.33433109521866,-0.04410857707262039,0.08447962999343872,-0.01295393891632557,100,OK,MAP_UPDATE,OK,VISUAL_INERTIAL
3298,1761211811359,4.453815519809723,-3.070465987548232,-30.372682958841324,-0.04414026811718941,0.08460494875907898,-0.013080366887152195,100,OK,MAP_UPDATE,OK,VISUAL_INERTIAL
3299,1761211811376,4.606170579791069,-3.0269308481365442,-30.407603830099106,-0.044146958738565445,0.0846518948674202,-0.01315589714795351,100,OK,MAP_UPDATE,OK,VISUAL_INERTIAL
3300,1761211811392,4.798711277544498,-2.9990915209054947,-30.389241874217987,-0.04410465061664581,0.08471956849098206,-0.013241860084235668,100,OK,MAP_UPDATE,OK,VISUAL_INERTIAL
3301,1761211811409,4.933022428303957,-2.874250989407301,-30.40926530957222,-0.04416171833872795,0.0847710520029068,-0.013252957724034786,100,OK,MAP_UPDATE,OK,VISUAL_INERTIAL
3302,1761211811426,4.994195885956287,-2.8115296736359596,-30.382368713617325,-0.04418375343084335,0.08481759577989578,-0.013230127282440662,100,OK,MAP_UPDATE,OK,VISUAL_INERTIAL
3303,1761211811442,5.002226680517197,-2.799064153805375,-30.32597526907921,-0.04417315125465393,0.08484805375337601,-0.013195853680372238,100,OK,MAP_UPDATE,OK,VISUAL_INERTIAL
3304,1761211811459,4.982519429177046,-2.8143927920609713,-30.25592304766178,-0.04414438456296921,0.08486539125442505,-0.01316110324114561,100,OK,MAP_UPDATE,OK,VISUAL_INERTIAL
3305,1761211811476,4.99297957867384,-2.68140179105103,-30.32015450298786,-0.044289808720350266,0.08484075218439102,-0.013143054209649563,100,OK,MAP_UPDATE,OK,VISUAL_INERTIAL
3306,1761211811492,5.049129016697407,-2.6362610515207052,-30.35171702504158,-0.044358376413583755,0.08485093712806702,-0.013166922144591808,100,OK,MAP_UPDATE,OK,VISUAL_INERTIAL
3307,1761211811509,5.016470327973366,-2.617626218125224,-30.36041371524334,-0.04440845921635628,0.08482945710420609,-0.013147391378879547,100,OK,MAP_UPDATE,OK,VISUAL_INERTIAL
3308,1761211811526,5.084199830889702,-2.581177046522498,-30.416397377848625,-0.04446549341082573,0.08488450944423676,-0.01313181221485138,100,OK,MAP_UPDATE,OK,VISUAL_INERTIAL
3309,1761211811542,5.022271070629358,-2.709142165258527,-30.413251370191574,-0.044385045766830444,0.08482648432254791,-0.013139775954186916,100,OK,MAP_UPDATE,OK,VISUAL_INERTIAL
3310,1761211811559,5.034150555729866,-2.6847829576581717,-30.415035784244537,-0.044392600655555725,0.08482225984334946,-0.013162787072360516,100,OK,MAP_UPDATE,OK,VISUAL_INERTIAL
3311,1761211811576,4.943689797073603,-2.773249987512827,-30.38753941655159,-0.044317226856946945,0.08477415889501572,-0.013133523985743523,100,OK,MAP_UPDATE,OK,VISUAL_INERTIAL
3312,1761211811593,5.011471454054117,-2.7335549239069223,-30.393414199352264,-0.04432449862360954,0.08477862924337387,-0.013219370506703854,100,OK,MAP_UPDATE,OK,VISUAL_INERTIAL
3313,1761211811609,4.9700140953063965,-2.737880451604724,-30.37128783762455,-0.04427637532353401,0.08475884050130844,-0.013188892975449562,100,OK,MAP_UPDATE,OK,VISUAL_INERTIAL
3314,1761211811626,4.98609384521842,-2.7450965717434883,-30.376406386494637,-0.044267624616622925,0.08478241413831711,-0.013188541866838932,100,OK,MAP_UPDATE,OK,VISUAL_INERTIAL
3315,1761211811643,5.052928347140551,-2.7462709695100784,-30.399974435567856,-0.044283878058195114,0.08483526855707169,-0.013210768811404705,100,OK,MAP_UPDATE,OK,VISUAL_INERTIAL
3316,1761211811659,5.154774524271488,-2.7382506523281336,-30.434228479862213,-0.044311393052339554,0.08490379899740219,-0.013243372552096844,100,OK,MAP_UPDATE,OK,VISUAL_INERTIAL
3317,1761211811676,5.037670489400625,-2.715306356549263,-30.367836356163025,-0.04430172219872475,0.08483319729566574,-0.013129877857863903,100,OK,MAP_UPDATE,OK,VISUAL_INERTIAL
3318,1761211811692,5.046181846410036,-2.811181591823697,-30.371205881237984,-0.04428166151046753,0.08481742441654205,-0.01314477063715458,100,OK,MAP_UPDATE,OK,VISUAL_INERTIAL
3319,1761211811709,5.143876653164625,-3.0042296275496483,-30.423395335674286,-0.04423454403877258,0.08483811467885971,-0.013241149485111237,100,OK,MAP_UPDATE,OK,VISUAL_INERTIAL
3320,1761211811726,5.0553311593830585,-2.9020642396062613,-30.465619638562202,-0.04428884759545326,0.08478787541389465,-0.013193088583648205,100,OK,MAP_UPDATE,OK,VISUAL_INERTIAL
3321,1761211811742,5.037411581724882,-2.9096989892423153,-30.434254556894302,-0.04428081959486008,0.08477259427309036,-0.013214466162025928,100,OK,MAP_UPDATE,OK,VISUAL_INERTIAL
3322,1761211811759,4.948650021106005,-2.948702545836568,-30.490299686789513,-0.044253211468458176,0.08470776677131653,-0.013246579095721245,100,OK,MAP_UPDATE,OK,VISUAL_INERTIAL
3323,1761211811776,4.861177876591682,-2.953129354864359,-30.446071177721024,-0.044212356209754944,0.08466897159814835,-0.013213586062192917,100,OK,MAP_UPDATE,OK,VISUAL_INERTIAL
3324,1761211811792,4.813899286091328,-2.9634174425154924,-30.468091368675232,-0.044195789843797684,0.08464023470878601,-0.013223177753388882,100,OK,MAP_UPDATE,OK,VISUAL_INERTIAL
3325,1761211811809,4.793782718479633,-2.980840625241399,-30.534442514181137,-0.04418991133570671,0.08461789786815643,-0.013259585946798325,100,OK,MAP_UPDATE,OK,VISUAL_INERTIAL
3326,1761211811826,4.869010765105486,-2.889223163947463,-30.470700934529305,-0.04422962665557861,0.08467841148376465,-0.013229328207671642,100,OK,MAP_UPDATE,OK,VISUAL_INERTIAL
3327,1761211811842,4.924183711409569,-2.8502403292804956,-30.415507033467293,-0.04424552619457245,0.08472607284784317,-0.013195419684052467,100,OK,MAP_UPDATE,OK,VISUAL_INERTIAL
3328,1761211811859,4.953172989189625,-2.863639732822776,-30.372383072972298,-0.04423436149954796,0.08475441485643387,-0.013164659030735493,100,OK,MAP_UPDATE,OK,VISUAL_INERTIAL
3329,1761211811876,4.938120953738689,-2.878086641430855,-30.452914535999298,-0.04422759637236595,0.08471127599477768,-0.013226817362010479,100,OK,MAP_UPDATE,OK,VISUAL_INERTIAL
3330,1761211811892,4.988145083189011,-2.8616031631827354,-30.403753742575645,-0.044246915727853775,0.08472004532814026,-0.013259569182991982,100,OK,MAP_UPDATE,OK,VISUAL_INERTIAL
3331,1761211811909,5.032009445130825,-2.778896829113364,-30.42064793407917,-0.04432054981589317,0.08475559949874878,-0.013246440328657627,100,OK,MAP_UPDATE,OK,VISUAL_INERTIAL
3332,1761211811926,5.001268815249205,-2.775308210402727,-30.404353514313698,-0.04432171955704689,0.08472425490617752,-0.013245169073343277,100,OK,MAP_UPDATE,OK,VISUAL_INERTIAL
3333,1761211811942,4.94439247995615,-2.923989435657859,-30.461061745882034,-0.04424753785133362,0.08467558771371841,-0.013285704888403416,100,OK,MAP_UPDATE,OK,VISUAL_INERTIAL
3334,1761211811959,5.03239082172513,-2.7756153140217066,-30.437937006354332,-0.04433373734354973,0.08475510776042938,-0.013249706476926804,100,OK,MAP_UPDATE,OK,VISUAL_INERTIAL
3335,1761211811976,5.127490498125553,-2.606726251542568,-30.460262671113014,-0.04445970430970192,0.08482646942138672,-0.013235236518085003,100,OK,MAP_UPDATE,OK,VISUAL_INERTIAL
3336,1761211811993,5.101283080875874,-2.640466671437025,-30.423883348703384,-0.044401511549949646,0.08479200303554535,-0.013224194757640362,100,OK,MAP_UPDATE,OK,VISUAL_INERTIAL
3337,1761211812009,5.147070623934269,-2.651219256222248,-30.422158539295197,-0.04439723864197731,0.08482019603252411,-0.013246797025203705,100,OK,MAP_UPDATE,OK,VISUAL_INERTIAL
3338,1761211812026,5.249371752142906,-2.637988654896617,-30.443403869867325,-0.04443042352795601,0.08488988131284714,-0.013287385925650597,100,OK,MAP_UPDATE,OK,VISUAL_INERTIAL
3339,1761211812043,5.257309414446354,-2.5808787904679775,-30.456770211458206,-0.044449664652347565,0.08487662672996521,-0.013260002247989178,100,OK,MAP_UPDATE,OK,VISUAL_INERTIAL
3340,1761211812059,5.315348971635103,-2.4850748013705015,-30.483977869153023,-0.04451991617679596,0.08491402864456177,-0.013258007355034351,100,OK,MAP_UPDATE,OK,VISUAL_INERTIAL
3341,1761211812076,5.24190766736865,-2.4914301466196775,-30.483219772577286,-0.044480904936790466,0.08486515283584595,-0.01324834767729044,100,OK,MAP_UPDATE,OK,VISUAL_INERTIAL
3342,1761211812092,5.062653683125973,-2.5922630447894335,-30.46267107129097,-0.044362474232912064,0.08475005626678467,-0.013235487975180149,100,OK,MAP_UPDATE,OK,VISUAL_INERTIAL
3343,1761211812109,5.053959786891937,-2.575811930000782,-30.508799478411674,-0.044422175735235214,0.08476908504962921,-0.013236981816589832,100,OK,MAP_UPDATE,OK,VISUAL_INERTIAL
3344,1761211812126,4.984461236745119,-2.652158960700035,-30.445823445916176,-0.044378265738487244,0.08474648743867874,-0.013223143294453621,100,OK,MAP_UPDATE,OK,VISUAL_INERTIAL
3345,1761211812142,4.943325184285641,-2.678929129615426,-30.51108866930008,-0.044393837451934814,0.08473498374223709,-0.013215050101280212,100,OK,MAP_UPDATE,OK,VISUAL_INERTIAL
3346,1761211812159,5.071568768471479,-2.57287360727787,-30.479077249765396,-0.04447471350431442,0.08481039851903915,-0.013225986622273922,100,OK,MAP_UPDATE,OK,VISUAL_INERTIAL
3347,1761211812176,5.046672187745571,-2.554791746661067,-30.469318851828575,-0.0444832444190979,0.08479990065097809,-0.013202724047005177,100,OK,MAP_UPDATE,OK,VISUAL_INERTIAL
3348,1761211812193,4.961699713021517,-2.724277088418603,-30.49980290234089,-0.04437786340713501,0.08474849909543991,-0.013210454024374485,100,OK,MAP_UPDATE,OK,VISUAL_INERTIAL
3349,1761211812209,4.846765659749508,-3.017555456608534,-30.55981919169426,-0.04420452192425728,0.08467509597539902,-0.013237107545137405,100,OK,MAP_UPDATE,OK,VISUAL_INERTIAL
3350,1761211812226,4.837964195758104,-3.06477933190763,-30.486883595585823,-0.04415498673915863,0.08466392755508423,-0.013212274760007858,100,OK,MAP_UPDATE,OK,VISUAL_INERTIAL
3351,1761211812242,4.761173855513334,-3.260161494836211,-30.420564115047455,-0.044037844985723495,0.08458445221185684,-0.01321791484951973,100,OK,MAP_UPDATE,OK,VISUAL_INERTIAL
3352,1761211812259,4.893901292234659,-3.078049048781395,-30.419068410992622,-0.04415762051939964,0.08465451747179031,-0.01325106993317604,100,OK,MAP_UPDATE,OK,VISUAL_INERTIAL
3353,1761211812276,4.937869496643543,-3.012120956555009,-30.42399324476719,-0.04420115798711777,0.08468177169561386,-0.013254553079605103,100,OK,MAP_UPDATE,OK,VISUAL_INERTIAL
3354,1761211812292,4.911500029265881,-3.042439464479685,-30.431710183620453,-0.04418414831161499,0.08467046916484833,-0.013238250277936459,100,OK,MAP_UPDATE,OK,VISUAL_INERTIAL
3355,1761211812309,4.812827799469233,-3.178311511874199,-30.438179150223732,-0.044101327657699585,0.0846136212348938,-0.01321464404463768,100,OK,MAP_UPDATE,OK,VISUAL_INERTIAL
3356,1761211812326,4.677656572312117,-3.3734003081917763,-30.44443577528,-0.04398415982723236,0.08453448861837387,-0.013190776109695435,100,OK,MAP_UPDATE,OK,VISUAL_INERTIAL
3357,1761211812343,4.507622681558132,-3.624052507802844,-30.450716614723206,-0.043834298849105835,0.08443301171064377,-0.013169053941965103,100,OK,MAP_UPDATE,OK,VISUAL_INERTIAL
3358,1761211812359,4.328676033765078,-3.894491819664836,-30.459800735116005,-0.0436752513051033,0.08432739228010178,-0.013149198144674301,100,OK,MAP_UPDATE,OK,VISUAL_INERTIAL
3359,1761211812376,4.367030691355467,-3.681046888232231,-30.626704916357994,-0.04387837275862694,0.08438070863485336,-0.01316027157008648,100,OK,MAP_UPDATE,OK,VISUAL_INERTIAL
3360,1761211812392,4.4886949472129345,-3.4372564405202866,-30.678734183311462,-0.04404165595769882,0.08448153734207153,-0.013184214942157269,100,OK,MAP_UPDATE,OK,VISUAL_INERTIAL
3361,1761211812409,4.527966026216745,-3.2211868092417717,-30.72109818458557,-0.044157370924949646,0.08450542390346527,-0.01316562294960022,100,OK,MAP_UPDATE,OK,VISUAL_INERTIAL
3362,1761211812426,4.488001577556133,-3.0508737545460463,-30.755210667848587,-0.04423359036445618,0.0844733864068985,-0.013123354874551296,100,OK,MAP_UPDATE,OK,VISUAL_INERTIAL
3363,1761211812442,4.607970826327801,-2.9716945718973875,-30.725833028554916,-0.04429655522108078,0.08456292003393173,-0.01315633486956358,100,OK,MAP_UPDATE,OK,VISUAL_INERTIAL
3364,1761211812459,4.714283626526594,-2.8057293966412544,-30.7106114923954,-0.04439562186598778,0.08463463187217712,-0.013141966424882412,100,OK,MAP_UPDATE,OK,VISUAL_INERTIAL
3365,1761211812476,4.875862039625645,-2.639300189912319,-30.6871198117733,-0.04450644180178642,0.08472713828086853,-0.013164948672056198,100,OK,MAP_UPDATE,OK,VISUAL_INERTIAL
3366,1761211812492,4.800744820386171,-2.7400851249694824,-30.64688853919506,-0.04440150782465935,0.08465792238712311,-0.013153694570064545,100,OK,MAP_UPDATE,OK,VISUAL_INERTIAL
3367,1761211812509,4.7805411741137505,-2.873736899346113,-30.72068840265274,-0.04434320703148842,0.08460209518671036,-0.01324322260916233,100,OK,MAP_UPDATE,OK,VISUAL_INERTIAL
3368,1761211812526,4.853775724768639,-2.7921649161726236,-30.728939920663834,-0.04441064968705177,0.08467306941747665,-0.013216878287494183,100,OK,MAP_UPDATE,OK,VISUAL_INERTIAL
3369,1761211812542,4.8082200810313225,-2.868583193048835,-30.69823794066906,-0.0443633534014225,0.08464167267084122,-0.01317860372364521,100,OK,MAP_UPDATE,OK,VISUAL_INERTIAL
3370,1761211812559,4.662896506488323,-3.0783277470618486,-30.64485266804695,-0.0442253015935421,0.08453402668237686,-0.013141126371920109,100,OK,MAP_UPDATE,OK,VISUAL_INERTIAL
3371,1761211812576,4.729962442070246,-2.9333673883229494,-30.639179050922394,-0.04432591050863266,0.08461232483386993,-0.013149085454642773,100,OK,MAP_UPDATE,OK,VISUAL_INERTIAL
3372,1761211812592,4.729119129478931,-2.924106316640973,-30.619915574789047,-0.04433437064290047,0.08461514860391617,-0.013144933618605137,100,OK,MAP_UPDATE,OK,VISUAL_INERTIAL
3373,1761211812609,4.672535229474306,-3.0235853046178818,-30.592814087867737,-0.04427240416407585,0.08456644415855408,-0.0131322480738163,100,OK,MAP_UPDATE,OK,VISUAL_INERTIAL
3374,1761211812626,4.568742122501135,-3.21138184517622,-30.56291863322258,-0.04415680468082428,0.08448431640863419,-0.013115855865180492,100,OK,MAP_UPDATE,OK,VISUAL_INERTIAL
3375,1761211812643,4.712976515293121,-3.081394825130701,-30.623285099864006,-0.04425042122602463,0.08456635475158691,-0.013202269561588764,100,OK,MAP_UPDATE,OK,VISUAL_INERTIAL
3376,1761211812659,4.679191391915083,-3.070778213441372,-30.649637803435326,-0.04422784969210625,0.08456093072891235,-0.013176541775465012,100,OK,MAP_UPDATE,OK,VISUAL_INERTIAL
3377,1761211812676,4.801182541996241,-2.9188189655542374,-30.649874359369278,-0.04433748498558998,0.08465725183486938,-0.013189133256673813,100,OK,MAP_UPDATE,OK,VISUAL_INERTIAL
3378,1761211812692,4.752414301037788,-2.9100324027240276,-30.65204992890358,-0.04432791471481323,0.08462955057621002,-0.013150818645954132,100,OK,MAP_UPDATE,OK,VISUAL_INERTIAL
3379,1761211812709,4.75139869377017,-2.9423865489661694,-30.605807900428772,-0.044292449951171875,0.08463398367166519,-0.013166798278689384,100,OK,MAP_UPDATE,OK,VISUAL_INERTIAL
3380,1761211812726,4.762787837535143,-2.827571239322424,-30.625315383076668,-0.044375352561473846,0.08467183262109756,-0.013149579055607319,100,OK,MAP_UPDATE,OK,VISUAL_INERTIAL
3381,1761211812742,4.754442255944014,-2.892964519560337,-30.61472624540329,-0.0443250797688961,0.08462946861982346,-0.013163263909518719,100,OK,MAP_UPDATE,OK,VISUAL_INERTIAL
3382,1761211812759,4.71297325566411,-3.121934598311782,-30.584048479795456,-0.044164642691612244,0.08453317731618881,-0.013198669999837875,100,OK,MAP_UPDATE,OK,VISUAL_INERTIAL
3383,1761211812776,4.842054098844528,-2.9175386298447847,-30.63996508717537,-0.04434897005558014,0.08465022593736649,-0.013196699321269989,100,OK,MAP_UPDATE,OK,VISUAL_INERTIAL
3384,1761211812792,4.8599946312606335,-2.853341633453965,-30.65033257007599,-0.04438606649637222,0.08465953916311264,-0.013206242583692074,100,OK,MAP_UPDATE,OK,VISUAL_INERTIAL
3385,1761211812809,4.779830574989319,-2.9177197720855474,-30.627666041254997,-0.04431184381246567,0.08458645641803741,-0.01322366762906313,100,OK,MAP_UPDATE,OK,VISUAL_INERTIAL
3386,1761211812826,4.846129100769758,-2.829111646860838,-30.661584809422493,-0.04439293593168259,0.0846356749534607,-0.013259868137538433,100,OK,MAP_UPDATE,OK,VISUAL_INERTIAL
3387,1761211812842,4.837891552597284,-2.8360020369291306,-30.642017722129822,-0.04436717927455902,0.08464203774929047,-0.01323690265417099,100,OK,MAP_UPDATE,OK,VISUAL_INERTIAL
3388,1761211812859,4.771132953464985,-2.924203872680664,-30.589038506150246,-0.044269535690546036,0.0846112072467804,-0.013182239606976509,100,OK,MAP_UPDATE,OK,VISUAL_INERTIAL
3389,1761211812876,4.773611202836037,-2.8930993285030127,-30.705122277140617,-0.04434021934866905,0.08462055772542953,-0.013210511766374111,100,OK,MAP_UPDATE,OK,VISUAL_INERTIAL
3390,1761211812892,4.827355034649372,-2.8779488056898117,-30.64679354429245,-0.044338375329971313,0.08464694023132324,-0.01321320328861475,100,OK,MAP_UPDATE,OK,VISUAL_INERTIAL
3391,1761211812909,4.820036701858044,-2.8726495802402496,-30.753081664443016,-0.04436687380075455,0.08463643491268158,-0.01326818112283945,100,OK,MAP_UPDATE,OK,VISUAL_INERTIAL
3392,1761211812926,4.931544419378042,-2.6888486463576555,-30.758507549762726,-0.04450090974569321,0.0847255140542984,-0.013237644918262959,100,OK,MAP_UPDATE,OK,VISUAL_INERTIAL
3393,1761211812942,4.918251186609268,-2.736934693530202,-30.72982095181942,-0.04445090889930725,0.08469466865062714,-0.013233372941613197,100,OK,MAP_UPDATE,OK,VISUAL_INERTIAL
3394,1761211812959,4.782663658261299,-3.0058249831199646,-30.681347474455833,-0.04424886032938957,0.08456682413816452,-0.013251999393105507,100,OK,MAP_UPDATE,OK,VISUAL_INERTIAL
3395,1761211812976,4.761092830449343,-3.1153387390077114,-30.762014910578728,-0.04422668740153313,0.08455058187246323,-0.013324071653187275,100,OK,MAP_UPDATE,OK,VISUAL_INERTIAL
3396,1761211812992,4.732256755232811,-3.172361059114337,-30.711425468325615,-0.04418694227933884,0.08455035835504532,-0.013252907432615757,100,OK,MAP_UPDATE,OK,VISUAL_INERTIAL
3397,1761211813009,4.758140072226524,-3.115392057225108,-30.675651505589485,-0.044240910559892654,0.08461204916238785,-0.01319489348679781,100,OK,MAP_UPDATE,OK,VISUAL_INERTIAL
3398,1761211813026,4.837790969759226,-2.9536106158047915,-30.65391257405281,-0.04436858743429184,0.08471620082855225,-0.013150335289537907,100,OK,MAP_UPDATE,OK,VISUAL_INERTIAL
3399,1761211813042,4.875906277447939,-2.8827066998928785,-30.673496425151825,-0.044393863528966904,0.08471453934907913,-0.013171863742172718,100,OK,MAP_UPDATE,OK,VISUAL_INERTIAL
3400,1761211813059,4.868658259510994,-2.9041904490441084,-30.719250440597534,-0.044343251734972,0.08465056121349335,-0.013231562450528145,100,OK,MAP_UPDATE,OK,VISUAL_INERTIAL
3401,1761211813076,4.9085961654782295,-2.8625885024666786,-30.78381158411503,-0.04440673813223839,0.08468958735466003,-0.013279862701892853,100,OK,MAP_UPDATE,OK,VISUAL_INERTIAL
3402,1761211813092,4.893215838819742,-2.8285756707191467,-30.731355771422386,-0.044406708329916,0.08468650281429291,-0.013228409923613071,100,OK,MAP_UPDATE,OK,VISUAL_INERTIAL
3403,1761211813109,4.885840229690075,-2.831674413755536,-30.66505677998066,-0.04439687728881836,0.08469075709581375,-0.013208786025643349,100,OK,MAP_UPDATE,OK,VISUAL_INERTIAL
3404,1761211813126,4.88464068621397,-2.86502786912024,-30.59663437306881,-0.044378433376550674,0.08469701558351517,-0.013214688748121262,100,OK,MAP_UPDATE,OK,VISUAL_INERTIAL
3405,1761211813143,4.773461259901524,-3.036456648260355,-30.597953125834465,-0.04426119476556778,0.08460868149995804,-0.013191449455916882,100,OK,MAP_UPDATE,OK,VISUAL_INERTIAL
3406,1761211813159,4.583355039358139,-3.308852668851614,-30.650675296783447,-0.04407816007733345,0.084464892745018,-0.0131523497402668,100,OK,MAP_UPDATE,OK,VISUAL_INERTIAL
3407,1761211813176,4.6015046536922455,-3.2512026373296976,-30.77002987265587,-0.04415477439761162,0.08449243754148483,-0.013222997076809406,100,OK,MAP_UPDATE,OK,VISUAL_INERTIAL
3408,1761211813192,4.63824300095439,-3.150404430925846,-30.736826360225677,-0.04420986399054527,0.08452773094177246,-0.01322222501039505,100,OK,MAP_UPDATE,OK,VISUAL_INERTIAL
3409,1761211813209,4.746708553284407,-3.041596384719014,-30.72228655219078,-0.044293999671936035,0.08459097892045975,-0.01323746144771576,100,OK,MAP_UPDATE,OK,VISUAL_INERTIAL
3410,1761211813226,4.788115154951811,-2.886576112359762,-30.68511001765728,-0.0443810373544693,0.08465268462896347,-0.013182775117456913,100,OK,MAP_UPDATE,OK,VISUAL_INERTIAL
3411,1761211813242,4.823572002351284,-2.870138268917799,-30.647823587059975,-0.04437180235981941,0.08464763313531876,-0.013197685591876507,100,OK,MAP_UPDATE,OK,VISUAL_INERTIAL
3412,1761211813259,4.841694142669439,-2.973790280520916,-30.61508946120739,-0.04428853839635849,0.0846010148525238,-0.013256514444947243,100,OK,MAP_UPDATE,OK,VISUAL_INERTIAL
3413,1761211813276,4.90857707336545,-2.803829265758395,-30.652862042188644,-0.044407863169908524,0.08470136672258377,-0.013220236636698246,100,OK,MAP_UPDATE,OK,VISUAL_INERTIAL
3414,1761211813293,4.859565757215023,-2.9516988433897495,-30.606737360358238,-0.0442984439432621,0.08466444164514542,-0.013206410221755505,100,OK,MAP_UPDATE,OK,VISUAL_INERTIAL
3415,1761211813309,4.789590369910002,-3.020854899659753,-30.68607486784458,-0.044287946075201035,0.0846143364906311,-0.013229227624833584,100,OK,MAP_UPDATE,OK,VISUAL_INERTIAL
3416,1761211813326,4.740861244499683,-2.978895092383027,-30.842933803796768,-0.04436822235584259,0.08459019660949707,-0.013266113586723804,100,OK,MAP_UPDATE,OK,VISUAL_INERTIAL
3417,1761211813342,4.84086200594902,-2.8943538200110197,-30.721256509423256,-0.04436107724905014,0.08465560525655746,-0.01322063710540533,100,OK,MAP_UPDATE,OK,VISUAL_INERTIAL
3418,1761211813359,4.84086200594902,-2.8943538200110197,-30.721256509423256,-0.04436107724905014,0.08465560525655746,-0.01322063710540533,100,OK,MAP_UPDATE,OK,VISUAL_INERTIAL
3419,1761211813376,4.957246594130993,-2.6970254257321358,-30.650539323687553,-0.044486284255981445,0.08475398272275925,-0.013130418956279755,100,OK,MAP_UPDATE,OK,VISUAL_INERTIAL
3420,1761211813392,5.0327368080616,-2.667241031304002,-30.657805502414703,-0.04451139271259308,0.08478374034166336,-0.013172334991395473,100,OK,MAP_UPDATE,OK,VISUAL_INERTIAL
3421,1761211813409,5.093872081488371,-2.7274417225271463,-30.69719485938549,-0.04448338598012924,0.08478976786136627,-0.013262610882520676,100,OK,MAP_UPDATE,OK,VISUAL_INERTIAL
3422,1761211813426,5.089967977255583,-2.710897009819746,-30.712934210896492,-0.04448942840099335,0.08476775884628296,-0.013252605684101582,100,OK,MAP_UPDATE,OK,VISUAL_INERTIAL
3423,1761211813442,5.0050425343215466,-2.838016953319311,-30.674701556563377,-0.04439690336585045,0.08470778912305832,-0.013263962231576443,100,OK,MAP_UPDATE,OK,VISUAL_INERTIAL
3424,1761211813459,5.006995052099228,-2.7493536472320557,-30.687211081385612,-0.044458843767642975,0.08473057299852371,-0.013229205273091793,100,OK,MAP_UPDATE,OK,VISUAL_INERTIAL
3425,1761211813476,5.065478850156069,-2.5735197123140097,-30.71312978863716,-0.04457138851284981,0.0847877487540245,-0.013203760609030724,100,OK,MAP_UPDATE,OK,VISUAL_INERTIAL
3426,1761211813492,4.88408375531435,-2.730913693085313,-30.659964308142662,-0.044439807534217834,0.08468703925609589,-0.013169149868190289,100,OK,MAP_UPDATE,OK,VISUAL_INERTIAL
3427,1761211813509,4.8664468340575695,-2.663492225110531,-30.66539578139782,-0.0444776751101017,0.0846913531422615,-0.013159780763089657,100,OK,MAP_UPDATE,OK,VISUAL_INERTIAL
3428,1761211813526,4.853721708059311,-2.722411183640361,-30.675264075398445,-0.044462092220783234,0.0846778079867363,-0.013177085667848587,100,OK,MAP_UPDATE,OK,VISUAL_INERTIAL
3429,1761211813542,4.844628740102053,-2.9020013753324747,-30.64325451850891,-0.044342946261167526,0.08462938666343689,-0.013215603306889534,100,OK,MAP_UPDATE,OK,VISUAL_INERTIAL
3430,1761211813559,4.900294356048107,-2.9006358236074448,-30.654877424240112,-0.04437616840004921,0.08469658344984055,-0.013213724829256535,100,OK,MAP_UPDATE,OK,VISUAL_INERTIAL
3431,1761211813576,4.991674330085516,-2.776436507701874,-30.68844974040985,-0.04449789226055145,0.0848158448934555,-0.01318766176700592,100,OK,MAP_UPDATE,OK,VISUAL_INERTIAL
3432,1761211813593,5.022360943257809,-2.7550593949854374,-30.672015622258186,-0.044477470219135284,0.08477851748466492,-0.013175259344279766,100,OK,MAP_UPDATE,OK,VISUAL_INERTIAL
3433,1761211813609,5.000741686671972,-2.8058509342372417,-30.67224472761154,-0.044430214911699295,0.08472780138254166,-0.013203699141740799,100,OK,MAP_UPDATE,OK,VISUAL_INERTIAL
3434,1761211813626,4.934836644679308,-2.91956914588809,-30.686412006616592,-0.04436035454273224,0.08466756343841553,-0.013254154473543167,100,OK,MAP_UPDATE,OK,VISUAL_INERTIAL
3435,1761211813642,4.822057671844959,-3.088077064603567,-30.66748008131981,-0.04424794390797615,0.08457926660776138,-0.013249923475086689,100,OK,MAP_UPDATE,OK,VISUAL_INERTIAL
3436,1761211813659,4.844094626605511,-3.030290827155113,-30.688172206282616,-0.044301655143499374,0.08462463319301605,-0.013240903615951538,100,OK,MAP_UPDATE,OK,VISUAL_INERTIAL
3437,1761211813676,4.867109470069408,-2.9376959428191185,-30.699240043759346,-0.04436713457107544,0.08466710150241852,-0.013206283561885357,100,OK,MAP_UPDATE,OK,VISUAL_INERTIAL
3438,1761211813692,4.773787688463926,-3.00400797277689,-30.69750964641571,-0.04429418966174126,0.0846138522028923,-0.013184337876737118,100,OK,MAP_UPDATE,OK,VISUAL_INERTIAL
3439,1761211813709,4.599858541041613,-3.1905302312225103,-30.69429285824299,-0.044135622680187225,0.08450452238321304,-0.013172823004424572,100,OK,MAP_UPDATE,OK,VISUAL_INERTIAL
3440,1761211813726,4.599671345204115,-3.1897290609776974,-30.763885006308556,-0.044170722365379333,0.08450387418270111,-0.013218901120126247,100,OK,MAP_UPDATE,OK,VISUAL_INERTIAL
3441,1761211813742,4.61974460631609,-3.313010325655341,-30.693532899022102,-0.044097162783145905,0.08448824286460876,-0.013263274915516376,100,OK,MAP_UPDATE,OK,VISUAL_INERTIAL
3442,1761211813759,4.591961391270161,-3.3335539046674967,-30.67885898053646,-0.04410509765148163,0.08447586745023727,-0.01325629185885191,100,OK,MAP_UPDATE,OK,VISUAL_INERTIAL
3443,1761211813776,4.6303244307637215,-3.3208036329597235,-30.660662800073624,-0.044105760753154755,0.08451972901821136,-0.013233233243227005,100,OK,MAP_UPDATE,OK,VISUAL_INERTIAL
3444,1761211813793,4.7200326807796955,-3.284310456365347,-30.6400079280138,-0.04410915449261665,0.08459500968456268,-0.013205024413764477,100,OK,MAP_UPDATE,OK,VISUAL_INERTIAL
3445,1761211813809,4.824291914701462,-3.036712296307087,-30.657785013318062,-0.04428286477923393,0.08464374393224716,-0.013185914605855942,100,OK,MAP_UPDATE,OK,VISUAL_INERTIAL
3446,1761211813826,4.829714074730873,-2.95733823440969,-30.700616538524628,-0.04435393586754799,0.08463858813047409,-0.01319096889346838,100,OK,MAP_UPDATE,OK,VISUAL_INERTIAL
3447,1761211813842,4.760596435517073,-3.013664623722434,-30.761104077100754,-0.04434248432517052,0.08459612727165222,-0.013208677992224693,100,OK,MAP_UPDATE,OK,VISUAL_INERTIAL
3448,1761211813859,4.8046475276350975,-2.937516663223505,-30.710605904459953,-0.0443635955452919,0.08461962640285492,-0.013196372427046299,100,OK,MAP_UPDATE,OK,VISUAL_INERTIAL
3449,1761211813876,4.915946628898382,-2.7253315784037113,-30.71107715368271,-0.044525403529405594,0.08472803980112076,-0.013177484273910522,100,OK,MAP_UPDATE,OK,VISUAL_INERTIAL
3450,1761211813892,4.916569218039513,-2.762456424534321,-30.616851523518562,-0.04444630816578865,0.08470474928617477,-0.013165413402020931,100,OK,MAP_UPDATE,OK,VISUAL_INERTIAL
3451,1761211813909,4.9247173592448235,-2.8465003706514835,-30.655093491077423,-0.044390030205249786,0.08466655761003494,-0.013263877481222153,100,OK,MAP_UPDATE,OK,VISUAL_INERTIAL
3452,1761211813926,4.86763333901763,-2.9526916332542896,-30.744975432753563,-0.04435162991285324,0.08464027941226959,-0.0133125688880682,100,OK,MAP_UPDATE,OK,VISUAL_INERTIAL
3453,1761211813942,4.815756808966398,-3.123111091554165,-30.699117109179497,-0.044227827340364456,0.08460763841867447,-0.01327085867524147,100,OK,MAP_UPDATE,OK,VISUAL_INERTIAL
3454,1761211813959,4.8405472189188,-3.026989521458745,-30.757853761315346,-0.044324226677417755,0.08462817221879959,-0.013261648826301098,100,OK,MAP_UPDATE,OK,VISUAL_INERTIAL
3455,1761211813976,4.8405472189188,-3.026989521458745,-30.757853761315346,-0.044324226677417755,0.08462817221879959,-0.013261648826301098,100,OK,MAP_UPDATE,OK,VISUAL_INERTIAL
3456,1761211813992,4.816958215087652,-3.062641713768244,-30.650833621621132,-0.04427687078714371,0.08464837819337845,-0.013164633885025978,100,OK,MAP_UPDATE,OK,VISUAL_INERTIAL
3457,1761211814009,4.757373593747616,-3.102238290011883,-30.612727627158165,-0.044242847710847855,0.08459819108247757,-0.01318172737956047,100,OK,MAP_UPDATE,OK,VISUAL_INERTIAL
3458,1761211814026,4.674778785556555,-3.1498197931796312,-30.60353174805641,-0.04421022906899452,0.08452121913433075,-0.013236600905656815,100,OK,MAP_UPDATE,OK,VISUAL_INERTIAL
3459,1761211814042,4.575353115797043,-3.2020830549299717,-30.61157837510109,-0.04417627304792404,0.08443410694599152,-0.01330841239541769,100,OK,MAP_UPDATE,OK,VISUAL_INERTIAL
3460,1761211814059,4.659685771912336,-3.1064467038959265,-30.738001689314842,-0.04427099972963333,0.08451281487941742,-0.01334430556744337,100,OK,MAP_UPDATE,OK,VISUAL_INERTIAL
3461,1761211814076,4.815217107534409,-2.8236208017915487,-30.76239675283432,-0.04446951299905777,0.08466126769781113,-0.013249733485281467,100,OK,MAP_UPDATE,OK,VISUAL_INERTIAL
3462,1761211814092,4.904591478407383,-2.84596998244524,-30.691394582390785,-0.044422697275877,0.08469069004058838,-0.013243240304291248,100,OK,MAP_UPDATE,OK,VISUAL_INERTIAL
3463,1761211814109,4.850347526371479,-2.9807048849761486,-30.667774379253387,-0.04432634264230728,0.08464869856834412,-0.01322415191680193,100,OK,MAP_UPDATE,OK,VISUAL_INERTIAL
3464,1761211814126,4.712168127298355,-3.1602440867573023,-30.691931024193764,-0.04422155022621155,0.08457707613706589,-0.013194046914577484,100,OK,MAP_UPDATE,OK,VISUAL_INERTIAL
3465,1761211814142,4.833166021853685,-3.0978163704276085,-30.687566846609116,-0.04426282271742821,0.08461367338895798,-0.013256048783659935,100,OK,MAP_UPDATE,OK,VISUAL_INERTIAL
3466,1761211814159,4.805211443454027,-3.1108479015529156,-30.706703662872314,-0.044261399656534195,0.08458799868822098,-0.01325464528053999,100,OK,MAP_UPDATE,OK,VISUAL_INERTIAL
3467,1761211814176,4.653033334761858,-3.1977437902241945,-30.737852677702904,-0.04421398788690567,0.08450614660978317,-0.013212822377681732,100,OK,MAP_UPDATE,OK,VISUAL_INERTIAL
3468,1761211814192,4.777103196829557,-3.1340126879513264,-30.695967376232147,-0.044265300035476685,0.08460140973329544,-0.013213185593485832,100,OK,MAP_UPDATE,OK,VISUAL_INERTIAL
3469,1761211814209,4.574022255837917,-3.3233563881367445,-30.687348917126656,-0.04411592334508896,0.08445985615253448,-0.013185947202146053,100,OK,MAP_UPDATE,OK,VISUAL_INERTIAL
3470,1761211814226,4.597219172865152,-3.132165875285864,-30.692702159285545,-0.04424113780260086,0.0845218300819397,-0.013141030445694923,100,OK,MAP_UPDATE,OK,VISUAL_INERTIAL
3471,1761211814242,4.72685880959034,-3.0226907692849636,-30.687782913446426,-0.04430174455046654,0.08458465337753296,-0.013213695026934147,100,OK,MAP_UPDATE,OK,VISUAL_INERTIAL
3472,1761211814259,4.72685880959034,-3.0226907692849636,-30.687782913446426,-0.04430174455046654,0.08458465337753296,-0.013213695026934147,100,OK,MAP_UPDATE,OK,VISUAL_INERTIAL
3473,1761211814276,4.949833266437054,-2.6360545307397842,-30.738715082406998,-0.04456683248281479,0.08475669473409653,-0.013175146654248238,100,OK,MAP_UPDATE,OK,VISUAL_INERTIAL
3474,1761211814292,4.817675799131393,-2.8251551557332277,-30.634669587016106,-0.0444025956094265,0.084654301404953,-0.013131956569850445,100,OK,MAP_UPDATE,OK,VISUAL_INERTIAL
3475,1761211814309,4.777760244905949,-2.934684744104743,-30.689986422657967,-0.044343773275613785,0.08459261804819107,-0.013196656480431557,100,OK,MAP_UPDATE,OK,VISUAL_INERTIAL
3476,1761211814326,4.804797004908323,-2.9929867014288902,-30.848247930407524,-0.04434948414564133,0.08456562459468842,-0.013324346393346786,100,OK,MAP_UPDATE,OK,VISUAL_INERTIAL
3477,1761211814342,4.649831913411617,-3.1739792320877314,-30.71613982319832,-0.04418354853987694,0.08449374884366989,-0.013262302614748478,100,OK,MAP_UPDATE,OK,VISUAL_INERTIAL
3478,1761211814359,4.577457904815674,-3.3640728797763586,-30.65551444888115,-0.044065967202186584,0.0844736322760582,-0.01321625616401434,100,OK,MAP_UPDATE,OK,VISUAL_INERTIAL
3479,1761211814376,4.682249389588833,-3.2274569384753704,-30.65240941941738,-0.04420126602053642,0.08454366773366928,-0.013248693197965622,100,OK,MAP_UPDATE,OK,VISUAL_INERTIAL
3480,1761211814392,4.78737335652113,-3.2403902150690556,-30.729562044143677,-0.04423876479268074,0.0846259668469429,-0.013174264691770077,100,OK,MAP_UPDATE,OK,VISUAL_INERTIAL
3481,1761211814409,4.965493455529213,-3.203566884621978,-30.79712577164173,-0.0442936085164547,0.0846945270895958,-0.013244290836155415,100,OK,MAP_UPDATE,OK,VISUAL_INERTIAL
3482,1761211814426,5.137880332767963,-3.129722084850073,-30.775878578424454,-0.04433629661798477,0.08478911966085434,-0.013254808261990547,100,OK,MAP_UPDATE,OK,VISUAL_INERTIAL
3483,1761211814443,5.167685449123383,-3.1258328817784786,-30.726630240678787,-0.044314268976449966,0.08479221910238266,-0.013245276175439358,100,OK,MAP_UPDATE,OK,VISUAL_INERTIAL
3484,1761211814459,5.084088072180748,-3.1866508070379496,-30.667420476675034,-0.04424856975674629,0.08473124355077744,-0.01322737243026495,100,OK,MAP_UPDATE,OK,VISUAL_INERTIAL
3485,1761211814476,5.113695282489061,-3.0888321343809366,-30.758164823055267,-0.044332534074783325,0.08476164937019348,-0.013277115300297737,100,OK,MAP_UPDATE,OK,VISUAL_INERTIAL
3486,1761211814492,5.083417519927025,-3.077118191868067,-30.705776065587997,-0.04432523995637894,0.08476577699184418,-0.013231915421783924,100,OK,MAP_UPDATE,OK,VISUAL_INERTIAL
3487,1761211814509,5.21624181419611,-2.9509791638702154,-30.713969841599464,-0.0444142110645771,0.08482688665390015,-0.013276655226945877,100,OK,MAP_UPDATE,OK,VISUAL_INERTIAL
3488,1761211814526,5.235705059021711,-2.832273952662945,-30.75193800032139,-0.04449166730046272,0.08485421538352966,-0.013251390308141708,100,OK,MAP_UPDATE,OK,VISUAL_INERTIAL
3489,1761211814542,5.0658416002988815,-3.040159121155739,-30.69867566227913,-0.04433000460267067,0.08475180715322495,-0.013230494223535061,100,OK,MAP_UPDATE,OK,VISUAL_INERTIAL
3490,1761211814559,4.904278554022312,-3.25187249109149,-30.68823181092739,-0.04420065879821777,0.08466404676437378,-0.013205789029598236,100,OK,MAP_UPDATE,OK,VISUAL_INERTIAL
3491,1761211814576,4.7659254632890224,-3.447483526542783,-30.711580067873,-0.044101424515247345,0.08459480106830597,-0.013182095251977444,100,OK,MAP_UPDATE,OK,VISUAL_INERTIAL
3492,1761211814592,4.649392329156399,-3.6249342374503613,-30.75575642287731,-0.04401930794119835,0.08453870564699173,-0.013159668073058128,100,OK,MAP_UPDATE,OK,VISUAL_INERTIAL
3493,1761211814609,4.649392329156399,-3.6249342374503613,-30.75575642287731,-0.04401930794119835,0.08453870564699173,-0.013159668073058128,100,OK,MAP_UPDATE,OK,VISUAL_INERTIAL
3494,1761211814626,4.906865302473307,-3.173964796587825,-30.77196143567562,-0.044326432049274445,0.08472312241792679,-0.01315273717045784,100,OK,MAP_UPDATE,OK,VISUAL_INERTIAL
3495,1761211814642,4.852161277085543,-3.240254009142518,-30.68087436258793,-0.044217079877853394,0.08466460555791855,-0.013156125321984291,100,OK,MAP_UPDATE,OK,VISUAL_INERTIAL
3496,1761211814659,4.892290104180574,-3.2320437021553516,-30.68758174777031,-0.044224344193935394,0.08466248959302902,-0.013224763795733452,100,OK,MAP_UPDATE,OK,VISUAL_INERTIAL
3497,1761211814676,4.978779703378677,-2.9325217474251986,-30.66338412463665,-0.04441874846816063,0.08477156609296799,-0.01316297147423029,100,OK,MAP_UPDATE,OK,VISUAL_INERTIAL
3498,1761211814692,5.059830378741026,-2.9490171000361443,-30.686788260936737,-0.04441346973180771,0.0847717896103859,-0.013203183189034462,100,OK,MAP_UPDATE,OK,VISUAL_INERTIAL
3499,1761211814709,5.088623147457838,-3.059311769902706,-30.689720064401627,-0.04433387517929077,0.08477700501680374,-0.013224943540990353,100,OK,MAP_UPDATE,OK,VISUAL_INERTIAL
3500,1761211814726,5.185704678297043,-2.921777544543147,-30.712058767676353,-0.04444175213575363,0.08486231416463852,-0.0131668196991086,100,OK,MAP_UPDATE,OK,VISUAL_INERTIAL
3501,1761211814742,5.098608788102865,-3.177220933139324,-30.698036774992943,-0.04425298795104027,0.0847332552075386,-0.013220863416790962,100,OK,MAP_UPDATE,OK,VISUAL_INERTIAL
3502,1761211814759,5.041660740971565,-3.216863377019763,-30.724817886948586,-0.044237468391656876,0.08471730351448059,-0.013211855664849281,100,OK,MAP_UPDATE,OK,VISUAL_INERTIAL
3503,1761211814776,5.120228044688702,-3.043032716959715,-30.7394340634346,-0.04436248168349266,0.08478549867868423,-0.013215656392276287,100,OK,MAP_UPDATE,OK,VISUAL_INERTIAL
3504,1761211814792,4.971601534634829,-3.300922689959407,-30.71269579231739,-0.04418398067355156,0.08467788249254227,-0.013223197311162949,100,OK,MAP_UPDATE,OK,VISUAL_INERTIAL
3505,1761211814809,5.0197625532746315,-3.312299959361553,-30.796153470873833,-0.04421877861022949,0.08469925075769424,-0.013304456137120724,100,OK,MAP_UPDATE,OK,VISUAL_INERTIAL
3506,1761211814826,4.973881412297487,-3.3300647046417,-30.726337805390358,-0.04416770115494728,0.08469141274690628,-0.013264411129057407,100,OK,MAP_UPDATE,OK,VISUAL_INERTIAL
3507,1761211814842,5.030559841543436,-3.253855276852846,-30.743226408958435,-0.044237419962882996,0.08472482115030289,-0.013258538208901882,100,OK,MAP_UPDATE,OK,VISUAL_INERTIAL
3508,1761211814859,5.015455652028322,-3.2161336857825518,-30.709290876984596,-0.044252630323171616,0.08473954349756241,-0.013204481452703476,100,OK,MAP_UPDATE,OK,VISUAL_INERTIAL
3509,1761211814876,4.943627864122391,-3.215524135157466,-30.641473829746246,-0.0442284420132637,0.08473289757966995,-0.013125250115990639,100,OK,MAP_UPDATE,OK,VISUAL_INERTIAL
3510,1761211814892,5.073848646134138,-3.142021130770445,-30.674554407596588,-0.04430355131626129,0.08477099239826202,-0.013189698569476604,100,OK,MAP_UPDATE,OK,VISUAL_INERTIAL
3511,1761211814909,5.024515558034182,-3.116935258731246,-30.697278678417206,-0.04430321604013443,0.0847189873456955,-0.013192621059715748,100,OK,MAP_UPDATE,OK,VISUAL_INERTIAL
3512,1761211814926,5.163504742085934,-2.849892247468233,-30.732398852705956,-0.044507745653390884,0.08484049141407013,-0.013191607780754566,100,OK,MAP_UPDATE,OK,VISUAL_INERTIAL
3513,1761211814942,5.014795809984207,-3.0725752003490925,-30.69627657532692,-0.04430456459522247,0.08471809327602386,-0.013204170390963554,100,OK,MAP_UPDATE,OK,VISUAL_INERTIAL
3514,1761211814959,4.941909108310938,-3.2801637426018715,-30.719773843884468,-0.04418069124221802,0.08465804159641266,-0.013286314904689789,100,OK,MAP_UPDATE,OK,VISUAL_INERTIAL
3515,1761211814976,5.0895074382424355,-3.022213466465473,-30.742745846509933,-0.04440172389149666,0.08478956669569016,-0.013232543133199215,100,OK,MAP_UPDATE,OK,VISUAL_INERTIAL
3516,1761211814992,4.848022013902664,-3.34174488671124,-30.674593523144722,-0.04413198307156563,0.08463304489850998,-0.013165351003408432,100,OK,MAP_UPDATE,OK,VISUAL_INERTIAL
3517,1761211815009,4.803761374205351,-3.4955902956426144,-30.728552490472794,-0.04405607655644417,0.08458583056926727,-0.013249616138637066,100,OK,MAP_UPDATE,OK,VISUAL_INERTIAL
3518,1761211815026,4.8676226288080215,-3.324763150885701,-30.75769916176796,-0.044190239161252975,0.08464471995830536,-0.013224928639829159,100,OK,MAP_UPDATE,OK,VISUAL_INERTIAL
3519,1761211815042,4.847972188144922,-3.4460120368748903,-30.746273696422577,-0.04410191997885704,0.08458759635686874,-0.013261348940432072,100,OK,MAP_UPDATE,OK,VISUAL_INERTIAL
3520,1761211815059,4.946451634168625,-3.2235034741461277,-30.772192403674126,-0.044247888028621674,0.0847068801522255,-0.013205628842115402,100,OK,MAP_UPDATE,OK,VISUAL_INERTIAL
3521,1761211815076,4.9511343240737915,-3.166565904393792,-30.764544382691383,-0.044274233281612396,0.08470191806554794,-0.013197142630815506,100,OK,MAP_UPDATE,OK,VISUAL_INERTIAL
3522,1761211815092,4.999188706278801,-3.1284880824387074,-30.730141326785088,-0.044298894703388214,0.08473021537065506,-0.01320144534111023,100,OK,MAP_UPDATE,OK,VISUAL_INERTIAL
3523,1761211815109,5.009763408452272,-3.111253259703517,-30.741265043616295,-0.044298551976680756,0.08472565561532974,-0.013180200010538101,100,OK,MAP_UPDATE,OK,VISUAL_INERTIAL
3524,1761211815126,4.988927394151688,-3.1138272024691105,-30.783046036958694,-0.04428118094801903,0.08469977974891663,-0.01314471010118723,100,OK,MAP_UPDATE,OK,VISUAL_INERTIAL
3525,1761211815142,4.975640214979649,-3.211763221770525,-30.716389417648315,-0.044227175414562225,0.08469291031360626,-0.013219494372606277,100,OK,MAP_UPDATE,OK,VISUAL_INERTIAL
3526,1761211815159,4.982671234756708,-3.283666679635644,-30.72395548224449,-0.04419558867812157,0.08468760550022125,-0.013234108686447144,100,OK,MAP_UPDATE,OK,VISUAL_INERTIAL
3527,1761211815176,5.042837932705879,-3.1347384210675955,-30.721332877874374,-0.0442979633808136,0.08474863320589066,-0.013215900398790836,100,OK,MAP_UPDATE,OK,VISUAL_INERTIAL
3528,1761211815192,4.920358303934336,-3.2843779772520065,-30.67116253077984,-0.0441926047205925,0.08465468138456345,-0.013212335295975208,100,OK,MAP_UPDATE,OK,VISUAL_INERTIAL
3529,1761211815209,5.029635038226843,-3.272745758295059,-30.700558796525,-0.044235751032829285,0.08472264558076859,-0.013247666880488396,100,OK,MAP_UPDATE,OK,VISUAL_INERTIAL
3530,1761211815226,5.029635038226843,-3.272745758295059,-30.700558796525,-0.044235751032829285,0.08472264558076859,-0.013247666880488396,100,OK,MAP_UPDATE,OK,VISUAL_INERTIAL
3531,1761211815242,4.846504423767328,-3.531980561092496,-30.696779489517212,-0.04403210058808327,0.08456969261169434,-0.013222591020166874,100,OK,MAP_UPDATE,OK,VISUAL_INERTIAL
3532,1761211815259,4.911078605800867,-3.5106567665934563,-30.76113574206829,-0.04406901076436043,0.08460687100887299,-0.013307513669133186,100,OK,MAP_UPDATE,OK,VISUAL_INERTIAL
3533,1761211815276,4.96415700763464,-3.2588348258286715,-30.754350125789642,-0.04422805830836296,0.08470043540000916,-0.01321517862379551,100,OK,MAP_UPDATE,OK,VISUAL_INERTIAL
3534,1761211815293,5.06566371768713,-3.1046459916979074,-30.755028128623962,-0.044345006346702576,0.08477155864238739,-0.013206861913204193,100,OK,MAP_UPDATE,OK,VISUAL_INERTIAL
3535,1761211815309,5.121503956615925,-2.967831678688526,-30.707502737641335,-0.04440900683403015,0.08480913192033768,-0.013161033391952515,100,OK,MAP_UPDATE,OK,VISUAL_INERTIAL
3536,1761211815326,5.253121256828308,-2.7730914298444986,-30.74486181139946,-0.04454140365123749,0.08489551395177841,-0.013180998153984547,100,OK,MAP_UPDATE,OK,VISUAL_INERTIAL
3537,1761211815342,5.15439547598362,-2.952591283246875,-30.636094510555267,-0.04436042532324791,0.08480897545814514,-0.013218921609222889,100,OK,MAP_UPDATE,OK,VISUAL_INERTIAL
3538,1761211815359,5.112376529723406,-3.026517340913415,-30.622931197285652,-0.04431980475783348,0.08477038890123367,-0.013240996748209,100,OK,MAP_UPDATE,OK,VISUAL_INERTIAL
3539,1761211815376,5.095260217785835,-2.933169947937131,-30.681122094392776,-0.044401831924915314,0.08478549867868423,-0.013239074498414993,100,OK,MAP_UPDATE,OK,VISUAL_INERTIAL
3540,1761211815392,5.112639162689447,-2.687739674001932,-30.771823599934578,-0.04457340016961098,0.08483882248401642,-0.013222623616456985,100,OK,MAP_UPDATE,OK,VISUAL_INERTIAL
3541,1761211815409,5.081284325569868,-2.825088333338499,-30.773596838116646,-0.04448815435171127,0.08478536456823349,-0.013233150355517864,100,OK,MAP_UPDATE,OK,VISUAL_INERTIAL
3542,1761211815426,5.186768248677254,-2.652212744578719,-30.788550153374672,-0.044595252722501755,0.08489890396595001,-0.013173366896808147,100,OK,MAP_UPDATE,OK,VISUAL_INERTIAL
3543,1761211815442,5.073379259556532,-2.96176434494555,-30.732739716768265,-0.04437226057052612,0.08475906401872635,-0.013203245587646961,100,OK,MAP_UPDATE,OK,VISUAL_INERTIAL
3544,1761211815459,5.086096934974194,-3.078702837228775,-30.71695752441883,-0.04430299252271652,0.0847398117184639,-0.013235040009021759,100,OK,MAP_UPDATE,OK,VISUAL_INERTIAL
3545,1761211815476,5.092448089271784,-3.029265906661749,-30.66963516175747,-0.04435113072395325,0.08478230237960815,-0.01320340670645237,100,OK,MAP_UPDATE,OK,VISUAL_INERTIAL
3546,1761211815492,4.9920217134058475,-3.2993564382195473,-30.61751276254654,-0.04419146478176117,0.08468417078256607,-0.013212310150265694,100,OK,MAP_UPDATE,OK,VISUAL_INERTIAL
3547,1761211815509,5.0582620315253735,-3.39084817096591,-30.737711116671562,-0.04418814927339554,0.08470039069652557,-0.013325121253728867,100,OK,MAP_UPDATE,OK,VISUAL_INERTIAL
3548,1761211815526,4.963777028024197,-3.3853286877274513,-30.70748597383499,-0.0441347174346447,0.08466248959302902,-0.013243827037513256,100,OK,MAP_UPDATE,OK,VISUAL_INERTIAL
3549,1761211815543,4.948492161929607,-3.4616533666849136,-30.682573094964027,-0.04408862441778183,0.08466251939535141,-0.013255761936306953,100,OK,MAP_UPDATE,OK,VISUAL_INERTIAL
3550,1761211815559,5.069517996162176,-3.292926587164402,-30.694657936692238,-0.04422614723443985,0.08474577218294144,-0.013256711885333061,100,OK,MAP_UPDATE,OK,VISUAL_INERTIAL
3551,1761211815576,5.100686103105545,-3.1224312260746956,-30.739517882466316,-0.0443483330309391,0.08477197587490082,-0.013220594264566898,100,OK,MAP_UPDATE,OK,VISUAL_INERTIAL
3552,1761211815592,5.249084904789925,-3.001931356266141,-30.752742663025856,-0.04442770406603813,0.08486088365316391,-0.013243507593870163,100,OK,MAP_UPDATE,OK,VISUAL_INERTIAL
3553,1761211815609,5.202464759349823,-2.943142782896757,-30.741330236196518,-0.044424306601285934,0.08483653515577316,-0.013223962858319283,100,OK,MAP_UPDATE,OK,VISUAL_INERTIAL
3554,1761211815626,5.0071352161467075,-2.942076651379466,-30.716661363840103,-0.04436980187892914,0.08473276346921921,-0.013179855421185493,100,OK,MAP_UPDATE,OK,VISUAL_INERTIAL
3555,1761211815642,4.901699256151915,-3.1044597271829844,-30.668603256344795,-0.044267427176237106,0.08465294539928436,-0.013207648880779743,100,OK,MAP_UPDATE,OK,VISUAL_INERTIAL
3556,1761211815659,4.998630844056606,-3.0359879601746798,-30.655791983008385,-0.04432079941034317,0.08472303301095963,-0.013226822949945927,100,OK,MAP_UPDATE,OK,VISUAL_INERTIAL
3557,1761211815676,5.1146927289664745,-2.8166796546429396,-30.725151300430298,-0.0445282869040966,0.08484476059675217,-0.013183267787098885,100,OK,MAP_UPDATE,OK,VISUAL_INERTIAL
3558,1761211815692,5.058241076767445,-3.037386806681752,-30.69235384464264,-0.04436242952942848,0.08476133644580841,-0.0132035743445158,100,OK,MAP_UPDATE,OK,VISUAL_INERTIAL
3559,1761211815709,5.110627040266991,-3.061543917283416,-30.6999534368515,-0.044356878846883774,0.08477412164211273,-0.013245338574051857,100,OK,MAP_UPDATE,OK,VISUAL_INERTIAL
3560,1761211815726,5.084898788481951,-3.025130834430456,-30.70325031876564,-0.04437609016895294,0.08476948738098145,-0.013196216896176338,100,OK,MAP_UPDATE,OK,VISUAL_INERTIAL
3561,1761211815742,5.145880859345198,-3.0557492282241583,-30.70572018623352,-0.04436032846570015,0.08478683233261108,-0.013224243186414242,100,OK,MAP_UPDATE,OK,VISUAL_INERTIAL
3562,1761211815759,5.123642738908529,-3.0227580573409796,-30.70579282939434,-0.044363170862197876,0.08477205038070679,-0.013208985328674316,100,OK,MAP_UPDATE,OK,VISUAL_INERTIAL
3563,1761211815776,5.038627423346043,-2.942867809906602,-30.702486634254456,-0.04438374936580658,0.08473386615514755,-0.01316688023507595,100,OK,MAP_UPDATE,OK,VISUAL_INERTIAL
3564,1761211815792,5.02241775393486,-3.031914122402668,-30.674804002046585,-0.04433351010084152,0.08472579717636108,-0.013194164261221886,100,OK,MAP_UPDATE,OK,VISUAL_INERTIAL
3565,1761211815809,5.073110572993755,-3.0171202961355448,-30.682822689414024,-0.044374413788318634,0.08478344976902008,-0.013188936747610569,100,OK,MAP_UPDATE,OK,VISUAL_INERTIAL
3566,1761211815826,5.172544624656439,-2.9191789217293262,-30.71257658302784,-0.04447308927774429,0.08487790077924728,-0.013161832466721535,100,OK,MAP_UPDATE,OK,VISUAL_INERTIAL
3567,1761211815842,5.234871059656143,-2.87772249430418,-30.74089251458645,-0.044480495154857635,0.0848846286535263,-0.013199628330767155,100,OK,MAP_UPDATE,OK,VISUAL_INERTIAL
3568,1761211815859,5.0565944984555244,-3.0813945923000574,-30.720215290784836,-0.04432856664061546,0.08474594354629517,-0.013204050250351429,100,OK,MAP_UPDATE,OK,VISUAL_INERTIAL
3569,1761211815876,5.136542022228241,-2.9662272427231073,-30.735451728105545,-0.04442242160439491,0.08481882512569427,-0.013167335651814938,100,OK,MAP_UPDATE,OK,VISUAL_INERTIAL
3570,1761211815892,5.067454185336828,-3.008193103596568,-30.708059668540955,-0.04437394440174103,0.08474805951118469,-0.013182568363845348,100,OK,MAP_UPDATE,OK,VISUAL_INERTIAL
3571,1761211815909,5.026187282055616,-3.0539308208972216,-30.683143064379692,-0.04432397708296776,0.08471767604351044,-0.01321010198444128,100,OK,MAP_UPDATE,OK,VISUAL_INERTIAL
3572,1761211815926,5.197438877075911,-2.817474538460374,-30.757062137126923,-0.0445219911634922,0.0848490372300148,-0.013245413079857826,100,OK,MAP_UPDATE,OK,VISUAL_INERTIAL
3573,1761211815942,5.238598212599754,-2.8261332772672176,-30.722083523869514,-0.04449959844350815,0.08487143367528915,-0.01321830227971077,100,OK,MAP_UPDATE,OK,VISUAL_INERTIAL
3574,1761211815959,5.295691080391407,-2.7785811107605696,-30.705517157912254,-0.044544897973537445,0.08491145819425583,-0.01323725562542677,100,OK,MAP_UPDATE,OK,VISUAL_INERTIAL
3575,1761211815976,5.247832741588354,-2.7260861825197935,-30.748620629310608,-0.04456920176744461,0.08488253504037857,-0.01318923570215702,100,OK,MAP_UPDATE,OK,VISUAL_INERTIAL
3576,1761211815992,5.239750258624554,-2.883894369006157,-30.744489282369614,-0.044473081827163696,0.08485998213291168,-0.013215422630310059,100,OK,MAP_UPDATE,OK,VISUAL_INERTIAL
3577,1761211816009,5.209602415561676,-2.939778845757246,-30.724575743079185,-0.044417768716812134,0.08483953773975372,-0.013209203258156776,100,OK,MAP_UPDATE,OK,VISUAL_INERTIAL
3578,1761211816026,5.169117357581854,-2.9064160771667957,-30.69593757390976,-0.04440717399120331,0.08482398092746735,-0.013181011192500591,100,OK,MAP_UPDATE,OK,VISUAL_INERTIAL
3579,1761211816042,5.072666797786951,-3.0503275338560343,-30.66895343363285,-0.04432694986462593,0.08477079123258591,-0.01316104643046856,100,OK,MAP_UPDATE,OK,VISUAL_INERTIAL
3580,1761211816059,5.260447505861521,-2.89930310100317,-30.72994202375412,-0.044474951922893524,0.0848655104637146,-0.013252170756459236,100,OK,MAP_UPDATE,OK,VISUAL_INERTIAL
3581,1761211816076,5.178018938750029,-2.8559095226228237,-30.72032891213894,-0.04447782039642334,0.08483976125717163,-0.013195875100791454,100,OK,MAP_UPDATE,OK,VISUAL_INERTIAL
3582,1761211816092,5.276636686176062,-2.7744388207793236,-30.75212985277176,-0.04455317184329033,0.08489204943180084,-0.01322784274816513,100,OK,MAP_UPDATE,OK,VISUAL_INERTIAL
3583,1761211816109,5.225438624620438,-2.7943437453359365,-30.757009983062744,-0.044521085917949677,0.0848696231842041,-0.013220283202826977,100,OK,MAP_UPDATE,OK,VISUAL_INERTIAL
3584,1761211816126,5.065598990768194,-2.8948697727173567,-30.748572200536728,-0.044421516358852386,0.08479397743940353,-0.013189323246479034,100,OK,MAP_UPDATE,OK,VISUAL_INERTIAL
3585,1761211816142,4.8109982162714005,-3.0804122798144817,-30.727533623576164,-0.04426511377096176,0.08466631174087524,-0.01314932107925415,100,OK,MAP_UPDATE,OK,VISUAL_INERTIAL
3586,1761211816159,5.026611033827066,-3.0461177229881287,-30.734863132238388,-0.04436193406581879,0.08475776016712189,-0.013249916024506092,100,OK,MAP_UPDATE,OK,VISUAL_INERTIAL
3587,1761211816176,5.0507839769124985,-2.9379213228821754,-30.78269399702549,-0.04442565515637398,0.08476478606462479,-0.013226783834397793,100,OK,MAP_UPDATE,OK,VISUAL_INERTIAL
3588,1761211816192,5.0392900593578815,-3.0337448697537184,-30.742529779672623,-0.04437969997525215,0.08474567532539368,-0.013244057074189186,100,OK,MAP_UPDATE,OK,VISUAL_INERTIAL
3589,1761211816209,5.102270748466253,-3.072704654186964,-30.72393871843815,-0.04436621069908142,0.08476538211107254,-0.013256526552140713,100,OK,MAP_UPDATE,OK,VISUAL_INERTIAL
3590,1761211816226,5.194586701691151,-2.9356146696954966,-30.709998682141304,-0.04446537792682648,0.08483541011810303,-0.01322857290506363,100,OK,MAP_UPDATE,OK,VISUAL_INERTIAL
3591,1761211816242,5.1890285685658455,-3.027854021638632,-30.66706284880638,-0.044368211179971695,0.08480165898799896,-0.013269977644085884,100,OK,MAP_UPDATE,OK,VISUAL_INERTIAL
3592,1761211816259,5.177447572350502,-3.0502306763082743,-30.695732682943344,-0.044353801757097244,0.08478942513465881,-0.013258411549031734,100,OK,MAP_UPDATE,OK,VISUAL_INERTIAL
3593,1761211816276,5.179570522159338,-2.9812792781740427,-30.723871663212776,-0.044397540390491486,0.0848216637969017,-0.01320910919457674,100,OK,MAP_UPDATE,OK,VISUAL_INERTIAL
3594,1761211816292,5.106552969664335,-3.1732507050037384,-30.725320801138878,-0.04426935315132141,0.08476018905639648,-0.013229313306510448,100,OK,MAP_UPDATE,OK,VISUAL_INERTIAL
3595,1761211816309,5.132524762302637,-3.1259083189070225,-30.73328360915184,-0.04432741552591324,0.08478540182113647,-0.013225694186985493,100,OK,MAP_UPDATE,OK,VISUAL_INERTIAL
3596,1761211816326,5.145743489265442,-2.9974598437547684,-30.738847330212593,-0.04440581053495407,0.0848141610622406,-0.013205236755311489,100,OK,MAP_UPDATE,OK,VISUAL_INERTIAL
3597,1761211816342,5.141985602676868,-2.980898367241025,-30.721087008714676,-0.04440971836447716,0.0847979485988617,-0.013235275633633137,100,OK,MAP_UPDATE,OK,VISUAL_INERTIAL
3598,1761211816359,5.205151159316301,-2.948970766738057,-30.717652291059494,-0.04441463574767113,0.08482729643583298,-0.01326765213161707,100,OK,MAP_UPDATE,OK,VISUAL_INERTIAL
3599,1761211816376,5.232869181782007,-2.88178538903594,-30.776387080550194,-0.044471852481365204,0.0848345011472702,-0.013263908214867115,100,OK,MAP_UPDATE,OK,VISUAL_INERTIAL
3600,1761211816392,5.07532199844718,-3.296296112239361,-30.759185552597046,-0.04422598332166672,0.08471914380788803,-0.01334065105766058,100,OK,MAP_UPDATE,OK,VISUAL_INERTIAL
3601,1761211816409,5.007544066756964,-3.4317364916205406,-30.726153403520584,-0.04413764551281929,0.08468647301197052,-0.01331754494458437,100,OK,MAP_UPDATE,OK,VISUAL_INERTIAL
3602,1761211816426,5.210908129811287,-3.0869704205542803,-30.786804854869843,-0.044398557394742966,0.08484525233507156,-0.01327157486230135,100,OK,MAP_UPDATE,OK,VISUAL_INERTIAL
3603,1761211816442,5.031310953199863,-3.3279084600508213,-30.735258013010025,-0.04419475048780441,0.08467260748147964,-0.013287896290421486,100,OK,MAP_UPDATE,OK,VISUAL_INERTIAL
3604,1761211816459,4.9988823011517525,-3.3590439707040787,-30.721157789230347,-0.04418157786130905,0.08465362340211868,-0.013274110853672028,100,OK,MAP_UPDATE,OK,VISUAL_INERTIAL
3605,1761211816476,5.08545059710741,-3.220725106075406,-30.729135498404503,-0.04430289566516876,0.08473638445138931,-0.013241165317595005,100,OK,MAP_UPDATE,OK,VISUAL_INERTIAL
3606,1761211816492,5.113687366247177,-3.18899005651474,-30.75389936566353,-0.04432297870516777,0.08475036919116974,-0.013288736343383789,100,OK,MAP_UPDATE,OK,VISUAL_INERTIAL
3607,1761211816509,5.195313133299351,-3.043354721739888,-30.806249007582664,-0.04440402612090111,0.08480622619390488,-0.013257311657071114,100,OK,MAP_UPDATE,OK,VISUAL_INERTIAL
3608,1761211816526,5.318268202245235,-2.812192076817155,-30.87189607322216,-0.04453398287296295,0.08489347994327545,-0.013178347609937191,100,OK,MAP_UPDATE,OK,VISUAL_INERTIAL
3609,1761211816542,5.330708343535662,-2.8219467494636774,-30.785463750362396,-0.044510819017887115,0.08488529175519943,-0.013218301348388195,100,OK,MAP_UPDATE,OK,VISUAL_INERTIAL
3610,1761211816559,5.286918953061104,-2.9256418347358704,-30.749138444662094,-0.044439416378736496,0.08483529090881348,-0.013248564675450325,100,OK,MAP_UPDATE,OK,VISUAL_INERTIAL
3611,1761211816576,5.20202936604619,-2.9486336279660463,-30.739756301045418,-0.0444217175245285,0.08482959121465683,-0.013208354823291302,100,OK,MAP_UPDATE,OK,VISUAL_INERTIAL
3612,1761211816592,5.151283927261829,-2.973685273900628,-30.715959146618843,-0.044409964233636856,0.08479955792427063,-0.01320621743798256,100,OK,MAP_UPDATE,OK,VISUAL_INERTIAL
3613,1761211816609,5.1096235401928425,-3.0565515626221895,-30.707059428095818,-0.044359657913446426,0.08476350456476212,-0.01323897484689951,100,OK,MAP_UPDATE,OK,VISUAL_INERTIAL
3614,1761211816626,5.14495512470603,-2.944736508652568,-30.7527557015419,-0.04443517327308655,0.08480492234230042,-0.013216959312558174,100,OK,MAP_UPDATE,OK,VISUAL_INERTIAL
3615,1761211816642,5.081078037619591,-3.1124467495828867,-30.721094459295273,-0.04430808499455452,0.08474235981702805,-0.01325481291860342,100,OK,MAP_UPDATE,OK,VISUAL_INERTIAL
3616,1761211816659,5.155431572347879,-3.008222207427025,-30.728444457054138,-0.04437796398997307,0.08479972183704376,-0.013249116949737072,100,OK,MAP_UPDATE,OK,VISUAL_INERTIAL
3617,1761211816676,5.101479589939117,-2.998188603669405,-30.72185255587101,-0.044406428933143616,0.08479129523038864,-0.013203722424805164,100,OK,MAP_UPDATE,OK,VISUAL_INERTIAL
3618,1761211816692,5.04697160795331,-3.150014905259013,-30.665956437587738,-0.044289860874414444,0.08473597466945648,-0.013230584561824799,100,OK,MAP_UPDATE,OK,VISUAL_INERTIAL
3619,1761211816709,5.020044278353453,-3.1794169917702675,-30.69416806101799,-0.04428606480360031,0.08471804112195969,-0.01323046162724495,100,OK,MAP_UPDATE,OK,VISUAL_INERTIAL
3620,1761211816726,4.957834258675575,-3.2394640147686005,-30.68499267101288,-0.044244587421417236,0.08470794558525085,-0.013203918002545834,100,OK,MAP_UPDATE,OK,VISUAL_INERTIAL
3621,1761211816742,4.872063174843788,-3.3242767676711082,-30.64950183033943,-0.04417871683835983,0.08469407260417938,-0.013164044357836246,100,OK,MAP_UPDATE,OK,VISUAL_INERTIAL
3622,1761211816759,4.959097597748041,-3.264794824644923,-30.734891071915627,-0.044260382652282715,0.08470344543457031,-0.01323979813605547,100,OK,MAP_UPDATE,OK,VISUAL_INERTIAL
3623,1761211816776,5.035243928432465,-3.0875769443809986,-30.75595013797283,-0.044348232448101044,0.0847533643245697,-0.01324753649532795,100,OK,MAP_UPDATE,OK,VISUAL_INERTIAL
3624,1761211816792,5.026045721024275,-3.165747504681349,-30.723679810762405,-0.044290367513895035,0.08472251892089844,-0.01325930468738079,100,OK,MAP_UPDATE,OK,VISUAL_INERTIAL
3625,1761211816809,5.169385578483343,-3.058542963117361,-30.734943225979805,-0.04437679424881935,0.08480764925479889,-0.013281507417559624,100,OK,MAP_UPDATE,OK,VISUAL_INERTIAL
3626,1761211816826,5.178298801183701,-3.02244839258492,-30.772047117352486,-0.0443844273686409,0.08481857180595398,-0.013257449492812157,100,OK,MAP_UPDATE,OK,VISUAL_INERTIAL
3627,1761211816842,5.155992694199085,-3.0816274229437113,-30.7078305631876,-0.04433648660778999,0.08478966355323792,-0.013255254365503788,100,OK,MAP_UPDATE,OK,VISUAL_INERTIAL
3628,1761211816859,5.109380465000868,-3.210372058674693,-30.582495033740997,-0.04425118863582611,0.0847383663058281,-0.013268412090837955,100,OK,MAP_UPDATE,OK,VISUAL_INERTIAL
3629,1761211816876,5.115167237818241,-3.230581060051918,-30.66994808614254,-0.044284600764513016,0.08475977927446365,-0.013248600997030735,100,OK,MAP_UPDATE,OK,VISUAL_INERTIAL
3630,1761211816892,5.116275046020746,-3.210534108802676,-30.64037300646305,-0.044293783605098724,0.08476953208446503,-0.013225664384663105,100,OK,MAP_UPDATE,OK,VISUAL_INERTIAL
3631,1761211816909,5.111787933856249,-3.1654280610382557,-30.528318136930466,-0.04429217427968979,0.08476991206407547,-0.013202900998294353,100,OK,MAP_UPDATE,OK,VISUAL_INERTIAL
3632,1761211816926,5.330725573003292,-2.889272989705205,-30.705654993653297,-0.044546112418174744,0.08490925282239914,-0.013250856660306454,100,OK,MAP_UPDATE,OK,VISUAL_INERTIAL
3633,1761211816943,5.152048543095589,-3.019790630787611,-30.65965697169304,-0.04436887428164482,0.0847756415605545,-0.013210099190473557,100,OK,MAP_UPDATE,OK,VISUAL_INERTIAL
3634,1761211816959,5.222504492849112,-2.8956178575754166,-30.69842793047428,-0.044468045234680176,0.08482853323221207,-0.013234909623861313,100,OK,MAP_UPDATE,OK,VISUAL_INERTIAL
3635,1761211816976,5.226874724030495,-2.8054132126271725,-30.730167403817177,-0.04452025517821312,0.08485560864210129,-0.01322132721543312,100,OK,MAP_UPDATE,OK,VISUAL_INERTIAL
3636,1761211816992,5.226489156484604,-2.9742326587438583,-30.707234516739845,-0.04440326243638992,0.08482758700847626,-0.013264570385217667,100,OK,MAP_UPDATE,OK,VISUAL_INERTIAL
3637,1761211817009,5.2622295916080475,-2.9712810646742582,-30.704157426953316,-0.04441303759813309,0.08487610518932343,-0.013238980434834957,100,OK,MAP_UPDATE,OK,VISUAL_INERTIAL
3638,1761211817026,5.187387578189373,-2.91835586540401,-30.708275735378265,-0.04444117844104767,0.08484429866075516,-0.013219592161476612,100,OK,MAP_UPDATE,OK,VISUAL_INERTIAL
3639,1761211817042,5.129204597324133,-3.041079267859459,-30.69855459034443,-0.044354651123285294,0.08479195833206177,-0.013204910792410374,100,OK,MAP_UPDATE,OK,VISUAL_INERTIAL
3640,1761211817059,5.0756665877997875,-3.136135172098875,-30.693409964442253,-0.04430197924375534,0.08475356549024582,-0.013196026906371117,100,OK,MAP_UPDATE,OK,VISUAL_INERTIAL
3641,1761211817076,5.028598476201296,-3.203092608600855,-30.691897496581078,-0.04427424445748329,0.08472614735364914,-0.013190318830311298,100,OK,MAP_UPDATE,OK,VISUAL_INERTIAL
3642,1761211817092,4.98940097168088,-3.243369981646538,-30.692366883158684,-0.04426376894116402,0.08470630645751953,-0.013185424730181694,100,OK,MAP_UPDATE,OK,VISUAL_INERTIAL
3643,1761211817109,4.957619123160839,-3.261525882408023,-30.693192034959793,-0.044265177100896835,0.08469150215387344,-0.013180089183151722,100,OK,MAP_UPDATE,OK,VISUAL_INERTIAL
3644,1761211817126,4.932299256324768,-3.2623440492898226,-30.693339183926582,-0.04427529498934746,0.08468051254749298,-0.01317393034696579,100,OK,MAP_UPDATE,OK,VISUAL_INERTIAL
3645,1761211817142,4.9121566116809845,-3.2506142742931843,-30.692342668771744,-0.04429171606898308,0.08467254042625427,-0.013167071156203747,100,OK,MAP_UPDATE,OK,VISUAL_INERTIAL
3646,1761211817159,4.999686032533646,-3.261597128584981,-30.704425647854805,-0.04424568638205528,0.0847012847661972,-0.013252140022814274,100,OK,MAP_UPDATE,OK,VISUAL_INERTIAL
3647,1761211817176,4.987160209566355,-3.108150791376829,-30.76731041073799,-0.044337205588817596,0.08470771461725235,-0.013228221796452999,100,OK,MAP_UPDATE,OK,VISUAL_INERTIAL
3648,1761211817192,4.939084872603416,-3.2436291221529245,-30.73125332593918,-0.04423195496201515,0.08465945720672607,-0.01325408834964037,100,OK,MAP_UPDATE,OK,VISUAL_INERTIAL
3649,1761211817209,4.936618264764547,-3.161210101097822,-30.738940462470055,-0.04427642002701759,0.08468946069478989,-0.013197196647524834,100,OK,MAP_UPDATE,OK,VISUAL_INERTIAL
3650,1761211817226,5.010154098272324,-2.970361150801182,-30.77038936316967,-0.044400654733181,0.08473934233188629,-0.013210260309278965,100,OK,MAP_UPDATE,OK,VISUAL_INERTIAL
3651,1761211817242,5.013301502913237,-3.03469505161047,-30.738700181245804,-0.04436217620968819,0.08472137898206711,-0.013230646960437298,100,OK,MAP_UPDATE,OK,VISUAL_INERTIAL
3652,1761211817259,5.18307788297534,-2.8962779324501753,-30.747905373573303,-0.04447181150317192,0.084839828312397,-0.013247455470263958,100,OK,MAP_UPDATE,OK,VISUAL_INERTIAL
3653,1761211817276,5.147759336978197,-2.8923386707901955,-30.771570280194283,-0.04446670413017273,0.0848148986697197,-0.013214965350925922,100,OK,MAP_UPDATE,OK,VISUAL_INERTIAL
3654,1761211817292,5.336450412869453,-2.7763505931943655,-30.77893704175949,-0.04456372931599617,0.08492442965507507,-0.013259564526379108,100,OK,MAP_UPDATE,OK,VISUAL_INERTIAL
3655,1761211817309,5.2994838915765285,-2.8385729528963566,-30.758576467633247,-0.04450596496462822,0.08487087488174438,-0.013229762203991413,100,OK,MAP_UPDATE,OK,VISUAL_INERTIAL
3656,1761211817326,5.253411829471588,-2.760715316981077,-30.733009800314903,-0.0445404015481472,0.0848693922162056,-0.013216670602560043,100,OK,MAP_UPDATE,OK,VISUAL_INERTIAL
3657,1761211817342,5.268168170005083,-2.8756484389305115,-30.73643520474434,-0.04447321966290474,0.08484408259391785,-0.013267187401652336,100,OK,MAP_UPDATE,OK,VISUAL_INERTIAL
3658,1761211817359,5.268527660518885,-2.903985558077693,-30.73062002658844,-0.044467728585004807,0.08483912795782089,-0.013249995186924934,100,OK,MAP_UPDATE,OK,VISUAL_INERTIAL
3659,1761211817376,5.262984428554773,-2.8495024889707565,-30.716808512806892,-0.04451324790716171,0.08485004305839539,-0.013189772143959999,100,OK,MAP_UPDATE,OK,VISUAL_INERTIAL
3660,1761211817392,5.243093706667423,-2.8933114372193813,-30.720937997102737,-0.044474296271800995,0.08485022187232971,-0.013217885047197342,100,OK,MAP_UPDATE,OK,VISUAL_INERTIAL
3661,1761211817409,5.215779412537813,-3.009139094501734,-30.73851764202118,-0.04438449442386627,0.08484042435884476,-0.013294113799929619,100,OK,MAP_UPDATE,OK,VISUAL_INERTIAL
3662,1761211817426,5.049225874245167,-3.0412946362048388,-30.733048915863037,-0.04435030743479729,0.08474323153495789,-0.013249126262962818,100,OK,MAP_UPDATE,OK,VISUAL_INERTIAL
3663,1761211817442,4.965555854141712,-3.1395216938108206,-30.695870518684387,-0.0442771315574646,0.08467626571655273,-0.013253561221063137,100,OK,MAP_UPDATE,OK,VISUAL_INERTIAL
3664,1761211817459,4.916468635201454,-3.067960264161229,-30.680326744914055,-0.04433326795697212,0.08465991914272308,-0.013221639208495617,100,OK,MAP_UPDATE,OK,VISUAL_INERTIAL
3665,1761211817476,4.895079880952835,-2.8546229004859924,-30.67314252257347,-0.044480953365564346,0.0846744030714035,-0.013169743120670319,100,OK,MAP_UPDATE,OK,VISUAL_INERTIAL
3666,1761211817492,4.88610565662384,-2.996381837874651,-30.68283013999462,-0.0443798303604126,0.0846729502081871,-0.013208813965320587,100,OK,MAP_UPDATE,OK,VISUAL_INERTIAL
3667,1761211817509,5.006532650440931,-3.0070289503782988,-30.713308602571487,-0.044402964413166046,0.0847281739115715,-0.01323657389730215,100,OK,MAP_UPDATE,OK,VISUAL_INERTIAL
3668,1761211817526,5.06276311352849,-2.935996511951089,-30.744846910238266,-0.04444585368037224,0.08477165549993515,-0.013212360441684723,100,OK,MAP_UPDATE,OK,VISUAL_INERTIAL
3669,1761211817542,5.068089812994003,-3.0617285519838333,-30.70475533604622,-0.044340718537569046,0.08473879098892212,-0.01321987621486187,100,OK,MAP_UPDATE,OK,VISUAL_INERTIAL
3670,1761211817559,5.026240833103657,-3.2094710040837526,-30.676739290356636,-0.04423502832651138,0.08468244969844818,-0.013273107819259167,100,OK,MAP_UPDATE,OK,VISUAL_INERTIAL
3671,1761211817576,5.026240833103657,-3.2094710040837526,-30.676739290356636,-0.04423502832651138,0.08468244969844818,-0.013273107819259167,100,OK,MAP_UPDATE,OK,VISUAL_INERTIAL
3672,1761211817592,5.0002774223685265,-3.3636363223195076,-30.72405606508255,-0.04419337958097458,0.08466507494449615,-0.013275222852826118,100,OK,MAP_UPDATE,OK,VISUAL_INERTIAL
3673,1761211817609,5.052418448030949,-3.375617554411292,-30.745854601264,-0.04416927695274353,0.0846947729587555,-0.013305842876434326,100,OK,MAP_UPDATE,OK,VISUAL_INERTIAL
3674,1761211817626,5.10181812569499,-3.1352562364190817,-30.715396627783775,-0.0443270169198513,0.08476633578538895,-0.013278556987643242,100,OK,MAP_UPDATE,OK,VISUAL_INERTIAL
3675,1761211817642,5.114858970046043,-3.143121488392353,-30.70681169629097,-0.04431261122226715,0.0847504511475563,-0.013308669440448284,100,OK,MAP_UPDATE,OK,VISUAL_INERTIAL
3676,1761211817659,5.139512941241264,-3.1273788772523403,-30.692536383867264,-0.04433418810367584,0.08476991206407547,-0.013306302949786186,100,OK,MAP_UPDATE,OK,VISUAL_INERTIAL
3677,1761211817676,5.156603176146746,-3.010520478710532,-30.720023438334465,-0.04440578818321228,0.0848156064748764,-0.013226754032075405,100,OK,MAP_UPDATE,OK,VISUAL_INERTIAL
3678,1761211817692,5.058037582784891,-3.050917061045766,-30.690182000398636,-0.044353317469358444,0.08473868668079376,-0.013204741291701794,100,OK,MAP_UPDATE,OK,VISUAL_INERTIAL
3679,1761211817709,4.898390267044306,-3.2835344318300486,-30.64894862473011,-0.04419812932610512,0.08464308828115463,-0.013221366330981255,100,OK,MAP_UPDATE,OK,VISUAL_INERTIAL
3680,1761211817726,4.935181234031916,-3.1108472030609846,-30.742742121219635,-0.044369932264089584,0.08469164371490479,-0.01319680642336607,100,OK,MAP_UPDATE,OK,VISUAL_INERTIAL
3681,1761211817742,4.935181234031916,-3.1108472030609846,-30.742742121219635,-0.044369932264089584,0.08469164371490479,-0.01319680642336607,100,OK,MAP_UPDATE,OK,VISUAL_INERTIAL
3682,1761211817759,4.799318965524435,-3.454607678577304,-30.581442639231682,-0.04406074434518814,0.084588922560215,-0.01321564894169569,100,OK,MAP_UPDATE,OK,VISUAL_INERTIAL
3683,1761211817776,4.817132838070393,-3.348293947055936,-30.651018023490906,-0.044186849147081375,0.08461127430200577,-0.013213266618549824,100,OK,MAP_UPDATE,OK,VISUAL_INERTIAL
3684,1761211817792,4.914977587759495,-3.3792611211538315,-30.64681403338909,-0.044176135212183,0.08465900272130966,-0.01324324682354927,100,OK,MAP_UPDATE,OK,VISUAL_INERTIAL
3685,1761211817809,4.95564192533493,-3.38105671107769,-30.69661371409893,-0.044196709990501404,0.0846695750951767,-0.01327589713037014,100,OK,MAP_UPDATE,OK,VISUAL_INERTIAL
3686,1761211817826,5.052117630839348,-3.1933621503412724,-30.72100132703781,-0.044330377131700516,0.08474314212799072,-0.013207342475652695,100,OK,MAP_UPDATE,OK,VISUAL_INERTIAL
3687,1761211817842,5.06131537258625,-3.1318305991590023,-30.7195782661438,-0.04434618726372719,0.08473985642194748,-0.013212988153100014,100,OK,MAP_UPDATE,OK,VISUAL_INERTIAL
3688,1761211817859,5.149478558450937,-3.052362008020282,-30.7263545691967,-0.04437429457902908,0.08478694409132004,-0.013235514052212238,100,OK,MAP_UPDATE,OK,VISUAL_INERTIAL
3689,1761211817876,5.139696411788464,-2.9373655561357737,-30.772574245929718,-0.04445469379425049,0.08479023724794388,-0.01322929933667183,100,OK,MAP_UPDATE,OK,VISUAL_INERTIAL
3690,1761211817892,5.1778568886220455,-3.0056852847337723,-30.73558397591114,-0.044392239302396774,0.08479973673820496,-0.01325906440615654,100,OK,MAP_UPDATE,OK,VISUAL_INERTIAL
3691,1761211817909,5.195344798266888,-3.058255650103092,-30.723433941602707,-0.044378407299518585,0.08479870110750198,-0.013281275518238544,100,OK,MAP_UPDATE,OK,VISUAL_INERTIAL
3692,1761211817926,5.118723027408123,-3.1208046711981297,-30.694860965013504,-0.04434659704566002,0.08478099852800369,-0.013220650143921375,100,OK,MAP_UPDATE,OK,VISUAL_INERTIAL
3693,1761211817943,5.118723027408123,-3.1208046711981297,-30.694860965013504,-0.04434659704566002,0.08478099852800369,-0.013220650143921375,100,OK,MAP_UPDATE,OK,VISUAL_INERTIAL
3694,1761211817959,5.179641768336296,-3.156527644023299,-30.723441392183304,-0.044338665902614594,0.08478766679763794,-0.013248822651803493,100,OK,MAP_UPDATE,OK,VISUAL_INERTIAL
3695,1761211817976,5.143010523170233,-3.017539158463478,-30.77787719666958,-0.044422708451747894,0.08480331301689148,-0.013170409947633743,100,OK,MAP_UPDATE,OK,VISUAL_INERTIAL
3696,1761211817992,5.069959908723831,-3.1767883338034153,-30.71512095630169,-0.04427443817257881,0.08471936732530594,-0.013229402713477612,100,OK,MAP_UPDATE,OK,VISUAL_INERTIAL
3697,1761211818009,5.144116003066301,-3.159052226692438,-30.70433810353279,-0.04431062936782837,0.08473080396652222,-0.013328761793673038,100,OK,MAP_UPDATE,OK,VISUAL_INERTIAL
3698,1761211818026,5.192236043512821,-2.97854864038527,-30.74626252055168,-0.044447969645261765,0.08481801301240921,-0.013259444385766983,100,OK,MAP_UPDATE,OK,VISUAL_INERTIAL
3699,1761211818042,5.265182815492153,-2.8769474010914564,-30.73394112288952,-0.04452390596270561,0.08486618101596832,-0.013251295313239098,100,OK,MAP_UPDATE,OK,VISUAL_INERTIAL
3700,1761211818059,5.184642504900694,-2.971008187159896,-30.734587460756302,-0.04444827884435654,0.08479703962802887,-0.013244015164673328,100,OK,MAP_UPDATE,OK,VISUAL_INERTIAL
3701,1761211818076,5.2363211289048195,-2.818232635036111,-30.743421986699104,-0.04455069452524185,0.08485501259565353,-0.013249590061604977,100,OK,MAP_UPDATE,OK,VISUAL_INERTIAL
3702,1761211818092,5.08079444989562,-3.0292195733636618,-30.686791986227036,-0.0443551167845726,0.0847378745675087,-0.013253126293420792,100,OK,MAP_UPDATE,OK,VISUAL_INERTIAL
3703,1761211818109,4.992961417883635,-3.1823557801544666,-30.66428378224373,-0.04427529498934746,0.08469633758068085,-0.013235216960310936,100,OK,MAP_UPDATE,OK,VISUAL_INERTIAL
3704,1761211818126,4.9201371148228645,-3.1621388625353575,-30.713822692632675,-0.0443057082593441,0.08465048670768738,-0.013240526430308819,100,OK,MAP_UPDATE,OK,VISUAL_INERTIAL
3705,1761211818142,4.884066991508007,-3.1891101971268654,-30.7146105915308,-0.044283676892519,0.08462276309728622,-0.01326759159564972,100,OK,MAP_UPDATE,OK,VISUAL_INERTIAL
3706,1761211818159,4.888003692030907,-3.117302665486932,-30.708057805895805,-0.04432612657546997,0.08465217798948288,-0.013235433027148247,100,OK,MAP_UPDATE,OK,VISUAL_INERTIAL
3707,1761211818176,4.920397885143757,-2.9746457003057003,-30.69402277469635,-0.04441314935684204,0.08471113443374634,-0.013169420883059502,100,OK,MAP_UPDATE,OK,VISUAL_INERTIAL
3708,1761211818192,4.966540262103081,-3.142016939818859,-30.6877288967371,-0.04430101811885834,0.08468817174434662,-0.013247597962617874,100,OK,MAP_UPDATE,OK,VISUAL_INERTIAL
3709,1761211818209,4.951582755893469,-3.146753879263997,-30.689489096403122,-0.044295087456703186,0.08466953039169312,-0.01325927209109068,100,OK,MAP_UPDATE,OK,VISUAL_INERTIAL
3710,1761211818226,4.893648438155651,-3.019793890416622,-30.692847445607185,-0.04436900094151497,0.0846555083990097,-0.013226146809756756,100,OK,MAP_UPDATE,OK,VISUAL_INERTIAL
3711,1761211818242,4.852918907999992,-3.2629836350679398,-30.66866658627987,-0.044225603342056274,0.08463147282600403,-0.013224899768829346,100,OK,MAP_UPDATE,OK,VISUAL_INERTIAL
3712,1761211818259,4.897013772279024,-3.224319079890847,-30.705304816365242,-0.044278766959905624,0.08464856445789337,-0.013224130496382713,100,OK,MAP_UPDATE,OK,VISUAL_INERTIAL
3713,1761211818276,4.982602782547474,-3.0765789560973644,-30.718041583895683,-0.04438070207834244,0.0846995934844017,-0.013214951381087303,100,OK,MAP_UPDATE,OK,VISUAL_INERTIAL
3714,1761211818292,5.091128405183554,-3.0768155120313168,-30.71100264787674,-0.04437610134482384,0.08475703746080399,-0.013258964754641056,100,OK,MAP_UPDATE,OK,VISUAL_INERTIAL
3715,1761211818309,5.0974697805941105,-3.114358289167285,-30.751105397939682,-0.04435344040393829,0.08474680781364441,-0.013277589343488216,100,OK,MAP_UPDATE,OK,VISUAL_INERTIAL
3716,1761211818326,5.0237528048455715,-3.181606065481901,-30.821150168776512,-0.044316366314888,0.08469127863645554,-0.013279023580253124,100,OK,MAP_UPDATE,OK,VISUAL_INERTIAL
3717,1761211818342,5.0696758553385735,-3.1223129481077194,-30.780477449297905,-0.044345639646053314,0.08474253863096237,-0.01325790025293827,100,OK,MAP_UPDATE,OK,VISUAL_INERTIAL
3718,1761211818359,5.028737243264914,-3.139197127893567,-30.7835154235363,-0.044348813593387604,0.08471880853176117,-0.013257305137813091,100,OK,MAP_UPDATE,OK,VISUAL_INERTIAL
3719,1761211818376,4.980884958058596,-3.0455670785158873,-30.794572085142136,-0.044421445578336716,0.08473820239305496,-0.013183632865548134,100,OK,MAP_UPDATE,OK,VISUAL_INERTIAL
3720,1761211818392,4.936715587973595,-2.8858156874775887,-30.807308852672577,-0.044529885053634644,0.08477628976106644,-0.0130818085744977,100,OK,MAP_UPDATE,OK,VISUAL_INERTIAL
3721,1761211818409,5.187079310417175,-2.8642001561820507,-30.782565474510193,-0.04452620819211006,0.08484002947807312,-0.013227958232164383,100,OK,MAP_UPDATE,OK,VISUAL_INERTIAL
3722,1761211818426,5.110359750688076,-2.6921366807073355,-30.726248398423195,-0.04460415244102478,0.08484026789665222,-0.013147656805813313,100,OK,MAP_UPDATE,OK,VISUAL_INERTIAL
3723,1761211818442,5.110359750688076,-2.6921366807073355,-30.726248398423195,-0.04460415244102478,0.08484026789665222,-0.013147656805813313,100,OK,MAP_UPDATE,OK,VISUAL_INERTIAL
3724,1761211818459,5.24934520944953,-2.554480452090502,-30.694754794239998,-0.04467931017279625,0.08489789068698883,-0.013231473043560982,100,OK,MAP_UPDATE,OK,VISUAL_INERTIAL
3725,1761211818476,5.099500995129347,-2.622816013172269,-30.696969479322433,-0.04462219402194023,0.08482333272695541,-0.013165694661438465,100,OK,MAP_UPDATE,OK,VISUAL_INERTIAL
3726,1761211818492,4.807490855455399,-2.7719016652554274,-30.70577047765255,-0.044510312378406525,0.084683358669281,-0.013040970079600811,100,OK,MAP_UPDATE,OK,VISUAL_INERTIAL
3727,1761211818509,4.979516379535198,-2.746809273958206,-30.734218657016754,-0.04456357657909393,0.08477071672677994,-0.013128840364515781,100,OK,MAP_UPDATE,OK,VISUAL_INERTIAL
3728,1761211818526,5.088895093649626,-2.592899603769183,-30.75282648205757,-0.044663771986961365,0.08484267443418503,-0.013138504698872566,100,OK,MAP_UPDATE,OK,VISUAL_INERTIAL
3729,1761211818542,5.145407281816006,-2.6997632812708616,-30.683713033795357,-0.04456373676657677,0.08483700454235077,-0.013171214610338211,100,OK,MAP_UPDATE,OK,VISUAL_INERTIAL
3730,1761211818559,5.208127666264772,-2.6288966182619333,-30.688893049955368,-0.04462612420320511,0.08485919237136841,-0.01318519376218319,100,OK,MAP_UPDATE,OK,VISUAL_INERTIAL
3731,1761211818576,5.085648503154516,-2.842080779373646,-30.705386772751808,-0.044472966343164444,0.08476344496011734,-0.013203060254454613,100,OK,MAP_UPDATE,OK,VISUAL_INERTIAL
3732,1761211818592,5.127716809511185,-2.903820015490055,-30.74612095952034,-0.044474661350250244,0.08477936685085297,-0.013266073539853096,100,OK,MAP_UPDATE,OK,VISUAL_INERTIAL
3733,1761211818609,5.145763047039509,-3.0441475100815296,-30.754510313272476,-0.04440903663635254,0.0847729742527008,-0.013274159282445908,100,OK,MAP_UPDATE,OK,VISUAL_INERTIAL
3734,1761211818626,5.172588862478733,-3.0781379900872707,-30.780641362071037,-0.04443521797657013,0.08482054620981216,-0.013275319710373878,100,OK,MAP_UPDATE,OK,VISUAL_INERTIAL
3735,1761211818642,5.292136687785387,-2.97875446267426,-30.761873349547386,-0.04446107894182205,0.08489993959665298,-0.013251378200948238,100,OK,MAP_UPDATE,OK,VISUAL_INERTIAL
3736,1761211818659,5.185775924474001,-2.9952144250273705,-30.692366883158684,-0.04440345987677574,0.08480308949947357,-0.013219378888607025,100,OK,MAP_UPDATE,OK,VISUAL_INERTIAL
3737,1761211818676,5.201664287596941,-2.9506126884371042,-30.748851597309113,-0.044469837099313736,0.08484205603599548,-0.013228222727775574,100,OK,MAP_UPDATE,OK,VISUAL_INERTIAL
3738,1761211818692,5.250461865216494,-2.8791590593755245,-30.728723853826523,-0.044494859874248505,0.08485826104879379,-0.013241835869848728,100,OK,MAP_UPDATE,OK,VISUAL_INERTIAL
3739,1761211818709,5.30740013346076,-2.852310659363866,-30.70800006389618,-0.044509246945381165,0.08488447219133377,-0.013253060169517994,100,OK,MAP_UPDATE,OK,VISUAL_INERTIAL
3740,1761211818726,5.385335069149733,-2.6325793005526066,-30.723432078957558,-0.04466632753610611,0.08496494591236115,-0.013221296481788158,100,OK,MAP_UPDATE,OK,VISUAL_INERTIAL
3741,1761211818742,5.4362160153687,-2.530920784920454,-30.721914023160934,-0.04471931234002113,0.08497839421033859,-0.013219761662185192,100,OK,MAP_UPDATE,OK,VISUAL_INERTIAL
3742,1761211818759,5.387767683714628,-2.6610898785293102,-30.68348579108715,-0.04462985321879387,0.08491051197052002,-0.013257882557809353,100,OK,MAP_UPDATE,OK,VISUAL_INERTIAL
3743,1761211818776,5.353241693228483,-2.6524902787059546,-30.74927255511284,-0.04465732350945473,0.08492808043956757,-0.013244636356830597,100,OK,MAP_UPDATE,OK,VISUAL_INERTIAL
3744,1761211818792,5.372724961489439,-2.673459006473422,-30.685825273394585,-0.04460038244724274,0.08491336554288864,-0.013269917108118534,100,OK,MAP_UPDATE,OK,VISUAL_INERTIAL
3745,1761211818809,5.372724961489439,-2.673459006473422,-30.685825273394585,-0.04460038244724274,0.08491336554288864,-0.013269917108118534,100,OK,MAP_UPDATE,OK,VISUAL_INERTIAL
3746,1761211818826,5.197532940655947,-2.6911154855042696,-30.784256756305695,-0.04464024677872658,0.08486434072256088,-0.013192940503358841,100,OK,MAP_UPDATE,OK,VISUAL_INERTIAL
3747,1761211818842,5.2993264980614185,-2.758467337116599,-30.756430700421333,-0.044577986001968384,0.0848931148648262,-0.013232682831585407,100,OK,MAP_UPDATE,OK,VISUAL_INERTIAL
3748,1761211818859,5.331241525709629,-2.735784510150552,-30.76919913291931,-0.0445939302444458,0.08489712327718735,-0.013213803991675377,100,OK,MAP_UPDATE,OK,VISUAL_INERTIAL
3749,1761211818876,5.382842849940062,-2.658343408256769,-30.77618218958378,-0.044654496014118195,0.08495112508535385,-0.013238281942903996,100,OK,MAP_UPDATE,OK,VISUAL_INERTIAL
3750,1761211818892,5.277364514768124,-2.75225006043911,-30.76391853392124,-0.04455829784274101,0.08486587554216385,-0.013232474215328693,100,OK,MAP_UPDATE,OK,VISUAL_INERTIAL
3751,1761211818909,5.334570538252592,-2.762929070740938,-30.73040582239628,-0.04457926005125046,0.08490828424692154,-0.01327467244118452,100,OK,MAP_UPDATE,OK,VISUAL_INERTIAL
3752,1761211818926,5.342550575733185,-2.700564917176962,-30.730875208973885,-0.044597286731004715,0.08492638170719147,-0.013230161741375923,100,OK,MAP_UPDATE,OK,VISUAL_INERTIAL
3753,1761211818942,5.396450404077768,-2.5928281247615814,-30.723899602890015,-0.04468072950839996,0.08494562655687332,-0.013246803544461727,100,OK,MAP_UPDATE,OK,VISUAL_INERTIAL
3754,1761211818959,5.505365319550037,-2.5884946808218956,-30.725708231329918,-0.04469083249568939,0.08499019593000412,-0.0132953692227602,100,OK,MAP_UPDATE,OK,VISUAL_INERTIAL
3755,1761211818976,5.258757621049881,-2.6730927638709545,-30.795380473136902,-0.044619496911764145,0.08485057950019836,-0.013254338875412941,100,OK,MAP_UPDATE,OK,VISUAL_INERTIAL
3756,1761211818992,5.256923846900463,-2.6883629616349936,-30.756598338484764,-0.0446188822388649,0.08485788106918335,-0.013244946487247944,100,OK,MAP_UPDATE,OK,VISUAL_INERTIAL
3757,1761211819009,5.2236891351640224,-2.752286847680807,-30.7154580950737,-0.04455241188406944,0.08485616743564606,-0.01320857647806406,100,OK,MAP_UPDATE,OK,VISUAL_INERTIAL
3758,1761211819026,5.2154152654111385,-2.756637055426836,-30.717074871063232,-0.04458412155508995,0.08485814183950424,-0.013216739520430565,100,OK,MAP_UPDATE,OK,VISUAL_INERTIAL
3759,1761211819042,5.064015742391348,-2.927481196820736,-30.717894434928894,-0.04443349689245224,0.08475466817617416,-0.013189220800995827,100,OK,MAP_UPDATE,OK,VISUAL_INERTIAL
3760,1761211819059,5.064015742391348,-2.927481196820736,-30.717894434928894,-0.04443349689245224,0.08475466817617416,-0.013189220800995827,100,OK,MAP_UPDATE,OK,VISUAL_INERTIAL
3761,1761211819076,4.9439058639109135,-2.9675066471099854,-30.75317107141018,-0.044435132294893265,0.08471126854419708,-0.013190168887376785,100,OK,MAP_UPDATE,OK,VISUAL_INERTIAL
3762,1761211819092,4.931621719151735,-2.8884073253721,-30.775072053074837,-0.044508472084999084,0.08472595363855362,-0.01319830771535635,100,OK,MAP_UPDATE,OK,VISUAL_INERTIAL
3763,1761211819109,4.943456966429949,-2.7731747832149267,-30.794238671660423,-0.044602684676647186,0.08475427329540253,-0.013207076117396355,100,OK,MAP_UPDATE,OK,VISUAL_INERTIAL
3764,1761211819126,5.038253962993622,-2.6683942414820194,-30.81187605857849,-0.04462926834821701,0.08479216694831848,-0.013218965381383896,100,OK,MAP_UPDATE,OK,VISUAL_INERTIAL
3765,1761211819142,5.101196467876434,-2.65546259470284,-30.777614563703537,-0.04462778940796852,0.08482006192207336,-0.013205326162278652,100,OK,MAP_UPDATE,OK,VISUAL_INERTIAL
3766,1761211819159,5.134929437190294,-2.713959664106369,-30.71417659521103,-0.04460177570581436,0.08483682572841644,-0.01317916065454483,100,OK,MAP_UPDATE,OK,VISUAL_INERTIAL
3767,1761211819176,5.147373303771019,-2.8017940931022167,-30.725067481398582,-0.044547777622938156,0.08481556177139282,-0.0132188331335783,100,OK,MAP_UPDATE,OK,VISUAL_INERTIAL
3768,1761211819192,5.353974644094706,-2.631606999784708,-30.720481649041176,-0.04466734826564789,0.08492448925971985,-0.013247380033135414,100,OK,MAP_UPDATE,OK,VISUAL_INERTIAL
3769,1761211819209,5.391301587224007,-2.689602319151163,-30.69954365491867,-0.04463370516896248,0.0849282443523407,-0.013262300752103329,100,OK,MAP_UPDATE,OK,VISUAL_INERTIAL
3770,1761211819226,5.407223012298346,-2.7233529835939407,-30.730020254850388,-0.04462238773703575,0.08494460582733154,-0.013251329772174358,100,OK,MAP_UPDATE,OK,VISUAL_INERTIAL
3771,1761211819242,5.3322212770581245,-2.842288464307785,-30.709078535437584,-0.04452863335609436,0.08489249646663666,-0.013232853263616562,100,OK,MAP_UPDATE,OK,VISUAL_INERTIAL
3772,1761211819259,5.186117719858885,-3.0354971531778574,-30.654344707727432,-0.04437760263681412,0.08479289710521698,-0.013213749043643475,100,OK,MAP_UPDATE,OK,VISUAL_INERTIAL
3773,1761211819276,5.216703750193119,-3.1458029989153147,-30.76065145432949,-0.04437251016497612,0.08480699360370636,-0.013334876857697964,100,OK,MAP_UPDATE,OK,VISUAL_INERTIAL
3774,1761211819292,5.136624909937382,-3.0749186407774687,-30.792374163866043,-0.04439491778612137,0.08478492498397827,-0.013247935101389885,100,OK,MAP_UPDATE,OK,VISUAL_INERTIAL
3775,1761211819309,5.229660775512457,-3.077368251979351,-30.785834416747093,-0.04440345615148544,0.0848190039396286,-0.013287195935845375,100,OK,MAP_UPDATE,OK,VISUAL_INERTIAL
3776,1761211819326,5.207985173910856,-2.955934265628457,-30.804278329014778,-0.044483963400125504,0.08482325822114944,-0.013245528563857079,100,OK,MAP_UPDATE,OK,VISUAL_INERTIAL
3777,1761211819342,5.142136476933956,-3.005398204550147,-30.794082209467888,-0.04442526772618294,0.08478378504514694,-0.013255178928375244,100,OK,MAP_UPDATE,OK,VISUAL_INERTIAL
3778,1761211819359,5.038466304540634,-3.200746141374111,-30.768707394599915,-0.04426739737391472,0.08471004664897919,-0.013296899385750294,100,OK,MAP_UPDATE,OK,VISUAL_INERTIAL
3779,1761211819376,5.076229106634855,-3.1448479276150465,-30.804775655269623,-0.04436112940311432,0.08476430177688599,-0.013261279091238976,100,OK,MAP_UPDATE,OK,VISUAL_INERTIAL
3780,1761211819392,5.029626190662384,-3.1368283089250326,-30.77913261950016,-0.044331539422273636,0.08471731841564178,-0.013253003358840942,100,OK,MAP_UPDATE,OK,VISUAL_INERTIAL
3781,1761211819409,5.0753820687532425,-3.0798790976405144,-30.746513977646828,-0.04434232786297798,0.08475302904844284,-0.013253225944936275,100,OK,MAP_UPDATE,OK,VISUAL_INERTIAL
3782,1761211819426,5.044496618211269,-2.9548602178692818,-30.788050964474678,-0.04445265978574753,0.08477377146482468,-0.013198805041611195,100,OK,MAP_UPDATE,OK,VISUAL_INERTIAL
3783,1761211819442,4.958570934832096,-2.7766700368374586,-30.873969197273254,-0.04461483657360077,0.0847768783569336,-0.013115296140313148,100,OK,MAP_UPDATE,OK,VISUAL_INERTIAL
3784,1761211819459,5.050251260399818,-2.8696886729449034,-30.802998691797256,-0.04451080784201622,0.08478914201259613,-0.013173164799809456,100,OK,MAP_UPDATE,OK,VISUAL_INERTIAL
3785,1761211819476,5.326014943420887,-2.6188530027866364,-30.844485387206078,-0.04469173029065132,0.08495817333459854,-0.013216476887464523,100,OK,MAP_UPDATE,OK,VISUAL_INERTIAL
3786,1761211819492,5.399251356720924,-2.518895547837019,-30.78739158809185,-0.04471534118056297,0.08496519178152084,-0.013246462680399418,100,OK,MAP_UPDATE,OK,VISUAL_INERTIAL
3787,1761211819509,5.402373615652323,-2.585051115602255,-30.720414593815804,-0.04465436190366745,0.08496323972940445,-0.013223037123680115,100,OK,MAP_UPDATE,OK,VISUAL_INERTIAL
3788,1761211819526,5.517407786101103,-2.389785833656788,-30.757540836930275,-0.04479106888175011,0.08507033437490463,-0.013174129649996758,100,OK,MAP_UPDATE,OK,VISUAL_INERTIAL
3789,1761211819542,5.483283661305904,-2.358305035158992,-30.760083347558975,-0.04480397701263428,0.08504597842693329,-0.013144517317414284,100,OK,MAP_UPDATE,OK,VISUAL_INERTIAL
3790,1761211819559,5.324592813849449,-2.476427471265197,-30.739305540919304,-0.044713668525218964,0.08493170142173767,-0.013130400329828262,100,OK,MAP_UPDATE,OK,VISUAL_INERTIAL
3791,1761211819576,5.262942519038916,-2.5178762152791023,-30.764663591980934,-0.04471208155155182,0.08491973578929901,-0.013134821318089962,100,OK,MAP_UPDATE,OK,VISUAL_INERTIAL
3792,1761211819592,5.2026258781552315,-2.5630886666476727,-30.749639496207237,-0.04466601833701134,0.084858737885952,-0.013190104626119137,100,OK,MAP_UPDATE,OK,VISUAL_INERTIAL
3793,1761211819609,5.2306256256997585,-2.722159493714571,-30.708689242601395,-0.04454673454165459,0.0848466008901596,-0.01325442735105753,100,OK,MAP_UPDATE,OK,VISUAL_INERTIAL
3794,1761211819626,5.146237555891275,-2.9318886809051037,-30.737141147255898,-0.04445577785372734,0.08480026572942734,-0.013250093907117844,100,OK,MAP_UPDATE,OK,VISUAL_INERTIAL
3795,1761211819642,4.977433010935783,-3.1715950462967157,-30.811285600066185,-0.04437146335840225,0.0847218781709671,-0.013207894749939442,100,OK,MAP_UPDATE,OK,VISUAL_INERTIAL
3796,1761211819659,4.908837378025055,-3.25528671965003,-30.765783041715622,-0.04424407333135605,0.08466856181621552,-0.013212595134973526,100,OK,MAP_UPDATE,OK,VISUAL_INERTIAL
3797,1761211819676,4.9537899903953075,-3.245682455599308,-30.787451192736626,-0.044289480894804,0.08470257371664047,-0.013238387182354927,100,OK,MAP_UPDATE,OK,VISUAL_INERTIAL
3798,1761211819692,4.922619555145502,-3.3163800835609436,-30.77629581093788,-0.0442134365439415,0.08465831726789474,-0.013285038061439991,100,OK,MAP_UPDATE,OK,VISUAL_INERTIAL
3799,1761211819709,5.0087920390069485,-3.2263072207570076,-30.76840005815029,-0.044287487864494324,0.08471330255270004,-0.013286303728818893,100,OK,MAP_UPDATE,OK,VISUAL_INERTIAL
3800,1761211819726,4.92447754368186,-3.230386646464467,-30.769528821110725,-0.044278133660554886,0.08468475937843323,-0.01322585716843605,100,OK,MAP_UPDATE,OK,VISUAL_INERTIAL
3801,1761211819742,4.717425908893347,-3.304710378870368,-30.775772407650948,-0.044212356209754944,0.08459483087062836,-0.013135479763150215,100,OK,MAP_UPDATE,OK,VISUAL_INERTIAL
3802,1761211819759,4.814869724214077,-3.263587597757578,-30.776819214224815,-0.04423312470316887,0.08462365716695786,-0.01322009414434433,100,OK,MAP_UPDATE,OK,VISUAL_INERTIAL
3803,1761211819776,4.860116168856621,-3.2598257530480623,-30.829139053821564,-0.044264186173677444,0.08464815467596054,-0.01324232667684555,100,OK,MAP_UPDATE,OK,VISUAL_INERTIAL
3804,1761211819792,4.945713561028242,-3.139202482998371,-30.78022412955761,-0.0443090982735157,0.08468642085790634,-0.013255013152956963,100,OK,MAP_UPDATE,OK,VISUAL_INERTIAL
3805,1761211819809,5.025868304073811,-3.0955716501921415,-30.751246958971024,-0.044331539422273636,0.0847150981426239,-0.0132551034912467,100,OK,MAP_UPDATE,OK,VISUAL_INERTIAL
3806,1761211819826,5.109186749905348,-2.972586778923869,-30.780263245105743,-0.04446011409163475,0.08478788286447525,-0.013233162462711334,100,OK,MAP_UPDATE,OK,VISUAL_INERTIAL
3807,1761211819842,5.134656559675932,-2.950227353721857,-30.772296711802483,-0.04446375370025635,0.08480555564165115,-0.013226181268692017,100,OK,MAP_UPDATE,OK,VISUAL_INERTIAL
3808,1761211819859,5.279249977320433,-2.812905702739954,-30.731171369552612,-0.044544536620378494,0.08487729728221893,-0.01323934830725193,100,OK,MAP_UPDATE,OK,VISUAL_INERTIAL
3809,1761211819876,5.172853823751211,-2.720707096159458,-30.74558824300766,-0.044574785977602005,0.08483216166496277,-0.01317645888775587,100,OK,MAP_UPDATE,OK,VISUAL_INERTIAL
3810,1761211819892,5.176470149308443,-2.7557476423680782,-30.778229236602783,-0.044566553086042404,0.08481831103563309,-0.013217789120972157,100,OK,MAP_UPDATE,OK,VISUAL_INERTIAL
3811,1761211819909,5.241455044597387,-2.76441709138453,-30.758213251829147,-0.04454755410552025,0.084859699010849,-0.013237310573458672,100,OK,MAP_UPDATE,OK,VISUAL_INERTIAL
3812,1761211819926,5.158103536814451,-2.8404041659086943,-30.78395314514637,-0.044521309435367584,0.08480257540941238,-0.013224880211055279,100,OK,MAP_UPDATE,OK,VISUAL_INERTIAL
3813,1761211819942,4.961085505783558,-2.9657604172825813,-30.83975613117218,-0.04447866231203079,0.08467987924814224,-0.013195626437664032,100,OK,MAP_UPDATE,OK,VISUAL_INERTIAL
3814,1761211819959,4.948815796524286,-3.036856185644865,-30.74192814528942,-0.04438253864645958,0.08470264822244644,-0.0131986690685153,100,OK,MAP_UPDATE,OK,VISUAL_INERTIAL
3815,1761211819976,4.9264258705079556,-3.0823503620922565,-30.77530488371849,-0.04438298940658569,0.0846782773733139,-0.013207292184233665,100,OK,MAP_UPDATE,OK,VISUAL_INERTIAL
3816,1761211819992,4.970880690962076,-2.969255903735757,-30.775554478168488,-0.04441899061203003,0.08471089601516724,-0.013214629143476486,100,OK,MAP_UPDATE,OK,VISUAL_INERTIAL
3817,1761211820009,5.002189427614212,-2.9741826001554728,-30.780736356973648,-0.04443833604454994,0.08471028506755829,-0.013221805915236473,100,OK,MAP_UPDATE,OK,VISUAL_INERTIAL
3818,1761211820026,5.016688257455826,-3.071113023906946,-30.79143352806568,-0.04442933201789856,0.08468896895647049,-0.013229424133896828,100,OK,MAP_UPDATE,OK,VISUAL_INERTIAL
3819,1761211820042,4.997540730983019,-3.069966798648238,-30.792023986577988,-0.04439765214920044,0.08470160514116287,-0.013232463039457798,100,OK,MAP_UPDATE,OK,VISUAL_INERTIAL
3820,1761211820059,4.960928577929735,-2.998913638293743,-30.784323811531067,-0.04437332972884178,0.08472549170255661,-0.013231468386948109,100,OK,MAP_UPDATE,OK,VISUAL_INERTIAL
3821,1761211820076,4.918696824461222,-3.0723081436008215,-30.789311975240707,-0.04436962306499481,0.08469495177268982,-0.013210196048021317,100,OK,MAP_UPDATE,OK,VISUAL_INERTIAL
3822,1761211820092,4.882704466581345,-3.0988212674856186,-30.754314735531807,-0.04433182626962662,0.08467630296945572,-0.013198483735322952,100,OK,MAP_UPDATE,OK,VISUAL_INERTIAL
3823,1761211820109,4.9412911757826805,-3.257762873545289,-30.7523924857378,-0.04425982013344765,0.08467649668455124,-0.01324413437396288,100,OK,MAP_UPDATE,OK,VISUAL_INERTIAL
3824,1761211820126,5.1529970951378345,-2.960161305963993,-30.77906183898449,-0.04449743777513504,0.08483287692070007,-0.013212516903877258,100,OK,MAP_UPDATE,OK,VISUAL_INERTIAL
3825,1761211820142,5.097369197756052,-3.0301527585834265,-30.797583982348442,-0.04441779479384422,0.08476795256137848,-0.013220065273344517,100,OK,MAP_UPDATE,OK,VISUAL_INERTIAL
3826,1761211820159,5.166419316083193,-3.0421889387071133,-30.821509659290314,-0.044413674622774124,0.08479318767786026,-0.013275288045406342,100,OK,MAP_UPDATE,OK,VISUAL_INERTIAL
3827,1761211820176,5.20207779482007,-2.9000567737966776,-30.855894088745117,-0.044535864144563675,0.08483001589775085,-0.013270053081214428,100,OK,MAP_UPDATE,OK,VISUAL_INERTIAL
3828,1761211820192,5.129629280418158,-3.035739529877901,-30.834119766950607,-0.044416602700948715,0.08476950228214264,-0.013260059989988804,100,OK,MAP_UPDATE,OK,VISUAL_INERTIAL
3829,1761211820209,5.083085037767887,-3.0619874596595764,-30.783111229538918,-0.04437900334596634,0.0847378671169281,-0.013250187039375305,100,OK,MAP_UPDATE,OK,VISUAL_INERTIAL
3830,1761211820225,5.05890604108572,-2.9992905911058187,-30.7171493768692,-0.044405966997146606,0.08472900092601776,-0.013241791166365147,100,OK,MAP_UPDATE,OK,VISUAL_INERTIAL
3831,1761211820242,5.116896703839302,-2.9179463163018227,-30.76622262597084,-0.04448442906141281,0.0847775936126709,-0.013254295103251934,100,OK,MAP_UPDATE,OK,VISUAL_INERTIAL
3832,1761211820259,5.158482119441032,-2.820855239406228,-30.75488470494747,-0.04452313482761383,0.08480962365865707,-0.013253221288323402,100,OK,MAP_UPDATE,OK,VISUAL_INERTIAL
3833,1761211820276,5.2520278841257095,-2.6173314545303583,-30.80137073993683,-0.04468587785959244,0.08489643782377243,-0.013244148343801498,100,OK,MAP_UPDATE,OK,VISUAL_INERTIAL
3834,1761211820292,5.238027311861515,-2.585196867585182,-30.79814277589321,-0.04467849060893059,0.08488142490386963,-0.013209853321313858,100,OK,MAP_UPDATE,OK,VISUAL_INERTIAL
3835,1761211820309,5.1370905712246895,-2.697440329939127,-30.76564520597458,-0.04455704614520073,0.08480005711317062,-0.013165531679987907,100,OK,MAP_UPDATE,OK,VISUAL_INERTIAL
3836,1761211820326,5.1727816462516785,-2.615481847897172,-30.775150284171104,-0.044658489525318146,0.08487033098936081,-0.013143042102456093,100,OK,MAP_UPDATE,OK,VISUAL_INERTIAL
3837,1761211820342,5.0742607563734055,-2.9003142844885588,-30.749890953302383,-0.04448594152927399,0.08477563410997391,-0.01317509077489376,100,OK,MAP_UPDATE,OK,VISUAL_INERTIAL
3838,1761211820359,5.131167825311422,-2.899057697504759,-30.753567814826965,-0.044494591653347015,0.08479141443967819,-0.013235315680503845,100,OK,MAP_UPDATE,OK,VISUAL_INERTIAL
3839,1761211820376,5.107668228447437,-2.969578607007861,-30.717192217707634,-0.044444479048252106,0.08477479964494705,-0.01324162445962429,100,OK,MAP_UPDATE,OK,VISUAL_INERTIAL
3840,1761211820392,5.1392121240496635,-3.012571716681123,-30.758291482925415,-0.04441901668906212,0.08479993790388107,-0.013255413621664047,100,OK,MAP_UPDATE,OK,VISUAL_INERTIAL
3841,1761211820409,5.336686968803406,-2.8533623553812504,-30.760927125811577,-0.04452226683497429,0.08488297462463379,-0.013295639306306839,100,OK,MAP_UPDATE,OK,VISUAL_INERTIAL
3842,1761211820425,5.369193386286497,-2.6556644588708878,-30.807698145508766,-0.044654008001089096,0.08493691682815552,-0.013267891481518745,100,OK,MAP_UPDATE,OK,VISUAL_INERTIAL
3843,1761211820442,5.324362777173519,-2.603895263746381,-30.78019991517067,-0.04467250034213066,0.08489945530891418,-0.013227676041424274,100,OK,MAP_UPDATE,OK,VISUAL_INERTIAL
3844,1761211820459,5.254614632576704,-2.794984495267272,-30.8141577988863,-0.04456060752272606,0.08486993610858917,-0.013192906975746155,100,OK,MAP_UPDATE,OK,VISUAL_INERTIAL
3845,1761211820475,5.335665307939053,-2.7718187775462866,-30.822740867733955,-0.04457135125994682,0.084927998483181,-0.013220219872891903,100,OK,MAP_UPDATE,OK,VISUAL_INERTIAL
3846,1761211820492,5.42483851313591,-2.6942905969917774,-30.85767850279808,-0.044658757746219635,0.08499190211296082,-0.013213096186518669,100,OK,MAP_UPDATE,OK,VISUAL_INERTIAL
3847,1761211820509,5.344297271221876,-2.825296949595213,-30.837440863251686,-0.044540997594594955,0.08490949869155884,-0.013214865699410439,100,OK,MAP_UPDATE,OK,VISUAL_INERTIAL
3848,1761211820525,5.390250124037266,-2.834134269505739,-30.850837007164955,-0.044550832360982895,0.08494029939174652,-0.013237863779067993,100,OK,MAP_UPDATE,OK,VISUAL_INERTIAL
3849,1761211820542,5.482284352183342,-2.644093008711934,-30.859792605042458,-0.04468771815299988,0.08501587808132172,-0.013225402683019638,100,OK,MAP_UPDATE,OK,VISUAL_INERTIAL
3850,1761211820559,5.367093253880739,-2.817538334056735,-30.82917630672455,-0.044549036771059036,0.08491462469100952,-0.013241400010883808,100,OK,MAP_UPDATE,OK,VISUAL_INERTIAL
3851,1761211820575,5.309850443154573,-2.9630018398165703,-30.837489292025566,-0.04445156082510948,0.08486434072256088,-0.013266419991850853,100,OK,MAP_UPDATE,OK,VISUAL_INERTIAL
3852,1761211820592,5.268018692731857,-2.9868611600250006,-30.83617240190506,-0.044437795877456665,0.08486875146627426,-0.013261348009109497,100,OK,MAP_UPDATE,OK,VISUAL_INERTIAL
3853,1761211820609,5.178633611649275,-3.10918758623302,-30.80545738339424,-0.0443497896194458,0.08476801961660385,-0.013297189958393574,100,OK,MAP_UPDATE,OK,VISUAL_INERTIAL
3854,1761211820625,5.2056992426514626,-3.0163403134793043,-30.801894143223763,-0.0444326214492321,0.08481106162071228,-0.013288551941514015,100,OK,MAP_UPDATE,OK,VISUAL_INERTIAL
3855,1761211820642,5.209970287978649,-3.045256482437253,-30.861448496580124,-0.044457320123910904,0.08483260124921799,-0.013260984793305397,100,OK,MAP_UPDATE,OK,VISUAL_INERTIAL
3856,1761211820659,5.176056642085314,-3.153021913021803,-30.84910474717617,-0.04436499997973442,0.08477382361888885,-0.013304437510669231,100,OK,MAP_UPDATE,OK,VISUAL_INERTIAL
3857,1761211820676,5.253564100712538,-3.0149139929562807,-30.88610991835594,-0.04446487873792648,0.08484300971031189,-0.013292628340423107,100,OK,MAP_UPDATE,OK,VISUAL_INERTIAL
3858,1761211820692,5.38049777969718,-2.757540438324213,-30.9017114341259,-0.04464288800954819,0.08495620638132095,-0.013253683224320412,100,OK,MAP_UPDATE,OK,VISUAL_INERTIAL
3859,1761211820709,5.393898114562035,-2.787391422316432,-30.85445985198021,-0.04456772655248642,0.08493572473526001,-0.013227862305939198,100,OK,MAP_UPDATE,OK,VISUAL_INERTIAL
3860,1761211820726,5.36090275272727,-2.751534804701805,-30.840281397104263,-0.04458042234182358,0.08492956310510635,-0.013223037123680115,100,OK,MAP_UPDATE,OK,VISUAL_INERTIAL
3861,1761211820742,5.342778284102678,-2.7404946740716696,-30.806852504611015,-0.04460495337843895,0.08493393659591675,-0.013169282115995884,100,OK,MAP_UPDATE,OK,VISUAL_INERTIAL
3862,1761211820759,5.2856807596981525,-2.8332825750112534,-30.78463301062584,-0.0445181168615818,0.0848601758480072,-0.013206982053816319,100,OK,MAP_UPDATE,OK,VISUAL_INERTIAL
3863,1761211820775,5.249347537755966,-2.915478078648448,-30.80941177904606,-0.044497087597846985,0.08483605831861496,-0.01324654184281826,100,OK,MAP_UPDATE,OK,VISUAL_INERTIAL
3864,1761211820792,5.173297133296728,-2.903074724599719,-30.823590233922005,-0.04449889063835144,0.08483105152845383,-0.013208437711000443,100,OK,MAP_UPDATE,OK,VISUAL_INERTIAL
3865,1761211820809,5.115730222314596,-3.0683684162795544,-30.83726577460766,-0.04440107196569443,0.08476582914590836,-0.01326228491961956,100,OK,MAP_UPDATE,OK,VISUAL_INERTIAL
3866,1761211820826,5.21712563931942,-2.9737642034888268,-30.84818460047245,-0.04449567571282387,0.0848655179142952,-0.013266067020595074,100,OK,MAP_UPDATE,OK,VISUAL_INERTIAL
3867,1761211820842,5.217507481575012,-3.0212807469069958,-30.85407242178917,-0.04446474090218544,0.08487340807914734,-0.013231988996267319,100,OK,MAP_UPDATE,OK,VISUAL_INERTIAL
3868,1761211820859,5.127056501805782,-3.194127231836319,-30.855316668748856,-0.04434021934866905,0.08481045812368393,-0.013182740658521652,100,OK,MAP_UPDATE,OK,VISUAL_INERTIAL
3869,1761211820876,5.146715324372053,-3.2106658909469843,-30.86891584098339,-0.044331811368465424,0.08480113744735718,-0.013207460753619671,100,OK,MAP_UPDATE,OK,VISUAL_INERTIAL
3870,1761211820892,5.14428922906518,-3.1535897869616747,-30.875787138938904,-0.04436870291829109,0.08480697870254517,-0.013201775960624218,100,OK,MAP_UPDATE,OK,VISUAL_INERTIAL
3871,1761211820909,5.1269265823066235,-3.0373595654964447,-30.875569209456444,-0.04443741962313652,0.08481977880001068,-0.013173087500035763,100,OK,MAP_UPDATE,OK,VISUAL_INERTIAL
3872,1761211820925,5.108294542878866,-3.174471901729703,-30.851200222969055,-0.04436204582452774,0.0847768485546112,-0.013227802701294422,100,OK,MAP_UPDATE,OK,VISUAL_INERTIAL
3873,1761211820942,5.183573346585035,-3.02762514911592,-30.882608145475388,-0.04447002708911896,0.08485380560159683,-0.01322745718061924,100,OK,MAP_UPDATE,OK,VISUAL_INERTIAL
3874,1761211820959,5.095403641462326,-3.2447476405650377,-30.824651941657066,-0.0442952886223793,0.08475259691476822,-0.013248972594738007,100,OK,MAP_UPDATE,OK,VISUAL_INERTIAL
3875,1761211820975,5.119849927723408,-3.1344867311418056,-30.81018663942814,-0.044370099902153015,0.08479630947113037,-0.013225773349404335,100,OK,MAP_UPDATE,OK,VISUAL_INERTIAL
3876,1761211820992,5.171701777726412,-3.0389034654945135,-30.877485871315002,-0.04445863142609596,0.08482646942138672,-0.013223528861999512,100,OK,MAP_UPDATE,OK,VISUAL_INERTIAL
3877,1761211821009,5.1773046143352985,-3.083446528762579,-30.8814849704504,-0.044394172728061676,0.08479522913694382,-0.01324844267219305,100,OK,MAP_UPDATE,OK,VISUAL_INERTIAL
3878,1761211821026,5.18660107627511,-2.9679760336875916,-30.861927196383476,-0.044465117156505585,0.08482001721858978,-0.013240791857242584,100,OK,MAP_UPDATE,OK,VISUAL_INERTIAL
3879,1761211821042,5.210152827203274,-2.713027410209179,-30.82830458879471,-0.04463816061615944,0.08488327264785767,-0.01321045495569706,100,OK,MAP_UPDATE,OK,VISUAL_INERTIAL
3880,1761211821059,5.19142672419548,-2.920623403042555,-30.821718275547028,-0.04448803514242172,0.08481989055871964,-0.013243505731225014,100,OK,MAP_UPDATE,OK,VISUAL_INERTIAL
3881,1761211821075,5.338631104677916,-2.7487915940582752,-30.839543789625168,-0.04460733383893967,0.08493582159280777,-0.013235267251729965,100,OK,MAP_UPDATE,OK,VISUAL_INERTIAL
3882,1761211821092,5.27955824509263,-2.836743835359812,-30.845869332551956,-0.04455782473087311,0.08490527421236038,-0.013175483793020248,100,OK,MAP_UPDATE,OK,VISUAL_INERTIAL
3883,1761211821109,5.264197941869497,-2.883195411413908,-30.83009086549282,-0.04448159039020538,0.08486375957727432,-0.013218693435192108,100,OK,MAP_UPDATE,OK,VISUAL_INERTIAL
3884,1761211821125,5.187581293284893,-2.995567861944437,-30.812159180641174,-0.044403765350580215,0.08481237292289734,-0.013224266469478607,100,OK,MAP_UPDATE,OK,VISUAL_INERTIAL
3885,1761211821142,5.066743586212397,-3.1558999326080084,-30.795089900493622,-0.044318247586488724,0.0847504585981369,-0.01320408284664154,100,OK,MAP_UPDATE,OK,VISUAL_INERTIAL
3886,1761211821159,4.920839332044125,-3.3430038020014763,-30.781112611293793,-0.04422309622168541,0.08467935025691986,-0.013172168284654617,100,OK,MAP_UPDATE,OK,VISUAL_INERTIAL
3887,1761211821175,5.023874808102846,-3.302687779068947,-30.845073983073235,-0.04431011155247688,0.08473417907953262,-0.013242777436971664,100,OK,MAP_UPDATE,OK,VISUAL_INERTIAL
3888,1761211821192,5.065595731139183,-3.214680589735508,-30.88298998773098,-0.04437071084976196,0.0847957506775856,-0.013210571371018887,100,OK,MAP_UPDATE,OK,VISUAL_INERTIAL
3889,1761211821209,5.0804950296878815,-3.246721811592579,-30.872078612446785,-0.044313374906778336,0.08477969467639923,-0.013202742673456669,100,OK,MAP_UPDATE,OK,VISUAL_INERTIAL
3890,1761211821225,5.095964763313532,-3.2608637120574713,-30.89703805744648,-0.04431822896003723,0.084769606590271,-0.013196136802434921,100,OK,MAP_UPDATE,OK,VISUAL_INERTIAL
3891,1761211821242,5.2020857110619545,-3.018106333911419,-30.91335855424404,-0.044481631368398666,0.0848536416888237,-0.013219663873314857,100,OK,MAP_UPDATE,OK,VISUAL_INERTIAL
3892,1761211821259,5.251797381788492,-3.0537943821400404,-30.862536281347275,-0.044421613216400146,0.08482648432254791,-0.013269531540572643,100,OK,MAP_UPDATE,OK,VISUAL_INERTIAL
3893,1761211821275,5.326204467564821,-3.0380645766854286,-30.83634562790394,-0.04441442713141441,0.08486419171094894,-0.013300993479788303,100,OK,MAP_UPDATE,OK,VISUAL_INERTIAL
3894,1761211821292,5.3777233697474,-2.9132189229130745,-30.84290586411953,-0.044509969651699066,0.08492685109376907,-0.013255707919597626,100,OK,MAP_UPDATE,OK,VISUAL_INERTIAL
3895,1761211821309,5.2859727293252945,-3.033443121239543,-30.851468443870544,-0.04440862685441971,0.08483937382698059,-0.01324689295142889,100,OK,MAP_UPDATE,OK,VISUAL_INERTIAL
3896,1761211821325,5.292972084134817,-3.0831904150545597,-30.872445553541183,-0.04441090673208237,0.08485349267721176,-0.013262658379971981,100,OK,MAP_UPDATE,OK,VISUAL_INERTIAL
3897,1761211821342,5.283162463456392,-2.98698665574193,-30.894272029399872,-0.04446698725223541,0.08487708121538162,-0.013225024566054344,100,OK,MAP_UPDATE,OK,VISUAL_INERTIAL
3898,1761211821359,5.315139889717102,-2.9517801012843847,-30.86037188768387,-0.044498294591903687,0.08489545434713364,-0.013231500051915646,100,OK,MAP_UPDATE,OK,VISUAL_INERTIAL
3899,1761211821375,5.288410000503063,-2.8876205906271935,-30.842099338769913,-0.044505730271339417,0.08487021923065186,-0.013246724382042885,100,OK,MAP_UPDATE,OK,VISUAL_INERTIAL
3900,1761211821392,5.164445843547583,-2.915172139182687,-30.836863443255424,-0.044479191303253174,0.08480846881866455,-0.01322800014168024,100,OK,MAP_UPDATE,OK,VISUAL_INERTIAL
3901,1761211821409,4.963996820151806,-3.0245089437812567,-30.840706080198288,-0.04441561922430992,0.08471352607011795,-0.013191195204854012,100,OK,MAP_UPDATE,OK,VISUAL_INERTIAL
3902,1761211821425,5.086115561425686,-3.061129944398999,-30.856693163514137,-0.04441487416625023,0.08476559072732925,-0.013263222761452198,100,OK,MAP_UPDATE,OK,VISUAL_INERTIAL
3903,1761211821442,5.101080052554607,-3.0263434164226055,-30.88984824717045,-0.04445713013410568,0.08479300886392593,-0.013231901451945305,100,OK,MAP_UPDATE,OK,VISUAL_INERTIAL
3904,1761211821459,5.205252207815647,-3.062414238229394,-30.88236041367054,-0.04443865641951561,0.08482227474451065,-0.013291172683238983,100,OK,MAP_UPDATE,OK,VISUAL_INERTIAL
3905,1761211821475,5.255016498267651,-3.0251077841967344,-30.865918844938278,-0.044464848935604095,0.08485452085733414,-0.013259265571832657,100,OK,MAP_UPDATE,OK,VISUAL_INERTIAL
3906,1761211821492,5.3773559629917145,-2.895359881222248,-30.87749518454075,-0.04456678777933121,0.08495671302080154,-0.013225646689534187,100,OK,MAP_UPDATE,OK,VISUAL_INERTIAL
3907,1761211821509,5.267298314720392,-3.0093395616859198,-30.83954192698002,-0.044443581253290176,0.08487043529748917,-0.01319785788655281,100,OK,MAP_UPDATE,OK,VISUAL_INERTIAL
3908,1761211821525,5.26924803853035,-3.013793146237731,-30.81171028316021,-0.044422511011362076,0.08485543727874756,-0.01321685966104269,100,OK,MAP_UPDATE,OK,VISUAL_INERTIAL
3909,1761211821542,5.340068601071835,-2.933461219072342,-30.885830521583557,-0.04452471062541008,0.08489979803562164,-0.013261395506560802,100,OK,MAP_UPDATE,OK,VISUAL_INERTIAL
3910,1761211821559,5.3456188179552555,-2.9735055286437273,-30.868785455822945,-0.044502049684524536,0.0848940834403038,-0.013262912631034851,100,OK,MAP_UPDATE,OK,VISUAL_INERTIAL
3911,1761211821576,5.385834723711014,-2.8793744277209044,-30.866170302033424,-0.04455217346549034,0.08493439108133316,-0.013235969468951225,100,OK,MAP_UPDATE,OK,VISUAL_INERTIAL
3912,1761211821592,5.457315128296614,-2.7359407395124435,-30.910613015294075,-0.0446774885058403,0.08499862998723984,-0.013225781731307507,100,OK,MAP_UPDATE,OK,VISUAL_INERTIAL
3913,1761211821609,5.399028770625591,-2.7451019268482924,-30.85990436375141,-0.04462407901883125,0.08494700491428375,-0.013242295943200588,100,OK,MAP_UPDATE,OK,VISUAL_INERTIAL
3914,1761211821625,5.221973173320293,-2.909801434725523,-30.748197808861732,-0.04443860054016113,0.08480849117040634,-0.013275133445858955,100,OK,MAP_UPDATE,OK,VISUAL_INERTIAL
3915,1761211821642,5.328808911144733,-2.8757553081959486,-30.857441946864128,-0.04455015808343887,0.08488751202821732,-0.013341862708330154,100,OK,MAP_UPDATE,OK,VISUAL_INERTIAL
3916,1761211821659,5.1411110907793045,-3.068286459892988,-30.81456758081913,-0.04438978061079979,0.08477216213941574,-0.013272079639136791,100,OK,MAP_UPDATE,OK,VISUAL_INERTIAL
3917,1761211821675,5.092391278594732,-3.175580408424139,-30.87063506245613,-0.04433617740869522,0.08473722636699677,-0.013286396861076355,100,OK,MAP_UPDATE,OK,VISUAL_INERTIAL
3918,1761211821692,5.194669589400291,-3.0267343390733004,-30.873967334628105,-0.04446883872151375,0.08483229577541351,-0.013251295313239098,100,OK,MAP_UPDATE,OK,VISUAL_INERTIAL
3919,1761211821710,5.206214264035225,-3.1258598901331425,-30.917629599571228,-0.04443482682108879,0.08481939136981964,-0.013264679349958897,100,OK,MAP_UPDATE,OK,VISUAL_INERTIAL
3920,1761211821725,5.305725149810314,-3.1507639214396477,-30.953971669077873,-0.044428300112485886,0.08486282080411911,-0.01330278068780899,100,OK,MAP_UPDATE,OK,VISUAL_INERTIAL
3921,1761211821742,5.390028934925795,-2.9202799778431654,-30.95949813723564,-0.04457191005349159,0.08493813127279282,-0.01326274499297142,100,OK,MAP_UPDATE,OK,VISUAL_INERTIAL
3922,1761211821759,5.344869568943977,-2.9885759577155113,-30.877185985445976,-0.044473230838775635,0.08488992601633072,-0.013263313099741936,100,OK,MAP_UPDATE,OK,VISUAL_INERTIAL
3923,1761211821775,5.398490931838751,-2.9381494969129562,-30.859917402267456,-0.044501714408397675,0.0849461555480957,-0.01326441764831543,100,OK,MAP_UPDATE,OK,VISUAL_INERTIAL
3924,1761211821792,5.390720907598734,-2.8913102578371763,-30.857237055897713,-0.04455842450261116,0.08495161682367325,-0.013230190612375736,100,OK,MAP_UPDATE,OK,VISUAL_INERTIAL
3925,1761211821809,5.33538730815053,-3.0020198319107294,-30.830513685941696,-0.044453833252191544,0.08489451557397842,-0.013253696262836456,100,OK,MAP_UPDATE,OK,VISUAL_INERTIAL
3926,1761211821825,5.458952393382788,-2.8631663881242275,-30.883390456438065,-0.044579558074474335,0.08496294170618057,-0.013282070867717266,100,OK,MAP_UPDATE,OK,VISUAL_INERTIAL
